Date,Shift,Machine,SKUCode,StartTime,EndTime,Qty,CycleTime_min,GT_Inventory,Remarks
2026-05-24,B,4405,CHANGEOVER,2026-05-24 20:33:00,2026-05-25 01:33:00,0,0.0,0,C/O from 1325119815106QBRQ0 to 1225121715115SSTL0
2026-05-25,C,4405,1225121715115SSTL0,2026-05-25 01:33:00,2026-05-25 07:00:00,20,30.0,0,LP Scheduled
2026-05-25,A,4405,1225121715115SSTL0,2026-05-25 07:00:00,2026-05-25 15:00:00,32,30.0,0,LP Scheduled
2026-05-25,B,4405,1225121715115SSTL0,2026-05-25 15:00:00,2026-05-25 23:00:00,32,30.0,0,LP Scheduled
2026-05-25,C,4405,1225121715115SSTL0,2026-05-25 23:00:00,2026-05-26 07:00:00,32,30.0,0,LP Scheduled
2026-05-26,A,4405,1225121715115SSTL0,2026-05-26 07:00:00,2026-05-26 15:00:00,32,30.0,0,LP Scheduled
2026-05-26,B,4405,1225121715115SSTL0,2026-05-26 15:00:00,2026-05-26 23:00:00,32,30.0,0,LP Scheduled
2026-05-26,C,4405,1225121715115SSTL0,2026-05-26 23:00:00,2026-05-27 07:00:00,32,30.0,0,LP Scheduled
2026-05-27,A,4405,1225121715115SSTL0,2026-05-27 07:00:00,2026-05-27 15:00:00,32,30.0,0,LP Scheduled
2026-05-27,B,4405,1225121715115SSTL0,2026-05-27 15:00:00,2026-05-27 23:00:00,32,30.0,0,LP Scheduled
2026-05-27,C,4405,1225121715115SSTL0,2026-05-27 23:00:00,2026-05-28 07:00:00,32,30.0,0,LP Scheduled
2026-05-28,A,4405,1225121715115SSTL0,2026-05-28 07:00:00,2026-05-28 15:00:00,32,30.0,0,LP Scheduled
2026-05-28,B,4405,1225121715115SSTL0,2026-05-28 15:00:00,2026-05-28 23:00:00,32,30.0,0,LP Scheduled
2026-05-28,C,4405,1225121715115SSTL0,2026-05-28 23:00:00,2026-05-29 07:00:00,32,30.0,0,LP Scheduled
2026-05-29,A,4405,1225121715115SSTL0,2026-05-29 07:00:00,2026-05-29 15:00:00,32,30.0,0,LP Scheduled
2026-05-29,B,4405,1225121715115SSTL0,2026-05-29 15:00:00,2026-05-29 23:00:00,32,30.0,0,LP Scheduled
2026-05-29,C,4405,1225121715115SSTL0,2026-05-29 23:00:00,2026-05-30 07:00:00,32,30.0,0,LP Scheduled
2026-05-30,A,4405,1225121715115SSTL0,2026-05-30 07:00:00,2026-05-30 15:00:00,32,30.0,0,LP Scheduled
2026-05-30,B,4405,1225121715115SSTL0,2026-05-30 15:00:00,2026-05-30 23:00:00,32,30.0,0,LP Scheduled
2026-05-30,C,4405,1225121715115SSTL0,2026-05-30 23:00:00,2026-05-31 07:00:00,32,30.0,0,LP Scheduled
2026-05-31,A,4405,1225121715115SSTL0,2026-05-31 07:00:00,2026-05-31 15:00:00,32,30.0,0,LP Scheduled
2026-05-31,B,4405,1225121715115SSTL0,2026-05-31 15:00:00,2026-05-31 23:00:00,32,30.0,0,LP Scheduled
2026-05-31,C,4405,1225121715115SSTL0,2026-05-31 23:00:00,2026-06-01 07:00:00,32,30.0,0,LP Scheduled
2026-06-01,A,4405,1225121715115SSTL0,2026-06-01 07:00:00,2026-06-01 15:00:00,32,30.0,0,LP Scheduled
2026-06-01,B,4405,1225121715115SSTL0,2026-06-01 15:00:00,2026-06-01 23:00:00,32,30.0,0,LP Scheduled
2026-06-01,C,4405,1225121715115SSTL0,2026-06-01 23:00:00,2026-06-02 07:00:00,32,30.0,0,LP Scheduled
2026-06-02,A,4405,1225121715115SSTL0,2026-06-02 07:00:00,2026-06-02 15:00:00,32,30.0,0,LP Scheduled
2026-06-02,B,4405,1225121715115SSTL0,2026-06-02 15:00:00,2026-06-02 23:00:00,32,30.0,0,LP Scheduled
2026-06-02,C,4405,1225121715115SSTL0,2026-06-02 23:00:00,2026-06-03 07:00:00,32,30.0,0,LP Scheduled
2026-06-03,A,4405,1225121715115SSTL0,2026-06-03 07:00:00,2026-06-03 15:00:00,32,30.0,0,LP Scheduled
2026-06-03,B,4405,1225121715115SSTL0,2026-06-03 15:00:00,2026-06-03 23:00:00,32,30.0,0,LP Scheduled
2026-06-03,C,4405,1225121715115SSTL0,2026-06-03 23:00:00,2026-06-04 07:00:00,32,30.0,0,LP Scheduled
2026-06-04,A,4405,1225121715115SSTL0,2026-06-04 07:00:00,2026-06-04 15:00:00,32,30.0,0,LP Scheduled
2026-06-04,B,4405,1225121715115SSTL0,2026-06-04 15:00:00,2026-06-04 23:00:00,32,30.0,0,LP Scheduled
2026-06-04,C,4405,1225121715115SSTL0,2026-06-04 23:00:00,2026-06-05 07:00:00,32,30.0,0,LP Scheduled
2026-06-05,A,4405,1225121715115SSTL0,2026-06-05 07:00:00,2026-06-05 15:00:00,32,30.0,0,LP Scheduled
2026-06-05,B,4405,1225121715115SSTL0,2026-06-05 15:00:00,2026-06-05 23:00:00,32,30.0,0,LP Scheduled
2026-06-05,C,4405,1225121715115SSTL0,2026-06-05 23:00:00,2026-06-06 07:00:00,32,30.0,0,LP Scheduled
2026-06-06,A,4405,1225121715115SSTL0,2026-06-06 07:00:00,2026-06-06 15:00:00,32,30.0,0,LP Scheduled
2026-06-06,B,4405,1225121715115SSTL0,2026-06-06 15:00:00,2026-06-06 23:00:00,32,30.0,0,LP Scheduled
2026-06-06,C,4405,1225121715115SSTL0,2026-06-06 23:00:00,2026-06-07 07:00:00,32,30.0,0,LP Scheduled
2026-06-07,A,4405,1225121715115SSTL0,2026-06-07 07:00:00,2026-06-07 09:33:00,12,30.0,0,LP Scheduled
2026-06-10,C,4407,CHANGEOVER,2026-06-10 05:01:00,2026-06-10 10:01:00,0,0.0,0,C/O from 1325119015008SRBT0 to 1225121715115SSTL0
2026-06-10,A,4407,1225121715115SSTL0,2026-06-10 10:01:00,2026-06-10 15:00:00,18,30.0,0,LP Scheduled
2026-06-10,B,4407,1225121715115SSTL0,2026-06-10 15:00:00,2026-06-10 23:00:00,32,30.0,0,LP Scheduled
2026-06-10,C,4407,1225121715115SSTL0,2026-06-10 23:00:00,2026-06-11 07:00:00,32,30.0,0,LP Scheduled
2026-06-11,A,4407,1225121715115SSTL0,2026-06-11 07:00:00,2026-06-11 15:00:00,32,30.0,0,LP Scheduled
2026-06-11,B,4407,1225121715115SSTL0,2026-06-11 15:00:00,2026-06-11 23:00:00,32,30.0,0,LP Scheduled
2026-06-11,C,4407,1225121715115SSTL0,2026-06-11 23:00:00,2026-06-12 07:00:00,32,30.0,0,LP Scheduled
2026-06-12,A,4407,1225121715115SSTL0,2026-06-12 07:00:00,2026-06-12 15:00:00,32,30.0,0,LP Scheduled
2026-06-12,B,4407,1225121715115SSTL0,2026-06-12 15:00:00,2026-06-12 23:00:00,32,30.0,0,LP Scheduled
2026-06-12,C,4407,1225121715115SSTL0,2026-06-12 23:00:00,2026-06-13 07:00:00,32,30.0,0,LP Scheduled
2026-06-13,A,4407,1225121715115SSTL0,2026-06-13 07:00:00,2026-06-13 15:00:00,32,30.0,0,LP Scheduled
2026-06-13,B,4407,1225121715115SSTL0,2026-06-13 15:00:00,2026-06-13 23:00:00,32,30.0,0,LP Scheduled
2026-06-13,C,4407,1225121715115SSTL0,2026-06-13 23:00:00,2026-06-14 07:00:00,32,30.0,0,LP Scheduled
2026-06-14,A,4407,1225121715115SSTL0,2026-06-14 07:00:00,2026-06-14 15:00:00,32,30.0,0,LP Scheduled
2026-06-14,B,4407,1225121715115SSTL0,2026-06-14 15:00:00,2026-06-14 23:00:00,32,30.0,0,LP Scheduled
2026-06-14,C,4407,1225121715115SSTL0,2026-06-14 23:00:00,2026-06-15 07:00:00,32,30.0,0,LP Scheduled
2026-06-15,A,4407,1225121715115SSTL0,2026-06-15 07:00:00,2026-06-15 15:00:00,32,30.0,0,LP Scheduled
2026-06-15,B,4407,1225121715115SSTL0,2026-06-15 15:00:00,2026-06-15 23:00:00,32,30.0,0,LP Scheduled
2026-06-15,C,4407,1225121715115SSTL0,2026-06-15 23:00:00,2026-06-16 07:00:00,32,30.0,0,LP Scheduled
2026-06-16,A,4407,1225121715115SSTL0,2026-06-16 07:00:00,2026-06-16 15:00:00,32,30.0,0,LP Scheduled
2026-06-16,B,4407,1225121715115SSTL0,2026-06-16 15:00:00,2026-06-16 23:00:00,32,30.0,0,LP Scheduled
2026-06-16,C,4407,1225121715115SSTL0,2026-06-16 23:00:00,2026-06-17 07:00:00,32,30.0,0,LP Scheduled
2026-06-17,A,4407,1225121715115SSTL0,2026-06-17 07:00:00,2026-06-17 15:00:00,32,30.0,0,LP Scheduled
2026-06-17,B,4407,1225121715115SSTL0,2026-06-17 15:00:00,2026-06-17 23:00:00,32,30.0,0,LP Scheduled
2026-06-17,C,4407,1225121715115SSTL0,2026-06-17 23:00:00,2026-06-18 07:00:00,32,30.0,0,LP Scheduled
2026-06-18,A,4407,1225121715115SSTL0,2026-06-18 07:00:00,2026-06-18 15:00:00,32,30.0,0,LP Scheduled
2026-06-18,B,4407,1225121715115SSTL0,2026-06-18 15:00:00,2026-06-18 23:00:00,32,30.0,0,LP Scheduled
2026-06-18,C,4407,1225121715115SSTL0,2026-06-18 23:00:00,2026-06-19 07:00:00,32,30.0,0,LP Scheduled
2026-06-19,A,4407,1225121715115SSTL0,2026-06-19 07:00:00,2026-06-19 15:00:00,32,30.0,0,LP Scheduled
2026-06-19,B,4407,1225121715115SSTL0,2026-06-19 15:00:00,2026-06-19 23:00:00,32,30.0,0,LP Scheduled
2026-06-19,C,4407,1225121715115SSTL0,2026-06-19 23:00:00,2026-06-20 07:00:00,32,30.0,0,LP Scheduled
2026-06-20,A,4407,1225121715115SSTL0,2026-06-20 07:00:00,2026-06-20 15:00:00,32,30.0,0,LP Scheduled
2026-06-20,B,4407,1225121715115SSTL0,2026-06-20 15:00:00,2026-06-20 23:00:00,32,30.0,0,LP Scheduled
2026-06-20,C,4407,1225121715115SSTL0,2026-06-20 23:00:00,2026-06-21 06:31:00,32,30.0,0,LP Scheduled
2026-05-22,C,4408,CHANGEOVER,2026-05-22 01:00:00,2026-05-22 06:00:00,0,0.0,0,C/O from 1D25214012006QXC10 to 1325214812074TUHL0
2026-05-22,C,4408,1325214812074TUHL0,2026-05-22 06:00:00,2026-05-22 07:00:00,8,15.0,0,LP Scheduled
2026-05-22,A,4408,1325214812074TUHL0,2026-05-22 07:00:00,2026-05-22 11:15:00,34,15.0,0,LP Scheduled
2026-05-23,B,4413,CHANGEOVER,2026-05-23 22:33:00,2026-05-24 03:33:00,0,0.0,0,C/O from 1225170015012LSTL0 to 1325218515088HURL1
2026-05-24,C,4413,1325218515088HURL1,2026-05-24 03:33:00,2026-05-24 07:00:00,24,17.0,0,LP Scheduled
2026-05-24,A,4413,1325218515088HURL1,2026-05-24 07:00:00,2026-05-24 15:00:00,56,17.0,0,LP Scheduled
2026-05-24,B,4413,1325218515088HURL1,2026-05-24 15:00:00,2026-05-24 23:00:00,56,17.0,0,LP Scheduled
2026-05-24,C,4413,1325218515088HURL1,2026-05-24 23:00:00,2026-05-25 07:00:00,56,17.0,0,LP Scheduled
2026-05-25,A,4413,1325218515088HURL1,2026-05-25 07:00:00,2026-05-25 15:00:00,56,17.0,0,LP Scheduled
2026-05-25,B,4413,1325218515088HURL1,2026-05-25 15:00:00,2026-05-25 23:00:00,56,17.0,0,LP Scheduled
2026-05-25,C,4413,1325218515088HURL1,2026-05-25 23:00:00,2026-05-26 07:00:00,56,17.0,0,LP Scheduled
2026-05-26,A,4413,1325218515088HURL1,2026-05-26 07:00:00,2026-05-26 15:00:00,56,17.0,0,LP Scheduled
2026-05-26,B,4413,1325218515088HURL1,2026-05-26 15:00:00,2026-05-26 23:00:00,56,17.0,0,LP Scheduled
2026-05-26,C,4413,1325218515088HURL1,2026-05-26 23:00:00,2026-05-27 07:00:00,56,17.0,0,LP Scheduled
2026-05-27,A,4413,1325218515088HURL1,2026-05-27 07:00:00,2026-05-27 15:00:00,56,17.0,0,LP Scheduled
2026-05-27,B,4413,1325218515088HURL1,2026-05-27 15:00:00,2026-05-27 23:00:00,56,17.0,0,LP Scheduled
2026-05-27,C,4413,1325218515088HURL1,2026-05-27 23:00:00,2026-05-28 07:00:00,56,17.0,0,LP Scheduled
2026-05-28,A,4413,1325218515088HURL1,2026-05-28 07:00:00,2026-05-28 15:00:00,56,17.0,0,LP Scheduled
2026-05-28,B,4413,1325218515088HURL1,2026-05-28 15:00:00,2026-05-28 23:00:00,56,17.0,0,LP Scheduled
2026-05-28,C,4413,1325218515088HURL1,2026-05-28 23:00:00,2026-05-29 07:00:00,56,17.0,0,LP Scheduled
2026-05-29,A,4413,1325218515088HURL1,2026-05-29 07:00:00,2026-05-29 15:00:00,56,17.0,0,LP Scheduled
2026-05-29,B,4413,1325218515088HURL1,2026-05-29 15:00:00,2026-05-29 23:00:00,56,17.0,0,LP Scheduled
2026-05-29,C,4413,1325218515088HURL1,2026-05-29 23:00:00,2026-05-30 07:00:00,56,17.0,0,LP Scheduled
2026-05-30,A,4413,1325218515088HURL1,2026-05-30 07:00:00,2026-05-30 15:00:00,56,17.0,0,LP Scheduled
2026-05-30,B,4413,1325218515088HURL1,2026-05-30 15:00:00,2026-05-30 23:00:00,56,17.0,0,LP Scheduled
2026-05-30,C,4413,1325218515088HURL1,2026-05-30 23:00:00,2026-05-31 07:00:00,56,17.0,0,LP Scheduled
2026-05-31,A,4413,1325218515088HURL1,2026-05-31 07:00:00,2026-05-31 15:00:00,56,17.0,0,LP Scheduled
2026-05-31,B,4413,1325218515088HURL1,2026-05-31 15:00:00,2026-05-31 23:00:00,56,17.0,0,LP Scheduled
2026-05-31,C,4413,1325218515088HURL1,2026-05-31 23:00:00,2026-06-01 07:00:00,56,17.0,0,LP Scheduled
2026-06-01,A,4413,1325218515088HURL1,2026-06-01 07:00:00,2026-06-01 15:00:00,56,17.0,0,LP Scheduled
2026-06-01,B,4413,1325218515088HURL1,2026-06-01 15:00:00,2026-06-01 23:00:00,56,17.0,0,LP Scheduled
2026-06-01,C,4413,1325218515088HURL1,2026-06-01 23:00:00,2026-06-02 07:00:00,56,17.0,0,LP Scheduled
2026-06-02,A,4413,1325218515088HURL1,2026-06-02 07:00:00,2026-06-02 15:00:00,56,17.0,0,LP Scheduled
2026-06-02,B,4413,1325218515088HURL1,2026-06-02 15:00:00,2026-06-02 23:00:00,56,17.0,0,LP Scheduled
2026-06-02,C,4413,1325218515088HURL1,2026-06-02 23:00:00,2026-06-03 07:00:00,56,17.0,0,LP Scheduled
2026-06-03,A,4413,1325218515088HURL1,2026-06-03 07:00:00,2026-06-03 15:00:00,56,17.0,0,LP Scheduled
2026-06-03,B,4413,1325218515088HURL1,2026-06-03 15:00:00,2026-06-03 23:00:00,56,17.0,0,LP Scheduled
2026-06-03,C,4413,1325218515088HURL1,2026-06-03 23:00:00,2026-06-04 07:00:00,56,17.0,0,LP Scheduled
2026-06-04,A,4413,1325218515088HURL1,2026-06-04 07:00:00,2026-06-04 15:00:00,56,17.0,0,LP Scheduled
2026-06-04,B,4413,1325218515088HURL1,2026-06-04 15:00:00,2026-06-04 23:00:00,56,17.0,0,LP Scheduled
2026-06-04,C,4413,1325218515088HURL1,2026-06-04 23:00:00,2026-06-05 07:00:00,56,17.0,0,LP Scheduled
2026-06-05,A,4413,1325218515088HURL1,2026-06-05 07:00:00,2026-06-05 15:00:00,56,17.0,0,LP Scheduled
2026-06-05,B,4413,1325218515088HURL1,2026-06-05 15:00:00,2026-06-05 23:00:00,56,17.0,0,LP Scheduled
2026-06-05,C,4413,1325218515088HURL1,2026-06-05 23:00:00,2026-06-06 07:00:00,56,17.0,0,LP Scheduled
2026-06-06,A,4413,1325218515088HURL1,2026-06-06 07:00:00,2026-06-06 15:00:00,56,17.0,0,LP Scheduled
2026-06-06,B,4413,1325218515088HURL1,2026-06-06 15:00:00,2026-06-06 23:00:00,56,17.0,0,LP Scheduled
2026-06-06,C,4413,1325218515088HURL1,2026-06-06 23:00:00,2026-06-07 07:00:00,56,17.0,0,LP Scheduled
2026-06-07,A,4413,1325218515088HURL1,2026-06-07 07:00:00,2026-06-07 15:00:00,56,17.0,0,LP Scheduled
2026-06-07,B,4413,1325218515088HURL1,2026-06-07 15:00:00,2026-06-07 23:00:00,56,17.0,0,LP Scheduled
2026-06-07,C,4413,1325218515088HURL1,2026-06-07 23:00:00,2026-06-08 07:00:00,56,17.0,0,LP Scheduled
2026-06-08,A,4413,1325218515088HURL1,2026-06-08 07:00:00,2026-06-08 15:00:00,56,17.0,0,LP Scheduled
2026-06-08,B,4413,1325218515088HURL1,2026-06-08 15:00:00,2026-06-08 23:00:00,56,17.0,0,LP Scheduled
2026-06-08,C,4413,1325218515088HURL1,2026-06-08 23:00:00,2026-06-09 07:00:00,56,17.0,0,LP Scheduled
2026-06-09,A,4413,1325218515088HURL1,2026-06-09 07:00:00,2026-06-09 15:00:00,56,17.0,0,LP Scheduled
2026-06-09,B,4413,1325218515088HURL1,2026-06-09 15:00:00,2026-06-09 23:00:00,56,17.0,0,LP Scheduled
2026-06-09,C,4413,1325218515088HURL1,2026-06-09 23:00:00,2026-06-10 07:00:00,56,17.0,0,LP Scheduled
2026-06-10,A,4413,1325218515088HURL1,2026-06-10 07:00:00,2026-06-10 15:00:00,56,17.0,0,LP Scheduled
2026-06-10,B,4413,1325218515088HURL1,2026-06-10 15:00:00,2026-06-10 23:00:00,56,17.0,0,LP Scheduled
2026-06-10,C,4413,1325218515088HURL1,2026-06-10 23:00:00,2026-06-11 07:00:00,56,17.0,0,LP Scheduled
2026-06-11,A,4413,1325218515088HURL1,2026-06-11 07:00:00,2026-06-11 15:00:00,56,17.0,0,LP Scheduled
2026-06-11,B,4413,1325218515088HURL1,2026-06-11 15:00:00,2026-06-11 23:00:00,56,17.0,0,LP Scheduled
2026-06-11,C,4413,1325218515088HURL1,2026-06-11 23:00:00,2026-06-12 07:00:00,56,17.0,0,LP Scheduled
2026-06-12,A,4413,1325218515088HURL1,2026-06-12 07:00:00,2026-06-12 15:00:00,56,17.0,0,LP Scheduled
2026-06-12,B,4413,1325218515088HURL1,2026-06-12 15:00:00,2026-06-12 23:00:00,56,17.0,0,LP Scheduled
2026-06-12,C,4413,1325218515088HURL1,2026-06-12 23:00:00,2026-06-13 07:00:00,56,17.0,0,LP Scheduled
2026-06-13,A,4413,1325218515088HURL1,2026-06-13 07:00:00,2026-06-13 15:00:00,56,17.0,0,LP Scheduled
2026-06-13,B,4413,1325218515088HURL1,2026-06-13 15:00:00,2026-06-13 23:00:00,56,17.0,0,LP Scheduled
2026-06-13,C,4413,1325218515088HURL1,2026-06-13 23:00:00,2026-06-14 07:00:00,56,17.0,0,LP Scheduled
2026-06-14,A,4413,1325218515088HURL1,2026-06-14 07:00:00,2026-06-14 15:00:00,56,17.0,0,LP Scheduled
2026-06-14,B,4413,1325218515088HURL1,2026-06-14 15:00:00,2026-06-14 23:00:00,56,17.0,0,LP Scheduled
2026-06-14,C,4413,1325218515088HURL1,2026-06-14 23:00:00,2026-06-15 07:00:00,56,17.0,0,LP Scheduled
2026-06-15,A,4413,1325218515088HURL1,2026-06-15 07:00:00,2026-06-15 15:00:00,56,17.0,0,LP Scheduled
2026-06-15,B,4413,1325218515088HURL1,2026-06-15 15:00:00,2026-06-15 23:00:00,56,17.0,0,LP Scheduled
2026-06-15,C,4413,1325218515088HURL1,2026-06-15 23:00:00,2026-06-16 07:00:00,56,17.0,0,LP Scheduled
2026-06-16,A,4413,1325218515088HURL1,2026-06-16 07:00:00,2026-06-16 15:00:00,56,17.0,0,LP Scheduled
2026-06-16,B,4413,1325218515088HURL1,2026-06-16 15:00:00,2026-06-16 23:00:00,56,17.0,0,LP Scheduled
2026-06-16,C,4413,1325218515088HURL1,2026-06-16 23:00:00,2026-06-17 07:00:00,56,17.0,0,LP Scheduled
2026-06-17,A,4413,1325218515088HURL1,2026-06-17 07:00:00,2026-06-17 15:00:00,56,17.0,0,LP Scheduled
2026-06-17,B,4413,1325218515088HURL1,2026-06-17 15:00:00,2026-06-17 23:00:00,56,17.0,0,LP Scheduled
2026-06-17,C,4413,1325218515088HURL1,2026-06-17 23:00:00,2026-06-18 07:00:00,56,17.0,0,LP Scheduled
2026-06-18,A,4413,1325218515088HURL1,2026-06-18 07:00:00,2026-06-18 15:00:00,56,17.0,0,LP Scheduled
2026-06-18,B,4413,1325218515088HURL1,2026-06-18 15:00:00,2026-06-18 23:00:00,56,17.0,0,LP Scheduled
2026-06-18,C,4413,1325218515088HURL1,2026-06-18 23:00:00,2026-06-19 07:00:00,56,17.0,0,LP Scheduled
2026-06-19,A,4413,1325218515088HURL1,2026-06-19 07:00:00,2026-06-19 15:00:00,56,17.0,0,LP Scheduled
2026-06-19,B,4413,1325218515088HURL1,2026-06-19 15:00:00,2026-06-19 23:00:00,56,17.0,0,LP Scheduled
2026-06-19,C,4413,1325218515088HURL1,2026-06-19 23:00:00,2026-06-20 07:00:00,56,17.0,0,LP Scheduled
2026-06-20,A,4413,1325218515088HURL1,2026-06-20 07:00:00,2026-06-20 15:00:00,56,17.0,0,LP Scheduled
2026-06-20,B,4413,1325218515088HURL1,2026-06-20 15:00:00,2026-06-20 15:26:00,42,17.0,0,LP Scheduled
2026-06-20,B,4413,CHANGEOVER,2026-06-20 15:26:00,2026-06-20 20:26:00,0,0.0,0,C/O from 1325218515088HURL1 to 1225222716121MXC11
2026-06-20,B,4413,1225222716121MXC11,2026-06-20 20:26:00,2026-06-20 23:00:00,8,34.0,0,LP Scheduled
2026-06-20,C,4413,1225222716121MXC11,2026-06-20 23:00:00,2026-06-21 06:38:00,28,34.0,0,LP Scheduled
2026-06-01,A,4415,CHANGEOVER,2026-06-01 10:11:00,2026-06-01 15:11:00,0,0.0,0,C/O from 1D25213812090FXPC0 to 1325214812074TUHL0
2026-06-01,B,4415,1325214812074TUHL0,2026-06-01 15:11:00,2026-06-01 23:00:00,62,15.0,0,LP Scheduled
2026-06-01,C,4415,1325214812074TUHL0,2026-06-01 23:00:00,2026-06-02 07:00:00,64,15.0,0,LP Scheduled
2026-06-02,A,4415,1325214812074TUHL0,2026-06-02 07:00:00,2026-06-02 15:00:00,64,15.0,0,LP Scheduled
2026-06-02,B,4415,1325214812074TUHL0,2026-06-02 15:00:00,2026-06-02 23:00:00,64,15.0,0,LP Scheduled
2026-06-02,C,4415,1325214812074TUHL0,2026-06-02 23:00:00,2026-06-03 07:00:00,64,15.0,0,LP Scheduled
2026-06-03,A,4415,1325214812074TUHL0,2026-06-03 07:00:00,2026-06-03 15:00:00,64,15.0,0,LP Scheduled
2026-06-03,B,4415,1325214812074TUHL0,2026-06-03 15:00:00,2026-06-03 23:00:00,64,15.0,0,LP Scheduled
2026-06-03,C,4415,1325214812074TUHL0,2026-06-03 23:00:00,2026-06-04 07:00:00,64,15.0,0,LP Scheduled
2026-06-04,A,4415,1325214812074TUHL0,2026-06-04 07:00:00,2026-06-04 15:00:00,64,15.0,0,LP Scheduled
2026-06-04,B,4415,1325214812074TUHL0,2026-06-04 15:00:00,2026-06-04 23:00:00,64,15.0,0,LP Scheduled
2026-06-04,C,4415,1325214812074TUHL0,2026-06-04 23:00:00,2026-06-05 07:00:00,64,15.0,0,LP Scheduled
2026-06-05,A,4415,1325214812074TUHL0,2026-06-05 07:00:00,2026-06-05 15:00:00,64,15.0,0,LP Scheduled
2026-06-05,B,4415,1325214812074TUHL0,2026-06-05 15:00:00,2026-06-05 23:00:00,64,15.0,0,LP Scheduled
2026-06-05,C,4415,1325214812074TUHL0,2026-06-05 23:00:00,2026-06-06 07:00:00,64,15.0,0,LP Scheduled
2026-06-06,A,4415,1325214812074TUHL0,2026-06-06 07:00:00,2026-06-06 15:00:00,64,15.0,0,LP Scheduled
2026-06-06,B,4415,1325214812074TUHL0,2026-06-06 15:00:00,2026-06-06 23:00:00,64,15.0,0,LP Scheduled
2026-06-06,C,4415,1325214812074TUHL0,2026-06-06 23:00:00,2026-06-07 07:00:00,64,15.0,0,LP Scheduled
2026-06-07,A,4415,1325214812074TUHL0,2026-06-07 07:00:00,2026-06-07 15:00:00,64,15.0,0,LP Scheduled
2026-06-07,B,4415,1325214812074TUHL0,2026-06-07 15:00:00,2026-06-07 23:00:00,64,15.0,0,LP Scheduled
2026-06-07,C,4415,1325214812074TUHL0,2026-06-07 23:00:00,2026-06-08 07:00:00,64,15.0,0,LP Scheduled
2026-06-08,A,4415,1325214812074TUHL0,2026-06-08 07:00:00,2026-06-08 15:00:00,64,15.0,0,LP Scheduled
2026-06-08,B,4415,1325214812074TUHL0,2026-06-08 15:00:00,2026-06-08 23:00:00,64,15.0,0,LP Scheduled
2026-06-08,C,4415,1325214812074TUHL0,2026-06-08 23:00:00,2026-06-09 07:00:00,64,15.0,0,LP Scheduled
2026-06-09,A,4415,1325214812074TUHL0,2026-06-09 07:00:00,2026-06-09 15:00:00,64,15.0,0,LP Scheduled
2026-06-09,B,4415,1325214812074TUHL0,2026-06-09 15:00:00,2026-06-09 23:00:00,64,15.0,0,LP Scheduled
2026-06-09,C,4415,1325214812074TUHL0,2026-06-09 23:00:00,2026-06-10 07:00:00,64,15.0,0,LP Scheduled
2026-06-10,A,4415,1325214812074TUHL0,2026-06-10 07:00:00,2026-06-10 15:00:00,64,15.0,0,LP Scheduled
2026-06-10,B,4415,1325214812074TUHL0,2026-06-10 15:00:00,2026-06-10 23:00:00,64,15.0,0,LP Scheduled
2026-06-10,C,4415,1325214812074TUHL0,2026-06-10 23:00:00,2026-06-11 07:00:00,64,15.0,0,LP Scheduled
2026-06-11,A,4415,1325214812074TUHL0,2026-06-11 07:00:00,2026-06-11 15:00:00,64,15.0,0,LP Scheduled
2026-06-11,B,4415,1325214812074TUHL0,2026-06-11 15:00:00,2026-06-11 23:00:00,64,15.0,0,LP Scheduled
2026-06-11,C,4415,1325214812074TUHL0,2026-06-11 23:00:00,2026-06-12 07:00:00,64,15.0,0,LP Scheduled
2026-06-12,A,4415,1325214812074TUHL0,2026-06-12 07:00:00,2026-06-12 15:00:00,64,15.0,0,LP Scheduled
2026-06-12,B,4415,1325214812074TUHL0,2026-06-12 15:00:00,2026-06-12 23:00:00,64,15.0,0,LP Scheduled
2026-06-12,C,4415,1325214812074TUHL0,2026-06-12 23:00:00,2026-06-13 07:00:00,64,15.0,0,LP Scheduled
2026-06-13,A,4415,1325214812074TUHL0,2026-06-13 07:00:00,2026-06-13 15:00:00,64,15.0,0,LP Scheduled
2026-06-13,B,4415,1325214812074TUHL0,2026-06-13 15:00:00,2026-06-13 23:00:00,64,15.0,0,LP Scheduled
2026-06-13,C,4415,1325214812074TUHL0,2026-06-13 23:00:00,2026-06-14 07:00:00,64,15.0,0,LP Scheduled
2026-06-14,A,4415,1325214812074TUHL0,2026-06-14 07:00:00,2026-06-14 15:00:00,64,15.0,0,LP Scheduled
2026-06-14,B,4415,1325214812074TUHL0,2026-06-14 15:00:00,2026-06-14 23:00:00,64,15.0,0,LP Scheduled
2026-06-14,C,4415,1325214812074TUHL0,2026-06-14 23:00:00,2026-06-15 07:00:00,64,15.0,0,LP Scheduled
2026-06-15,A,4415,1325214812074TUHL0,2026-06-15 07:00:00,2026-06-15 15:00:00,64,15.0,0,LP Scheduled
2026-06-15,B,4415,1325214812074TUHL0,2026-06-15 15:00:00,2026-06-15 23:00:00,64,15.0,0,LP Scheduled
2026-06-15,C,4415,1325214812074TUHL0,2026-06-15 23:00:00,2026-06-16 07:00:00,64,15.0,0,LP Scheduled
2026-06-16,A,4415,1325214812074TUHL0,2026-06-16 07:00:00,2026-06-16 15:00:00,64,15.0,0,LP Scheduled
2026-06-16,B,4415,1325214812074TUHL0,2026-06-16 15:00:00,2026-06-16 23:00:00,64,15.0,0,LP Scheduled
2026-06-16,C,4415,1325214812074TUHL0,2026-06-16 23:00:00,2026-06-17 07:00:00,64,15.0,0,LP Scheduled
2026-06-17,A,4415,1325214812074TUHL0,2026-06-17 07:00:00,2026-06-17 15:00:00,64,15.0,0,LP Scheduled
2026-06-17,B,4415,1325214812074TUHL0,2026-06-17 15:00:00,2026-06-17 23:00:00,64,15.0,0,LP Scheduled
2026-06-17,C,4415,1325214812074TUHL0,2026-06-17 23:00:00,2026-06-18 07:00:00,64,15.0,0,LP Scheduled
2026-06-18,A,4415,1325214812074TUHL0,2026-06-18 07:00:00,2026-06-18 15:00:00,64,15.0,0,LP Scheduled
2026-06-18,B,4415,1325214812074TUHL0,2026-06-18 15:00:00,2026-06-18 23:00:00,64,15.0,0,LP Scheduled
2026-06-18,C,4415,1325214812074TUHL0,2026-06-18 23:00:00,2026-06-19 07:00:00,64,15.0,0,LP Scheduled
2026-06-19,A,4415,1325214812074TUHL0,2026-06-19 07:00:00,2026-06-19 15:00:00,64,15.0,0,LP Scheduled
2026-06-19,B,4415,1325214812074TUHL0,2026-06-19 15:00:00,2026-06-19 23:00:00,64,15.0,0,LP Scheduled
2026-06-19,C,4415,1325214812074TUHL0,2026-06-19 23:00:00,2026-06-20 07:00:00,64,15.0,0,LP Scheduled
2026-06-20,A,4415,1325214812074TUHL0,2026-06-20 07:00:00,2026-06-20 15:00:00,64,15.0,0,LP Scheduled
2026-06-20,B,4415,1325214812074TUHL0,2026-06-20 15:00:00,2026-06-20 23:00:00,64,15.0,0,LP Scheduled
2026-06-20,C,4415,1325214812074TUHL0,2026-06-20 23:00:00,2026-06-21 06:56:00,64,15.0,0,LP Scheduled
2026-06-06,A,4416,CHANGEOVER,2026-06-06 14:38:00,2026-06-06 19:38:00,0,0.0,0,C/O from 1225119015010QSTL0 to 1225222615008RXC10
2026-06-06,B,4416,1225222615008RXC10,2026-06-06 19:38:00,2026-06-06 23:00:00,14,27.0,0,LP Scheduled
2026-06-06,C,4416,1225222615008RXC10,2026-06-06 23:00:00,2026-06-07 07:00:00,34,27.0,0,LP Scheduled
2026-06-07,A,4416,1225222615008RXC10,2026-06-07 07:00:00,2026-06-07 15:00:00,34,27.0,0,LP Scheduled
2026-06-07,B,4416,1225222615008RXC10,2026-06-07 15:00:00,2026-06-07 16:20:00,10,27.0,0,LP Scheduled
2026-06-07,B,4416,CHANGEOVER,2026-06-07 16:20:00,2026-06-07 21:20:00,0,0.0,0,C/O from 1225222615008RXC10 to 1325217613082TUNE0
2026-06-07,B,4416,1325217613082TUNE0,2026-06-07 21:20:00,2026-06-07 23:00:00,12,15.0,86,LP Scheduled
2026-06-07,C,4416,1325217613082TUNE0,2026-06-07 23:00:00,2026-06-08 07:00:00,64,15.0,86,LP Scheduled
2026-06-08,A,4416,1325217613082TUNE0,2026-06-08 07:00:00,2026-06-08 15:00:00,64,15.0,86,LP Scheduled
2026-06-08,B,4416,1325217613082TUNE0,2026-06-08 15:00:00,2026-06-08 23:00:00,64,15.0,86,LP Scheduled
2026-06-08,C,4416,1325217613082TUNE0,2026-06-08 23:00:00,2026-06-09 07:00:00,64,15.0,86,LP Scheduled
2026-06-09,A,4416,1325217613082TUNE0,2026-06-09 07:00:00,2026-06-09 15:00:00,64,15.0,86,LP Scheduled
2026-06-09,B,4416,1325217613082TUNE0,2026-06-09 15:00:00,2026-06-09 23:00:00,64,15.0,86,LP Scheduled
2026-06-09,C,4416,1325217613082TUNE0,2026-06-09 23:00:00,2026-06-10 07:00:00,64,15.0,86,LP Scheduled
2026-06-10,A,4416,1325217613082TUNE0,2026-06-10 07:00:00,2026-06-10 15:00:00,64,15.0,86,LP Scheduled
2026-06-10,B,4416,1325217613082TUNE0,2026-06-10 15:00:00,2026-06-10 23:00:00,64,15.0,86,LP Scheduled
2026-06-10,C,4416,1325217613082TUNE0,2026-06-10 23:00:00,2026-06-11 07:00:00,64,15.0,86,LP Scheduled
2026-06-11,A,4416,1325217613082TUNE0,2026-06-11 07:00:00,2026-06-11 15:00:00,64,15.0,86,LP Scheduled
2026-06-11,B,4416,1325217613082TUNE0,2026-06-11 15:00:00,2026-06-11 23:00:00,64,15.0,86,LP Scheduled
2026-06-11,C,4416,1325217613082TUNE0,2026-06-11 23:00:00,2026-06-12 07:00:00,64,15.0,86,LP Scheduled
2026-06-12,A,4416,1325217613082TUNE0,2026-06-12 07:00:00,2026-06-12 15:00:00,64,15.0,86,LP Scheduled
2026-06-12,B,4416,1325217613082TUNE0,2026-06-12 15:00:00,2026-06-12 23:00:00,64,15.0,86,LP Scheduled
2026-06-12,C,4416,1325217613082TUNE0,2026-06-12 23:00:00,2026-06-13 07:00:00,64,15.0,86,LP Scheduled
2026-06-13,A,4416,1325217613082TUNE0,2026-06-13 07:00:00,2026-06-13 15:00:00,64,15.0,86,LP Scheduled
2026-06-13,B,4416,1325217613082TUNE0,2026-06-13 15:00:00,2026-06-13 23:00:00,64,15.0,86,LP Scheduled
2026-06-13,C,4416,1325217613082TUNE0,2026-06-13 23:00:00,2026-06-14 07:00:00,64,15.0,86,LP Scheduled
2026-06-14,A,4416,1325217613082TUNE0,2026-06-14 07:00:00,2026-06-14 15:00:00,64,15.0,86,LP Scheduled
2026-06-14,B,4416,1325217613082TUNE0,2026-06-14 15:00:00,2026-06-14 23:00:00,64,15.0,86,LP Scheduled
2026-06-14,C,4416,1325217613082TUNE0,2026-06-14 23:00:00,2026-06-15 07:00:00,64,15.0,86,LP Scheduled
2026-06-15,A,4416,1325217613082TUNE0,2026-06-15 07:00:00,2026-06-15 15:00:00,64,15.0,86,LP Scheduled
2026-06-15,B,4416,1325217613082TUNE0,2026-06-15 15:00:00,2026-06-15 23:00:00,64,15.0,86,LP Scheduled
2026-06-15,C,4416,1325217613082TUNE0,2026-06-15 23:00:00,2026-06-16 07:00:00,64,15.0,86,LP Scheduled
2026-06-16,A,4416,1325217613082TUNE0,2026-06-16 07:00:00,2026-06-16 15:00:00,64,15.0,86,LP Scheduled
2026-06-16,B,4416,1325217613082TUNE0,2026-06-16 15:00:00,2026-06-16 23:00:00,64,15.0,86,LP Scheduled
2026-06-16,C,4416,1325217613082TUNE0,2026-06-16 23:00:00,2026-06-17 07:00:00,64,15.0,86,LP Scheduled
2026-06-17,A,4416,1325217613082TUNE0,2026-06-17 07:00:00,2026-06-17 15:00:00,64,15.0,86,LP Scheduled
2026-06-17,B,4416,1325217613082TUNE0,2026-06-17 15:00:00,2026-06-17 23:00:00,64,15.0,86,LP Scheduled
2026-06-17,C,4416,1325217613082TUNE0,2026-06-17 23:00:00,2026-06-18 07:00:00,64,15.0,86,LP Scheduled
2026-06-18,A,4416,1325217613082TUNE0,2026-06-18 07:00:00,2026-06-18 15:00:00,64,15.0,86,LP Scheduled
2026-06-18,B,4416,1325217613082TUNE0,2026-06-18 15:00:00,2026-06-18 23:00:00,64,15.0,86,LP Scheduled
2026-06-18,C,4416,1325217613082TUNE0,2026-06-18 23:00:00,2026-06-19 07:00:00,64,15.0,86,LP Scheduled
2026-06-19,A,4416,1325217613082TUNE0,2026-06-19 07:00:00,2026-06-19 15:00:00,64,15.0,86,LP Scheduled
2026-06-19,B,4416,1325217613082TUNE0,2026-06-19 15:00:00,2026-06-19 23:00:00,64,15.0,86,LP Scheduled
2026-06-19,C,4416,1325217613082TUNE0,2026-06-19 23:00:00,2026-06-20 07:00:00,64,15.0,86,LP Scheduled
2026-06-20,A,4416,1325217613082TUNE0,2026-06-20 07:00:00,2026-06-20 15:00:00,64,15.0,86,LP Scheduled
2026-06-20,B,4416,1325217613082TUNE0,2026-06-20 15:00:00,2026-06-20 23:00:00,64,15.0,86,LP Scheduled
2026-06-20,C,4416,1325217613082TUNE0,2026-06-20 23:00:00,2026-06-21 06:50:00,64,15.0,86,LP Scheduled
2026-05-23,A,4801,CHANGEOVER,2026-05-23 09:52:00,2026-05-23 14:52:00,0,0.0,0,C/O from 1425118916008QRBT0 to 1225121Z14112LSTL0
2026-05-23,A,4801,1225121Z14112LSTL0,2026-05-23 14:52:00,2026-05-23 15:00:00,0,33.0,0,LP Scheduled
2026-05-23,B,4801,1225121Z14112LSTL0,2026-05-23 15:00:00,2026-05-23 23:00:00,28,33.0,0,LP Scheduled
2026-05-23,C,4801,1225121Z14112LSTL0,2026-05-23 23:00:00,2026-05-24 07:00:00,28,33.0,0,LP Scheduled
2026-05-24,A,4801,1225121Z14112LSTL0,2026-05-24 07:00:00,2026-05-24 15:00:00,28,33.0,0,LP Scheduled
2026-05-24,B,4801,1225121Z14112LSTL0,2026-05-24 15:00:00,2026-05-24 23:00:00,28,33.0,0,LP Scheduled
2026-05-24,C,4801,1225121Z14112LSTL0,2026-05-24 23:00:00,2026-05-25 07:00:00,28,33.0,0,LP Scheduled
2026-05-25,A,4801,1225121Z14112LSTL0,2026-05-25 07:00:00,2026-05-25 15:00:00,28,33.0,0,LP Scheduled
2026-05-25,B,4801,1225121Z14112LSTL0,2026-05-25 15:00:00,2026-05-25 23:00:00,28,33.0,0,LP Scheduled
2026-05-25,C,4801,1225121Z14112LSTL0,2026-05-25 23:00:00,2026-05-26 07:00:00,28,33.0,0,LP Scheduled
2026-05-26,A,4801,1225121Z14112LSTL0,2026-05-26 07:00:00,2026-05-26 15:00:00,28,33.0,0,LP Scheduled
2026-05-26,B,4801,1225121Z14112LSTL0,2026-05-26 15:00:00,2026-05-26 23:00:00,28,33.0,0,LP Scheduled
2026-05-26,C,4801,1225121Z14112LSTL0,2026-05-26 23:00:00,2026-05-27 07:00:00,28,33.0,0,LP Scheduled
2026-05-27,A,4801,1225121Z14112LSTL0,2026-05-27 07:00:00,2026-05-27 15:00:00,28,33.0,0,LP Scheduled
2026-05-27,B,4801,1225121Z14112LSTL0,2026-05-27 15:00:00,2026-05-27 23:00:00,28,33.0,0,LP Scheduled
2026-05-27,C,4801,1225121Z14112LSTL0,2026-05-27 23:00:00,2026-05-28 07:00:00,28,33.0,0,LP Scheduled
2026-05-28,A,4801,1225121Z14112LSTL0,2026-05-28 07:00:00,2026-05-28 15:00:00,28,33.0,0,LP Scheduled
2026-05-28,B,4801,1225121Z14112LSTL0,2026-05-28 15:00:00,2026-05-28 23:00:00,28,33.0,0,LP Scheduled
2026-05-28,C,4801,1225121Z14112LSTL0,2026-05-28 23:00:00,2026-05-29 07:00:00,28,33.0,0,LP Scheduled
2026-05-29,A,4801,1225121Z14112LSTL0,2026-05-29 07:00:00,2026-05-29 15:00:00,28,33.0,0,LP Scheduled
2026-05-29,B,4801,1225121Z14112LSTL0,2026-05-29 15:00:00,2026-05-29 23:00:00,28,33.0,0,LP Scheduled
2026-05-29,C,4801,1225121Z14112LSTL0,2026-05-29 23:00:00,2026-05-30 07:00:00,28,33.0,0,LP Scheduled
2026-05-30,A,4801,1225121Z14112LSTL0,2026-05-30 07:00:00,2026-05-30 15:00:00,28,33.0,0,LP Scheduled
2026-05-30,B,4801,1225121Z14112LSTL0,2026-05-30 15:00:00,2026-05-30 23:00:00,28,33.0,0,LP Scheduled
2026-05-30,C,4801,1225121Z14112LSTL0,2026-05-30 23:00:00,2026-05-31 07:00:00,28,33.0,0,LP Scheduled
2026-05-31,A,4801,1225121Z14112LSTL0,2026-05-31 07:00:00,2026-05-31 15:00:00,28,33.0,0,LP Scheduled
2026-05-31,B,4801,1225121Z14112LSTL0,2026-05-31 15:00:00,2026-05-31 23:00:00,28,33.0,0,LP Scheduled
2026-05-31,C,4801,1225121Z14112LSTL0,2026-05-31 23:00:00,2026-06-01 07:00:00,28,33.0,0,LP Scheduled
2026-06-01,A,4801,1225121Z14112LSTL0,2026-06-01 07:00:00,2026-06-01 15:00:00,28,33.0,0,LP Scheduled
2026-06-01,B,4801,1225121Z14112LSTL0,2026-06-01 15:00:00,2026-06-01 23:00:00,28,33.0,0,LP Scheduled
2026-06-01,C,4801,1225121Z14112LSTL0,2026-06-01 23:00:00,2026-06-02 07:00:00,28,33.0,0,LP Scheduled
2026-06-02,A,4801,1225121Z14112LSTL0,2026-06-02 07:00:00,2026-06-02 15:00:00,28,33.0,0,LP Scheduled
2026-06-02,B,4801,1225121Z14112LSTL0,2026-06-02 15:00:00,2026-06-02 23:00:00,28,33.0,0,LP Scheduled
2026-06-02,C,4801,1225121Z14112LSTL0,2026-06-02 23:00:00,2026-06-03 07:00:00,28,33.0,0,LP Scheduled
2026-06-03,A,4801,1225121Z14112LSTL0,2026-06-03 07:00:00,2026-06-03 15:00:00,28,33.0,0,LP Scheduled
2026-06-03,B,4801,1225121Z14112LSTL0,2026-06-03 15:00:00,2026-06-03 23:00:00,28,33.0,0,LP Scheduled
2026-06-03,C,4801,1225121Z14112LSTL0,2026-06-03 23:00:00,2026-06-04 07:00:00,28,33.0,0,LP Scheduled
2026-06-04,A,4801,1225121Z14112LSTL0,2026-06-04 07:00:00,2026-06-04 15:00:00,28,33.0,0,LP Scheduled
2026-06-04,B,4801,1225121Z14112LSTL0,2026-06-04 15:00:00,2026-06-04 23:00:00,28,33.0,0,LP Scheduled
2026-06-04,C,4801,1225121Z14112LSTL0,2026-06-04 23:00:00,2026-06-05 07:00:00,28,33.0,0,LP Scheduled
2026-06-05,A,4801,1225121Z14112LSTL0,2026-06-05 07:00:00,2026-06-05 15:00:00,28,33.0,0,LP Scheduled
2026-06-05,B,4801,1225121Z14112LSTL0,2026-06-05 15:00:00,2026-06-05 23:00:00,28,33.0,0,LP Scheduled
2026-06-05,C,4801,1225121Z14112LSTL0,2026-06-05 23:00:00,2026-06-06 07:00:00,28,33.0,0,LP Scheduled
2026-06-06,A,4801,1225121Z14112LSTL0,2026-06-06 07:00:00,2026-06-06 15:00:00,28,33.0,0,LP Scheduled
2026-06-06,B,4801,1225121Z14112LSTL0,2026-06-06 15:00:00,2026-06-06 23:00:00,28,33.0,0,LP Scheduled
2026-06-06,C,4801,1225121Z14112LSTL0,2026-06-06 23:00:00,2026-06-07 07:00:00,28,33.0,0,LP Scheduled
2026-06-07,A,4801,1225121Z14112LSTL0,2026-06-07 07:00:00,2026-06-07 15:00:00,28,33.0,0,LP Scheduled
2026-06-07,B,4801,1225121Z14112LSTL0,2026-06-07 15:00:00,2026-06-07 23:00:00,28,33.0,0,LP Scheduled
2026-06-07,C,4801,1225121Z14112LSTL0,2026-06-07 23:00:00,2026-06-08 07:00:00,28,33.0,0,LP Scheduled
2026-06-08,A,4801,1225121Z14112LSTL0,2026-06-08 07:00:00,2026-06-08 15:00:00,28,33.0,0,LP Scheduled
2026-06-08,B,4801,1225121Z14112LSTL0,2026-06-08 15:00:00,2026-06-08 23:00:00,28,33.0,0,LP Scheduled
2026-06-08,C,4801,1225121Z14112LSTL0,2026-06-08 23:00:00,2026-06-09 07:00:00,28,33.0,0,LP Scheduled
2026-06-09,A,4801,1225121Z14112LSTL0,2026-06-09 07:00:00,2026-06-09 15:00:00,28,33.0,0,LP Scheduled
2026-06-09,B,4801,1225121Z14112LSTL0,2026-06-09 15:00:00,2026-06-09 23:00:00,28,33.0,0,LP Scheduled
2026-06-09,C,4801,1225121Z14112LSTL0,2026-06-09 23:00:00,2026-06-10 07:00:00,28,33.0,0,LP Scheduled
2026-06-10,A,4801,1225121Z14112LSTL0,2026-06-10 07:00:00,2026-06-10 15:00:00,28,33.0,0,LP Scheduled
2026-06-10,B,4801,1225121Z14112LSTL0,2026-06-10 15:00:00,2026-06-10 21:46:00,84,33.0,0,LP Scheduled
2026-05-23,A,4904,CHANGEOVER,2026-05-23 09:52:00,2026-05-23 14:52:00,0,0.0,0,C/O from 1425118916008QRBT0 to 1325123715105SBRT0
2026-05-23,A,4904,1325123715105SBRT0,2026-05-23 14:52:00,2026-05-23 15:00:00,0,21.0,0,LP Scheduled
2026-05-23,B,4904,1325123715105SBRT0,2026-05-23 15:00:00,2026-05-23 23:00:00,44,21.0,0,LP Scheduled
2026-05-23,C,4904,1325123715105SBRT0,2026-05-23 23:00:00,2026-05-24 07:00:00,44,21.0,0,LP Scheduled
2026-05-24,A,4904,1325123715105SBRT0,2026-05-24 07:00:00,2026-05-24 15:00:00,44,21.0,0,LP Scheduled
2026-05-24,B,4904,1325123715105SBRT0,2026-05-24 15:00:00,2026-05-24 23:00:00,44,21.0,0,LP Scheduled
2026-05-24,C,4904,1325123715105SBRT0,2026-05-24 23:00:00,2026-05-25 07:00:00,44,21.0,0,LP Scheduled
2026-05-25,A,4904,1325123715105SBRT0,2026-05-25 07:00:00,2026-05-25 15:00:00,44,21.0,0,LP Scheduled
2026-05-25,B,4904,1325123715105SBRT0,2026-05-25 15:00:00,2026-05-25 23:00:00,44,21.0,0,LP Scheduled
2026-05-25,C,4904,1325123715105SBRT0,2026-05-25 23:00:00,2026-05-26 07:00:00,44,21.0,0,LP Scheduled
2026-05-26,A,4904,1325123715105SBRT0,2026-05-26 07:00:00,2026-05-26 15:00:00,44,21.0,0,LP Scheduled
2026-05-26,B,4904,1325123715105SBRT0,2026-05-26 15:00:00,2026-05-26 23:00:00,44,21.0,0,LP Scheduled
2026-05-26,C,4904,1325123715105SBRT0,2026-05-26 23:00:00,2026-05-27 07:00:00,44,21.0,0,LP Scheduled
2026-05-27,A,4904,1325123715105SBRT0,2026-05-27 07:00:00,2026-05-27 15:00:00,44,21.0,0,LP Scheduled
2026-05-27,B,4904,1325123715105SBRT0,2026-05-27 15:00:00,2026-05-27 23:00:00,44,21.0,0,LP Scheduled
2026-05-27,C,4904,1325123715105SBRT0,2026-05-27 23:00:00,2026-05-28 07:00:00,44,21.0,0,LP Scheduled
2026-05-28,A,4904,1325123715105SBRT0,2026-05-28 07:00:00,2026-05-28 15:00:00,44,21.0,0,LP Scheduled
2026-05-28,B,4904,1325123715105SBRT0,2026-05-28 15:00:00,2026-05-28 23:00:00,44,21.0,0,LP Scheduled
2026-05-28,C,4904,1325123715105SBRT0,2026-05-28 23:00:00,2026-05-29 07:00:00,44,21.0,0,LP Scheduled
2026-05-29,A,4904,1325123715105SBRT0,2026-05-29 07:00:00,2026-05-29 15:00:00,44,21.0,0,LP Scheduled
2026-05-29,B,4904,1325123715105SBRT0,2026-05-29 15:00:00,2026-05-29 23:00:00,44,21.0,0,LP Scheduled
2026-05-29,C,4904,1325123715105SBRT0,2026-05-29 23:00:00,2026-05-30 07:00:00,44,21.0,0,LP Scheduled
2026-05-30,A,4904,1325123715105SBRT0,2026-05-30 07:00:00,2026-05-30 15:00:00,44,21.0,0,LP Scheduled
2026-05-30,B,4904,1325123715105SBRT0,2026-05-30 15:00:00,2026-05-30 23:00:00,44,21.0,0,LP Scheduled
2026-05-30,C,4904,1325123715105SBRT0,2026-05-30 23:00:00,2026-05-31 07:00:00,44,21.0,0,LP Scheduled
2026-05-31,A,4904,1325123715105SBRT0,2026-05-31 07:00:00,2026-05-31 15:00:00,44,21.0,0,LP Scheduled
2026-05-31,B,4904,1325123715105SBRT0,2026-05-31 15:00:00,2026-05-31 23:00:00,44,21.0,0,LP Scheduled
2026-05-31,C,4904,1325123715105SBRT0,2026-05-31 23:00:00,2026-06-01 07:00:00,44,21.0,0,LP Scheduled
2026-06-01,A,4904,1325123715105SBRT0,2026-06-01 07:00:00,2026-06-01 15:00:00,44,21.0,0,LP Scheduled
2026-06-01,B,4904,1325123715105SBRT0,2026-06-01 15:00:00,2026-06-01 23:00:00,44,21.0,0,LP Scheduled
2026-06-01,C,4904,1325123715105SBRT0,2026-06-01 23:00:00,2026-06-02 07:00:00,44,21.0,0,LP Scheduled
2026-06-02,A,4904,1325123715105SBRT0,2026-06-02 07:00:00,2026-06-02 15:00:00,44,21.0,0,LP Scheduled
2026-06-02,B,4904,1325123715105SBRT0,2026-06-02 15:00:00,2026-06-02 23:00:00,44,21.0,0,LP Scheduled
2026-06-02,C,4904,1325123715105SBRT0,2026-06-02 23:00:00,2026-06-03 07:00:00,44,21.0,0,LP Scheduled
2026-06-03,A,4904,1325123715105SBRT0,2026-06-03 07:00:00,2026-06-03 15:00:00,44,21.0,0,LP Scheduled
2026-06-03,B,4904,1325123715105SBRT0,2026-06-03 15:00:00,2026-06-03 23:00:00,44,21.0,0,LP Scheduled
2026-06-03,C,4904,1325123715105SBRT0,2026-06-03 23:00:00,2026-06-04 07:00:00,44,21.0,0,LP Scheduled
2026-06-04,A,4904,1325123715105SBRT0,2026-06-04 07:00:00,2026-06-04 15:00:00,44,21.0,0,LP Scheduled
2026-06-04,B,4904,1325123715105SBRT0,2026-06-04 15:00:00,2026-06-04 23:00:00,44,21.0,0,LP Scheduled
2026-06-04,C,4904,1325123715105SBRT0,2026-06-04 23:00:00,2026-06-05 07:00:00,44,21.0,0,LP Scheduled
2026-06-05,A,4904,1325123715105SBRT0,2026-06-05 07:00:00,2026-06-05 15:00:00,44,21.0,0,LP Scheduled
2026-06-05,B,4904,1325123715105SBRT0,2026-06-05 15:00:00,2026-06-05 23:00:00,44,21.0,0,LP Scheduled
2026-06-05,C,4904,1325123715105SBRT0,2026-06-05 23:00:00,2026-06-06 07:00:00,44,21.0,0,LP Scheduled
2026-06-06,A,4904,1325123715105SBRT0,2026-06-06 07:00:00,2026-06-06 15:00:00,44,21.0,0,LP Scheduled
2026-06-06,B,4904,1325123715105SBRT0,2026-06-06 15:00:00,2026-06-06 23:00:00,44,21.0,0,LP Scheduled
2026-06-06,C,4904,1325123715105SBRT0,2026-06-06 23:00:00,2026-06-07 07:00:00,44,21.0,0,LP Scheduled
2026-06-07,A,4904,1325123715105SBRT0,2026-06-07 07:00:00,2026-06-07 15:00:00,44,21.0,0,LP Scheduled
2026-06-07,B,4904,1325123715105SBRT0,2026-06-07 15:00:00,2026-06-07 23:00:00,44,21.0,0,LP Scheduled
2026-06-07,C,4904,1325123715105SBRT0,2026-06-07 23:00:00,2026-06-08 07:00:00,44,21.0,0,LP Scheduled
2026-06-08,A,4904,1325123715105SBRT0,2026-06-08 07:00:00,2026-06-08 15:00:00,44,21.0,0,LP Scheduled
2026-06-08,B,4904,1325123715105SBRT0,2026-06-08 15:00:00,2026-06-08 23:00:00,44,21.0,0,LP Scheduled
2026-06-08,C,4904,1325123715105SBRT0,2026-06-08 23:00:00,2026-06-09 07:00:00,44,21.0,0,LP Scheduled
2026-06-09,A,4904,1325123715105SBRT0,2026-06-09 07:00:00,2026-06-09 15:00:00,44,21.0,0,LP Scheduled
2026-06-09,B,4904,1325123715105SBRT0,2026-06-09 15:00:00,2026-06-09 23:00:00,44,21.0,0,LP Scheduled
2026-06-09,C,4904,1325123715105SBRT0,2026-06-09 23:00:00,2026-06-10 07:00:00,44,21.0,0,LP Scheduled
2026-06-10,A,4904,1325123715105SBRT0,2026-06-10 07:00:00,2026-06-10 15:00:00,44,21.0,0,LP Scheduled
2026-06-10,B,4904,1325123715105SBRT0,2026-06-10 15:00:00,2026-06-10 23:00:00,44,21.0,0,LP Scheduled
2026-06-10,C,4904,1325123715105SBRT0,2026-06-10 23:00:00,2026-06-11 07:00:00,44,21.0,0,LP Scheduled
2026-06-11,A,4904,1325123715105SBRT0,2026-06-11 07:00:00,2026-06-11 15:00:00,44,21.0,0,LP Scheduled
2026-06-11,B,4904,1325123715105SBRT0,2026-06-11 15:00:00,2026-06-11 23:00:00,44,21.0,0,LP Scheduled
2026-06-11,C,4904,1325123715105SBRT0,2026-06-11 23:00:00,2026-06-12 07:00:00,44,21.0,0,LP Scheduled
2026-06-12,A,4904,1325123715105SBRT0,2026-06-12 07:00:00,2026-06-12 15:00:00,44,21.0,0,LP Scheduled
2026-06-12,B,4904,1325123715105SBRT0,2026-06-12 15:00:00,2026-06-12 23:00:00,44,21.0,0,LP Scheduled
2026-06-12,C,4904,1325123715105SBRT0,2026-06-12 23:00:00,2026-06-13 07:00:00,44,21.0,0,LP Scheduled
2026-06-13,A,4904,1325123715105SBRT0,2026-06-13 07:00:00,2026-06-13 15:00:00,44,21.0,0,LP Scheduled
2026-06-13,B,4904,1325123715105SBRT0,2026-06-13 15:00:00,2026-06-13 23:00:00,44,21.0,0,LP Scheduled
2026-06-13,C,4904,1325123715105SBRT0,2026-06-13 23:00:00,2026-06-14 07:00:00,44,21.0,0,LP Scheduled
2026-06-14,A,4904,1325123715105SBRT0,2026-06-14 07:00:00,2026-06-14 15:00:00,44,21.0,0,LP Scheduled
2026-06-14,B,4904,1325123715105SBRT0,2026-06-14 15:00:00,2026-06-14 23:00:00,44,21.0,0,LP Scheduled
2026-06-14,C,4904,1325123715105SBRT0,2026-06-14 23:00:00,2026-06-15 07:00:00,44,21.0,0,LP Scheduled
2026-06-15,A,4904,1325123715105SBRT0,2026-06-15 07:00:00,2026-06-15 15:00:00,44,21.0,0,LP Scheduled
2026-06-15,B,4904,1325123715105SBRT0,2026-06-15 15:00:00,2026-06-15 23:00:00,44,21.0,0,LP Scheduled
2026-06-15,C,4904,1325123715105SBRT0,2026-06-15 23:00:00,2026-06-16 07:00:00,44,21.0,0,LP Scheduled
2026-06-16,A,4904,1325123715105SBRT0,2026-06-16 07:00:00,2026-06-16 15:00:00,44,21.0,0,LP Scheduled
2026-06-16,B,4904,1325123715105SBRT0,2026-06-16 15:00:00,2026-06-16 23:00:00,44,21.0,0,LP Scheduled
2026-06-16,C,4904,1325123715105SBRT0,2026-06-16 23:00:00,2026-06-17 07:00:00,44,21.0,0,LP Scheduled
2026-06-17,A,4904,1325123715105SBRT0,2026-06-17 07:00:00,2026-06-17 15:00:00,44,21.0,0,LP Scheduled
2026-06-17,B,4904,1325123715105SBRT0,2026-06-17 15:00:00,2026-06-17 23:00:00,44,21.0,0,LP Scheduled
2026-06-17,C,4904,1325123715105SBRT0,2026-06-17 23:00:00,2026-06-18 07:00:00,44,21.0,0,LP Scheduled
2026-06-18,A,4904,1325123715105SBRT0,2026-06-18 07:00:00,2026-06-18 15:00:00,44,21.0,0,LP Scheduled
2026-06-18,B,4904,1325123715105SBRT0,2026-06-18 15:00:00,2026-06-18 23:00:00,44,21.0,0,LP Scheduled
2026-06-18,C,4904,1325123715105SBRT0,2026-06-18 23:00:00,2026-06-19 07:00:00,44,21.0,0,LP Scheduled
2026-06-19,A,4904,1325123715105SBRT0,2026-06-19 07:00:00,2026-06-19 15:00:00,44,21.0,0,LP Scheduled
2026-06-19,B,4904,1325123715105SBRT0,2026-06-19 15:00:00,2026-06-19 23:00:00,44,21.0,0,LP Scheduled
2026-06-19,C,4904,1325123715105SBRT0,2026-06-19 23:00:00,2026-06-20 07:00:00,44,21.0,0,LP Scheduled
2026-06-20,A,4904,1325123715105SBRT0,2026-06-20 07:00:00,2026-06-20 15:00:00,44,21.0,0,LP Scheduled
2026-06-20,B,4904,1325123715105SBRT0,2026-06-20 15:00:00,2026-06-20 23:00:00,44,21.0,0,LP Scheduled
2026-06-20,C,4904,1325123715105SBRT0,2026-06-20 23:00:00,2026-06-21 03:28:00,172,21.0,0,LP Scheduled
2026-05-21,A,4905,1325123715105SBRT0,2026-05-21 07:00:00,2026-05-21 12:15:00,30,21.0,0,LP Scheduled
2026-05-21,B,4905,CHANGEOVER,2026-05-21 15:00:00,2026-05-21 20:00:00,0,0.0,0,C/O from 1325123715105SBRT0 to 1325217613082TUNE0
2026-05-21,B,4905,1325217613082TUNE0,2026-05-21 20:00:00,2026-05-21 23:00:00,24,15.0,86,LP Scheduled
2026-05-21,C,4905,1325217613082TUNE0,2026-05-21 23:00:00,2026-05-22 05:45:00,54,15.0,86,LP Scheduled
2026-05-23,B,4916,CHANGEOVER,2026-05-23 22:33:00,2026-05-24 03:33:00,0,0.0,0,C/O from 1225170015012LSTL0 to 1225219015008SLTB0
2026-05-24,C,4916,1225219015008SLTB0,2026-05-24 03:33:00,2026-05-24 07:00:00,14,27.0,0,LP Scheduled
2026-05-24,A,4916,1225219015008SLTB0,2026-05-24 07:00:00,2026-05-24 15:00:00,34,27.0,0,LP Scheduled
2026-05-24,B,4916,1225219015008SLTB0,2026-05-24 15:00:00,2026-05-24 23:00:00,34,27.0,0,LP Scheduled
2026-05-24,C,4916,1225219015008SLTB0,2026-05-24 23:00:00,2026-05-25 07:00:00,34,27.0,0,LP Scheduled
2026-05-25,A,4916,1225219015008SLTB0,2026-05-25 07:00:00,2026-05-25 15:00:00,34,27.0,0,LP Scheduled
2026-05-25,B,4916,1225219015008SLTB0,2026-05-25 15:00:00,2026-05-25 23:00:00,34,27.0,0,LP Scheduled
2026-05-25,C,4916,1225219015008SLTB0,2026-05-25 23:00:00,2026-05-26 07:00:00,34,27.0,0,LP Scheduled
2026-05-26,A,4916,1225219015008SLTB0,2026-05-26 07:00:00,2026-05-26 14:30:00,44,27.0,0,LP Scheduled
2026-05-24,B,4923,CHANGEOVER,2026-05-24 17:09:00,2026-05-24 22:09:00,0,0.0,0,C/O from 1225170015010LSTL0 to 1325121715115SLTB0
2026-05-24,B,4923,1325121715115SLTB0,2026-05-24 22:09:00,2026-05-24 23:00:00,2,29.0,62,LP Scheduled
2026-05-24,C,4923,1325121715115SLTB0,2026-05-24 23:00:00,2026-05-25 02:01:00,14,29.0,62,LP Scheduled
2026-05-21,A,8702,1225121715115SSTL0,2026-05-21 07:00:00,2026-05-21 15:00:00,32,30.0,0,LP Scheduled
2026-05-21,B,8702,1225121715115SSTL0,2026-05-21 15:00:00,2026-05-21 18:00:00,12,30.0,0,LP Scheduled
2026-05-24,B,9201,CHANGEOVER,2026-05-24 17:09:00,2026-05-24 22:09:00,0,0.0,0,C/O from 1225170015010LSTL0 to 1225121715115SSTL0
2026-05-24,B,9201,1225121715115SSTL0,2026-05-24 22:09:00,2026-05-24 23:00:00,2,30.0,0,LP Scheduled
2026-05-24,C,9201,1225121715115SSTL0,2026-05-24 23:00:00,2026-05-25 07:00:00,32,30.0,0,LP Scheduled
2026-05-25,A,9201,1225121715115SSTL0,2026-05-25 07:00:00,2026-05-25 15:00:00,32,30.0,0,LP Scheduled
2026-05-25,B,9201,1225121715115SSTL0,2026-05-25 15:00:00,2026-05-25 23:00:00,32,30.0,0,LP Scheduled
2026-05-25,C,9201,1225121715115SSTL0,2026-05-25 23:00:00,2026-05-26 07:00:00,32,30.0,0,LP Scheduled
2026-05-26,A,9201,1225121715115SSTL0,2026-05-26 07:00:00,2026-05-26 15:00:00,32,30.0,0,LP Scheduled
2026-05-26,B,9201,1225121715115SSTL0,2026-05-26 15:00:00,2026-05-26 23:00:00,32,30.0,0,LP Scheduled
2026-05-26,C,9201,1225121715115SSTL0,2026-05-26 23:00:00,2026-05-27 07:00:00,32,30.0,0,LP Scheduled
2026-05-27,A,9201,1225121715115SSTL0,2026-05-27 07:00:00,2026-05-27 15:00:00,32,30.0,0,LP Scheduled
2026-05-27,B,9201,1225121715115SSTL0,2026-05-27 15:00:00,2026-05-27 23:00:00,32,30.0,0,LP Scheduled
2026-05-27,C,9201,1225121715115SSTL0,2026-05-27 23:00:00,2026-05-28 07:00:00,32,30.0,0,LP Scheduled
2026-05-28,A,9201,1225121715115SSTL0,2026-05-28 07:00:00,2026-05-28 15:00:00,32,30.0,0,LP Scheduled
2026-05-28,B,9201,1225121715115SSTL0,2026-05-28 15:00:00,2026-05-28 23:00:00,32,30.0,0,LP Scheduled
2026-05-28,C,9201,1225121715115SSTL0,2026-05-28 23:00:00,2026-05-29 07:00:00,32,30.0,0,LP Scheduled
2026-05-29,A,9201,1225121715115SSTL0,2026-05-29 07:00:00,2026-05-29 15:00:00,32,30.0,0,LP Scheduled
2026-05-29,B,9201,1225121715115SSTL0,2026-05-29 15:00:00,2026-05-29 23:00:00,32,30.0,0,LP Scheduled
2026-05-29,C,9201,1225121715115SSTL0,2026-05-29 23:00:00,2026-05-30 07:00:00,32,30.0,0,LP Scheduled
2026-05-30,A,9201,1225121715115SSTL0,2026-05-30 07:00:00,2026-05-30 15:00:00,32,30.0,0,LP Scheduled
2026-05-30,B,9201,1225121715115SSTL0,2026-05-30 15:00:00,2026-05-30 23:00:00,32,30.0,0,LP Scheduled
2026-05-30,C,9201,1225121715115SSTL0,2026-05-30 23:00:00,2026-05-31 07:00:00,32,30.0,0,LP Scheduled
2026-05-31,A,9201,1225121715115SSTL0,2026-05-31 07:00:00,2026-05-31 15:00:00,32,30.0,0,LP Scheduled
2026-05-31,B,9201,1225121715115SSTL0,2026-05-31 15:00:00,2026-05-31 23:00:00,32,30.0,0,LP Scheduled
2026-05-31,C,9201,1225121715115SSTL0,2026-05-31 23:00:00,2026-06-01 07:00:00,32,30.0,0,LP Scheduled
2026-06-01,A,9201,1225121715115SSTL0,2026-06-01 07:00:00,2026-06-01 15:00:00,32,30.0,0,LP Scheduled
2026-06-01,B,9201,1225121715115SSTL0,2026-06-01 15:00:00,2026-06-01 23:00:00,32,30.0,0,LP Scheduled
2026-06-01,C,9201,1225121715115SSTL0,2026-06-01 23:00:00,2026-06-02 07:00:00,32,30.0,0,LP Scheduled
2026-06-02,A,9201,1225121715115SSTL0,2026-06-02 07:00:00,2026-06-02 15:00:00,32,30.0,0,LP Scheduled
2026-06-02,B,9201,1225121715115SSTL0,2026-06-02 15:00:00,2026-06-02 23:00:00,32,30.0,0,LP Scheduled
2026-06-02,C,9201,1225121715115SSTL0,2026-06-02 23:00:00,2026-06-03 07:00:00,32,30.0,0,LP Scheduled
2026-06-03,A,9201,1225121715115SSTL0,2026-06-03 07:00:00,2026-06-03 15:00:00,32,30.0,0,LP Scheduled
2026-06-03,B,9201,1225121715115SSTL0,2026-06-03 15:00:00,2026-06-03 23:00:00,32,30.0,0,LP Scheduled
2026-06-03,C,9201,1225121715115SSTL0,2026-06-03 23:00:00,2026-06-04 07:00:00,32,30.0,0,LP Scheduled
2026-06-04,A,9201,1225121715115SSTL0,2026-06-04 07:00:00,2026-06-04 15:00:00,32,30.0,0,LP Scheduled
2026-06-04,B,9201,1225121715115SSTL0,2026-06-04 15:00:00,2026-06-04 23:00:00,32,30.0,0,LP Scheduled
2026-06-04,C,9201,1225121715115SSTL0,2026-06-04 23:00:00,2026-06-05 07:00:00,32,30.0,0,LP Scheduled
2026-06-05,A,9201,1225121715115SSTL0,2026-06-05 07:00:00,2026-06-05 15:00:00,32,30.0,0,LP Scheduled
2026-06-05,B,9201,1225121715115SSTL0,2026-06-05 15:00:00,2026-06-05 23:00:00,32,30.0,0,LP Scheduled
2026-06-05,C,9201,1225121715115SSTL0,2026-06-05 23:00:00,2026-06-06 07:00:00,32,30.0,0,LP Scheduled
2026-06-06,A,9201,1225121715115SSTL0,2026-06-06 07:00:00,2026-06-06 15:00:00,32,30.0,0,LP Scheduled
2026-06-06,B,9201,1225121715115SSTL0,2026-06-06 15:00:00,2026-06-06 23:00:00,32,30.0,0,LP Scheduled
2026-06-06,C,9201,1225121715115SSTL0,2026-06-06 23:00:00,2026-06-07 07:00:00,32,30.0,0,LP Scheduled
2026-06-07,A,9201,1225121715115SSTL0,2026-06-07 07:00:00,2026-06-07 15:00:00,32,30.0,0,LP Scheduled
2026-06-07,B,9201,1225121715115SSTL0,2026-06-07 15:00:00,2026-06-07 23:00:00,32,30.0,0,LP Scheduled
2026-06-07,C,9201,1225121715115SSTL0,2026-06-07 23:00:00,2026-06-08 07:00:00,32,30.0,0,LP Scheduled
2026-06-08,A,9201,1225121715115SSTL0,2026-06-08 07:00:00,2026-06-08 15:00:00,32,30.0,0,LP Scheduled
2026-06-08,B,9201,1225121715115SSTL0,2026-06-08 15:00:00,2026-06-08 23:00:00,32,30.0,0,LP Scheduled
2026-06-08,C,9201,1225121715115SSTL0,2026-06-08 23:00:00,2026-06-09 07:00:00,32,30.0,0,LP Scheduled
2026-06-09,A,9201,1225121715115SSTL0,2026-06-09 07:00:00,2026-06-09 15:00:00,32,30.0,0,LP Scheduled
2026-06-09,B,9201,1225121715115SSTL0,2026-06-09 15:00:00,2026-06-09 23:00:00,32,30.0,0,LP Scheduled
2026-06-09,C,9201,1225121715115SSTL0,2026-06-09 23:00:00,2026-06-10 07:00:00,32,30.0,0,LP Scheduled
2026-06-10,A,9201,1225121715115SSTL0,2026-06-10 07:00:00,2026-06-10 15:00:00,32,30.0,0,LP Scheduled
2026-06-10,B,9201,1225121715115SSTL0,2026-06-10 15:00:00,2026-06-10 23:00:00,32,30.0,0,LP Scheduled
2026-06-10,C,9201,1225121715115SSTL0,2026-06-10 23:00:00,2026-06-11 07:00:00,32,30.0,0,LP Scheduled
2026-06-11,A,9201,1225121715115SSTL0,2026-06-11 07:00:00,2026-06-11 15:00:00,32,30.0,0,LP Scheduled
2026-06-11,B,9201,1225121715115SSTL0,2026-06-11 15:00:00,2026-06-11 23:00:00,32,30.0,0,LP Scheduled
2026-06-11,C,9201,1225121715115SSTL0,2026-06-11 23:00:00,2026-06-12 07:00:00,32,30.0,0,LP Scheduled
2026-06-12,A,9201,1225121715115SSTL0,2026-06-12 07:00:00,2026-06-12 15:00:00,32,30.0,0,LP Scheduled
2026-06-12,B,9201,1225121715115SSTL0,2026-06-12 15:00:00,2026-06-12 23:00:00,32,30.0,0,LP Scheduled
2026-06-12,C,9201,1225121715115SSTL0,2026-06-12 23:00:00,2026-06-13 07:00:00,32,30.0,0,LP Scheduled
2026-06-13,A,9201,1225121715115SSTL0,2026-06-13 07:00:00,2026-06-13 15:00:00,32,30.0,0,LP Scheduled
2026-06-13,B,9201,1225121715115SSTL0,2026-06-13 15:00:00,2026-06-13 23:00:00,32,30.0,0,LP Scheduled
2026-06-13,C,9201,1225121715115SSTL0,2026-06-13 23:00:00,2026-06-14 07:00:00,32,30.0,0,LP Scheduled
2026-06-14,A,9201,1225121715115SSTL0,2026-06-14 07:00:00,2026-06-14 15:00:00,32,30.0,0,LP Scheduled
2026-06-14,B,9201,1225121715115SSTL0,2026-06-14 15:00:00,2026-06-14 23:00:00,32,30.0,0,LP Scheduled
2026-06-14,C,9201,1225121715115SSTL0,2026-06-14 23:00:00,2026-06-15 07:00:00,32,30.0,0,LP Scheduled
2026-06-15,A,9201,1225121715115SSTL0,2026-06-15 07:00:00,2026-06-15 15:00:00,32,30.0,0,LP Scheduled
2026-06-15,B,9201,1225121715115SSTL0,2026-06-15 15:00:00,2026-06-15 23:00:00,32,30.0,0,LP Scheduled
2026-06-15,C,9201,1225121715115SSTL0,2026-06-15 23:00:00,2026-06-16 07:00:00,32,30.0,0,LP Scheduled
2026-06-16,A,9201,1225121715115SSTL0,2026-06-16 07:00:00,2026-06-16 15:00:00,32,30.0,0,LP Scheduled
2026-06-16,B,9201,1225121715115SSTL0,2026-06-16 15:00:00,2026-06-16 23:00:00,32,30.0,0,LP Scheduled
2026-06-16,C,9201,1225121715115SSTL0,2026-06-16 23:00:00,2026-06-17 07:00:00,32,30.0,0,LP Scheduled
2026-06-17,A,9201,1225121715115SSTL0,2026-06-17 07:00:00,2026-06-17 15:00:00,32,30.0,0,LP Scheduled
2026-06-17,B,9201,1225121715115SSTL0,2026-06-17 15:00:00,2026-06-17 23:00:00,32,30.0,0,LP Scheduled
2026-06-17,C,9201,1225121715115SSTL0,2026-06-17 23:00:00,2026-06-18 07:00:00,32,30.0,0,LP Scheduled
2026-06-18,A,9201,1225121715115SSTL0,2026-06-18 07:00:00,2026-06-18 15:00:00,32,30.0,0,LP Scheduled
2026-06-18,B,9201,1225121715115SSTL0,2026-06-18 15:00:00,2026-06-18 23:00:00,32,30.0,0,LP Scheduled
2026-06-18,C,9201,1225121715115SSTL0,2026-06-18 23:00:00,2026-06-19 07:00:00,32,30.0,0,LP Scheduled
2026-06-19,A,9201,1225121715115SSTL0,2026-06-19 07:00:00,2026-06-19 15:00:00,32,30.0,0,LP Scheduled
2026-06-19,B,9201,1225121715115SSTL0,2026-06-19 15:00:00,2026-06-19 23:00:00,32,30.0,0,LP Scheduled
2026-06-19,C,9201,1225121715115SSTL0,2026-06-19 23:00:00,2026-06-20 07:00:00,32,30.0,0,LP Scheduled
2026-06-20,A,9201,1225121715115SSTL0,2026-06-20 07:00:00,2026-06-20 15:00:00,32,30.0,0,LP Scheduled
2026-06-20,B,9201,1225121715115SSTL0,2026-06-20 15:00:00,2026-06-20 23:00:00,32,30.0,0,LP Scheduled
2026-06-20,C,9201,1225121715115SSTL0,2026-06-20 23:00:00,2026-06-21 06:39:00,32,30.0,0,LP Scheduled
2026-05-30,B,9203,CHANGEOVER,2026-05-30 19:36:00,2026-05-31 00:36:00,0,0.0,0,C/O from 1D25212812074FXC10 to 1325123715105SBRT0
2026-05-31,C,9203,1325123715105SBRT0,2026-05-31 00:36:00,2026-05-31 07:00:00,36,21.0,0,LP Scheduled
2026-05-31,A,9203,1325123715105SBRT0,2026-05-31 07:00:00,2026-05-31 15:00:00,44,21.0,0,LP Scheduled
2026-05-31,B,9203,1325123715105SBRT0,2026-05-31 15:00:00,2026-05-31 23:00:00,44,21.0,0,LP Scheduled
2026-05-31,C,9203,1325123715105SBRT0,2026-05-31 23:00:00,2026-06-01 07:00:00,44,21.0,0,LP Scheduled
2026-06-01,A,9203,1325123715105SBRT0,2026-06-01 07:00:00,2026-06-01 15:00:00,44,21.0,0,LP Scheduled
2026-06-01,B,9203,1325123715105SBRT0,2026-06-01 15:00:00,2026-06-01 23:00:00,44,21.0,0,LP Scheduled
2026-06-01,C,9203,1325123715105SBRT0,2026-06-01 23:00:00,2026-06-02 07:00:00,44,21.0,0,LP Scheduled
2026-06-02,A,9203,1325123715105SBRT0,2026-06-02 07:00:00,2026-06-02 15:00:00,44,21.0,0,LP Scheduled
2026-06-02,B,9203,1325123715105SBRT0,2026-06-02 15:00:00,2026-06-02 23:00:00,44,21.0,0,LP Scheduled
2026-06-02,C,9203,1325123715105SBRT0,2026-06-02 23:00:00,2026-06-03 07:00:00,44,21.0,0,LP Scheduled
2026-06-03,A,9203,1325123715105SBRT0,2026-06-03 07:00:00,2026-06-03 15:00:00,44,21.0,0,LP Scheduled
2026-06-03,B,9203,1325123715105SBRT0,2026-06-03 15:00:00,2026-06-03 23:00:00,44,21.0,0,LP Scheduled
2026-06-03,C,9203,1325123715105SBRT0,2026-06-03 23:00:00,2026-06-04 07:00:00,44,21.0,0,LP Scheduled
2026-06-04,A,9203,1325123715105SBRT0,2026-06-04 07:00:00,2026-06-04 15:00:00,44,21.0,0,LP Scheduled
2026-06-04,B,9203,1325123715105SBRT0,2026-06-04 15:00:00,2026-06-04 23:00:00,44,21.0,0,LP Scheduled
2026-06-04,C,9203,1325123715105SBRT0,2026-06-04 23:00:00,2026-06-05 07:00:00,44,21.0,0,LP Scheduled
2026-06-05,A,9203,1325123715105SBRT0,2026-06-05 07:00:00,2026-06-05 15:00:00,44,21.0,0,LP Scheduled
2026-06-05,B,9203,1325123715105SBRT0,2026-06-05 15:00:00,2026-06-05 23:00:00,44,21.0,0,LP Scheduled
2026-06-05,C,9203,1325123715105SBRT0,2026-06-05 23:00:00,2026-06-06 07:00:00,44,21.0,0,LP Scheduled
2026-06-06,A,9203,1325123715105SBRT0,2026-06-06 07:00:00,2026-06-06 15:00:00,44,21.0,0,LP Scheduled
2026-06-06,B,9203,1325123715105SBRT0,2026-06-06 15:00:00,2026-06-06 23:00:00,44,21.0,0,LP Scheduled
2026-06-06,C,9203,1325123715105SBRT0,2026-06-06 23:00:00,2026-06-07 07:00:00,44,21.0,0,LP Scheduled
2026-06-07,A,9203,1325123715105SBRT0,2026-06-07 07:00:00,2026-06-07 15:00:00,44,21.0,0,LP Scheduled
2026-06-07,B,9203,1325123715105SBRT0,2026-06-07 15:00:00,2026-06-07 23:00:00,44,21.0,0,LP Scheduled
2026-06-07,C,9203,1325123715105SBRT0,2026-06-07 23:00:00,2026-06-08 07:00:00,44,21.0,0,LP Scheduled
2026-06-08,A,9203,1325123715105SBRT0,2026-06-08 07:00:00,2026-06-08 15:00:00,44,21.0,0,LP Scheduled
2026-06-08,B,9203,1325123715105SBRT0,2026-06-08 15:00:00,2026-06-08 23:00:00,44,21.0,0,LP Scheduled
2026-06-08,C,9203,1325123715105SBRT0,2026-06-08 23:00:00,2026-06-09 07:00:00,44,21.0,0,LP Scheduled
2026-06-09,A,9203,1325123715105SBRT0,2026-06-09 07:00:00,2026-06-09 15:00:00,44,21.0,0,LP Scheduled
2026-06-09,B,9203,1325123715105SBRT0,2026-06-09 15:00:00,2026-06-09 23:00:00,44,21.0,0,LP Scheduled
2026-06-09,C,9203,1325123715105SBRT0,2026-06-09 23:00:00,2026-06-10 07:00:00,44,21.0,0,LP Scheduled
2026-06-10,A,9203,1325123715105SBRT0,2026-06-10 07:00:00,2026-06-10 15:00:00,44,21.0,0,LP Scheduled
2026-06-10,B,9203,1325123715105SBRT0,2026-06-10 15:00:00,2026-06-10 23:00:00,44,21.0,0,LP Scheduled
2026-06-10,C,9203,1325123715105SBRT0,2026-06-10 23:00:00,2026-06-11 07:00:00,44,21.0,0,LP Scheduled
2026-06-11,A,9203,1325123715105SBRT0,2026-06-11 07:00:00,2026-06-11 15:00:00,44,21.0,0,LP Scheduled
2026-06-11,B,9203,1325123715105SBRT0,2026-06-11 15:00:00,2026-06-11 23:00:00,44,21.0,0,LP Scheduled
2026-06-11,C,9203,1325123715105SBRT0,2026-06-11 23:00:00,2026-06-12 07:00:00,44,21.0,0,LP Scheduled
2026-06-12,A,9203,1325123715105SBRT0,2026-06-12 07:00:00,2026-06-12 15:00:00,44,21.0,0,LP Scheduled
2026-06-12,B,9203,1325123715105SBRT0,2026-06-12 15:00:00,2026-06-12 23:00:00,44,21.0,0,LP Scheduled
2026-06-12,C,9203,1325123715105SBRT0,2026-06-12 23:00:00,2026-06-13 07:00:00,44,21.0,0,LP Scheduled
2026-06-13,A,9203,1325123715105SBRT0,2026-06-13 07:00:00,2026-06-13 15:00:00,44,21.0,0,LP Scheduled
2026-06-13,B,9203,1325123715105SBRT0,2026-06-13 15:00:00,2026-06-13 23:00:00,44,21.0,0,LP Scheduled
2026-06-13,C,9203,1325123715105SBRT0,2026-06-13 23:00:00,2026-06-14 07:00:00,44,21.0,0,LP Scheduled
2026-06-14,A,9203,1325123715105SBRT0,2026-06-14 07:00:00,2026-06-14 15:00:00,44,21.0,0,LP Scheduled
2026-06-14,B,9203,1325123715105SBRT0,2026-06-14 15:00:00,2026-06-14 23:00:00,44,21.0,0,LP Scheduled
2026-06-14,C,9203,1325123715105SBRT0,2026-06-14 23:00:00,2026-06-15 07:00:00,44,21.0,0,LP Scheduled
2026-06-15,A,9203,1325123715105SBRT0,2026-06-15 07:00:00,2026-06-15 15:00:00,44,21.0,0,LP Scheduled
2026-06-15,B,9203,1325123715105SBRT0,2026-06-15 15:00:00,2026-06-15 23:00:00,44,21.0,0,LP Scheduled
2026-06-15,C,9203,1325123715105SBRT0,2026-06-15 23:00:00,2026-06-16 07:00:00,44,21.0,0,LP Scheduled
2026-06-16,A,9203,1325123715105SBRT0,2026-06-16 07:00:00,2026-06-16 15:00:00,44,21.0,0,LP Scheduled
2026-06-16,B,9203,1325123715105SBRT0,2026-06-16 15:00:00,2026-06-16 23:00:00,44,21.0,0,LP Scheduled
2026-06-16,C,9203,1325123715105SBRT0,2026-06-16 23:00:00,2026-06-17 07:00:00,44,21.0,0,LP Scheduled
2026-06-17,A,9203,1325123715105SBRT0,2026-06-17 07:00:00,2026-06-17 15:00:00,44,21.0,0,LP Scheduled
2026-06-17,B,9203,1325123715105SBRT0,2026-06-17 15:00:00,2026-06-17 23:00:00,44,21.0,0,LP Scheduled
2026-06-17,C,9203,1325123715105SBRT0,2026-06-17 23:00:00,2026-06-18 07:00:00,44,21.0,0,LP Scheduled
2026-06-18,A,9203,1325123715105SBRT0,2026-06-18 07:00:00,2026-06-18 15:00:00,44,21.0,0,LP Scheduled
2026-06-18,B,9203,1325123715105SBRT0,2026-06-18 15:00:00,2026-06-18 23:00:00,44,21.0,0,LP Scheduled
2026-06-18,C,9203,1325123715105SBRT0,2026-06-18 23:00:00,2026-06-19 07:00:00,44,21.0,0,LP Scheduled
2026-06-19,A,9203,1325123715105SBRT0,2026-06-19 07:00:00,2026-06-19 15:00:00,44,21.0,0,LP Scheduled
2026-06-19,B,9203,1325123715105SBRT0,2026-06-19 15:00:00,2026-06-19 23:00:00,44,21.0,0,LP Scheduled
2026-06-19,C,9203,1325123715105SBRT0,2026-06-19 23:00:00,2026-06-20 07:00:00,44,21.0,0,LP Scheduled
2026-06-20,A,9203,1325123715105SBRT0,2026-06-20 07:00:00,2026-06-20 15:00:00,44,21.0,0,LP Scheduled
2026-06-20,B,9203,1325123715105SBRT0,2026-06-20 15:00:00,2026-06-20 23:00:00,44,21.0,0,LP Scheduled
2026-06-20,C,9203,1325123715105SBRT0,2026-06-20 23:00:00,2026-06-21 06:54:00,152,21.0,0,LP Scheduled
2026-05-28,A,9402,CHANGEOVER,2026-05-28 12:45:00,2026-05-28 17:45:00,0,0.0,0,C/O from 1325114812074TUHL0 to 1325215513073TUHL0
2026-05-28,B,9402,1325215513073TUHL0,2026-05-28 17:45:00,2026-05-28 22:01:00,32,16.0,39,LP Scheduled
2026-05-23,A,9403,CHANGEOVER,2026-05-23 09:52:00,2026-05-23 14:52:00,0,0.0,0,C/O from 1425118916008QRBT0 to 1225222716121MXC11
2026-05-23,A,9403,1225222716121MXC11,2026-05-23 14:52:00,2026-05-23 15:00:00,0,34.0,0,LP Scheduled
2026-05-23,B,9403,1225222716121MXC11,2026-05-23 15:00:00,2026-05-23 23:00:00,28,34.0,0,LP Scheduled
2026-05-23,C,9403,1225222716121MXC11,2026-05-23 23:00:00,2026-05-24 06:10:00,26,34.0,0,LP Scheduled
2026-06-09,C,9408,CHANGEOVER,2026-06-09 04:53:00,2026-06-09 09:53:00,0,0.0,0,C/O from 1D25212812086FXPC0 to 1225222716121MXC11
2026-06-09,A,9408,1225222716121MXC11,2026-06-09 09:53:00,2026-06-09 15:00:00,18,34.0,0,LP Scheduled
2026-06-09,B,9408,1225222716121MXC11,2026-06-09 15:00:00,2026-06-09 23:00:00,28,34.0,0,LP Scheduled
2026-06-09,C,9408,1225222716121MXC11,2026-06-09 23:00:00,2026-06-10 07:00:00,28,34.0,0,LP Scheduled
2026-06-10,A,9408,1225222716121MXC11,2026-06-10 07:00:00,2026-06-10 15:00:00,28,34.0,0,LP Scheduled
2026-06-10,B,9408,1225222716121MXC11,2026-06-10 15:00:00,2026-06-10 23:00:00,28,34.0,0,LP Scheduled
2026-06-10,C,9408,1225222716121MXC11,2026-06-10 23:00:00,2026-06-11 07:00:00,28,34.0,0,LP Scheduled
2026-06-11,A,9408,1225222716121MXC11,2026-06-11 07:00:00,2026-06-11 15:00:00,28,34.0,0,LP Scheduled
2026-06-11,B,9408,1225222716121MXC11,2026-06-11 15:00:00,2026-06-11 23:00:00,28,34.0,0,LP Scheduled
2026-06-11,C,9408,1225222716121MXC11,2026-06-11 23:00:00,2026-06-12 07:00:00,28,34.0,0,LP Scheduled
2026-06-12,A,9408,1225222716121MXC11,2026-06-12 07:00:00,2026-06-12 15:00:00,28,34.0,0,LP Scheduled
2026-06-12,B,9408,1225222716121MXC11,2026-06-12 15:00:00,2026-06-12 23:00:00,28,34.0,0,LP Scheduled
2026-06-12,C,9408,1225222716121MXC11,2026-06-12 23:00:00,2026-06-13 07:00:00,28,34.0,0,LP Scheduled
2026-06-13,A,9408,1225222716121MXC11,2026-06-13 07:00:00,2026-06-13 15:00:00,28,34.0,0,LP Scheduled
2026-06-13,B,9408,1225222716121MXC11,2026-06-13 15:00:00,2026-06-13 23:00:00,28,34.0,0,LP Scheduled
2026-06-13,C,9408,1225222716121MXC11,2026-06-13 23:00:00,2026-06-14 07:00:00,28,34.0,0,LP Scheduled
2026-06-14,A,9408,1225222716121MXC11,2026-06-14 07:00:00,2026-06-14 15:00:00,28,34.0,0,LP Scheduled
2026-06-14,B,9408,1225222716121MXC11,2026-06-14 15:00:00,2026-06-14 23:00:00,28,34.0,0,LP Scheduled
2026-06-14,C,9408,1225222716121MXC11,2026-06-14 23:00:00,2026-06-15 07:00:00,28,34.0,0,LP Scheduled
2026-06-15,A,9408,1225222716121MXC11,2026-06-15 07:00:00,2026-06-15 15:00:00,28,34.0,0,LP Scheduled
2026-06-15,B,9408,1225222716121MXC11,2026-06-15 15:00:00,2026-06-15 23:00:00,28,34.0,0,LP Scheduled
2026-06-15,C,9408,1225222716121MXC11,2026-06-15 23:00:00,2026-06-16 07:00:00,28,34.0,0,LP Scheduled
2026-06-16,A,9408,1225222716121MXC11,2026-06-16 07:00:00,2026-06-16 15:00:00,28,34.0,0,LP Scheduled
2026-06-16,B,9408,1225222716121MXC11,2026-06-16 15:00:00,2026-06-16 23:00:00,28,34.0,0,LP Scheduled
2026-06-16,C,9408,1225222716121MXC11,2026-06-16 23:00:00,2026-06-17 07:00:00,28,34.0,0,LP Scheduled
2026-06-17,A,9408,1225222716121MXC11,2026-06-17 07:00:00,2026-06-17 15:00:00,28,34.0,0,LP Scheduled
2026-06-17,B,9408,1225222716121MXC11,2026-06-17 15:00:00,2026-06-17 23:00:00,28,34.0,0,LP Scheduled
2026-06-17,C,9408,1225222716121MXC11,2026-06-17 23:00:00,2026-06-18 07:00:00,28,34.0,0,LP Scheduled
2026-06-18,A,9408,1225222716121MXC11,2026-06-18 07:00:00,2026-06-18 15:00:00,28,34.0,0,LP Scheduled
2026-06-18,B,9408,1225222716121MXC11,2026-06-18 15:00:00,2026-06-18 23:00:00,28,34.0,0,LP Scheduled
2026-06-18,C,9408,1225222716121MXC11,2026-06-18 23:00:00,2026-06-19 07:00:00,28,34.0,0,LP Scheduled
2026-06-19,A,9408,1225222716121MXC11,2026-06-19 07:00:00,2026-06-19 15:00:00,28,34.0,0,LP Scheduled
2026-06-19,B,9408,1225222716121MXC11,2026-06-19 15:00:00,2026-06-19 23:00:00,28,34.0,0,LP Scheduled
2026-06-19,C,9408,1225222716121MXC11,2026-06-19 23:00:00,2026-06-20 07:00:00,28,34.0,0,LP Scheduled
2026-06-20,A,9408,1225222716121MXC11,2026-06-20 07:00:00,2026-06-20 15:00:00,28,34.0,0,LP Scheduled
2026-06-20,B,9408,1225222716121MXC11,2026-06-20 15:00:00,2026-06-20 23:00:00,28,34.0,0,LP Scheduled
2026-06-20,C,9408,1225222716121MXC11,2026-06-20 23:00:00,2026-06-21 06:55:00,36,34.0,0,LP Scheduled
2026-05-30,B,9505,CHANGEOVER,2026-05-30 19:36:00,2026-05-31 00:36:00,0,0.0,0,C/O from 1D25212812074FXC10 to 1325214812074TUHL0
2026-05-31,C,9505,1325214812074TUHL0,2026-05-31 00:36:00,2026-05-31 07:00:00,50,15.0,0,LP Scheduled
2026-05-31,A,9505,1325214812074TUHL0,2026-05-31 07:00:00,2026-05-31 15:00:00,64,15.0,0,LP Scheduled
2026-05-31,B,9505,1325214812074TUHL0,2026-05-31 15:00:00,2026-05-31 23:00:00,64,15.0,0,LP Scheduled
2026-05-31,C,9505,1325214812074TUHL0,2026-05-31 23:00:00,2026-06-01 07:00:00,64,15.0,0,LP Scheduled
2026-06-01,A,9505,1325214812074TUHL0,2026-06-01 07:00:00,2026-06-01 15:00:00,64,15.0,0,LP Scheduled
2026-06-01,B,9505,1325214812074TUHL0,2026-06-01 15:00:00,2026-06-01 23:00:00,64,15.0,0,LP Scheduled
2026-06-01,C,9505,1325214812074TUHL0,2026-06-01 23:00:00,2026-06-02 07:00:00,64,15.0,0,LP Scheduled
2026-06-02,A,9505,1325214812074TUHL0,2026-06-02 07:00:00,2026-06-02 15:00:00,64,15.0,0,LP Scheduled
2026-06-02,B,9505,1325214812074TUHL0,2026-06-02 15:00:00,2026-06-02 23:00:00,64,15.0,0,LP Scheduled
2026-06-02,C,9505,1325214812074TUHL0,2026-06-02 23:00:00,2026-06-03 07:00:00,64,15.0,0,LP Scheduled
2026-06-03,A,9505,1325214812074TUHL0,2026-06-03 07:00:00,2026-06-03 15:00:00,64,15.0,0,LP Scheduled
2026-06-03,B,9505,1325214812074TUHL0,2026-06-03 15:00:00,2026-06-03 23:00:00,64,15.0,0,LP Scheduled
2026-06-03,C,9505,1325214812074TUHL0,2026-06-03 23:00:00,2026-06-04 07:00:00,64,15.0,0,LP Scheduled
2026-06-04,A,9505,1325214812074TUHL0,2026-06-04 07:00:00,2026-06-04 15:00:00,64,15.0,0,LP Scheduled
2026-06-04,B,9505,1325214812074TUHL0,2026-06-04 15:00:00,2026-06-04 23:00:00,64,15.0,0,LP Scheduled
2026-06-04,C,9505,1325214812074TUHL0,2026-06-04 23:00:00,2026-06-05 07:00:00,64,15.0,0,LP Scheduled
2026-06-05,A,9505,1325214812074TUHL0,2026-06-05 07:00:00,2026-06-05 15:00:00,64,15.0,0,LP Scheduled
2026-06-05,B,9505,1325214812074TUHL0,2026-06-05 15:00:00,2026-06-05 23:00:00,64,15.0,0,LP Scheduled
2026-06-05,C,9505,1325214812074TUHL0,2026-06-05 23:00:00,2026-06-06 07:00:00,64,15.0,0,LP Scheduled
2026-06-06,A,9505,1325214812074TUHL0,2026-06-06 07:00:00,2026-06-06 15:00:00,64,15.0,0,LP Scheduled
2026-06-06,B,9505,1325214812074TUHL0,2026-06-06 15:00:00,2026-06-06 23:00:00,64,15.0,0,LP Scheduled
2026-06-06,C,9505,1325214812074TUHL0,2026-06-06 23:00:00,2026-06-07 07:00:00,64,15.0,0,LP Scheduled
2026-06-07,A,9505,1325214812074TUHL0,2026-06-07 07:00:00,2026-06-07 15:00:00,64,15.0,0,LP Scheduled
2026-06-07,B,9505,1325214812074TUHL0,2026-06-07 15:00:00,2026-06-07 23:00:00,64,15.0,0,LP Scheduled
2026-06-07,C,9505,1325214812074TUHL0,2026-06-07 23:00:00,2026-06-08 07:00:00,64,15.0,0,LP Scheduled
2026-06-08,A,9505,1325214812074TUHL0,2026-06-08 07:00:00,2026-06-08 15:00:00,64,15.0,0,LP Scheduled
2026-06-08,B,9505,1325214812074TUHL0,2026-06-08 15:00:00,2026-06-08 23:00:00,64,15.0,0,LP Scheduled
2026-06-08,C,9505,1325214812074TUHL0,2026-06-08 23:00:00,2026-06-09 07:00:00,64,15.0,0,LP Scheduled
2026-06-09,A,9505,1325214812074TUHL0,2026-06-09 07:00:00,2026-06-09 15:00:00,64,15.0,0,LP Scheduled
2026-06-09,B,9505,1325214812074TUHL0,2026-06-09 15:00:00,2026-06-09 23:00:00,64,15.0,0,LP Scheduled
2026-06-09,C,9505,1325214812074TUHL0,2026-06-09 23:00:00,2026-06-10 07:00:00,64,15.0,0,LP Scheduled
2026-06-10,A,9505,1325214812074TUHL0,2026-06-10 07:00:00,2026-06-10 15:00:00,64,15.0,0,LP Scheduled
2026-06-10,B,9505,1325214812074TUHL0,2026-06-10 15:00:00,2026-06-10 23:00:00,64,15.0,0,LP Scheduled
2026-06-10,C,9505,1325214812074TUHL0,2026-06-10 23:00:00,2026-06-11 07:00:00,64,15.0,0,LP Scheduled
2026-06-11,A,9505,1325214812074TUHL0,2026-06-11 07:00:00,2026-06-11 15:00:00,64,15.0,0,LP Scheduled
2026-06-11,B,9505,1325214812074TUHL0,2026-06-11 15:00:00,2026-06-11 23:00:00,64,15.0,0,LP Scheduled
2026-06-11,C,9505,1325214812074TUHL0,2026-06-11 23:00:00,2026-06-12 04:21:00,44,15.0,0,LP Scheduled
2026-05-29,B,14803,CHANGEOVER,2026-05-29 17:16:00,2026-05-29 22:16:00,0,0.0,0,C/O from 1325215813079STMX0 to 1325221416095VURL0
2026-05-29,B,14803,1325221416095VURL0,2026-05-29 22:16:00,2026-05-29 23:00:00,4,16.0,51,LP Scheduled
2026-05-29,C,14803,1325221416095VURL0,2026-05-29 23:00:00,2026-05-30 07:00:00,60,16.0,51,LP Scheduled
2026-05-30,A,14803,1325221416095VURL0,2026-05-30 07:00:00,2026-05-30 15:00:00,60,16.0,51,LP Scheduled
2026-05-30,B,14803,1325221416095VURL0,2026-05-30 15:00:00,2026-05-30 23:00:00,60,16.0,51,LP Scheduled
2026-05-30,C,14803,1325221416095VURL0,2026-05-30 23:00:00,2026-05-31 04:56:00,46,16.0,51,LP Scheduled
2026-05-27,A,14807,CHANGEOVER,2026-05-27 09:56:00,2026-05-27 14:56:00,0,0.0,0,C/O from 1325219416089HRHE0 to 1325221317098VUX10
2026-05-27,A,14807,1325221317098VUX10,2026-05-27 14:56:00,2026-05-27 15:00:00,0,17.0,0,LP Scheduled
2026-05-27,B,14807,1325221317098VUX10,2026-05-27 15:00:00,2026-05-27 15:30:00,4,17.0,0,LP Scheduled
2026-05-23,C,14809,CHANGEOVER,2026-05-23 06:36:00,2026-05-23 11:36:00,0,0.0,0,C/O from 1325218614088HURL0 to 1325221417100HURS0
2026-05-23,A,14809,1325221417100HURS0,2026-05-23 11:36:00,2026-05-23 15:00:00,26,15.0,0,LP Scheduled
2026-05-23,B,14809,1325221417100HURS0,2026-05-23 15:00:00,2026-05-23 23:00:00,64,15.0,0,LP Scheduled
2026-05-23,C,14809,1325221417100HURS0,2026-05-23 23:00:00,2026-05-24 07:00:00,64,15.0,0,LP Scheduled
2026-05-24,A,14809,1325221417100HURS0,2026-05-24 07:00:00,2026-05-24 15:00:00,64,15.0,0,LP Scheduled
2026-05-24,B,14809,1325221417100HURS0,2026-05-24 15:00:00,2026-05-24 23:00:00,64,15.0,0,LP Scheduled
2026-05-24,C,14809,1325221417100HURS0,2026-05-24 23:00:00,2026-05-25 00:21:00,12,15.0,0,LP Scheduled
2026-05-21,B,14812,CHANGEOVER,2026-05-21 15:00:00,2026-05-21 20:00:00,0,0.0,0,C/O from 1325214813075SUNE1 to 1D25215013008SXC11
2026-05-21,B,14812,1D25215013008SXC11,2026-05-21 20:00:00,2026-05-21 23:00:00,18,19.0,182,LP Scheduled
2026-05-21,C,14812,1D25215013008SXC11,2026-05-21 23:00:00,2026-05-22 07:00:00,50,19.0,182,LP Scheduled
2026-05-22,A,14812,1D25215013008SXC11,2026-05-22 07:00:00,2026-05-22 15:00:00,50,19.0,182,LP Scheduled
2026-05-22,B,14812,1D25215013008SXC11,2026-05-22 15:00:00,2026-05-22 15:38:00,6,19.0,182,LP Scheduled
2026-05-27,A,14813,CHANGEOVER,2026-05-27 10:00:00,2026-05-27 15:00:00,0,0.0,0,C/O from 1325215613075TUHL0 to 1325222417099HURL0
2026-05-27,B,14813,1325222417099HURL0,2026-05-27 15:00:00,2026-05-27 17:16:00,16,17.0,0,LP Scheduled
2026-05-30,C,15201,CHANGEOVER,2026-05-30 03:52:00,2026-05-30 08:52:00,0,0.0,0,C/O from 1325223916120QRAB0 to 1325219316087VUTR0
2026-05-30,A,15201,1325219316087VUTR0,2026-05-30 08:52:00,2026-05-30 15:00:00,42,17.0,0,LP Scheduled
2026-05-30,B,15201,1325219316087VUTR0,2026-05-30 15:00:00,2026-05-30 23:00:00,56,17.0,0,LP Scheduled
2026-05-30,C,15201,1325219316087VUTR0,2026-05-30 23:00:00,2026-05-31 07:00:00,56,17.0,0,LP Scheduled
2026-05-31,A,15201,1325219316087VUTR0,2026-05-31 07:00:00,2026-05-31 15:00:00,56,17.0,0,LP Scheduled
2026-05-31,B,15201,1325219316087VUTR0,2026-05-31 15:00:00,2026-05-31 20:17:00,40,17.0,0,LP Scheduled
2026-05-27,A,15203,CHANGEOVER,2026-05-27 10:28:00,2026-05-27 15:28:00,0,0.0,0,C/O from 1325219416089HRHE0 to 1325216814085TURS0
2026-05-27,B,15203,1325216814085TURS0,2026-05-27 15:28:00,2026-05-27 16:43:00,10,15.0,0,LP Scheduled
2026-05-27,A,15204,CHANGEOVER,2026-05-27 12:45:00,2026-05-27 17:45:00,0,0.0,0,C/O from 1325217514082HURL2 to 1325220416092VURL0
2026-05-27,B,15204,1325220416092VURL0,2026-05-27 17:45:00,2026-05-27 23:00:00,34,18.0,0,LP Scheduled
2026-05-27,C,15204,1325220416092VURL0,2026-05-27 23:00:00,2026-05-28 07:00:00,52,18.0,0,LP Scheduled
2026-05-28,A,15204,1325220416092VURL0,2026-05-28 07:00:00,2026-05-28 15:00:00,52,18.0,0,LP Scheduled
2026-05-28,B,15204,1325220416092VURL0,2026-05-28 15:00:00,2026-05-28 23:00:00,52,18.0,0,LP Scheduled
2026-05-28,C,15204,1325220416092VURL0,2026-05-28 23:00:00,2026-05-29 07:00:00,52,18.0,0,LP Scheduled
2026-05-29,A,15204,1325220416092VURL0,2026-05-29 07:00:00,2026-05-29 15:00:00,52,18.0,0,LP Scheduled
2026-05-29,B,15204,1325220416092VURL0,2026-05-29 15:00:00,2026-05-29 23:00:00,52,18.0,0,LP Scheduled
2026-05-29,C,15204,1325220416092VURL0,2026-05-29 23:00:00,2026-05-30 07:00:00,52,18.0,0,LP Scheduled
2026-05-30,A,15204,1325220416092VURL0,2026-05-30 07:00:00,2026-05-30 15:00:00,52,18.0,0,LP Scheduled
2026-05-30,B,15204,1325220416092VURL0,2026-05-30 15:00:00,2026-05-30 23:00:00,52,18.0,0,LP Scheduled
2026-05-30,C,15204,1325220416092VURL0,2026-05-30 23:00:00,2026-05-31 06:39:00,64,18.0,0,LP Scheduled
2026-05-21,A,15205,CHANGEOVER,2026-05-21 14:30:00,2026-05-21 19:30:00,0,0.0,0,C/O from 1325214813075SUNE1 to 1D25215013008SXC11
2026-05-21,B,15205,1D25215013008SXC11,2026-05-21 19:30:00,2026-05-21 23:00:00,22,19.0,182,LP Scheduled
2026-05-21,C,15205,1D25215013008SXC11,2026-05-21 23:00:00,2026-05-22 07:00:00,50,19.0,182,LP Scheduled
2026-05-22,A,15205,1D25215013008SXC11,2026-05-22 07:00:00,2026-05-22 15:00:00,50,19.0,182,LP Scheduled
2026-05-22,B,15205,1D25215013008SXC11,2026-05-22 15:00:00,2026-05-22 23:00:00,50,19.0,182,LP Scheduled
2026-05-22,C,15205,1D25215013008SXC11,2026-05-22 23:00:00,2026-05-23 07:00:00,50,19.0,182,LP Scheduled
2026-05-23,A,15205,1D25215013008SXC11,2026-05-23 07:00:00,2026-05-23 15:00:00,50,19.0,182,LP Scheduled
2026-05-23,B,15205,1D25215013008SXC11,2026-05-23 15:00:00,2026-05-23 23:00:00,50,19.0,182,LP Scheduled
2026-05-23,C,15205,1D25215013008SXC11,2026-05-23 23:00:00,2026-05-24 07:00:00,50,19.0,182,LP Scheduled
2026-05-24,A,15205,1D25215013008SXC11,2026-05-24 07:00:00,2026-05-24 15:00:00,50,19.0,182,LP Scheduled
2026-05-24,B,15205,1D25215013008SXC11,2026-05-24 15:00:00,2026-05-24 23:00:00,50,19.0,182,LP Scheduled
2026-05-24,C,15205,1D25215013008SXC11,2026-05-24 23:00:00,2026-05-25 07:00:00,50,19.0,182,LP Scheduled
2026-05-25,A,15205,1D25215013008SXC11,2026-05-25 07:00:00,2026-05-25 15:00:00,50,19.0,182,LP Scheduled
2026-05-25,B,15205,1D25215013008SXC11,2026-05-25 15:00:00,2026-05-25 23:00:00,50,19.0,182,LP Scheduled
2026-05-25,C,15205,1D25215013008SXC11,2026-05-25 23:00:00,2026-05-26 07:00:00,50,19.0,182,LP Scheduled
2026-05-26,A,15205,1D25215013008SXC11,2026-05-26 07:00:00,2026-05-26 15:00:00,50,19.0,182,LP Scheduled
2026-05-26,B,15205,1D25215013008SXC11,2026-05-26 15:00:00,2026-05-26 23:00:00,50,19.0,182,LP Scheduled
2026-05-26,C,15205,1D25215013008SXC11,2026-05-26 23:00:00,2026-05-27 07:00:00,50,19.0,182,LP Scheduled
2026-05-27,A,15205,1D25215013008SXC11,2026-05-27 07:00:00,2026-05-27 15:00:00,50,19.0,182,LP Scheduled
2026-05-27,B,15205,1D25215013008SXC11,2026-05-27 15:00:00,2026-05-27 23:00:00,50,19.0,182,LP Scheduled
2026-05-27,C,15205,1D25215013008SXC11,2026-05-27 23:00:00,2026-05-28 07:00:00,50,19.0,182,LP Scheduled
2026-05-28,A,15205,1D25215013008SXC11,2026-05-28 07:00:00,2026-05-28 15:00:00,50,19.0,182,LP Scheduled
2026-05-28,B,15205,1D25215013008SXC11,2026-05-28 15:00:00,2026-05-28 23:00:00,50,19.0,182,LP Scheduled
2026-05-28,C,15205,1D25215013008SXC11,2026-05-28 23:00:00,2026-05-29 07:00:00,50,19.0,182,LP Scheduled
2026-05-29,A,15205,1D25215013008SXC11,2026-05-29 07:00:00,2026-05-29 15:00:00,50,19.0,182,LP Scheduled
2026-05-29,B,15205,1D25215013008SXC11,2026-05-29 15:00:00,2026-05-29 23:00:00,50,19.0,182,LP Scheduled
2026-05-29,C,15205,1D25215013008SXC11,2026-05-29 23:00:00,2026-05-30 07:00:00,50,19.0,182,LP Scheduled
2026-05-30,A,15205,1D25215013008SXC11,2026-05-30 07:00:00,2026-05-30 15:00:00,50,19.0,182,LP Scheduled
2026-05-30,B,15205,1D25215013008SXC11,2026-05-30 15:00:00,2026-05-30 23:00:00,50,19.0,182,LP Scheduled
2026-05-30,C,15205,1D25215013008SXC11,2026-05-30 23:00:00,2026-05-31 07:00:00,50,19.0,182,LP Scheduled
2026-05-31,A,15205,1D25215013008SXC11,2026-05-31 07:00:00,2026-05-31 15:00:00,50,19.0,182,LP Scheduled
2026-05-31,B,15205,1D25215013008SXC11,2026-05-31 15:00:00,2026-05-31 23:00:00,50,19.0,182,LP Scheduled
2026-05-31,C,15205,1D25215013008SXC11,2026-05-31 23:00:00,2026-06-01 07:00:00,50,19.0,182,LP Scheduled
2026-06-01,A,15205,1D25215013008SXC11,2026-06-01 07:00:00,2026-06-01 15:00:00,50,19.0,182,LP Scheduled
2026-06-01,B,15205,1D25215013008SXC11,2026-06-01 15:00:00,2026-06-01 23:00:00,50,19.0,182,LP Scheduled
2026-06-01,C,15205,1D25215013008SXC11,2026-06-01 23:00:00,2026-06-02 07:00:00,50,19.0,182,LP Scheduled
2026-06-02,A,15205,1D25215013008SXC11,2026-06-02 07:00:00,2026-06-02 15:00:00,50,19.0,182,LP Scheduled
2026-06-02,B,15205,1D25215013008SXC11,2026-06-02 15:00:00,2026-06-02 23:00:00,50,19.0,182,LP Scheduled
2026-06-02,C,15205,1D25215013008SXC11,2026-06-02 23:00:00,2026-06-03 07:00:00,50,19.0,182,LP Scheduled
2026-06-03,A,15205,1D25215013008SXC11,2026-06-03 07:00:00,2026-06-03 15:00:00,50,19.0,182,LP Scheduled
2026-06-03,B,15205,1D25215013008SXC11,2026-06-03 15:00:00,2026-06-03 23:00:00,50,19.0,182,LP Scheduled
2026-06-03,C,15205,1D25215013008SXC11,2026-06-03 23:00:00,2026-06-04 07:00:00,50,19.0,182,LP Scheduled
2026-06-04,A,15205,1D25215013008SXC11,2026-06-04 07:00:00,2026-06-04 15:00:00,50,19.0,182,LP Scheduled
2026-06-04,B,15205,1D25215013008SXC11,2026-06-04 15:00:00,2026-06-04 23:00:00,50,19.0,182,LP Scheduled
2026-06-04,C,15205,1D25215013008SXC11,2026-06-04 23:00:00,2026-06-05 07:00:00,50,19.0,182,LP Scheduled
2026-06-05,A,15205,1D25215013008SXC11,2026-06-05 07:00:00,2026-06-05 15:00:00,50,19.0,182,LP Scheduled
2026-06-05,B,15205,1D25215013008SXC11,2026-06-05 15:00:00,2026-06-05 23:00:00,50,19.0,182,LP Scheduled
2026-06-05,C,15205,1D25215013008SXC11,2026-06-05 23:00:00,2026-06-06 07:00:00,50,19.0,182,LP Scheduled
2026-06-06,A,15205,1D25215013008SXC11,2026-06-06 07:00:00,2026-06-06 15:00:00,50,19.0,182,LP Scheduled
2026-06-06,B,15205,1D25215013008SXC11,2026-06-06 15:00:00,2026-06-06 23:00:00,50,19.0,182,LP Scheduled
2026-06-06,C,15205,1D25215013008SXC11,2026-06-06 23:00:00,2026-06-07 07:00:00,50,19.0,182,LP Scheduled
2026-06-07,A,15205,1D25215013008SXC11,2026-06-07 07:00:00,2026-06-07 15:00:00,50,19.0,182,LP Scheduled
2026-06-07,B,15205,1D25215013008SXC11,2026-06-07 15:00:00,2026-06-07 23:00:00,50,19.0,182,LP Scheduled
2026-06-07,C,15205,1D25215013008SXC11,2026-06-07 23:00:00,2026-06-08 07:00:00,50,19.0,182,LP Scheduled
2026-06-08,A,15205,1D25215013008SXC11,2026-06-08 07:00:00,2026-06-08 15:00:00,50,19.0,182,LP Scheduled
2026-06-08,B,15205,1D25215013008SXC11,2026-06-08 15:00:00,2026-06-08 23:00:00,50,19.0,182,LP Scheduled
2026-06-08,C,15205,1D25215013008SXC11,2026-06-08 23:00:00,2026-06-09 07:00:00,50,19.0,182,LP Scheduled
2026-06-09,A,15205,1D25215013008SXC11,2026-06-09 07:00:00,2026-06-09 15:00:00,50,19.0,182,LP Scheduled
2026-06-09,B,15205,1D25215013008SXC11,2026-06-09 15:00:00,2026-06-09 23:00:00,50,19.0,182,LP Scheduled
2026-06-09,C,15205,1D25215013008SXC11,2026-06-09 23:00:00,2026-06-10 07:00:00,50,19.0,182,LP Scheduled
2026-06-10,A,15205,1D25215013008SXC11,2026-06-10 07:00:00,2026-06-10 15:00:00,50,19.0,182,LP Scheduled
2026-06-10,B,15205,1D25215013008SXC11,2026-06-10 15:00:00,2026-06-10 23:00:00,50,19.0,182,LP Scheduled
2026-06-10,C,15205,1D25215013008SXC11,2026-06-10 23:00:00,2026-06-11 07:00:00,50,19.0,182,LP Scheduled
2026-06-11,A,15205,1D25215013008SXC11,2026-06-11 07:00:00,2026-06-11 15:00:00,50,19.0,182,LP Scheduled
2026-06-11,B,15205,1D25215013008SXC11,2026-06-11 15:00:00,2026-06-11 23:00:00,50,19.0,182,LP Scheduled
2026-06-11,C,15205,1D25215013008SXC11,2026-06-11 23:00:00,2026-06-12 07:00:00,50,19.0,182,LP Scheduled
2026-06-12,A,15205,1D25215013008SXC11,2026-06-12 07:00:00,2026-06-12 15:00:00,50,19.0,182,LP Scheduled
2026-06-12,B,15205,1D25215013008SXC11,2026-06-12 15:00:00,2026-06-12 23:00:00,50,19.0,182,LP Scheduled
2026-06-12,C,15205,1D25215013008SXC11,2026-06-12 23:00:00,2026-06-13 07:00:00,50,19.0,182,LP Scheduled
2026-06-13,A,15205,1D25215013008SXC11,2026-06-13 07:00:00,2026-06-13 15:00:00,50,19.0,182,LP Scheduled
2026-06-13,B,15205,1D25215013008SXC11,2026-06-13 15:00:00,2026-06-13 23:00:00,50,19.0,182,LP Scheduled
2026-06-13,C,15205,1D25215013008SXC11,2026-06-13 23:00:00,2026-06-14 07:00:00,50,19.0,182,LP Scheduled
2026-06-14,A,15205,1D25215013008SXC11,2026-06-14 07:00:00,2026-06-14 15:00:00,50,19.0,182,LP Scheduled
2026-06-14,B,15205,1D25215013008SXC11,2026-06-14 15:00:00,2026-06-14 23:00:00,50,19.0,182,LP Scheduled
2026-06-14,C,15205,1D25215013008SXC11,2026-06-14 23:00:00,2026-06-15 07:00:00,50,19.0,182,LP Scheduled
2026-06-15,A,15205,1D25215013008SXC11,2026-06-15 07:00:00,2026-06-15 15:00:00,50,19.0,182,LP Scheduled
2026-06-15,B,15205,1D25215013008SXC11,2026-06-15 15:00:00,2026-06-15 23:00:00,50,19.0,182,LP Scheduled
2026-06-15,C,15205,1D25215013008SXC11,2026-06-15 23:00:00,2026-06-16 07:00:00,50,19.0,182,LP Scheduled
2026-06-16,A,15205,1D25215013008SXC11,2026-06-16 07:00:00,2026-06-16 15:00:00,50,19.0,182,LP Scheduled
2026-06-16,B,15205,1D25215013008SXC11,2026-06-16 15:00:00,2026-06-16 23:00:00,50,19.0,182,LP Scheduled
2026-06-16,C,15205,1D25215013008SXC11,2026-06-16 23:00:00,2026-06-17 07:00:00,50,19.0,182,LP Scheduled
2026-06-17,A,15205,1D25215013008SXC11,2026-06-17 07:00:00,2026-06-17 15:00:00,50,19.0,182,LP Scheduled
2026-06-17,B,15205,1D25215013008SXC11,2026-06-17 15:00:00,2026-06-17 23:00:00,50,19.0,182,LP Scheduled
2026-06-17,C,15205,1D25215013008SXC11,2026-06-17 23:00:00,2026-06-18 07:00:00,50,19.0,182,LP Scheduled
2026-06-18,A,15205,1D25215013008SXC11,2026-06-18 07:00:00,2026-06-18 15:00:00,50,19.0,182,LP Scheduled
2026-06-18,B,15205,1D25215013008SXC11,2026-06-18 15:00:00,2026-06-18 23:00:00,50,19.0,182,LP Scheduled
2026-06-18,C,15205,1D25215013008SXC11,2026-06-18 23:00:00,2026-06-19 07:00:00,50,19.0,182,LP Scheduled
2026-06-19,A,15205,1D25215013008SXC11,2026-06-19 07:00:00,2026-06-19 15:00:00,50,19.0,182,LP Scheduled
2026-06-19,B,15205,1D25215013008SXC11,2026-06-19 15:00:00,2026-06-19 23:00:00,50,19.0,182,LP Scheduled
2026-06-19,C,15205,1D25215013008SXC11,2026-06-19 23:00:00,2026-06-20 07:00:00,50,19.0,182,LP Scheduled
2026-06-20,A,15205,1D25215013008SXC11,2026-06-20 07:00:00,2026-06-20 15:00:00,50,19.0,182,LP Scheduled
2026-06-20,B,15205,1D25215013008SXC11,2026-06-20 15:00:00,2026-06-20 23:00:00,50,19.0,182,LP Scheduled
2026-06-20,C,15205,1D25215013008SXC11,2026-06-20 23:00:00,2026-06-21 07:00:00,98,19.0,182,LP Scheduled
2026-05-21,B,24802,CHANGEOVER,2026-05-21 15:00:00,2026-05-21 20:00:00,0,0.0,0,C/O from 1325214813075SUNE1 to 1325218515088HURP0
2026-05-21,B,24802,1325218515088HURP0,2026-05-21 20:00:00,2026-05-21 20:51:00,6,17.0,0,LP Scheduled
2026-05-25,A,24809,CHANGEOVER,2026-05-25 14:08:00,2026-05-25 19:08:00,0,0.0,0,C/O from 1325216514079TTMX0 to 1325221416095VURS0
2026-05-25,B,24809,1325221416095VURS0,2026-05-25 19:08:00,2026-05-25 23:00:00,30,15.0,0,LP Scheduled
2026-05-25,C,24809,1325221416095VURS0,2026-05-25 23:00:00,2026-05-26 07:00:00,64,15.0,0,LP Scheduled
2026-05-26,A,24809,1325221416095VURS0,2026-05-26 07:00:00,2026-05-26 15:00:00,64,15.0,0,LP Scheduled
2026-05-26,B,24809,1325221416095VURS0,2026-05-26 15:00:00,2026-05-26 23:00:00,64,15.0,0,LP Scheduled
2026-05-26,C,24809,1325221416095VURS0,2026-05-26 23:00:00,2026-05-27 07:00:00,64,15.0,0,LP Scheduled
2026-05-27,A,24809,1325221416095VURS0,2026-05-27 07:00:00,2026-05-27 07:38:00,6,15.0,0,LP Scheduled
2026-05-21,B,24810,CHANGEOVER,2026-05-21 15:00:00,2026-05-21 20:00:00,0,0.0,0,C/O from 1325214813075SUNE1 to 1325217514082HURP0
2026-05-21,B,24810,1325217514082HURP0,2026-05-21 20:00:00,2026-05-21 23:00:00,22,16.0,0,LP Scheduled
2026-05-21,C,24810,1325217514082HURP0,2026-05-21 23:00:00,2026-05-22 07:00:00,60,16.0,0,LP Scheduled
2026-05-22,A,24810,1325217514082HURP0,2026-05-22 07:00:00,2026-05-22 15:00:00,60,16.0,0,LP Scheduled
2026-05-22,B,24810,1325217514082HURP0,2026-05-22 15:00:00,2026-05-22 23:00:00,60,16.0,0,LP Scheduled
2026-05-22,C,24810,1325217514082HURP0,2026-05-22 23:00:00,2026-05-23 07:00:00,60,16.0,0,LP Scheduled
2026-05-23,A,24810,1325217514082HURP0,2026-05-23 07:00:00,2026-05-23 15:00:00,60,16.0,0,LP Scheduled
2026-05-23,B,24810,1325217514082HURP0,2026-05-23 15:00:00,2026-05-23 23:00:00,60,16.0,0,LP Scheduled
2026-05-23,C,24810,1325217514082HURP0,2026-05-23 23:00:00,2026-05-24 03:44:00,36,16.0,0,LP Scheduled
2026-05-21,A,24815,CHANGEOVER,2026-05-21 14:30:00,2026-05-21 19:30:00,0,0.0,0,C/O from 1325214813075SUNE1 to 1D25115013008QXPC0
2026-05-21,B,24815,1D25115013008QXPC0,2026-05-21 19:30:00,2026-05-21 20:10:00,4,20.0,151,LP Scheduled
2026-05-21,A,24817,CHANGEOVER,2026-05-21 11:30:00,2026-05-21 16:30:00,0,0.0,0,C/O from 1225220Z16008RXC10 to 1325218515088HURL1
2026-05-21,B,24817,1325218515088HURL1,2026-05-21 16:30:00,2026-05-21 23:00:00,44,17.0,0,LP Scheduled
2026-05-21,C,24817,1325218515088HURL1,2026-05-21 23:00:00,2026-05-22 07:00:00,56,17.0,0,LP Scheduled
2026-05-22,A,24817,1325218515088HURL1,2026-05-22 07:00:00,2026-05-22 15:00:00,56,17.0,0,LP Scheduled
2026-05-22,B,24817,1325218515088HURL1,2026-05-22 15:00:00,2026-05-22 23:00:00,56,17.0,0,LP Scheduled
2026-05-22,C,24817,1325218515088HURL1,2026-05-22 23:00:00,2026-05-23 07:00:00,56,17.0,0,LP Scheduled
2026-05-23,A,24817,1325218515088HURL1,2026-05-23 07:00:00,2026-05-23 15:00:00,56,17.0,0,LP Scheduled
2026-05-23,B,24817,1325218515088HURL1,2026-05-23 15:00:00,2026-05-23 23:00:00,56,17.0,0,LP Scheduled
2026-05-23,C,24817,1325218515088HURL1,2026-05-23 23:00:00,2026-05-24 07:00:00,56,17.0,0,LP Scheduled
2026-05-24,A,24817,1325218515088HURL1,2026-05-24 07:00:00,2026-05-24 15:00:00,56,17.0,0,LP Scheduled
2026-05-24,B,24817,1325218515088HURL1,2026-05-24 15:00:00,2026-05-24 23:00:00,56,17.0,0,LP Scheduled
2026-05-24,C,24817,1325218515088HURL1,2026-05-24 23:00:00,2026-05-25 07:00:00,56,17.0,0,LP Scheduled
2026-05-25,A,24817,1325218515088HURL1,2026-05-25 07:00:00,2026-05-25 15:00:00,56,17.0,0,LP Scheduled
2026-05-25,B,24817,1325218515088HURL1,2026-05-25 15:00:00,2026-05-25 23:00:00,56,17.0,0,LP Scheduled
2026-05-25,C,24817,1325218515088HURL1,2026-05-25 23:00:00,2026-05-26 07:00:00,56,17.0,0,LP Scheduled
2026-05-26,A,24817,1325218515088HURL1,2026-05-26 07:00:00,2026-05-26 15:00:00,56,17.0,0,LP Scheduled
2026-05-26,B,24817,1325218515088HURL1,2026-05-26 15:00:00,2026-05-26 23:00:00,56,17.0,0,LP Scheduled
2026-05-26,C,24817,1325218515088HURL1,2026-05-26 23:00:00,2026-05-27 07:00:00,56,17.0,0,LP Scheduled
2026-05-27,A,24817,1325218515088HURL1,2026-05-27 07:00:00,2026-05-27 15:00:00,56,17.0,0,LP Scheduled
2026-05-27,B,24817,1325218515088HURL1,2026-05-27 15:00:00,2026-05-27 16:26:00,20,17.0,0,LP Scheduled
2026-06-07,B,24824,CHANGEOVER,2026-06-07 18:04:00,2026-06-07 23:04:00,0,0.0,0,C/O from 1325220515094VUTR0 to 1D25215013008SXC11
2026-06-07,C,24824,1D25215013008SXC11,2026-06-07 23:04:00,2026-06-08 07:00:00,50,19.0,182,LP Scheduled
2026-06-08,A,24824,1D25215013008SXC11,2026-06-08 07:00:00,2026-06-08 15:00:00,50,19.0,182,LP Scheduled
2026-06-08,B,24824,1D25215013008SXC11,2026-06-08 15:00:00,2026-06-08 23:00:00,50,19.0,182,LP Scheduled
2026-06-08,C,24824,1D25215013008SXC11,2026-06-08 23:00:00,2026-06-09 07:00:00,50,19.0,182,LP Scheduled
2026-06-09,A,24824,1D25215013008SXC11,2026-06-09 07:00:00,2026-06-09 15:00:00,50,19.0,182,LP Scheduled
2026-06-09,B,24824,1D25215013008SXC11,2026-06-09 15:00:00,2026-06-09 23:00:00,50,19.0,182,LP Scheduled
2026-06-09,C,24824,1D25215013008SXC11,2026-06-09 23:00:00,2026-06-10 07:00:00,50,19.0,182,LP Scheduled
2026-06-10,A,24824,1D25215013008SXC11,2026-06-10 07:00:00,2026-06-10 15:00:00,50,19.0,182,LP Scheduled
2026-06-10,B,24824,1D25215013008SXC11,2026-06-10 15:00:00,2026-06-10 23:00:00,50,19.0,182,LP Scheduled
2026-06-10,C,24824,1D25215013008SXC11,2026-06-10 23:00:00,2026-06-11 07:00:00,50,19.0,182,LP Scheduled
2026-06-11,A,24824,1D25215013008SXC11,2026-06-11 07:00:00,2026-06-11 15:00:00,50,19.0,182,LP Scheduled
2026-06-11,B,24824,1D25215013008SXC11,2026-06-11 15:00:00,2026-06-11 23:00:00,50,19.0,182,LP Scheduled
2026-06-11,C,24824,1D25215013008SXC11,2026-06-11 23:00:00,2026-06-12 07:00:00,50,19.0,182,LP Scheduled
2026-06-12,A,24824,1D25215013008SXC11,2026-06-12 07:00:00,2026-06-12 15:00:00,50,19.0,182,LP Scheduled
2026-06-12,B,24824,1D25215013008SXC11,2026-06-12 15:00:00,2026-06-12 23:00:00,50,19.0,182,LP Scheduled
2026-06-12,C,24824,1D25215013008SXC11,2026-06-12 23:00:00,2026-06-13 07:00:00,50,19.0,182,LP Scheduled
2026-06-13,A,24824,1D25215013008SXC11,2026-06-13 07:00:00,2026-06-13 15:00:00,50,19.0,182,LP Scheduled
2026-06-13,B,24824,1D25215013008SXC11,2026-06-13 15:00:00,2026-06-13 23:00:00,50,19.0,182,LP Scheduled
2026-06-13,C,24824,1D25215013008SXC11,2026-06-13 23:00:00,2026-06-14 07:00:00,50,19.0,182,LP Scheduled
2026-06-14,A,24824,1D25215013008SXC11,2026-06-14 07:00:00,2026-06-14 15:00:00,50,19.0,182,LP Scheduled
2026-06-14,B,24824,1D25215013008SXC11,2026-06-14 15:00:00,2026-06-14 23:00:00,50,19.0,182,LP Scheduled
2026-06-14,C,24824,1D25215013008SXC11,2026-06-14 23:00:00,2026-06-15 07:00:00,50,19.0,182,LP Scheduled
2026-06-15,A,24824,1D25215013008SXC11,2026-06-15 07:00:00,2026-06-15 15:00:00,50,19.0,182,LP Scheduled
2026-06-15,B,24824,1D25215013008SXC11,2026-06-15 15:00:00,2026-06-15 23:00:00,50,19.0,182,LP Scheduled
2026-06-15,C,24824,1D25215013008SXC11,2026-06-15 23:00:00,2026-06-16 07:00:00,50,19.0,182,LP Scheduled
2026-06-16,A,24824,1D25215013008SXC11,2026-06-16 07:00:00,2026-06-16 15:00:00,50,19.0,182,LP Scheduled
2026-06-16,B,24824,1D25215013008SXC11,2026-06-16 15:00:00,2026-06-16 23:00:00,50,19.0,182,LP Scheduled
2026-06-16,C,24824,1D25215013008SXC11,2026-06-16 23:00:00,2026-06-17 07:00:00,50,19.0,182,LP Scheduled
2026-06-17,A,24824,1D25215013008SXC11,2026-06-17 07:00:00,2026-06-17 15:00:00,50,19.0,182,LP Scheduled
2026-06-17,B,24824,1D25215013008SXC11,2026-06-17 15:00:00,2026-06-17 23:00:00,50,19.0,182,LP Scheduled
2026-06-17,C,24824,1D25215013008SXC11,2026-06-17 23:00:00,2026-06-18 07:00:00,50,19.0,182,LP Scheduled
2026-06-18,A,24824,1D25215013008SXC11,2026-06-18 07:00:00,2026-06-18 15:00:00,50,19.0,182,LP Scheduled
2026-06-18,B,24824,1D25215013008SXC11,2026-06-18 15:00:00,2026-06-18 23:00:00,50,19.0,182,LP Scheduled
2026-06-18,C,24824,1D25215013008SXC11,2026-06-18 23:00:00,2026-06-19 07:00:00,50,19.0,182,LP Scheduled
2026-06-19,A,24824,1D25215013008SXC11,2026-06-19 07:00:00,2026-06-19 15:00:00,50,19.0,182,LP Scheduled
2026-06-19,B,24824,1D25215013008SXC11,2026-06-19 15:00:00,2026-06-19 23:00:00,50,19.0,182,LP Scheduled
2026-06-19,C,24824,1D25215013008SXC11,2026-06-19 23:00:00,2026-06-20 07:00:00,50,19.0,182,LP Scheduled
2026-06-20,A,24824,1D25215013008SXC11,2026-06-20 07:00:00,2026-06-20 15:00:00,50,19.0,182,LP Scheduled
2026-06-20,B,24824,1D25215013008SXC11,2026-06-20 15:00:00,2026-06-20 23:00:00,50,19.0,182,LP Scheduled
2026-06-20,C,24824,1D25215013008SXC11,2026-06-20 23:00:00,2026-06-21 06:54:00,70,19.0,182,LP Scheduled
2026-05-21,A,24825,CHANGEOVER,2026-05-21 14:30:00,2026-05-21 19:30:00,0,0.0,0,C/O from 1325214813075SUNE1 to 1D25215013008SXC11
2026-05-21,B,24825,1D25215013008SXC11,2026-05-21 19:30:00,2026-05-21 23:00:00,22,19.0,182,LP Scheduled
2026-05-21,C,24825,1D25215013008SXC11,2026-05-21 23:00:00,2026-05-22 07:00:00,50,19.0,182,LP Scheduled
2026-05-22,A,24825,1D25215013008SXC11,2026-05-22 07:00:00,2026-05-22 15:00:00,50,19.0,182,LP Scheduled
2026-05-22,B,24825,1D25215013008SXC11,2026-05-22 15:00:00,2026-05-22 23:00:00,50,19.0,182,LP Scheduled
2026-05-22,C,24825,1D25215013008SXC11,2026-05-22 23:00:00,2026-05-23 07:00:00,50,19.0,182,LP Scheduled
2026-05-23,A,24825,1D25215013008SXC11,2026-05-23 07:00:00,2026-05-23 15:00:00,50,19.0,182,LP Scheduled
2026-05-23,B,24825,1D25215013008SXC11,2026-05-23 15:00:00,2026-05-23 23:00:00,50,19.0,182,LP Scheduled
2026-05-23,C,24825,1D25215013008SXC11,2026-05-23 23:00:00,2026-05-24 07:00:00,50,19.0,182,LP Scheduled
2026-05-24,A,24825,1D25215013008SXC11,2026-05-24 07:00:00,2026-05-24 15:00:00,50,19.0,182,LP Scheduled
2026-05-24,B,24825,1D25215013008SXC11,2026-05-24 15:00:00,2026-05-24 23:00:00,50,19.0,182,LP Scheduled
2026-05-24,C,24825,1D25215013008SXC11,2026-05-24 23:00:00,2026-05-25 07:00:00,50,19.0,182,LP Scheduled
2026-05-25,A,24825,1D25215013008SXC11,2026-05-25 07:00:00,2026-05-25 15:00:00,50,19.0,182,LP Scheduled
2026-05-25,B,24825,1D25215013008SXC11,2026-05-25 15:00:00,2026-05-25 23:00:00,50,19.0,182,LP Scheduled
2026-05-25,C,24825,1D25215013008SXC11,2026-05-25 23:00:00,2026-05-26 07:00:00,50,19.0,182,LP Scheduled
2026-05-26,A,24825,1D25215013008SXC11,2026-05-26 07:00:00,2026-05-26 15:00:00,50,19.0,182,LP Scheduled
2026-05-26,B,24825,1D25215013008SXC11,2026-05-26 15:00:00,2026-05-26 23:00:00,50,19.0,182,LP Scheduled
2026-05-26,C,24825,1D25215013008SXC11,2026-05-26 23:00:00,2026-05-27 07:00:00,50,19.0,182,LP Scheduled
2026-05-27,A,24825,1D25215013008SXC11,2026-05-27 07:00:00,2026-05-27 15:00:00,50,19.0,182,LP Scheduled
2026-05-27,B,24825,1D25215013008SXC11,2026-05-27 15:00:00,2026-05-27 23:00:00,50,19.0,182,LP Scheduled
2026-05-27,C,24825,1D25215013008SXC11,2026-05-27 23:00:00,2026-05-28 07:00:00,50,19.0,182,LP Scheduled
2026-05-28,A,24825,1D25215013008SXC11,2026-05-28 07:00:00,2026-05-28 15:00:00,50,19.0,182,LP Scheduled
2026-05-28,B,24825,1D25215013008SXC11,2026-05-28 15:00:00,2026-05-28 23:00:00,50,19.0,182,LP Scheduled
2026-05-28,C,24825,1D25215013008SXC11,2026-05-28 23:00:00,2026-05-29 07:00:00,50,19.0,182,LP Scheduled
2026-05-29,A,24825,1D25215013008SXC11,2026-05-29 07:00:00,2026-05-29 15:00:00,50,19.0,182,LP Scheduled
2026-05-29,B,24825,1D25215013008SXC11,2026-05-29 15:00:00,2026-05-29 23:00:00,50,19.0,182,LP Scheduled
2026-05-29,C,24825,1D25215013008SXC11,2026-05-29 23:00:00,2026-05-30 07:00:00,50,19.0,182,LP Scheduled
2026-05-30,A,24825,1D25215013008SXC11,2026-05-30 07:00:00,2026-05-30 15:00:00,50,19.0,182,LP Scheduled
2026-05-30,B,24825,1D25215013008SXC11,2026-05-30 15:00:00,2026-05-30 23:00:00,50,19.0,182,LP Scheduled
2026-05-30,C,24825,1D25215013008SXC11,2026-05-30 23:00:00,2026-05-31 07:00:00,50,19.0,182,LP Scheduled
2026-05-31,A,24825,1D25215013008SXC11,2026-05-31 07:00:00,2026-05-31 15:00:00,50,19.0,182,LP Scheduled
2026-05-31,B,24825,1D25215013008SXC11,2026-05-31 15:00:00,2026-05-31 23:00:00,50,19.0,182,LP Scheduled
2026-05-31,C,24825,1D25215013008SXC11,2026-05-31 23:00:00,2026-06-01 07:00:00,50,19.0,182,LP Scheduled
2026-06-01,A,24825,1D25215013008SXC11,2026-06-01 07:00:00,2026-06-01 15:00:00,50,19.0,182,LP Scheduled
2026-06-01,B,24825,1D25215013008SXC11,2026-06-01 15:00:00,2026-06-01 23:00:00,50,19.0,182,LP Scheduled
2026-06-01,C,24825,1D25215013008SXC11,2026-06-01 23:00:00,2026-06-02 07:00:00,50,19.0,182,LP Scheduled
2026-06-02,A,24825,1D25215013008SXC11,2026-06-02 07:00:00,2026-06-02 15:00:00,50,19.0,182,LP Scheduled
2026-06-02,B,24825,1D25215013008SXC11,2026-06-02 15:00:00,2026-06-02 23:00:00,50,19.0,182,LP Scheduled
2026-06-02,C,24825,1D25215013008SXC11,2026-06-02 23:00:00,2026-06-03 07:00:00,50,19.0,182,LP Scheduled
2026-06-03,A,24825,1D25215013008SXC11,2026-06-03 07:00:00,2026-06-03 15:00:00,50,19.0,182,LP Scheduled
2026-06-03,B,24825,1D25215013008SXC11,2026-06-03 15:00:00,2026-06-03 23:00:00,50,19.0,182,LP Scheduled
2026-06-03,C,24825,1D25215013008SXC11,2026-06-03 23:00:00,2026-06-04 07:00:00,50,19.0,182,LP Scheduled
2026-06-04,A,24825,1D25215013008SXC11,2026-06-04 07:00:00,2026-06-04 15:00:00,50,19.0,182,LP Scheduled
2026-06-04,B,24825,1D25215013008SXC11,2026-06-04 15:00:00,2026-06-04 23:00:00,50,19.0,182,LP Scheduled
2026-06-04,C,24825,1D25215013008SXC11,2026-06-04 23:00:00,2026-06-05 07:00:00,50,19.0,182,LP Scheduled
2026-06-05,A,24825,1D25215013008SXC11,2026-06-05 07:00:00,2026-06-05 15:00:00,50,19.0,182,LP Scheduled
2026-06-05,B,24825,1D25215013008SXC11,2026-06-05 15:00:00,2026-06-05 23:00:00,50,19.0,182,LP Scheduled
2026-06-05,C,24825,1D25215013008SXC11,2026-06-05 23:00:00,2026-06-06 07:00:00,50,19.0,182,LP Scheduled
2026-06-06,A,24825,1D25215013008SXC11,2026-06-06 07:00:00,2026-06-06 15:00:00,50,19.0,182,LP Scheduled
2026-06-06,B,24825,1D25215013008SXC11,2026-06-06 15:00:00,2026-06-06 23:00:00,50,19.0,182,LP Scheduled
2026-06-06,C,24825,1D25215013008SXC11,2026-06-06 23:00:00,2026-06-07 07:00:00,50,19.0,182,LP Scheduled
2026-06-07,A,24825,1D25215013008SXC11,2026-06-07 07:00:00,2026-06-07 15:00:00,50,19.0,182,LP Scheduled
2026-06-07,B,24825,1D25215013008SXC11,2026-06-07 15:00:00,2026-06-07 23:00:00,50,19.0,182,LP Scheduled
2026-06-07,C,24825,1D25215013008SXC11,2026-06-07 23:00:00,2026-06-07 23:10:00,28,19.0,182,LP Scheduled
2026-06-07,C,24825,CHANGEOVER,2026-06-07 23:10:00,2026-06-08 04:10:00,0,0.0,0,C/O from 1D25215013008SXC11 to 1325218515088TURS0
2026-06-08,C,24825,1325218515088TURS0,2026-06-08 04:10:00,2026-06-08 07:00:00,22,15.0,0,LP Scheduled
2026-06-08,A,24825,1325218515088TURS0,2026-06-08 07:00:00,2026-06-08 15:00:00,64,15.0,0,LP Scheduled
2026-06-08,B,24825,1325218515088TURS0,2026-06-08 15:00:00,2026-06-08 23:00:00,64,15.0,0,LP Scheduled
2026-06-08,C,24825,1325218515088TURS0,2026-06-08 23:00:00,2026-06-09 07:00:00,64,15.0,0,LP Scheduled
2026-06-09,A,24825,1325218515088TURS0,2026-06-09 07:00:00,2026-06-09 15:00:00,64,15.0,0,LP Scheduled
2026-06-09,B,24825,1325218515088TURS0,2026-06-09 15:00:00,2026-06-09 17:10:00,18,15.0,0,LP Scheduled
2026-05-23,C,75206,CHANGEOVER,2026-05-23 06:30:00,2026-05-23 11:30:00,0,0.0,0,C/O from 1225121716010SXC10 to 1225175016012NJTL0
2026-05-23,A,75206,1225175016012NJTL0,2026-05-23 11:30:00,2026-05-23 12:13:00,2,43.0,0,LP Scheduled
2026-05-23,A,75206,CHANGEOVER,2026-05-23 12:13:00,2026-05-23 17:13:00,0,0.0,0,C/O from 1225175016012NJTL0 to 1D25215013008SXC11
2026-05-23,B,75206,1D25215013008SXC11,2026-05-23 17:13:00,2026-05-23 23:00:00,36,19.0,182,LP Scheduled
2026-05-23,C,75206,1D25215013008SXC11,2026-05-23 23:00:00,2026-05-24 07:00:00,50,19.0,182,LP Scheduled
2026-05-24,A,75206,1D25215013008SXC11,2026-05-24 07:00:00,2026-05-24 15:00:00,50,19.0,182,LP Scheduled
2026-05-24,B,75206,1D25215013008SXC11,2026-05-24 15:00:00,2026-05-24 23:00:00,50,19.0,182,LP Scheduled
2026-05-24,C,75206,1D25215013008SXC11,2026-05-24 23:00:00,2026-05-25 07:00:00,50,19.0,182,LP Scheduled
2026-05-25,A,75206,1D25215013008SXC11,2026-05-25 07:00:00,2026-05-25 15:00:00,50,19.0,182,LP Scheduled
2026-05-25,B,75206,1D25215013008SXC11,2026-05-25 15:00:00,2026-05-25 23:00:00,50,19.0,182,LP Scheduled
2026-05-25,C,75206,1D25215013008SXC11,2026-05-25 23:00:00,2026-05-26 07:00:00,50,19.0,182,LP Scheduled
2026-05-26,A,75206,1D25215013008SXC11,2026-05-26 07:00:00,2026-05-26 15:00:00,50,19.0,182,LP Scheduled
2026-05-26,B,75206,1D25215013008SXC11,2026-05-26 15:00:00,2026-05-26 23:00:00,50,19.0,182,LP Scheduled
2026-05-26,C,75206,1D25215013008SXC11,2026-05-26 23:00:00,2026-05-27 07:00:00,50,19.0,182,LP Scheduled
2026-05-27,A,75206,1D25215013008SXC11,2026-05-27 07:00:00,2026-05-27 15:00:00,50,19.0,182,LP Scheduled
2026-05-27,B,75206,1D25215013008SXC11,2026-05-27 15:00:00,2026-05-27 23:00:00,50,19.0,182,LP Scheduled
2026-05-27,C,75206,1D25215013008SXC11,2026-05-27 23:00:00,2026-05-28 07:00:00,50,19.0,182,LP Scheduled
2026-05-28,A,75206,1D25215013008SXC11,2026-05-28 07:00:00,2026-05-28 15:00:00,50,19.0,182,LP Scheduled
2026-05-28,B,75206,1D25215013008SXC11,2026-05-28 15:00:00,2026-05-28 23:00:00,50,19.0,182,LP Scheduled
2026-05-28,C,75206,1D25215013008SXC11,2026-05-28 23:00:00,2026-05-29 07:00:00,50,19.0,182,LP Scheduled
2026-05-29,A,75206,1D25215013008SXC11,2026-05-29 07:00:00,2026-05-29 15:00:00,50,19.0,182,LP Scheduled
2026-05-29,B,75206,1D25215013008SXC11,2026-05-29 15:00:00,2026-05-29 23:00:00,50,19.0,182,LP Scheduled
2026-05-29,C,75206,1D25215013008SXC11,2026-05-29 23:00:00,2026-05-30 07:00:00,50,19.0,182,LP Scheduled
2026-05-30,A,75206,1D25215013008SXC11,2026-05-30 07:00:00,2026-05-30 15:00:00,50,19.0,182,LP Scheduled
2026-05-30,B,75206,1D25215013008SXC11,2026-05-30 15:00:00,2026-05-30 23:00:00,50,19.0,182,LP Scheduled
2026-05-30,C,75206,1D25215013008SXC11,2026-05-30 23:00:00,2026-05-31 07:00:00,50,19.0,182,LP Scheduled
2026-05-31,A,75206,1D25215013008SXC11,2026-05-31 07:00:00,2026-05-31 15:00:00,50,19.0,182,LP Scheduled
2026-05-31,B,75206,1D25215013008SXC11,2026-05-31 15:00:00,2026-05-31 23:00:00,50,19.0,182,LP Scheduled
2026-05-31,C,75206,1D25215013008SXC11,2026-05-31 23:00:00,2026-06-01 07:00:00,50,19.0,182,LP Scheduled
2026-06-01,A,75206,1D25215013008SXC11,2026-06-01 07:00:00,2026-06-01 15:00:00,50,19.0,182,LP Scheduled
2026-06-01,B,75206,1D25215013008SXC11,2026-06-01 15:00:00,2026-06-01 23:00:00,50,19.0,182,LP Scheduled
2026-06-01,C,75206,1D25215013008SXC11,2026-06-01 23:00:00,2026-06-02 07:00:00,50,19.0,182,LP Scheduled
2026-06-02,A,75206,1D25215013008SXC11,2026-06-02 07:00:00,2026-06-02 15:00:00,50,19.0,182,LP Scheduled
2026-06-02,B,75206,1D25215013008SXC11,2026-06-02 15:00:00,2026-06-02 23:00:00,50,19.0,182,LP Scheduled
2026-06-02,C,75206,1D25215013008SXC11,2026-06-02 23:00:00,2026-06-03 07:00:00,50,19.0,182,LP Scheduled
2026-06-03,A,75206,1D25215013008SXC11,2026-06-03 07:00:00,2026-06-03 15:00:00,50,19.0,182,LP Scheduled
2026-06-03,B,75206,1D25215013008SXC11,2026-06-03 15:00:00,2026-06-03 23:00:00,50,19.0,182,LP Scheduled
2026-06-03,C,75206,1D25215013008SXC11,2026-06-03 23:00:00,2026-06-04 07:00:00,50,19.0,182,LP Scheduled
2026-06-04,A,75206,1D25215013008SXC11,2026-06-04 07:00:00,2026-06-04 15:00:00,50,19.0,182,LP Scheduled
2026-06-04,B,75206,1D25215013008SXC11,2026-06-04 15:00:00,2026-06-04 23:00:00,50,19.0,182,LP Scheduled
2026-06-04,C,75206,1D25215013008SXC11,2026-06-04 23:00:00,2026-06-05 07:00:00,50,19.0,182,LP Scheduled
2026-06-05,A,75206,1D25215013008SXC11,2026-06-05 07:00:00,2026-06-05 15:00:00,50,19.0,182,LP Scheduled
2026-06-05,B,75206,1D25215013008SXC11,2026-06-05 15:00:00,2026-06-05 23:00:00,50,19.0,182,LP Scheduled
2026-06-05,C,75206,1D25215013008SXC11,2026-06-05 23:00:00,2026-06-06 07:00:00,50,19.0,182,LP Scheduled
2026-06-06,A,75206,1D25215013008SXC11,2026-06-06 07:00:00,2026-06-06 15:00:00,50,19.0,182,LP Scheduled
2026-06-06,B,75206,1D25215013008SXC11,2026-06-06 15:00:00,2026-06-06 23:00:00,50,19.0,182,LP Scheduled
2026-06-06,C,75206,1D25215013008SXC11,2026-06-06 23:00:00,2026-06-07 07:00:00,50,19.0,182,LP Scheduled
2026-06-07,A,75206,1D25215013008SXC11,2026-06-07 07:00:00,2026-06-07 15:00:00,50,19.0,182,LP Scheduled
2026-06-07,B,75206,1D25215013008SXC11,2026-06-07 15:00:00,2026-06-07 23:00:00,50,19.0,182,LP Scheduled
2026-06-07,C,75206,1D25215013008SXC11,2026-06-07 23:00:00,2026-06-08 07:00:00,50,19.0,182,LP Scheduled
2026-06-08,A,75206,1D25215013008SXC11,2026-06-08 07:00:00,2026-06-08 15:00:00,50,19.0,182,LP Scheduled
2026-06-08,B,75206,1D25215013008SXC11,2026-06-08 15:00:00,2026-06-08 23:00:00,50,19.0,182,LP Scheduled
2026-06-08,C,75206,1D25215013008SXC11,2026-06-08 23:00:00,2026-06-09 07:00:00,50,19.0,182,LP Scheduled
2026-06-09,A,75206,1D25215013008SXC11,2026-06-09 07:00:00,2026-06-09 15:00:00,50,19.0,182,LP Scheduled
2026-06-09,B,75206,1D25215013008SXC11,2026-06-09 15:00:00,2026-06-09 23:00:00,50,19.0,182,LP Scheduled
2026-06-09,C,75206,1D25215013008SXC11,2026-06-09 23:00:00,2026-06-10 07:00:00,50,19.0,182,LP Scheduled
2026-06-10,A,75206,1D25215013008SXC11,2026-06-10 07:00:00,2026-06-10 15:00:00,50,19.0,182,LP Scheduled
2026-06-10,B,75206,1D25215013008SXC11,2026-06-10 15:00:00,2026-06-10 23:00:00,50,19.0,182,LP Scheduled
2026-06-10,C,75206,1D25215013008SXC11,2026-06-10 23:00:00,2026-06-11 07:00:00,50,19.0,182,LP Scheduled
2026-06-11,A,75206,1D25215013008SXC11,2026-06-11 07:00:00,2026-06-11 15:00:00,50,19.0,182,LP Scheduled
2026-06-11,B,75206,1D25215013008SXC11,2026-06-11 15:00:00,2026-06-11 23:00:00,50,19.0,182,LP Scheduled
2026-06-11,C,75206,1D25215013008SXC11,2026-06-11 23:00:00,2026-06-12 07:00:00,50,19.0,182,LP Scheduled
2026-06-12,A,75206,1D25215013008SXC11,2026-06-12 07:00:00,2026-06-12 15:00:00,50,19.0,182,LP Scheduled
2026-06-12,B,75206,1D25215013008SXC11,2026-06-12 15:00:00,2026-06-12 23:00:00,50,19.0,182,LP Scheduled
2026-06-12,C,75206,1D25215013008SXC11,2026-06-12 23:00:00,2026-06-13 07:00:00,50,19.0,182,LP Scheduled
2026-06-13,A,75206,1D25215013008SXC11,2026-06-13 07:00:00,2026-06-13 15:00:00,50,19.0,182,LP Scheduled
2026-06-13,B,75206,1D25215013008SXC11,2026-06-13 15:00:00,2026-06-13 23:00:00,50,19.0,182,LP Scheduled
2026-06-13,C,75206,1D25215013008SXC11,2026-06-13 23:00:00,2026-06-14 07:00:00,50,19.0,182,LP Scheduled
2026-06-14,A,75206,1D25215013008SXC11,2026-06-14 07:00:00,2026-06-14 15:00:00,50,19.0,182,LP Scheduled
2026-06-14,B,75206,1D25215013008SXC11,2026-06-14 15:00:00,2026-06-14 23:00:00,50,19.0,182,LP Scheduled
2026-06-14,C,75206,1D25215013008SXC11,2026-06-14 23:00:00,2026-06-15 07:00:00,50,19.0,182,LP Scheduled
2026-06-15,A,75206,1D25215013008SXC11,2026-06-15 07:00:00,2026-06-15 15:00:00,50,19.0,182,LP Scheduled
2026-06-15,B,75206,1D25215013008SXC11,2026-06-15 15:00:00,2026-06-15 23:00:00,50,19.0,182,LP Scheduled
2026-06-15,C,75206,1D25215013008SXC11,2026-06-15 23:00:00,2026-06-16 07:00:00,50,19.0,182,LP Scheduled
2026-06-16,A,75206,1D25215013008SXC11,2026-06-16 07:00:00,2026-06-16 15:00:00,50,19.0,182,LP Scheduled
2026-06-16,B,75206,1D25215013008SXC11,2026-06-16 15:00:00,2026-06-16 23:00:00,50,19.0,182,LP Scheduled
2026-06-16,C,75206,1D25215013008SXC11,2026-06-16 23:00:00,2026-06-17 07:00:00,50,19.0,182,LP Scheduled
2026-06-17,A,75206,1D25215013008SXC11,2026-06-17 07:00:00,2026-06-17 15:00:00,50,19.0,182,LP Scheduled
2026-06-17,B,75206,1D25215013008SXC11,2026-06-17 15:00:00,2026-06-17 23:00:00,50,19.0,182,LP Scheduled
2026-06-17,C,75206,1D25215013008SXC11,2026-06-17 23:00:00,2026-06-18 07:00:00,50,19.0,182,LP Scheduled
2026-06-18,A,75206,1D25215013008SXC11,2026-06-18 07:00:00,2026-06-18 15:00:00,50,19.0,182,LP Scheduled
2026-06-18,B,75206,1D25215013008SXC11,2026-06-18 15:00:00,2026-06-18 23:00:00,50,19.0,182,LP Scheduled
2026-06-18,C,75206,1D25215013008SXC11,2026-06-18 23:00:00,2026-06-19 07:00:00,50,19.0,182,LP Scheduled
2026-06-19,A,75206,1D25215013008SXC11,2026-06-19 07:00:00,2026-06-19 15:00:00,50,19.0,182,LP Scheduled
2026-06-19,B,75206,1D25215013008SXC11,2026-06-19 15:00:00,2026-06-19 23:00:00,50,19.0,182,LP Scheduled
2026-06-19,C,75206,1D25215013008SXC11,2026-06-19 23:00:00,2026-06-20 07:00:00,50,19.0,182,LP Scheduled
2026-06-20,A,75206,1D25215013008SXC11,2026-06-20 07:00:00,2026-06-20 15:00:00,50,19.0,182,LP Scheduled
2026-06-20,B,75206,1D25215013008SXC11,2026-06-20 15:00:00,2026-06-20 23:00:00,50,19.0,182,LP Scheduled
2026-06-20,C,75206,1D25215013008SXC11,2026-06-20 23:00:00,2026-06-21 06:48:00,94,19.0,182,LP Scheduled
2026-05-21,A,75209,CHANGEOVER,2026-05-21 14:30:00,2026-05-21 19:30:00,0,0.0,0,C/O from 1325214813075SUNE1 to 1325219316087VURP0
2026-05-21,B,75209,1325219316087VURP0,2026-05-21 19:30:00,2026-05-21 19:46:00,2,16.0,0,LP Scheduled
2026-05-26,B,75214,CHANGEOVER,2026-05-26 18:25:00,2026-05-26 23:25:00,0,0.0,0,C/O from 1325223517104HRHT0 to 1325218515088HURL1
2026-05-26,C,75214,1325218515088HURL1,2026-05-26 23:25:00,2026-05-27 07:00:00,52,17.0,0,LP Scheduled
2026-05-27,A,75214,1325218515088HURL1,2026-05-27 07:00:00,2026-05-27 15:00:00,56,17.0,0,LP Scheduled
2026-05-27,B,75214,1325218515088HURL1,2026-05-27 15:00:00,2026-05-27 23:00:00,56,17.0,0,LP Scheduled
2026-05-27,C,75214,1325218515088HURL1,2026-05-27 23:00:00,2026-05-28 07:00:00,56,17.0,0,LP Scheduled
2026-05-28,A,75214,1325218515088HURL1,2026-05-28 07:00:00,2026-05-28 15:00:00,56,17.0,0,LP Scheduled
2026-05-28,B,75214,1325218515088HURL1,2026-05-28 15:00:00,2026-05-28 23:00:00,56,17.0,0,LP Scheduled
2026-05-28,C,75214,1325218515088HURL1,2026-05-28 23:00:00,2026-05-29 07:00:00,56,17.0,0,LP Scheduled
2026-05-29,A,75214,1325218515088HURL1,2026-05-29 07:00:00,2026-05-29 15:00:00,56,17.0,0,LP Scheduled
2026-05-29,B,75214,1325218515088HURL1,2026-05-29 15:00:00,2026-05-29 23:00:00,56,17.0,0,LP Scheduled
2026-05-29,C,75214,1325218515088HURL1,2026-05-29 23:00:00,2026-05-30 07:00:00,56,17.0,0,LP Scheduled
2026-05-30,A,75214,1325218515088HURL1,2026-05-30 07:00:00,2026-05-30 15:00:00,56,17.0,0,LP Scheduled
2026-05-30,B,75214,1325218515088HURL1,2026-05-30 15:00:00,2026-05-30 23:00:00,56,17.0,0,LP Scheduled
2026-05-30,C,75214,1325218515088HURL1,2026-05-30 23:00:00,2026-05-31 07:00:00,56,17.0,0,LP Scheduled
2026-05-31,A,75214,1325218515088HURL1,2026-05-31 07:00:00,2026-05-31 15:00:00,56,17.0,0,LP Scheduled
2026-05-31,B,75214,1325218515088HURL1,2026-05-31 15:00:00,2026-05-31 23:00:00,56,17.0,0,LP Scheduled
2026-05-31,C,75214,1325218515088HURL1,2026-05-31 23:00:00,2026-06-01 07:00:00,56,17.0,0,LP Scheduled
2026-06-01,A,75214,1325218515088HURL1,2026-06-01 07:00:00,2026-06-01 15:00:00,56,17.0,0,LP Scheduled
2026-06-01,B,75214,1325218515088HURL1,2026-06-01 15:00:00,2026-06-01 23:00:00,56,17.0,0,LP Scheduled
2026-06-01,C,75214,1325218515088HURL1,2026-06-01 23:00:00,2026-06-02 07:00:00,56,17.0,0,LP Scheduled
2026-06-02,A,75214,1325218515088HURL1,2026-06-02 07:00:00,2026-06-02 15:00:00,56,17.0,0,LP Scheduled
2026-06-02,B,75214,1325218515088HURL1,2026-06-02 15:00:00,2026-06-02 23:00:00,56,17.0,0,LP Scheduled
2026-06-02,C,75214,1325218515088HURL1,2026-06-02 23:00:00,2026-06-03 07:00:00,56,17.0,0,LP Scheduled
2026-06-03,A,75214,1325218515088HURL1,2026-06-03 07:00:00,2026-06-03 15:00:00,56,17.0,0,LP Scheduled
2026-06-03,B,75214,1325218515088HURL1,2026-06-03 15:00:00,2026-06-03 23:00:00,56,17.0,0,LP Scheduled
2026-06-03,C,75214,1325218515088HURL1,2026-06-03 23:00:00,2026-06-04 07:00:00,56,17.0,0,LP Scheduled
2026-06-04,A,75214,1325218515088HURL1,2026-06-04 07:00:00,2026-06-04 15:00:00,56,17.0,0,LP Scheduled
2026-06-04,B,75214,1325218515088HURL1,2026-06-04 15:00:00,2026-06-04 23:00:00,56,17.0,0,LP Scheduled
2026-06-04,C,75214,1325218515088HURL1,2026-06-04 23:00:00,2026-06-05 07:00:00,56,17.0,0,LP Scheduled
2026-06-05,A,75214,1325218515088HURL1,2026-06-05 07:00:00,2026-06-05 15:00:00,56,17.0,0,LP Scheduled
2026-06-05,B,75214,1325218515088HURL1,2026-06-05 15:00:00,2026-06-05 23:00:00,56,17.0,0,LP Scheduled
2026-06-05,C,75214,1325218515088HURL1,2026-06-05 23:00:00,2026-06-06 07:00:00,56,17.0,0,LP Scheduled
2026-06-06,A,75214,1325218515088HURL1,2026-06-06 07:00:00,2026-06-06 15:00:00,56,17.0,0,LP Scheduled
2026-06-06,B,75214,1325218515088HURL1,2026-06-06 15:00:00,2026-06-06 23:00:00,56,17.0,0,LP Scheduled
2026-06-06,C,75214,1325218515088HURL1,2026-06-06 23:00:00,2026-06-07 07:00:00,56,17.0,0,LP Scheduled
2026-06-07,A,75214,1325218515088HURL1,2026-06-07 07:00:00,2026-06-07 15:00:00,56,17.0,0,LP Scheduled
2026-06-07,B,75214,1325218515088HURL1,2026-06-07 15:00:00,2026-06-07 23:00:00,56,17.0,0,LP Scheduled
2026-06-07,C,75214,1325218515088HURL1,2026-06-07 23:00:00,2026-06-08 07:00:00,56,17.0,0,LP Scheduled
2026-06-08,A,75214,1325218515088HURL1,2026-06-08 07:00:00,2026-06-08 15:00:00,56,17.0,0,LP Scheduled
2026-06-08,B,75214,1325218515088HURL1,2026-06-08 15:00:00,2026-06-08 23:00:00,56,17.0,0,LP Scheduled
2026-06-08,C,75214,1325218515088HURL1,2026-06-08 23:00:00,2026-06-09 07:00:00,56,17.0,0,LP Scheduled
2026-06-09,A,75214,1325218515088HURL1,2026-06-09 07:00:00,2026-06-09 15:00:00,56,17.0,0,LP Scheduled
2026-06-09,B,75214,1325218515088HURL1,2026-06-09 15:00:00,2026-06-09 23:00:00,56,17.0,0,LP Scheduled
2026-06-09,C,75214,1325218515088HURL1,2026-06-09 23:00:00,2026-06-10 07:00:00,56,17.0,0,LP Scheduled
2026-06-10,A,75214,1325218515088HURL1,2026-06-10 07:00:00,2026-06-10 15:00:00,56,17.0,0,LP Scheduled
2026-06-10,B,75214,1325218515088HURL1,2026-06-10 15:00:00,2026-06-10 23:00:00,56,17.0,0,LP Scheduled
2026-06-10,C,75214,1325218515088HURL1,2026-06-10 23:00:00,2026-06-11 07:00:00,56,17.0,0,LP Scheduled
2026-06-11,A,75214,1325218515088HURL1,2026-06-11 07:00:00,2026-06-11 15:00:00,56,17.0,0,LP Scheduled
2026-06-11,B,75214,1325218515088HURL1,2026-06-11 15:00:00,2026-06-11 23:00:00,56,17.0,0,LP Scheduled
2026-06-11,C,75214,1325218515088HURL1,2026-06-11 23:00:00,2026-06-12 07:00:00,56,17.0,0,LP Scheduled
2026-06-12,A,75214,1325218515088HURL1,2026-06-12 07:00:00,2026-06-12 15:00:00,56,17.0,0,LP Scheduled
2026-06-12,B,75214,1325218515088HURL1,2026-06-12 15:00:00,2026-06-12 23:00:00,56,17.0,0,LP Scheduled
2026-06-12,C,75214,1325218515088HURL1,2026-06-12 23:00:00,2026-06-13 07:00:00,56,17.0,0,LP Scheduled
2026-06-13,A,75214,1325218515088HURL1,2026-06-13 07:00:00,2026-06-13 15:00:00,56,17.0,0,LP Scheduled
2026-06-13,B,75214,1325218515088HURL1,2026-06-13 15:00:00,2026-06-13 23:00:00,56,17.0,0,LP Scheduled
2026-06-13,C,75214,1325218515088HURL1,2026-06-13 23:00:00,2026-06-14 07:00:00,56,17.0,0,LP Scheduled
2026-06-14,A,75214,1325218515088HURL1,2026-06-14 07:00:00,2026-06-14 15:00:00,56,17.0,0,LP Scheduled
2026-06-14,B,75214,1325218515088HURL1,2026-06-14 15:00:00,2026-06-14 23:00:00,56,17.0,0,LP Scheduled
2026-06-14,C,75214,1325218515088HURL1,2026-06-14 23:00:00,2026-06-15 07:00:00,56,17.0,0,LP Scheduled
2026-06-15,A,75214,1325218515088HURL1,2026-06-15 07:00:00,2026-06-15 15:00:00,56,17.0,0,LP Scheduled
2026-06-15,B,75214,1325218515088HURL1,2026-06-15 15:00:00,2026-06-15 23:00:00,56,17.0,0,LP Scheduled
2026-06-15,C,75214,1325218515088HURL1,2026-06-15 23:00:00,2026-06-16 07:00:00,56,17.0,0,LP Scheduled
2026-06-16,A,75214,1325218515088HURL1,2026-06-16 07:00:00,2026-06-16 15:00:00,56,17.0,0,LP Scheduled
2026-06-16,B,75214,1325218515088HURL1,2026-06-16 15:00:00,2026-06-16 23:00:00,56,17.0,0,LP Scheduled
2026-06-16,C,75214,1325218515088HURL1,2026-06-16 23:00:00,2026-06-17 07:00:00,56,17.0,0,LP Scheduled
2026-06-17,A,75214,1325218515088HURL1,2026-06-17 07:00:00,2026-06-17 15:00:00,56,17.0,0,LP Scheduled
2026-06-17,B,75214,1325218515088HURL1,2026-06-17 15:00:00,2026-06-17 23:00:00,56,17.0,0,LP Scheduled
2026-06-17,C,75214,1325218515088HURL1,2026-06-17 23:00:00,2026-06-18 07:00:00,56,17.0,0,LP Scheduled
2026-06-18,A,75214,1325218515088HURL1,2026-06-18 07:00:00,2026-06-18 15:00:00,56,17.0,0,LP Scheduled
2026-06-18,B,75214,1325218515088HURL1,2026-06-18 15:00:00,2026-06-18 23:00:00,56,17.0,0,LP Scheduled
2026-06-18,C,75214,1325218515088HURL1,2026-06-18 23:00:00,2026-06-19 07:00:00,56,17.0,0,LP Scheduled
2026-06-19,A,75214,1325218515088HURL1,2026-06-19 07:00:00,2026-06-19 15:00:00,56,17.0,0,LP Scheduled
2026-06-19,B,75214,1325218515088HURL1,2026-06-19 15:00:00,2026-06-19 23:00:00,56,17.0,0,LP Scheduled
2026-06-19,C,75214,1325218515088HURL1,2026-06-19 23:00:00,2026-06-20 07:00:00,56,17.0,0,LP Scheduled
2026-06-20,A,75214,1325218515088HURL1,2026-06-20 07:00:00,2026-06-20 15:00:00,56,17.0,0,LP Scheduled
2026-06-20,B,75214,1325218515088HURL1,2026-06-20 15:00:00,2026-06-20 23:00:00,56,17.0,0,LP Scheduled
2026-06-20,C,75214,1325218515088HURL1,2026-06-20 23:00:00,2026-06-21 06:53:00,92,17.0,0,LP Scheduled
2026-05-21,B,75215,CHANGEOVER,2026-05-21 15:00:00,2026-05-21 20:00:00,0,0.0,0,C/O from 1325214813075SUNE1 to 1325218515088HURL1
2026-05-21,B,75215,1325218515088HURL1,2026-05-21 20:00:00,2026-05-21 23:00:00,20,17.0,0,LP Scheduled
2026-05-21,C,75215,1325218515088HURL1,2026-05-21 23:00:00,2026-05-22 01:23:00,18,17.0,0,LP Scheduled
2026-05-25,A,75220,CHANGEOVER,2026-05-25 14:08:00,2026-05-25 19:08:00,0,0.0,0,C/O from 1325216514079TTMX0 to 1325220516095HUTR0
2026-05-25,B,75220,1325220516095HUTR0,2026-05-25 19:08:00,2026-05-25 23:00:00,24,19.0,0,LP Scheduled
2026-05-25,C,75220,1325220516095HUTR0,2026-05-25 23:00:00,2026-05-26 07:00:00,50,19.0,0,LP Scheduled
2026-05-26,A,75220,1325220516095HUTR0,2026-05-26 07:00:00,2026-05-26 15:00:00,50,19.0,0,LP Scheduled
2026-05-26,B,75220,1325220516095HUTR0,2026-05-26 15:00:00,2026-05-26 23:00:00,50,19.0,0,LP Scheduled
2026-05-26,C,75220,1325220516095HUTR0,2026-05-26 23:00:00,2026-05-27 07:00:00,50,19.0,0,LP Scheduled
2026-05-27,A,75220,1325220516095HUTR0,2026-05-27 07:00:00,2026-05-27 15:00:00,50,19.0,0,LP Scheduled
2026-05-27,B,75220,1325220516095HUTR0,2026-05-27 15:00:00,2026-05-27 23:00:00,50,19.0,0,LP Scheduled
2026-05-27,C,75220,1325220516095HUTR0,2026-05-27 23:00:00,2026-05-28 07:00:00,50,19.0,0,LP Scheduled
2026-05-28,A,75220,1325220516095HUTR0,2026-05-28 07:00:00,2026-05-28 15:00:00,50,19.0,0,LP Scheduled
2026-05-28,B,75220,1325220516095HUTR0,2026-05-28 15:00:00,2026-05-28 23:00:00,50,19.0,0,LP Scheduled
2026-05-28,C,75220,1325220516095HUTR0,2026-05-28 23:00:00,2026-05-29 07:00:00,50,19.0,0,LP Scheduled
2026-05-29,A,75220,1325220516095HUTR0,2026-05-29 07:00:00,2026-05-29 15:00:00,50,19.0,0,LP Scheduled
2026-05-29,B,75220,1325220516095HUTR0,2026-05-29 15:00:00,2026-05-29 23:00:00,50,19.0,0,LP Scheduled
2026-05-29,C,75220,1325220516095HUTR0,2026-05-29 23:00:00,2026-05-30 07:00:00,50,19.0,0,LP Scheduled
2026-05-30,A,75220,1325220516095HUTR0,2026-05-30 07:00:00,2026-05-30 15:00:00,50,19.0,0,LP Scheduled
2026-05-30,B,75220,1325220516095HUTR0,2026-05-30 15:00:00,2026-05-30 23:00:00,50,19.0,0,LP Scheduled
2026-05-30,C,75220,1325220516095HUTR0,2026-05-30 23:00:00,2026-05-31 07:00:00,50,19.0,0,LP Scheduled
2026-05-31,A,75220,1325220516095HUTR0,2026-05-31 07:00:00,2026-05-31 15:00:00,50,19.0,0,LP Scheduled
2026-05-31,B,75220,1325220516095HUTR0,2026-05-31 15:00:00,2026-05-31 23:00:00,50,19.0,0,LP Scheduled
2026-05-31,C,75220,1325220516095HUTR0,2026-05-31 23:00:00,2026-06-01 07:00:00,50,19.0,0,LP Scheduled
2026-06-01,A,75220,1325220516095HUTR0,2026-06-01 07:00:00,2026-06-01 15:00:00,50,19.0,0,LP Scheduled
2026-06-01,B,75220,1325220516095HUTR0,2026-06-01 15:00:00,2026-06-01 23:00:00,50,19.0,0,LP Scheduled
2026-06-01,C,75220,1325220516095HUTR0,2026-06-01 23:00:00,2026-06-02 07:00:00,50,19.0,0,LP Scheduled
2026-06-02,A,75220,1325220516095HUTR0,2026-06-02 07:00:00,2026-06-02 15:00:00,50,19.0,0,LP Scheduled
2026-06-02,B,75220,1325220516095HUTR0,2026-06-02 15:00:00,2026-06-02 23:00:00,50,19.0,0,LP Scheduled
2026-06-02,C,75220,1325220516095HUTR0,2026-06-02 23:00:00,2026-06-03 07:00:00,50,19.0,0,LP Scheduled
2026-06-03,A,75220,1325220516095HUTR0,2026-06-03 07:00:00,2026-06-03 15:00:00,50,19.0,0,LP Scheduled
2026-06-03,B,75220,1325220516095HUTR0,2026-06-03 15:00:00,2026-06-03 23:00:00,50,19.0,0,LP Scheduled
2026-06-03,C,75220,1325220516095HUTR0,2026-06-03 23:00:00,2026-06-04 07:00:00,50,19.0,0,LP Scheduled
2026-06-04,A,75220,1325220516095HUTR0,2026-06-04 07:00:00,2026-06-04 15:00:00,50,19.0,0,LP Scheduled
2026-06-04,B,75220,1325220516095HUTR0,2026-06-04 15:00:00,2026-06-04 23:00:00,50,19.0,0,LP Scheduled
2026-06-04,C,75220,1325220516095HUTR0,2026-06-04 23:00:00,2026-06-05 07:00:00,50,19.0,0,LP Scheduled
2026-06-05,A,75220,1325220516095HUTR0,2026-06-05 07:00:00,2026-06-05 15:00:00,50,19.0,0,LP Scheduled
2026-06-05,B,75220,1325220516095HUTR0,2026-06-05 15:00:00,2026-06-05 23:00:00,50,19.0,0,LP Scheduled
2026-06-05,C,75220,1325220516095HUTR0,2026-06-05 23:00:00,2026-06-06 02:31:00,40,19.0,0,LP Scheduled
2026-06-01,A,75226,CHANGEOVER,2026-06-01 08:57:00,2026-06-01 13:57:00,0,0.0,0,C/O from 1225223516121PSKP0 to 1325114613071TTMX0
2026-06-01,A,75226,1325114613071TTMX0,2026-06-01 13:57:00,2026-06-01 14:27:00,4,15.0,0,LP Scheduled
2026-06-01,A,75227,CHANGEOVER,2026-06-01 09:24:00,2026-06-01 14:24:00,0,0.0,0,C/O from 1225223516121PSKP0 to 1325220515094VTMX0
2026-06-01,A,75227,1325220515094VTMX0,2026-06-01 14:24:00,2026-06-01 14:42:00,2,18.0,0,LP Scheduled
2026-06-09,C,75229,CHANGEOVER,2026-06-09 04:54:00,2026-06-09 09:54:00,0,0.0,0,C/O from 1325217514082TUTR0 to 1325216614081SUTR0
2026-06-09,A,75229,1325216614081SUTR0,2026-06-09 09:54:00,2026-06-09 13:54:00,32,15.0,89,LP Scheduled
2026-05-21 00:00:00,A,14801,1325217514082HURL2,2026-05-21 07:00:00,2026-05-21 15:00:00,64,15.0,0,Continuity (2-mould press)
2026-05-21 00:00:00,B,14801,1325217514082HURL2,2026-05-21 15:00:00,2026-05-21 23:00:00,64,15.0,0,Continuity (2-mould press)
2026-05-21 00:00:00,C,14801,1325217514082HURL2,2026-05-21 23:00:00,2026-05-22 07:00:00,64,15.0,0,Continuity (2-mould press)
2026-05-22 00:00:00,A,14801,1325217514082HURL2,2026-05-22 07:00:00,2026-05-22 15:00:00,64,15.0,0,Continuity (2-mould press)
2026-05-22 00:00:00,B,14801,1325217514082HURL2,2026-05-22 15:00:00,2026-05-22 23:00:00,64,15.0,0,Continuity (2-mould press)
2026-05-22 00:00:00,C,14801,1325217514082HURL2,2026-05-22 23:00:00,2026-05-23 07:00:00,64,15.0,0,Continuity (2-mould press)
2026-05-23 00:00:00,A,14801,1325217514082HURL2,2026-05-23 07:00:00,2026-05-23 15:00:00,64,15.0,0,Continuity (2-mould press)
2026-05-23 00:00:00,B,14801,1325217514082HURL2,2026-05-23 15:00:00,2026-05-23 23:00:00,64,15.0,0,Continuity (2-mould press)
2026-05-23 00:00:00,C,14801,1325217514082HURL2,2026-05-23 23:00:00,2026-05-24 07:00:00,64,15.0,0,Continuity (2-mould press)
2026-05-24 00:00:00,A,14801,1325217514082HURL2,2026-05-24 07:00:00,2026-05-24 15:00:00,64,15.0,0,Continuity (2-mould press)
2026-05-24 00:00:00,B,14801,1325217514082HURL2,2026-05-24 15:00:00,2026-05-24 23:00:00,64,15.0,0,Continuity (2-mould press)
2026-05-24 00:00:00,C,14801,1325217514082HURL2,2026-05-24 23:00:00,2026-05-25 07:00:00,64,15.0,0,Continuity (2-mould press)
2026-05-25 00:00:00,A,14801,1325217514082HURL2,2026-05-25 07:00:00,2026-05-25 15:00:00,64,15.0,0,Continuity (2-mould press)
2026-05-25 00:00:00,B,14801,1325217514082HURL2,2026-05-25 15:00:00,2026-05-25 23:00:00,64,15.0,0,Continuity (2-mould press)
2026-05-25 00:00:00,C,14801,1325217514082HURL2,2026-05-25 23:00:00,2026-05-26 07:00:00,64,15.0,0,Continuity (2-mould press)
2026-05-26 00:00:00,A,14801,1325217514082HURL2,2026-05-26 07:00:00,2026-05-26 15:00:00,64,15.0,0,Continuity (2-mould press)
2026-05-26 00:00:00,B,14801,1325217514082HURL2,2026-05-26 15:00:00,2026-05-26 23:00:00,64,15.0,0,Continuity (2-mould press)
2026-05-26 00:00:00,C,14801,1325217514082HURL2,2026-05-26 23:00:00,2026-05-27 07:00:00,64,15.0,0,Continuity (2-mould press)
2026-05-27 00:00:00,A,14801,1325217514082HURL2,2026-05-27 07:00:00,2026-05-27 12:45:00,46,15.0,0,Continuity (2-mould press)
2026-05-21 00:00:00,A,14802,1325216814085TURL0,2026-05-21 07:00:00,2026-05-21 15:00:00,64,15.0,0,Continuity (2-mould press)
2026-05-21 00:00:00,B,14802,1325216814085TURL0,2026-05-21 15:00:00,2026-05-21 23:00:00,64,15.0,0,Continuity (2-mould press)
2026-05-21 00:00:00,C,14802,1325216814085TURL0,2026-05-21 23:00:00,2026-05-22 07:00:00,64,15.0,0,Continuity (2-mould press)
2026-05-22 00:00:00,A,14802,1325216814085TURL0,2026-05-22 07:00:00,2026-05-22 15:00:00,64,15.0,0,Continuity (2-mould press)
2026-05-22 00:00:00,B,14802,1325216814085TURL0,2026-05-22 15:00:00,2026-05-22 23:00:00,64,15.0,0,Continuity (2-mould press)
2026-05-22 00:00:00,C,14802,1325216814085TURL0,2026-05-22 23:00:00,2026-05-23 07:00:00,64,15.0,0,Continuity (2-mould press)
2026-05-23 00:00:00,A,14802,1325216814085TURL0,2026-05-23 07:00:00,2026-05-23 15:00:00,64,15.0,0,Continuity (2-mould press)
2026-05-23 00:00:00,B,14802,1325216814085TURL0,2026-05-23 15:00:00,2026-05-23 23:00:00,64,15.0,0,Continuity (2-mould press)
2026-05-23 00:00:00,C,14802,1325216814085TURL0,2026-05-23 23:00:00,2026-05-24 07:00:00,64,15.0,0,Continuity (2-mould press)
2026-05-24 00:00:00,A,14802,1325216814085TURL0,2026-05-24 07:00:00,2026-05-24 15:00:00,64,15.0,0,Continuity (2-mould press)
2026-05-24 00:00:00,B,14802,1325216814085TURL0,2026-05-24 15:00:00,2026-05-24 23:00:00,64,15.0,0,Continuity (2-mould press)
2026-05-24 00:00:00,C,14802,1325216814085TURL0,2026-05-24 23:00:00,2026-05-25 07:00:00,64,15.0,0,Continuity (2-mould press)
2026-05-25 00:00:00,A,14802,1325216814085TURL0,2026-05-25 07:00:00,2026-05-25 15:00:00,64,15.0,0,Continuity (2-mould press)
2026-05-25 00:00:00,B,14802,1325216814085TURL0,2026-05-25 15:00:00,2026-05-25 23:00:00,64,15.0,0,Continuity (2-mould press)
2026-05-25 00:00:00,C,14802,1325216814085TURL0,2026-05-25 23:00:00,2026-05-26 07:00:00,64,15.0,0,Continuity (2-mould press)
2026-05-26 00:00:00,A,14802,1325216814085TURL0,2026-05-26 07:00:00,2026-05-26 15:00:00,64,15.0,0,Continuity (2-mould press)
2026-05-26 00:00:00,B,14802,1325216814085TURL0,2026-05-26 15:00:00,2026-05-26 23:00:00,64,15.0,0,Continuity (2-mould press)
2026-05-26 00:00:00,C,14802,1325216814085TURL0,2026-05-26 23:00:00,2026-05-27 07:00:00,64,15.0,0,Continuity (2-mould press)
2026-05-27 00:00:00,A,14802,1325216814085TURL0,2026-05-27 07:00:00,2026-05-27 08:30:00,12,15.0,0,Continuity (2-mould press)
2026-05-21 00:00:00,A,14803,1325215813079STMX0,2026-05-21 07:00:00,2026-05-21 15:00:00,60,16.0,15,Continuity (2-mould press)
2026-05-21 00:00:00,B,14803,1325215813079STMX0,2026-05-21 15:00:00,2026-05-21 23:00:00,60,16.0,15,Continuity (2-mould press)
2026-05-21 00:00:00,C,14803,1325215813079STMX0,2026-05-21 23:00:00,2026-05-22 07:00:00,60,16.0,15,Continuity (2-mould press)
2026-05-22 00:00:00,A,14803,1325215813079STMX0,2026-05-22 07:00:00,2026-05-22 15:00:00,60,16.0,15,Continuity (2-mould press)
2026-05-22 00:00:00,B,14803,1325215813079STMX0,2026-05-22 15:00:00,2026-05-22 23:00:00,60,16.0,15,Continuity (2-mould press)
2026-05-22 00:00:00,C,14803,1325215813079STMX0,2026-05-22 23:00:00,2026-05-23 07:00:00,60,16.0,15,Continuity (2-mould press)
2026-05-23 00:00:00,A,14803,1325215813079STMX0,2026-05-23 07:00:00,2026-05-23 15:00:00,60,16.0,15,Continuity (2-mould press)
2026-05-23 00:00:00,B,14803,1325215813079STMX0,2026-05-23 15:00:00,2026-05-23 23:00:00,60,16.0,15,Continuity (2-mould press)
2026-05-23 00:00:00,C,14803,1325215813079STMX0,2026-05-23 23:00:00,2026-05-24 07:00:00,60,16.0,15,Continuity (2-mould press)
2026-05-24 00:00:00,A,14803,1325215813079STMX0,2026-05-24 07:00:00,2026-05-24 15:00:00,60,16.0,15,Continuity (2-mould press)
2026-05-24 00:00:00,B,14803,1325215813079STMX0,2026-05-24 15:00:00,2026-05-24 23:00:00,60,16.0,15,Continuity (2-mould press)
2026-05-24 00:00:00,C,14803,1325215813079STMX0,2026-05-24 23:00:00,2026-05-25 07:00:00,60,16.0,15,Continuity (2-mould press)
2026-05-25 00:00:00,A,14803,1325215813079STMX0,2026-05-25 07:00:00,2026-05-25 15:00:00,60,16.0,15,Continuity (2-mould press)
2026-05-25 00:00:00,B,14803,1325215813079STMX0,2026-05-25 15:00:00,2026-05-25 23:00:00,60,16.0,15,Continuity (2-mould press)
2026-05-25 00:00:00,C,14803,1325215813079STMX0,2026-05-25 23:00:00,2026-05-26 07:00:00,60,16.0,15,Continuity (2-mould press)
2026-05-26 00:00:00,A,14803,1325215813079STMX0,2026-05-26 07:00:00,2026-05-26 15:00:00,60,16.0,15,Continuity (2-mould press)
2026-05-26 00:00:00,B,14803,1325215813079STMX0,2026-05-26 15:00:00,2026-05-26 23:00:00,60,16.0,15,Continuity (2-mould press)
2026-05-26 00:00:00,C,14803,1325215813079STMX0,2026-05-26 23:00:00,2026-05-27 07:00:00,60,16.0,15,Continuity (2-mould press)
2026-05-27 00:00:00,A,14803,1325215813079STMX0,2026-05-27 07:00:00,2026-05-27 15:00:00,60,16.0,15,Continuity (2-mould press)
2026-05-27 00:00:00,B,14803,1325215813079STMX0,2026-05-27 15:00:00,2026-05-27 23:00:00,60,16.0,15,Continuity (2-mould press)
2026-05-27 00:00:00,C,14803,1325215813079STMX0,2026-05-27 23:00:00,2026-05-28 07:00:00,60,16.0,15,Continuity (2-mould press)
2026-05-28 00:00:00,A,14803,1325215813079STMX0,2026-05-28 07:00:00,2026-05-28 15:00:00,60,16.0,15,Continuity (2-mould press)
2026-05-28 00:00:00,B,14803,1325215813079STMX0,2026-05-28 15:00:00,2026-05-28 16:52:00,14,16.0,15,Continuity (2-mould press)
2026-05-28 00:00:00,B,14803,MOULD_CLEAN,2026-05-28 16:52:00,2026-05-28 18:52:00,0,0.0,0,Mould cleaning (continuity)
2026-05-28 00:00:00,B,14803,1325215813079STMX0,2026-05-28 18:52:00,2026-05-28 23:00:00,31,16.0,15,Continuity (2-mould press)
2026-05-28 00:00:00,C,14803,1325215813079STMX0,2026-05-28 23:00:00,2026-05-29 07:00:00,60,16.0,15,Continuity (2-mould press)
2026-05-29 00:00:00,A,14803,1325215813079STMX0,2026-05-29 07:00:00,2026-05-29 15:00:00,60,16.0,15,Continuity (2-mould press)
2026-05-29 00:00:00,B,14803,1325215813079STMX0,2026-05-29 15:00:00,2026-05-29 17:16:00,17,16.0,15,Continuity (2-mould press)
2026-05-21 00:00:00,A,14804,1325218515088TURL0,2026-05-21 07:00:00,2026-05-21 15:00:00,60,16.0,0,Continuity (2-mould press)
2026-05-21 00:00:00,B,14804,1325218515088TURL0,2026-05-21 15:00:00,2026-05-21 23:00:00,60,16.0,0,Continuity (2-mould press)
2026-05-21 00:00:00,C,14804,1325218515088TURL0,2026-05-21 23:00:00,2026-05-22 07:00:00,60,16.0,0,Continuity (2-mould press)
2026-05-22 00:00:00,A,14804,1325218515088TURL0,2026-05-22 07:00:00,2026-05-22 15:00:00,60,16.0,0,Continuity (2-mould press)
2026-05-22 00:00:00,B,14804,1325218515088TURL0,2026-05-22 15:00:00,2026-05-22 23:00:00,60,16.0,0,Continuity (2-mould press)
2026-05-22 00:00:00,C,14804,1325218515088TURL0,2026-05-22 23:00:00,2026-05-23 07:00:00,60,16.0,0,Continuity (2-mould press)
2026-05-23 00:00:00,A,14804,1325218515088TURL0,2026-05-23 07:00:00,2026-05-23 15:00:00,60,16.0,0,Continuity (2-mould press)
2026-05-23 00:00:00,B,14804,1325218515088TURL0,2026-05-23 15:00:00,2026-05-23 23:00:00,60,16.0,0,Continuity (2-mould press)
2026-05-23 00:00:00,C,14804,1325218515088TURL0,2026-05-23 23:00:00,2026-05-24 07:00:00,60,16.0,0,Continuity (2-mould press)
2026-05-24 00:00:00,A,14804,1325218515088TURL0,2026-05-24 07:00:00,2026-05-24 09:56:00,22,16.0,0,Continuity (2-mould press)
2026-05-21 00:00:00,A,14805,1325221715100SRHT0,2026-05-21 07:00:00,2026-05-21 15:00:00,53,18.0,96,Continuity (2-mould press)
2026-05-21 00:00:00,B,14805,1325221715100SRHT0,2026-05-21 15:00:00,2026-05-21 23:00:00,53,18.0,96,Continuity (2-mould press)
2026-05-21 00:00:00,C,14805,1325221715100SRHT0,2026-05-21 23:00:00,2026-05-22 07:00:00,53,18.0,96,Continuity (2-mould press)
2026-05-22 00:00:00,A,14805,1325221715100SRHT0,2026-05-22 07:00:00,2026-05-22 15:00:00,53,18.0,96,Continuity (2-mould press)
2026-05-22 00:00:00,B,14805,1325221715100SRHT0,2026-05-22 15:00:00,2026-05-22 23:00:00,53,18.0,96,Continuity (2-mould press)
2026-05-22 00:00:00,C,14805,1325221715100SRHT0,2026-05-22 23:00:00,2026-05-23 07:00:00,53,18.0,96,Continuity (2-mould press)
2026-05-23 00:00:00,A,14805,1325221715100SRHT0,2026-05-23 07:00:00,2026-05-23 15:00:00,53,18.0,96,Continuity (2-mould press)
2026-05-23 00:00:00,B,14805,1325221715100SRHT0,2026-05-23 15:00:00,2026-05-23 23:00:00,53,18.0,96,Continuity (2-mould press)
2026-05-23 00:00:00,C,14805,1325221715100SRHT0,2026-05-23 23:00:00,2026-05-24 07:00:00,53,18.0,96,Continuity (2-mould press)
2026-05-24 00:00:00,A,14805,1325221715100SRHT0,2026-05-24 07:00:00,2026-05-24 15:00:00,53,18.0,96,Continuity (2-mould press)
2026-05-24 00:00:00,B,14805,1325221715100SRHT0,2026-05-24 15:00:00,2026-05-24 23:00:00,53,18.0,96,Continuity (2-mould press)
2026-05-24 00:00:00,C,14805,1325221715100SRHT0,2026-05-24 23:00:00,2026-05-25 07:00:00,53,18.0,96,Continuity (2-mould press)
2026-05-25 00:00:00,A,14805,1325221715100SRHT0,2026-05-25 07:00:00,2026-05-25 15:00:00,53,18.0,96,Continuity (2-mould press)
2026-05-25 00:00:00,B,14805,1325221715100SRHT0,2026-05-25 15:00:00,2026-05-25 23:00:00,53,18.0,96,Continuity (2-mould press)
2026-05-25 00:00:00,C,14805,1325221715100SRHT0,2026-05-25 23:00:00,2026-05-26 07:00:00,53,18.0,96,Continuity (2-mould press)
2026-05-26 00:00:00,A,14805,1325221715100SRHT0,2026-05-26 07:00:00,2026-05-26 15:00:00,53,18.0,96,Continuity (2-mould press)
2026-05-26 00:00:00,B,14805,1325221715100SRHT0,2026-05-26 15:00:00,2026-05-26 23:00:00,53,18.0,96,Continuity (2-mould press)
2026-05-26 00:00:00,C,14805,1325221715100SRHT0,2026-05-26 23:00:00,2026-05-27 07:00:00,53,18.0,96,Continuity (2-mould press)
2026-05-27 00:00:00,A,14805,1325221715100SRHT0,2026-05-27 07:00:00,2026-05-27 15:00:00,53,18.0,96,Continuity (2-mould press)
2026-05-27 00:00:00,B,14805,1325221715100SRHT0,2026-05-27 15:00:00,2026-05-27 19:36:00,31,18.0,96,Continuity (2-mould press)
2026-05-21 00:00:00,A,14806,1325216814085STMX0,2026-05-21 07:00:00,2026-05-21 15:00:00,60,16.0,256,Continuity (2-mould press)
2026-05-21 00:00:00,B,14806,1325216814085STMX0,2026-05-21 15:00:00,2026-05-21 23:00:00,60,16.0,256,Continuity (2-mould press)
2026-05-21 00:00:00,C,14806,1325216814085STMX0,2026-05-21 23:00:00,2026-05-22 07:00:00,60,16.0,256,Continuity (2-mould press)
2026-05-22 00:00:00,A,14806,1325216814085STMX0,2026-05-22 07:00:00,2026-05-22 15:00:00,60,16.0,256,Continuity (2-mould press)
2026-05-22 00:00:00,B,14806,1325216814085STMX0,2026-05-22 15:00:00,2026-05-22 23:00:00,60,16.0,256,Continuity (2-mould press)
2026-05-22 00:00:00,C,14806,1325216814085STMX0,2026-05-22 23:00:00,2026-05-23 07:00:00,60,16.0,256,Continuity (2-mould press)
2026-05-23 00:00:00,A,14806,1325216814085STMX0,2026-05-23 07:00:00,2026-05-23 15:00:00,60,16.0,256,Continuity (2-mould press)
2026-05-23 00:00:00,B,14806,1325216814085STMX0,2026-05-23 15:00:00,2026-05-23 23:00:00,60,16.0,256,Continuity (2-mould press)
2026-05-23 00:00:00,C,14806,1325216814085STMX0,2026-05-23 23:00:00,2026-05-24 07:00:00,60,16.0,256,Continuity (2-mould press)
2026-05-24 00:00:00,A,14806,1325216814085STMX0,2026-05-24 07:00:00,2026-05-24 15:00:00,60,16.0,256,Continuity (2-mould press)
2026-05-24 00:00:00,B,14806,1325216814085STMX0,2026-05-24 15:00:00,2026-05-24 23:00:00,60,16.0,256,Continuity (2-mould press)
2026-05-24 00:00:00,C,14806,1325216814085STMX0,2026-05-24 23:00:00,2026-05-25 07:00:00,60,16.0,256,Continuity (2-mould press)
2026-05-25 00:00:00,A,14806,1325216814085STMX0,2026-05-25 07:00:00,2026-05-25 15:00:00,60,16.0,256,Continuity (2-mould press)
2026-05-25 00:00:00,B,14806,1325216814085STMX0,2026-05-25 15:00:00,2026-05-25 23:00:00,60,16.0,256,Continuity (2-mould press)
2026-05-25 00:00:00,C,14806,1325216814085STMX0,2026-05-25 23:00:00,2026-05-26 07:00:00,60,16.0,256,Continuity (2-mould press)
2026-05-26 00:00:00,A,14806,1325216814085STMX0,2026-05-26 07:00:00,2026-05-26 15:00:00,60,16.0,256,Continuity (2-mould press)
2026-05-26 00:00:00,B,14806,1325216814085STMX0,2026-05-26 15:00:00,2026-05-26 23:00:00,60,16.0,256,Continuity (2-mould press)
2026-05-26 00:00:00,C,14806,1325216814085STMX0,2026-05-26 23:00:00,2026-05-27 07:00:00,60,16.0,256,Continuity (2-mould press)
2026-05-27 00:00:00,A,14806,1325216814085STMX0,2026-05-27 07:00:00,2026-05-27 15:00:00,60,16.0,256,Continuity (2-mould press)
2026-05-27 00:00:00,B,14806,1325216814085STMX0,2026-05-27 15:00:00,2026-05-27 23:00:00,60,16.0,256,Continuity (2-mould press)
2026-05-27 00:00:00,C,14806,1325216814085STMX0,2026-05-27 23:00:00,2026-05-28 07:00:00,60,16.0,256,Continuity (2-mould press)
2026-05-28 00:00:00,A,14806,1325216814085STMX0,2026-05-28 07:00:00,2026-05-28 15:00:00,60,16.0,256,Continuity (2-mould press)
2026-05-28 00:00:00,B,14806,1325216814085STMX0,2026-05-28 15:00:00,2026-05-28 23:00:00,60,16.0,256,Continuity (2-mould press)
2026-05-28 00:00:00,C,14806,1325216814085STMX0,2026-05-28 23:00:00,2026-05-29 07:00:00,60,16.0,256,Continuity (2-mould press)
2026-05-29 00:00:00,A,14806,1325216814085STMX0,2026-05-29 07:00:00,2026-05-29 15:00:00,60,16.0,256,Continuity (2-mould press)
2026-05-29 00:00:00,B,14806,1325216814085STMX0,2026-05-29 15:00:00,2026-05-29 23:00:00,60,16.0,256,Continuity (2-mould press)
2026-05-29 00:00:00,C,14806,1325216814085STMX0,2026-05-29 23:00:00,2026-05-30 07:00:00,60,16.0,256,Continuity (2-mould press)
2026-05-30 00:00:00,A,14806,1325216814085STMX0,2026-05-30 07:00:00,2026-05-30 15:00:00,60,16.0,256,Continuity (2-mould press)
2026-05-30 00:00:00,B,14806,1325216814085STMX0,2026-05-30 15:00:00,2026-05-30 23:00:00,60,16.0,256,Continuity (2-mould press)
2026-05-30 00:00:00,C,14806,1325216814085STMX0,2026-05-30 23:00:00,2026-05-31 07:00:00,60,16.0,256,Continuity (2-mould press)
2026-05-31 00:00:00,A,14806,1325216814085STMX0,2026-05-31 07:00:00,2026-05-31 15:00:00,60,16.0,256,Continuity (2-mould press)
2026-05-31 00:00:00,B,14806,1325216814085STMX0,2026-05-31 15:00:00,2026-05-31 23:00:00,60,16.0,256,Continuity (2-mould press)
2026-05-31 00:00:00,C,14806,1325216814085STMX0,2026-05-31 23:00:00,2026-06-01 07:00:00,60,16.0,256,Continuity (2-mould press)
2026-06-01 00:00:00,A,14806,1325216814085STMX0,2026-06-01 07:00:00,2026-06-01 15:00:00,60,16.0,256,Continuity (2-mould press)
2026-06-01 00:00:00,B,14806,1325216814085STMX0,2026-06-01 15:00:00,2026-06-01 23:00:00,60,16.0,256,Continuity (2-mould press)
2026-06-01 00:00:00,C,14806,1325216814085STMX0,2026-06-01 23:00:00,2026-06-02 07:00:00,60,16.0,256,Continuity (2-mould press)
2026-06-02 00:00:00,A,14806,1325216814085STMX0,2026-06-02 07:00:00,2026-06-02 15:00:00,60,16.0,256,Continuity (2-mould press)
2026-06-02 00:00:00,B,14806,1325216814085STMX0,2026-06-02 15:00:00,2026-06-02 23:00:00,60,16.0,256,Continuity (2-mould press)
2026-06-02 00:00:00,C,14806,1325216814085STMX0,2026-06-02 23:00:00,2026-06-03 07:00:00,60,16.0,256,Continuity (2-mould press)
2026-06-03 00:00:00,A,14806,1325216814085STMX0,2026-06-03 07:00:00,2026-06-03 15:00:00,60,16.0,256,Continuity (2-mould press)
2026-06-03 00:00:00,B,14806,1325216814085STMX0,2026-06-03 15:00:00,2026-06-03 21:40:00,50,16.0,256,Continuity (2-mould press)
2026-06-03 00:00:00,B,14806,MOULD_CLEAN,2026-06-03 21:40:00,2026-06-03 23:00:00,0,0.0,0,Mould cleaning (continuity)
2026-06-03 00:00:00,C,14806,MOULD_CLEAN,2026-06-03 23:00:00,2026-06-03 23:40:00,0,0.0,0,Mould cleaning (continuity)
2026-06-03 00:00:00,C,14806,1325216814085STMX0,2026-06-03 23:40:00,2026-06-04 07:00:00,55,16.0,256,Continuity (2-mould press)
2026-06-04 00:00:00,A,14806,1325216814085STMX0,2026-06-04 07:00:00,2026-06-04 15:00:00,60,16.0,256,Continuity (2-mould press)
2026-06-04 00:00:00,B,14806,1325216814085STMX0,2026-06-04 15:00:00,2026-06-04 23:00:00,60,16.0,256,Continuity (2-mould press)
2026-06-04 00:00:00,C,14806,1325216814085STMX0,2026-06-04 23:00:00,2026-06-05 07:00:00,60,16.0,256,Continuity (2-mould press)
2026-06-05 00:00:00,A,14806,1325216814085STMX0,2026-06-05 07:00:00,2026-06-05 15:00:00,60,16.0,256,Continuity (2-mould press)
2026-06-05 00:00:00,B,14806,1325216814085STMX0,2026-06-05 15:00:00,2026-06-05 23:00:00,60,16.0,256,Continuity (2-mould press)
2026-06-05 00:00:00,C,14806,1325216814085STMX0,2026-06-05 23:00:00,2026-06-06 07:00:00,60,16.0,256,Continuity (2-mould press)
2026-06-06 00:00:00,A,14806,1325216814085STMX0,2026-06-06 07:00:00,2026-06-06 15:00:00,60,16.0,256,Continuity (2-mould press)
2026-06-06 00:00:00,B,14806,1325216814085STMX0,2026-06-06 15:00:00,2026-06-06 23:00:00,60,16.0,256,Continuity (2-mould press)
2026-06-06 00:00:00,C,14806,1325216814085STMX0,2026-06-06 23:00:00,2026-06-07 07:00:00,60,16.0,256,Continuity (2-mould press)
2026-06-07 00:00:00,A,14806,1325216814085STMX0,2026-06-07 07:00:00,2026-06-07 15:00:00,60,16.0,256,Continuity (2-mould press)
2026-06-07 00:00:00,B,14806,1325216814085STMX0,2026-06-07 15:00:00,2026-06-07 21:48:00,51,16.0,256,Continuity (2-mould press)
2026-05-21 00:00:00,A,14807,1325219416089HRHE0,2026-05-21 07:00:00,2026-05-21 15:00:00,60,16.0,0,Continuity (2-mould press)
2026-05-21 00:00:00,B,14807,1325219416089HRHE0,2026-05-21 15:00:00,2026-05-21 23:00:00,60,16.0,0,Continuity (2-mould press)
2026-05-21 00:00:00,C,14807,1325219416089HRHE0,2026-05-21 23:00:00,2026-05-22 07:00:00,60,16.0,0,Continuity (2-mould press)
2026-05-22 00:00:00,A,14807,1325219416089HRHE0,2026-05-22 07:00:00,2026-05-22 15:00:00,60,16.0,0,Continuity (2-mould press)
2026-05-22 00:00:00,B,14807,1325219416089HRHE0,2026-05-22 15:00:00,2026-05-22 23:00:00,60,16.0,0,Continuity (2-mould press)
2026-05-22 00:00:00,C,14807,1325219416089HRHE0,2026-05-22 23:00:00,2026-05-23 07:00:00,60,16.0,0,Continuity (2-mould press)
2026-05-23 00:00:00,A,14807,1325219416089HRHE0,2026-05-23 07:00:00,2026-05-23 15:00:00,60,16.0,0,Continuity (2-mould press)
2026-05-23 00:00:00,B,14807,1325219416089HRHE0,2026-05-23 15:00:00,2026-05-23 23:00:00,60,16.0,0,Continuity (2-mould press)
2026-05-23 00:00:00,C,14807,1325219416089HRHE0,2026-05-23 23:00:00,2026-05-24 07:00:00,60,16.0,0,Continuity (2-mould press)
2026-05-24 00:00:00,A,14807,1325219416089HRHE0,2026-05-24 07:00:00,2026-05-24 15:00:00,60,16.0,0,Continuity (2-mould press)
2026-05-24 00:00:00,B,14807,1325219416089HRHE0,2026-05-24 15:00:00,2026-05-24 23:00:00,60,16.0,0,Continuity (2-mould press)
2026-05-24 00:00:00,C,14807,1325219416089HRHE0,2026-05-24 23:00:00,2026-05-25 07:00:00,60,16.0,0,Continuity (2-mould press)
2026-05-25 00:00:00,A,14807,1325219416089HRHE0,2026-05-25 07:00:00,2026-05-25 15:00:00,60,16.0,0,Continuity (2-mould press)
2026-05-25 00:00:00,B,14807,1325219416089HRHE0,2026-05-25 15:00:00,2026-05-25 23:00:00,60,16.0,0,Continuity (2-mould press)
2026-05-25 00:00:00,C,14807,1325219416089HRHE0,2026-05-25 23:00:00,2026-05-26 07:00:00,60,16.0,0,Continuity (2-mould press)
2026-05-26 00:00:00,A,14807,1325219416089HRHE0,2026-05-26 07:00:00,2026-05-26 15:00:00,60,16.0,0,Continuity (2-mould press)
2026-05-26 00:00:00,B,14807,1325219416089HRHE0,2026-05-26 15:00:00,2026-05-26 23:00:00,60,16.0,0,Continuity (2-mould press)
2026-05-26 00:00:00,C,14807,1325219416089HRHE0,2026-05-26 23:00:00,2026-05-27 07:00:00,60,16.0,0,Continuity (2-mould press)
2026-05-27 00:00:00,A,14807,1325219416089HRHE0,2026-05-27 07:00:00,2026-05-27 09:56:00,22,16.0,0,Continuity (2-mould press)
2026-05-21 00:00:00,A,14808,1225223516121PSKP0,2026-05-21 07:00:00,2026-05-21 15:00:00,36,27.0,153,Continuity (2-mould press)
2026-05-21 00:00:00,B,14808,1225223516121PSKP0,2026-05-21 15:00:00,2026-05-21 23:00:00,36,27.0,153,Continuity (2-mould press)
2026-05-21 00:00:00,C,14808,1225223516121PSKP0,2026-05-21 23:00:00,2026-05-22 07:00:00,36,27.0,153,Continuity (2-mould press)
2026-05-22 00:00:00,A,14808,1225223516121PSKP0,2026-05-22 07:00:00,2026-05-22 15:00:00,36,27.0,153,Continuity (2-mould press)
2026-05-22 00:00:00,B,14808,1225223516121PSKP0,2026-05-22 15:00:00,2026-05-22 23:00:00,36,27.0,153,Continuity (2-mould press)
2026-05-22 00:00:00,C,14808,1225223516121PSKP0,2026-05-22 23:00:00,2026-05-23 07:00:00,36,27.0,153,Continuity (2-mould press)
2026-05-23 00:00:00,A,14808,1225223516121PSKP0,2026-05-23 07:00:00,2026-05-23 15:00:00,36,27.0,153,Continuity (2-mould press)
2026-05-23 00:00:00,B,14808,1225223516121PSKP0,2026-05-23 15:00:00,2026-05-23 23:00:00,36,27.0,153,Continuity (2-mould press)
2026-05-23 00:00:00,C,14808,1225223516121PSKP0,2026-05-23 23:00:00,2026-05-24 07:00:00,36,27.0,153,Continuity (2-mould press)
2026-05-24 00:00:00,A,14808,1225223516121PSKP0,2026-05-24 07:00:00,2026-05-24 15:00:00,36,27.0,153,Continuity (2-mould press)
2026-05-24 00:00:00,B,14808,1225223516121PSKP0,2026-05-24 15:00:00,2026-05-24 23:00:00,36,27.0,153,Continuity (2-mould press)
2026-05-24 00:00:00,C,14808,1225223516121PSKP0,2026-05-24 23:00:00,2026-05-25 07:00:00,36,27.0,153,Continuity (2-mould press)
2026-05-25 00:00:00,A,14808,1225223516121PSKP0,2026-05-25 07:00:00,2026-05-25 15:00:00,36,27.0,153,Continuity (2-mould press)
2026-05-25 00:00:00,B,14808,1225223516121PSKP0,2026-05-25 15:00:00,2026-05-25 23:00:00,36,27.0,153,Continuity (2-mould press)
2026-05-25 00:00:00,C,14808,1225223516121PSKP0,2026-05-25 23:00:00,2026-05-26 07:00:00,36,27.0,153,Continuity (2-mould press)
2026-05-26 00:00:00,A,14808,1225223516121PSKP0,2026-05-26 07:00:00,2026-05-26 15:00:00,36,27.0,153,Continuity (2-mould press)
2026-05-26 00:00:00,B,14808,1225223516121PSKP0,2026-05-26 15:00:00,2026-05-26 23:00:00,36,27.0,153,Continuity (2-mould press)
2026-05-26 00:00:00,C,14808,1225223516121PSKP0,2026-05-26 23:00:00,2026-05-27 07:00:00,36,27.0,153,Continuity (2-mould press)
2026-05-27 00:00:00,A,14808,1225223516121PSKP0,2026-05-27 07:00:00,2026-05-27 15:00:00,36,27.0,153,Continuity (2-mould press)
2026-05-27 00:00:00,B,14808,1225223516121PSKP0,2026-05-27 15:00:00,2026-05-27 23:00:00,36,27.0,153,Continuity (2-mould press)
2026-05-27 00:00:00,C,14808,1225223516121PSKP0,2026-05-27 23:00:00,2026-05-28 07:00:00,36,27.0,153,Continuity (2-mould press)
2026-05-28 00:00:00,A,14808,1225223516121PSKP0,2026-05-28 07:00:00,2026-05-28 15:00:00,36,27.0,153,Continuity (2-mould press)
2026-05-28 00:00:00,B,14808,1225223516121PSKP0,2026-05-28 15:00:00,2026-05-28 23:00:00,36,27.0,153,Continuity (2-mould press)
2026-05-28 00:00:00,C,14808,1225223516121PSKP0,2026-05-28 23:00:00,2026-05-29 07:00:00,36,27.0,153,Continuity (2-mould press)
2026-05-29 00:00:00,A,14808,1225223516121PSKP0,2026-05-29 07:00:00,2026-05-29 15:00:00,36,27.0,153,Continuity (2-mould press)
2026-05-29 00:00:00,B,14808,1225223516121PSKP0,2026-05-29 15:00:00,2026-05-29 23:00:00,36,27.0,153,Continuity (2-mould press)
2026-05-29 00:00:00,C,14808,1225223516121PSKP0,2026-05-29 23:00:00,2026-05-30 07:00:00,36,27.0,153,Continuity (2-mould press)
2026-05-30 00:00:00,A,14808,1225223516121PSKP0,2026-05-30 07:00:00,2026-05-30 15:00:00,36,27.0,153,Continuity (2-mould press)
2026-05-30 00:00:00,B,14808,1225223516121PSKP0,2026-05-30 15:00:00,2026-05-30 17:48:00,12,27.0,153,Continuity (2-mould press)
2026-05-30 00:00:00,B,14808,MOULD_CLEAN,2026-05-30 17:48:00,2026-05-30 19:48:00,0,0.0,0,Mould cleaning (continuity)
2026-05-30 00:00:00,B,14808,1225223516121PSKP0,2026-05-30 19:48:00,2026-05-30 23:00:00,14,27.0,153,Continuity (2-mould press)
2026-05-30 00:00:00,C,14808,1225223516121PSKP0,2026-05-30 23:00:00,2026-05-31 07:00:00,36,27.0,153,Continuity (2-mould press)
2026-05-31 00:00:00,A,14808,1225223516121PSKP0,2026-05-31 07:00:00,2026-05-31 15:00:00,36,27.0,153,Continuity (2-mould press)
2026-05-31 00:00:00,B,14808,1225223516121PSKP0,2026-05-31 15:00:00,2026-05-31 23:00:00,36,27.0,153,Continuity (2-mould press)
2026-05-31 00:00:00,C,14808,1225223516121PSKP0,2026-05-31 23:00:00,2026-06-01 07:00:00,36,27.0,153,Continuity (2-mould press)
2026-06-01 00:00:00,A,14808,1225223516121PSKP0,2026-06-01 07:00:00,2026-06-01 11:24:00,20,27.0,153,Continuity (2-mould press)
2026-05-21 00:00:00,A,14809,1325218614088HURL0,2026-05-21 07:00:00,2026-05-21 15:00:00,56,17.0,0,Continuity (2-mould press)
2026-05-21 00:00:00,B,14809,1325218614088HURL0,2026-05-21 15:00:00,2026-05-21 23:00:00,56,17.0,0,Continuity (2-mould press)
2026-05-21 00:00:00,C,14809,1325218614088HURL0,2026-05-21 23:00:00,2026-05-22 07:00:00,56,17.0,0,Continuity (2-mould press)
2026-05-22 00:00:00,A,14809,1325218614088HURL0,2026-05-22 07:00:00,2026-05-22 15:00:00,56,17.0,0,Continuity (2-mould press)
2026-05-22 00:00:00,B,14809,1325218614088HURL0,2026-05-22 15:00:00,2026-05-22 23:00:00,56,17.0,0,Continuity (2-mould press)
2026-05-22 00:00:00,C,14809,1325218614088HURL0,2026-05-22 23:00:00,2026-05-23 06:36:00,54,17.0,0,Continuity (2-mould press)
2026-05-21 00:00:00,A,14810,1225223516121PSKP0,2026-05-21 07:00:00,2026-05-21 15:00:00,36,27.0,153,Continuity (2-mould press)
2026-05-21 00:00:00,B,14810,1225223516121PSKP0,2026-05-21 15:00:00,2026-05-21 23:00:00,36,27.0,153,Continuity (2-mould press)
2026-05-21 00:00:00,C,14810,1225223516121PSKP0,2026-05-21 23:00:00,2026-05-22 07:00:00,36,27.0,153,Continuity (2-mould press)
2026-05-22 00:00:00,A,14810,1225223516121PSKP0,2026-05-22 07:00:00,2026-05-22 15:00:00,36,27.0,153,Continuity (2-mould press)
2026-05-22 00:00:00,B,14810,1225223516121PSKP0,2026-05-22 15:00:00,2026-05-22 23:00:00,36,27.0,153,Continuity (2-mould press)
2026-05-22 00:00:00,C,14810,1225223516121PSKP0,2026-05-22 23:00:00,2026-05-23 07:00:00,36,27.0,153,Continuity (2-mould press)
2026-05-23 00:00:00,A,14810,1225223516121PSKP0,2026-05-23 07:00:00,2026-05-23 15:00:00,36,27.0,153,Continuity (2-mould press)
2026-05-23 00:00:00,B,14810,1225223516121PSKP0,2026-05-23 15:00:00,2026-05-23 23:00:00,36,27.0,153,Continuity (2-mould press)
2026-05-23 00:00:00,C,14810,1225223516121PSKP0,2026-05-23 23:00:00,2026-05-24 07:00:00,36,27.0,153,Continuity (2-mould press)
2026-05-24 00:00:00,A,14810,1225223516121PSKP0,2026-05-24 07:00:00,2026-05-24 15:00:00,36,27.0,153,Continuity (2-mould press)
2026-05-24 00:00:00,B,14810,1225223516121PSKP0,2026-05-24 15:00:00,2026-05-24 23:00:00,36,27.0,153,Continuity (2-mould press)
2026-05-24 00:00:00,C,14810,1225223516121PSKP0,2026-05-24 23:00:00,2026-05-25 07:00:00,36,27.0,153,Continuity (2-mould press)
2026-05-25 00:00:00,A,14810,1225223516121PSKP0,2026-05-25 07:00:00,2026-05-25 15:00:00,36,27.0,153,Continuity (2-mould press)
2026-05-25 00:00:00,B,14810,1225223516121PSKP0,2026-05-25 15:00:00,2026-05-25 23:00:00,36,27.0,153,Continuity (2-mould press)
2026-05-25 00:00:00,C,14810,1225223516121PSKP0,2026-05-25 23:00:00,2026-05-26 07:00:00,36,27.0,153,Continuity (2-mould press)
2026-05-26 00:00:00,A,14810,1225223516121PSKP0,2026-05-26 07:00:00,2026-05-26 15:00:00,36,27.0,153,Continuity (2-mould press)
2026-05-26 00:00:00,B,14810,1225223516121PSKP0,2026-05-26 15:00:00,2026-05-26 23:00:00,36,27.0,153,Continuity (2-mould press)
2026-05-26 00:00:00,C,14810,1225223516121PSKP0,2026-05-26 23:00:00,2026-05-27 07:00:00,36,27.0,153,Continuity (2-mould press)
2026-05-27 00:00:00,A,14810,1225223516121PSKP0,2026-05-27 07:00:00,2026-05-27 15:00:00,36,27.0,153,Continuity (2-mould press)
2026-05-27 00:00:00,B,14810,1225223516121PSKP0,2026-05-27 15:00:00,2026-05-27 23:00:00,36,27.0,153,Continuity (2-mould press)
2026-05-27 00:00:00,C,14810,1225223516121PSKP0,2026-05-27 23:00:00,2026-05-28 07:00:00,36,27.0,153,Continuity (2-mould press)
2026-05-28 00:00:00,A,14810,1225223516121PSKP0,2026-05-28 07:00:00,2026-05-28 15:00:00,36,27.0,153,Continuity (2-mould press)
2026-05-28 00:00:00,B,14810,1225223516121PSKP0,2026-05-28 15:00:00,2026-05-28 23:00:00,36,27.0,153,Continuity (2-mould press)
2026-05-28 00:00:00,C,14810,1225223516121PSKP0,2026-05-28 23:00:00,2026-05-29 07:00:00,36,27.0,153,Continuity (2-mould press)
2026-05-29 00:00:00,A,14810,1225223516121PSKP0,2026-05-29 07:00:00,2026-05-29 15:00:00,36,27.0,153,Continuity (2-mould press)
2026-05-29 00:00:00,B,14810,1225223516121PSKP0,2026-05-29 15:00:00,2026-05-29 23:00:00,36,27.0,153,Continuity (2-mould press)
2026-05-29 00:00:00,C,14810,1225223516121PSKP0,2026-05-29 23:00:00,2026-05-30 07:00:00,36,27.0,153,Continuity (2-mould press)
2026-05-30 00:00:00,A,14810,1225223516121PSKP0,2026-05-30 07:00:00,2026-05-30 15:00:00,36,27.0,153,Continuity (2-mould press)
2026-05-30 00:00:00,B,14810,1225223516121PSKP0,2026-05-30 15:00:00,2026-05-30 23:00:00,36,27.0,153,Continuity (2-mould press)
2026-05-30 00:00:00,C,14810,1225223516121PSKP0,2026-05-30 23:00:00,2026-05-31 07:00:00,36,27.0,153,Continuity (2-mould press)
2026-05-31 00:00:00,A,14810,1225223516121PSKP0,2026-05-31 07:00:00,2026-05-31 15:00:00,36,27.0,153,Continuity (2-mould press)
2026-05-31 00:00:00,B,14810,1225223516121PSKP0,2026-05-31 15:00:00,2026-05-31 23:00:00,36,27.0,153,Continuity (2-mould press)
2026-05-31 00:00:00,C,14810,1225223516121PSKP0,2026-05-31 23:00:00,2026-06-01 07:00:00,36,27.0,153,Continuity (2-mould press)
2026-06-01 00:00:00,A,14810,1225223516121PSKP0,2026-06-01 07:00:00,2026-06-01 09:24:00,11,27.0,153,Continuity (2-mould press)
2026-05-21 00:00:00,A,14811,1D25215Z13008QXPC0,2026-05-21 07:00:00,2026-05-21 15:00:00,48,20.0,0,Continuity (2-mould press)
2026-05-21 00:00:00,B,14811,1D25215Z13008QXPC0,2026-05-21 15:00:00,2026-05-21 23:00:00,48,20.0,0,Continuity (2-mould press)
2026-05-21 00:00:00,C,14811,1D25215Z13008QXPC0,2026-05-21 23:00:00,2026-05-22 07:00:00,48,20.0,0,Continuity (2-mould press)
2026-05-22 00:00:00,A,14811,1D25215Z13008QXPC0,2026-05-22 07:00:00,2026-05-22 15:00:00,48,20.0,0,Continuity (2-mould press)
2026-05-22 00:00:00,B,14811,1D25215Z13008QXPC0,2026-05-22 15:00:00,2026-05-22 23:00:00,48,20.0,0,Continuity (2-mould press)
2026-05-22 00:00:00,C,14811,1D25215Z13008QXPC0,2026-05-22 23:00:00,2026-05-23 07:00:00,48,20.0,0,Continuity (2-mould press)
2026-05-23 00:00:00,A,14811,1D25215Z13008QXPC0,2026-05-23 07:00:00,2026-05-23 15:00:00,48,20.0,0,Continuity (2-mould press)
2026-05-23 00:00:00,B,14811,1D25215Z13008QXPC0,2026-05-23 15:00:00,2026-05-23 23:00:00,48,20.0,0,Continuity (2-mould press)
2026-05-23 00:00:00,C,14811,1D25215Z13008QXPC0,2026-05-23 23:00:00,2026-05-24 07:00:00,48,20.0,0,Continuity (2-mould press)
2026-05-24 00:00:00,A,14811,1D25215Z13008QXPC0,2026-05-24 07:00:00,2026-05-24 15:00:00,48,20.0,0,Continuity (2-mould press)
2026-05-24 00:00:00,B,14811,1D25215Z13008QXPC0,2026-05-24 15:00:00,2026-05-24 23:00:00,48,20.0,0,Continuity (2-mould press)
2026-05-24 00:00:00,C,14811,1D25215Z13008QXPC0,2026-05-24 23:00:00,2026-05-25 07:00:00,48,20.0,0,Continuity (2-mould press)
2026-05-25 00:00:00,A,14811,1D25215Z13008QXPC0,2026-05-25 07:00:00,2026-05-25 15:00:00,48,20.0,0,Continuity (2-mould press)
2026-05-25 00:00:00,B,14811,1D25215Z13008QXPC0,2026-05-25 15:00:00,2026-05-25 23:00:00,48,20.0,0,Continuity (2-mould press)
2026-05-25 00:00:00,C,14811,1D25215Z13008QXPC0,2026-05-25 23:00:00,2026-05-26 07:00:00,48,20.0,0,Continuity (2-mould press)
2026-05-26 00:00:00,A,14811,1D25215Z13008QXPC0,2026-05-26 07:00:00,2026-05-26 15:00:00,48,20.0,0,Continuity (2-mould press)
2026-05-26 00:00:00,B,14811,1D25215Z13008QXPC0,2026-05-26 15:00:00,2026-05-26 23:00:00,48,20.0,0,Continuity (2-mould press)
2026-05-26 00:00:00,C,14811,1D25215Z13008QXPC0,2026-05-26 23:00:00,2026-05-27 07:00:00,48,20.0,0,Continuity (2-mould press)
2026-05-27 00:00:00,A,14811,1D25215Z13008QXPC0,2026-05-27 07:00:00,2026-05-27 15:00:00,48,20.0,0,Continuity (2-mould press)
2026-05-27 00:00:00,B,14811,1D25215Z13008QXPC0,2026-05-27 15:00:00,2026-05-27 23:00:00,48,20.0,0,Continuity (2-mould press)
2026-05-27 00:00:00,C,14811,1D25215Z13008QXPC0,2026-05-27 23:00:00,2026-05-28 07:00:00,48,20.0,0,Continuity (2-mould press)
2026-05-28 00:00:00,A,14811,1D25215Z13008QXPC0,2026-05-28 07:00:00,2026-05-28 15:00:00,48,20.0,0,Continuity (2-mould press)
2026-05-21 00:00:00,A,14812,1325214813075SUNE1,2026-05-21 07:00:00,2026-05-21 14:30:00,60,15.0,227,Continuity (2-mould press)
2026-05-21 00:00:00,A,14813,1325215613075TUHL0,2026-05-21 07:00:00,2026-05-21 15:00:00,64,15.0,0,Continuity (2-mould press)
2026-05-21 00:00:00,B,14813,1325215613075TUHL0,2026-05-21 15:00:00,2026-05-21 23:00:00,64,15.0,0,Continuity (2-mould press)
2026-05-21 00:00:00,C,14813,1325215613075TUHL0,2026-05-21 23:00:00,2026-05-22 07:00:00,64,15.0,0,Continuity (2-mould press)
2026-05-22 00:00:00,A,14813,1325215613075TUHL0,2026-05-22 07:00:00,2026-05-22 15:00:00,64,15.0,0,Continuity (2-mould press)
2026-05-22 00:00:00,B,14813,1325215613075TUHL0,2026-05-22 15:00:00,2026-05-22 23:00:00,64,15.0,0,Continuity (2-mould press)
2026-05-22 00:00:00,C,14813,1325215613075TUHL0,2026-05-22 23:00:00,2026-05-23 07:00:00,64,15.0,0,Continuity (2-mould press)
2026-05-23 00:00:00,A,14813,1325215613075TUHL0,2026-05-23 07:00:00,2026-05-23 15:00:00,64,15.0,0,Continuity (2-mould press)
2026-05-23 00:00:00,B,14813,1325215613075TUHL0,2026-05-23 15:00:00,2026-05-23 23:00:00,64,15.0,0,Continuity (2-mould press)
2026-05-23 00:00:00,C,14813,1325215613075TUHL0,2026-05-23 23:00:00,2026-05-24 07:00:00,64,15.0,0,Continuity (2-mould press)
2026-05-24 00:00:00,A,14813,1325215613075TUHL0,2026-05-24 07:00:00,2026-05-24 15:00:00,64,15.0,0,Continuity (2-mould press)
2026-05-24 00:00:00,B,14813,1325215613075TUHL0,2026-05-24 15:00:00,2026-05-24 23:00:00,64,15.0,0,Continuity (2-mould press)
2026-05-24 00:00:00,C,14813,1325215613075TUHL0,2026-05-24 23:00:00,2026-05-25 07:00:00,64,15.0,0,Continuity (2-mould press)
2026-05-25 00:00:00,A,14813,1325215613075TUHL0,2026-05-25 07:00:00,2026-05-25 15:00:00,64,15.0,0,Continuity (2-mould press)
2026-05-25 00:00:00,B,14813,1325215613075TUHL0,2026-05-25 15:00:00,2026-05-25 23:00:00,64,15.0,0,Continuity (2-mould press)
2026-05-25 00:00:00,C,14813,1325215613075TUHL0,2026-05-25 23:00:00,2026-05-26 07:00:00,64,15.0,0,Continuity (2-mould press)
2026-05-26 00:00:00,A,14813,1325215613075TUHL0,2026-05-26 07:00:00,2026-05-26 15:00:00,64,15.0,0,Continuity (2-mould press)
2026-05-26 00:00:00,B,14813,1325215613075TUHL0,2026-05-26 15:00:00,2026-05-26 23:00:00,64,15.0,0,Continuity (2-mould press)
2026-05-26 00:00:00,C,14813,1325215613075TUHL0,2026-05-26 23:00:00,2026-05-27 07:00:00,64,15.0,0,Continuity (2-mould press)
2026-05-27 00:00:00,A,14813,1325215613075TUHL0,2026-05-27 07:00:00,2026-05-27 10:00:00,24,15.0,0,Continuity (2-mould press)
2026-05-21 00:00:00,A,15201,1325223916120QRAB0,2026-05-21 07:00:00,2026-05-21 15:00:00,31,31.0,0,Continuity (2-mould press)
2026-05-21 00:00:00,B,15201,1325223916120QRAB0,2026-05-21 15:00:00,2026-05-21 23:00:00,31,31.0,0,Continuity (2-mould press)
2026-05-21 00:00:00,C,15201,1325223916120QRAB0,2026-05-21 23:00:00,2026-05-22 07:00:00,31,31.0,0,Continuity (2-mould press)
2026-05-22 00:00:00,A,15201,1325223916120QRAB0,2026-05-22 07:00:00,2026-05-22 15:00:00,31,31.0,0,Continuity (2-mould press)
2026-05-22 00:00:00,B,15201,1325223916120QRAB0,2026-05-22 15:00:00,2026-05-22 23:00:00,31,31.0,0,Continuity (2-mould press)
2026-05-22 00:00:00,C,15201,1325223916120QRAB0,2026-05-22 23:00:00,2026-05-23 07:00:00,31,31.0,0,Continuity (2-mould press)
2026-05-23 00:00:00,A,15201,1325223916120QRAB0,2026-05-23 07:00:00,2026-05-23 15:00:00,31,31.0,0,Continuity (2-mould press)
2026-05-23 00:00:00,B,15201,1325223916120QRAB0,2026-05-23 15:00:00,2026-05-23 23:00:00,31,31.0,0,Continuity (2-mould press)
2026-05-23 00:00:00,C,15201,1325223916120QRAB0,2026-05-23 23:00:00,2026-05-24 07:00:00,31,31.0,0,Continuity (2-mould press)
2026-05-24 00:00:00,A,15201,1325223916120QRAB0,2026-05-24 07:00:00,2026-05-24 15:00:00,31,31.0,0,Continuity (2-mould press)
2026-05-24 00:00:00,B,15201,1325223916120QRAB0,2026-05-24 15:00:00,2026-05-24 23:00:00,31,31.0,0,Continuity (2-mould press)
2026-05-24 00:00:00,C,15201,1325223916120QRAB0,2026-05-24 23:00:00,2026-05-25 07:00:00,31,31.0,0,Continuity (2-mould press)
2026-05-25 00:00:00,A,15201,1325223916120QRAB0,2026-05-25 07:00:00,2026-05-25 15:00:00,31,31.0,0,Continuity (2-mould press)
2026-05-25 00:00:00,B,15201,1325223916120QRAB0,2026-05-25 15:00:00,2026-05-25 23:00:00,31,31.0,0,Continuity (2-mould press)
2026-05-25 00:00:00,C,15201,1325223916120QRAB0,2026-05-25 23:00:00,2026-05-26 07:00:00,31,31.0,0,Continuity (2-mould press)
2026-05-26 00:00:00,A,15201,1325223916120QRAB0,2026-05-26 07:00:00,2026-05-26 15:00:00,31,31.0,0,Continuity (2-mould press)
2026-05-26 00:00:00,B,15201,1325223916120QRAB0,2026-05-26 15:00:00,2026-05-26 23:00:00,31,31.0,0,Continuity (2-mould press)
2026-05-26 00:00:00,C,15201,1325223916120QRAB0,2026-05-26 23:00:00,2026-05-27 07:00:00,31,31.0,0,Continuity (2-mould press)
2026-05-27 00:00:00,A,15201,1325223916120QRAB0,2026-05-27 07:00:00,2026-05-27 15:00:00,31,31.0,0,Continuity (2-mould press)
2026-05-27 00:00:00,B,15201,1325223916120QRAB0,2026-05-27 15:00:00,2026-05-27 23:00:00,31,31.0,0,Continuity (2-mould press)
2026-05-27 00:00:00,C,15201,1325223916120QRAB0,2026-05-27 23:00:00,2026-05-28 07:00:00,31,31.0,0,Continuity (2-mould press)
2026-05-28 00:00:00,A,15201,1325223916120QRAB0,2026-05-28 07:00:00,2026-05-28 15:00:00,31,31.0,0,Continuity (2-mould press)
2026-05-28 00:00:00,B,15201,1325223916120QRAB0,2026-05-28 15:00:00,2026-05-28 23:00:00,31,31.0,0,Continuity (2-mould press)
2026-05-28 00:00:00,C,15201,1325223916120QRAB0,2026-05-28 23:00:00,2026-05-29 07:00:00,31,31.0,0,Continuity (2-mould press)
2026-05-29 00:00:00,A,15201,1325223916120QRAB0,2026-05-29 07:00:00,2026-05-29 15:00:00,31,31.0,0,Continuity (2-mould press)
2026-05-29 00:00:00,B,15201,1325223916120QRAB0,2026-05-29 15:00:00,2026-05-29 23:00:00,31,31.0,0,Continuity (2-mould press)
2026-05-29 00:00:00,C,15201,1325223916120QRAB0,2026-05-29 23:00:00,2026-05-30 03:52:00,19,31.0,0,Continuity (2-mould press)
2026-05-21 00:00:00,A,15202,1325221715100SRXT0,2026-05-21 07:00:00,2026-05-21 15:00:00,48,20.0,0,Continuity (2-mould press)
2026-05-21 00:00:00,B,15202,1325221715100SRXT0,2026-05-21 15:00:00,2026-05-21 23:00:00,48,20.0,0,Continuity (2-mould press)
2026-05-21 00:00:00,C,15202,1325221715100SRXT0,2026-05-21 23:00:00,2026-05-22 07:00:00,48,20.0,0,Continuity (2-mould press)
2026-05-22 00:00:00,A,15202,1325221715100SRXT0,2026-05-22 07:00:00,2026-05-22 15:00:00,48,20.0,0,Continuity (2-mould press)
2026-05-22 00:00:00,B,15202,1325221715100SRXT0,2026-05-22 15:00:00,2026-05-22 23:00:00,48,20.0,0,Continuity (2-mould press)
2026-05-22 00:00:00,C,15202,1325221715100SRXT0,2026-05-22 23:00:00,2026-05-23 07:00:00,48,20.0,0,Continuity (2-mould press)
2026-05-23 00:00:00,A,15202,1325221715100SRXT0,2026-05-23 07:00:00,2026-05-23 15:00:00,48,20.0,0,Continuity (2-mould press)
2026-05-23 00:00:00,B,15202,1325221715100SRXT0,2026-05-23 15:00:00,2026-05-23 23:00:00,48,20.0,0,Continuity (2-mould press)
2026-05-23 00:00:00,C,15202,1325221715100SRXT0,2026-05-23 23:00:00,2026-05-24 07:00:00,48,20.0,0,Continuity (2-mould press)
2026-05-24 00:00:00,A,15202,1325221715100SRXT0,2026-05-24 07:00:00,2026-05-24 15:00:00,48,20.0,0,Continuity (2-mould press)
2026-05-24 00:00:00,B,15202,1325221715100SRXT0,2026-05-24 15:00:00,2026-05-24 23:00:00,48,20.0,0,Continuity (2-mould press)
2026-05-24 00:00:00,C,15202,1325221715100SRXT0,2026-05-24 23:00:00,2026-05-25 07:00:00,48,20.0,0,Continuity (2-mould press)
2026-05-25 00:00:00,A,15202,1325221715100SRXT0,2026-05-25 07:00:00,2026-05-25 15:00:00,48,20.0,0,Continuity (2-mould press)
2026-05-25 00:00:00,B,15202,1325221715100SRXT0,2026-05-25 15:00:00,2026-05-25 23:00:00,48,20.0,0,Continuity (2-mould press)
2026-05-25 00:00:00,C,15202,1325221715100SRXT0,2026-05-25 23:00:00,2026-05-26 07:00:00,48,20.0,0,Continuity (2-mould press)
2026-05-26 00:00:00,A,15202,1325221715100SRXT0,2026-05-26 07:00:00,2026-05-26 15:00:00,48,20.0,0,Continuity (2-mould press)
2026-05-26 00:00:00,B,15202,1325221715100SRXT0,2026-05-26 15:00:00,2026-05-26 23:00:00,48,20.0,0,Continuity (2-mould press)
2026-05-26 00:00:00,C,15202,1325221715100SRXT0,2026-05-26 23:00:00,2026-05-27 07:00:00,48,20.0,0,Continuity (2-mould press)
2026-05-27 00:00:00,A,15202,1325221715100SRXT0,2026-05-27 07:00:00,2026-05-27 15:00:00,48,20.0,0,Continuity (2-mould press)
2026-05-27 00:00:00,B,15202,1325221715100SRXT0,2026-05-27 15:00:00,2026-05-27 23:00:00,48,20.0,0,Continuity (2-mould press)
2026-05-27 00:00:00,C,15202,1325221715100SRXT0,2026-05-27 23:00:00,2026-05-28 07:00:00,48,20.0,0,Continuity (2-mould press)
2026-05-28 00:00:00,A,15202,1325221715100SRXT0,2026-05-28 07:00:00,2026-05-28 15:00:00,48,20.0,0,Continuity (2-mould press)
2026-05-28 00:00:00,B,15202,1325221715100SRXT0,2026-05-28 15:00:00,2026-05-28 23:00:00,48,20.0,0,Continuity (2-mould press)
2026-05-28 00:00:00,C,15202,1325221715100SRXT0,2026-05-28 23:00:00,2026-05-29 01:00:00,12,20.0,0,Continuity (2-mould press)
2026-05-21 00:00:00,A,15203,1325219416089HRHE0,2026-05-21 07:00:00,2026-05-21 15:00:00,60,16.0,0,Continuity (2-mould press)
2026-05-21 00:00:00,B,15203,1325219416089HRHE0,2026-05-21 15:00:00,2026-05-21 23:00:00,60,16.0,0,Continuity (2-mould press)
2026-05-21 00:00:00,C,15203,1325219416089HRHE0,2026-05-21 23:00:00,2026-05-22 07:00:00,60,16.0,0,Continuity (2-mould press)
2026-05-22 00:00:00,A,15203,1325219416089HRHE0,2026-05-22 07:00:00,2026-05-22 15:00:00,60,16.0,0,Continuity (2-mould press)
2026-05-22 00:00:00,B,15203,1325219416089HRHE0,2026-05-22 15:00:00,2026-05-22 23:00:00,60,16.0,0,Continuity (2-mould press)
2026-05-22 00:00:00,C,15203,1325219416089HRHE0,2026-05-22 23:00:00,2026-05-23 07:00:00,60,16.0,0,Continuity (2-mould press)
2026-05-23 00:00:00,A,15203,1325219416089HRHE0,2026-05-23 07:00:00,2026-05-23 15:00:00,60,16.0,0,Continuity (2-mould press)
2026-05-23 00:00:00,B,15203,1325219416089HRHE0,2026-05-23 15:00:00,2026-05-23 23:00:00,60,16.0,0,Continuity (2-mould press)
2026-05-23 00:00:00,C,15203,1325219416089HRHE0,2026-05-23 23:00:00,2026-05-24 07:00:00,60,16.0,0,Continuity (2-mould press)
2026-05-24 00:00:00,A,15203,1325219416089HRHE0,2026-05-24 07:00:00,2026-05-24 15:00:00,60,16.0,0,Continuity (2-mould press)
2026-05-24 00:00:00,B,15203,1325219416089HRHE0,2026-05-24 15:00:00,2026-05-24 23:00:00,60,16.0,0,Continuity (2-mould press)
2026-05-24 00:00:00,C,15203,1325219416089HRHE0,2026-05-24 23:00:00,2026-05-25 07:00:00,60,16.0,0,Continuity (2-mould press)
2026-05-25 00:00:00,A,15203,1325219416089HRHE0,2026-05-25 07:00:00,2026-05-25 15:00:00,60,16.0,0,Continuity (2-mould press)
2026-05-25 00:00:00,B,15203,1325219416089HRHE0,2026-05-25 15:00:00,2026-05-25 23:00:00,60,16.0,0,Continuity (2-mould press)
2026-05-25 00:00:00,C,15203,1325219416089HRHE0,2026-05-25 23:00:00,2026-05-26 07:00:00,60,16.0,0,Continuity (2-mould press)
2026-05-26 00:00:00,A,15203,1325219416089HRHE0,2026-05-26 07:00:00,2026-05-26 15:00:00,60,16.0,0,Continuity (2-mould press)
2026-05-26 00:00:00,B,15203,1325219416089HRHE0,2026-05-26 15:00:00,2026-05-26 23:00:00,60,16.0,0,Continuity (2-mould press)
2026-05-26 00:00:00,C,15203,1325219416089HRHE0,2026-05-26 23:00:00,2026-05-27 07:00:00,60,16.0,0,Continuity (2-mould press)
2026-05-27 00:00:00,A,15203,1325219416089HRHE0,2026-05-27 07:00:00,2026-05-27 10:28:00,26,16.0,0,Continuity (2-mould press)
2026-05-21 00:00:00,A,15204,1325217514082HURL2,2026-05-21 07:00:00,2026-05-21 15:00:00,64,15.0,0,Continuity (2-mould press)
2026-05-21 00:00:00,B,15204,1325217514082HURL2,2026-05-21 15:00:00,2026-05-21 23:00:00,64,15.0,0,Continuity (2-mould press)
2026-05-21 00:00:00,C,15204,1325217514082HURL2,2026-05-21 23:00:00,2026-05-22 07:00:00,64,15.0,0,Continuity (2-mould press)
2026-05-22 00:00:00,A,15204,1325217514082HURL2,2026-05-22 07:00:00,2026-05-22 15:00:00,64,15.0,0,Continuity (2-mould press)
2026-05-22 00:00:00,B,15204,1325217514082HURL2,2026-05-22 15:00:00,2026-05-22 23:00:00,64,15.0,0,Continuity (2-mould press)
2026-05-22 00:00:00,C,15204,1325217514082HURL2,2026-05-22 23:00:00,2026-05-23 07:00:00,64,15.0,0,Continuity (2-mould press)
2026-05-23 00:00:00,A,15204,1325217514082HURL2,2026-05-23 07:00:00,2026-05-23 15:00:00,64,15.0,0,Continuity (2-mould press)
2026-05-23 00:00:00,B,15204,1325217514082HURL2,2026-05-23 15:00:00,2026-05-23 23:00:00,64,15.0,0,Continuity (2-mould press)
2026-05-23 00:00:00,C,15204,1325217514082HURL2,2026-05-23 23:00:00,2026-05-24 07:00:00,64,15.0,0,Continuity (2-mould press)
2026-05-24 00:00:00,A,15204,1325217514082HURL2,2026-05-24 07:00:00,2026-05-24 15:00:00,64,15.0,0,Continuity (2-mould press)
2026-05-24 00:00:00,B,15204,1325217514082HURL2,2026-05-24 15:00:00,2026-05-24 23:00:00,64,15.0,0,Continuity (2-mould press)
2026-05-24 00:00:00,C,15204,1325217514082HURL2,2026-05-24 23:00:00,2026-05-25 07:00:00,64,15.0,0,Continuity (2-mould press)
2026-05-25 00:00:00,A,15204,1325217514082HURL2,2026-05-25 07:00:00,2026-05-25 15:00:00,64,15.0,0,Continuity (2-mould press)
2026-05-25 00:00:00,B,15204,1325217514082HURL2,2026-05-25 15:00:00,2026-05-25 23:00:00,64,15.0,0,Continuity (2-mould press)
2026-05-25 00:00:00,C,15204,1325217514082HURL2,2026-05-25 23:00:00,2026-05-26 07:00:00,64,15.0,0,Continuity (2-mould press)
2026-05-26 00:00:00,A,15204,1325217514082HURL2,2026-05-26 07:00:00,2026-05-26 15:00:00,64,15.0,0,Continuity (2-mould press)
2026-05-26 00:00:00,B,15204,1325217514082HURL2,2026-05-26 15:00:00,2026-05-26 23:00:00,64,15.0,0,Continuity (2-mould press)
2026-05-26 00:00:00,C,15204,1325217514082HURL2,2026-05-26 23:00:00,2026-05-27 07:00:00,64,15.0,0,Continuity (2-mould press)
2026-05-27 00:00:00,A,15204,1325217514082HURL2,2026-05-27 07:00:00,2026-05-27 12:45:00,46,15.0,0,Continuity (2-mould press)
2026-05-21 00:00:00,A,15205,1325214813075SUNE1,2026-05-21 07:00:00,2026-05-21 14:30:00,60,15.0,227,Continuity (2-mould press)
2026-05-21 00:00:00,A,15206,1325221715100SRHT0,2026-05-21 07:00:00,2026-05-21 15:00:00,53,18.0,96,Continuity (2-mould press)
2026-05-21 00:00:00,B,15206,1325221715100SRHT0,2026-05-21 15:00:00,2026-05-21 23:00:00,53,18.0,96,Continuity (2-mould press)
2026-05-21 00:00:00,C,15206,1325221715100SRHT0,2026-05-21 23:00:00,2026-05-22 07:00:00,53,18.0,96,Continuity (2-mould press)
2026-05-22 00:00:00,A,15206,1325221715100SRHT0,2026-05-22 07:00:00,2026-05-22 15:00:00,53,18.0,96,Continuity (2-mould press)
2026-05-22 00:00:00,B,15206,1325221715100SRHT0,2026-05-22 15:00:00,2026-05-22 23:00:00,53,18.0,96,Continuity (2-mould press)
2026-05-22 00:00:00,C,15206,1325221715100SRHT0,2026-05-22 23:00:00,2026-05-23 07:00:00,53,18.0,96,Continuity (2-mould press)
2026-05-23 00:00:00,A,15206,1325221715100SRHT0,2026-05-23 07:00:00,2026-05-23 15:00:00,53,18.0,96,Continuity (2-mould press)
2026-05-23 00:00:00,B,15206,1325221715100SRHT0,2026-05-23 15:00:00,2026-05-23 23:00:00,53,18.0,96,Continuity (2-mould press)
2026-05-23 00:00:00,C,15206,1325221715100SRHT0,2026-05-23 23:00:00,2026-05-24 07:00:00,53,18.0,96,Continuity (2-mould press)
2026-05-24 00:00:00,A,15206,1325221715100SRHT0,2026-05-24 07:00:00,2026-05-24 15:00:00,53,18.0,96,Continuity (2-mould press)
2026-05-24 00:00:00,B,15206,1325221715100SRHT0,2026-05-24 15:00:00,2026-05-24 23:00:00,53,18.0,96,Continuity (2-mould press)
2026-05-24 00:00:00,C,15206,1325221715100SRHT0,2026-05-24 23:00:00,2026-05-25 07:00:00,53,18.0,96,Continuity (2-mould press)
2026-05-25 00:00:00,A,15206,1325221715100SRHT0,2026-05-25 07:00:00,2026-05-25 15:00:00,53,18.0,96,Continuity (2-mould press)
2026-05-25 00:00:00,B,15206,1325221715100SRHT0,2026-05-25 15:00:00,2026-05-25 23:00:00,53,18.0,96,Continuity (2-mould press)
2026-05-25 00:00:00,C,15206,1325221715100SRHT0,2026-05-25 23:00:00,2026-05-26 07:00:00,53,18.0,96,Continuity (2-mould press)
2026-05-26 00:00:00,A,15206,1325221715100SRHT0,2026-05-26 07:00:00,2026-05-26 15:00:00,53,18.0,96,Continuity (2-mould press)
2026-05-26 00:00:00,B,15206,1325221715100SRHT0,2026-05-26 15:00:00,2026-05-26 23:00:00,53,18.0,96,Continuity (2-mould press)
2026-05-26 00:00:00,C,15206,1325221715100SRHT0,2026-05-26 23:00:00,2026-05-27 07:00:00,53,18.0,96,Continuity (2-mould press)
2026-05-27 00:00:00,A,15206,1325221715100SRHT0,2026-05-27 07:00:00,2026-05-27 15:00:00,53,18.0,96,Continuity (2-mould press)
2026-05-27 00:00:00,B,15206,1325221715100SRHT0,2026-05-27 15:00:00,2026-05-27 19:36:00,31,18.0,96,Continuity (2-mould press)
2026-05-21 00:00:00,A,15207,1325217514082HURL2,2026-05-21 07:00:00,2026-05-21 15:00:00,64,15.0,0,Continuity (2-mould press)
2026-05-21 00:00:00,B,15207,1325217514082HURL2,2026-05-21 15:00:00,2026-05-21 23:00:00,64,15.0,0,Continuity (2-mould press)
2026-05-21 00:00:00,C,15207,1325217514082HURL2,2026-05-21 23:00:00,2026-05-22 07:00:00,64,15.0,0,Continuity (2-mould press)
2026-05-22 00:00:00,A,15207,1325217514082HURL2,2026-05-22 07:00:00,2026-05-22 15:00:00,64,15.0,0,Continuity (2-mould press)
2026-05-22 00:00:00,B,15207,1325217514082HURL2,2026-05-22 15:00:00,2026-05-22 23:00:00,64,15.0,0,Continuity (2-mould press)
2026-05-22 00:00:00,C,15207,1325217514082HURL2,2026-05-22 23:00:00,2026-05-23 07:00:00,64,15.0,0,Continuity (2-mould press)
2026-05-23 00:00:00,A,15207,1325217514082HURL2,2026-05-23 07:00:00,2026-05-23 15:00:00,64,15.0,0,Continuity (2-mould press)
2026-05-23 00:00:00,B,15207,1325217514082HURL2,2026-05-23 15:00:00,2026-05-23 23:00:00,64,15.0,0,Continuity (2-mould press)
2026-05-23 00:00:00,C,15207,1325217514082HURL2,2026-05-23 23:00:00,2026-05-24 07:00:00,64,15.0,0,Continuity (2-mould press)
2026-05-24 00:00:00,A,15207,1325217514082HURL2,2026-05-24 07:00:00,2026-05-24 15:00:00,64,15.0,0,Continuity (2-mould press)
2026-05-24 00:00:00,B,15207,1325217514082HURL2,2026-05-24 15:00:00,2026-05-24 23:00:00,64,15.0,0,Continuity (2-mould press)
2026-05-24 00:00:00,C,15207,1325217514082HURL2,2026-05-24 23:00:00,2026-05-25 07:00:00,64,15.0,0,Continuity (2-mould press)
2026-05-25 00:00:00,A,15207,1325217514082HURL2,2026-05-25 07:00:00,2026-05-25 15:00:00,64,15.0,0,Continuity (2-mould press)
2026-05-25 00:00:00,B,15207,1325217514082HURL2,2026-05-25 15:00:00,2026-05-25 23:00:00,64,15.0,0,Continuity (2-mould press)
2026-05-25 00:00:00,C,15207,1325217514082HURL2,2026-05-25 23:00:00,2026-05-26 07:00:00,64,15.0,0,Continuity (2-mould press)
2026-05-26 00:00:00,A,15207,1325217514082HURL2,2026-05-26 07:00:00,2026-05-26 15:00:00,64,15.0,0,Continuity (2-mould press)
2026-05-26 00:00:00,B,15207,1325217514082HURL2,2026-05-26 15:00:00,2026-05-26 23:00:00,64,15.0,0,Continuity (2-mould press)
2026-05-26 00:00:00,C,15207,1325217514082HURL2,2026-05-26 23:00:00,2026-05-27 07:00:00,64,15.0,0,Continuity (2-mould press)
2026-05-27 00:00:00,A,15207,1325217514082HURL2,2026-05-27 07:00:00,2026-05-27 12:45:00,46,15.0,0,Continuity (2-mould press)
2026-05-21 00:00:00,A,15208,1225223516121PSKP0,2026-05-21 07:00:00,2026-05-21 15:00:00,36,27.0,153,Continuity (2-mould press)
2026-05-21 00:00:00,B,15208,1225223516121PSKP0,2026-05-21 15:00:00,2026-05-21 23:00:00,36,27.0,153,Continuity (2-mould press)
2026-05-21 00:00:00,C,15208,1225223516121PSKP0,2026-05-21 23:00:00,2026-05-22 07:00:00,36,27.0,153,Continuity (2-mould press)
2026-05-22 00:00:00,A,15208,1225223516121PSKP0,2026-05-22 07:00:00,2026-05-22 15:00:00,36,27.0,153,Continuity (2-mould press)
2026-05-22 00:00:00,B,15208,1225223516121PSKP0,2026-05-22 15:00:00,2026-05-22 23:00:00,36,27.0,153,Continuity (2-mould press)
2026-05-22 00:00:00,C,15208,1225223516121PSKP0,2026-05-22 23:00:00,2026-05-23 07:00:00,36,27.0,153,Continuity (2-mould press)
2026-05-23 00:00:00,A,15208,1225223516121PSKP0,2026-05-23 07:00:00,2026-05-23 15:00:00,36,27.0,153,Continuity (2-mould press)
2026-05-23 00:00:00,B,15208,1225223516121PSKP0,2026-05-23 15:00:00,2026-05-23 23:00:00,36,27.0,153,Continuity (2-mould press)
2026-05-23 00:00:00,C,15208,1225223516121PSKP0,2026-05-23 23:00:00,2026-05-24 07:00:00,36,27.0,153,Continuity (2-mould press)
2026-05-24 00:00:00,A,15208,1225223516121PSKP0,2026-05-24 07:00:00,2026-05-24 15:00:00,36,27.0,153,Continuity (2-mould press)
2026-05-24 00:00:00,B,15208,1225223516121PSKP0,2026-05-24 15:00:00,2026-05-24 23:00:00,36,27.0,153,Continuity (2-mould press)
2026-05-24 00:00:00,C,15208,1225223516121PSKP0,2026-05-24 23:00:00,2026-05-25 07:00:00,36,27.0,153,Continuity (2-mould press)
2026-05-25 00:00:00,A,15208,1225223516121PSKP0,2026-05-25 07:00:00,2026-05-25 15:00:00,36,27.0,153,Continuity (2-mould press)
2026-05-25 00:00:00,B,15208,1225223516121PSKP0,2026-05-25 15:00:00,2026-05-25 23:00:00,36,27.0,153,Continuity (2-mould press)
2026-05-25 00:00:00,C,15208,1225223516121PSKP0,2026-05-25 23:00:00,2026-05-26 07:00:00,36,27.0,153,Continuity (2-mould press)
2026-05-26 00:00:00,A,15208,1225223516121PSKP0,2026-05-26 07:00:00,2026-05-26 15:00:00,36,27.0,153,Continuity (2-mould press)
2026-05-26 00:00:00,B,15208,1225223516121PSKP0,2026-05-26 15:00:00,2026-05-26 23:00:00,36,27.0,153,Continuity (2-mould press)
2026-05-26 00:00:00,C,15208,1225223516121PSKP0,2026-05-26 23:00:00,2026-05-27 07:00:00,36,27.0,153,Continuity (2-mould press)
2026-05-27 00:00:00,A,15208,1225223516121PSKP0,2026-05-27 07:00:00,2026-05-27 15:00:00,36,27.0,153,Continuity (2-mould press)
2026-05-27 00:00:00,B,15208,1225223516121PSKP0,2026-05-27 15:00:00,2026-05-27 23:00:00,36,27.0,153,Continuity (2-mould press)
2026-05-27 00:00:00,C,15208,1225223516121PSKP0,2026-05-27 23:00:00,2026-05-28 07:00:00,36,27.0,153,Continuity (2-mould press)
2026-05-28 00:00:00,A,15208,1225223516121PSKP0,2026-05-28 07:00:00,2026-05-28 15:00:00,36,27.0,153,Continuity (2-mould press)
2026-05-28 00:00:00,B,15208,1225223516121PSKP0,2026-05-28 15:00:00,2026-05-28 23:00:00,36,27.0,153,Continuity (2-mould press)
2026-05-28 00:00:00,C,15208,1225223516121PSKP0,2026-05-28 23:00:00,2026-05-29 07:00:00,36,27.0,153,Continuity (2-mould press)
2026-05-29 00:00:00,A,15208,1225223516121PSKP0,2026-05-29 07:00:00,2026-05-29 15:00:00,36,27.0,153,Continuity (2-mould press)
2026-05-29 00:00:00,B,15208,1225223516121PSKP0,2026-05-29 15:00:00,2026-05-29 23:00:00,36,27.0,153,Continuity (2-mould press)
2026-05-29 00:00:00,C,15208,1225223516121PSKP0,2026-05-29 23:00:00,2026-05-30 07:00:00,36,27.0,153,Continuity (2-mould press)
2026-05-30 00:00:00,A,15208,1225223516121PSKP0,2026-05-30 07:00:00,2026-05-30 15:00:00,36,27.0,153,Continuity (2-mould press)
2026-05-30 00:00:00,B,15208,1225223516121PSKP0,2026-05-30 15:00:00,2026-05-30 23:00:00,36,27.0,153,Continuity (2-mould press)
2026-05-30 00:00:00,C,15208,1225223516121PSKP0,2026-05-30 23:00:00,2026-05-31 07:00:00,36,27.0,153,Continuity (2-mould press)
2026-05-31 00:00:00,A,15208,1225223516121PSKP0,2026-05-31 07:00:00,2026-05-31 15:00:00,36,27.0,153,Continuity (2-mould press)
2026-05-31 00:00:00,B,15208,1225223516121PSKP0,2026-05-31 15:00:00,2026-05-31 23:00:00,36,27.0,153,Continuity (2-mould press)
2026-05-31 00:00:00,C,15208,1225223516121PSKP0,2026-05-31 23:00:00,2026-06-01 07:00:00,36,27.0,153,Continuity (2-mould press)
2026-06-01 00:00:00,A,15208,1225223516121PSKP0,2026-06-01 07:00:00,2026-06-01 09:24:00,11,27.0,153,Continuity (2-mould press)
2026-05-21 00:00:00,A,15209,1325226517112HRHT0,2026-05-21 07:00:00,2026-05-21 15:00:00,56,17.0,0,Continuity (2-mould press)
2026-05-21 00:00:00,B,15209,1325226517112HRHT0,2026-05-21 15:00:00,2026-05-21 23:00:00,56,17.0,0,Continuity (2-mould press)
2026-05-21 00:00:00,C,15209,1325226517112HRHT0,2026-05-21 23:00:00,2026-05-22 07:00:00,56,17.0,0,Continuity (2-mould press)
2026-05-22 00:00:00,A,15209,1325226517112HRHT0,2026-05-22 07:00:00,2026-05-22 15:00:00,56,17.0,0,Continuity (2-mould press)
2026-05-22 00:00:00,B,15209,1325226517112HRHT0,2026-05-22 15:00:00,2026-05-22 23:00:00,56,17.0,0,Continuity (2-mould press)
2026-05-22 00:00:00,C,15209,1325226517112HRHT0,2026-05-22 23:00:00,2026-05-23 07:00:00,56,17.0,0,Continuity (2-mould press)
2026-05-23 00:00:00,A,15209,1325226517112HRHT0,2026-05-23 07:00:00,2026-05-23 15:00:00,56,17.0,0,Continuity (2-mould press)
2026-05-23 00:00:00,B,15209,1325226517112HRHT0,2026-05-23 15:00:00,2026-05-23 23:00:00,56,17.0,0,Continuity (2-mould press)
2026-05-23 00:00:00,C,15209,1325226517112HRHT0,2026-05-23 23:00:00,2026-05-24 07:00:00,56,17.0,0,Continuity (2-mould press)
2026-05-24 00:00:00,A,15209,1325226517112HRHT0,2026-05-24 07:00:00,2026-05-24 15:00:00,56,17.0,0,Continuity (2-mould press)
2026-05-24 00:00:00,B,15209,1325226517112HRHT0,2026-05-24 15:00:00,2026-05-24 23:00:00,56,17.0,0,Continuity (2-mould press)
2026-05-24 00:00:00,C,15209,1325226517112HRHT0,2026-05-24 23:00:00,2026-05-25 07:00:00,56,17.0,0,Continuity (2-mould press)
2026-05-25 00:00:00,A,15209,1325226517112HRHT0,2026-05-25 07:00:00,2026-05-25 15:00:00,56,17.0,0,Continuity (2-mould press)
2026-05-25 00:00:00,B,15209,1325226517112HRHT0,2026-05-25 15:00:00,2026-05-25 23:00:00,56,17.0,0,Continuity (2-mould press)
2026-05-25 00:00:00,C,15209,1325226517112HRHT0,2026-05-25 23:00:00,2026-05-26 07:00:00,56,17.0,0,Continuity (2-mould press)
2026-05-26 00:00:00,A,15209,1325226517112HRHT0,2026-05-26 07:00:00,2026-05-26 15:00:00,56,17.0,0,Continuity (2-mould press)
2026-05-26 00:00:00,B,15209,1325226517112HRHT0,2026-05-26 15:00:00,2026-05-26 23:00:00,56,17.0,0,Continuity (2-mould press)
2026-05-26 00:00:00,C,15209,1325226517112HRHT0,2026-05-26 23:00:00,2026-05-27 07:00:00,56,17.0,0,Continuity (2-mould press)
2026-05-27 00:00:00,A,15209,1325226517112HRHT0,2026-05-27 07:00:00,2026-05-27 15:00:00,56,17.0,0,Continuity (2-mould press)
2026-05-27 00:00:00,B,15209,1325226517112HRHT0,2026-05-27 15:00:00,2026-05-27 23:00:00,56,17.0,0,Continuity (2-mould press)
2026-05-27 00:00:00,C,15209,1325226517112HRHT0,2026-05-27 23:00:00,2026-05-28 07:00:00,56,17.0,0,Continuity (2-mould press)
2026-05-28 00:00:00,A,15209,1325226517112HRHT0,2026-05-28 07:00:00,2026-05-28 15:00:00,56,17.0,0,Continuity (2-mould press)
2026-05-28 00:00:00,B,15209,1325226517112HRHT0,2026-05-28 15:00:00,2026-05-28 23:00:00,56,17.0,0,Continuity (2-mould press)
2026-05-28 00:00:00,C,15209,1325226517112HRHT0,2026-05-28 23:00:00,2026-05-29 07:00:00,56,17.0,0,Continuity (2-mould press)
2026-05-29 00:00:00,A,15209,1325226517112HRHT0,2026-05-29 07:00:00,2026-05-29 15:00:00,56,17.0,0,Continuity (2-mould press)
2026-05-29 00:00:00,B,15209,1325226517112HRHT0,2026-05-29 15:00:00,2026-05-29 23:00:00,56,17.0,0,Continuity (2-mould press)
2026-05-29 00:00:00,C,15209,1325226517112HRHT0,2026-05-29 23:00:00,2026-05-30 07:00:00,56,17.0,0,Continuity (2-mould press)
2026-05-30 00:00:00,A,15209,1325226517112HRHT0,2026-05-30 07:00:00,2026-05-30 15:00:00,56,17.0,0,Continuity (2-mould press)
2026-05-30 00:00:00,B,15209,1325226517112HRHT0,2026-05-30 15:00:00,2026-05-30 23:00:00,56,17.0,0,Continuity (2-mould press)
2026-05-30 00:00:00,C,15209,1325226517112HRHT0,2026-05-30 23:00:00,2026-05-31 07:00:00,56,17.0,0,Continuity (2-mould press)
2026-05-31 00:00:00,A,15209,1325226517112HRHT0,2026-05-31 07:00:00,2026-05-31 15:00:00,56,17.0,0,Continuity (2-mould press)
2026-05-31 00:00:00,B,15209,1325226517112HRHT0,2026-05-31 15:00:00,2026-05-31 23:00:00,56,17.0,0,Continuity (2-mould press)
2026-05-31 00:00:00,C,15209,1325226517112HRHT0,2026-05-31 23:00:00,2026-06-01 07:00:00,56,17.0,0,Continuity (2-mould press)
2026-06-01 00:00:00,A,15209,1325226517112HRHT0,2026-06-01 07:00:00,2026-06-01 15:00:00,56,17.0,0,Continuity (2-mould press)
2026-06-01 00:00:00,B,15209,1325226517112HRHT0,2026-06-01 15:00:00,2026-06-01 23:00:00,56,17.0,0,Continuity (2-mould press)
2026-06-01 00:00:00,C,15209,1325226517112HRHT0,2026-06-01 23:00:00,2026-06-02 07:00:00,56,17.0,0,Continuity (2-mould press)
2026-06-02 00:00:00,A,15209,1325226517112HRHT0,2026-06-02 07:00:00,2026-06-02 07:43:00,5,17.0,0,Continuity (2-mould press)
2026-05-21 00:00:00,A,15210,1325221715100SRHT0,2026-05-21 07:00:00,2026-05-21 15:00:00,53,18.0,96,Continuity (2-mould press)
2026-05-21 00:00:00,B,15210,1325221715100SRHT0,2026-05-21 15:00:00,2026-05-21 23:00:00,53,18.0,96,Continuity (2-mould press)
2026-05-21 00:00:00,C,15210,1325221715100SRHT0,2026-05-21 23:00:00,2026-05-22 07:00:00,53,18.0,96,Continuity (2-mould press)
2026-05-22 00:00:00,A,15210,1325221715100SRHT0,2026-05-22 07:00:00,2026-05-22 15:00:00,53,18.0,96,Continuity (2-mould press)
2026-05-22 00:00:00,B,15210,1325221715100SRHT0,2026-05-22 15:00:00,2026-05-22 23:00:00,53,18.0,96,Continuity (2-mould press)
2026-05-22 00:00:00,C,15210,1325221715100SRHT0,2026-05-22 23:00:00,2026-05-23 07:00:00,53,18.0,96,Continuity (2-mould press)
2026-05-23 00:00:00,A,15210,1325221715100SRHT0,2026-05-23 07:00:00,2026-05-23 15:00:00,53,18.0,96,Continuity (2-mould press)
2026-05-23 00:00:00,B,15210,1325221715100SRHT0,2026-05-23 15:00:00,2026-05-23 23:00:00,53,18.0,96,Continuity (2-mould press)
2026-05-23 00:00:00,C,15210,1325221715100SRHT0,2026-05-23 23:00:00,2026-05-24 07:00:00,53,18.0,96,Continuity (2-mould press)
2026-05-24 00:00:00,A,15210,1325221715100SRHT0,2026-05-24 07:00:00,2026-05-24 15:00:00,53,18.0,96,Continuity (2-mould press)
2026-05-24 00:00:00,B,15210,1325221715100SRHT0,2026-05-24 15:00:00,2026-05-24 23:00:00,53,18.0,96,Continuity (2-mould press)
2026-05-24 00:00:00,C,15210,1325221715100SRHT0,2026-05-24 23:00:00,2026-05-25 07:00:00,53,18.0,96,Continuity (2-mould press)
2026-05-25 00:00:00,A,15210,1325221715100SRHT0,2026-05-25 07:00:00,2026-05-25 15:00:00,53,18.0,96,Continuity (2-mould press)
2026-05-25 00:00:00,B,15210,1325221715100SRHT0,2026-05-25 15:00:00,2026-05-25 23:00:00,53,18.0,96,Continuity (2-mould press)
2026-05-25 00:00:00,C,15210,1325221715100SRHT0,2026-05-25 23:00:00,2026-05-26 07:00:00,53,18.0,96,Continuity (2-mould press)
2026-05-26 00:00:00,A,15210,1325221715100SRHT0,2026-05-26 07:00:00,2026-05-26 15:00:00,53,18.0,96,Continuity (2-mould press)
2026-05-26 00:00:00,B,15210,1325221715100SRHT0,2026-05-26 15:00:00,2026-05-26 23:00:00,53,18.0,96,Continuity (2-mould press)
2026-05-26 00:00:00,C,15210,1325221715100SRHT0,2026-05-26 23:00:00,2026-05-27 07:00:00,53,18.0,96,Continuity (2-mould press)
2026-05-27 00:00:00,A,15210,1325221715100SRHT0,2026-05-27 07:00:00,2026-05-27 15:00:00,53,18.0,96,Continuity (2-mould press)
2026-05-27 00:00:00,B,15210,1325221715100SRHT0,2026-05-27 15:00:00,2026-05-27 19:36:00,31,18.0,96,Continuity (2-mould press)
2026-05-21 00:00:00,A,15211,1325219416089HRHE0,2026-05-21 07:00:00,2026-05-21 15:00:00,60,16.0,0,Continuity (2-mould press)
2026-05-21 00:00:00,B,15211,1325219416089HRHE0,2026-05-21 15:00:00,2026-05-21 23:00:00,60,16.0,0,Continuity (2-mould press)
2026-05-21 00:00:00,C,15211,1325219416089HRHE0,2026-05-21 23:00:00,2026-05-22 07:00:00,60,16.0,0,Continuity (2-mould press)
2026-05-22 00:00:00,A,15211,1325219416089HRHE0,2026-05-22 07:00:00,2026-05-22 15:00:00,60,16.0,0,Continuity (2-mould press)
2026-05-22 00:00:00,B,15211,1325219416089HRHE0,2026-05-22 15:00:00,2026-05-22 23:00:00,60,16.0,0,Continuity (2-mould press)
2026-05-22 00:00:00,C,15211,1325219416089HRHE0,2026-05-22 23:00:00,2026-05-23 07:00:00,60,16.0,0,Continuity (2-mould press)
2026-05-23 00:00:00,A,15211,1325219416089HRHE0,2026-05-23 07:00:00,2026-05-23 15:00:00,60,16.0,0,Continuity (2-mould press)
2026-05-23 00:00:00,B,15211,1325219416089HRHE0,2026-05-23 15:00:00,2026-05-23 23:00:00,60,16.0,0,Continuity (2-mould press)
2026-05-23 00:00:00,C,15211,1325219416089HRHE0,2026-05-23 23:00:00,2026-05-24 07:00:00,60,16.0,0,Continuity (2-mould press)
2026-05-24 00:00:00,A,15211,1325219416089HRHE0,2026-05-24 07:00:00,2026-05-24 15:00:00,60,16.0,0,Continuity (2-mould press)
2026-05-24 00:00:00,B,15211,1325219416089HRHE0,2026-05-24 15:00:00,2026-05-24 23:00:00,60,16.0,0,Continuity (2-mould press)
2026-05-24 00:00:00,C,15211,1325219416089HRHE0,2026-05-24 23:00:00,2026-05-25 07:00:00,60,16.0,0,Continuity (2-mould press)
2026-05-25 00:00:00,A,15211,1325219416089HRHE0,2026-05-25 07:00:00,2026-05-25 15:00:00,60,16.0,0,Continuity (2-mould press)
2026-05-25 00:00:00,B,15211,1325219416089HRHE0,2026-05-25 15:00:00,2026-05-25 23:00:00,60,16.0,0,Continuity (2-mould press)
2026-05-25 00:00:00,C,15211,1325219416089HRHE0,2026-05-25 23:00:00,2026-05-26 07:00:00,60,16.0,0,Continuity (2-mould press)
2026-05-26 00:00:00,A,15211,1325219416089HRHE0,2026-05-26 07:00:00,2026-05-26 15:00:00,60,16.0,0,Continuity (2-mould press)
2026-05-26 00:00:00,B,15211,1325219416089HRHE0,2026-05-26 15:00:00,2026-05-26 23:00:00,60,16.0,0,Continuity (2-mould press)
2026-05-26 00:00:00,C,15211,1325219416089HRHE0,2026-05-26 23:00:00,2026-05-27 07:00:00,60,16.0,0,Continuity (2-mould press)
2026-05-27 00:00:00,A,15211,1325219416089HRHE0,2026-05-27 07:00:00,2026-05-27 10:28:00,26,16.0,0,Continuity (2-mould press)
2026-05-21 00:00:00,A,15212,1325217514082HURL2,2026-05-21 07:00:00,2026-05-21 15:00:00,64,15.0,0,Continuity (2-mould press)
2026-05-21 00:00:00,B,15212,1325217514082HURL2,2026-05-21 15:00:00,2026-05-21 23:00:00,64,15.0,0,Continuity (2-mould press)
2026-05-21 00:00:00,C,15212,1325217514082HURL2,2026-05-21 23:00:00,2026-05-22 07:00:00,64,15.0,0,Continuity (2-mould press)
2026-05-22 00:00:00,A,15212,1325217514082HURL2,2026-05-22 07:00:00,2026-05-22 15:00:00,64,15.0,0,Continuity (2-mould press)
2026-05-22 00:00:00,B,15212,1325217514082HURL2,2026-05-22 15:00:00,2026-05-22 23:00:00,64,15.0,0,Continuity (2-mould press)
2026-05-22 00:00:00,C,15212,1325217514082HURL2,2026-05-22 23:00:00,2026-05-23 07:00:00,64,15.0,0,Continuity (2-mould press)
2026-05-23 00:00:00,A,15212,1325217514082HURL2,2026-05-23 07:00:00,2026-05-23 15:00:00,64,15.0,0,Continuity (2-mould press)
2026-05-23 00:00:00,B,15212,1325217514082HURL2,2026-05-23 15:00:00,2026-05-23 23:00:00,64,15.0,0,Continuity (2-mould press)
2026-05-23 00:00:00,C,15212,1325217514082HURL2,2026-05-23 23:00:00,2026-05-24 07:00:00,64,15.0,0,Continuity (2-mould press)
2026-05-24 00:00:00,A,15212,1325217514082HURL2,2026-05-24 07:00:00,2026-05-24 15:00:00,64,15.0,0,Continuity (2-mould press)
2026-05-24 00:00:00,B,15212,1325217514082HURL2,2026-05-24 15:00:00,2026-05-24 23:00:00,64,15.0,0,Continuity (2-mould press)
2026-05-24 00:00:00,C,15212,1325217514082HURL2,2026-05-24 23:00:00,2026-05-25 07:00:00,64,15.0,0,Continuity (2-mould press)
2026-05-25 00:00:00,A,15212,1325217514082HURL2,2026-05-25 07:00:00,2026-05-25 15:00:00,64,15.0,0,Continuity (2-mould press)
2026-05-25 00:00:00,B,15212,1325217514082HURL2,2026-05-25 15:00:00,2026-05-25 23:00:00,64,15.0,0,Continuity (2-mould press)
2026-05-25 00:00:00,C,15212,1325217514082HURL2,2026-05-25 23:00:00,2026-05-26 07:00:00,64,15.0,0,Continuity (2-mould press)
2026-05-26 00:00:00,A,15212,1325217514082HURL2,2026-05-26 07:00:00,2026-05-26 15:00:00,64,15.0,0,Continuity (2-mould press)
2026-05-26 00:00:00,B,15212,1325217514082HURL2,2026-05-26 15:00:00,2026-05-26 23:00:00,64,15.0,0,Continuity (2-mould press)
2026-05-26 00:00:00,C,15212,1325217514082HURL2,2026-05-26 23:00:00,2026-05-27 07:00:00,64,15.0,0,Continuity (2-mould press)
2026-05-27 00:00:00,A,15212,1325217514082HURL2,2026-05-27 07:00:00,2026-05-27 12:45:00,46,15.0,0,Continuity (2-mould press)
2026-05-21 00:00:00,A,15213,1325220516095HUTR0,2026-05-21 07:00:00,2026-05-21 15:00:00,51,19.0,0,Continuity (2-mould press)
2026-05-21 00:00:00,B,15213,1325220516095HUTR0,2026-05-21 15:00:00,2026-05-21 23:00:00,51,19.0,0,Continuity (2-mould press)
2026-05-21 00:00:00,C,15213,1325220516095HUTR0,2026-05-21 23:00:00,2026-05-22 07:00:00,51,19.0,0,Continuity (2-mould press)
2026-05-22 00:00:00,A,15213,1325220516095HUTR0,2026-05-22 07:00:00,2026-05-22 15:00:00,51,19.0,0,Continuity (2-mould press)
2026-05-22 00:00:00,B,15213,1325220516095HUTR0,2026-05-22 15:00:00,2026-05-22 23:00:00,51,19.0,0,Continuity (2-mould press)
2026-05-22 00:00:00,C,15213,1325220516095HUTR0,2026-05-22 23:00:00,2026-05-23 07:00:00,51,19.0,0,Continuity (2-mould press)
2026-05-23 00:00:00,A,15213,1325220516095HUTR0,2026-05-23 07:00:00,2026-05-23 15:00:00,51,19.0,0,Continuity (2-mould press)
2026-05-23 00:00:00,B,15213,1325220516095HUTR0,2026-05-23 15:00:00,2026-05-23 23:00:00,51,19.0,0,Continuity (2-mould press)
2026-05-23 00:00:00,C,15213,1325220516095HUTR0,2026-05-23 23:00:00,2026-05-24 07:00:00,51,19.0,0,Continuity (2-mould press)
2026-05-24 00:00:00,A,15213,1325220516095HUTR0,2026-05-24 07:00:00,2026-05-24 15:00:00,51,19.0,0,Continuity (2-mould press)
2026-05-24 00:00:00,B,15213,1325220516095HUTR0,2026-05-24 15:00:00,2026-05-24 23:00:00,51,19.0,0,Continuity (2-mould press)
2026-05-24 00:00:00,C,15213,1325220516095HUTR0,2026-05-24 23:00:00,2026-05-25 07:00:00,51,19.0,0,Continuity (2-mould press)
2026-05-25 00:00:00,A,15213,1325220516095HUTR0,2026-05-25 07:00:00,2026-05-25 15:00:00,51,19.0,0,Continuity (2-mould press)
2026-05-25 00:00:00,B,15213,1325220516095HUTR0,2026-05-25 15:00:00,2026-05-25 23:00:00,51,19.0,0,Continuity (2-mould press)
2026-05-25 00:00:00,C,15213,1325220516095HUTR0,2026-05-25 23:00:00,2026-05-26 07:00:00,51,19.0,0,Continuity (2-mould press)
2026-05-26 00:00:00,A,15213,1325220516095HUTR0,2026-05-26 07:00:00,2026-05-26 15:00:00,51,19.0,0,Continuity (2-mould press)
2026-05-26 00:00:00,B,15213,1325220516095HUTR0,2026-05-26 15:00:00,2026-05-26 23:00:00,51,19.0,0,Continuity (2-mould press)
2026-05-26 00:00:00,C,15213,1325220516095HUTR0,2026-05-26 23:00:00,2026-05-27 07:00:00,51,19.0,0,Continuity (2-mould press)
2026-05-27 00:00:00,A,15213,1325220516095HUTR0,2026-05-27 07:00:00,2026-05-27 15:00:00,51,19.0,0,Continuity (2-mould press)
2026-05-27 00:00:00,B,15213,1325220516095HUTR0,2026-05-27 15:00:00,2026-05-27 23:00:00,51,19.0,0,Continuity (2-mould press)
2026-05-27 00:00:00,C,15213,1325220516095HUTR0,2026-05-27 23:00:00,2026-05-28 07:00:00,51,19.0,0,Continuity (2-mould press)
2026-05-28 00:00:00,A,15213,1325220516095HUTR0,2026-05-28 07:00:00,2026-05-28 15:00:00,51,19.0,0,Continuity (2-mould press)
2026-05-28 00:00:00,B,15213,1325220516095HUTR0,2026-05-28 15:00:00,2026-05-28 23:00:00,51,19.0,0,Continuity (2-mould press)
2026-05-28 00:00:00,C,15213,1325220516095HUTR0,2026-05-28 23:00:00,2026-05-29 07:00:00,51,19.0,0,Continuity (2-mould press)
2026-05-29 00:00:00,A,15213,1325220516095HUTR0,2026-05-29 07:00:00,2026-05-29 15:00:00,51,19.0,0,Continuity (2-mould press)
2026-05-29 00:00:00,B,15213,1325220516095HUTR0,2026-05-29 15:00:00,2026-05-29 23:00:00,51,19.0,0,Continuity (2-mould press)
2026-05-29 00:00:00,C,15213,1325220516095HUTR0,2026-05-29 23:00:00,2026-05-30 07:00:00,51,19.0,0,Continuity (2-mould press)
2026-05-30 00:00:00,A,15213,1325220516095HUTR0,2026-05-30 07:00:00,2026-05-30 15:00:00,51,19.0,0,Continuity (2-mould press)
2026-05-30 00:00:00,B,15213,1325220516095HUTR0,2026-05-30 15:00:00,2026-05-30 23:00:00,51,19.0,0,Continuity (2-mould press)
2026-05-30 00:00:00,C,15213,1325220516095HUTR0,2026-05-30 23:00:00,2026-05-31 07:00:00,51,19.0,0,Continuity (2-mould press)
2026-05-31 00:00:00,A,15213,1325220516095HUTR0,2026-05-31 07:00:00,2026-05-31 15:00:00,51,19.0,0,Continuity (2-mould press)
2026-05-31 00:00:00,B,15213,1325220516095HUTR0,2026-05-31 15:00:00,2026-05-31 23:00:00,51,19.0,0,Continuity (2-mould press)
2026-05-31 00:00:00,C,15213,1325220516095HUTR0,2026-05-31 23:00:00,2026-06-01 07:00:00,51,19.0,0,Continuity (2-mould press)
2026-06-01 00:00:00,A,15213,1325220516095HUTR0,2026-06-01 07:00:00,2026-06-01 15:00:00,51,19.0,0,Continuity (2-mould press)
2026-06-01 00:00:00,B,15213,1325220516095HUTR0,2026-06-01 15:00:00,2026-06-01 23:00:00,51,19.0,0,Continuity (2-mould press)
2026-06-01 00:00:00,C,15213,1325220516095HUTR0,2026-06-01 23:00:00,2026-06-02 07:00:00,51,19.0,0,Continuity (2-mould press)
2026-06-02 00:00:00,A,15213,1325220516095HUTR0,2026-06-02 07:00:00,2026-06-02 15:00:00,51,19.0,0,Continuity (2-mould press)
2026-06-02 00:00:00,B,15213,1325220516095HUTR0,2026-06-02 15:00:00,2026-06-02 23:00:00,51,19.0,0,Continuity (2-mould press)
2026-06-02 00:00:00,C,15213,1325220516095HUTR0,2026-06-02 23:00:00,2026-06-03 07:00:00,51,19.0,0,Continuity (2-mould press)
2026-06-03 00:00:00,A,15213,1325220516095HUTR0,2026-06-03 07:00:00,2026-06-03 15:00:00,51,19.0,0,Continuity (2-mould press)
2026-06-03 00:00:00,B,15213,1325220516095HUTR0,2026-06-03 15:00:00,2026-06-03 23:00:00,51,19.0,0,Continuity (2-mould press)
2026-06-03 00:00:00,C,15213,1325220516095HUTR0,2026-06-03 23:00:00,2026-06-04 07:00:00,51,19.0,0,Continuity (2-mould press)
2026-06-04 00:00:00,A,15213,1325220516095HUTR0,2026-06-04 07:00:00,2026-06-04 15:00:00,51,19.0,0,Continuity (2-mould press)
2026-06-04 00:00:00,B,15213,1325220516095HUTR0,2026-06-04 15:00:00,2026-06-04 23:00:00,51,19.0,0,Continuity (2-mould press)
2026-06-04 00:00:00,C,15213,1325220516095HUTR0,2026-06-04 23:00:00,2026-06-05 07:00:00,51,19.0,0,Continuity (2-mould press)
2026-06-05 00:00:00,A,15213,1325220516095HUTR0,2026-06-05 07:00:00,2026-06-05 15:00:00,51,19.0,0,Continuity (2-mould press)
2026-06-05 00:00:00,B,15213,1325220516095HUTR0,2026-06-05 15:00:00,2026-06-05 23:00:00,51,19.0,0,Continuity (2-mould press)
2026-06-05 00:00:00,C,15213,1325220516095HUTR0,2026-06-05 23:00:00,2026-06-06 07:00:00,51,19.0,0,Continuity (2-mould press)
2026-06-06 00:00:00,A,15213,1325220516095HUTR0,2026-06-06 07:00:00,2026-06-06 15:00:00,51,19.0,0,Continuity (2-mould press)
2026-06-06 00:00:00,B,15213,1325220516095HUTR0,2026-06-06 15:00:00,2026-06-06 23:00:00,51,19.0,0,Continuity (2-mould press)
2026-06-06 00:00:00,C,15213,1325220516095HUTR0,2026-06-06 23:00:00,2026-06-07 07:00:00,51,19.0,0,Continuity (2-mould press)
2026-06-07 00:00:00,A,15213,1325220516095HUTR0,2026-06-07 07:00:00,2026-06-07 15:00:00,51,19.0,0,Continuity (2-mould press)
2026-06-07 00:00:00,B,15213,1325220516095HUTR0,2026-06-07 15:00:00,2026-06-07 23:00:00,51,19.0,0,Continuity (2-mould press)
2026-06-07 00:00:00,C,15213,1325220516095HUTR0,2026-06-07 23:00:00,2026-06-08 07:00:00,51,19.0,0,Continuity (2-mould press)
2026-06-08 00:00:00,A,15213,1325220516095HUTR0,2026-06-08 07:00:00,2026-06-08 15:00:00,51,19.0,0,Continuity (2-mould press)
2026-06-08 00:00:00,B,15213,1325220516095HUTR0,2026-06-08 15:00:00,2026-06-08 23:00:00,51,19.0,0,Continuity (2-mould press)
2026-06-08 00:00:00,C,15213,1325220516095HUTR0,2026-06-08 23:00:00,2026-06-09 07:00:00,51,19.0,0,Continuity (2-mould press)
2026-06-09 00:00:00,A,15213,1325220516095HUTR0,2026-06-09 07:00:00,2026-06-09 15:00:00,51,19.0,0,Continuity (2-mould press)
2026-06-09 00:00:00,B,15213,1325220516095HUTR0,2026-06-09 15:00:00,2026-06-09 23:00:00,51,19.0,0,Continuity (2-mould press)
2026-06-09 00:00:00,C,15213,1325220516095HUTR0,2026-06-09 23:00:00,2026-06-10 07:00:00,51,19.0,0,Continuity (2-mould press)
2026-06-10 00:00:00,A,15213,1325220516095HUTR0,2026-06-10 07:00:00,2026-06-10 15:00:00,51,19.0,0,Continuity (2-mould press)
2026-06-10 00:00:00,B,15213,1325220516095HUTR0,2026-06-10 15:00:00,2026-06-10 23:00:00,51,19.0,0,Continuity (2-mould press)
2026-06-10 00:00:00,C,15213,1325220516095HUTR0,2026-06-10 23:00:00,2026-06-11 07:00:00,51,19.0,0,Continuity (2-mould press)
2026-06-11 00:00:00,A,15213,1325220516095HUTR0,2026-06-11 07:00:00,2026-06-11 15:00:00,51,19.0,0,Continuity (2-mould press)
2026-06-11 00:00:00,B,15213,1325220516095HUTR0,2026-06-11 15:00:00,2026-06-11 23:00:00,51,19.0,0,Continuity (2-mould press)
2026-06-11 00:00:00,C,15213,1325220516095HUTR0,2026-06-11 23:00:00,2026-06-12 07:00:00,51,19.0,0,Continuity (2-mould press)
2026-06-12 00:00:00,A,15213,1325220516095HUTR0,2026-06-12 07:00:00,2026-06-12 15:00:00,51,19.0,0,Continuity (2-mould press)
2026-06-12 00:00:00,B,15213,1325220516095HUTR0,2026-06-12 15:00:00,2026-06-12 23:00:00,51,19.0,0,Continuity (2-mould press)
2026-06-12 00:00:00,C,15213,1325220516095HUTR0,2026-06-12 23:00:00,2026-06-13 07:00:00,51,19.0,0,Continuity (2-mould press)
2026-06-13 00:00:00,A,15213,1325220516095HUTR0,2026-06-13 07:00:00,2026-06-13 15:00:00,51,19.0,0,Continuity (2-mould press)
2026-06-13 00:00:00,B,15213,1325220516095HUTR0,2026-06-13 15:00:00,2026-06-13 23:00:00,51,19.0,0,Continuity (2-mould press)
2026-06-13 00:00:00,C,15213,1325220516095HUTR0,2026-06-13 23:00:00,2026-06-14 07:00:00,51,19.0,0,Continuity (2-mould press)
2026-06-14 00:00:00,A,15213,1325220516095HUTR0,2026-06-14 07:00:00,2026-06-14 15:00:00,51,19.0,0,Continuity (2-mould press)
2026-06-14 00:00:00,B,15213,1325220516095HUTR0,2026-06-14 15:00:00,2026-06-14 23:00:00,51,19.0,0,Continuity (2-mould press)
2026-06-14 00:00:00,C,15213,1325220516095HUTR0,2026-06-14 23:00:00,2026-06-15 07:00:00,51,19.0,0,Continuity (2-mould press)
2026-06-15 00:00:00,A,15213,1325220516095HUTR0,2026-06-15 07:00:00,2026-06-15 15:00:00,51,19.0,0,Continuity (2-mould press)
2026-06-15 00:00:00,B,15213,1325220516095HUTR0,2026-06-15 15:00:00,2026-06-15 23:00:00,51,19.0,0,Continuity (2-mould press)
2026-06-15 00:00:00,C,15213,1325220516095HUTR0,2026-06-15 23:00:00,2026-06-16 07:00:00,51,19.0,0,Continuity (2-mould press)
2026-06-16 00:00:00,A,15213,1325220516095HUTR0,2026-06-16 07:00:00,2026-06-16 15:00:00,51,19.0,0,Continuity (2-mould press)
2026-06-16 00:00:00,B,15213,1325220516095HUTR0,2026-06-16 15:00:00,2026-06-16 23:00:00,51,19.0,0,Continuity (2-mould press)
2026-06-16 00:00:00,C,15213,1325220516095HUTR0,2026-06-16 23:00:00,2026-06-17 07:00:00,51,19.0,0,Continuity (2-mould press)
2026-06-17 00:00:00,A,15213,1325220516095HUTR0,2026-06-17 07:00:00,2026-06-17 15:00:00,51,19.0,0,Continuity (2-mould press)
2026-06-17 00:00:00,B,15213,1325220516095HUTR0,2026-06-17 15:00:00,2026-06-17 23:00:00,51,19.0,0,Continuity (2-mould press)
2026-06-17 00:00:00,C,15213,1325220516095HUTR0,2026-06-17 23:00:00,2026-06-18 07:00:00,51,19.0,0,Continuity (2-mould press)
2026-06-18 00:00:00,A,15213,1325220516095HUTR0,2026-06-18 07:00:00,2026-06-18 15:00:00,51,19.0,0,Continuity (2-mould press)
2026-06-18 00:00:00,B,15213,1325220516095HUTR0,2026-06-18 15:00:00,2026-06-18 23:00:00,51,19.0,0,Continuity (2-mould press)
2026-06-18 00:00:00,C,15213,1325220516095HUTR0,2026-06-18 23:00:00,2026-06-19 07:00:00,51,19.0,0,Continuity (2-mould press)
2026-06-19 00:00:00,A,15213,1325220516095HUTR0,2026-06-19 07:00:00,2026-06-19 15:00:00,51,19.0,0,Continuity (2-mould press)
2026-06-19 00:00:00,B,15213,1325220516095HUTR0,2026-06-19 15:00:00,2026-06-19 23:00:00,51,19.0,0,Continuity (2-mould press)
2026-06-19 00:00:00,C,15213,1325220516095HUTR0,2026-06-19 23:00:00,2026-06-20 06:47:00,49,19.0,0,Continuity (2-mould press)
2026-06-19 00:00:00,C,15213,MOULD_CLEAN,2026-06-20 06:47:00,2026-06-20 07:00:00,0,0.0,0,Mould cleaning (continuity)
2026-06-20 00:00:00,A,15213,MOULD_CLEAN,2026-06-20 07:00:00,2026-06-20 08:47:00,0,0.0,0,Mould cleaning (continuity)
2026-06-20 00:00:00,A,15213,1325220516095HUTR0,2026-06-20 08:47:00,2026-06-20 15:00:00,39,19.0,0,Continuity (2-mould press)
2026-06-20 00:00:00,B,15213,1325220516095HUTR0,2026-06-20 15:00:00,2026-06-20 23:00:00,50,19.0,0,Continuity (2-mould press)
2026-06-20 00:00:00,C,15213,1325220516095HUTR0,2026-06-20 23:00:00,2026-06-21 07:00:00,50,19.0,0,Continuity (2-mould press)
2026-05-21 00:00:00,A,24801,1325217614084HURL1,2026-05-21 07:00:00,2026-05-21 15:00:00,60,16.0,0,Continuity (2-mould press)
2026-05-21 00:00:00,B,24801,1325217614084HURL1,2026-05-21 15:00:00,2026-05-21 23:00:00,60,16.0,0,Continuity (2-mould press)
2026-05-21 00:00:00,C,24801,1325217614084HURL1,2026-05-21 23:00:00,2026-05-22 07:00:00,60,16.0,0,Continuity (2-mould press)
2026-05-22 00:00:00,A,24801,1325217614084HURL1,2026-05-22 07:00:00,2026-05-22 15:00:00,60,16.0,0,Continuity (2-mould press)
2026-05-22 00:00:00,B,24801,1325217614084HURL1,2026-05-22 15:00:00,2026-05-22 23:00:00,60,16.0,0,Continuity (2-mould press)
2026-05-22 00:00:00,C,24801,1325217614084HURL1,2026-05-22 23:00:00,2026-05-23 07:00:00,60,16.0,0,Continuity (2-mould press)
2026-05-23 00:00:00,A,24801,1325217614084HURL1,2026-05-23 07:00:00,2026-05-23 15:00:00,60,16.0,0,Continuity (2-mould press)
2026-05-23 00:00:00,B,24801,1325217614084HURL1,2026-05-23 15:00:00,2026-05-23 23:00:00,60,16.0,0,Continuity (2-mould press)
2026-05-23 00:00:00,C,24801,1325217614084HURL1,2026-05-23 23:00:00,2026-05-24 07:00:00,60,16.0,0,Continuity (2-mould press)
2026-05-24 00:00:00,A,24801,1325217614084HURL1,2026-05-24 07:00:00,2026-05-24 15:00:00,60,16.0,0,Continuity (2-mould press)
2026-05-24 00:00:00,B,24801,1325217614084HURL1,2026-05-24 15:00:00,2026-05-24 23:00:00,60,16.0,0,Continuity (2-mould press)
2026-05-24 00:00:00,C,24801,1325217614084HURL1,2026-05-24 23:00:00,2026-05-25 07:00:00,60,16.0,0,Continuity (2-mould press)
2026-05-25 00:00:00,A,24801,1325217614084HURL1,2026-05-25 07:00:00,2026-05-25 15:00:00,60,16.0,0,Continuity (2-mould press)
2026-05-25 00:00:00,B,24801,1325217614084HURL1,2026-05-25 15:00:00,2026-05-25 23:00:00,60,16.0,0,Continuity (2-mould press)
2026-05-25 00:00:00,C,24801,1325217614084HURL1,2026-05-25 23:00:00,2026-05-26 03:48:00,36,16.0,0,Continuity (2-mould press)
2026-05-21 00:00:00,A,24802,1325214813075SUNE1,2026-05-21 07:00:00,2026-05-21 14:30:00,60,15.0,227,Continuity (2-mould press)
2026-05-21 00:00:00,A,24803,1325215813079STMX0,2026-05-21 07:00:00,2026-05-21 15:00:00,60,16.0,15,Continuity (2-mould press)
2026-05-21 00:00:00,B,24803,1325215813079STMX0,2026-05-21 15:00:00,2026-05-21 23:00:00,60,16.0,15,Continuity (2-mould press)
2026-05-21 00:00:00,C,24803,1325215813079STMX0,2026-05-21 23:00:00,2026-05-22 07:00:00,60,16.0,15,Continuity (2-mould press)
2026-05-22 00:00:00,A,24803,1325215813079STMX0,2026-05-22 07:00:00,2026-05-22 15:00:00,60,16.0,15,Continuity (2-mould press)
2026-05-22 00:00:00,B,24803,1325215813079STMX0,2026-05-22 15:00:00,2026-05-22 23:00:00,60,16.0,15,Continuity (2-mould press)
2026-05-22 00:00:00,C,24803,1325215813079STMX0,2026-05-22 23:00:00,2026-05-23 07:00:00,60,16.0,15,Continuity (2-mould press)
2026-05-23 00:00:00,A,24803,1325215813079STMX0,2026-05-23 07:00:00,2026-05-23 15:00:00,60,16.0,15,Continuity (2-mould press)
2026-05-23 00:00:00,B,24803,1325215813079STMX0,2026-05-23 15:00:00,2026-05-23 23:00:00,60,16.0,15,Continuity (2-mould press)
2026-05-23 00:00:00,C,24803,1325215813079STMX0,2026-05-23 23:00:00,2026-05-24 07:00:00,60,16.0,15,Continuity (2-mould press)
2026-05-24 00:00:00,A,24803,1325215813079STMX0,2026-05-24 07:00:00,2026-05-24 15:00:00,60,16.0,15,Continuity (2-mould press)
2026-05-24 00:00:00,B,24803,1325215813079STMX0,2026-05-24 15:00:00,2026-05-24 23:00:00,60,16.0,15,Continuity (2-mould press)
2026-05-24 00:00:00,C,24803,1325215813079STMX0,2026-05-24 23:00:00,2026-05-25 07:00:00,60,16.0,15,Continuity (2-mould press)
2026-05-25 00:00:00,A,24803,1325215813079STMX0,2026-05-25 07:00:00,2026-05-25 15:00:00,60,16.0,15,Continuity (2-mould press)
2026-05-25 00:00:00,B,24803,1325215813079STMX0,2026-05-25 15:00:00,2026-05-25 23:00:00,60,16.0,15,Continuity (2-mould press)
2026-05-25 00:00:00,C,24803,1325215813079STMX0,2026-05-25 23:00:00,2026-05-26 07:00:00,60,16.0,15,Continuity (2-mould press)
2026-05-26 00:00:00,A,24803,1325215813079STMX0,2026-05-26 07:00:00,2026-05-26 15:00:00,60,16.0,15,Continuity (2-mould press)
2026-05-26 00:00:00,B,24803,1325215813079STMX0,2026-05-26 15:00:00,2026-05-26 23:00:00,60,16.0,15,Continuity (2-mould press)
2026-05-26 00:00:00,C,24803,1325215813079STMX0,2026-05-26 23:00:00,2026-05-27 07:00:00,60,16.0,15,Continuity (2-mould press)
2026-05-27 00:00:00,A,24803,1325215813079STMX0,2026-05-27 07:00:00,2026-05-27 15:00:00,60,16.0,15,Continuity (2-mould press)
2026-05-27 00:00:00,B,24803,1325215813079STMX0,2026-05-27 15:00:00,2026-05-27 23:00:00,60,16.0,15,Continuity (2-mould press)
2026-05-27 00:00:00,C,24803,1325215813079STMX0,2026-05-27 23:00:00,2026-05-28 07:00:00,60,16.0,15,Continuity (2-mould press)
2026-05-28 00:00:00,A,24803,1325215813079STMX0,2026-05-28 07:00:00,2026-05-28 15:00:00,60,16.0,15,Continuity (2-mould press)
2026-05-28 00:00:00,B,24803,1325215813079STMX0,2026-05-28 15:00:00,2026-05-28 17:40:00,20,16.0,15,Continuity (2-mould press)
2026-05-28 00:00:00,B,24803,MOULD_CLEAN,2026-05-28 17:40:00,2026-05-28 19:40:00,0,0.0,0,Mould cleaning (continuity)
2026-05-28 00:00:00,B,24803,1325215813079STMX0,2026-05-28 19:40:00,2026-05-28 23:00:00,25,16.0,15,Continuity (2-mould press)
2026-05-28 00:00:00,C,24803,1325215813079STMX0,2026-05-28 23:00:00,2026-05-29 07:00:00,60,16.0,15,Continuity (2-mould press)
2026-05-29 00:00:00,A,24803,1325215813079STMX0,2026-05-29 07:00:00,2026-05-29 15:00:00,60,16.0,15,Continuity (2-mould press)
2026-05-29 00:00:00,B,24803,1325215813079STMX0,2026-05-29 15:00:00,2026-05-29 17:16:00,17,16.0,15,Continuity (2-mould press)
2026-05-21 00:00:00,A,24804,1325215813079STMX0,2026-05-21 07:00:00,2026-05-21 15:00:00,60,16.0,15,Continuity (2-mould press)
2026-05-21 00:00:00,B,24804,1325215813079STMX0,2026-05-21 15:00:00,2026-05-21 23:00:00,60,16.0,15,Continuity (2-mould press)
2026-05-21 00:00:00,C,24804,1325215813079STMX0,2026-05-21 23:00:00,2026-05-22 07:00:00,60,16.0,15,Continuity (2-mould press)
2026-05-22 00:00:00,A,24804,1325215813079STMX0,2026-05-22 07:00:00,2026-05-22 15:00:00,60,16.0,15,Continuity (2-mould press)
2026-05-22 00:00:00,B,24804,1325215813079STMX0,2026-05-22 15:00:00,2026-05-22 23:00:00,60,16.0,15,Continuity (2-mould press)
2026-05-22 00:00:00,C,24804,1325215813079STMX0,2026-05-22 23:00:00,2026-05-23 07:00:00,60,16.0,15,Continuity (2-mould press)
2026-05-23 00:00:00,A,24804,1325215813079STMX0,2026-05-23 07:00:00,2026-05-23 15:00:00,60,16.0,15,Continuity (2-mould press)
2026-05-23 00:00:00,B,24804,1325215813079STMX0,2026-05-23 15:00:00,2026-05-23 23:00:00,60,16.0,15,Continuity (2-mould press)
2026-05-23 00:00:00,C,24804,1325215813079STMX0,2026-05-23 23:00:00,2026-05-24 07:00:00,60,16.0,15,Continuity (2-mould press)
2026-05-24 00:00:00,A,24804,1325215813079STMX0,2026-05-24 07:00:00,2026-05-24 15:00:00,60,16.0,15,Continuity (2-mould press)
2026-05-24 00:00:00,B,24804,1325215813079STMX0,2026-05-24 15:00:00,2026-05-24 23:00:00,60,16.0,15,Continuity (2-mould press)
2026-05-24 00:00:00,C,24804,1325215813079STMX0,2026-05-24 23:00:00,2026-05-25 07:00:00,60,16.0,15,Continuity (2-mould press)
2026-05-25 00:00:00,A,24804,1325215813079STMX0,2026-05-25 07:00:00,2026-05-25 15:00:00,60,16.0,15,Continuity (2-mould press)
2026-05-25 00:00:00,B,24804,1325215813079STMX0,2026-05-25 15:00:00,2026-05-25 23:00:00,60,16.0,15,Continuity (2-mould press)
2026-05-25 00:00:00,C,24804,1325215813079STMX0,2026-05-25 23:00:00,2026-05-26 07:00:00,60,16.0,15,Continuity (2-mould press)
2026-05-26 00:00:00,A,24804,1325215813079STMX0,2026-05-26 07:00:00,2026-05-26 15:00:00,60,16.0,15,Continuity (2-mould press)
2026-05-26 00:00:00,B,24804,1325215813079STMX0,2026-05-26 15:00:00,2026-05-26 23:00:00,60,16.0,15,Continuity (2-mould press)
2026-05-26 00:00:00,C,24804,1325215813079STMX0,2026-05-26 23:00:00,2026-05-27 07:00:00,60,16.0,15,Continuity (2-mould press)
2026-05-27 00:00:00,A,24804,1325215813079STMX0,2026-05-27 07:00:00,2026-05-27 15:00:00,60,16.0,15,Continuity (2-mould press)
2026-05-27 00:00:00,B,24804,1325215813079STMX0,2026-05-27 15:00:00,2026-05-27 23:00:00,60,16.0,15,Continuity (2-mould press)
2026-05-27 00:00:00,C,24804,1325215813079STMX0,2026-05-27 23:00:00,2026-05-28 07:00:00,60,16.0,15,Continuity (2-mould press)
2026-05-28 00:00:00,A,24804,1325215813079STMX0,2026-05-28 07:00:00,2026-05-28 15:00:00,60,16.0,15,Continuity (2-mould press)
2026-05-28 00:00:00,B,24804,1325215813079STMX0,2026-05-28 15:00:00,2026-05-28 23:00:00,60,16.0,15,Continuity (2-mould press)
2026-05-28 00:00:00,C,24804,1325215813079STMX0,2026-05-28 23:00:00,2026-05-29 07:00:00,60,16.0,15,Continuity (2-mould press)
2026-05-29 00:00:00,A,24804,1325215813079STMX0,2026-05-29 07:00:00,2026-05-29 15:00:00,60,16.0,15,Continuity (2-mould press)
2026-05-21 00:00:00,A,24805,1325215613075TUHL0,2026-05-21 07:00:00,2026-05-21 15:00:00,64,15.0,0,Continuity (2-mould press)
2026-05-21 00:00:00,B,24805,1325215613075TUHL0,2026-05-21 15:00:00,2026-05-21 23:00:00,64,15.0,0,Continuity (2-mould press)
2026-05-21 00:00:00,C,24805,1325215613075TUHL0,2026-05-21 23:00:00,2026-05-22 07:00:00,64,15.0,0,Continuity (2-mould press)
2026-05-22 00:00:00,A,24805,1325215613075TUHL0,2026-05-22 07:00:00,2026-05-22 15:00:00,64,15.0,0,Continuity (2-mould press)
2026-05-22 00:00:00,B,24805,1325215613075TUHL0,2026-05-22 15:00:00,2026-05-22 23:00:00,64,15.0,0,Continuity (2-mould press)
2026-05-22 00:00:00,C,24805,1325215613075TUHL0,2026-05-22 23:00:00,2026-05-23 07:00:00,64,15.0,0,Continuity (2-mould press)
2026-05-23 00:00:00,A,24805,1325215613075TUHL0,2026-05-23 07:00:00,2026-05-23 15:00:00,64,15.0,0,Continuity (2-mould press)
2026-05-23 00:00:00,B,24805,1325215613075TUHL0,2026-05-23 15:00:00,2026-05-23 23:00:00,64,15.0,0,Continuity (2-mould press)
2026-05-23 00:00:00,C,24805,1325215613075TUHL0,2026-05-23 23:00:00,2026-05-24 07:00:00,64,15.0,0,Continuity (2-mould press)
2026-05-24 00:00:00,A,24805,1325215613075TUHL0,2026-05-24 07:00:00,2026-05-24 15:00:00,64,15.0,0,Continuity (2-mould press)
2026-05-24 00:00:00,B,24805,1325215613075TUHL0,2026-05-24 15:00:00,2026-05-24 23:00:00,64,15.0,0,Continuity (2-mould press)
2026-05-24 00:00:00,C,24805,1325215613075TUHL0,2026-05-24 23:00:00,2026-05-25 07:00:00,64,15.0,0,Continuity (2-mould press)
2026-05-25 00:00:00,A,24805,1325215613075TUHL0,2026-05-25 07:00:00,2026-05-25 15:00:00,64,15.0,0,Continuity (2-mould press)
2026-05-25 00:00:00,B,24805,1325215613075TUHL0,2026-05-25 15:00:00,2026-05-25 23:00:00,64,15.0,0,Continuity (2-mould press)
2026-05-25 00:00:00,C,24805,1325215613075TUHL0,2026-05-25 23:00:00,2026-05-26 07:00:00,64,15.0,0,Continuity (2-mould press)
2026-05-26 00:00:00,A,24805,1325215613075TUHL0,2026-05-26 07:00:00,2026-05-26 15:00:00,64,15.0,0,Continuity (2-mould press)
2026-05-26 00:00:00,B,24805,1325215613075TUHL0,2026-05-26 15:00:00,2026-05-26 23:00:00,64,15.0,0,Continuity (2-mould press)
2026-05-26 00:00:00,C,24805,1325215613075TUHL0,2026-05-26 23:00:00,2026-05-27 07:00:00,64,15.0,0,Continuity (2-mould press)
2026-05-27 00:00:00,A,24805,1325215613075TUHL0,2026-05-27 07:00:00,2026-05-27 10:00:00,24,15.0,0,Continuity (2-mould press)
2026-05-21 00:00:00,A,24806,1325219316087VURL0,2026-05-21 07:00:00,2026-05-21 15:00:00,60,16.0,0,Continuity (2-mould press)
2026-05-21 00:00:00,B,24806,1325219316087VURL0,2026-05-21 15:00:00,2026-05-21 23:00:00,60,16.0,0,Continuity (2-mould press)
2026-05-21 00:00:00,C,24806,1325219316087VURL0,2026-05-21 23:00:00,2026-05-22 07:00:00,60,16.0,0,Continuity (2-mould press)
2026-05-22 00:00:00,A,24806,1325219316087VURL0,2026-05-22 07:00:00,2026-05-22 15:00:00,60,16.0,0,Continuity (2-mould press)
2026-05-22 00:00:00,B,24806,1325219316087VURL0,2026-05-22 15:00:00,2026-05-22 23:00:00,60,16.0,0,Continuity (2-mould press)
2026-05-22 00:00:00,C,24806,1325219316087VURL0,2026-05-22 23:00:00,2026-05-23 07:00:00,60,16.0,0,Continuity (2-mould press)
2026-05-23 00:00:00,A,24806,1325219316087VURL0,2026-05-23 07:00:00,2026-05-23 15:00:00,60,16.0,0,Continuity (2-mould press)
2026-05-23 00:00:00,B,24806,1325219316087VURL0,2026-05-23 15:00:00,2026-05-23 23:00:00,60,16.0,0,Continuity (2-mould press)
2026-05-23 00:00:00,C,24806,1325219316087VURL0,2026-05-23 23:00:00,2026-05-24 07:00:00,60,16.0,0,Continuity (2-mould press)
2026-05-24 00:00:00,A,24806,1325219316087VURL0,2026-05-24 07:00:00,2026-05-24 15:00:00,60,16.0,0,Continuity (2-mould press)
2026-05-24 00:00:00,B,24806,1325219316087VURL0,2026-05-24 15:00:00,2026-05-24 23:00:00,60,16.0,0,Continuity (2-mould press)
2026-05-24 00:00:00,C,24806,1325219316087VURL0,2026-05-24 23:00:00,2026-05-25 07:00:00,60,16.0,0,Continuity (2-mould press)
2026-05-25 00:00:00,A,24806,1325219316087VURL0,2026-05-25 07:00:00,2026-05-25 15:00:00,60,16.0,0,Continuity (2-mould press)
2026-05-25 00:00:00,B,24806,1325219316087VURL0,2026-05-25 15:00:00,2026-05-25 23:00:00,60,16.0,0,Continuity (2-mould press)
2026-05-25 00:00:00,C,24806,1325219316087VURL0,2026-05-25 23:00:00,2026-05-26 07:00:00,60,16.0,0,Continuity (2-mould press)
2026-05-26 00:00:00,A,24806,1325219316087VURL0,2026-05-26 07:00:00,2026-05-26 15:00:00,60,16.0,0,Continuity (2-mould press)
2026-05-26 00:00:00,B,24806,1325219316087VURL0,2026-05-26 15:00:00,2026-05-26 23:00:00,60,16.0,0,Continuity (2-mould press)
2026-05-26 00:00:00,C,24806,1325219316087VURL0,2026-05-26 23:00:00,2026-05-27 07:00:00,60,16.0,0,Continuity (2-mould press)
2026-05-27 00:00:00,A,24806,1325219316087VURL0,2026-05-27 07:00:00,2026-05-27 15:00:00,60,16.0,0,Continuity (2-mould press)
2026-05-27 00:00:00,B,24806,1325219316087VURL0,2026-05-27 15:00:00,2026-05-27 23:00:00,60,16.0,0,Continuity (2-mould press)
2026-05-27 00:00:00,C,24806,1325219316087VURL0,2026-05-27 23:00:00,2026-05-28 07:00:00,60,16.0,0,Continuity (2-mould press)
2026-05-28 00:00:00,A,24806,1325219316087VURL0,2026-05-28 07:00:00,2026-05-28 15:00:00,60,16.0,0,Continuity (2-mould press)
2026-05-28 00:00:00,B,24806,1325219316087VURL0,2026-05-28 15:00:00,2026-05-28 23:00:00,60,16.0,0,Continuity (2-mould press)
2026-05-28 00:00:00,C,24806,1325219316087VURL0,2026-05-28 23:00:00,2026-05-29 07:00:00,60,16.0,0,Continuity (2-mould press)
2026-05-29 00:00:00,A,24806,1325219316087VURL0,2026-05-29 07:00:00,2026-05-29 15:00:00,60,16.0,0,Continuity (2-mould press)
2026-05-29 00:00:00,B,24806,1325219316087VURL0,2026-05-29 15:00:00,2026-05-29 23:00:00,60,16.0,0,Continuity (2-mould press)
2026-05-29 00:00:00,C,24806,1325219316087VURL0,2026-05-29 23:00:00,2026-05-30 07:00:00,60,16.0,0,Continuity (2-mould press)
2026-05-30 00:00:00,A,24806,1325219316087VURL0,2026-05-30 07:00:00,2026-05-30 15:00:00,60,16.0,0,Continuity (2-mould press)
2026-05-30 00:00:00,B,24806,1325219316087VURL0,2026-05-30 15:00:00,2026-05-30 23:00:00,60,16.0,0,Continuity (2-mould press)
2026-05-30 00:00:00,C,24806,1325219316087VURL0,2026-05-30 23:00:00,2026-05-31 07:00:00,60,16.0,0,Continuity (2-mould press)
2026-05-31 00:00:00,A,24806,1325219316087VURL0,2026-05-31 07:00:00,2026-05-31 15:00:00,60,16.0,0,Continuity (2-mould press)
2026-05-31 00:00:00,B,24806,1325219316087VURL0,2026-05-31 15:00:00,2026-05-31 23:00:00,60,16.0,0,Continuity (2-mould press)
2026-05-31 00:00:00,C,24806,1325219316087VURL0,2026-05-31 23:00:00,2026-06-01 07:00:00,60,16.0,0,Continuity (2-mould press)
2026-06-01 00:00:00,A,24806,1325219316087VURL0,2026-06-01 07:00:00,2026-06-01 15:00:00,60,16.0,0,Continuity (2-mould press)
2026-06-01 00:00:00,B,24806,1325219316087VURL0,2026-06-01 15:00:00,2026-06-01 21:08:00,46,16.0,0,Continuity (2-mould press)
2026-05-21 00:00:00,A,24807,1325214813075SUNE1,2026-05-21 07:00:00,2026-05-21 14:30:00,60,15.0,227,Continuity (2-mould press)
2026-05-21 00:00:00,A,24808,1325215813079SUHL0,2026-05-21 07:00:00,2026-05-21 15:00:00,60,16.0,0,Continuity (2-mould press)
2026-05-21 00:00:00,B,24808,1325215813079SUHL0,2026-05-21 15:00:00,2026-05-21 23:00:00,60,16.0,0,Continuity (2-mould press)
2026-05-21 00:00:00,C,24808,1325215813079SUHL0,2026-05-21 23:00:00,2026-05-22 07:00:00,60,16.0,0,Continuity (2-mould press)
2026-05-22 00:00:00,A,24808,1325215813079SUHL0,2026-05-22 07:00:00,2026-05-22 15:00:00,60,16.0,0,Continuity (2-mould press)
2026-05-22 00:00:00,B,24808,1325215813079SUHL0,2026-05-22 15:00:00,2026-05-22 23:00:00,60,16.0,0,Continuity (2-mould press)
2026-05-22 00:00:00,C,24808,1325215813079SUHL0,2026-05-22 23:00:00,2026-05-23 07:00:00,60,16.0,0,Continuity (2-mould press)
2026-05-23 00:00:00,A,24808,1325215813079SUHL0,2026-05-23 07:00:00,2026-05-23 15:00:00,60,16.0,0,Continuity (2-mould press)
2026-05-23 00:00:00,B,24808,1325215813079SUHL0,2026-05-23 15:00:00,2026-05-23 23:00:00,60,16.0,0,Continuity (2-mould press)
2026-05-23 00:00:00,C,24808,1325215813079SUHL0,2026-05-23 23:00:00,2026-05-24 07:00:00,60,16.0,0,Continuity (2-mould press)
2026-05-24 00:00:00,A,24808,1325215813079SUHL0,2026-05-24 07:00:00,2026-05-24 15:00:00,60,16.0,0,Continuity (2-mould press)
2026-05-24 00:00:00,B,24808,1325215813079SUHL0,2026-05-24 15:00:00,2026-05-24 23:00:00,60,16.0,0,Continuity (2-mould press)
2026-05-24 00:00:00,C,24808,1325215813079SUHL0,2026-05-24 23:00:00,2026-05-25 07:00:00,60,16.0,0,Continuity (2-mould press)
2026-05-25 00:00:00,A,24808,1325215813079SUHL0,2026-05-25 07:00:00,2026-05-25 15:00:00,60,16.0,0,Continuity (2-mould press)
2026-05-25 00:00:00,B,24808,1325215813079SUHL0,2026-05-25 15:00:00,2026-05-25 23:00:00,60,16.0,0,Continuity (2-mould press)
2026-05-25 00:00:00,C,24808,1325215813079SUHL0,2026-05-25 23:00:00,2026-05-26 07:00:00,60,16.0,0,Continuity (2-mould press)
2026-05-26 00:00:00,A,24808,1325215813079SUHL0,2026-05-26 07:00:00,2026-05-26 15:00:00,60,16.0,0,Continuity (2-mould press)
2026-05-26 00:00:00,B,24808,1325215813079SUHL0,2026-05-26 15:00:00,2026-05-26 23:00:00,60,16.0,0,Continuity (2-mould press)
2026-05-26 00:00:00,C,24808,1325215813079SUHL0,2026-05-26 23:00:00,2026-05-27 07:00:00,60,16.0,0,Continuity (2-mould press)
2026-05-27 00:00:00,A,24808,1325215813079SUHL0,2026-05-27 07:00:00,2026-05-27 15:00:00,60,16.0,0,Continuity (2-mould press)
2026-05-27 00:00:00,B,24808,1325215813079SUHL0,2026-05-27 15:00:00,2026-05-27 23:00:00,60,16.0,0,Continuity (2-mould press)
2026-05-27 00:00:00,C,24808,1325215813079SUHL0,2026-05-27 23:00:00,2026-05-28 07:00:00,60,16.0,0,Continuity (2-mould press)
2026-05-28 00:00:00,A,24808,1325215813079SUHL0,2026-05-28 07:00:00,2026-05-28 15:00:00,60,16.0,0,Continuity (2-mould press)
2026-05-28 00:00:00,B,24808,1325215813079SUHL0,2026-05-28 15:00:00,2026-05-28 23:00:00,60,16.0,0,Continuity (2-mould press)
2026-05-28 00:00:00,C,24808,1325215813079SUHL0,2026-05-28 23:00:00,2026-05-29 07:00:00,60,16.0,0,Continuity (2-mould press)
2026-05-29 00:00:00,A,24808,1325215813079SUHL0,2026-05-29 07:00:00,2026-05-29 15:00:00,60,16.0,0,Continuity (2-mould press)
2026-05-29 00:00:00,B,24808,1325215813079SUHL0,2026-05-29 15:00:00,2026-05-29 23:00:00,60,16.0,0,Continuity (2-mould press)
2026-05-29 00:00:00,C,24808,1325215813079SUHL0,2026-05-29 23:00:00,2026-05-30 07:00:00,60,16.0,0,Continuity (2-mould press)
2026-05-30 00:00:00,A,24808,1325215813079SUHL0,2026-05-30 07:00:00,2026-05-30 15:00:00,60,16.0,0,Continuity (2-mould press)
2026-05-30 00:00:00,B,24808,1325215813079SUHL0,2026-05-30 15:00:00,2026-05-30 23:00:00,60,16.0,0,Continuity (2-mould press)
2026-05-30 00:00:00,C,24808,1325215813079SUHL0,2026-05-30 23:00:00,2026-05-31 07:00:00,60,16.0,0,Continuity (2-mould press)
2026-05-31 00:00:00,A,24808,1325215813079SUHL0,2026-05-31 07:00:00,2026-05-31 15:00:00,60,16.0,0,Continuity (2-mould press)
2026-05-31 00:00:00,B,24808,1325215813079SUHL0,2026-05-31 15:00:00,2026-05-31 23:00:00,60,16.0,0,Continuity (2-mould press)
2026-05-31 00:00:00,C,24808,1325215813079SUHL0,2026-05-31 23:00:00,2026-06-01 07:00:00,60,16.0,0,Continuity (2-mould press)
2026-06-01 00:00:00,A,24808,1325215813079SUHL0,2026-06-01 07:00:00,2026-06-01 15:00:00,60,16.0,0,Continuity (2-mould press)
2026-06-01 00:00:00,B,24808,1325215813079SUHL0,2026-06-01 15:00:00,2026-06-01 23:00:00,60,16.0,0,Continuity (2-mould press)
2026-06-01 00:00:00,C,24808,1325215813079SUHL0,2026-06-01 23:00:00,2026-06-02 07:00:00,60,16.0,0,Continuity (2-mould press)
2026-06-02 00:00:00,A,24808,1325215813079SUHL0,2026-06-02 07:00:00,2026-06-02 15:00:00,60,16.0,0,Continuity (2-mould press)
2026-06-02 00:00:00,B,24808,1325215813079SUHL0,2026-06-02 15:00:00,2026-06-02 23:00:00,60,16.0,0,Continuity (2-mould press)
2026-06-02 00:00:00,C,24808,1325215813079SUHL0,2026-06-02 23:00:00,2026-06-03 07:00:00,60,16.0,0,Continuity (2-mould press)
2026-06-03 00:00:00,A,24808,1325215813079SUHL0,2026-06-03 07:00:00,2026-06-03 15:00:00,60,16.0,0,Continuity (2-mould press)
2026-06-03 00:00:00,B,24808,1325215813079SUHL0,2026-06-03 15:00:00,2026-06-03 23:00:00,60,16.0,0,Continuity (2-mould press)
2026-06-03 00:00:00,C,24808,1325215813079SUHL0,2026-06-03 23:00:00,2026-06-03 23:16:00,2,16.0,0,Continuity (2-mould press)
2026-05-21 00:00:00,A,24809,1325216514079TTMX0,2026-05-21 07:00:00,2026-05-21 15:00:00,56,17.0,0,Continuity (2-mould press)
2026-05-21 00:00:00,B,24809,1325216514079TTMX0,2026-05-21 15:00:00,2026-05-21 23:00:00,56,17.0,0,Continuity (2-mould press)
2026-05-21 00:00:00,C,24809,1325216514079TTMX0,2026-05-21 23:00:00,2026-05-22 07:00:00,56,17.0,0,Continuity (2-mould press)
2026-05-22 00:00:00,A,24809,1325216514079TTMX0,2026-05-22 07:00:00,2026-05-22 15:00:00,56,17.0,0,Continuity (2-mould press)
2026-05-22 00:00:00,B,24809,1325216514079TTMX0,2026-05-22 15:00:00,2026-05-22 23:00:00,56,17.0,0,Continuity (2-mould press)
2026-05-22 00:00:00,C,24809,1325216514079TTMX0,2026-05-22 23:00:00,2026-05-23 07:00:00,56,17.0,0,Continuity (2-mould press)
2026-05-23 00:00:00,A,24809,1325216514079TTMX0,2026-05-23 07:00:00,2026-05-23 15:00:00,56,17.0,0,Continuity (2-mould press)
2026-05-23 00:00:00,B,24809,1325216514079TTMX0,2026-05-23 15:00:00,2026-05-23 23:00:00,56,17.0,0,Continuity (2-mould press)
2026-05-23 00:00:00,C,24809,1325216514079TTMX0,2026-05-23 23:00:00,2026-05-24 07:00:00,56,17.0,0,Continuity (2-mould press)
2026-05-24 00:00:00,A,24809,1325216514079TTMX0,2026-05-24 07:00:00,2026-05-24 15:00:00,56,17.0,0,Continuity (2-mould press)
2026-05-24 00:00:00,B,24809,1325216514079TTMX0,2026-05-24 15:00:00,2026-05-24 23:00:00,56,17.0,0,Continuity (2-mould press)
2026-05-24 00:00:00,C,24809,1325216514079TTMX0,2026-05-24 23:00:00,2026-05-25 07:00:00,56,17.0,0,Continuity (2-mould press)
2026-05-25 00:00:00,A,24809,1325216514079TTMX0,2026-05-25 07:00:00,2026-05-25 14:08:00,50,17.0,0,Continuity (2-mould press)
2026-05-21 00:00:00,A,24810,1325214813075SUNE1,2026-05-21 07:00:00,2026-05-21 14:30:00,60,15.0,227,Continuity (2-mould press)
2026-05-21 00:00:00,A,24811,1325214813075SUNE1,2026-05-21 07:00:00,2026-05-21 14:30:00,60,15.0,227,Continuity (2-mould press)
2026-05-21 00:00:00,A,24812,1325221715100SRHT0,2026-05-21 07:00:00,2026-05-21 15:00:00,53,18.0,96,Continuity (2-mould press)
2026-05-21 00:00:00,B,24812,1325221715100SRHT0,2026-05-21 15:00:00,2026-05-21 23:00:00,53,18.0,96,Continuity (2-mould press)
2026-05-21 00:00:00,C,24812,1325221715100SRHT0,2026-05-21 23:00:00,2026-05-22 07:00:00,53,18.0,96,Continuity (2-mould press)
2026-05-22 00:00:00,A,24812,1325221715100SRHT0,2026-05-22 07:00:00,2026-05-22 15:00:00,53,18.0,96,Continuity (2-mould press)
2026-05-22 00:00:00,B,24812,1325221715100SRHT0,2026-05-22 15:00:00,2026-05-22 23:00:00,53,18.0,96,Continuity (2-mould press)
2026-05-22 00:00:00,C,24812,1325221715100SRHT0,2026-05-22 23:00:00,2026-05-23 07:00:00,53,18.0,96,Continuity (2-mould press)
2026-05-23 00:00:00,A,24812,1325221715100SRHT0,2026-05-23 07:00:00,2026-05-23 15:00:00,53,18.0,96,Continuity (2-mould press)
2026-05-23 00:00:00,B,24812,1325221715100SRHT0,2026-05-23 15:00:00,2026-05-23 23:00:00,53,18.0,96,Continuity (2-mould press)
2026-05-23 00:00:00,C,24812,1325221715100SRHT0,2026-05-23 23:00:00,2026-05-24 07:00:00,53,18.0,96,Continuity (2-mould press)
2026-05-24 00:00:00,A,24812,1325221715100SRHT0,2026-05-24 07:00:00,2026-05-24 15:00:00,53,18.0,96,Continuity (2-mould press)
2026-05-24 00:00:00,B,24812,1325221715100SRHT0,2026-05-24 15:00:00,2026-05-24 23:00:00,53,18.0,96,Continuity (2-mould press)
2026-05-24 00:00:00,C,24812,1325221715100SRHT0,2026-05-24 23:00:00,2026-05-25 07:00:00,53,18.0,96,Continuity (2-mould press)
2026-05-25 00:00:00,A,24812,1325221715100SRHT0,2026-05-25 07:00:00,2026-05-25 15:00:00,53,18.0,96,Continuity (2-mould press)
2026-05-25 00:00:00,B,24812,1325221715100SRHT0,2026-05-25 15:00:00,2026-05-25 23:00:00,53,18.0,96,Continuity (2-mould press)
2026-05-25 00:00:00,C,24812,1325221715100SRHT0,2026-05-25 23:00:00,2026-05-26 07:00:00,53,18.0,96,Continuity (2-mould press)
2026-05-26 00:00:00,A,24812,1325221715100SRHT0,2026-05-26 07:00:00,2026-05-26 15:00:00,53,18.0,96,Continuity (2-mould press)
2026-05-26 00:00:00,B,24812,1325221715100SRHT0,2026-05-26 15:00:00,2026-05-26 23:00:00,53,18.0,96,Continuity (2-mould press)
2026-05-26 00:00:00,C,24812,1325221715100SRHT0,2026-05-26 23:00:00,2026-05-27 07:00:00,53,18.0,96,Continuity (2-mould press)
2026-05-27 00:00:00,A,24812,1325221715100SRHT0,2026-05-27 07:00:00,2026-05-27 15:00:00,53,18.0,96,Continuity (2-mould press)
2026-05-27 00:00:00,B,24812,1325221715100SRHT0,2026-05-27 15:00:00,2026-05-27 19:36:00,31,18.0,96,Continuity (2-mould press)
2026-05-21 00:00:00,A,24813,1325214813075SUNE1,2026-05-21 07:00:00,2026-05-21 14:30:00,60,15.0,227,Continuity (2-mould press)
2026-05-21 00:00:00,A,24814,1325219416089HRHE0,2026-05-21 07:00:00,2026-05-21 15:00:00,60,16.0,0,Continuity (2-mould press)
2026-05-21 00:00:00,B,24814,1325219416089HRHE0,2026-05-21 15:00:00,2026-05-21 23:00:00,60,16.0,0,Continuity (2-mould press)
2026-05-21 00:00:00,C,24814,1325219416089HRHE0,2026-05-21 23:00:00,2026-05-22 07:00:00,60,16.0,0,Continuity (2-mould press)
2026-05-22 00:00:00,A,24814,1325219416089HRHE0,2026-05-22 07:00:00,2026-05-22 15:00:00,60,16.0,0,Continuity (2-mould press)
2026-05-22 00:00:00,B,24814,1325219416089HRHE0,2026-05-22 15:00:00,2026-05-22 23:00:00,60,16.0,0,Continuity (2-mould press)
2026-05-22 00:00:00,C,24814,1325219416089HRHE0,2026-05-22 23:00:00,2026-05-23 07:00:00,60,16.0,0,Continuity (2-mould press)
2026-05-23 00:00:00,A,24814,1325219416089HRHE0,2026-05-23 07:00:00,2026-05-23 15:00:00,60,16.0,0,Continuity (2-mould press)
2026-05-23 00:00:00,B,24814,1325219416089HRHE0,2026-05-23 15:00:00,2026-05-23 23:00:00,60,16.0,0,Continuity (2-mould press)
2026-05-23 00:00:00,C,24814,1325219416089HRHE0,2026-05-23 23:00:00,2026-05-24 07:00:00,60,16.0,0,Continuity (2-mould press)
2026-05-24 00:00:00,A,24814,1325219416089HRHE0,2026-05-24 07:00:00,2026-05-24 15:00:00,60,16.0,0,Continuity (2-mould press)
2026-05-24 00:00:00,B,24814,1325219416089HRHE0,2026-05-24 15:00:00,2026-05-24 23:00:00,60,16.0,0,Continuity (2-mould press)
2026-05-24 00:00:00,C,24814,1325219416089HRHE0,2026-05-24 23:00:00,2026-05-25 07:00:00,60,16.0,0,Continuity (2-mould press)
2026-05-25 00:00:00,A,24814,1325219416089HRHE0,2026-05-25 07:00:00,2026-05-25 15:00:00,60,16.0,0,Continuity (2-mould press)
2026-05-25 00:00:00,B,24814,1325219416089HRHE0,2026-05-25 15:00:00,2026-05-25 23:00:00,60,16.0,0,Continuity (2-mould press)
2026-05-25 00:00:00,C,24814,1325219416089HRHE0,2026-05-25 23:00:00,2026-05-26 07:00:00,60,16.0,0,Continuity (2-mould press)
2026-05-26 00:00:00,A,24814,1325219416089HRHE0,2026-05-26 07:00:00,2026-05-26 15:00:00,60,16.0,0,Continuity (2-mould press)
2026-05-26 00:00:00,B,24814,1325219416089HRHE0,2026-05-26 15:00:00,2026-05-26 23:00:00,60,16.0,0,Continuity (2-mould press)
2026-05-26 00:00:00,C,24814,1325219416089HRHE0,2026-05-26 23:00:00,2026-05-27 07:00:00,60,16.0,0,Continuity (2-mould press)
2026-05-27 00:00:00,A,24814,1325219416089HRHE0,2026-05-27 07:00:00,2026-05-27 10:28:00,26,16.0,0,Continuity (2-mould press)
2026-05-21 00:00:00,A,24815,1325214813075SUNE1,2026-05-21 07:00:00,2026-05-21 14:30:00,60,15.0,227,Continuity (2-mould press)
2026-05-21 00:00:00,A,24816,1325214813075SUNE1,2026-05-21 07:00:00,2026-05-21 14:30:00,60,15.0,227,Continuity (2-mould press)
2026-05-21 00:00:00,A,24817,1225220Z16008RXC10,2026-05-21 07:00:00,2026-05-21 11:30:00,20,27.0,0,Continuity (2-mould press)
2026-05-21 00:00:00,A,24818,1325215813079SUHL0,2026-05-21 07:00:00,2026-05-21 15:00:00,60,16.0,0,Continuity (2-mould press)
2026-05-21 00:00:00,B,24818,1325215813079SUHL0,2026-05-21 15:00:00,2026-05-21 23:00:00,60,16.0,0,Continuity (2-mould press)
2026-05-21 00:00:00,C,24818,1325215813079SUHL0,2026-05-21 23:00:00,2026-05-22 07:00:00,60,16.0,0,Continuity (2-mould press)
2026-05-22 00:00:00,A,24818,1325215813079SUHL0,2026-05-22 07:00:00,2026-05-22 15:00:00,60,16.0,0,Continuity (2-mould press)
2026-05-22 00:00:00,B,24818,1325215813079SUHL0,2026-05-22 15:00:00,2026-05-22 23:00:00,60,16.0,0,Continuity (2-mould press)
2026-05-22 00:00:00,C,24818,1325215813079SUHL0,2026-05-22 23:00:00,2026-05-23 07:00:00,60,16.0,0,Continuity (2-mould press)
2026-05-23 00:00:00,A,24818,1325215813079SUHL0,2026-05-23 07:00:00,2026-05-23 15:00:00,60,16.0,0,Continuity (2-mould press)
2026-05-23 00:00:00,B,24818,1325215813079SUHL0,2026-05-23 15:00:00,2026-05-23 23:00:00,60,16.0,0,Continuity (2-mould press)
2026-05-23 00:00:00,C,24818,1325215813079SUHL0,2026-05-23 23:00:00,2026-05-24 07:00:00,60,16.0,0,Continuity (2-mould press)
2026-05-24 00:00:00,A,24818,1325215813079SUHL0,2026-05-24 07:00:00,2026-05-24 15:00:00,60,16.0,0,Continuity (2-mould press)
2026-05-24 00:00:00,B,24818,1325215813079SUHL0,2026-05-24 15:00:00,2026-05-24 23:00:00,60,16.0,0,Continuity (2-mould press)
2026-05-24 00:00:00,C,24818,1325215813079SUHL0,2026-05-24 23:00:00,2026-05-25 07:00:00,60,16.0,0,Continuity (2-mould press)
2026-05-25 00:00:00,A,24818,1325215813079SUHL0,2026-05-25 07:00:00,2026-05-25 15:00:00,60,16.0,0,Continuity (2-mould press)
2026-05-25 00:00:00,B,24818,1325215813079SUHL0,2026-05-25 15:00:00,2026-05-25 23:00:00,60,16.0,0,Continuity (2-mould press)
2026-05-25 00:00:00,C,24818,1325215813079SUHL0,2026-05-25 23:00:00,2026-05-26 07:00:00,60,16.0,0,Continuity (2-mould press)
2026-05-26 00:00:00,A,24818,1325215813079SUHL0,2026-05-26 07:00:00,2026-05-26 15:00:00,60,16.0,0,Continuity (2-mould press)
2026-05-26 00:00:00,B,24818,1325215813079SUHL0,2026-05-26 15:00:00,2026-05-26 23:00:00,60,16.0,0,Continuity (2-mould press)
2026-05-26 00:00:00,C,24818,1325215813079SUHL0,2026-05-26 23:00:00,2026-05-27 07:00:00,60,16.0,0,Continuity (2-mould press)
2026-05-27 00:00:00,A,24818,1325215813079SUHL0,2026-05-27 07:00:00,2026-05-27 15:00:00,60,16.0,0,Continuity (2-mould press)
2026-05-27 00:00:00,B,24818,1325215813079SUHL0,2026-05-27 15:00:00,2026-05-27 23:00:00,60,16.0,0,Continuity (2-mould press)
2026-05-27 00:00:00,C,24818,1325215813079SUHL0,2026-05-27 23:00:00,2026-05-28 07:00:00,60,16.0,0,Continuity (2-mould press)
2026-05-28 00:00:00,A,24818,1325215813079SUHL0,2026-05-28 07:00:00,2026-05-28 15:00:00,60,16.0,0,Continuity (2-mould press)
2026-05-28 00:00:00,B,24818,1325215813079SUHL0,2026-05-28 15:00:00,2026-05-28 23:00:00,60,16.0,0,Continuity (2-mould press)
2026-05-28 00:00:00,C,24818,1325215813079SUHL0,2026-05-28 23:00:00,2026-05-29 07:00:00,60,16.0,0,Continuity (2-mould press)
2026-05-29 00:00:00,A,24818,1325215813079SUHL0,2026-05-29 07:00:00,2026-05-29 15:00:00,60,16.0,0,Continuity (2-mould press)
2026-05-29 00:00:00,B,24818,1325215813079SUHL0,2026-05-29 15:00:00,2026-05-29 23:00:00,60,16.0,0,Continuity (2-mould press)
2026-05-29 00:00:00,C,24818,1325215813079SUHL0,2026-05-29 23:00:00,2026-05-30 07:00:00,60,16.0,0,Continuity (2-mould press)
2026-05-30 00:00:00,A,24818,1325215813079SUHL0,2026-05-30 07:00:00,2026-05-30 15:00:00,60,16.0,0,Continuity (2-mould press)
2026-05-30 00:00:00,B,24818,1325215813079SUHL0,2026-05-30 15:00:00,2026-05-30 23:00:00,60,16.0,0,Continuity (2-mould press)
2026-05-30 00:00:00,C,24818,1325215813079SUHL0,2026-05-30 23:00:00,2026-05-31 07:00:00,60,16.0,0,Continuity (2-mould press)
2026-05-31 00:00:00,A,24818,1325215813079SUHL0,2026-05-31 07:00:00,2026-05-31 15:00:00,60,16.0,0,Continuity (2-mould press)
2026-05-31 00:00:00,B,24818,1325215813079SUHL0,2026-05-31 15:00:00,2026-05-31 23:00:00,60,16.0,0,Continuity (2-mould press)
2026-05-31 00:00:00,C,24818,1325215813079SUHL0,2026-05-31 23:00:00,2026-06-01 07:00:00,60,16.0,0,Continuity (2-mould press)
2026-06-01 00:00:00,A,24818,1325215813079SUHL0,2026-06-01 07:00:00,2026-06-01 15:00:00,60,16.0,0,Continuity (2-mould press)
2026-06-01 00:00:00,B,24818,1325215813079SUHL0,2026-06-01 15:00:00,2026-06-01 23:00:00,60,16.0,0,Continuity (2-mould press)
2026-06-01 00:00:00,C,24818,1325215813079SUHL0,2026-06-01 23:00:00,2026-06-02 07:00:00,60,16.0,0,Continuity (2-mould press)
2026-06-02 00:00:00,A,24818,1325215813079SUHL0,2026-06-02 07:00:00,2026-06-02 15:00:00,60,16.0,0,Continuity (2-mould press)
2026-06-02 00:00:00,B,24818,1325215813079SUHL0,2026-06-02 15:00:00,2026-06-02 23:00:00,60,16.0,0,Continuity (2-mould press)
2026-06-02 00:00:00,C,24818,1325215813079SUHL0,2026-06-02 23:00:00,2026-06-03 07:00:00,60,16.0,0,Continuity (2-mould press)
2026-06-03 00:00:00,A,24818,1325215813079SUHL0,2026-06-03 07:00:00,2026-06-03 15:00:00,60,16.0,0,Continuity (2-mould press)
2026-06-03 00:00:00,B,24818,1325215813079SUHL0,2026-06-03 15:00:00,2026-06-03 23:00:00,60,16.0,0,Continuity (2-mould press)
2026-05-21 00:00:00,A,24819,1325217514082HURL2,2026-05-21 07:00:00,2026-05-21 15:00:00,64,15.0,0,Continuity (2-mould press)
2026-05-21 00:00:00,B,24819,1325217514082HURL2,2026-05-21 15:00:00,2026-05-21 23:00:00,64,15.0,0,Continuity (2-mould press)
2026-05-21 00:00:00,C,24819,1325217514082HURL2,2026-05-21 23:00:00,2026-05-22 07:00:00,64,15.0,0,Continuity (2-mould press)
2026-05-22 00:00:00,A,24819,1325217514082HURL2,2026-05-22 07:00:00,2026-05-22 15:00:00,64,15.0,0,Continuity (2-mould press)
2026-05-22 00:00:00,B,24819,1325217514082HURL2,2026-05-22 15:00:00,2026-05-22 23:00:00,64,15.0,0,Continuity (2-mould press)
2026-05-22 00:00:00,C,24819,1325217514082HURL2,2026-05-22 23:00:00,2026-05-23 07:00:00,64,15.0,0,Continuity (2-mould press)
2026-05-23 00:00:00,A,24819,1325217514082HURL2,2026-05-23 07:00:00,2026-05-23 15:00:00,64,15.0,0,Continuity (2-mould press)
2026-05-23 00:00:00,B,24819,1325217514082HURL2,2026-05-23 15:00:00,2026-05-23 23:00:00,64,15.0,0,Continuity (2-mould press)
2026-05-23 00:00:00,C,24819,1325217514082HURL2,2026-05-23 23:00:00,2026-05-24 07:00:00,64,15.0,0,Continuity (2-mould press)
2026-05-24 00:00:00,A,24819,1325217514082HURL2,2026-05-24 07:00:00,2026-05-24 15:00:00,64,15.0,0,Continuity (2-mould press)
2026-05-24 00:00:00,B,24819,1325217514082HURL2,2026-05-24 15:00:00,2026-05-24 23:00:00,64,15.0,0,Continuity (2-mould press)
2026-05-24 00:00:00,C,24819,1325217514082HURL2,2026-05-24 23:00:00,2026-05-25 07:00:00,64,15.0,0,Continuity (2-mould press)
2026-05-25 00:00:00,A,24819,1325217514082HURL2,2026-05-25 07:00:00,2026-05-25 15:00:00,64,15.0,0,Continuity (2-mould press)
2026-05-25 00:00:00,B,24819,1325217514082HURL2,2026-05-25 15:00:00,2026-05-25 23:00:00,64,15.0,0,Continuity (2-mould press)
2026-05-25 00:00:00,C,24819,1325217514082HURL2,2026-05-25 23:00:00,2026-05-26 07:00:00,64,15.0,0,Continuity (2-mould press)
2026-05-26 00:00:00,A,24819,1325217514082HURL2,2026-05-26 07:00:00,2026-05-26 15:00:00,64,15.0,0,Continuity (2-mould press)
2026-05-26 00:00:00,B,24819,1325217514082HURL2,2026-05-26 15:00:00,2026-05-26 23:00:00,64,15.0,0,Continuity (2-mould press)
2026-05-26 00:00:00,C,24819,1325217514082HURL2,2026-05-26 23:00:00,2026-05-27 07:00:00,64,15.0,0,Continuity (2-mould press)
2026-05-27 00:00:00,A,24819,1325217514082HURL2,2026-05-27 07:00:00,2026-05-27 12:15:00,42,15.0,0,Continuity (2-mould press)
2026-05-21 00:00:00,A,24820,1325220316091VURL1,2026-05-21 07:00:00,2026-05-21 15:00:00,60,16.0,0,Continuity (2-mould press)
2026-05-21 00:00:00,B,24820,1325220316091VURL1,2026-05-21 15:00:00,2026-05-21 23:00:00,60,16.0,0,Continuity (2-mould press)
2026-05-21 00:00:00,C,24820,1325220316091VURL1,2026-05-21 23:00:00,2026-05-22 07:00:00,60,16.0,0,Continuity (2-mould press)
2026-05-22 00:00:00,A,24820,1325220316091VURL1,2026-05-22 07:00:00,2026-05-22 15:00:00,60,16.0,0,Continuity (2-mould press)
2026-05-22 00:00:00,B,24820,1325220316091VURL1,2026-05-22 15:00:00,2026-05-22 16:04:00,8,16.0,0,Continuity (2-mould press)
2026-05-21 00:00:00,A,24821,1325214813075STMX0,2026-05-21 07:00:00,2026-05-21 15:00:00,60,16.0,0,Continuity (2-mould press)
2026-05-21 00:00:00,B,24821,1325214813075STMX0,2026-05-21 15:00:00,2026-05-21 23:00:00,60,16.0,0,Continuity (2-mould press)
2026-05-21 00:00:00,C,24821,1325214813075STMX0,2026-05-21 23:00:00,2026-05-22 07:00:00,60,16.0,0,Continuity (2-mould press)
2026-05-22 00:00:00,A,24821,1325214813075STMX0,2026-05-22 07:00:00,2026-05-22 15:00:00,60,16.0,0,Continuity (2-mould press)
2026-05-22 00:00:00,B,24821,1325214813075STMX0,2026-05-22 15:00:00,2026-05-22 23:00:00,60,16.0,0,Continuity (2-mould press)
2026-05-22 00:00:00,C,24821,1325214813075STMX0,2026-05-22 23:00:00,2026-05-23 07:00:00,60,16.0,0,Continuity (2-mould press)
2026-05-23 00:00:00,A,24821,1325214813075STMX0,2026-05-23 07:00:00,2026-05-23 15:00:00,60,16.0,0,Continuity (2-mould press)
2026-05-23 00:00:00,B,24821,1325214813075STMX0,2026-05-23 15:00:00,2026-05-23 23:00:00,60,16.0,0,Continuity (2-mould press)
2026-05-23 00:00:00,C,24821,1325214813075STMX0,2026-05-23 23:00:00,2026-05-24 07:00:00,60,16.0,0,Continuity (2-mould press)
2026-05-24 00:00:00,A,24821,1325214813075STMX0,2026-05-24 07:00:00,2026-05-24 15:00:00,60,16.0,0,Continuity (2-mould press)
2026-05-24 00:00:00,B,24821,1325214813075STMX0,2026-05-24 15:00:00,2026-05-24 23:00:00,60,16.0,0,Continuity (2-mould press)
2026-05-24 00:00:00,C,24821,1325214813075STMX0,2026-05-24 23:00:00,2026-05-25 07:00:00,60,16.0,0,Continuity (2-mould press)
2026-05-25 00:00:00,A,24821,1325214813075STMX0,2026-05-25 07:00:00,2026-05-25 15:00:00,60,16.0,0,Continuity (2-mould press)
2026-05-25 00:00:00,B,24821,1325214813075STMX0,2026-05-25 15:00:00,2026-05-25 23:00:00,60,16.0,0,Continuity (2-mould press)
2026-05-25 00:00:00,C,24821,1325214813075STMX0,2026-05-25 23:00:00,2026-05-26 07:00:00,60,16.0,0,Continuity (2-mould press)
2026-05-26 00:00:00,A,24821,1325214813075STMX0,2026-05-26 07:00:00,2026-05-26 15:00:00,60,16.0,0,Continuity (2-mould press)
2026-05-26 00:00:00,B,24821,1325214813075STMX0,2026-05-26 15:00:00,2026-05-26 23:00:00,60,16.0,0,Continuity (2-mould press)
2026-05-26 00:00:00,C,24821,1325214813075STMX0,2026-05-26 23:00:00,2026-05-27 07:00:00,60,16.0,0,Continuity (2-mould press)
2026-05-27 00:00:00,A,24821,1325214813075STMX0,2026-05-27 07:00:00,2026-05-27 15:00:00,60,16.0,0,Continuity (2-mould press)
2026-05-27 00:00:00,B,24821,1325214813075STMX0,2026-05-27 15:00:00,2026-05-27 20:04:00,38,16.0,0,Continuity (2-mould press)
2026-05-21 00:00:00,A,24822,1325123715105SRXT0,2026-05-21 07:00:00,2026-05-21 15:00:00,48,20.0,0,Continuity (2-mould press)
2026-05-21 00:00:00,B,24822,1325123715105SRXT0,2026-05-21 15:00:00,2026-05-21 23:00:00,48,20.0,0,Continuity (2-mould press)
2026-05-21 00:00:00,C,24822,1325123715105SRXT0,2026-05-21 23:00:00,2026-05-22 07:00:00,48,20.0,0,Continuity (2-mould press)
2026-05-22 00:00:00,A,24822,1325123715105SRXT0,2026-05-22 07:00:00,2026-05-22 15:00:00,48,20.0,0,Continuity (2-mould press)
2026-05-22 00:00:00,B,24822,1325123715105SRXT0,2026-05-22 15:00:00,2026-05-22 23:00:00,48,20.0,0,Continuity (2-mould press)
2026-05-22 00:00:00,C,24822,1325123715105SRXT0,2026-05-22 23:00:00,2026-05-23 07:00:00,48,20.0,0,Continuity (2-mould press)
2026-05-23 00:00:00,A,24822,1325123715105SRXT0,2026-05-23 07:00:00,2026-05-23 15:00:00,48,20.0,0,Continuity (2-mould press)
2026-05-23 00:00:00,B,24822,1325123715105SRXT0,2026-05-23 15:00:00,2026-05-23 23:00:00,48,20.0,0,Continuity (2-mould press)
2026-05-23 00:00:00,C,24822,1325123715105SRXT0,2026-05-23 23:00:00,2026-05-23 23:40:00,4,20.0,0,Continuity (2-mould press)
2026-05-21 00:00:00,A,24823,1325219316087VUTR0,2026-05-21 07:00:00,2026-05-21 15:00:00,56,17.0,0,Continuity (2-mould press)
2026-05-21 00:00:00,B,24823,1325219316087VUTR0,2026-05-21 15:00:00,2026-05-21 23:00:00,56,17.0,0,Continuity (2-mould press)
2026-05-21 00:00:00,C,24823,1325219316087VUTR0,2026-05-21 23:00:00,2026-05-22 07:00:00,56,17.0,0,Continuity (2-mould press)
2026-05-22 00:00:00,A,24823,1325219316087VUTR0,2026-05-22 07:00:00,2026-05-22 15:00:00,56,17.0,0,Continuity (2-mould press)
2026-05-22 00:00:00,B,24823,1325219316087VUTR0,2026-05-22 15:00:00,2026-05-22 23:00:00,56,17.0,0,Continuity (2-mould press)
2026-05-22 00:00:00,C,24823,1325219316087VUTR0,2026-05-22 23:00:00,2026-05-23 07:00:00,56,17.0,0,Continuity (2-mould press)
2026-05-23 00:00:00,A,24823,1325219316087VUTR0,2026-05-23 07:00:00,2026-05-23 15:00:00,56,17.0,0,Continuity (2-mould press)
2026-05-23 00:00:00,B,24823,1325219316087VUTR0,2026-05-23 15:00:00,2026-05-23 23:00:00,56,17.0,0,Continuity (2-mould press)
2026-05-23 00:00:00,C,24823,1325219316087VUTR0,2026-05-23 23:00:00,2026-05-24 07:00:00,56,17.0,0,Continuity (2-mould press)
2026-05-24 00:00:00,A,24823,1325219316087VUTR0,2026-05-24 07:00:00,2026-05-24 15:00:00,56,17.0,0,Continuity (2-mould press)
2026-05-24 00:00:00,B,24823,1325219316087VUTR0,2026-05-24 15:00:00,2026-05-24 23:00:00,56,17.0,0,Continuity (2-mould press)
2026-05-24 00:00:00,C,24823,1325219316087VUTR0,2026-05-24 23:00:00,2026-05-25 07:00:00,56,17.0,0,Continuity (2-mould press)
2026-05-25 00:00:00,A,24823,1325219316087VUTR0,2026-05-25 07:00:00,2026-05-25 15:00:00,56,17.0,0,Continuity (2-mould press)
2026-05-25 00:00:00,B,24823,1325219316087VUTR0,2026-05-25 15:00:00,2026-05-25 23:00:00,56,17.0,0,Continuity (2-mould press)
2026-05-25 00:00:00,C,24823,1325219316087VUTR0,2026-05-25 23:00:00,2026-05-26 07:00:00,56,17.0,0,Continuity (2-mould press)
2026-05-26 00:00:00,A,24823,1325219316087VUTR0,2026-05-26 07:00:00,2026-05-26 15:00:00,56,17.0,0,Continuity (2-mould press)
2026-05-26 00:00:00,B,24823,1325219316087VUTR0,2026-05-26 15:00:00,2026-05-26 23:00:00,56,17.0,0,Continuity (2-mould press)
2026-05-26 00:00:00,C,24823,1325219316087VUTR0,2026-05-26 23:00:00,2026-05-27 07:00:00,56,17.0,0,Continuity (2-mould press)
2026-05-27 00:00:00,A,24823,1325219316087VUTR0,2026-05-27 07:00:00,2026-05-27 15:00:00,56,17.0,0,Continuity (2-mould press)
2026-05-27 00:00:00,B,24823,1325219316087VUTR0,2026-05-27 15:00:00,2026-05-27 23:00:00,56,17.0,0,Continuity (2-mould press)
2026-05-27 00:00:00,C,24823,1325219316087VUTR0,2026-05-27 23:00:00,2026-05-28 07:00:00,56,17.0,0,Continuity (2-mould press)
2026-05-28 00:00:00,A,24823,1325219316087VUTR0,2026-05-28 07:00:00,2026-05-28 15:00:00,56,17.0,0,Continuity (2-mould press)
2026-05-28 00:00:00,B,24823,1325219316087VUTR0,2026-05-28 15:00:00,2026-05-28 23:00:00,56,17.0,0,Continuity (2-mould press)
2026-05-28 00:00:00,C,24823,1325219316087VUTR0,2026-05-28 23:00:00,2026-05-29 07:00:00,56,17.0,0,Continuity (2-mould press)
2026-05-29 00:00:00,A,24823,1325219316087VUTR0,2026-05-29 07:00:00,2026-05-29 15:00:00,56,17.0,0,Continuity (2-mould press)
2026-05-29 00:00:00,B,24823,1325219316087VUTR0,2026-05-29 15:00:00,2026-05-29 23:00:00,56,17.0,0,Continuity (2-mould press)
2026-05-29 00:00:00,C,24823,1325219316087VUTR0,2026-05-29 23:00:00,2026-05-30 07:00:00,56,17.0,0,Continuity (2-mould press)
2026-05-30 00:00:00,A,24823,1325219316087VUTR0,2026-05-30 07:00:00,2026-05-30 15:00:00,56,17.0,0,Continuity (2-mould press)
2026-05-30 00:00:00,B,24823,1325219316087VUTR0,2026-05-30 15:00:00,2026-05-30 23:00:00,56,17.0,0,Continuity (2-mould press)
2026-05-30 00:00:00,C,24823,1325219316087VUTR0,2026-05-30 23:00:00,2026-05-31 07:00:00,56,17.0,0,Continuity (2-mould press)
2026-05-31 00:00:00,A,24823,1325219316087VUTR0,2026-05-31 07:00:00,2026-05-31 15:00:00,56,17.0,0,Continuity (2-mould press)
2026-05-31 00:00:00,B,24823,1325219316087VUTR0,2026-05-31 15:00:00,2026-05-31 23:00:00,56,17.0,0,Continuity (2-mould press)
2026-05-31 00:00:00,C,24823,1325219316087VUTR0,2026-05-31 23:00:00,2026-06-01 07:00:00,56,17.0,0,Continuity (2-mould press)
2026-06-01 00:00:00,A,24823,1325219316087VUTR0,2026-06-01 07:00:00,2026-06-01 15:00:00,56,17.0,0,Continuity (2-mould press)
2026-06-01 00:00:00,B,24823,1325219316087VUTR0,2026-06-01 15:00:00,2026-06-01 23:00:00,56,17.0,0,Continuity (2-mould press)
2026-06-01 00:00:00,C,24823,1325219316087VUTR0,2026-06-01 23:00:00,2026-06-02 07:00:00,56,17.0,0,Continuity (2-mould press)
2026-06-02 00:00:00,A,24823,1325219316087VUTR0,2026-06-02 07:00:00,2026-06-02 15:00:00,56,17.0,0,Continuity (2-mould press)
2026-06-02 00:00:00,B,24823,1325219316087VUTR0,2026-06-02 15:00:00,2026-06-02 23:00:00,56,17.0,0,Continuity (2-mould press)
2026-06-02 00:00:00,C,24823,1325219316087VUTR0,2026-06-02 23:00:00,2026-06-03 07:00:00,56,17.0,0,Continuity (2-mould press)
2026-06-03 00:00:00,A,24823,1325219316087VUTR0,2026-06-03 07:00:00,2026-06-03 15:00:00,56,17.0,0,Continuity (2-mould press)
2026-06-03 00:00:00,B,24823,1325219316087VUTR0,2026-06-03 15:00:00,2026-06-03 23:00:00,56,17.0,0,Continuity (2-mould press)
2026-06-03 00:00:00,C,24823,1325219316087VUTR0,2026-06-03 23:00:00,2026-06-04 07:00:00,56,17.0,0,Continuity (2-mould press)
2026-06-04 00:00:00,A,24823,1325219316087VUTR0,2026-06-04 07:00:00,2026-06-04 15:00:00,56,17.0,0,Continuity (2-mould press)
2026-06-04 00:00:00,B,24823,1325219316087VUTR0,2026-06-04 15:00:00,2026-06-04 23:00:00,56,17.0,0,Continuity (2-mould press)
2026-06-04 00:00:00,C,24823,1325219316087VUTR0,2026-06-04 23:00:00,2026-06-05 07:00:00,56,17.0,0,Continuity (2-mould press)
2026-06-05 00:00:00,A,24823,1325219316087VUTR0,2026-06-05 07:00:00,2026-06-05 15:00:00,56,17.0,0,Continuity (2-mould press)
2026-06-05 00:00:00,B,24823,1325219316087VUTR0,2026-06-05 15:00:00,2026-06-05 23:00:00,56,17.0,0,Continuity (2-mould press)
2026-06-05 00:00:00,C,24823,1325219316087VUTR0,2026-06-05 23:00:00,2026-06-06 07:00:00,56,17.0,0,Continuity (2-mould press)
2026-06-06 00:00:00,A,24823,1325219316087VUTR0,2026-06-06 07:00:00,2026-06-06 15:00:00,56,17.0,0,Continuity (2-mould press)
2026-06-06 00:00:00,B,24823,1325219316087VUTR0,2026-06-06 15:00:00,2026-06-06 23:00:00,56,17.0,0,Continuity (2-mould press)
2026-06-06 00:00:00,C,24823,1325219316087VUTR0,2026-06-06 23:00:00,2026-06-07 07:00:00,56,17.0,0,Continuity (2-mould press)
2026-06-07 00:00:00,A,24823,1325219316087VUTR0,2026-06-07 07:00:00,2026-06-07 15:00:00,56,17.0,0,Continuity (2-mould press)
2026-06-07 00:00:00,B,24823,1325219316087VUTR0,2026-06-07 15:00:00,2026-06-07 23:00:00,56,17.0,0,Continuity (2-mould press)
2026-06-07 00:00:00,C,24823,1325219316087VUTR0,2026-06-07 23:00:00,2026-06-08 07:00:00,56,17.0,0,Continuity (2-mould press)
2026-06-08 00:00:00,A,24823,1325219316087VUTR0,2026-06-08 07:00:00,2026-06-08 15:00:00,56,17.0,0,Continuity (2-mould press)
2026-06-08 00:00:00,B,24823,1325219316087VUTR0,2026-06-08 15:00:00,2026-06-08 23:00:00,56,17.0,0,Continuity (2-mould press)
2026-06-08 00:00:00,C,24823,1325219316087VUTR0,2026-06-08 23:00:00,2026-06-09 07:00:00,56,17.0,0,Continuity (2-mould press)
2026-06-09 00:00:00,A,24823,1325219316087VUTR0,2026-06-09 07:00:00,2026-06-09 15:00:00,56,17.0,0,Continuity (2-mould press)
2026-06-09 00:00:00,B,24823,1325219316087VUTR0,2026-06-09 15:00:00,2026-06-09 23:00:00,56,17.0,0,Continuity (2-mould press)
2026-06-09 00:00:00,C,24823,1325219316087VUTR0,2026-06-09 23:00:00,2026-06-10 07:00:00,56,17.0,0,Continuity (2-mould press)
2026-06-10 00:00:00,A,24823,1325219316087VUTR0,2026-06-10 07:00:00,2026-06-10 15:00:00,56,17.0,0,Continuity (2-mould press)
2026-06-10 00:00:00,B,24823,1325219316087VUTR0,2026-06-10 15:00:00,2026-06-10 23:00:00,56,17.0,0,Continuity (2-mould press)
2026-06-10 00:00:00,C,24823,1325219316087VUTR0,2026-06-10 23:00:00,2026-06-11 07:00:00,56,17.0,0,Continuity (2-mould press)
2026-06-11 00:00:00,A,24823,1325219316087VUTR0,2026-06-11 07:00:00,2026-06-11 15:00:00,56,17.0,0,Continuity (2-mould press)
2026-06-11 00:00:00,B,24823,1325219316087VUTR0,2026-06-11 15:00:00,2026-06-11 23:00:00,56,17.0,0,Continuity (2-mould press)
2026-06-11 00:00:00,C,24823,1325219316087VUTR0,2026-06-11 23:00:00,2026-06-12 07:00:00,56,17.0,0,Continuity (2-mould press)
2026-06-12 00:00:00,A,24823,1325219316087VUTR0,2026-06-12 07:00:00,2026-06-12 15:00:00,56,17.0,0,Continuity (2-mould press)
2026-06-12 00:00:00,B,24823,1325219316087VUTR0,2026-06-12 15:00:00,2026-06-12 23:00:00,56,17.0,0,Continuity (2-mould press)
2026-06-12 00:00:00,C,24823,1325219316087VUTR0,2026-06-12 23:00:00,2026-06-13 07:00:00,56,17.0,0,Continuity (2-mould press)
2026-06-13 00:00:00,A,24823,1325219316087VUTR0,2026-06-13 07:00:00,2026-06-13 15:00:00,56,17.0,0,Continuity (2-mould press)
2026-06-13 00:00:00,B,24823,1325219316087VUTR0,2026-06-13 15:00:00,2026-06-13 23:00:00,56,17.0,0,Continuity (2-mould press)
2026-06-13 00:00:00,C,24823,1325219316087VUTR0,2026-06-13 23:00:00,2026-06-14 07:00:00,56,17.0,0,Continuity (2-mould press)
2026-06-14 00:00:00,A,24823,1325219316087VUTR0,2026-06-14 07:00:00,2026-06-14 15:00:00,56,17.0,0,Continuity (2-mould press)
2026-06-14 00:00:00,B,24823,1325219316087VUTR0,2026-06-14 15:00:00,2026-06-14 23:00:00,56,17.0,0,Continuity (2-mould press)
2026-06-14 00:00:00,C,24823,1325219316087VUTR0,2026-06-14 23:00:00,2026-06-15 07:00:00,56,17.0,0,Continuity (2-mould press)
2026-06-15 00:00:00,A,24823,1325219316087VUTR0,2026-06-15 07:00:00,2026-06-15 15:00:00,56,17.0,0,Continuity (2-mould press)
2026-06-15 00:00:00,B,24823,1325219316087VUTR0,2026-06-15 15:00:00,2026-06-15 23:00:00,56,17.0,0,Continuity (2-mould press)
2026-06-15 00:00:00,C,24823,1325219316087VUTR0,2026-06-15 23:00:00,2026-06-16 07:00:00,56,17.0,0,Continuity (2-mould press)
2026-06-16 00:00:00,A,24823,1325219316087VUTR0,2026-06-16 07:00:00,2026-06-16 08:53:00,13,17.0,0,Continuity (2-mould press)
2026-06-16 00:00:00,A,24823,MOULD_CLEAN,2026-06-16 08:53:00,2026-06-16 10:53:00,0,0.0,0,Mould cleaning (continuity)
2026-06-16 00:00:00,A,24823,1325219316087VUTR0,2026-06-16 10:53:00,2026-06-16 15:00:00,29,17.0,0,Continuity (2-mould press)
2026-06-16 00:00:00,B,24823,1325219316087VUTR0,2026-06-16 15:00:00,2026-06-16 23:00:00,56,17.0,0,Continuity (2-mould press)
2026-06-16 00:00:00,C,24823,1325219316087VUTR0,2026-06-16 23:00:00,2026-06-17 07:00:00,56,17.0,0,Continuity (2-mould press)
2026-06-17 00:00:00,A,24823,1325219316087VUTR0,2026-06-17 07:00:00,2026-06-17 15:00:00,56,17.0,0,Continuity (2-mould press)
2026-06-17 00:00:00,B,24823,1325219316087VUTR0,2026-06-17 15:00:00,2026-06-17 23:00:00,56,17.0,0,Continuity (2-mould press)
2026-06-17 00:00:00,C,24823,1325219316087VUTR0,2026-06-17 23:00:00,2026-06-18 07:00:00,56,17.0,0,Continuity (2-mould press)
2026-06-18 00:00:00,A,24823,1325219316087VUTR0,2026-06-18 07:00:00,2026-06-18 15:00:00,56,17.0,0,Continuity (2-mould press)
2026-06-18 00:00:00,B,24823,1325219316087VUTR0,2026-06-18 15:00:00,2026-06-18 23:00:00,56,17.0,0,Continuity (2-mould press)
2026-06-18 00:00:00,C,24823,1325219316087VUTR0,2026-06-18 23:00:00,2026-06-19 07:00:00,56,17.0,0,Continuity (2-mould press)
2026-06-19 00:00:00,A,24823,1325219316087VUTR0,2026-06-19 07:00:00,2026-06-19 15:00:00,56,17.0,0,Continuity (2-mould press)
2026-06-19 00:00:00,B,24823,1325219316087VUTR0,2026-06-19 15:00:00,2026-06-19 23:00:00,56,17.0,0,Continuity (2-mould press)
2026-06-19 00:00:00,C,24823,1325219316087VUTR0,2026-06-19 23:00:00,2026-06-20 07:00:00,56,17.0,0,Continuity (2-mould press)
2026-06-20 00:00:00,A,24823,1325219316087VUTR0,2026-06-20 07:00:00,2026-06-20 15:00:00,56,17.0,0,Continuity (2-mould press)
2026-06-20 00:00:00,B,24823,1325219316087VUTR0,2026-06-20 15:00:00,2026-06-20 23:00:00,56,17.0,0,Continuity (2-mould press)
2026-06-20 00:00:00,C,24823,1325219316087VUTR0,2026-06-20 23:00:00,2026-06-21 07:00:00,56,17.0,0,Continuity (2-mould press)
2026-05-21 00:00:00,A,24824,1325220515094VUTR0,2026-05-21 07:00:00,2026-05-21 15:00:00,56,17.0,0,Continuity (2-mould press)
2026-05-21 00:00:00,B,24824,1325220515094VUTR0,2026-05-21 15:00:00,2026-05-21 23:00:00,56,17.0,0,Continuity (2-mould press)
2026-05-21 00:00:00,C,24824,1325220515094VUTR0,2026-05-21 23:00:00,2026-05-22 07:00:00,56,17.0,0,Continuity (2-mould press)
2026-05-22 00:00:00,A,24824,1325220515094VUTR0,2026-05-22 07:00:00,2026-05-22 15:00:00,56,17.0,0,Continuity (2-mould press)
2026-05-22 00:00:00,B,24824,1325220515094VUTR0,2026-05-22 15:00:00,2026-05-22 23:00:00,56,17.0,0,Continuity (2-mould press)
2026-05-22 00:00:00,C,24824,1325220515094VUTR0,2026-05-22 23:00:00,2026-05-23 07:00:00,56,17.0,0,Continuity (2-mould press)
2026-05-23 00:00:00,A,24824,1325220515094VUTR0,2026-05-23 07:00:00,2026-05-23 15:00:00,56,17.0,0,Continuity (2-mould press)
2026-05-23 00:00:00,B,24824,1325220515094VUTR0,2026-05-23 15:00:00,2026-05-23 23:00:00,56,17.0,0,Continuity (2-mould press)
2026-05-23 00:00:00,C,24824,1325220515094VUTR0,2026-05-23 23:00:00,2026-05-24 07:00:00,56,17.0,0,Continuity (2-mould press)
2026-05-24 00:00:00,A,24824,1325220515094VUTR0,2026-05-24 07:00:00,2026-05-24 15:00:00,56,17.0,0,Continuity (2-mould press)
2026-05-24 00:00:00,B,24824,1325220515094VUTR0,2026-05-24 15:00:00,2026-05-24 23:00:00,56,17.0,0,Continuity (2-mould press)
2026-05-24 00:00:00,C,24824,1325220515094VUTR0,2026-05-24 23:00:00,2026-05-25 07:00:00,56,17.0,0,Continuity (2-mould press)
2026-05-25 00:00:00,A,24824,1325220515094VUTR0,2026-05-25 07:00:00,2026-05-25 15:00:00,56,17.0,0,Continuity (2-mould press)
2026-05-25 00:00:00,B,24824,1325220515094VUTR0,2026-05-25 15:00:00,2026-05-25 23:00:00,56,17.0,0,Continuity (2-mould press)
2026-05-25 00:00:00,C,24824,1325220515094VUTR0,2026-05-25 23:00:00,2026-05-26 07:00:00,56,17.0,0,Continuity (2-mould press)
2026-05-26 00:00:00,A,24824,1325220515094VUTR0,2026-05-26 07:00:00,2026-05-26 15:00:00,56,17.0,0,Continuity (2-mould press)
2026-05-26 00:00:00,B,24824,1325220515094VUTR0,2026-05-26 15:00:00,2026-05-26 23:00:00,56,17.0,0,Continuity (2-mould press)
2026-05-26 00:00:00,C,24824,1325220515094VUTR0,2026-05-26 23:00:00,2026-05-27 07:00:00,56,17.0,0,Continuity (2-mould press)
2026-05-27 00:00:00,A,24824,1325220515094VUTR0,2026-05-27 07:00:00,2026-05-27 15:00:00,56,17.0,0,Continuity (2-mould press)
2026-05-27 00:00:00,B,24824,1325220515094VUTR0,2026-05-27 15:00:00,2026-05-27 23:00:00,56,17.0,0,Continuity (2-mould press)
2026-05-27 00:00:00,C,24824,1325220515094VUTR0,2026-05-27 23:00:00,2026-05-28 07:00:00,56,17.0,0,Continuity (2-mould press)
2026-05-28 00:00:00,A,24824,1325220515094VUTR0,2026-05-28 07:00:00,2026-05-28 15:00:00,56,17.0,0,Continuity (2-mould press)
2026-05-28 00:00:00,B,24824,1325220515094VUTR0,2026-05-28 15:00:00,2026-05-28 23:00:00,56,17.0,0,Continuity (2-mould press)
2026-05-28 00:00:00,C,24824,1325220515094VUTR0,2026-05-28 23:00:00,2026-05-29 07:00:00,56,17.0,0,Continuity (2-mould press)
2026-05-29 00:00:00,A,24824,1325220515094VUTR0,2026-05-29 07:00:00,2026-05-29 15:00:00,56,17.0,0,Continuity (2-mould press)
2026-05-29 00:00:00,B,24824,1325220515094VUTR0,2026-05-29 15:00:00,2026-05-29 23:00:00,56,17.0,0,Continuity (2-mould press)
2026-05-29 00:00:00,C,24824,1325220515094VUTR0,2026-05-29 23:00:00,2026-05-30 07:00:00,56,17.0,0,Continuity (2-mould press)
2026-05-30 00:00:00,A,24824,1325220515094VUTR0,2026-05-30 07:00:00,2026-05-30 15:00:00,56,17.0,0,Continuity (2-mould press)
2026-05-30 00:00:00,B,24824,1325220515094VUTR0,2026-05-30 15:00:00,2026-05-30 23:00:00,56,17.0,0,Continuity (2-mould press)
2026-05-30 00:00:00,C,24824,1325220515094VUTR0,2026-05-30 23:00:00,2026-05-31 07:00:00,56,17.0,0,Continuity (2-mould press)
2026-05-31 00:00:00,A,24824,1325220515094VUTR0,2026-05-31 07:00:00,2026-05-31 15:00:00,56,17.0,0,Continuity (2-mould press)
2026-05-31 00:00:00,B,24824,1325220515094VUTR0,2026-05-31 15:00:00,2026-05-31 23:00:00,56,17.0,0,Continuity (2-mould press)
2026-05-31 00:00:00,C,24824,1325220515094VUTR0,2026-05-31 23:00:00,2026-06-01 07:00:00,56,17.0,0,Continuity (2-mould press)
2026-06-01 00:00:00,A,24824,1325220515094VUTR0,2026-06-01 07:00:00,2026-06-01 15:00:00,56,17.0,0,Continuity (2-mould press)
2026-06-01 00:00:00,B,24824,1325220515094VUTR0,2026-06-01 15:00:00,2026-06-01 23:00:00,56,17.0,0,Continuity (2-mould press)
2026-06-01 00:00:00,C,24824,1325220515094VUTR0,2026-06-01 23:00:00,2026-06-02 07:00:00,56,17.0,0,Continuity (2-mould press)
2026-06-02 00:00:00,A,24824,1325220515094VUTR0,2026-06-02 07:00:00,2026-06-02 15:00:00,56,17.0,0,Continuity (2-mould press)
2026-06-02 00:00:00,B,24824,1325220515094VUTR0,2026-06-02 15:00:00,2026-06-02 23:00:00,56,17.0,0,Continuity (2-mould press)
2026-06-02 00:00:00,C,24824,1325220515094VUTR0,2026-06-02 23:00:00,2026-06-03 07:00:00,56,17.0,0,Continuity (2-mould press)
2026-06-03 00:00:00,A,24824,1325220515094VUTR0,2026-06-03 07:00:00,2026-06-03 15:00:00,56,17.0,0,Continuity (2-mould press)
2026-06-03 00:00:00,B,24824,1325220515094VUTR0,2026-06-03 15:00:00,2026-06-03 23:00:00,56,17.0,0,Continuity (2-mould press)
2026-06-03 00:00:00,C,24824,1325220515094VUTR0,2026-06-03 23:00:00,2026-06-04 07:00:00,56,17.0,0,Continuity (2-mould press)
2026-06-04 00:00:00,A,24824,1325220515094VUTR0,2026-06-04 07:00:00,2026-06-04 15:00:00,56,17.0,0,Continuity (2-mould press)
2026-06-04 00:00:00,B,24824,1325220515094VUTR0,2026-06-04 15:00:00,2026-06-04 23:00:00,56,17.0,0,Continuity (2-mould press)
2026-06-04 00:00:00,C,24824,1325220515094VUTR0,2026-06-04 23:00:00,2026-06-05 07:00:00,56,17.0,0,Continuity (2-mould press)
2026-06-05 00:00:00,A,24824,1325220515094VUTR0,2026-06-05 07:00:00,2026-06-05 15:00:00,56,17.0,0,Continuity (2-mould press)
2026-06-05 00:00:00,B,24824,1325220515094VUTR0,2026-06-05 15:00:00,2026-06-05 23:00:00,56,17.0,0,Continuity (2-mould press)
2026-06-05 00:00:00,C,24824,1325220515094VUTR0,2026-06-05 23:00:00,2026-06-06 03:31:00,32,17.0,0,Continuity (2-mould press)
2026-06-05 00:00:00,C,24824,MOULD_CLEAN,2026-06-06 03:31:00,2026-06-06 05:31:00,0,0.0,0,Mould cleaning (continuity)
2026-06-05 00:00:00,C,24824,1325220515094VUTR0,2026-06-06 05:31:00,2026-06-06 07:00:00,10,17.0,0,Continuity (2-mould press)
2026-06-06 00:00:00,A,24824,1325220515094VUTR0,2026-06-06 07:00:00,2026-06-06 15:00:00,56,17.0,0,Continuity (2-mould press)
2026-06-06 00:00:00,B,24824,1325220515094VUTR0,2026-06-06 15:00:00,2026-06-06 23:00:00,56,17.0,0,Continuity (2-mould press)
2026-06-06 00:00:00,C,24824,1325220515094VUTR0,2026-06-06 23:00:00,2026-06-07 07:00:00,56,17.0,0,Continuity (2-mould press)
2026-06-07 00:00:00,A,24824,1325220515094VUTR0,2026-06-07 07:00:00,2026-06-07 15:00:00,56,17.0,0,Continuity (2-mould press)
2026-06-07 00:00:00,B,24824,1325220515094VUTR0,2026-06-07 15:00:00,2026-06-07 18:04:00,22,17.0,0,Continuity (2-mould press)
2026-05-21 00:00:00,A,24825,1325214813075SUNE1,2026-05-21 07:00:00,2026-05-21 14:30:00,60,15.0,227,Continuity (2-mould press)
2026-05-21 00:00:00,A,24826,1325214813075SUNE1,2026-05-21 07:00:00,2026-05-21 14:30:00,60,15.0,227,Continuity (2-mould press)
2026-05-21 00:00:00,A,4401,1D25213812090FXPC0,2026-05-21 07:00:00,2026-05-21 15:00:00,56,17.0,255,Continuity (2-mould press)
2026-05-21 00:00:00,B,4401,1D25213812090FXPC0,2026-05-21 15:00:00,2026-05-21 23:00:00,56,17.0,255,Continuity (2-mould press)
2026-05-21 00:00:00,C,4401,1D25213812090FXPC0,2026-05-21 23:00:00,2026-05-22 07:00:00,56,17.0,255,Continuity (2-mould press)
2026-05-22 00:00:00,A,4401,1D25213812090FXPC0,2026-05-22 07:00:00,2026-05-22 15:00:00,56,17.0,255,Continuity (2-mould press)
2026-05-22 00:00:00,B,4401,1D25213812090FXPC0,2026-05-22 15:00:00,2026-05-22 23:00:00,56,17.0,255,Continuity (2-mould press)
2026-05-22 00:00:00,C,4401,1D25213812090FXPC0,2026-05-22 23:00:00,2026-05-23 07:00:00,56,17.0,255,Continuity (2-mould press)
2026-05-23 00:00:00,A,4401,1D25213812090FXPC0,2026-05-23 07:00:00,2026-05-23 15:00:00,56,17.0,255,Continuity (2-mould press)
2026-05-23 00:00:00,B,4401,1D25213812090FXPC0,2026-05-23 15:00:00,2026-05-23 23:00:00,56,17.0,255,Continuity (2-mould press)
2026-05-23 00:00:00,C,4401,1D25213812090FXPC0,2026-05-23 23:00:00,2026-05-24 07:00:00,56,17.0,255,Continuity (2-mould press)
2026-05-24 00:00:00,A,4401,1D25213812090FXPC0,2026-05-24 07:00:00,2026-05-24 15:00:00,56,17.0,255,Continuity (2-mould press)
2026-05-24 00:00:00,B,4401,1D25213812090FXPC0,2026-05-24 15:00:00,2026-05-24 23:00:00,56,17.0,255,Continuity (2-mould press)
2026-05-24 00:00:00,C,4401,1D25213812090FXPC0,2026-05-24 23:00:00,2026-05-25 07:00:00,56,17.0,255,Continuity (2-mould press)
2026-05-25 00:00:00,A,4401,1D25213812090FXPC0,2026-05-25 07:00:00,2026-05-25 15:00:00,56,17.0,255,Continuity (2-mould press)
2026-05-25 00:00:00,B,4401,1D25213812090FXPC0,2026-05-25 15:00:00,2026-05-25 23:00:00,56,17.0,255,Continuity (2-mould press)
2026-05-25 00:00:00,C,4401,1D25213812090FXPC0,2026-05-25 23:00:00,2026-05-26 07:00:00,56,17.0,255,Continuity (2-mould press)
2026-05-26 00:00:00,A,4401,1D25213812090FXPC0,2026-05-26 07:00:00,2026-05-26 15:00:00,56,17.0,255,Continuity (2-mould press)
2026-05-26 00:00:00,B,4401,1D25213812090FXPC0,2026-05-26 15:00:00,2026-05-26 23:00:00,56,17.0,255,Continuity (2-mould press)
2026-05-26 00:00:00,C,4401,1D25213812090FXPC0,2026-05-26 23:00:00,2026-05-27 07:00:00,56,17.0,255,Continuity (2-mould press)
2026-05-27 00:00:00,A,4401,1D25213812090FXPC0,2026-05-27 07:00:00,2026-05-27 15:00:00,56,17.0,255,Continuity (2-mould press)
2026-05-27 00:00:00,B,4401,1D25213812090FXPC0,2026-05-27 15:00:00,2026-05-27 23:00:00,56,17.0,255,Continuity (2-mould press)
2026-05-27 00:00:00,C,4401,1D25213812090FXPC0,2026-05-27 23:00:00,2026-05-28 07:00:00,56,17.0,255,Continuity (2-mould press)
2026-05-28 00:00:00,A,4401,1D25213812090FXPC0,2026-05-28 07:00:00,2026-05-28 15:00:00,56,17.0,255,Continuity (2-mould press)
2026-05-28 00:00:00,B,4401,1D25213812090FXPC0,2026-05-28 15:00:00,2026-05-28 23:00:00,56,17.0,255,Continuity (2-mould press)
2026-05-28 00:00:00,C,4401,1D25213812090FXPC0,2026-05-28 23:00:00,2026-05-29 07:00:00,56,17.0,255,Continuity (2-mould press)
2026-05-29 00:00:00,A,4401,1D25213812090FXPC0,2026-05-29 07:00:00,2026-05-29 15:00:00,56,17.0,255,Continuity (2-mould press)
2026-05-29 00:00:00,B,4401,1D25213812090FXPC0,2026-05-29 15:00:00,2026-05-29 23:00:00,56,17.0,255,Continuity (2-mould press)
2026-05-29 00:00:00,C,4401,1D25213812090FXPC0,2026-05-29 23:00:00,2026-05-30 07:00:00,56,17.0,255,Continuity (2-mould press)
2026-05-30 00:00:00,A,4401,1D25213812090FXPC0,2026-05-30 07:00:00,2026-05-30 15:00:00,56,17.0,255,Continuity (2-mould press)
2026-05-30 00:00:00,B,4401,1D25213812090FXPC0,2026-05-30 15:00:00,2026-05-30 23:00:00,56,17.0,255,Continuity (2-mould press)
2026-05-30 00:00:00,C,4401,1D25213812090FXPC0,2026-05-30 23:00:00,2026-05-31 07:00:00,56,17.0,255,Continuity (2-mould press)
2026-05-31 00:00:00,A,4401,1D25213812090FXPC0,2026-05-31 07:00:00,2026-05-31 15:00:00,56,17.0,255,Continuity (2-mould press)
2026-05-31 00:00:00,B,4401,1D25213812090FXPC0,2026-05-31 15:00:00,2026-05-31 23:00:00,56,17.0,255,Continuity (2-mould press)
2026-05-31 00:00:00,C,4401,1D25213812090FXPC0,2026-05-31 23:00:00,2026-06-01 07:00:00,56,17.0,255,Continuity (2-mould press)
2026-06-01 00:00:00,A,4401,1D25213812090FXPC0,2026-06-01 07:00:00,2026-06-01 09:37:00,18,17.0,255,Continuity (2-mould press)
2026-05-21 00:00:00,A,4402,1325119815106QBRQ0,2026-05-21 07:00:00,2026-05-21 15:00:00,33,29.0,70,Continuity (2-mould press)
2026-05-21 00:00:00,B,4402,1325119815106QBRQ0,2026-05-21 15:00:00,2026-05-21 23:00:00,33,29.0,70,Continuity (2-mould press)
2026-05-21 00:00:00,C,4402,1325119815106QBRQ0,2026-05-21 23:00:00,2026-05-22 07:00:00,33,29.0,70,Continuity (2-mould press)
2026-05-22 00:00:00,A,4402,1325119815106QBRQ0,2026-05-22 07:00:00,2026-05-22 15:00:00,33,29.0,70,Continuity (2-mould press)
2026-05-22 00:00:00,B,4402,1325119815106QBRQ0,2026-05-22 15:00:00,2026-05-22 23:00:00,33,29.0,70,Continuity (2-mould press)
2026-05-22 00:00:00,C,4402,1325119815106QBRQ0,2026-05-22 23:00:00,2026-05-23 07:00:00,33,29.0,70,Continuity (2-mould press)
2026-05-23 00:00:00,A,4402,1325119815106QBRQ0,2026-05-23 07:00:00,2026-05-23 15:00:00,33,29.0,70,Continuity (2-mould press)
2026-05-23 00:00:00,B,4402,1325119815106QBRQ0,2026-05-23 15:00:00,2026-05-23 23:00:00,33,29.0,70,Continuity (2-mould press)
2026-05-23 00:00:00,C,4402,1325119815106QBRQ0,2026-05-23 23:00:00,2026-05-24 07:00:00,33,29.0,70,Continuity (2-mould press)
2026-05-24 00:00:00,A,4402,1325119815106QBRQ0,2026-05-24 07:00:00,2026-05-24 15:00:00,33,29.0,70,Continuity (2-mould press)
2026-05-24 00:00:00,B,4402,1325119815106QBRQ0,2026-05-24 15:00:00,2026-05-24 20:33:00,23,29.0,70,Continuity (2-mould press)
2026-05-21 00:00:00,A,4403,1325119815106QBRQ0,2026-05-21 07:00:00,2026-05-21 15:00:00,33,29.0,70,Continuity (2-mould press)
2026-05-21 00:00:00,B,4403,1325119815106QBRQ0,2026-05-21 15:00:00,2026-05-21 23:00:00,33,29.0,70,Continuity (2-mould press)
2026-05-21 00:00:00,C,4403,1325119815106QBRQ0,2026-05-21 23:00:00,2026-05-22 07:00:00,33,29.0,70,Continuity (2-mould press)
2026-05-22 00:00:00,A,4403,1325119815106QBRQ0,2026-05-22 07:00:00,2026-05-22 15:00:00,33,29.0,70,Continuity (2-mould press)
2026-05-22 00:00:00,B,4403,1325119815106QBRQ0,2026-05-22 15:00:00,2026-05-22 23:00:00,33,29.0,70,Continuity (2-mould press)
2026-05-22 00:00:00,C,4403,1325119815106QBRQ0,2026-05-22 23:00:00,2026-05-23 07:00:00,33,29.0,70,Continuity (2-mould press)
2026-05-23 00:00:00,A,4403,1325119815106QBRQ0,2026-05-23 07:00:00,2026-05-23 15:00:00,33,29.0,70,Continuity (2-mould press)
2026-05-23 00:00:00,B,4403,1325119815106QBRQ0,2026-05-23 15:00:00,2026-05-23 23:00:00,33,29.0,70,Continuity (2-mould press)
2026-05-23 00:00:00,C,4403,1325119815106QBRQ0,2026-05-23 23:00:00,2026-05-24 07:00:00,33,29.0,70,Continuity (2-mould press)
2026-05-24 00:00:00,A,4403,1325119815106QBRQ0,2026-05-24 07:00:00,2026-05-24 15:00:00,33,29.0,70,Continuity (2-mould press)
2026-05-24 00:00:00,B,4403,1325119815106QBRQ0,2026-05-24 15:00:00,2026-05-24 20:33:00,23,29.0,70,Continuity (2-mould press)
2026-05-21 00:00:00,A,4404,1D25213812090FXPC0,2026-05-21 07:00:00,2026-05-21 15:00:00,56,17.0,255,Continuity (2-mould press)
2026-05-21 00:00:00,B,4404,1D25213812090FXPC0,2026-05-21 15:00:00,2026-05-21 23:00:00,56,17.0,255,Continuity (2-mould press)
2026-05-21 00:00:00,C,4404,1D25213812090FXPC0,2026-05-21 23:00:00,2026-05-22 07:00:00,56,17.0,255,Continuity (2-mould press)
2026-05-22 00:00:00,A,4404,1D25213812090FXPC0,2026-05-22 07:00:00,2026-05-22 15:00:00,56,17.0,255,Continuity (2-mould press)
2026-05-22 00:00:00,B,4404,1D25213812090FXPC0,2026-05-22 15:00:00,2026-05-22 23:00:00,56,17.0,255,Continuity (2-mould press)
2026-05-22 00:00:00,C,4404,1D25213812090FXPC0,2026-05-22 23:00:00,2026-05-23 07:00:00,56,17.0,255,Continuity (2-mould press)
2026-05-23 00:00:00,A,4404,1D25213812090FXPC0,2026-05-23 07:00:00,2026-05-23 15:00:00,56,17.0,255,Continuity (2-mould press)
2026-05-23 00:00:00,B,4404,1D25213812090FXPC0,2026-05-23 15:00:00,2026-05-23 23:00:00,56,17.0,255,Continuity (2-mould press)
2026-05-23 00:00:00,C,4404,1D25213812090FXPC0,2026-05-23 23:00:00,2026-05-24 07:00:00,56,17.0,255,Continuity (2-mould press)
2026-05-24 00:00:00,A,4404,1D25213812090FXPC0,2026-05-24 07:00:00,2026-05-24 15:00:00,56,17.0,255,Continuity (2-mould press)
2026-05-24 00:00:00,B,4404,1D25213812090FXPC0,2026-05-24 15:00:00,2026-05-24 23:00:00,56,17.0,255,Continuity (2-mould press)
2026-05-24 00:00:00,C,4404,1D25213812090FXPC0,2026-05-24 23:00:00,2026-05-25 07:00:00,56,17.0,255,Continuity (2-mould press)
2026-05-25 00:00:00,A,4404,1D25213812090FXPC0,2026-05-25 07:00:00,2026-05-25 15:00:00,56,17.0,255,Continuity (2-mould press)
2026-05-25 00:00:00,B,4404,1D25213812090FXPC0,2026-05-25 15:00:00,2026-05-25 23:00:00,56,17.0,255,Continuity (2-mould press)
2026-05-25 00:00:00,C,4404,1D25213812090FXPC0,2026-05-25 23:00:00,2026-05-26 07:00:00,56,17.0,255,Continuity (2-mould press)
2026-05-26 00:00:00,A,4404,1D25213812090FXPC0,2026-05-26 07:00:00,2026-05-26 15:00:00,56,17.0,255,Continuity (2-mould press)
2026-05-26 00:00:00,B,4404,1D25213812090FXPC0,2026-05-26 15:00:00,2026-05-26 23:00:00,56,17.0,255,Continuity (2-mould press)
2026-05-26 00:00:00,C,4404,1D25213812090FXPC0,2026-05-26 23:00:00,2026-05-27 07:00:00,56,17.0,255,Continuity (2-mould press)
2026-05-27 00:00:00,A,4404,1D25213812090FXPC0,2026-05-27 07:00:00,2026-05-27 15:00:00,56,17.0,255,Continuity (2-mould press)
2026-05-27 00:00:00,B,4404,1D25213812090FXPC0,2026-05-27 15:00:00,2026-05-27 23:00:00,56,17.0,255,Continuity (2-mould press)
2026-05-27 00:00:00,C,4404,1D25213812090FXPC0,2026-05-27 23:00:00,2026-05-28 07:00:00,56,17.0,255,Continuity (2-mould press)
2026-05-28 00:00:00,A,4404,1D25213812090FXPC0,2026-05-28 07:00:00,2026-05-28 15:00:00,56,17.0,255,Continuity (2-mould press)
2026-05-28 00:00:00,B,4404,1D25213812090FXPC0,2026-05-28 15:00:00,2026-05-28 23:00:00,56,17.0,255,Continuity (2-mould press)
2026-05-28 00:00:00,C,4404,1D25213812090FXPC0,2026-05-28 23:00:00,2026-05-29 07:00:00,56,17.0,255,Continuity (2-mould press)
2026-05-29 00:00:00,A,4404,1D25213812090FXPC0,2026-05-29 07:00:00,2026-05-29 15:00:00,56,17.0,255,Continuity (2-mould press)
2026-05-29 00:00:00,B,4404,1D25213812090FXPC0,2026-05-29 15:00:00,2026-05-29 23:00:00,56,17.0,255,Continuity (2-mould press)
2026-05-29 00:00:00,C,4404,1D25213812090FXPC0,2026-05-29 23:00:00,2026-05-30 07:00:00,56,17.0,255,Continuity (2-mould press)
2026-05-30 00:00:00,A,4404,1D25213812090FXPC0,2026-05-30 07:00:00,2026-05-30 15:00:00,56,17.0,255,Continuity (2-mould press)
2026-05-30 00:00:00,B,4404,1D25213812090FXPC0,2026-05-30 15:00:00,2026-05-30 23:00:00,56,17.0,255,Continuity (2-mould press)
2026-05-30 00:00:00,C,4404,1D25213812090FXPC0,2026-05-30 23:00:00,2026-05-31 07:00:00,56,17.0,255,Continuity (2-mould press)
2026-05-31 00:00:00,A,4404,1D25213812090FXPC0,2026-05-31 07:00:00,2026-05-31 15:00:00,56,17.0,255,Continuity (2-mould press)
2026-05-31 00:00:00,B,4404,1D25213812090FXPC0,2026-05-31 15:00:00,2026-05-31 23:00:00,56,17.0,255,Continuity (2-mould press)
2026-05-31 00:00:00,C,4404,1D25213812090FXPC0,2026-05-31 23:00:00,2026-06-01 07:00:00,56,17.0,255,Continuity (2-mould press)
2026-06-01 00:00:00,A,4404,1D25213812090FXPC0,2026-06-01 07:00:00,2026-06-01 10:11:00,22,17.0,255,Continuity (2-mould press)
2026-05-21 00:00:00,A,4405,1325119815106QBRQ0,2026-05-21 07:00:00,2026-05-21 15:00:00,33,29.0,70,Continuity (2-mould press)
2026-05-21 00:00:00,B,4405,1325119815106QBRQ0,2026-05-21 15:00:00,2026-05-21 23:00:00,33,29.0,70,Continuity (2-mould press)
2026-05-21 00:00:00,C,4405,1325119815106QBRQ0,2026-05-21 23:00:00,2026-05-22 07:00:00,33,29.0,70,Continuity (2-mould press)
2026-05-22 00:00:00,A,4405,1325119815106QBRQ0,2026-05-22 07:00:00,2026-05-22 15:00:00,33,29.0,70,Continuity (2-mould press)
2026-05-22 00:00:00,B,4405,1325119815106QBRQ0,2026-05-22 15:00:00,2026-05-22 23:00:00,33,29.0,70,Continuity (2-mould press)
2026-05-22 00:00:00,C,4405,1325119815106QBRQ0,2026-05-22 23:00:00,2026-05-23 07:00:00,33,29.0,70,Continuity (2-mould press)
2026-05-23 00:00:00,A,4405,1325119815106QBRQ0,2026-05-23 07:00:00,2026-05-23 15:00:00,33,29.0,70,Continuity (2-mould press)
2026-05-23 00:00:00,B,4405,1325119815106QBRQ0,2026-05-23 15:00:00,2026-05-23 23:00:00,33,29.0,70,Continuity (2-mould press)
2026-05-23 00:00:00,C,4405,1325119815106QBRQ0,2026-05-23 23:00:00,2026-05-24 07:00:00,33,29.0,70,Continuity (2-mould press)
2026-05-24 00:00:00,A,4405,1325119815106QBRQ0,2026-05-24 07:00:00,2026-05-24 15:00:00,33,29.0,70,Continuity (2-mould press)
2026-05-24 00:00:00,B,4405,1325119815106QBRQ0,2026-05-24 15:00:00,2026-05-24 20:33:00,23,29.0,70,Continuity (2-mould press)
2026-05-21 00:00:00,A,4406,1D25212812086FXPC0,2026-05-21 07:00:00,2026-05-21 15:00:00,51,19.0,332,Continuity (2-mould press)
2026-05-21 00:00:00,B,4406,1D25212812086FXPC0,2026-05-21 15:00:00,2026-05-21 23:00:00,51,19.0,332,Continuity (2-mould press)
2026-05-21 00:00:00,C,4406,1D25212812086FXPC0,2026-05-21 23:00:00,2026-05-22 07:00:00,51,19.0,332,Continuity (2-mould press)
2026-05-22 00:00:00,A,4406,1D25212812086FXPC0,2026-05-22 07:00:00,2026-05-22 15:00:00,51,19.0,332,Continuity (2-mould press)
2026-05-22 00:00:00,B,4406,1D25212812086FXPC0,2026-05-22 15:00:00,2026-05-22 23:00:00,51,19.0,332,Continuity (2-mould press)
2026-05-22 00:00:00,C,4406,1D25212812086FXPC0,2026-05-22 23:00:00,2026-05-23 07:00:00,51,19.0,332,Continuity (2-mould press)
2026-05-23 00:00:00,A,4406,1D25212812086FXPC0,2026-05-23 07:00:00,2026-05-23 15:00:00,51,19.0,332,Continuity (2-mould press)
2026-05-23 00:00:00,B,4406,1D25212812086FXPC0,2026-05-23 15:00:00,2026-05-23 23:00:00,51,19.0,332,Continuity (2-mould press)
2026-05-23 00:00:00,C,4406,1D25212812086FXPC0,2026-05-23 23:00:00,2026-05-24 07:00:00,51,19.0,332,Continuity (2-mould press)
2026-05-24 00:00:00,A,4406,1D25212812086FXPC0,2026-05-24 07:00:00,2026-05-24 15:00:00,51,19.0,332,Continuity (2-mould press)
2026-05-24 00:00:00,B,4406,1D25212812086FXPC0,2026-05-24 15:00:00,2026-05-24 23:00:00,51,19.0,332,Continuity (2-mould press)
2026-05-24 00:00:00,C,4406,1D25212812086FXPC0,2026-05-24 23:00:00,2026-05-25 07:00:00,51,19.0,332,Continuity (2-mould press)
2026-05-25 00:00:00,A,4406,1D25212812086FXPC0,2026-05-25 07:00:00,2026-05-25 15:00:00,51,19.0,332,Continuity (2-mould press)
2026-05-25 00:00:00,B,4406,1D25212812086FXPC0,2026-05-25 15:00:00,2026-05-25 23:00:00,51,19.0,332,Continuity (2-mould press)
2026-05-25 00:00:00,C,4406,1D25212812086FXPC0,2026-05-25 23:00:00,2026-05-26 07:00:00,51,19.0,332,Continuity (2-mould press)
2026-05-26 00:00:00,A,4406,1D25212812086FXPC0,2026-05-26 07:00:00,2026-05-26 15:00:00,51,19.0,332,Continuity (2-mould press)
2026-05-26 00:00:00,B,4406,1D25212812086FXPC0,2026-05-26 15:00:00,2026-05-26 23:00:00,51,19.0,332,Continuity (2-mould press)
2026-05-26 00:00:00,C,4406,1D25212812086FXPC0,2026-05-26 23:00:00,2026-05-27 07:00:00,51,19.0,332,Continuity (2-mould press)
2026-05-27 00:00:00,A,4406,1D25212812086FXPC0,2026-05-27 07:00:00,2026-05-27 15:00:00,51,19.0,332,Continuity (2-mould press)
2026-05-27 00:00:00,B,4406,1D25212812086FXPC0,2026-05-27 15:00:00,2026-05-27 23:00:00,51,19.0,332,Continuity (2-mould press)
2026-05-27 00:00:00,C,4406,1D25212812086FXPC0,2026-05-27 23:00:00,2026-05-28 07:00:00,51,19.0,332,Continuity (2-mould press)
2026-05-28 00:00:00,A,4406,1D25212812086FXPC0,2026-05-28 07:00:00,2026-05-28 15:00:00,51,19.0,332,Continuity (2-mould press)
2026-05-28 00:00:00,B,4406,1D25212812086FXPC0,2026-05-28 15:00:00,2026-05-28 23:00:00,51,19.0,332,Continuity (2-mould press)
2026-05-28 00:00:00,C,4406,1D25212812086FXPC0,2026-05-28 23:00:00,2026-05-29 07:00:00,51,19.0,332,Continuity (2-mould press)
2026-05-29 00:00:00,A,4406,1D25212812086FXPC0,2026-05-29 07:00:00,2026-05-29 15:00:00,51,19.0,332,Continuity (2-mould press)
2026-05-29 00:00:00,B,4406,1D25212812086FXPC0,2026-05-29 15:00:00,2026-05-29 23:00:00,51,19.0,332,Continuity (2-mould press)
2026-05-29 00:00:00,C,4406,1D25212812086FXPC0,2026-05-29 23:00:00,2026-05-30 07:00:00,51,19.0,332,Continuity (2-mould press)
2026-05-30 00:00:00,A,4406,1D25212812086FXPC0,2026-05-30 07:00:00,2026-05-30 15:00:00,51,19.0,332,Continuity (2-mould press)
2026-05-30 00:00:00,B,4406,1D25212812086FXPC0,2026-05-30 15:00:00,2026-05-30 23:00:00,51,19.0,332,Continuity (2-mould press)
2026-05-30 00:00:00,C,4406,1D25212812086FXPC0,2026-05-30 23:00:00,2026-05-31 07:00:00,51,19.0,332,Continuity (2-mould press)
2026-05-31 00:00:00,A,4406,1D25212812086FXPC0,2026-05-31 07:00:00,2026-05-31 15:00:00,51,19.0,332,Continuity (2-mould press)
2026-05-31 00:00:00,B,4406,1D25212812086FXPC0,2026-05-31 15:00:00,2026-05-31 23:00:00,51,19.0,332,Continuity (2-mould press)
2026-05-31 00:00:00,C,4406,1D25212812086FXPC0,2026-05-31 23:00:00,2026-06-01 07:00:00,51,19.0,332,Continuity (2-mould press)
2026-06-01 00:00:00,A,4406,1D25212812086FXPC0,2026-06-01 07:00:00,2026-06-01 15:00:00,51,19.0,332,Continuity (2-mould press)
2026-06-01 00:00:00,B,4406,1D25212812086FXPC0,2026-06-01 15:00:00,2026-06-01 23:00:00,51,19.0,332,Continuity (2-mould press)
2026-06-01 00:00:00,C,4406,1D25212812086FXPC0,2026-06-01 23:00:00,2026-06-02 07:00:00,51,19.0,332,Continuity (2-mould press)
2026-06-02 00:00:00,A,4406,1D25212812086FXPC0,2026-06-02 07:00:00,2026-06-02 15:00:00,51,19.0,332,Continuity (2-mould press)
2026-06-02 00:00:00,B,4406,1D25212812086FXPC0,2026-06-02 15:00:00,2026-06-02 23:00:00,51,19.0,332,Continuity (2-mould press)
2026-06-02 00:00:00,C,4406,1D25212812086FXPC0,2026-06-02 23:00:00,2026-06-03 07:00:00,51,19.0,332,Continuity (2-mould press)
2026-06-03 00:00:00,A,4406,1D25212812086FXPC0,2026-06-03 07:00:00,2026-06-03 15:00:00,51,19.0,332,Continuity (2-mould press)
2026-06-03 00:00:00,B,4406,1D25212812086FXPC0,2026-06-03 15:00:00,2026-06-03 23:00:00,51,19.0,332,Continuity (2-mould press)
2026-06-03 00:00:00,C,4406,1D25212812086FXPC0,2026-06-03 23:00:00,2026-06-04 07:00:00,51,19.0,332,Continuity (2-mould press)
2026-06-04 00:00:00,A,4406,1D25212812086FXPC0,2026-06-04 07:00:00,2026-06-04 15:00:00,51,19.0,332,Continuity (2-mould press)
2026-06-04 00:00:00,B,4406,1D25212812086FXPC0,2026-06-04 15:00:00,2026-06-04 23:00:00,51,19.0,332,Continuity (2-mould press)
2026-06-04 00:00:00,C,4406,1D25212812086FXPC0,2026-06-04 23:00:00,2026-06-05 07:00:00,51,19.0,332,Continuity (2-mould press)
2026-06-05 00:00:00,A,4406,1D25212812086FXPC0,2026-06-05 07:00:00,2026-06-05 15:00:00,51,19.0,332,Continuity (2-mould press)
2026-06-05 00:00:00,B,4406,1D25212812086FXPC0,2026-06-05 15:00:00,2026-06-05 23:00:00,51,19.0,332,Continuity (2-mould press)
2026-06-05 00:00:00,C,4406,1D25212812086FXPC0,2026-06-05 23:00:00,2026-06-06 07:00:00,51,19.0,332,Continuity (2-mould press)
2026-06-06 00:00:00,A,4406,1D25212812086FXPC0,2026-06-06 07:00:00,2026-06-06 15:00:00,51,19.0,332,Continuity (2-mould press)
2026-06-06 00:00:00,B,4406,1D25212812086FXPC0,2026-06-06 15:00:00,2026-06-06 23:00:00,51,19.0,332,Continuity (2-mould press)
2026-06-06 00:00:00,C,4406,1D25212812086FXPC0,2026-06-06 23:00:00,2026-06-07 07:00:00,51,19.0,332,Continuity (2-mould press)
2026-06-07 00:00:00,A,4406,1D25212812086FXPC0,2026-06-07 07:00:00,2026-06-07 15:00:00,51,19.0,332,Continuity (2-mould press)
2026-06-07 00:00:00,B,4406,1D25212812086FXPC0,2026-06-07 15:00:00,2026-06-07 23:00:00,51,19.0,332,Continuity (2-mould press)
2026-06-07 00:00:00,C,4406,1D25212812086FXPC0,2026-06-07 23:00:00,2026-06-08 07:00:00,51,19.0,332,Continuity (2-mould press)
2026-06-08 00:00:00,A,4406,1D25212812086FXPC0,2026-06-08 07:00:00,2026-06-08 15:00:00,51,19.0,332,Continuity (2-mould press)
2026-06-08 00:00:00,B,4406,1D25212812086FXPC0,2026-06-08 15:00:00,2026-06-08 23:00:00,51,19.0,332,Continuity (2-mould press)
2026-06-08 00:00:00,C,4406,1D25212812086FXPC0,2026-06-08 23:00:00,2026-06-09 02:53:00,25,19.0,332,Continuity (2-mould press)
2026-05-21 00:00:00,A,4407,1325119015008SRBT0,2026-05-21 07:00:00,2026-05-21 15:00:00,33,29.0,0,Continuity (2-mould press)
2026-05-21 00:00:00,B,4407,1325119015008SRBT0,2026-05-21 15:00:00,2026-05-21 23:00:00,33,29.0,0,Continuity (2-mould press)
2026-05-21 00:00:00,C,4407,1325119015008SRBT0,2026-05-21 23:00:00,2026-05-22 07:00:00,33,29.0,0,Continuity (2-mould press)
2026-05-22 00:00:00,A,4407,1325119015008SRBT0,2026-05-22 07:00:00,2026-05-22 15:00:00,33,29.0,0,Continuity (2-mould press)
2026-05-22 00:00:00,B,4407,1325119015008SRBT0,2026-05-22 15:00:00,2026-05-22 23:00:00,33,29.0,0,Continuity (2-mould press)
2026-05-22 00:00:00,C,4407,1325119015008SRBT0,2026-05-22 23:00:00,2026-05-23 07:00:00,33,29.0,0,Continuity (2-mould press)
2026-05-23 00:00:00,A,4407,1325119015008SRBT0,2026-05-23 07:00:00,2026-05-23 15:00:00,33,29.0,0,Continuity (2-mould press)
2026-05-23 00:00:00,B,4407,1325119015008SRBT0,2026-05-23 15:00:00,2026-05-23 23:00:00,33,29.0,0,Continuity (2-mould press)
2026-05-23 00:00:00,C,4407,1325119015008SRBT0,2026-05-23 23:00:00,2026-05-24 07:00:00,33,29.0,0,Continuity (2-mould press)
2026-05-24 00:00:00,A,4407,1325119015008SRBT0,2026-05-24 07:00:00,2026-05-24 15:00:00,33,29.0,0,Continuity (2-mould press)
2026-05-24 00:00:00,B,4407,1325119015008SRBT0,2026-05-24 15:00:00,2026-05-24 23:00:00,33,29.0,0,Continuity (2-mould press)
2026-05-24 00:00:00,C,4407,1325119015008SRBT0,2026-05-24 23:00:00,2026-05-25 07:00:00,33,29.0,0,Continuity (2-mould press)
2026-05-25 00:00:00,A,4407,1325119015008SRBT0,2026-05-25 07:00:00,2026-05-25 15:00:00,33,29.0,0,Continuity (2-mould press)
2026-05-25 00:00:00,B,4407,1325119015008SRBT0,2026-05-25 15:00:00,2026-05-25 23:00:00,33,29.0,0,Continuity (2-mould press)
2026-05-25 00:00:00,C,4407,1325119015008SRBT0,2026-05-25 23:00:00,2026-05-26 07:00:00,33,29.0,0,Continuity (2-mould press)
2026-05-26 00:00:00,A,4407,1325119015008SRBT0,2026-05-26 07:00:00,2026-05-26 15:00:00,33,29.0,0,Continuity (2-mould press)
2026-05-26 00:00:00,B,4407,1325119015008SRBT0,2026-05-26 15:00:00,2026-05-26 23:00:00,33,29.0,0,Continuity (2-mould press)
2026-05-26 00:00:00,C,4407,1325119015008SRBT0,2026-05-26 23:00:00,2026-05-27 07:00:00,33,29.0,0,Continuity (2-mould press)
2026-05-27 00:00:00,A,4407,1325119015008SRBT0,2026-05-27 07:00:00,2026-05-27 15:00:00,33,29.0,0,Continuity (2-mould press)
2026-05-27 00:00:00,B,4407,1325119015008SRBT0,2026-05-27 15:00:00,2026-05-27 23:00:00,33,29.0,0,Continuity (2-mould press)
2026-05-27 00:00:00,C,4407,1325119015008SRBT0,2026-05-27 23:00:00,2026-05-28 07:00:00,33,29.0,0,Continuity (2-mould press)
2026-05-28 00:00:00,A,4407,1325119015008SRBT0,2026-05-28 07:00:00,2026-05-28 15:00:00,33,29.0,0,Continuity (2-mould press)
2026-05-28 00:00:00,B,4407,1325119015008SRBT0,2026-05-28 15:00:00,2026-05-28 23:00:00,33,29.0,0,Continuity (2-mould press)
2026-05-28 00:00:00,C,4407,1325119015008SRBT0,2026-05-28 23:00:00,2026-05-29 07:00:00,33,29.0,0,Continuity (2-mould press)
2026-05-29 00:00:00,A,4407,1325119015008SRBT0,2026-05-29 07:00:00,2026-05-29 15:00:00,33,29.0,0,Continuity (2-mould press)
2026-05-29 00:00:00,B,4407,1325119015008SRBT0,2026-05-29 15:00:00,2026-05-29 23:00:00,33,29.0,0,Continuity (2-mould press)
2026-05-29 00:00:00,C,4407,1325119015008SRBT0,2026-05-29 23:00:00,2026-05-30 07:00:00,33,29.0,0,Continuity (2-mould press)
2026-05-30 00:00:00,A,4407,1325119015008SRBT0,2026-05-30 07:00:00,2026-05-30 15:00:00,33,29.0,0,Continuity (2-mould press)
2026-05-30 00:00:00,B,4407,1325119015008SRBT0,2026-05-30 15:00:00,2026-05-30 23:00:00,33,29.0,0,Continuity (2-mould press)
2026-05-30 00:00:00,C,4407,1325119015008SRBT0,2026-05-30 23:00:00,2026-05-31 07:00:00,33,29.0,0,Continuity (2-mould press)
2026-05-31 00:00:00,A,4407,1325119015008SRBT0,2026-05-31 07:00:00,2026-05-31 15:00:00,33,29.0,0,Continuity (2-mould press)
2026-05-31 00:00:00,B,4407,1325119015008SRBT0,2026-05-31 15:00:00,2026-05-31 23:00:00,33,29.0,0,Continuity (2-mould press)
2026-05-31 00:00:00,C,4407,1325119015008SRBT0,2026-05-31 23:00:00,2026-06-01 07:00:00,33,29.0,0,Continuity (2-mould press)
2026-06-01 00:00:00,A,4407,1325119015008SRBT0,2026-06-01 07:00:00,2026-06-01 15:00:00,33,29.0,0,Continuity (2-mould press)
2026-06-01 00:00:00,B,4407,1325119015008SRBT0,2026-06-01 15:00:00,2026-06-01 23:00:00,33,29.0,0,Continuity (2-mould press)
2026-06-01 00:00:00,C,4407,1325119015008SRBT0,2026-06-01 23:00:00,2026-06-02 07:00:00,33,29.0,0,Continuity (2-mould press)
2026-06-02 00:00:00,A,4407,1325119015008SRBT0,2026-06-02 07:00:00,2026-06-02 15:00:00,33,29.0,0,Continuity (2-mould press)
2026-06-02 00:00:00,B,4407,1325119015008SRBT0,2026-06-02 15:00:00,2026-06-02 23:00:00,33,29.0,0,Continuity (2-mould press)
2026-06-02 00:00:00,C,4407,1325119015008SRBT0,2026-06-02 23:00:00,2026-06-03 07:00:00,33,29.0,0,Continuity (2-mould press)
2026-06-03 00:00:00,A,4407,1325119015008SRBT0,2026-06-03 07:00:00,2026-06-03 15:00:00,33,29.0,0,Continuity (2-mould press)
2026-06-03 00:00:00,B,4407,1325119015008SRBT0,2026-06-03 15:00:00,2026-06-03 23:00:00,33,29.0,0,Continuity (2-mould press)
2026-06-03 00:00:00,C,4407,1325119015008SRBT0,2026-06-03 23:00:00,2026-06-04 07:00:00,33,29.0,0,Continuity (2-mould press)
2026-06-04 00:00:00,A,4407,1325119015008SRBT0,2026-06-04 07:00:00,2026-06-04 15:00:00,33,29.0,0,Continuity (2-mould press)
2026-06-04 00:00:00,B,4407,1325119015008SRBT0,2026-06-04 15:00:00,2026-06-04 23:00:00,33,29.0,0,Continuity (2-mould press)
2026-06-04 00:00:00,C,4407,1325119015008SRBT0,2026-06-04 23:00:00,2026-06-05 07:00:00,33,29.0,0,Continuity (2-mould press)
2026-06-05 00:00:00,A,4407,1325119015008SRBT0,2026-06-05 07:00:00,2026-06-05 15:00:00,33,29.0,0,Continuity (2-mould press)
2026-06-05 00:00:00,B,4407,1325119015008SRBT0,2026-06-05 15:00:00,2026-06-05 23:00:00,33,29.0,0,Continuity (2-mould press)
2026-06-05 00:00:00,C,4407,1325119015008SRBT0,2026-06-05 23:00:00,2026-06-06 07:00:00,33,29.0,0,Continuity (2-mould press)
2026-06-06 00:00:00,A,4407,1325119015008SRBT0,2026-06-06 07:00:00,2026-06-06 15:00:00,33,29.0,0,Continuity (2-mould press)
2026-06-06 00:00:00,B,4407,1325119015008SRBT0,2026-06-06 15:00:00,2026-06-06 23:00:00,33,29.0,0,Continuity (2-mould press)
2026-06-06 00:00:00,C,4407,1325119015008SRBT0,2026-06-06 23:00:00,2026-06-07 07:00:00,33,29.0,0,Continuity (2-mould press)
2026-06-07 00:00:00,A,4407,1325119015008SRBT0,2026-06-07 07:00:00,2026-06-07 15:00:00,33,29.0,0,Continuity (2-mould press)
2026-06-07 00:00:00,B,4407,1325119015008SRBT0,2026-06-07 15:00:00,2026-06-07 23:00:00,33,29.0,0,Continuity (2-mould press)
2026-06-07 00:00:00,C,4407,1325119015008SRBT0,2026-06-07 23:00:00,2026-06-08 07:00:00,33,29.0,0,Continuity (2-mould press)
2026-06-08 00:00:00,A,4407,1325119015008SRBT0,2026-06-08 07:00:00,2026-06-08 15:00:00,33,29.0,0,Continuity (2-mould press)
2026-06-08 00:00:00,B,4407,1325119015008SRBT0,2026-06-08 15:00:00,2026-06-08 23:00:00,33,29.0,0,Continuity (2-mould press)
2026-06-08 00:00:00,C,4407,1325119015008SRBT0,2026-06-08 23:00:00,2026-06-09 07:00:00,33,29.0,0,Continuity (2-mould press)
2026-06-09 00:00:00,A,4407,1325119015008SRBT0,2026-06-09 07:00:00,2026-06-09 15:00:00,33,29.0,0,Continuity (2-mould press)
2026-06-09 00:00:00,B,4407,1325119015008SRBT0,2026-06-09 15:00:00,2026-06-09 23:00:00,33,29.0,0,Continuity (2-mould press)
2026-06-09 00:00:00,C,4407,1325119015008SRBT0,2026-06-09 23:00:00,2026-06-10 05:01:00,25,29.0,0,Continuity (2-mould press)
2026-05-21 00:00:00,A,4408,1D25214012006QXC10,2026-05-21 07:00:00,2026-05-21 15:00:00,53,18.0,0,Continuity (2-mould press)
2026-05-21 00:00:00,B,4408,1D25214012006QXC10,2026-05-21 15:00:00,2026-05-21 23:00:00,53,18.0,0,Continuity (2-mould press)
2026-05-21 00:00:00,C,4408,1D25214012006QXC10,2026-05-21 23:00:00,2026-05-22 01:00:00,13,18.0,0,Continuity (2-mould press)
2026-05-21 00:00:00,A,4409,1D25213812090FXPC0,2026-05-21 07:00:00,2026-05-21 15:00:00,56,17.0,255,Continuity (2-mould press)
2026-05-21 00:00:00,B,4409,1D25213812090FXPC0,2026-05-21 15:00:00,2026-05-21 23:00:00,56,17.0,255,Continuity (2-mould press)
2026-05-21 00:00:00,C,4409,1D25213812090FXPC0,2026-05-21 23:00:00,2026-05-22 07:00:00,56,17.0,255,Continuity (2-mould press)
2026-05-22 00:00:00,A,4409,1D25213812090FXPC0,2026-05-22 07:00:00,2026-05-22 15:00:00,56,17.0,255,Continuity (2-mould press)
2026-05-22 00:00:00,B,4409,1D25213812090FXPC0,2026-05-22 15:00:00,2026-05-22 23:00:00,56,17.0,255,Continuity (2-mould press)
2026-05-22 00:00:00,C,4409,1D25213812090FXPC0,2026-05-22 23:00:00,2026-05-23 07:00:00,56,17.0,255,Continuity (2-mould press)
2026-05-23 00:00:00,A,4409,1D25213812090FXPC0,2026-05-23 07:00:00,2026-05-23 15:00:00,56,17.0,255,Continuity (2-mould press)
2026-05-23 00:00:00,B,4409,1D25213812090FXPC0,2026-05-23 15:00:00,2026-05-23 23:00:00,56,17.0,255,Continuity (2-mould press)
2026-05-23 00:00:00,C,4409,1D25213812090FXPC0,2026-05-23 23:00:00,2026-05-24 07:00:00,56,17.0,255,Continuity (2-mould press)
2026-05-24 00:00:00,A,4409,1D25213812090FXPC0,2026-05-24 07:00:00,2026-05-24 15:00:00,56,17.0,255,Continuity (2-mould press)
2026-05-24 00:00:00,B,4409,1D25213812090FXPC0,2026-05-24 15:00:00,2026-05-24 23:00:00,56,17.0,255,Continuity (2-mould press)
2026-05-24 00:00:00,C,4409,1D25213812090FXPC0,2026-05-24 23:00:00,2026-05-25 07:00:00,56,17.0,255,Continuity (2-mould press)
2026-05-25 00:00:00,A,4409,1D25213812090FXPC0,2026-05-25 07:00:00,2026-05-25 15:00:00,56,17.0,255,Continuity (2-mould press)
2026-05-25 00:00:00,B,4409,1D25213812090FXPC0,2026-05-25 15:00:00,2026-05-25 23:00:00,56,17.0,255,Continuity (2-mould press)
2026-05-25 00:00:00,C,4409,1D25213812090FXPC0,2026-05-25 23:00:00,2026-05-26 07:00:00,56,17.0,255,Continuity (2-mould press)
2026-05-26 00:00:00,A,4409,1D25213812090FXPC0,2026-05-26 07:00:00,2026-05-26 15:00:00,56,17.0,255,Continuity (2-mould press)
2026-05-26 00:00:00,B,4409,1D25213812090FXPC0,2026-05-26 15:00:00,2026-05-26 23:00:00,56,17.0,255,Continuity (2-mould press)
2026-05-26 00:00:00,C,4409,1D25213812090FXPC0,2026-05-26 23:00:00,2026-05-27 07:00:00,56,17.0,255,Continuity (2-mould press)
2026-05-27 00:00:00,A,4409,1D25213812090FXPC0,2026-05-27 07:00:00,2026-05-27 15:00:00,56,17.0,255,Continuity (2-mould press)
2026-05-27 00:00:00,B,4409,1D25213812090FXPC0,2026-05-27 15:00:00,2026-05-27 23:00:00,56,17.0,255,Continuity (2-mould press)
2026-05-27 00:00:00,C,4409,1D25213812090FXPC0,2026-05-27 23:00:00,2026-05-28 07:00:00,56,17.0,255,Continuity (2-mould press)
2026-05-28 00:00:00,A,4409,1D25213812090FXPC0,2026-05-28 07:00:00,2026-05-28 15:00:00,56,17.0,255,Continuity (2-mould press)
2026-05-28 00:00:00,B,4409,1D25213812090FXPC0,2026-05-28 15:00:00,2026-05-28 23:00:00,56,17.0,255,Continuity (2-mould press)
2026-05-28 00:00:00,C,4409,1D25213812090FXPC0,2026-05-28 23:00:00,2026-05-29 07:00:00,56,17.0,255,Continuity (2-mould press)
2026-05-29 00:00:00,A,4409,1D25213812090FXPC0,2026-05-29 07:00:00,2026-05-29 15:00:00,56,17.0,255,Continuity (2-mould press)
2026-05-29 00:00:00,B,4409,1D25213812090FXPC0,2026-05-29 15:00:00,2026-05-29 23:00:00,56,17.0,255,Continuity (2-mould press)
2026-05-29 00:00:00,C,4409,1D25213812090FXPC0,2026-05-29 23:00:00,2026-05-30 07:00:00,56,17.0,255,Continuity (2-mould press)
2026-05-30 00:00:00,A,4409,1D25213812090FXPC0,2026-05-30 07:00:00,2026-05-30 15:00:00,56,17.0,255,Continuity (2-mould press)
2026-05-30 00:00:00,B,4409,1D25213812090FXPC0,2026-05-30 15:00:00,2026-05-30 23:00:00,56,17.0,255,Continuity (2-mould press)
2026-05-30 00:00:00,C,4409,1D25213812090FXPC0,2026-05-30 23:00:00,2026-05-31 07:00:00,56,17.0,255,Continuity (2-mould press)
2026-05-31 00:00:00,A,4409,1D25213812090FXPC0,2026-05-31 07:00:00,2026-05-31 15:00:00,56,17.0,255,Continuity (2-mould press)
2026-05-31 00:00:00,B,4409,1D25213812090FXPC0,2026-05-31 15:00:00,2026-05-31 23:00:00,56,17.0,255,Continuity (2-mould press)
2026-05-31 00:00:00,C,4409,1D25213812090FXPC0,2026-05-31 23:00:00,2026-06-01 07:00:00,56,17.0,255,Continuity (2-mould press)
2026-06-01 00:00:00,A,4409,1D25213812090FXPC0,2026-06-01 07:00:00,2026-06-01 10:11:00,22,17.0,255,Continuity (2-mould press)
2026-05-21 00:00:00,A,4410,1225170015012LSTL0,2026-05-21 07:00:00,2026-05-21 15:00:00,31,31.0,395,Continuity (2-mould press)
2026-05-21 00:00:00,B,4410,1225170015012LSTL0,2026-05-21 15:00:00,2026-05-21 23:00:00,31,31.0,395,Continuity (2-mould press)
2026-05-21 00:00:00,C,4410,1225170015012LSTL0,2026-05-21 23:00:00,2026-05-22 07:00:00,31,31.0,395,Continuity (2-mould press)
2026-05-22 00:00:00,A,4410,1225170015012LSTL0,2026-05-22 07:00:00,2026-05-22 15:00:00,31,31.0,395,Continuity (2-mould press)
2026-05-22 00:00:00,B,4410,1225170015012LSTL0,2026-05-22 15:00:00,2026-05-22 23:00:00,31,31.0,395,Continuity (2-mould press)
2026-05-22 00:00:00,C,4410,1225170015012LSTL0,2026-05-22 23:00:00,2026-05-23 07:00:00,31,31.0,395,Continuity (2-mould press)
2026-05-23 00:00:00,A,4410,1225170015012LSTL0,2026-05-23 07:00:00,2026-05-23 15:00:00,31,31.0,395,Continuity (2-mould press)
2026-05-23 00:00:00,B,4410,1225170015012LSTL0,2026-05-23 15:00:00,2026-05-23 22:33:00,29,31.0,395,Continuity (2-mould press)
2026-05-21 00:00:00,A,4411,1325214812074TUHL0,2026-05-21 07:00:00,2026-05-21 15:00:00,64,15.0,0,Continuity (2-mould press)
2026-05-21 00:00:00,B,4411,1325214812074TUHL0,2026-05-21 15:00:00,2026-05-21 23:00:00,64,15.0,0,Continuity (2-mould press)
2026-05-21 00:00:00,C,4411,1325214812074TUHL0,2026-05-21 23:00:00,2026-05-22 07:00:00,64,15.0,0,Continuity (2-mould press)
2026-05-22 00:00:00,A,4411,1325214812074TUHL0,2026-05-22 07:00:00,2026-05-22 15:00:00,64,15.0,0,Continuity (2-mould press)
2026-05-22 00:00:00,B,4411,1325214812074TUHL0,2026-05-22 15:00:00,2026-05-22 23:00:00,64,15.0,0,Continuity (2-mould press)
2026-05-22 00:00:00,C,4411,1325214812074TUHL0,2026-05-22 23:00:00,2026-05-23 07:00:00,64,15.0,0,Continuity (2-mould press)
2026-05-23 00:00:00,A,4411,1325214812074TUHL0,2026-05-23 07:00:00,2026-05-23 15:00:00,64,15.0,0,Continuity (2-mould press)
2026-05-23 00:00:00,B,4411,1325214812074TUHL0,2026-05-23 15:00:00,2026-05-23 23:00:00,64,15.0,0,Continuity (2-mould press)
2026-05-23 00:00:00,C,4411,1325214812074TUHL0,2026-05-23 23:00:00,2026-05-24 07:00:00,64,15.0,0,Continuity (2-mould press)
2026-05-24 00:00:00,A,4411,1325214812074TUHL0,2026-05-24 07:00:00,2026-05-24 15:00:00,64,15.0,0,Continuity (2-mould press)
2026-05-24 00:00:00,B,4411,1325214812074TUHL0,2026-05-24 15:00:00,2026-05-24 23:00:00,64,15.0,0,Continuity (2-mould press)
2026-05-24 00:00:00,C,4411,1325214812074TUHL0,2026-05-24 23:00:00,2026-05-25 07:00:00,64,15.0,0,Continuity (2-mould press)
2026-05-25 00:00:00,A,4411,1325214812074TUHL0,2026-05-25 07:00:00,2026-05-25 15:00:00,64,15.0,0,Continuity (2-mould press)
2026-05-25 00:00:00,B,4411,1325214812074TUHL0,2026-05-25 15:00:00,2026-05-25 23:00:00,64,15.0,0,Continuity (2-mould press)
2026-05-25 00:00:00,C,4411,1325214812074TUHL0,2026-05-25 23:00:00,2026-05-26 07:00:00,64,15.0,0,Continuity (2-mould press)
2026-05-26 00:00:00,A,4411,1325214812074TUHL0,2026-05-26 07:00:00,2026-05-26 15:00:00,64,15.0,0,Continuity (2-mould press)
2026-05-26 00:00:00,B,4411,1325214812074TUHL0,2026-05-26 15:00:00,2026-05-26 23:00:00,64,15.0,0,Continuity (2-mould press)
2026-05-26 00:00:00,C,4411,1325214812074TUHL0,2026-05-26 23:00:00,2026-05-27 07:00:00,64,15.0,0,Continuity (2-mould press)
2026-05-27 00:00:00,A,4411,1325214812074TUHL0,2026-05-27 07:00:00,2026-05-27 15:00:00,64,15.0,0,Continuity (2-mould press)
2026-05-27 00:00:00,B,4411,1325214812074TUHL0,2026-05-27 15:00:00,2026-05-27 23:00:00,64,15.0,0,Continuity (2-mould press)
2026-05-27 00:00:00,C,4411,1325214812074TUHL0,2026-05-27 23:00:00,2026-05-28 07:00:00,64,15.0,0,Continuity (2-mould press)
2026-05-28 00:00:00,A,4411,1325214812074TUHL0,2026-05-28 07:00:00,2026-05-28 15:00:00,64,15.0,0,Continuity (2-mould press)
2026-05-28 00:00:00,B,4411,1325214812074TUHL0,2026-05-28 15:00:00,2026-05-28 23:00:00,64,15.0,0,Continuity (2-mould press)
2026-05-28 00:00:00,C,4411,1325214812074TUHL0,2026-05-28 23:00:00,2026-05-29 07:00:00,64,15.0,0,Continuity (2-mould press)
2026-05-29 00:00:00,A,4411,1325214812074TUHL0,2026-05-29 07:00:00,2026-05-29 15:00:00,64,15.0,0,Continuity (2-mould press)
2026-05-29 00:00:00,B,4411,1325214812074TUHL0,2026-05-29 15:00:00,2026-05-29 23:00:00,64,15.0,0,Continuity (2-mould press)
2026-05-29 00:00:00,C,4411,1325214812074TUHL0,2026-05-29 23:00:00,2026-05-30 07:00:00,64,15.0,0,Continuity (2-mould press)
2026-05-30 00:00:00,A,4411,1325214812074TUHL0,2026-05-30 07:00:00,2026-05-30 15:00:00,64,15.0,0,Continuity (2-mould press)
2026-05-30 00:00:00,B,4411,1325214812074TUHL0,2026-05-30 15:00:00,2026-05-30 23:00:00,64,15.0,0,Continuity (2-mould press)
2026-05-30 00:00:00,C,4411,1325214812074TUHL0,2026-05-30 23:00:00,2026-05-31 07:00:00,64,15.0,0,Continuity (2-mould press)
2026-05-31 00:00:00,A,4411,1325214812074TUHL0,2026-05-31 07:00:00,2026-05-31 15:00:00,64,15.0,0,Continuity (2-mould press)
2026-05-31 00:00:00,B,4411,1325214812074TUHL0,2026-05-31 15:00:00,2026-05-31 23:00:00,64,15.0,0,Continuity (2-mould press)
2026-05-31 00:00:00,C,4411,1325214812074TUHL0,2026-05-31 23:00:00,2026-06-01 07:00:00,64,15.0,0,Continuity (2-mould press)
2026-06-01 00:00:00,A,4411,1325214812074TUHL0,2026-06-01 07:00:00,2026-06-01 15:00:00,64,15.0,0,Continuity (2-mould press)
2026-06-01 00:00:00,B,4411,1325214812074TUHL0,2026-06-01 15:00:00,2026-06-01 23:00:00,64,15.0,0,Continuity (2-mould press)
2026-06-01 00:00:00,C,4411,1325214812074TUHL0,2026-06-01 23:00:00,2026-06-02 07:00:00,64,15.0,0,Continuity (2-mould press)
2026-06-02 00:00:00,A,4411,1325214812074TUHL0,2026-06-02 07:00:00,2026-06-02 15:00:00,64,15.0,0,Continuity (2-mould press)
2026-06-02 00:00:00,B,4411,1325214812074TUHL0,2026-06-02 15:00:00,2026-06-02 23:00:00,64,15.0,0,Continuity (2-mould press)
2026-06-02 00:00:00,C,4411,1325214812074TUHL0,2026-06-02 23:00:00,2026-06-03 07:00:00,64,15.0,0,Continuity (2-mould press)
2026-06-03 00:00:00,A,4411,1325214812074TUHL0,2026-06-03 07:00:00,2026-06-03 15:00:00,64,15.0,0,Continuity (2-mould press)
2026-06-03 00:00:00,B,4411,1325214812074TUHL0,2026-06-03 15:00:00,2026-06-03 23:00:00,64,15.0,0,Continuity (2-mould press)
2026-06-03 00:00:00,C,4411,1325214812074TUHL0,2026-06-03 23:00:00,2026-06-04 07:00:00,64,15.0,0,Continuity (2-mould press)
2026-06-04 00:00:00,A,4411,1325214812074TUHL0,2026-06-04 07:00:00,2026-06-04 15:00:00,64,15.0,0,Continuity (2-mould press)
2026-06-04 00:00:00,B,4411,1325214812074TUHL0,2026-06-04 15:00:00,2026-06-04 23:00:00,64,15.0,0,Continuity (2-mould press)
2026-06-04 00:00:00,C,4411,1325214812074TUHL0,2026-06-04 23:00:00,2026-06-05 07:00:00,64,15.0,0,Continuity (2-mould press)
2026-06-05 00:00:00,A,4411,1325214812074TUHL0,2026-06-05 07:00:00,2026-06-05 15:00:00,64,15.0,0,Continuity (2-mould press)
2026-06-05 00:00:00,B,4411,1325214812074TUHL0,2026-06-05 15:00:00,2026-06-05 23:00:00,64,15.0,0,Continuity (2-mould press)
2026-06-05 00:00:00,C,4411,1325214812074TUHL0,2026-06-05 23:00:00,2026-06-06 07:00:00,64,15.0,0,Continuity (2-mould press)
2026-06-06 00:00:00,A,4411,1325214812074TUHL0,2026-06-06 07:00:00,2026-06-06 15:00:00,64,15.0,0,Continuity (2-mould press)
2026-06-06 00:00:00,B,4411,1325214812074TUHL0,2026-06-06 15:00:00,2026-06-06 23:00:00,64,15.0,0,Continuity (2-mould press)
2026-06-06 00:00:00,C,4411,MOULD_CLEAN,2026-06-06 23:00:00,2026-06-07 01:00:00,0,0.0,0,Mould cleaning (continuity)
2026-06-06 00:00:00,C,4411,1325214812074TUHL0,2026-06-07 01:00:00,2026-06-07 07:00:00,48,15.0,0,Continuity (2-mould press)
2026-06-07 00:00:00,A,4411,1325214812074TUHL0,2026-06-07 07:00:00,2026-06-07 15:00:00,64,15.0,0,Continuity (2-mould press)
2026-06-07 00:00:00,B,4411,1325214812074TUHL0,2026-06-07 15:00:00,2026-06-07 23:00:00,64,15.0,0,Continuity (2-mould press)
2026-06-07 00:00:00,C,4411,1325214812074TUHL0,2026-06-07 23:00:00,2026-06-08 07:00:00,64,15.0,0,Continuity (2-mould press)
2026-06-08 00:00:00,A,4411,1325214812074TUHL0,2026-06-08 07:00:00,2026-06-08 15:00:00,64,15.0,0,Continuity (2-mould press)
2026-06-08 00:00:00,B,4411,1325214812074TUHL0,2026-06-08 15:00:00,2026-06-08 23:00:00,64,15.0,0,Continuity (2-mould press)
2026-06-08 00:00:00,C,4411,1325214812074TUHL0,2026-06-08 23:00:00,2026-06-09 07:00:00,64,15.0,0,Continuity (2-mould press)
2026-06-09 00:00:00,A,4411,1325214812074TUHL0,2026-06-09 07:00:00,2026-06-09 15:00:00,64,15.0,0,Continuity (2-mould press)
2026-06-09 00:00:00,B,4411,1325214812074TUHL0,2026-06-09 15:00:00,2026-06-09 23:00:00,64,15.0,0,Continuity (2-mould press)
2026-06-09 00:00:00,C,4411,1325214812074TUHL0,2026-06-09 23:00:00,2026-06-10 07:00:00,64,15.0,0,Continuity (2-mould press)
2026-06-10 00:00:00,A,4411,1325214812074TUHL0,2026-06-10 07:00:00,2026-06-10 15:00:00,64,15.0,0,Continuity (2-mould press)
2026-06-10 00:00:00,B,4411,1325214812074TUHL0,2026-06-10 15:00:00,2026-06-10 23:00:00,64,15.0,0,Continuity (2-mould press)
2026-06-10 00:00:00,C,4411,1325214812074TUHL0,2026-06-10 23:00:00,2026-06-11 07:00:00,64,15.0,0,Continuity (2-mould press)
2026-06-11 00:00:00,A,4411,1325214812074TUHL0,2026-06-11 07:00:00,2026-06-11 15:00:00,64,15.0,0,Continuity (2-mould press)
2026-06-11 00:00:00,B,4411,1325214812074TUHL0,2026-06-11 15:00:00,2026-06-11 23:00:00,64,15.0,0,Continuity (2-mould press)
2026-06-11 00:00:00,C,4411,1325214812074TUHL0,2026-06-11 23:00:00,2026-06-12 07:00:00,64,15.0,0,Continuity (2-mould press)
2026-06-12 00:00:00,A,4411,1325214812074TUHL0,2026-06-12 07:00:00,2026-06-12 15:00:00,64,15.0,0,Continuity (2-mould press)
2026-06-12 00:00:00,B,4411,1325214812074TUHL0,2026-06-12 15:00:00,2026-06-12 23:00:00,64,15.0,0,Continuity (2-mould press)
2026-06-12 00:00:00,C,4411,1325214812074TUHL0,2026-06-12 23:00:00,2026-06-13 07:00:00,64,15.0,0,Continuity (2-mould press)
2026-06-13 00:00:00,A,4411,1325214812074TUHL0,2026-06-13 07:00:00,2026-06-13 15:00:00,64,15.0,0,Continuity (2-mould press)
2026-06-13 00:00:00,B,4411,1325214812074TUHL0,2026-06-13 15:00:00,2026-06-13 23:00:00,64,15.0,0,Continuity (2-mould press)
2026-06-13 00:00:00,C,4411,1325214812074TUHL0,2026-06-13 23:00:00,2026-06-14 07:00:00,64,15.0,0,Continuity (2-mould press)
2026-06-14 00:00:00,A,4411,1325214812074TUHL0,2026-06-14 07:00:00,2026-06-14 15:00:00,64,15.0,0,Continuity (2-mould press)
2026-06-14 00:00:00,B,4411,1325214812074TUHL0,2026-06-14 15:00:00,2026-06-14 23:00:00,64,15.0,0,Continuity (2-mould press)
2026-06-14 00:00:00,C,4411,1325214812074TUHL0,2026-06-14 23:00:00,2026-06-15 07:00:00,64,15.0,0,Continuity (2-mould press)
2026-06-15 00:00:00,A,4411,1325214812074TUHL0,2026-06-15 07:00:00,2026-06-15 15:00:00,64,15.0,0,Continuity (2-mould press)
2026-06-15 00:00:00,B,4411,1325214812074TUHL0,2026-06-15 15:00:00,2026-06-15 23:00:00,64,15.0,0,Continuity (2-mould press)
2026-06-15 00:00:00,C,4411,1325214812074TUHL0,2026-06-15 23:00:00,2026-06-16 07:00:00,64,15.0,0,Continuity (2-mould press)
2026-06-16 00:00:00,A,4411,1325214812074TUHL0,2026-06-16 07:00:00,2026-06-16 15:00:00,64,15.0,0,Continuity (2-mould press)
2026-06-16 00:00:00,B,4411,1325214812074TUHL0,2026-06-16 15:00:00,2026-06-16 23:00:00,64,15.0,0,Continuity (2-mould press)
2026-06-16 00:00:00,C,4411,1325214812074TUHL0,2026-06-16 23:00:00,2026-06-17 07:00:00,64,15.0,0,Continuity (2-mould press)
2026-06-17 00:00:00,A,4411,1325214812074TUHL0,2026-06-17 07:00:00,2026-06-17 15:00:00,64,15.0,0,Continuity (2-mould press)
2026-06-17 00:00:00,B,4411,1325214812074TUHL0,2026-06-17 15:00:00,2026-06-17 23:00:00,64,15.0,0,Continuity (2-mould press)
2026-06-17 00:00:00,C,4411,1325214812074TUHL0,2026-06-17 23:00:00,2026-06-18 07:00:00,64,15.0,0,Continuity (2-mould press)
2026-06-18 00:00:00,A,4411,1325214812074TUHL0,2026-06-18 07:00:00,2026-06-18 15:00:00,64,15.0,0,Continuity (2-mould press)
2026-06-18 00:00:00,B,4411,1325214812074TUHL0,2026-06-18 15:00:00,2026-06-18 23:00:00,64,15.0,0,Continuity (2-mould press)
2026-06-18 00:00:00,C,4411,1325214812074TUHL0,2026-06-18 23:00:00,2026-06-19 07:00:00,64,15.0,0,Continuity (2-mould press)
2026-06-19 00:00:00,A,4411,1325214812074TUHL0,2026-06-19 07:00:00,2026-06-19 15:00:00,64,15.0,0,Continuity (2-mould press)
2026-06-19 00:00:00,B,4411,1325214812074TUHL0,2026-06-19 15:00:00,2026-06-19 23:00:00,64,15.0,0,Continuity (2-mould press)
2026-06-19 00:00:00,C,4411,1325214812074TUHL0,2026-06-19 23:00:00,2026-06-20 07:00:00,64,15.0,0,Continuity (2-mould press)
2026-06-20 00:00:00,A,4411,1325214812074TUHL0,2026-06-20 07:00:00,2026-06-20 15:00:00,64,15.0,0,Continuity (2-mould press)
2026-06-20 00:00:00,B,4411,1325214812074TUHL0,2026-06-20 15:00:00,2026-06-20 23:00:00,64,15.0,0,Continuity (2-mould press)
2026-06-20 00:00:00,C,4411,1325214812074TUHL0,2026-06-20 23:00:00,2026-06-21 07:00:00,64,15.0,0,Continuity (2-mould press)
2026-05-21 00:00:00,A,4412,1225170015012LSTL0,2026-05-21 07:00:00,2026-05-21 15:00:00,31,31.0,395,Continuity (2-mould press)
2026-05-21 00:00:00,B,4412,1225170015012LSTL0,2026-05-21 15:00:00,2026-05-21 23:00:00,31,31.0,395,Continuity (2-mould press)
2026-05-21 00:00:00,C,4412,1225170015012LSTL0,2026-05-21 23:00:00,2026-05-22 07:00:00,31,31.0,395,Continuity (2-mould press)
2026-05-22 00:00:00,A,4412,1225170015012LSTL0,2026-05-22 07:00:00,2026-05-22 15:00:00,31,31.0,395,Continuity (2-mould press)
2026-05-22 00:00:00,B,4412,1225170015012LSTL0,2026-05-22 15:00:00,2026-05-22 23:00:00,31,31.0,395,Continuity (2-mould press)
2026-05-22 00:00:00,C,4412,1225170015012LSTL0,2026-05-22 23:00:00,2026-05-23 07:00:00,31,31.0,395,Continuity (2-mould press)
2026-05-23 00:00:00,A,4412,1225170015012LSTL0,2026-05-23 07:00:00,2026-05-23 15:00:00,31,31.0,395,Continuity (2-mould press)
2026-05-23 00:00:00,B,4412,1225170015012LSTL0,2026-05-23 15:00:00,2026-05-23 22:33:00,29,31.0,395,Continuity (2-mould press)
2026-05-21 00:00:00,A,4413,1225170015012LSTL0,2026-05-21 07:00:00,2026-05-21 15:00:00,31,31.0,395,Continuity (2-mould press)
2026-05-21 00:00:00,B,4413,1225170015012LSTL0,2026-05-21 15:00:00,2026-05-21 23:00:00,31,31.0,395,Continuity (2-mould press)
2026-05-21 00:00:00,C,4413,1225170015012LSTL0,2026-05-21 23:00:00,2026-05-22 07:00:00,31,31.0,395,Continuity (2-mould press)
2026-05-22 00:00:00,A,4413,1225170015012LSTL0,2026-05-22 07:00:00,2026-05-22 15:00:00,31,31.0,395,Continuity (2-mould press)
2026-05-22 00:00:00,B,4413,1225170015012LSTL0,2026-05-22 15:00:00,2026-05-22 23:00:00,31,31.0,395,Continuity (2-mould press)
2026-05-22 00:00:00,C,4413,1225170015012LSTL0,2026-05-22 23:00:00,2026-05-23 07:00:00,31,31.0,395,Continuity (2-mould press)
2026-05-23 00:00:00,A,4413,1225170015012LSTL0,2026-05-23 07:00:00,2026-05-23 15:00:00,31,31.0,395,Continuity (2-mould press)
2026-05-23 00:00:00,B,4413,1225170015012LSTL0,2026-05-23 15:00:00,2026-05-23 22:33:00,29,31.0,395,Continuity (2-mould press)
2026-05-21 00:00:00,A,4414,1225170015012LSTL0,2026-05-21 07:00:00,2026-05-21 15:00:00,31,31.0,395,Continuity (2-mould press)
2026-05-21 00:00:00,B,4414,1225170015012LSTL0,2026-05-21 15:00:00,2026-05-21 23:00:00,31,31.0,395,Continuity (2-mould press)
2026-05-21 00:00:00,C,4414,1225170015012LSTL0,2026-05-21 23:00:00,2026-05-22 07:00:00,31,31.0,395,Continuity (2-mould press)
2026-05-22 00:00:00,A,4414,1225170015012LSTL0,2026-05-22 07:00:00,2026-05-22 15:00:00,31,31.0,395,Continuity (2-mould press)
2026-05-22 00:00:00,B,4414,1225170015012LSTL0,2026-05-22 15:00:00,2026-05-22 23:00:00,31,31.0,395,Continuity (2-mould press)
2026-05-22 00:00:00,C,4414,1225170015012LSTL0,2026-05-22 23:00:00,2026-05-23 07:00:00,31,31.0,395,Continuity (2-mould press)
2026-05-23 00:00:00,A,4414,1225170015012LSTL0,2026-05-23 07:00:00,2026-05-23 15:00:00,31,31.0,395,Continuity (2-mould press)
2026-05-23 00:00:00,B,4414,1225170015012LSTL0,2026-05-23 15:00:00,2026-05-23 22:33:00,29,31.0,395,Continuity (2-mould press)
2026-05-21 00:00:00,A,4415,1D25213812090FXPC0,2026-05-21 07:00:00,2026-05-21 15:00:00,56,17.0,255,Continuity (2-mould press)
2026-05-21 00:00:00,B,4415,1D25213812090FXPC0,2026-05-21 15:00:00,2026-05-21 23:00:00,56,17.0,255,Continuity (2-mould press)
2026-05-21 00:00:00,C,4415,1D25213812090FXPC0,2026-05-21 23:00:00,2026-05-22 07:00:00,56,17.0,255,Continuity (2-mould press)
2026-05-22 00:00:00,A,4415,1D25213812090FXPC0,2026-05-22 07:00:00,2026-05-22 15:00:00,56,17.0,255,Continuity (2-mould press)
2026-05-22 00:00:00,B,4415,1D25213812090FXPC0,2026-05-22 15:00:00,2026-05-22 23:00:00,56,17.0,255,Continuity (2-mould press)
2026-05-22 00:00:00,C,4415,1D25213812090FXPC0,2026-05-22 23:00:00,2026-05-23 07:00:00,56,17.0,255,Continuity (2-mould press)
2026-05-23 00:00:00,A,4415,1D25213812090FXPC0,2026-05-23 07:00:00,2026-05-23 15:00:00,56,17.0,255,Continuity (2-mould press)
2026-05-23 00:00:00,B,4415,1D25213812090FXPC0,2026-05-23 15:00:00,2026-05-23 23:00:00,56,17.0,255,Continuity (2-mould press)
2026-05-23 00:00:00,C,4415,1D25213812090FXPC0,2026-05-23 23:00:00,2026-05-24 07:00:00,56,17.0,255,Continuity (2-mould press)
2026-05-24 00:00:00,A,4415,1D25213812090FXPC0,2026-05-24 07:00:00,2026-05-24 15:00:00,56,17.0,255,Continuity (2-mould press)
2026-05-24 00:00:00,B,4415,1D25213812090FXPC0,2026-05-24 15:00:00,2026-05-24 23:00:00,56,17.0,255,Continuity (2-mould press)
2026-05-24 00:00:00,C,4415,1D25213812090FXPC0,2026-05-24 23:00:00,2026-05-25 07:00:00,56,17.0,255,Continuity (2-mould press)
2026-05-25 00:00:00,A,4415,1D25213812090FXPC0,2026-05-25 07:00:00,2026-05-25 15:00:00,56,17.0,255,Continuity (2-mould press)
2026-05-25 00:00:00,B,4415,1D25213812090FXPC0,2026-05-25 15:00:00,2026-05-25 23:00:00,56,17.0,255,Continuity (2-mould press)
2026-05-25 00:00:00,C,4415,1D25213812090FXPC0,2026-05-25 23:00:00,2026-05-26 07:00:00,56,17.0,255,Continuity (2-mould press)
2026-05-26 00:00:00,A,4415,1D25213812090FXPC0,2026-05-26 07:00:00,2026-05-26 15:00:00,56,17.0,255,Continuity (2-mould press)
2026-05-26 00:00:00,B,4415,1D25213812090FXPC0,2026-05-26 15:00:00,2026-05-26 23:00:00,56,17.0,255,Continuity (2-mould press)
2026-05-26 00:00:00,C,4415,1D25213812090FXPC0,2026-05-26 23:00:00,2026-05-27 07:00:00,56,17.0,255,Continuity (2-mould press)
2026-05-27 00:00:00,A,4415,1D25213812090FXPC0,2026-05-27 07:00:00,2026-05-27 15:00:00,56,17.0,255,Continuity (2-mould press)
2026-05-27 00:00:00,B,4415,1D25213812090FXPC0,2026-05-27 15:00:00,2026-05-27 23:00:00,56,17.0,255,Continuity (2-mould press)
2026-05-27 00:00:00,C,4415,1D25213812090FXPC0,2026-05-27 23:00:00,2026-05-28 07:00:00,56,17.0,255,Continuity (2-mould press)
2026-05-28 00:00:00,A,4415,1D25213812090FXPC0,2026-05-28 07:00:00,2026-05-28 15:00:00,56,17.0,255,Continuity (2-mould press)
2026-05-28 00:00:00,B,4415,1D25213812090FXPC0,2026-05-28 15:00:00,2026-05-28 23:00:00,56,17.0,255,Continuity (2-mould press)
2026-05-28 00:00:00,C,4415,1D25213812090FXPC0,2026-05-28 23:00:00,2026-05-29 07:00:00,56,17.0,255,Continuity (2-mould press)
2026-05-29 00:00:00,A,4415,1D25213812090FXPC0,2026-05-29 07:00:00,2026-05-29 15:00:00,56,17.0,255,Continuity (2-mould press)
2026-05-29 00:00:00,B,4415,1D25213812090FXPC0,2026-05-29 15:00:00,2026-05-29 23:00:00,56,17.0,255,Continuity (2-mould press)
2026-05-29 00:00:00,C,4415,1D25213812090FXPC0,2026-05-29 23:00:00,2026-05-30 07:00:00,56,17.0,255,Continuity (2-mould press)
2026-05-30 00:00:00,A,4415,1D25213812090FXPC0,2026-05-30 07:00:00,2026-05-30 15:00:00,56,17.0,255,Continuity (2-mould press)
2026-05-30 00:00:00,B,4415,1D25213812090FXPC0,2026-05-30 15:00:00,2026-05-30 23:00:00,56,17.0,255,Continuity (2-mould press)
2026-05-30 00:00:00,C,4415,1D25213812090FXPC0,2026-05-30 23:00:00,2026-05-31 07:00:00,56,17.0,255,Continuity (2-mould press)
2026-05-31 00:00:00,A,4415,1D25213812090FXPC0,2026-05-31 07:00:00,2026-05-31 15:00:00,56,17.0,255,Continuity (2-mould press)
2026-05-31 00:00:00,B,4415,1D25213812090FXPC0,2026-05-31 15:00:00,2026-05-31 23:00:00,56,17.0,255,Continuity (2-mould press)
2026-05-31 00:00:00,C,4415,1D25213812090FXPC0,2026-05-31 23:00:00,2026-06-01 07:00:00,56,17.0,255,Continuity (2-mould press)
2026-06-01 00:00:00,A,4415,1D25213812090FXPC0,2026-06-01 07:00:00,2026-06-01 10:11:00,22,17.0,255,Continuity (2-mould press)
2026-05-21 00:00:00,A,4416,1225119015010QSTL0,2026-05-21 07:00:00,2026-05-21 15:00:00,31,31.0,0,Continuity (2-mould press)
2026-05-21 00:00:00,B,4416,1225119015010QSTL0,2026-05-21 15:00:00,2026-05-21 23:00:00,31,31.0,0,Continuity (2-mould press)
2026-05-21 00:00:00,C,4416,1225119015010QSTL0,2026-05-21 23:00:00,2026-05-22 07:00:00,31,31.0,0,Continuity (2-mould press)
2026-05-22 00:00:00,A,4416,1225119015010QSTL0,2026-05-22 07:00:00,2026-05-22 15:00:00,31,31.0,0,Continuity (2-mould press)
2026-05-22 00:00:00,B,4416,1225119015010QSTL0,2026-05-22 15:00:00,2026-05-22 23:00:00,31,31.0,0,Continuity (2-mould press)
2026-05-22 00:00:00,C,4416,1225119015010QSTL0,2026-05-22 23:00:00,2026-05-23 07:00:00,31,31.0,0,Continuity (2-mould press)
2026-05-23 00:00:00,A,4416,1225119015010QSTL0,2026-05-23 07:00:00,2026-05-23 15:00:00,31,31.0,0,Continuity (2-mould press)
2026-05-23 00:00:00,B,4416,1225119015010QSTL0,2026-05-23 15:00:00,2026-05-23 23:00:00,31,31.0,0,Continuity (2-mould press)
2026-05-23 00:00:00,C,4416,1225119015010QSTL0,2026-05-23 23:00:00,2026-05-24 07:00:00,31,31.0,0,Continuity (2-mould press)
2026-05-24 00:00:00,A,4416,1225119015010QSTL0,2026-05-24 07:00:00,2026-05-24 15:00:00,31,31.0,0,Continuity (2-mould press)
2026-05-24 00:00:00,B,4416,1225119015010QSTL0,2026-05-24 15:00:00,2026-05-24 23:00:00,31,31.0,0,Continuity (2-mould press)
2026-05-24 00:00:00,C,4416,1225119015010QSTL0,2026-05-24 23:00:00,2026-05-25 07:00:00,31,31.0,0,Continuity (2-mould press)
2026-05-25 00:00:00,A,4416,1225119015010QSTL0,2026-05-25 07:00:00,2026-05-25 15:00:00,31,31.0,0,Continuity (2-mould press)
2026-05-25 00:00:00,B,4416,1225119015010QSTL0,2026-05-25 15:00:00,2026-05-25 23:00:00,31,31.0,0,Continuity (2-mould press)
2026-05-25 00:00:00,C,4416,1225119015010QSTL0,2026-05-25 23:00:00,2026-05-26 07:00:00,31,31.0,0,Continuity (2-mould press)
2026-05-26 00:00:00,A,4416,1225119015010QSTL0,2026-05-26 07:00:00,2026-05-26 15:00:00,31,31.0,0,Continuity (2-mould press)
2026-05-26 00:00:00,B,4416,1225119015010QSTL0,2026-05-26 15:00:00,2026-05-26 23:00:00,31,31.0,0,Continuity (2-mould press)
2026-05-26 00:00:00,C,4416,1225119015010QSTL0,2026-05-26 23:00:00,2026-05-27 07:00:00,31,31.0,0,Continuity (2-mould press)
2026-05-27 00:00:00,A,4416,1225119015010QSTL0,2026-05-27 07:00:00,2026-05-27 15:00:00,31,31.0,0,Continuity (2-mould press)
2026-05-27 00:00:00,B,4416,1225119015010QSTL0,2026-05-27 15:00:00,2026-05-27 23:00:00,31,31.0,0,Continuity (2-mould press)
2026-05-27 00:00:00,C,4416,1225119015010QSTL0,2026-05-27 23:00:00,2026-05-28 07:00:00,31,31.0,0,Continuity (2-mould press)
2026-05-28 00:00:00,A,4416,1225119015010QSTL0,2026-05-28 07:00:00,2026-05-28 15:00:00,31,31.0,0,Continuity (2-mould press)
2026-05-28 00:00:00,B,4416,1225119015010QSTL0,2026-05-28 15:00:00,2026-05-28 23:00:00,31,31.0,0,Continuity (2-mould press)
2026-05-28 00:00:00,C,4416,1225119015010QSTL0,2026-05-28 23:00:00,2026-05-29 07:00:00,31,31.0,0,Continuity (2-mould press)
2026-05-29 00:00:00,A,4416,1225119015010QSTL0,2026-05-29 07:00:00,2026-05-29 15:00:00,31,31.0,0,Continuity (2-mould press)
2026-05-29 00:00:00,B,4416,1225119015010QSTL0,2026-05-29 15:00:00,2026-05-29 23:00:00,31,31.0,0,Continuity (2-mould press)
2026-05-29 00:00:00,C,4416,1225119015010QSTL0,2026-05-29 23:00:00,2026-05-30 07:00:00,31,31.0,0,Continuity (2-mould press)
2026-05-30 00:00:00,A,4416,1225119015010QSTL0,2026-05-30 07:00:00,2026-05-30 15:00:00,31,31.0,0,Continuity (2-mould press)
2026-05-30 00:00:00,B,4416,1225119015010QSTL0,2026-05-30 15:00:00,2026-05-30 23:00:00,31,31.0,0,Continuity (2-mould press)
2026-05-30 00:00:00,C,4416,1225119015010QSTL0,2026-05-30 23:00:00,2026-05-31 07:00:00,31,31.0,0,Continuity (2-mould press)
2026-05-31 00:00:00,A,4416,1225119015010QSTL0,2026-05-31 07:00:00,2026-05-31 15:00:00,31,31.0,0,Continuity (2-mould press)
2026-05-31 00:00:00,B,4416,1225119015010QSTL0,2026-05-31 15:00:00,2026-05-31 23:00:00,31,31.0,0,Continuity (2-mould press)
2026-05-31 00:00:00,C,4416,1225119015010QSTL0,2026-05-31 23:00:00,2026-06-01 07:00:00,31,31.0,0,Continuity (2-mould press)
2026-06-01 00:00:00,A,4416,1225119015010QSTL0,2026-06-01 07:00:00,2026-06-01 15:00:00,31,31.0,0,Continuity (2-mould press)
2026-06-01 00:00:00,B,4416,1225119015010QSTL0,2026-06-01 15:00:00,2026-06-01 23:00:00,31,31.0,0,Continuity (2-mould press)
2026-06-01 00:00:00,C,4416,1225119015010QSTL0,2026-06-01 23:00:00,2026-06-02 07:00:00,31,31.0,0,Continuity (2-mould press)
2026-06-02 00:00:00,A,4416,1225119015010QSTL0,2026-06-02 07:00:00,2026-06-02 15:00:00,31,31.0,0,Continuity (2-mould press)
2026-06-02 00:00:00,B,4416,1225119015010QSTL0,2026-06-02 15:00:00,2026-06-02 23:00:00,31,31.0,0,Continuity (2-mould press)
2026-06-02 00:00:00,C,4416,1225119015010QSTL0,2026-06-02 23:00:00,2026-06-03 07:00:00,31,31.0,0,Continuity (2-mould press)
2026-06-03 00:00:00,A,4416,1225119015010QSTL0,2026-06-03 07:00:00,2026-06-03 15:00:00,31,31.0,0,Continuity (2-mould press)
2026-06-03 00:00:00,B,4416,1225119015010QSTL0,2026-06-03 15:00:00,2026-06-03 23:00:00,31,31.0,0,Continuity (2-mould press)
2026-06-03 00:00:00,C,4416,1225119015010QSTL0,2026-06-03 23:00:00,2026-06-04 07:00:00,31,31.0,0,Continuity (2-mould press)
2026-06-04 00:00:00,A,4416,1225119015010QSTL0,2026-06-04 07:00:00,2026-06-04 15:00:00,31,31.0,0,Continuity (2-mould press)
2026-06-04 00:00:00,B,4416,1225119015010QSTL0,2026-06-04 15:00:00,2026-06-04 23:00:00,31,31.0,0,Continuity (2-mould press)
2026-06-04 00:00:00,C,4416,1225119015010QSTL0,2026-06-04 23:00:00,2026-06-05 07:00:00,31,31.0,0,Continuity (2-mould press)
2026-06-05 00:00:00,A,4416,1225119015010QSTL0,2026-06-05 07:00:00,2026-06-05 15:00:00,31,31.0,0,Continuity (2-mould press)
2026-06-05 00:00:00,B,4416,1225119015010QSTL0,2026-06-05 15:00:00,2026-06-05 23:00:00,31,31.0,0,Continuity (2-mould press)
2026-06-05 00:00:00,C,4416,1225119015010QSTL0,2026-06-05 23:00:00,2026-06-06 07:00:00,31,31.0,0,Continuity (2-mould press)
2026-06-06 00:00:00,A,4416,1225119015010QSTL0,2026-06-06 07:00:00,2026-06-06 14:38:00,30,31.0,0,Continuity (2-mould press)
2026-05-21 00:00:00,A,4417,1225170015012LSTL0,2026-05-21 07:00:00,2026-05-21 15:00:00,31,31.0,395,Continuity (2-mould press)
2026-05-21 00:00:00,B,4417,1225170015012LSTL0,2026-05-21 15:00:00,2026-05-21 23:00:00,31,31.0,395,Continuity (2-mould press)
2026-05-21 00:00:00,C,4417,1225170015012LSTL0,2026-05-21 23:00:00,2026-05-22 07:00:00,31,31.0,395,Continuity (2-mould press)
2026-05-22 00:00:00,A,4417,1225170015012LSTL0,2026-05-22 07:00:00,2026-05-22 15:00:00,31,31.0,395,Continuity (2-mould press)
2026-05-22 00:00:00,B,4417,1225170015012LSTL0,2026-05-22 15:00:00,2026-05-22 23:00:00,31,31.0,395,Continuity (2-mould press)
2026-05-22 00:00:00,C,4417,1225170015012LSTL0,2026-05-22 23:00:00,2026-05-23 07:00:00,31,31.0,395,Continuity (2-mould press)
2026-05-23 00:00:00,A,4417,1225170015012LSTL0,2026-05-23 07:00:00,2026-05-23 15:00:00,31,31.0,395,Continuity (2-mould press)
2026-05-23 00:00:00,B,4417,1225170015012LSTL0,2026-05-23 15:00:00,2026-05-23 22:33:00,29,31.0,395,Continuity (2-mould press)
2026-05-21 00:00:00,A,4801,1425118916008QRBT0,2026-05-21 07:00:00,2026-05-21 15:00:00,34,28.0,161,Continuity (2-mould press)
2026-05-21 00:00:00,B,4801,1425118916008QRBT0,2026-05-21 15:00:00,2026-05-21 23:00:00,34,28.0,161,Continuity (2-mould press)
2026-05-21 00:00:00,C,4801,1425118916008QRBT0,2026-05-21 23:00:00,2026-05-22 07:00:00,34,28.0,161,Continuity (2-mould press)
2026-05-22 00:00:00,A,4801,1425118916008QRBT0,2026-05-22 07:00:00,2026-05-22 15:00:00,34,28.0,161,Continuity (2-mould press)
2026-05-22 00:00:00,B,4801,1425118916008QRBT0,2026-05-22 15:00:00,2026-05-22 23:00:00,34,28.0,161,Continuity (2-mould press)
2026-05-22 00:00:00,C,4801,1425118916008QRBT0,2026-05-22 23:00:00,2026-05-23 07:00:00,34,28.0,161,Continuity (2-mould press)
2026-05-23 00:00:00,A,4801,1425118916008QRBT0,2026-05-23 07:00:00,2026-05-23 09:52:00,12,28.0,161,Continuity (2-mould press)
2026-05-21 00:00:00,A,4802,1D25212812086FXPC0,2026-05-21 07:00:00,2026-05-21 15:00:00,51,19.0,332,Continuity (2-mould press)
2026-05-21 00:00:00,B,4802,1D25212812086FXPC0,2026-05-21 15:00:00,2026-05-21 23:00:00,51,19.0,332,Continuity (2-mould press)
2026-05-21 00:00:00,C,4802,1D25212812086FXPC0,2026-05-21 23:00:00,2026-05-22 07:00:00,51,19.0,332,Continuity (2-mould press)
2026-05-22 00:00:00,A,4802,1D25212812086FXPC0,2026-05-22 07:00:00,2026-05-22 15:00:00,51,19.0,332,Continuity (2-mould press)
2026-05-22 00:00:00,B,4802,1D25212812086FXPC0,2026-05-22 15:00:00,2026-05-22 23:00:00,51,19.0,332,Continuity (2-mould press)
2026-05-22 00:00:00,C,4802,1D25212812086FXPC0,2026-05-22 23:00:00,2026-05-23 07:00:00,51,19.0,332,Continuity (2-mould press)
2026-05-23 00:00:00,A,4802,1D25212812086FXPC0,2026-05-23 07:00:00,2026-05-23 15:00:00,51,19.0,332,Continuity (2-mould press)
2026-05-23 00:00:00,B,4802,1D25212812086FXPC0,2026-05-23 15:00:00,2026-05-23 23:00:00,51,19.0,332,Continuity (2-mould press)
2026-05-23 00:00:00,C,4802,1D25212812086FXPC0,2026-05-23 23:00:00,2026-05-24 07:00:00,51,19.0,332,Continuity (2-mould press)
2026-05-24 00:00:00,A,4802,1D25212812086FXPC0,2026-05-24 07:00:00,2026-05-24 15:00:00,51,19.0,332,Continuity (2-mould press)
2026-05-24 00:00:00,B,4802,1D25212812086FXPC0,2026-05-24 15:00:00,2026-05-24 23:00:00,51,19.0,332,Continuity (2-mould press)
2026-05-24 00:00:00,C,4802,1D25212812086FXPC0,2026-05-24 23:00:00,2026-05-25 07:00:00,51,19.0,332,Continuity (2-mould press)
2026-05-25 00:00:00,A,4802,1D25212812086FXPC0,2026-05-25 07:00:00,2026-05-25 15:00:00,51,19.0,332,Continuity (2-mould press)
2026-05-25 00:00:00,B,4802,1D25212812086FXPC0,2026-05-25 15:00:00,2026-05-25 23:00:00,51,19.0,332,Continuity (2-mould press)
2026-05-25 00:00:00,C,4802,1D25212812086FXPC0,2026-05-25 23:00:00,2026-05-26 07:00:00,51,19.0,332,Continuity (2-mould press)
2026-05-26 00:00:00,A,4802,1D25212812086FXPC0,2026-05-26 07:00:00,2026-05-26 15:00:00,51,19.0,332,Continuity (2-mould press)
2026-05-26 00:00:00,B,4802,1D25212812086FXPC0,2026-05-26 15:00:00,2026-05-26 23:00:00,51,19.0,332,Continuity (2-mould press)
2026-05-26 00:00:00,C,4802,1D25212812086FXPC0,2026-05-26 23:00:00,2026-05-27 07:00:00,51,19.0,332,Continuity (2-mould press)
2026-05-27 00:00:00,A,4802,1D25212812086FXPC0,2026-05-27 07:00:00,2026-05-27 15:00:00,51,19.0,332,Continuity (2-mould press)
2026-05-27 00:00:00,B,4802,1D25212812086FXPC0,2026-05-27 15:00:00,2026-05-27 23:00:00,51,19.0,332,Continuity (2-mould press)
2026-05-27 00:00:00,C,4802,1D25212812086FXPC0,2026-05-27 23:00:00,2026-05-28 07:00:00,51,19.0,332,Continuity (2-mould press)
2026-05-28 00:00:00,A,4802,1D25212812086FXPC0,2026-05-28 07:00:00,2026-05-28 15:00:00,51,19.0,332,Continuity (2-mould press)
2026-05-28 00:00:00,B,4802,1D25212812086FXPC0,2026-05-28 15:00:00,2026-05-28 23:00:00,51,19.0,332,Continuity (2-mould press)
2026-05-28 00:00:00,C,4802,1D25212812086FXPC0,2026-05-28 23:00:00,2026-05-29 07:00:00,51,19.0,332,Continuity (2-mould press)
2026-05-29 00:00:00,A,4802,1D25212812086FXPC0,2026-05-29 07:00:00,2026-05-29 15:00:00,51,19.0,332,Continuity (2-mould press)
2026-05-29 00:00:00,B,4802,1D25212812086FXPC0,2026-05-29 15:00:00,2026-05-29 23:00:00,51,19.0,332,Continuity (2-mould press)
2026-05-29 00:00:00,C,4802,1D25212812086FXPC0,2026-05-29 23:00:00,2026-05-30 07:00:00,51,19.0,332,Continuity (2-mould press)
2026-05-30 00:00:00,A,4802,1D25212812086FXPC0,2026-05-30 07:00:00,2026-05-30 15:00:00,51,19.0,332,Continuity (2-mould press)
2026-05-30 00:00:00,B,4802,1D25212812086FXPC0,2026-05-30 15:00:00,2026-05-30 23:00:00,51,19.0,332,Continuity (2-mould press)
2026-05-30 00:00:00,C,4802,1D25212812086FXPC0,2026-05-30 23:00:00,2026-05-31 07:00:00,51,19.0,332,Continuity (2-mould press)
2026-05-31 00:00:00,A,4802,1D25212812086FXPC0,2026-05-31 07:00:00,2026-05-31 15:00:00,51,19.0,332,Continuity (2-mould press)
2026-05-31 00:00:00,B,4802,1D25212812086FXPC0,2026-05-31 15:00:00,2026-05-31 23:00:00,51,19.0,332,Continuity (2-mould press)
2026-05-31 00:00:00,C,4802,1D25212812086FXPC0,2026-05-31 23:00:00,2026-06-01 07:00:00,51,19.0,332,Continuity (2-mould press)
2026-06-01 00:00:00,A,4802,1D25212812086FXPC0,2026-06-01 07:00:00,2026-06-01 15:00:00,51,19.0,332,Continuity (2-mould press)
2026-06-01 00:00:00,B,4802,1D25212812086FXPC0,2026-06-01 15:00:00,2026-06-01 23:00:00,51,19.0,332,Continuity (2-mould press)
2026-06-01 00:00:00,C,4802,1D25212812086FXPC0,2026-06-01 23:00:00,2026-06-02 07:00:00,51,19.0,332,Continuity (2-mould press)
2026-06-02 00:00:00,A,4802,1D25212812086FXPC0,2026-06-02 07:00:00,2026-06-02 15:00:00,51,19.0,332,Continuity (2-mould press)
2026-06-02 00:00:00,B,4802,1D25212812086FXPC0,2026-06-02 15:00:00,2026-06-02 23:00:00,51,19.0,332,Continuity (2-mould press)
2026-06-02 00:00:00,C,4802,1D25212812086FXPC0,2026-06-02 23:00:00,2026-06-03 07:00:00,51,19.0,332,Continuity (2-mould press)
2026-06-03 00:00:00,A,4802,1D25212812086FXPC0,2026-06-03 07:00:00,2026-06-03 15:00:00,51,19.0,332,Continuity (2-mould press)
2026-06-03 00:00:00,B,4802,1D25212812086FXPC0,2026-06-03 15:00:00,2026-06-03 23:00:00,51,19.0,332,Continuity (2-mould press)
2026-06-03 00:00:00,C,4802,1D25212812086FXPC0,2026-06-03 23:00:00,2026-06-04 07:00:00,51,19.0,332,Continuity (2-mould press)
2026-06-04 00:00:00,A,4802,1D25212812086FXPC0,2026-06-04 07:00:00,2026-06-04 15:00:00,51,19.0,332,Continuity (2-mould press)
2026-06-04 00:00:00,B,4802,1D25212812086FXPC0,2026-06-04 15:00:00,2026-06-04 23:00:00,51,19.0,332,Continuity (2-mould press)
2026-06-04 00:00:00,C,4802,1D25212812086FXPC0,2026-06-04 23:00:00,2026-06-05 07:00:00,51,19.0,332,Continuity (2-mould press)
2026-06-05 00:00:00,A,4802,1D25212812086FXPC0,2026-06-05 07:00:00,2026-06-05 15:00:00,51,19.0,332,Continuity (2-mould press)
2026-06-05 00:00:00,B,4802,1D25212812086FXPC0,2026-06-05 15:00:00,2026-06-05 23:00:00,51,19.0,332,Continuity (2-mould press)
2026-06-05 00:00:00,C,4802,1D25212812086FXPC0,2026-06-05 23:00:00,2026-06-06 07:00:00,51,19.0,332,Continuity (2-mould press)
2026-06-06 00:00:00,A,4802,1D25212812086FXPC0,2026-06-06 07:00:00,2026-06-06 15:00:00,51,19.0,332,Continuity (2-mould press)
2026-06-06 00:00:00,B,4802,1D25212812086FXPC0,2026-06-06 15:00:00,2026-06-06 23:00:00,51,19.0,332,Continuity (2-mould press)
2026-06-06 00:00:00,C,4802,1D25212812086FXPC0,2026-06-06 23:00:00,2026-06-07 07:00:00,51,19.0,332,Continuity (2-mould press)
2026-06-07 00:00:00,A,4802,1D25212812086FXPC0,2026-06-07 07:00:00,2026-06-07 15:00:00,51,19.0,332,Continuity (2-mould press)
2026-06-07 00:00:00,B,4802,1D25212812086FXPC0,2026-06-07 15:00:00,2026-06-07 23:00:00,51,19.0,332,Continuity (2-mould press)
2026-06-07 00:00:00,C,4802,1D25212812086FXPC0,2026-06-07 23:00:00,2026-06-08 07:00:00,51,19.0,332,Continuity (2-mould press)
2026-06-08 00:00:00,A,4802,1D25212812086FXPC0,2026-06-08 07:00:00,2026-06-08 15:00:00,51,19.0,332,Continuity (2-mould press)
2026-06-08 00:00:00,B,4802,1D25212812086FXPC0,2026-06-08 15:00:00,2026-06-08 23:00:00,51,19.0,332,Continuity (2-mould press)
2026-06-08 00:00:00,C,4802,1D25212812086FXPC0,2026-06-08 23:00:00,2026-06-09 02:53:00,25,19.0,332,Continuity (2-mould press)
2026-05-21 00:00:00,A,4901,1225170015012LSTL0,2026-05-21 07:00:00,2026-05-21 15:00:00,31,31.0,395,Continuity (2-mould press)
2026-05-21 00:00:00,B,4901,1225170015012LSTL0,2026-05-21 15:00:00,2026-05-21 23:00:00,31,31.0,395,Continuity (2-mould press)
2026-05-21 00:00:00,C,4901,1225170015012LSTL0,2026-05-21 23:00:00,2026-05-22 07:00:00,31,31.0,395,Continuity (2-mould press)
2026-05-22 00:00:00,A,4901,1225170015012LSTL0,2026-05-22 07:00:00,2026-05-22 15:00:00,31,31.0,395,Continuity (2-mould press)
2026-05-22 00:00:00,B,4901,1225170015012LSTL0,2026-05-22 15:00:00,2026-05-22 23:00:00,31,31.0,395,Continuity (2-mould press)
2026-05-22 00:00:00,C,4901,1225170015012LSTL0,2026-05-22 23:00:00,2026-05-23 07:00:00,31,31.0,395,Continuity (2-mould press)
2026-05-23 00:00:00,A,4901,1225170015012LSTL0,2026-05-23 07:00:00,2026-05-23 15:00:00,31,31.0,395,Continuity (2-mould press)
2026-05-23 00:00:00,B,4901,1225170015012LSTL0,2026-05-23 15:00:00,2026-05-23 22:33:00,29,31.0,395,Continuity (2-mould press)
2026-05-21 00:00:00,A,4902,1225170015012LSTL0,2026-05-21 07:00:00,2026-05-21 15:00:00,31,31.0,395,Continuity (2-mould press)
2026-05-21 00:00:00,B,4902,1225170015012LSTL0,2026-05-21 15:00:00,2026-05-21 23:00:00,31,31.0,395,Continuity (2-mould press)
2026-05-21 00:00:00,C,4902,1225170015012LSTL0,2026-05-21 23:00:00,2026-05-22 07:00:00,31,31.0,395,Continuity (2-mould press)
2026-05-22 00:00:00,A,4902,1225170015012LSTL0,2026-05-22 07:00:00,2026-05-22 15:00:00,31,31.0,395,Continuity (2-mould press)
2026-05-22 00:00:00,B,4902,1225170015012LSTL0,2026-05-22 15:00:00,2026-05-22 23:00:00,31,31.0,395,Continuity (2-mould press)
2026-05-22 00:00:00,C,4902,1225170015012LSTL0,2026-05-22 23:00:00,2026-05-23 07:00:00,31,31.0,395,Continuity (2-mould press)
2026-05-23 00:00:00,A,4902,1225170015012LSTL0,2026-05-23 07:00:00,2026-05-23 15:00:00,31,31.0,395,Continuity (2-mould press)
2026-05-23 00:00:00,B,4902,1225170015012LSTL0,2026-05-23 15:00:00,2026-05-23 22:33:00,29,31.0,395,Continuity (2-mould press)
2026-05-21 00:00:00,A,4903,1225170015012LSTL0,2026-05-21 07:00:00,2026-05-21 15:00:00,31,31.0,395,Continuity (2-mould press)
2026-05-21 00:00:00,B,4903,1225170015012LSTL0,2026-05-21 15:00:00,2026-05-21 23:00:00,31,31.0,395,Continuity (2-mould press)
2026-05-21 00:00:00,C,4903,1225170015012LSTL0,2026-05-21 23:00:00,2026-05-22 07:00:00,31,31.0,395,Continuity (2-mould press)
2026-05-22 00:00:00,A,4903,1225170015012LSTL0,2026-05-22 07:00:00,2026-05-22 15:00:00,31,31.0,395,Continuity (2-mould press)
2026-05-22 00:00:00,B,4903,1225170015012LSTL0,2026-05-22 15:00:00,2026-05-22 23:00:00,31,31.0,395,Continuity (2-mould press)
2026-05-22 00:00:00,C,4903,1225170015012LSTL0,2026-05-22 23:00:00,2026-05-23 07:00:00,31,31.0,395,Continuity (2-mould press)
2026-05-23 00:00:00,A,4903,1225170015012LSTL0,2026-05-23 07:00:00,2026-05-23 15:00:00,31,31.0,395,Continuity (2-mould press)
2026-05-23 00:00:00,B,4903,1225170015012LSTL0,2026-05-23 15:00:00,2026-05-23 22:33:00,29,31.0,395,Continuity (2-mould press)
2026-05-21 00:00:00,A,4904,1425118916008QRBT0,2026-05-21 07:00:00,2026-05-21 15:00:00,34,28.0,161,Continuity (2-mould press)
2026-05-21 00:00:00,B,4904,1425118916008QRBT0,2026-05-21 15:00:00,2026-05-21 23:00:00,34,28.0,161,Continuity (2-mould press)
2026-05-21 00:00:00,C,4904,1425118916008QRBT0,2026-05-21 23:00:00,2026-05-22 07:00:00,34,28.0,161,Continuity (2-mould press)
2026-05-22 00:00:00,A,4904,1425118916008QRBT0,2026-05-22 07:00:00,2026-05-22 15:00:00,34,28.0,161,Continuity (2-mould press)
2026-05-22 00:00:00,B,4904,1425118916008QRBT0,2026-05-22 15:00:00,2026-05-22 23:00:00,34,28.0,161,Continuity (2-mould press)
2026-05-22 00:00:00,C,4904,1425118916008QRBT0,2026-05-22 23:00:00,2026-05-23 07:00:00,34,28.0,161,Continuity (2-mould press)
2026-05-23 00:00:00,A,4904,1425118916008QRBT0,2026-05-23 07:00:00,2026-05-23 09:52:00,12,28.0,161,Continuity (2-mould press)
2026-05-21 00:00:00,A,4906,1325217613082TUNE0,2026-05-21 07:00:00,2026-05-21 15:00:00,64,15.0,86,Continuity (2-mould press)
2026-05-21 00:00:00,B,4906,1325217613082TUNE0,2026-05-21 15:00:00,2026-05-21 23:00:00,64,15.0,86,Continuity (2-mould press)
2026-05-21 00:00:00,C,4906,1325217613082TUNE0,2026-05-21 23:00:00,2026-05-22 07:00:00,64,15.0,86,Continuity (2-mould press)
2026-05-22 00:00:00,A,4906,1325217613082TUNE0,2026-05-22 07:00:00,2026-05-22 15:00:00,64,15.0,86,Continuity (2-mould press)
2026-05-22 00:00:00,B,4906,1325217613082TUNE0,2026-05-22 15:00:00,2026-05-22 23:00:00,64,15.0,86,Continuity (2-mould press)
2026-05-22 00:00:00,C,4906,1325217613082TUNE0,2026-05-22 23:00:00,2026-05-23 07:00:00,64,15.0,86,Continuity (2-mould press)
2026-05-23 00:00:00,A,4906,1325217613082TUNE0,2026-05-23 07:00:00,2026-05-23 15:00:00,64,15.0,86,Continuity (2-mould press)
2026-05-23 00:00:00,B,4906,1325217613082TUNE0,2026-05-23 15:00:00,2026-05-23 23:00:00,64,15.0,86,Continuity (2-mould press)
2026-05-23 00:00:00,C,4906,1325217613082TUNE0,2026-05-23 23:00:00,2026-05-24 07:00:00,64,15.0,86,Continuity (2-mould press)
2026-05-24 00:00:00,A,4906,1325217613082TUNE0,2026-05-24 07:00:00,2026-05-24 15:00:00,64,15.0,86,Continuity (2-mould press)
2026-05-24 00:00:00,B,4906,1325217613082TUNE0,2026-05-24 15:00:00,2026-05-24 23:00:00,64,15.0,86,Continuity (2-mould press)
2026-05-24 00:00:00,C,4906,1325217613082TUNE0,2026-05-24 23:00:00,2026-05-25 07:00:00,64,15.0,86,Continuity (2-mould press)
2026-05-25 00:00:00,A,4906,1325217613082TUNE0,2026-05-25 07:00:00,2026-05-25 15:00:00,64,15.0,86,Continuity (2-mould press)
2026-05-25 00:00:00,B,4906,1325217613082TUNE0,2026-05-25 15:00:00,2026-05-25 23:00:00,64,15.0,86,Continuity (2-mould press)
2026-05-25 00:00:00,C,4906,1325217613082TUNE0,2026-05-25 23:00:00,2026-05-26 07:00:00,64,15.0,86,Continuity (2-mould press)
2026-05-26 00:00:00,A,4906,1325217613082TUNE0,2026-05-26 07:00:00,2026-05-26 15:00:00,64,15.0,86,Continuity (2-mould press)
2026-05-26 00:00:00,B,4906,1325217613082TUNE0,2026-05-26 15:00:00,2026-05-26 23:00:00,64,15.0,86,Continuity (2-mould press)
2026-05-26 00:00:00,C,4906,1325217613082TUNE0,2026-05-26 23:00:00,2026-05-27 07:00:00,64,15.0,86,Continuity (2-mould press)
2026-05-27 00:00:00,A,4906,1325217613082TUNE0,2026-05-27 07:00:00,2026-05-27 15:00:00,64,15.0,86,Continuity (2-mould press)
2026-05-27 00:00:00,B,4906,1325217613082TUNE0,2026-05-27 15:00:00,2026-05-27 23:00:00,64,15.0,86,Continuity (2-mould press)
2026-05-27 00:00:00,C,4906,1325217613082TUNE0,2026-05-27 23:00:00,2026-05-28 07:00:00,64,15.0,86,Continuity (2-mould press)
2026-05-28 00:00:00,A,4906,1325217613082TUNE0,2026-05-28 07:00:00,2026-05-28 15:00:00,64,15.0,86,Continuity (2-mould press)
2026-05-28 00:00:00,B,4906,1325217613082TUNE0,2026-05-28 15:00:00,2026-05-28 23:00:00,64,15.0,86,Continuity (2-mould press)
2026-05-28 00:00:00,C,4906,1325217613082TUNE0,2026-05-28 23:00:00,2026-05-29 07:00:00,64,15.0,86,Continuity (2-mould press)
2026-05-29 00:00:00,A,4906,1325217613082TUNE0,2026-05-29 07:00:00,2026-05-29 15:00:00,64,15.0,86,Continuity (2-mould press)
2026-05-29 00:00:00,B,4906,1325217613082TUNE0,2026-05-29 15:00:00,2026-05-29 23:00:00,64,15.0,86,Continuity (2-mould press)
2026-05-29 00:00:00,C,4906,1325217613082TUNE0,2026-05-29 23:00:00,2026-05-30 07:00:00,64,15.0,86,Continuity (2-mould press)
2026-05-30 00:00:00,A,4906,1325217613082TUNE0,2026-05-30 07:00:00,2026-05-30 15:00:00,64,15.0,86,Continuity (2-mould press)
2026-05-30 00:00:00,B,4906,1325217613082TUNE0,2026-05-30 15:00:00,2026-05-30 23:00:00,64,15.0,86,Continuity (2-mould press)
2026-05-30 00:00:00,C,4906,1325217613082TUNE0,2026-05-30 23:00:00,2026-05-31 07:00:00,64,15.0,86,Continuity (2-mould press)
2026-05-31 00:00:00,A,4906,1325217613082TUNE0,2026-05-31 07:00:00,2026-05-31 15:00:00,64,15.0,86,Continuity (2-mould press)
2026-05-31 00:00:00,B,4906,1325217613082TUNE0,2026-05-31 15:00:00,2026-05-31 23:00:00,64,15.0,86,Continuity (2-mould press)
2026-05-31 00:00:00,C,4906,1325217613082TUNE0,2026-05-31 23:00:00,2026-06-01 07:00:00,64,15.0,86,Continuity (2-mould press)
2026-06-01 00:00:00,A,4906,1325217613082TUNE0,2026-06-01 07:00:00,2026-06-01 15:00:00,64,15.0,86,Continuity (2-mould press)
2026-06-01 00:00:00,B,4906,1325217613082TUNE0,2026-06-01 15:00:00,2026-06-01 23:00:00,64,15.0,86,Continuity (2-mould press)
2026-06-01 00:00:00,C,4906,1325217613082TUNE0,2026-06-01 23:00:00,2026-06-02 07:00:00,64,15.0,86,Continuity (2-mould press)
2026-06-02 00:00:00,A,4906,1325217613082TUNE0,2026-06-02 07:00:00,2026-06-02 15:00:00,64,15.0,86,Continuity (2-mould press)
2026-06-02 00:00:00,B,4906,1325217613082TUNE0,2026-06-02 15:00:00,2026-06-02 23:00:00,64,15.0,86,Continuity (2-mould press)
2026-06-02 00:00:00,C,4906,1325217613082TUNE0,2026-06-02 23:00:00,2026-06-03 07:00:00,64,15.0,86,Continuity (2-mould press)
2026-06-03 00:00:00,A,4906,1325217613082TUNE0,2026-06-03 07:00:00,2026-06-03 15:00:00,64,15.0,86,Continuity (2-mould press)
2026-06-03 00:00:00,B,4906,1325217613082TUNE0,2026-06-03 15:00:00,2026-06-03 23:00:00,64,15.0,86,Continuity (2-mould press)
2026-06-03 00:00:00,C,4906,1325217613082TUNE0,2026-06-03 23:00:00,2026-06-04 07:00:00,64,15.0,86,Continuity (2-mould press)
2026-06-04 00:00:00,A,4906,1325217613082TUNE0,2026-06-04 07:00:00,2026-06-04 15:00:00,64,15.0,86,Continuity (2-mould press)
2026-06-04 00:00:00,B,4906,1325217613082TUNE0,2026-06-04 15:00:00,2026-06-04 23:00:00,64,15.0,86,Continuity (2-mould press)
2026-06-04 00:00:00,C,4906,1325217613082TUNE0,2026-06-04 23:00:00,2026-06-05 07:00:00,64,15.0,86,Continuity (2-mould press)
2026-06-05 00:00:00,A,4906,1325217613082TUNE0,2026-06-05 07:00:00,2026-06-05 15:00:00,64,15.0,86,Continuity (2-mould press)
2026-06-05 00:00:00,B,4906,1325217613082TUNE0,2026-06-05 15:00:00,2026-06-05 23:00:00,64,15.0,86,Continuity (2-mould press)
2026-06-05 00:00:00,C,4906,1325217613082TUNE0,2026-06-05 23:00:00,2026-06-06 07:00:00,64,15.0,86,Continuity (2-mould press)
2026-06-06 00:00:00,A,4906,1325217613082TUNE0,2026-06-06 07:00:00,2026-06-06 15:00:00,64,15.0,86,Continuity (2-mould press)
2026-06-06 00:00:00,B,4906,1325217613082TUNE0,2026-06-06 15:00:00,2026-06-06 23:00:00,64,15.0,86,Continuity (2-mould press)
2026-06-06 00:00:00,C,4906,1325217613082TUNE0,2026-06-06 23:00:00,2026-06-07 07:00:00,64,15.0,86,Continuity (2-mould press)
2026-06-07 00:00:00,A,4906,1325217613082TUNE0,2026-06-07 07:00:00,2026-06-07 15:00:00,64,15.0,86,Continuity (2-mould press)
2026-06-07 00:00:00,B,4906,1325217613082TUNE0,2026-06-07 15:00:00,2026-06-07 23:00:00,64,15.0,86,Continuity (2-mould press)
2026-06-07 00:00:00,C,4906,1325217613082TUNE0,2026-06-07 23:00:00,2026-06-08 07:00:00,64,15.0,86,Continuity (2-mould press)
2026-06-08 00:00:00,A,4906,1325217613082TUNE0,2026-06-08 07:00:00,2026-06-08 15:00:00,64,15.0,86,Continuity (2-mould press)
2026-06-08 00:00:00,B,4906,1325217613082TUNE0,2026-06-08 15:00:00,2026-06-08 23:00:00,64,15.0,86,Continuity (2-mould press)
2026-06-08 00:00:00,C,4906,1325217613082TUNE0,2026-06-08 23:00:00,2026-06-09 07:00:00,64,15.0,86,Continuity (2-mould press)
2026-06-09 00:00:00,A,4906,1325217613082TUNE0,2026-06-09 07:00:00,2026-06-09 15:00:00,64,15.0,86,Continuity (2-mould press)
2026-06-09 00:00:00,B,4906,1325217613082TUNE0,2026-06-09 15:00:00,2026-06-09 23:00:00,64,15.0,86,Continuity (2-mould press)
2026-06-09 00:00:00,C,4906,1325217613082TUNE0,2026-06-09 23:00:00,2026-06-10 07:00:00,64,15.0,86,Continuity (2-mould press)
2026-06-10 00:00:00,A,4906,1325217613082TUNE0,2026-06-10 07:00:00,2026-06-10 15:00:00,64,15.0,86,Continuity (2-mould press)
2026-06-10 00:00:00,B,4906,1325217613082TUNE0,2026-06-10 15:00:00,2026-06-10 23:00:00,64,15.0,86,Continuity (2-mould press)
2026-06-10 00:00:00,C,4906,1325217613082TUNE0,2026-06-10 23:00:00,2026-06-11 07:00:00,64,15.0,86,Continuity (2-mould press)
2026-06-11 00:00:00,A,4906,1325217613082TUNE0,2026-06-11 07:00:00,2026-06-11 15:00:00,64,15.0,86,Continuity (2-mould press)
2026-06-11 00:00:00,B,4906,1325217613082TUNE0,2026-06-11 15:00:00,2026-06-11 23:00:00,64,15.0,86,Continuity (2-mould press)
2026-06-11 00:00:00,C,4906,1325217613082TUNE0,2026-06-11 23:00:00,2026-06-12 07:00:00,64,15.0,86,Continuity (2-mould press)
2026-06-12 00:00:00,A,4906,1325217613082TUNE0,2026-06-12 07:00:00,2026-06-12 15:00:00,64,15.0,86,Continuity (2-mould press)
2026-06-12 00:00:00,B,4906,1325217613082TUNE0,2026-06-12 15:00:00,2026-06-12 23:00:00,64,15.0,86,Continuity (2-mould press)
2026-06-12 00:00:00,C,4906,1325217613082TUNE0,2026-06-12 23:00:00,2026-06-13 07:00:00,64,15.0,86,Continuity (2-mould press)
2026-06-13 00:00:00,A,4906,1325217613082TUNE0,2026-06-13 07:00:00,2026-06-13 15:00:00,64,15.0,86,Continuity (2-mould press)
2026-06-13 00:00:00,B,4906,1325217613082TUNE0,2026-06-13 15:00:00,2026-06-13 23:00:00,64,15.0,86,Continuity (2-mould press)
2026-06-13 00:00:00,C,4906,1325217613082TUNE0,2026-06-13 23:00:00,2026-06-14 07:00:00,64,15.0,86,Continuity (2-mould press)
2026-06-14 00:00:00,A,4906,1325217613082TUNE0,2026-06-14 07:00:00,2026-06-14 15:00:00,64,15.0,86,Continuity (2-mould press)
2026-06-14 00:00:00,B,4906,1325217613082TUNE0,2026-06-14 15:00:00,2026-06-14 23:00:00,64,15.0,86,Continuity (2-mould press)
2026-06-14 00:00:00,C,4906,1325217613082TUNE0,2026-06-14 23:00:00,2026-06-15 07:00:00,64,15.0,86,Continuity (2-mould press)
2026-06-15 00:00:00,A,4906,1325217613082TUNE0,2026-06-15 07:00:00,2026-06-15 15:00:00,64,15.0,86,Continuity (2-mould press)
2026-06-15 00:00:00,B,4906,1325217613082TUNE0,2026-06-15 15:00:00,2026-06-15 23:00:00,64,15.0,86,Continuity (2-mould press)
2026-06-15 00:00:00,C,4906,1325217613082TUNE0,2026-06-15 23:00:00,2026-06-16 07:00:00,64,15.0,86,Continuity (2-mould press)
2026-06-16 00:00:00,A,4906,1325217613082TUNE0,2026-06-16 07:00:00,2026-06-16 15:00:00,64,15.0,86,Continuity (2-mould press)
2026-06-16 00:00:00,B,4906,1325217613082TUNE0,2026-06-16 15:00:00,2026-06-16 23:00:00,64,15.0,86,Continuity (2-mould press)
2026-06-16 00:00:00,C,4906,1325217613082TUNE0,2026-06-16 23:00:00,2026-06-17 07:00:00,64,15.0,86,Continuity (2-mould press)
2026-06-17 00:00:00,A,4906,1325217613082TUNE0,2026-06-17 07:00:00,2026-06-17 15:00:00,64,15.0,86,Continuity (2-mould press)
2026-06-17 00:00:00,B,4906,1325217613082TUNE0,2026-06-17 15:00:00,2026-06-17 23:00:00,64,15.0,86,Continuity (2-mould press)
2026-06-17 00:00:00,C,4906,1325217613082TUNE0,2026-06-17 23:00:00,2026-06-18 07:00:00,64,15.0,86,Continuity (2-mould press)
2026-06-18 00:00:00,A,4906,1325217613082TUNE0,2026-06-18 07:00:00,2026-06-18 15:00:00,64,15.0,86,Continuity (2-mould press)
2026-06-18 00:00:00,B,4906,1325217613082TUNE0,2026-06-18 15:00:00,2026-06-18 23:00:00,64,15.0,86,Continuity (2-mould press)
2026-06-18 00:00:00,C,4906,1325217613082TUNE0,2026-06-18 23:00:00,2026-06-19 01:15:00,18,15.0,86,Continuity (2-mould press)
2026-06-18 00:00:00,C,4906,MOULD_CLEAN,2026-06-19 01:15:00,2026-06-19 03:15:00,0,0.0,0,Mould cleaning (continuity)
2026-06-18 00:00:00,C,4906,1325217613082TUNE0,2026-06-19 03:15:00,2026-06-19 07:00:00,30,15.0,86,Continuity (2-mould press)
2026-06-19 00:00:00,A,4906,1325217613082TUNE0,2026-06-19 07:00:00,2026-06-19 15:00:00,64,15.0,86,Continuity (2-mould press)
2026-06-19 00:00:00,B,4906,1325217613082TUNE0,2026-06-19 15:00:00,2026-06-19 23:00:00,64,15.0,86,Continuity (2-mould press)
2026-06-19 00:00:00,C,4906,1325217613082TUNE0,2026-06-19 23:00:00,2026-06-20 07:00:00,64,15.0,86,Continuity (2-mould press)
2026-06-20 00:00:00,A,4906,1325217613082TUNE0,2026-06-20 07:00:00,2026-06-20 15:00:00,64,15.0,86,Continuity (2-mould press)
2026-06-20 00:00:00,B,4906,1325217613082TUNE0,2026-06-20 15:00:00,2026-06-20 23:00:00,64,15.0,86,Continuity (2-mould press)
2026-06-20 00:00:00,C,4906,1325217613082TUNE0,2026-06-20 23:00:00,2026-06-21 07:00:00,64,15.0,86,Continuity (2-mould press)
2026-05-21 00:00:00,A,4907,1225170015012LSTL0,2026-05-21 07:00:00,2026-05-21 15:00:00,31,31.0,395,Continuity (2-mould press)
2026-05-21 00:00:00,B,4907,1225170015012LSTL0,2026-05-21 15:00:00,2026-05-21 23:00:00,31,31.0,395,Continuity (2-mould press)
2026-05-21 00:00:00,C,4907,1225170015012LSTL0,2026-05-21 23:00:00,2026-05-22 07:00:00,31,31.0,395,Continuity (2-mould press)
2026-05-22 00:00:00,A,4907,1225170015012LSTL0,2026-05-22 07:00:00,2026-05-22 15:00:00,31,31.0,395,Continuity (2-mould press)
2026-05-22 00:00:00,B,4907,1225170015012LSTL0,2026-05-22 15:00:00,2026-05-22 23:00:00,31,31.0,395,Continuity (2-mould press)
2026-05-22 00:00:00,C,4907,1225170015012LSTL0,2026-05-22 23:00:00,2026-05-23 07:00:00,31,31.0,395,Continuity (2-mould press)
2026-05-23 00:00:00,A,4907,1225170015012LSTL0,2026-05-23 07:00:00,2026-05-23 15:00:00,31,31.0,395,Continuity (2-mould press)
2026-05-23 00:00:00,B,4907,1225170015012LSTL0,2026-05-23 15:00:00,2026-05-23 22:33:00,29,31.0,395,Continuity (2-mould press)
2026-05-21 00:00:00,A,4908,1225221715115SSTL0,2026-05-21 07:00:00,2026-05-21 15:00:00,32,30.0,158,Continuity (2-mould press)
2026-05-21 00:00:00,B,4908,1225221715115SSTL0,2026-05-21 15:00:00,2026-05-21 23:00:00,32,30.0,158,Continuity (2-mould press)
2026-05-21 00:00:00,C,4908,1225221715115SSTL0,2026-05-21 23:00:00,2026-05-22 07:00:00,32,30.0,158,Continuity (2-mould press)
2026-05-22 00:00:00,A,4908,1225221715115SSTL0,2026-05-22 07:00:00,2026-05-22 15:00:00,32,30.0,158,Continuity (2-mould press)
2026-05-22 00:00:00,B,4908,1225221715115SSTL0,2026-05-22 15:00:00,2026-05-22 23:00:00,32,30.0,158,Continuity (2-mould press)
2026-05-22 00:00:00,C,4908,1225221715115SSTL0,2026-05-22 23:00:00,2026-05-23 07:00:00,32,30.0,158,Continuity (2-mould press)
2026-05-23 00:00:00,A,4908,1225221715115SSTL0,2026-05-23 07:00:00,2026-05-23 15:00:00,32,30.0,158,Continuity (2-mould press)
2026-05-23 00:00:00,B,4908,1225221715115SSTL0,2026-05-23 15:00:00,2026-05-23 23:00:00,32,30.0,158,Continuity (2-mould press)
2026-05-23 00:00:00,C,4908,1225221715115SSTL0,2026-05-23 23:00:00,2026-05-24 07:00:00,32,30.0,158,Continuity (2-mould press)
2026-05-24 00:00:00,A,4908,1225221715115SSTL0,2026-05-24 07:00:00,2026-05-24 15:00:00,32,30.0,158,Continuity (2-mould press)
2026-05-24 00:00:00,B,4908,1225221715115SSTL0,2026-05-24 15:00:00,2026-05-24 23:00:00,32,30.0,158,Continuity (2-mould press)
2026-05-24 00:00:00,C,4908,1225221715115SSTL0,2026-05-24 23:00:00,2026-05-25 07:00:00,32,30.0,158,Continuity (2-mould press)
2026-05-25 00:00:00,A,4908,1225221715115SSTL0,2026-05-25 07:00:00,2026-05-25 15:00:00,32,30.0,158,Continuity (2-mould press)
2026-05-25 00:00:00,B,4908,1225221715115SSTL0,2026-05-25 15:00:00,2026-05-25 23:00:00,32,30.0,158,Continuity (2-mould press)
2026-05-25 00:00:00,C,4908,1225221715115SSTL0,2026-05-25 23:00:00,2026-05-26 07:00:00,32,30.0,158,Continuity (2-mould press)
2026-05-26 00:00:00,A,4908,1225221715115SSTL0,2026-05-26 07:00:00,2026-05-26 15:00:00,32,30.0,158,Continuity (2-mould press)
2026-05-26 00:00:00,B,4908,1225221715115SSTL0,2026-05-26 15:00:00,2026-05-26 23:00:00,32,30.0,158,Continuity (2-mould press)
2026-05-26 00:00:00,C,4908,1225221715115SSTL0,2026-05-26 23:00:00,2026-05-27 07:00:00,32,30.0,158,Continuity (2-mould press)
2026-05-27 00:00:00,A,4908,1225221715115SSTL0,2026-05-27 07:00:00,2026-05-27 15:00:00,32,30.0,158,Continuity (2-mould press)
2026-05-27 00:00:00,B,4908,1225221715115SSTL0,2026-05-27 15:00:00,2026-05-27 23:00:00,32,30.0,158,Continuity (2-mould press)
2026-05-27 00:00:00,C,4908,1225221715115SSTL0,2026-05-27 23:00:00,2026-05-28 07:00:00,32,30.0,158,Continuity (2-mould press)
2026-05-28 00:00:00,A,4908,1225221715115SSTL0,2026-05-28 07:00:00,2026-05-28 15:00:00,32,30.0,158,Continuity (2-mould press)
2026-05-28 00:00:00,B,4908,1225221715115SSTL0,2026-05-28 15:00:00,2026-05-28 23:00:00,32,30.0,158,Continuity (2-mould press)
2026-05-28 00:00:00,C,4908,1225221715115SSTL0,2026-05-28 23:00:00,2026-05-29 07:00:00,32,30.0,158,Continuity (2-mould press)
2026-05-29 00:00:00,A,4908,1225221715115SSTL0,2026-05-29 07:00:00,2026-05-29 15:00:00,32,30.0,158,Continuity (2-mould press)
2026-05-29 00:00:00,B,4908,1225221715115SSTL0,2026-05-29 15:00:00,2026-05-29 23:00:00,32,30.0,158,Continuity (2-mould press)
2026-05-29 00:00:00,C,4908,1225221715115SSTL0,2026-05-29 23:00:00,2026-05-30 07:00:00,32,30.0,158,Continuity (2-mould press)
2026-05-30 00:00:00,A,4908,1225221715115SSTL0,2026-05-30 07:00:00,2026-05-30 15:00:00,32,30.0,158,Continuity (2-mould press)
2026-05-30 00:00:00,B,4908,1225221715115SSTL0,2026-05-30 15:00:00,2026-05-30 23:00:00,32,30.0,158,Continuity (2-mould press)
2026-05-30 00:00:00,C,4908,1225221715115SSTL0,2026-05-30 23:00:00,2026-05-31 07:00:00,32,30.0,158,Continuity (2-mould press)
2026-05-31 00:00:00,A,4908,1225221715115SSTL0,2026-05-31 07:00:00,2026-05-31 15:00:00,32,30.0,158,Continuity (2-mould press)
2026-05-31 00:00:00,B,4908,1225221715115SSTL0,2026-05-31 15:00:00,2026-05-31 23:00:00,32,30.0,158,Continuity (2-mould press)
2026-05-31 00:00:00,C,4908,1225221715115SSTL0,2026-05-31 23:00:00,2026-06-01 07:00:00,32,30.0,158,Continuity (2-mould press)
2026-06-01 00:00:00,A,4908,1225221715115SSTL0,2026-06-01 07:00:00,2026-06-01 15:00:00,32,30.0,158,Continuity (2-mould press)
2026-06-01 00:00:00,B,4908,1225221715115SSTL0,2026-06-01 15:00:00,2026-06-01 23:00:00,32,30.0,158,Continuity (2-mould press)
2026-06-01 00:00:00,C,4908,1225221715115SSTL0,2026-06-01 23:00:00,2026-06-02 07:00:00,32,30.0,158,Continuity (2-mould press)
2026-06-02 00:00:00,A,4908,1225221715115SSTL0,2026-06-02 07:00:00,2026-06-02 15:00:00,32,30.0,158,Continuity (2-mould press)
2026-06-02 00:00:00,B,4908,1225221715115SSTL0,2026-06-02 15:00:00,2026-06-02 23:00:00,32,30.0,158,Continuity (2-mould press)
2026-06-02 00:00:00,C,4908,1225221715115SSTL0,2026-06-02 23:00:00,2026-06-03 07:00:00,32,30.0,158,Continuity (2-mould press)
2026-06-03 00:00:00,A,4908,1225221715115SSTL0,2026-06-03 07:00:00,2026-06-03 15:00:00,32,30.0,158,Continuity (2-mould press)
2026-06-03 00:00:00,B,4908,1225221715115SSTL0,2026-06-03 15:00:00,2026-06-03 23:00:00,32,30.0,158,Continuity (2-mould press)
2026-06-03 00:00:00,C,4908,1225221715115SSTL0,2026-06-03 23:00:00,2026-06-04 07:00:00,32,30.0,158,Continuity (2-mould press)
2026-06-04 00:00:00,A,4908,1225221715115SSTL0,2026-06-04 07:00:00,2026-06-04 15:00:00,32,30.0,158,Continuity (2-mould press)
2026-06-04 00:00:00,B,4908,1225221715115SSTL0,2026-06-04 15:00:00,2026-06-04 23:00:00,32,30.0,158,Continuity (2-mould press)
2026-06-04 00:00:00,C,4908,1225221715115SSTL0,2026-06-04 23:00:00,2026-06-05 00:30:00,6,30.0,158,Continuity (2-mould press)
2026-05-21 00:00:00,A,4909,1225170015012LSTL0,2026-05-21 07:00:00,2026-05-21 15:00:00,31,31.0,395,Continuity (2-mould press)
2026-05-21 00:00:00,B,4909,1225170015012LSTL0,2026-05-21 15:00:00,2026-05-21 23:00:00,31,31.0,395,Continuity (2-mould press)
2026-05-21 00:00:00,C,4909,1225170015012LSTL0,2026-05-21 23:00:00,2026-05-22 07:00:00,31,31.0,395,Continuity (2-mould press)
2026-05-22 00:00:00,A,4909,1225170015012LSTL0,2026-05-22 07:00:00,2026-05-22 15:00:00,31,31.0,395,Continuity (2-mould press)
2026-05-22 00:00:00,B,4909,1225170015012LSTL0,2026-05-22 15:00:00,2026-05-22 23:00:00,31,31.0,395,Continuity (2-mould press)
2026-05-22 00:00:00,C,4909,1225170015012LSTL0,2026-05-22 23:00:00,2026-05-23 07:00:00,31,31.0,395,Continuity (2-mould press)
2026-05-23 00:00:00,A,4909,1225170015012LSTL0,2026-05-23 07:00:00,2026-05-23 15:00:00,31,31.0,395,Continuity (2-mould press)
2026-05-23 00:00:00,B,4909,1225170015012LSTL0,2026-05-23 15:00:00,2026-05-23 22:33:00,29,31.0,395,Continuity (2-mould press)
2026-05-21 00:00:00,A,4910,1425118916008QRBT0,2026-05-21 07:00:00,2026-05-21 15:00:00,34,28.0,161,Continuity (2-mould press)
2026-05-21 00:00:00,B,4910,1425118916008QRBT0,2026-05-21 15:00:00,2026-05-21 23:00:00,34,28.0,161,Continuity (2-mould press)
2026-05-21 00:00:00,C,4910,1425118916008QRBT0,2026-05-21 23:00:00,2026-05-22 07:00:00,34,28.0,161,Continuity (2-mould press)
2026-05-22 00:00:00,A,4910,1425118916008QRBT0,2026-05-22 07:00:00,2026-05-22 15:00:00,34,28.0,161,Continuity (2-mould press)
2026-05-22 00:00:00,B,4910,1425118916008QRBT0,2026-05-22 15:00:00,2026-05-22 23:00:00,34,28.0,161,Continuity (2-mould press)
2026-05-22 00:00:00,C,4910,1425118916008QRBT0,2026-05-22 23:00:00,2026-05-23 07:00:00,34,28.0,161,Continuity (2-mould press)
2026-05-23 00:00:00,A,4910,1425118916008QRBT0,2026-05-23 07:00:00,2026-05-23 09:52:00,12,28.0,161,Continuity (2-mould press)
2026-05-21 00:00:00,A,4911,1325121715100SBRT0,2026-05-21 07:00:00,2026-05-21 15:00:00,46,21.0,12,Continuity (2-mould press)
2026-05-21 00:00:00,B,4911,1325121715100SBRT0,2026-05-21 15:00:00,2026-05-21 23:00:00,46,21.0,12,Continuity (2-mould press)
2026-05-21 00:00:00,C,4911,1325121715100SBRT0,2026-05-21 23:00:00,2026-05-22 07:00:00,46,21.0,12,Continuity (2-mould press)
2026-05-22 00:00:00,A,4911,1325121715100SBRT0,2026-05-22 07:00:00,2026-05-22 15:00:00,46,21.0,12,Continuity (2-mould press)
2026-05-22 00:00:00,B,4911,1325121715100SBRT0,2026-05-22 15:00:00,2026-05-22 23:00:00,46,21.0,12,Continuity (2-mould press)
2026-05-22 00:00:00,C,4911,1325121715100SBRT0,2026-05-22 23:00:00,2026-05-23 07:00:00,46,21.0,12,Continuity (2-mould press)
2026-05-23 00:00:00,A,4911,1325121715100SBRT0,2026-05-23 07:00:00,2026-05-23 15:00:00,46,21.0,12,Continuity (2-mould press)
2026-05-23 00:00:00,B,4911,1325121715100SBRT0,2026-05-23 15:00:00,2026-05-23 23:00:00,46,21.0,12,Continuity (2-mould press)
2026-05-23 00:00:00,C,4911,1325121715100SBRT0,2026-05-23 23:00:00,2026-05-24 03:57:00,28,21.0,12,Continuity (2-mould press)
2026-05-21 00:00:00,A,4912,1325121715100SBRT0,2026-05-21 07:00:00,2026-05-21 15:00:00,46,21.0,12,Continuity (2-mould press)
2026-05-21 00:00:00,B,4912,1325121715100SBRT0,2026-05-21 15:00:00,2026-05-21 23:00:00,46,21.0,12,Continuity (2-mould press)
2026-05-21 00:00:00,C,4912,1325121715100SBRT0,2026-05-21 23:00:00,2026-05-22 07:00:00,46,21.0,12,Continuity (2-mould press)
2026-05-22 00:00:00,A,4912,1325121715100SBRT0,2026-05-22 07:00:00,2026-05-22 15:00:00,46,21.0,12,Continuity (2-mould press)
2026-05-22 00:00:00,B,4912,1325121715100SBRT0,2026-05-22 15:00:00,2026-05-22 23:00:00,46,21.0,12,Continuity (2-mould press)
2026-05-22 00:00:00,C,4912,1325121715100SBRT0,2026-05-22 23:00:00,2026-05-23 07:00:00,46,21.0,12,Continuity (2-mould press)
2026-05-23 00:00:00,A,4912,1325121715100SBRT0,2026-05-23 07:00:00,2026-05-23 15:00:00,46,21.0,12,Continuity (2-mould press)
2026-05-23 00:00:00,B,4912,1325121715100SBRT0,2026-05-23 15:00:00,2026-05-23 23:00:00,46,21.0,12,Continuity (2-mould press)
2026-05-23 00:00:00,C,4912,1325121715100SBRT0,2026-05-23 23:00:00,2026-05-24 03:57:00,28,21.0,12,Continuity (2-mould press)
2026-05-21 00:00:00,A,4913,1325213615099MSXT0,2026-05-21 07:00:00,2026-05-21 15:00:00,60,16.0,0,Continuity (2-mould press)
2026-05-21 00:00:00,B,4913,1325213615099MSXT0,2026-05-21 15:00:00,2026-05-21 23:00:00,60,16.0,0,Continuity (2-mould press)
2026-05-21 00:00:00,C,4913,1325213615099MSXT0,2026-05-21 23:00:00,2026-05-22 05:40:00,50,16.0,0,Continuity (2-mould press)
2026-05-21 00:00:00,A,4916,1225170015012LSTL0,2026-05-21 07:00:00,2026-05-21 15:00:00,31,31.0,395,Continuity (2-mould press)
2026-05-21 00:00:00,B,4916,1225170015012LSTL0,2026-05-21 15:00:00,2026-05-21 23:00:00,31,31.0,395,Continuity (2-mould press)
2026-05-21 00:00:00,C,4916,1225170015012LSTL0,2026-05-21 23:00:00,2026-05-22 07:00:00,31,31.0,395,Continuity (2-mould press)
2026-05-22 00:00:00,A,4916,1225170015012LSTL0,2026-05-22 07:00:00,2026-05-22 15:00:00,31,31.0,395,Continuity (2-mould press)
2026-05-22 00:00:00,B,4916,1225170015012LSTL0,2026-05-22 15:00:00,2026-05-22 23:00:00,31,31.0,395,Continuity (2-mould press)
2026-05-22 00:00:00,C,4916,1225170015012LSTL0,2026-05-22 23:00:00,2026-05-23 07:00:00,31,31.0,395,Continuity (2-mould press)
2026-05-23 00:00:00,A,4916,1225170015012LSTL0,2026-05-23 07:00:00,2026-05-23 15:00:00,31,31.0,395,Continuity (2-mould press)
2026-05-23 00:00:00,B,4916,1225170015012LSTL0,2026-05-23 15:00:00,2026-05-23 22:33:00,29,31.0,395,Continuity (2-mould press)
2026-05-21 00:00:00,A,4917,1225170015012LSTL0,2026-05-21 07:00:00,2026-05-21 15:00:00,31,31.0,395,Continuity (2-mould press)
2026-05-21 00:00:00,B,4917,1225170015012LSTL0,2026-05-21 15:00:00,2026-05-21 23:00:00,31,31.0,395,Continuity (2-mould press)
2026-05-21 00:00:00,C,4917,1225170015012LSTL0,2026-05-21 23:00:00,2026-05-22 07:00:00,31,31.0,395,Continuity (2-mould press)
2026-05-22 00:00:00,A,4917,1225170015012LSTL0,2026-05-22 07:00:00,2026-05-22 15:00:00,31,31.0,395,Continuity (2-mould press)
2026-05-22 00:00:00,B,4917,1225170015012LSTL0,2026-05-22 15:00:00,2026-05-22 23:00:00,31,31.0,395,Continuity (2-mould press)
2026-05-22 00:00:00,C,4917,1225170015012LSTL0,2026-05-22 23:00:00,2026-05-23 07:00:00,31,31.0,395,Continuity (2-mould press)
2026-05-23 00:00:00,A,4917,1225170015012LSTL0,2026-05-23 07:00:00,2026-05-23 15:00:00,31,31.0,395,Continuity (2-mould press)
2026-05-23 00:00:00,B,4917,1225170015012LSTL0,2026-05-23 15:00:00,2026-05-23 22:33:00,29,31.0,395,Continuity (2-mould press)
2026-05-21 00:00:00,A,4918,1225170015012LSTL0,2026-05-21 07:00:00,2026-05-21 15:00:00,31,31.0,395,Continuity (2-mould press)
2026-05-21 00:00:00,B,4918,1225170015012LSTL0,2026-05-21 15:00:00,2026-05-21 23:00:00,31,31.0,395,Continuity (2-mould press)
2026-05-21 00:00:00,C,4918,1225170015012LSTL0,2026-05-21 23:00:00,2026-05-22 07:00:00,31,31.0,395,Continuity (2-mould press)
2026-05-22 00:00:00,A,4918,1225170015012LSTL0,2026-05-22 07:00:00,2026-05-22 15:00:00,31,31.0,395,Continuity (2-mould press)
2026-05-22 00:00:00,B,4918,1225170015012LSTL0,2026-05-22 15:00:00,2026-05-22 23:00:00,31,31.0,395,Continuity (2-mould press)
2026-05-22 00:00:00,C,4918,1225170015012LSTL0,2026-05-22 23:00:00,2026-05-23 07:00:00,31,31.0,395,Continuity (2-mould press)
2026-05-23 00:00:00,A,4918,1225170015012LSTL0,2026-05-23 07:00:00,2026-05-23 15:00:00,31,31.0,395,Continuity (2-mould press)
2026-05-23 00:00:00,B,4918,1225170015012LSTL0,2026-05-23 15:00:00,2026-05-23 22:33:00,29,31.0,395,Continuity (2-mould press)
2026-05-21 00:00:00,A,4919,1225170015012LSTL0,2026-05-21 07:00:00,2026-05-21 15:00:00,31,31.0,395,Continuity (2-mould press)
2026-05-21 00:00:00,B,4919,1225170015012LSTL0,2026-05-21 15:00:00,2026-05-21 23:00:00,31,31.0,395,Continuity (2-mould press)
2026-05-21 00:00:00,C,4919,1225170015012LSTL0,2026-05-21 23:00:00,2026-05-22 07:00:00,31,31.0,395,Continuity (2-mould press)
2026-05-22 00:00:00,A,4919,1225170015012LSTL0,2026-05-22 07:00:00,2026-05-22 15:00:00,31,31.0,395,Continuity (2-mould press)
2026-05-22 00:00:00,B,4919,1225170015012LSTL0,2026-05-22 15:00:00,2026-05-22 23:00:00,31,31.0,395,Continuity (2-mould press)
2026-05-22 00:00:00,C,4919,1225170015012LSTL0,2026-05-22 23:00:00,2026-05-23 07:00:00,31,31.0,395,Continuity (2-mould press)
2026-05-23 00:00:00,A,4919,1225170015012LSTL0,2026-05-23 07:00:00,2026-05-23 15:00:00,31,31.0,395,Continuity (2-mould press)
2026-05-23 00:00:00,B,4919,1225170015012LSTL0,2026-05-23 15:00:00,2026-05-23 22:33:00,29,31.0,395,Continuity (2-mould press)
2026-05-21 00:00:00,A,4921,1325119015008SRBT0,2026-05-21 07:00:00,2026-05-21 15:00:00,33,29.0,0,Continuity (2-mould press)
2026-05-21 00:00:00,B,4921,1325119015008SRBT0,2026-05-21 15:00:00,2026-05-21 23:00:00,33,29.0,0,Continuity (2-mould press)
2026-05-21 00:00:00,C,4921,1325119015008SRBT0,2026-05-21 23:00:00,2026-05-22 07:00:00,33,29.0,0,Continuity (2-mould press)
2026-05-22 00:00:00,A,4921,1325119015008SRBT0,2026-05-22 07:00:00,2026-05-22 15:00:00,33,29.0,0,Continuity (2-mould press)
2026-05-22 00:00:00,B,4921,1325119015008SRBT0,2026-05-22 15:00:00,2026-05-22 23:00:00,33,29.0,0,Continuity (2-mould press)
2026-05-22 00:00:00,C,4921,1325119015008SRBT0,2026-05-22 23:00:00,2026-05-23 07:00:00,33,29.0,0,Continuity (2-mould press)
2026-05-23 00:00:00,A,4921,1325119015008SRBT0,2026-05-23 07:00:00,2026-05-23 15:00:00,33,29.0,0,Continuity (2-mould press)
2026-05-23 00:00:00,B,4921,1325119015008SRBT0,2026-05-23 15:00:00,2026-05-23 23:00:00,33,29.0,0,Continuity (2-mould press)
2026-05-23 00:00:00,C,4921,1325119015008SRBT0,2026-05-23 23:00:00,2026-05-24 07:00:00,33,29.0,0,Continuity (2-mould press)
2026-05-24 00:00:00,A,4921,1325119015008SRBT0,2026-05-24 07:00:00,2026-05-24 15:00:00,33,29.0,0,Continuity (2-mould press)
2026-05-24 00:00:00,B,4921,1325119015008SRBT0,2026-05-24 15:00:00,2026-05-24 23:00:00,33,29.0,0,Continuity (2-mould press)
2026-05-24 00:00:00,C,4921,1325119015008SRBT0,2026-05-24 23:00:00,2026-05-25 07:00:00,33,29.0,0,Continuity (2-mould press)
2026-05-25 00:00:00,A,4921,1325119015008SRBT0,2026-05-25 07:00:00,2026-05-25 15:00:00,33,29.0,0,Continuity (2-mould press)
2026-05-25 00:00:00,B,4921,1325119015008SRBT0,2026-05-25 15:00:00,2026-05-25 23:00:00,33,29.0,0,Continuity (2-mould press)
2026-05-25 00:00:00,C,4921,1325119015008SRBT0,2026-05-25 23:00:00,2026-05-26 07:00:00,33,29.0,0,Continuity (2-mould press)
2026-05-26 00:00:00,A,4921,1325119015008SRBT0,2026-05-26 07:00:00,2026-05-26 15:00:00,33,29.0,0,Continuity (2-mould press)
2026-05-26 00:00:00,B,4921,1325119015008SRBT0,2026-05-26 15:00:00,2026-05-26 23:00:00,33,29.0,0,Continuity (2-mould press)
2026-05-26 00:00:00,C,4921,1325119015008SRBT0,2026-05-26 23:00:00,2026-05-27 07:00:00,33,29.0,0,Continuity (2-mould press)
2026-05-27 00:00:00,A,4921,1325119015008SRBT0,2026-05-27 07:00:00,2026-05-27 15:00:00,33,29.0,0,Continuity (2-mould press)
2026-05-27 00:00:00,B,4921,1325119015008SRBT0,2026-05-27 15:00:00,2026-05-27 23:00:00,33,29.0,0,Continuity (2-mould press)
2026-05-27 00:00:00,C,4921,1325119015008SRBT0,2026-05-27 23:00:00,2026-05-28 07:00:00,33,29.0,0,Continuity (2-mould press)
2026-05-28 00:00:00,A,4921,1325119015008SRBT0,2026-05-28 07:00:00,2026-05-28 15:00:00,33,29.0,0,Continuity (2-mould press)
2026-05-28 00:00:00,B,4921,1325119015008SRBT0,2026-05-28 15:00:00,2026-05-28 23:00:00,33,29.0,0,Continuity (2-mould press)
2026-05-28 00:00:00,C,4921,1325119015008SRBT0,2026-05-28 23:00:00,2026-05-29 07:00:00,33,29.0,0,Continuity (2-mould press)
2026-05-29 00:00:00,A,4921,1325119015008SRBT0,2026-05-29 07:00:00,2026-05-29 15:00:00,33,29.0,0,Continuity (2-mould press)
2026-05-29 00:00:00,B,4921,1325119015008SRBT0,2026-05-29 15:00:00,2026-05-29 23:00:00,33,29.0,0,Continuity (2-mould press)
2026-05-29 00:00:00,C,4921,1325119015008SRBT0,2026-05-29 23:00:00,2026-05-30 07:00:00,33,29.0,0,Continuity (2-mould press)
2026-05-30 00:00:00,A,4921,1325119015008SRBT0,2026-05-30 07:00:00,2026-05-30 15:00:00,33,29.0,0,Continuity (2-mould press)
2026-05-30 00:00:00,B,4921,1325119015008SRBT0,2026-05-30 15:00:00,2026-05-30 23:00:00,33,29.0,0,Continuity (2-mould press)
2026-05-30 00:00:00,C,4921,1325119015008SRBT0,2026-05-30 23:00:00,2026-05-31 07:00:00,33,29.0,0,Continuity (2-mould press)
2026-05-31 00:00:00,A,4921,1325119015008SRBT0,2026-05-31 07:00:00,2026-05-31 15:00:00,33,29.0,0,Continuity (2-mould press)
2026-05-31 00:00:00,B,4921,1325119015008SRBT0,2026-05-31 15:00:00,2026-05-31 23:00:00,33,29.0,0,Continuity (2-mould press)
2026-05-31 00:00:00,C,4921,1325119015008SRBT0,2026-05-31 23:00:00,2026-06-01 07:00:00,33,29.0,0,Continuity (2-mould press)
2026-06-01 00:00:00,A,4921,1325119015008SRBT0,2026-06-01 07:00:00,2026-06-01 15:00:00,33,29.0,0,Continuity (2-mould press)
2026-06-01 00:00:00,B,4921,1325119015008SRBT0,2026-06-01 15:00:00,2026-06-01 23:00:00,33,29.0,0,Continuity (2-mould press)
2026-06-01 00:00:00,C,4921,1325119015008SRBT0,2026-06-01 23:00:00,2026-06-02 07:00:00,33,29.0,0,Continuity (2-mould press)
2026-06-02 00:00:00,A,4921,1325119015008SRBT0,2026-06-02 07:00:00,2026-06-02 15:00:00,33,29.0,0,Continuity (2-mould press)
2026-06-02 00:00:00,B,4921,1325119015008SRBT0,2026-06-02 15:00:00,2026-06-02 23:00:00,33,29.0,0,Continuity (2-mould press)
2026-06-02 00:00:00,C,4921,1325119015008SRBT0,2026-06-02 23:00:00,2026-06-03 07:00:00,33,29.0,0,Continuity (2-mould press)
2026-06-03 00:00:00,A,4921,1325119015008SRBT0,2026-06-03 07:00:00,2026-06-03 15:00:00,33,29.0,0,Continuity (2-mould press)
2026-06-03 00:00:00,B,4921,1325119015008SRBT0,2026-06-03 15:00:00,2026-06-03 23:00:00,33,29.0,0,Continuity (2-mould press)
2026-06-03 00:00:00,C,4921,1325119015008SRBT0,2026-06-03 23:00:00,2026-06-04 07:00:00,33,29.0,0,Continuity (2-mould press)
2026-06-04 00:00:00,A,4921,1325119015008SRBT0,2026-06-04 07:00:00,2026-06-04 15:00:00,33,29.0,0,Continuity (2-mould press)
2026-06-04 00:00:00,B,4921,1325119015008SRBT0,2026-06-04 15:00:00,2026-06-04 23:00:00,33,29.0,0,Continuity (2-mould press)
2026-06-04 00:00:00,C,4921,1325119015008SRBT0,2026-06-04 23:00:00,2026-06-05 07:00:00,33,29.0,0,Continuity (2-mould press)
2026-06-05 00:00:00,A,4921,1325119015008SRBT0,2026-06-05 07:00:00,2026-06-05 15:00:00,33,29.0,0,Continuity (2-mould press)
2026-06-05 00:00:00,B,4921,1325119015008SRBT0,2026-06-05 15:00:00,2026-06-05 23:00:00,33,29.0,0,Continuity (2-mould press)
2026-06-05 00:00:00,C,4921,1325119015008SRBT0,2026-06-05 23:00:00,2026-06-06 07:00:00,33,29.0,0,Continuity (2-mould press)
2026-06-06 00:00:00,A,4921,1325119015008SRBT0,2026-06-06 07:00:00,2026-06-06 15:00:00,33,29.0,0,Continuity (2-mould press)
2026-06-06 00:00:00,B,4921,1325119015008SRBT0,2026-06-06 15:00:00,2026-06-06 23:00:00,33,29.0,0,Continuity (2-mould press)
2026-06-06 00:00:00,C,4921,1325119015008SRBT0,2026-06-06 23:00:00,2026-06-07 07:00:00,33,29.0,0,Continuity (2-mould press)
2026-06-07 00:00:00,A,4921,1325119015008SRBT0,2026-06-07 07:00:00,2026-06-07 15:00:00,33,29.0,0,Continuity (2-mould press)
2026-06-07 00:00:00,B,4921,1325119015008SRBT0,2026-06-07 15:00:00,2026-06-07 23:00:00,33,29.0,0,Continuity (2-mould press)
2026-06-07 00:00:00,C,4921,1325119015008SRBT0,2026-06-07 23:00:00,2026-06-08 07:00:00,33,29.0,0,Continuity (2-mould press)
2026-06-08 00:00:00,A,4921,1325119015008SRBT0,2026-06-08 07:00:00,2026-06-08 15:00:00,33,29.0,0,Continuity (2-mould press)
2026-06-08 00:00:00,B,4921,1325119015008SRBT0,2026-06-08 15:00:00,2026-06-08 23:00:00,33,29.0,0,Continuity (2-mould press)
2026-06-08 00:00:00,C,4921,1325119015008SRBT0,2026-06-08 23:00:00,2026-06-09 07:00:00,33,29.0,0,Continuity (2-mould press)
2026-06-09 00:00:00,A,4921,1325119015008SRBT0,2026-06-09 07:00:00,2026-06-09 15:00:00,33,29.0,0,Continuity (2-mould press)
2026-06-09 00:00:00,B,4921,1325119015008SRBT0,2026-06-09 15:00:00,2026-06-09 23:00:00,33,29.0,0,Continuity (2-mould press)
2026-06-09 00:00:00,C,4921,1325119015008SRBT0,2026-06-09 23:00:00,2026-06-10 05:01:00,25,29.0,0,Continuity (2-mould press)
2026-05-21 00:00:00,A,4922,1225170015012LSTL0,2026-05-21 07:00:00,2026-05-21 15:00:00,31,31.0,395,Continuity (2-mould press)
2026-05-21 00:00:00,B,4922,1225170015012LSTL0,2026-05-21 15:00:00,2026-05-21 23:00:00,31,31.0,395,Continuity (2-mould press)
2026-05-21 00:00:00,C,4922,1225170015012LSTL0,2026-05-21 23:00:00,2026-05-22 07:00:00,31,31.0,395,Continuity (2-mould press)
2026-05-22 00:00:00,A,4922,1225170015012LSTL0,2026-05-22 07:00:00,2026-05-22 15:00:00,31,31.0,395,Continuity (2-mould press)
2026-05-22 00:00:00,B,4922,1225170015012LSTL0,2026-05-22 15:00:00,2026-05-22 23:00:00,31,31.0,395,Continuity (2-mould press)
2026-05-22 00:00:00,C,4922,1225170015012LSTL0,2026-05-22 23:00:00,2026-05-23 07:00:00,31,31.0,395,Continuity (2-mould press)
2026-05-23 00:00:00,A,4922,1225170015012LSTL0,2026-05-23 07:00:00,2026-05-23 15:00:00,31,31.0,395,Continuity (2-mould press)
2026-05-23 00:00:00,B,4922,1225170015012LSTL0,2026-05-23 15:00:00,2026-05-23 22:33:00,29,31.0,395,Continuity (2-mould press)
2026-05-21 00:00:00,A,4923,1225170015010LSTL0,2026-05-21 07:00:00,2026-05-21 15:00:00,31,31.0,113,Continuity (2-mould press)
2026-05-21 00:00:00,B,4923,1225170015010LSTL0,2026-05-21 15:00:00,2026-05-21 23:00:00,31,31.0,113,Continuity (2-mould press)
2026-05-21 00:00:00,C,4923,1225170015010LSTL0,2026-05-21 23:00:00,2026-05-22 07:00:00,31,31.0,113,Continuity (2-mould press)
2026-05-22 00:00:00,A,4923,1225170015010LSTL0,2026-05-22 07:00:00,2026-05-22 15:00:00,31,31.0,113,Continuity (2-mould press)
2026-05-22 00:00:00,B,4923,1225170015010LSTL0,2026-05-22 15:00:00,2026-05-22 23:00:00,31,31.0,113,Continuity (2-mould press)
2026-05-22 00:00:00,C,4923,1225170015010LSTL0,2026-05-22 23:00:00,2026-05-23 07:00:00,31,31.0,113,Continuity (2-mould press)
2026-05-23 00:00:00,A,4923,1225170015010LSTL0,2026-05-23 07:00:00,2026-05-23 15:00:00,31,31.0,113,Continuity (2-mould press)
2026-05-23 00:00:00,B,4923,1225170015010LSTL0,2026-05-23 15:00:00,2026-05-23 23:00:00,31,31.0,113,Continuity (2-mould press)
2026-05-23 00:00:00,C,4923,1225170015010LSTL0,2026-05-23 23:00:00,2026-05-24 07:00:00,31,31.0,113,Continuity (2-mould press)
2026-05-24 00:00:00,A,4923,1225170015010LSTL0,2026-05-24 07:00:00,2026-05-24 15:00:00,31,31.0,113,Continuity (2-mould press)
2026-05-24 00:00:00,B,4923,1225170015010LSTL0,2026-05-24 15:00:00,2026-05-24 17:09:00,8,31.0,113,Continuity (2-mould press)
2026-05-21 00:00:00,A,4924,1325213615099MSXT0,2026-05-21 07:00:00,2026-05-21 15:00:00,60,16.0,0,Continuity (2-mould press)
2026-05-21 00:00:00,B,4924,1325213615099MSXT0,2026-05-21 15:00:00,2026-05-21 23:00:00,60,16.0,0,Continuity (2-mould press)
2026-05-21 00:00:00,C,4924,1325213615099MSXT0,2026-05-21 23:00:00,2026-05-22 05:40:00,50,16.0,0,Continuity (2-mould press)
2026-05-21 00:00:00,A,4925,1225170015012LSTL0,2026-05-21 07:00:00,2026-05-21 15:00:00,31,31.0,395,Continuity (2-mould press)
2026-05-21 00:00:00,B,4925,1225170015012LSTL0,2026-05-21 15:00:00,2026-05-21 23:00:00,31,31.0,395,Continuity (2-mould press)
2026-05-21 00:00:00,C,4925,1225170015012LSTL0,2026-05-21 23:00:00,2026-05-22 07:00:00,31,31.0,395,Continuity (2-mould press)
2026-05-22 00:00:00,A,4925,1225170015012LSTL0,2026-05-22 07:00:00,2026-05-22 15:00:00,31,31.0,395,Continuity (2-mould press)
2026-05-22 00:00:00,B,4925,1225170015012LSTL0,2026-05-22 15:00:00,2026-05-22 23:00:00,31,31.0,395,Continuity (2-mould press)
2026-05-22 00:00:00,C,4925,1225170015012LSTL0,2026-05-22 23:00:00,2026-05-23 07:00:00,31,31.0,395,Continuity (2-mould press)
2026-05-23 00:00:00,A,4925,1225170015012LSTL0,2026-05-23 07:00:00,2026-05-23 15:00:00,31,31.0,395,Continuity (2-mould press)
2026-05-23 00:00:00,B,4925,1225170015012LSTL0,2026-05-23 15:00:00,2026-05-23 15:19:00,1,31.0,395,Continuity (2-mould press)
2026-05-23 00:00:00,B,4925,MOULD_CLEAN,2026-05-23 15:19:00,2026-05-23 17:19:00,0,0.0,0,Mould cleaning (continuity)
2026-05-23 00:00:00,B,4925,1225170015012LSTL0,2026-05-23 17:19:00,2026-05-23 23:00:00,22,31.0,395,Continuity (2-mould press)
2026-05-23 00:00:00,C,4925,1225170015012LSTL0,2026-05-23 23:00:00,2026-05-24 00:33:00,6,31.0,395,Continuity (2-mould press)
2026-05-21 00:00:00,A,54801,1325219316087VURL0,2026-05-21 07:00:00,2026-05-21 15:00:00,60,16.0,0,Continuity (2-mould press)
2026-05-21 00:00:00,B,54801,1325219316087VURL0,2026-05-21 15:00:00,2026-05-21 23:00:00,60,16.0,0,Continuity (2-mould press)
2026-05-21 00:00:00,C,54801,1325219316087VURL0,2026-05-21 23:00:00,2026-05-22 07:00:00,60,16.0,0,Continuity (2-mould press)
2026-05-22 00:00:00,A,54801,1325219316087VURL0,2026-05-22 07:00:00,2026-05-22 15:00:00,60,16.0,0,Continuity (2-mould press)
2026-05-22 00:00:00,B,54801,1325219316087VURL0,2026-05-22 15:00:00,2026-05-22 23:00:00,60,16.0,0,Continuity (2-mould press)
2026-05-22 00:00:00,C,54801,1325219316087VURL0,2026-05-22 23:00:00,2026-05-23 07:00:00,60,16.0,0,Continuity (2-mould press)
2026-05-23 00:00:00,A,54801,1325219316087VURL0,2026-05-23 07:00:00,2026-05-23 15:00:00,60,16.0,0,Continuity (2-mould press)
2026-05-23 00:00:00,B,54801,1325219316087VURL0,2026-05-23 15:00:00,2026-05-23 23:00:00,60,16.0,0,Continuity (2-mould press)
2026-05-23 00:00:00,C,54801,1325219316087VURL0,2026-05-23 23:00:00,2026-05-24 07:00:00,60,16.0,0,Continuity (2-mould press)
2026-05-24 00:00:00,A,54801,1325219316087VURL0,2026-05-24 07:00:00,2026-05-24 15:00:00,60,16.0,0,Continuity (2-mould press)
2026-05-24 00:00:00,B,54801,1325219316087VURL0,2026-05-24 15:00:00,2026-05-24 23:00:00,60,16.0,0,Continuity (2-mould press)
2026-05-24 00:00:00,C,54801,1325219316087VURL0,2026-05-24 23:00:00,2026-05-25 07:00:00,60,16.0,0,Continuity (2-mould press)
2026-05-25 00:00:00,A,54801,1325219316087VURL0,2026-05-25 07:00:00,2026-05-25 15:00:00,60,16.0,0,Continuity (2-mould press)
2026-05-25 00:00:00,B,54801,1325219316087VURL0,2026-05-25 15:00:00,2026-05-25 23:00:00,60,16.0,0,Continuity (2-mould press)
2026-05-25 00:00:00,C,54801,1325219316087VURL0,2026-05-25 23:00:00,2026-05-26 07:00:00,60,16.0,0,Continuity (2-mould press)
2026-05-26 00:00:00,A,54801,1325219316087VURL0,2026-05-26 07:00:00,2026-05-26 15:00:00,60,16.0,0,Continuity (2-mould press)
2026-05-26 00:00:00,B,54801,1325219316087VURL0,2026-05-26 15:00:00,2026-05-26 23:00:00,60,16.0,0,Continuity (2-mould press)
2026-05-26 00:00:00,C,54801,1325219316087VURL0,2026-05-26 23:00:00,2026-05-27 07:00:00,60,16.0,0,Continuity (2-mould press)
2026-05-27 00:00:00,A,54801,1325219316087VURL0,2026-05-27 07:00:00,2026-05-27 15:00:00,60,16.0,0,Continuity (2-mould press)
2026-05-27 00:00:00,B,54801,1325219316087VURL0,2026-05-27 15:00:00,2026-05-27 23:00:00,60,16.0,0,Continuity (2-mould press)
2026-05-27 00:00:00,C,54801,1325219316087VURL0,2026-05-27 23:00:00,2026-05-28 07:00:00,60,16.0,0,Continuity (2-mould press)
2026-05-28 00:00:00,A,54801,1325219316087VURL0,2026-05-28 07:00:00,2026-05-28 15:00:00,60,16.0,0,Continuity (2-mould press)
2026-05-28 00:00:00,B,54801,1325219316087VURL0,2026-05-28 15:00:00,2026-05-28 23:00:00,60,16.0,0,Continuity (2-mould press)
2026-05-28 00:00:00,C,54801,1325219316087VURL0,2026-05-28 23:00:00,2026-05-29 07:00:00,60,16.0,0,Continuity (2-mould press)
2026-05-29 00:00:00,A,54801,1325219316087VURL0,2026-05-29 07:00:00,2026-05-29 15:00:00,60,16.0,0,Continuity (2-mould press)
2026-05-29 00:00:00,B,54801,1325219316087VURL0,2026-05-29 15:00:00,2026-05-29 23:00:00,60,16.0,0,Continuity (2-mould press)
2026-05-29 00:00:00,C,54801,1325219316087VURL0,2026-05-29 23:00:00,2026-05-30 07:00:00,60,16.0,0,Continuity (2-mould press)
2026-05-30 00:00:00,A,54801,1325219316087VURL0,2026-05-30 07:00:00,2026-05-30 15:00:00,60,16.0,0,Continuity (2-mould press)
2026-05-30 00:00:00,B,54801,1325219316087VURL0,2026-05-30 15:00:00,2026-05-30 23:00:00,60,16.0,0,Continuity (2-mould press)
2026-05-30 00:00:00,C,54801,1325219316087VURL0,2026-05-30 23:00:00,2026-05-31 07:00:00,60,16.0,0,Continuity (2-mould press)
2026-05-31 00:00:00,A,54801,1325219316087VURL0,2026-05-31 07:00:00,2026-05-31 15:00:00,60,16.0,0,Continuity (2-mould press)
2026-05-31 00:00:00,B,54801,1325219316087VURL0,2026-05-31 15:00:00,2026-05-31 23:00:00,60,16.0,0,Continuity (2-mould press)
2026-05-31 00:00:00,C,54801,1325219316087VURL0,2026-05-31 23:00:00,2026-06-01 07:00:00,60,16.0,0,Continuity (2-mould press)
2026-06-01 00:00:00,A,54801,1325219316087VURL0,2026-06-01 07:00:00,2026-06-01 15:00:00,60,16.0,0,Continuity (2-mould press)
2026-06-01 00:00:00,B,54801,1325219316087VURL0,2026-06-01 15:00:00,2026-06-01 20:52:00,44,16.0,0,Continuity (2-mould press)
2026-05-21 00:00:00,A,54802,1325216513077TUHL0,2026-05-21 07:00:00,2026-05-21 15:00:00,60,16.0,0,Continuity (2-mould press)
2026-05-21 00:00:00,B,54802,1325216513077TUHL0,2026-05-21 15:00:00,2026-05-21 23:00:00,60,16.0,0,Continuity (2-mould press)
2026-05-21 00:00:00,C,54802,1325216513077TUHL0,2026-05-21 23:00:00,2026-05-22 07:00:00,60,16.0,0,Continuity (2-mould press)
2026-05-22 00:00:00,A,54802,1325216513077TUHL0,2026-05-22 07:00:00,2026-05-22 15:00:00,60,16.0,0,Continuity (2-mould press)
2026-05-22 00:00:00,B,54802,1325216513077TUHL0,2026-05-22 15:00:00,2026-05-22 23:00:00,60,16.0,0,Continuity (2-mould press)
2026-05-22 00:00:00,C,54802,1325216513077TUHL0,2026-05-22 23:00:00,2026-05-23 07:00:00,60,16.0,0,Continuity (2-mould press)
2026-05-23 00:00:00,A,54802,1325216513077TUHL0,2026-05-23 07:00:00,2026-05-23 15:00:00,60,16.0,0,Continuity (2-mould press)
2026-05-23 00:00:00,B,54802,1325216513077TUHL0,2026-05-23 15:00:00,2026-05-23 23:00:00,60,16.0,0,Continuity (2-mould press)
2026-05-23 00:00:00,C,54802,1325216513077TUHL0,2026-05-23 23:00:00,2026-05-24 07:00:00,60,16.0,0,Continuity (2-mould press)
2026-05-24 00:00:00,A,54802,1325216513077TUHL0,2026-05-24 07:00:00,2026-05-24 15:00:00,60,16.0,0,Continuity (2-mould press)
2026-05-24 00:00:00,B,54802,1325216513077TUHL0,2026-05-24 15:00:00,2026-05-24 23:00:00,60,16.0,0,Continuity (2-mould press)
2026-05-24 00:00:00,C,54802,1325216513077TUHL0,2026-05-24 23:00:00,2026-05-25 07:00:00,60,16.0,0,Continuity (2-mould press)
2026-05-25 00:00:00,A,54802,1325216513077TUHL0,2026-05-25 07:00:00,2026-05-25 15:00:00,60,16.0,0,Continuity (2-mould press)
2026-05-25 00:00:00,B,54802,1325216513077TUHL0,2026-05-25 15:00:00,2026-05-25 23:00:00,60,16.0,0,Continuity (2-mould press)
2026-05-25 00:00:00,C,54802,1325216513077TUHL0,2026-05-25 23:00:00,2026-05-26 07:00:00,60,16.0,0,Continuity (2-mould press)
2026-05-26 00:00:00,A,54802,1325216513077TUHL0,2026-05-26 07:00:00,2026-05-26 15:00:00,60,16.0,0,Continuity (2-mould press)
2026-05-26 00:00:00,B,54802,1325216513077TUHL0,2026-05-26 15:00:00,2026-05-26 23:00:00,60,16.0,0,Continuity (2-mould press)
2026-05-26 00:00:00,C,54802,1325216513077TUHL0,2026-05-26 23:00:00,2026-05-27 07:00:00,60,16.0,0,Continuity (2-mould press)
2026-05-27 00:00:00,A,54802,1325216513077TUHL0,2026-05-27 07:00:00,2026-05-27 15:00:00,60,16.0,0,Continuity (2-mould press)
2026-05-27 00:00:00,B,54802,1325216513077TUHL0,2026-05-27 15:00:00,2026-05-27 23:00:00,60,16.0,0,Continuity (2-mould press)
2026-05-27 00:00:00,C,54802,1325216513077TUHL0,2026-05-27 23:00:00,2026-05-28 07:00:00,60,16.0,0,Continuity (2-mould press)
2026-05-28 00:00:00,A,54802,1325216513077TUHL0,2026-05-28 07:00:00,2026-05-28 15:00:00,60,16.0,0,Continuity (2-mould press)
2026-05-28 00:00:00,B,54802,1325216513077TUHL0,2026-05-28 15:00:00,2026-05-28 23:00:00,60,16.0,0,Continuity (2-mould press)
2026-05-28 00:00:00,C,54802,1325216513077TUHL0,2026-05-28 23:00:00,2026-05-29 07:00:00,60,16.0,0,Continuity (2-mould press)
2026-05-29 00:00:00,A,54802,1325216513077TUHL0,2026-05-29 07:00:00,2026-05-29 15:00:00,60,16.0,0,Continuity (2-mould press)
2026-05-29 00:00:00,B,54802,1325216513077TUHL0,2026-05-29 15:00:00,2026-05-29 23:00:00,60,16.0,0,Continuity (2-mould press)
2026-05-29 00:00:00,C,54802,1325216513077TUHL0,2026-05-29 23:00:00,2026-05-30 07:00:00,60,16.0,0,Continuity (2-mould press)
2026-05-30 00:00:00,A,54802,1325216513077TUHL0,2026-05-30 07:00:00,2026-05-30 15:00:00,60,16.0,0,Continuity (2-mould press)
2026-05-30 00:00:00,B,54802,1325216513077TUHL0,2026-05-30 15:00:00,2026-05-30 23:00:00,60,16.0,0,Continuity (2-mould press)
2026-05-30 00:00:00,C,54802,1325216513077TUHL0,2026-05-30 23:00:00,2026-05-31 07:00:00,60,16.0,0,Continuity (2-mould press)
2026-05-31 00:00:00,A,54802,1325216513077TUHL0,2026-05-31 07:00:00,2026-05-31 15:00:00,60,16.0,0,Continuity (2-mould press)
2026-05-31 00:00:00,B,54802,1325216513077TUHL0,2026-05-31 15:00:00,2026-05-31 23:00:00,60,16.0,0,Continuity (2-mould press)
2026-05-31 00:00:00,C,54802,1325216513077TUHL0,2026-05-31 23:00:00,2026-06-01 07:00:00,60,16.0,0,Continuity (2-mould press)
2026-06-01 00:00:00,A,54802,1325216513077TUHL0,2026-06-01 07:00:00,2026-06-01 15:00:00,60,16.0,0,Continuity (2-mould press)
2026-06-01 00:00:00,B,54802,1325216513077TUHL0,2026-06-01 15:00:00,2026-06-01 15:48:00,6,16.0,0,Continuity (2-mould press)
2026-05-21 00:00:00,A,54803,1325216614081STMX0,2026-05-21 07:00:00,2026-05-21 15:00:00,60,16.0,147,Continuity (2-mould press)
2026-05-21 00:00:00,B,54803,1325216614081STMX0,2026-05-21 15:00:00,2026-05-21 23:00:00,60,16.0,147,Continuity (2-mould press)
2026-05-21 00:00:00,C,54803,1325216614081STMX0,2026-05-21 23:00:00,2026-05-22 07:00:00,60,16.0,147,Continuity (2-mould press)
2026-05-22 00:00:00,A,54803,1325216614081STMX0,2026-05-22 07:00:00,2026-05-22 15:00:00,60,16.0,147,Continuity (2-mould press)
2026-05-22 00:00:00,B,54803,1325216614081STMX0,2026-05-22 15:00:00,2026-05-22 23:00:00,60,16.0,147,Continuity (2-mould press)
2026-05-22 00:00:00,C,54803,1325216614081STMX0,2026-05-22 23:00:00,2026-05-23 07:00:00,60,16.0,147,Continuity (2-mould press)
2026-05-23 00:00:00,A,54803,1325216614081STMX0,2026-05-23 07:00:00,2026-05-23 15:00:00,60,16.0,147,Continuity (2-mould press)
2026-05-23 00:00:00,B,54803,1325216614081STMX0,2026-05-23 15:00:00,2026-05-23 23:00:00,60,16.0,147,Continuity (2-mould press)
2026-05-23 00:00:00,C,54803,1325216614081STMX0,2026-05-23 23:00:00,2026-05-24 07:00:00,60,16.0,147,Continuity (2-mould press)
2026-05-24 00:00:00,A,54803,1325216614081STMX0,2026-05-24 07:00:00,2026-05-24 15:00:00,60,16.0,147,Continuity (2-mould press)
2026-05-24 00:00:00,B,54803,1325216614081STMX0,2026-05-24 15:00:00,2026-05-24 23:00:00,60,16.0,147,Continuity (2-mould press)
2026-05-24 00:00:00,C,54803,1325216614081STMX0,2026-05-24 23:00:00,2026-05-25 07:00:00,60,16.0,147,Continuity (2-mould press)
2026-05-25 00:00:00,A,54803,1325216614081STMX0,2026-05-25 07:00:00,2026-05-25 15:00:00,60,16.0,147,Continuity (2-mould press)
2026-05-25 00:00:00,B,54803,1325216614081STMX0,2026-05-25 15:00:00,2026-05-25 23:00:00,60,16.0,147,Continuity (2-mould press)
2026-05-25 00:00:00,C,54803,1325216614081STMX0,2026-05-25 23:00:00,2026-05-26 07:00:00,60,16.0,147,Continuity (2-mould press)
2026-05-26 00:00:00,A,54803,1325216614081STMX0,2026-05-26 07:00:00,2026-05-26 15:00:00,60,16.0,147,Continuity (2-mould press)
2026-05-26 00:00:00,B,54803,1325216614081STMX0,2026-05-26 15:00:00,2026-05-26 23:00:00,60,16.0,147,Continuity (2-mould press)
2026-05-26 00:00:00,C,54803,1325216614081STMX0,2026-05-26 23:00:00,2026-05-27 07:00:00,60,16.0,147,Continuity (2-mould press)
2026-05-27 00:00:00,A,54803,1325216614081STMX0,2026-05-27 07:00:00,2026-05-27 15:00:00,60,16.0,147,Continuity (2-mould press)
2026-05-27 00:00:00,B,54803,1325216614081STMX0,2026-05-27 15:00:00,2026-05-27 23:00:00,60,16.0,147,Continuity (2-mould press)
2026-05-27 00:00:00,C,54803,1325216614081STMX0,2026-05-27 23:00:00,2026-05-28 07:00:00,60,16.0,147,Continuity (2-mould press)
2026-05-28 00:00:00,A,54803,1325216614081STMX0,2026-05-28 07:00:00,2026-05-28 15:00:00,60,16.0,147,Continuity (2-mould press)
2026-05-28 00:00:00,B,54803,1325216614081STMX0,2026-05-28 15:00:00,2026-05-28 23:00:00,60,16.0,147,Continuity (2-mould press)
2026-05-28 00:00:00,C,54803,1325216614081STMX0,2026-05-28 23:00:00,2026-05-29 07:00:00,60,16.0,147,Continuity (2-mould press)
2026-05-29 00:00:00,A,54803,1325216614081STMX0,2026-05-29 07:00:00,2026-05-29 15:00:00,60,16.0,147,Continuity (2-mould press)
2026-05-29 00:00:00,B,54803,1325216614081STMX0,2026-05-29 15:00:00,2026-05-29 23:00:00,60,16.0,147,Continuity (2-mould press)
2026-05-29 00:00:00,C,54803,1325216614081STMX0,2026-05-29 23:00:00,2026-05-30 07:00:00,60,16.0,147,Continuity (2-mould press)
2026-05-30 00:00:00,A,54803,1325216614081STMX0,2026-05-30 07:00:00,2026-05-30 15:00:00,60,16.0,147,Continuity (2-mould press)
2026-05-30 00:00:00,B,54803,1325216614081STMX0,2026-05-30 15:00:00,2026-05-30 23:00:00,60,16.0,147,Continuity (2-mould press)
2026-05-30 00:00:00,C,54803,1325216614081STMX0,2026-05-30 23:00:00,2026-05-31 07:00:00,60,16.0,147,Continuity (2-mould press)
2026-05-31 00:00:00,A,54803,1325216614081STMX0,2026-05-31 07:00:00,2026-05-31 15:00:00,60,16.0,147,Continuity (2-mould press)
2026-05-31 00:00:00,B,54803,1325216614081STMX0,2026-05-31 15:00:00,2026-05-31 23:00:00,60,16.0,147,Continuity (2-mould press)
2026-05-31 00:00:00,C,54803,1325216614081STMX0,2026-05-31 23:00:00,2026-06-01 07:00:00,60,16.0,147,Continuity (2-mould press)
2026-06-01 00:00:00,A,54803,1325216614081STMX0,2026-06-01 07:00:00,2026-06-01 15:00:00,60,16.0,147,Continuity (2-mould press)
2026-06-01 00:00:00,B,54803,1325216614081STMX0,2026-06-01 15:00:00,2026-06-01 23:00:00,60,16.0,147,Continuity (2-mould press)
2026-06-01 00:00:00,C,54803,1325216614081STMX0,2026-06-01 23:00:00,2026-06-02 07:00:00,60,16.0,147,Continuity (2-mould press)
2026-06-02 00:00:00,A,54803,1325216614081STMX0,2026-06-02 07:00:00,2026-06-02 15:00:00,60,16.0,147,Continuity (2-mould press)
2026-06-02 00:00:00,B,54803,1325216614081STMX0,2026-06-02 15:00:00,2026-06-02 23:00:00,60,16.0,147,Continuity (2-mould press)
2026-06-02 00:00:00,C,54803,1325216614081STMX0,2026-06-02 23:00:00,2026-06-03 07:00:00,60,16.0,147,Continuity (2-mould press)
2026-06-03 00:00:00,A,54803,1325216614081STMX0,2026-06-03 07:00:00,2026-06-03 15:00:00,60,16.0,147,Continuity (2-mould press)
2026-06-03 00:00:00,B,54803,1325216614081STMX0,2026-06-03 15:00:00,2026-06-03 19:48:00,36,16.0,147,Continuity (2-mould press)
2026-05-21 00:00:00,A,54804,1325216614081STMX0,2026-05-21 07:00:00,2026-05-21 15:00:00,60,16.0,147,Continuity (2-mould press)
2026-05-21 00:00:00,B,54804,1325216614081STMX0,2026-05-21 15:00:00,2026-05-21 23:00:00,60,16.0,147,Continuity (2-mould press)
2026-05-21 00:00:00,C,54804,1325216614081STMX0,2026-05-21 23:00:00,2026-05-22 07:00:00,60,16.0,147,Continuity (2-mould press)
2026-05-22 00:00:00,A,54804,1325216614081STMX0,2026-05-22 07:00:00,2026-05-22 15:00:00,60,16.0,147,Continuity (2-mould press)
2026-05-22 00:00:00,B,54804,1325216614081STMX0,2026-05-22 15:00:00,2026-05-22 23:00:00,60,16.0,147,Continuity (2-mould press)
2026-05-22 00:00:00,C,54804,1325216614081STMX0,2026-05-22 23:00:00,2026-05-23 07:00:00,60,16.0,147,Continuity (2-mould press)
2026-05-23 00:00:00,A,54804,1325216614081STMX0,2026-05-23 07:00:00,2026-05-23 15:00:00,60,16.0,147,Continuity (2-mould press)
2026-05-23 00:00:00,B,54804,1325216614081STMX0,2026-05-23 15:00:00,2026-05-23 23:00:00,60,16.0,147,Continuity (2-mould press)
2026-05-23 00:00:00,C,54804,1325216614081STMX0,2026-05-23 23:00:00,2026-05-24 07:00:00,60,16.0,147,Continuity (2-mould press)
2026-05-24 00:00:00,A,54804,1325216614081STMX0,2026-05-24 07:00:00,2026-05-24 15:00:00,60,16.0,147,Continuity (2-mould press)
2026-05-24 00:00:00,B,54804,1325216614081STMX0,2026-05-24 15:00:00,2026-05-24 23:00:00,60,16.0,147,Continuity (2-mould press)
2026-05-24 00:00:00,C,54804,1325216614081STMX0,2026-05-24 23:00:00,2026-05-25 07:00:00,60,16.0,147,Continuity (2-mould press)
2026-05-25 00:00:00,A,54804,1325216614081STMX0,2026-05-25 07:00:00,2026-05-25 15:00:00,60,16.0,147,Continuity (2-mould press)
2026-05-25 00:00:00,B,54804,1325216614081STMX0,2026-05-25 15:00:00,2026-05-25 23:00:00,60,16.0,147,Continuity (2-mould press)
2026-05-25 00:00:00,C,54804,1325216614081STMX0,2026-05-25 23:00:00,2026-05-26 07:00:00,60,16.0,147,Continuity (2-mould press)
2026-05-26 00:00:00,A,54804,1325216614081STMX0,2026-05-26 07:00:00,2026-05-26 15:00:00,60,16.0,147,Continuity (2-mould press)
2026-05-26 00:00:00,B,54804,1325216614081STMX0,2026-05-26 15:00:00,2026-05-26 23:00:00,60,16.0,147,Continuity (2-mould press)
2026-05-26 00:00:00,C,54804,1325216614081STMX0,2026-05-26 23:00:00,2026-05-27 07:00:00,60,16.0,147,Continuity (2-mould press)
2026-05-27 00:00:00,A,54804,1325216614081STMX0,2026-05-27 07:00:00,2026-05-27 15:00:00,60,16.0,147,Continuity (2-mould press)
2026-05-27 00:00:00,B,54804,1325216614081STMX0,2026-05-27 15:00:00,2026-05-27 23:00:00,60,16.0,147,Continuity (2-mould press)
2026-05-27 00:00:00,C,54804,1325216614081STMX0,2026-05-27 23:00:00,2026-05-28 07:00:00,60,16.0,147,Continuity (2-mould press)
2026-05-28 00:00:00,A,54804,1325216614081STMX0,2026-05-28 07:00:00,2026-05-28 15:00:00,60,16.0,147,Continuity (2-mould press)
2026-05-28 00:00:00,B,54804,1325216614081STMX0,2026-05-28 15:00:00,2026-05-28 23:00:00,60,16.0,147,Continuity (2-mould press)
2026-05-28 00:00:00,C,54804,1325216614081STMX0,2026-05-28 23:00:00,2026-05-29 07:00:00,60,16.0,147,Continuity (2-mould press)
2026-05-29 00:00:00,A,54804,1325216614081STMX0,2026-05-29 07:00:00,2026-05-29 15:00:00,60,16.0,147,Continuity (2-mould press)
2026-05-29 00:00:00,B,54804,1325216614081STMX0,2026-05-29 15:00:00,2026-05-29 23:00:00,60,16.0,147,Continuity (2-mould press)
2026-05-29 00:00:00,C,54804,1325216614081STMX0,2026-05-29 23:00:00,2026-05-30 07:00:00,60,16.0,147,Continuity (2-mould press)
2026-05-30 00:00:00,A,54804,1325216614081STMX0,2026-05-30 07:00:00,2026-05-30 15:00:00,60,16.0,147,Continuity (2-mould press)
2026-05-30 00:00:00,B,54804,1325216614081STMX0,2026-05-30 15:00:00,2026-05-30 23:00:00,60,16.0,147,Continuity (2-mould press)
2026-05-30 00:00:00,C,54804,1325216614081STMX0,2026-05-30 23:00:00,2026-05-31 07:00:00,60,16.0,147,Continuity (2-mould press)
2026-05-31 00:00:00,A,54804,1325216614081STMX0,2026-05-31 07:00:00,2026-05-31 15:00:00,60,16.0,147,Continuity (2-mould press)
2026-05-31 00:00:00,B,54804,1325216614081STMX0,2026-05-31 15:00:00,2026-05-31 23:00:00,60,16.0,147,Continuity (2-mould press)
2026-05-31 00:00:00,C,54804,1325216614081STMX0,2026-05-31 23:00:00,2026-06-01 07:00:00,60,16.0,147,Continuity (2-mould press)
2026-06-01 00:00:00,A,54804,1325216614081STMX0,2026-06-01 07:00:00,2026-06-01 15:00:00,60,16.0,147,Continuity (2-mould press)
2026-06-01 00:00:00,B,54804,1325216614081STMX0,2026-06-01 15:00:00,2026-06-01 23:00:00,60,16.0,147,Continuity (2-mould press)
2026-06-01 00:00:00,C,54804,1325216614081STMX0,2026-06-01 23:00:00,2026-06-02 07:00:00,60,16.0,147,Continuity (2-mould press)
2026-06-02 00:00:00,A,54804,1325216614081STMX0,2026-06-02 07:00:00,2026-06-02 15:00:00,60,16.0,147,Continuity (2-mould press)
2026-06-02 00:00:00,B,54804,1325216614081STMX0,2026-06-02 15:00:00,2026-06-02 23:00:00,60,16.0,147,Continuity (2-mould press)
2026-06-02 00:00:00,C,54804,1325216614081STMX0,2026-06-02 23:00:00,2026-06-03 07:00:00,60,16.0,147,Continuity (2-mould press)
2026-06-03 00:00:00,A,54804,1325216614081STMX0,2026-06-03 07:00:00,2026-06-03 15:00:00,60,16.0,147,Continuity (2-mould press)
2026-06-03 00:00:00,B,54804,1325216614081STMX0,2026-06-03 15:00:00,2026-06-03 19:48:00,36,16.0,147,Continuity (2-mould press)
2026-05-21 00:00:00,A,75201,1325218515088HTMX0,2026-05-21 07:00:00,2026-05-21 15:00:00,60,16.0,136,Continuity (2-mould press)
2026-05-21 00:00:00,B,75201,1325218515088HTMX0,2026-05-21 15:00:00,2026-05-21 23:00:00,60,16.0,136,Continuity (2-mould press)
2026-05-21 00:00:00,C,75201,1325218515088HTMX0,2026-05-21 23:00:00,2026-05-22 07:00:00,60,16.0,136,Continuity (2-mould press)
2026-05-22 00:00:00,A,75201,1325218515088HTMX0,2026-05-22 07:00:00,2026-05-22 15:00:00,60,16.0,136,Continuity (2-mould press)
2026-05-22 00:00:00,B,75201,1325218515088HTMX0,2026-05-22 15:00:00,2026-05-22 20:04:00,38,16.0,136,Continuity (2-mould press)
2026-05-21 00:00:00,A,75202,1325216814085SUTR0,2026-05-21 07:00:00,2026-05-21 15:00:00,56,17.0,0,Continuity (2-mould press)
2026-05-21 00:00:00,B,75202,1325216814085SUTR0,2026-05-21 15:00:00,2026-05-21 23:00:00,56,17.0,0,Continuity (2-mould press)
2026-05-21 00:00:00,C,75202,1325216814085SUTR0,2026-05-21 23:00:00,2026-05-22 07:00:00,56,17.0,0,Continuity (2-mould press)
2026-05-22 00:00:00,A,75202,1325216814085SUTR0,2026-05-22 07:00:00,2026-05-22 15:00:00,56,17.0,0,Continuity (2-mould press)
2026-05-22 00:00:00,B,75202,1325216814085SUTR0,2026-05-22 15:00:00,2026-05-22 23:00:00,56,17.0,0,Continuity (2-mould press)
2026-05-22 00:00:00,C,75202,1325216814085SUTR0,2026-05-22 23:00:00,2026-05-23 07:00:00,56,17.0,0,Continuity (2-mould press)
2026-05-23 00:00:00,A,75202,1325216814085SUTR0,2026-05-23 07:00:00,2026-05-23 15:00:00,56,17.0,0,Continuity (2-mould press)
2026-05-23 00:00:00,B,75202,1325216814085SUTR0,2026-05-23 15:00:00,2026-05-23 23:00:00,56,17.0,0,Continuity (2-mould press)
2026-05-23 00:00:00,C,75202,1325216814085SUTR0,2026-05-23 23:00:00,2026-05-24 07:00:00,56,17.0,0,Continuity (2-mould press)
2026-05-24 00:00:00,A,75202,1325216814085SUTR0,2026-05-24 07:00:00,2026-05-24 15:00:00,56,17.0,0,Continuity (2-mould press)
2026-05-24 00:00:00,B,75202,1325216814085SUTR0,2026-05-24 15:00:00,2026-05-24 23:00:00,56,17.0,0,Continuity (2-mould press)
2026-05-24 00:00:00,C,75202,1325216814085SUTR0,2026-05-24 23:00:00,2026-05-25 07:00:00,56,17.0,0,Continuity (2-mould press)
2026-05-25 00:00:00,A,75202,1325216814085SUTR0,2026-05-25 07:00:00,2026-05-25 15:00:00,56,17.0,0,Continuity (2-mould press)
2026-05-25 00:00:00,B,75202,1325216814085SUTR0,2026-05-25 15:00:00,2026-05-25 23:00:00,56,17.0,0,Continuity (2-mould press)
2026-05-25 00:00:00,C,75202,1325216814085SUTR0,2026-05-25 23:00:00,2026-05-26 07:00:00,56,17.0,0,Continuity (2-mould press)
2026-05-26 00:00:00,A,75202,1325216814085SUTR0,2026-05-26 07:00:00,2026-05-26 15:00:00,56,17.0,0,Continuity (2-mould press)
2026-05-26 00:00:00,B,75202,1325216814085SUTR0,2026-05-26 15:00:00,2026-05-26 23:00:00,56,17.0,0,Continuity (2-mould press)
2026-05-26 00:00:00,C,75202,1325216814085SUTR0,2026-05-26 23:00:00,2026-05-27 07:00:00,56,17.0,0,Continuity (2-mould press)
2026-05-27 00:00:00,A,75202,1325216814085SUTR0,2026-05-27 07:00:00,2026-05-27 15:00:00,56,17.0,0,Continuity (2-mould press)
2026-05-27 00:00:00,B,75202,1325216814085SUTR0,2026-05-27 15:00:00,2026-05-27 23:00:00,56,17.0,0,Continuity (2-mould press)
2026-05-27 00:00:00,C,75202,1325216814085SUTR0,2026-05-27 23:00:00,2026-05-28 07:00:00,56,17.0,0,Continuity (2-mould press)
2026-05-28 00:00:00,A,75202,1325216814085SUTR0,2026-05-28 07:00:00,2026-05-28 15:00:00,56,17.0,0,Continuity (2-mould press)
2026-05-28 00:00:00,B,75202,1325216814085SUTR0,2026-05-28 15:00:00,2026-05-28 23:00:00,56,17.0,0,Continuity (2-mould press)
2026-05-28 00:00:00,C,75202,1325216814085SUTR0,2026-05-28 23:00:00,2026-05-29 07:00:00,56,17.0,0,Continuity (2-mould press)
2026-05-29 00:00:00,A,75202,1325216814085SUTR0,2026-05-29 07:00:00,2026-05-29 15:00:00,56,17.0,0,Continuity (2-mould press)
2026-05-29 00:00:00,B,75202,1325216814085SUTR0,2026-05-29 15:00:00,2026-05-29 23:00:00,56,17.0,0,Continuity (2-mould press)
2026-05-29 00:00:00,C,75202,1325216814085SUTR0,2026-05-29 23:00:00,2026-05-30 07:00:00,56,17.0,0,Continuity (2-mould press)
2026-05-30 00:00:00,A,75202,1325216814085SUTR0,2026-05-30 07:00:00,2026-05-30 15:00:00,56,17.0,0,Continuity (2-mould press)
2026-05-30 00:00:00,B,75202,1325216814085SUTR0,2026-05-30 15:00:00,2026-05-30 23:00:00,56,17.0,0,Continuity (2-mould press)
2026-05-30 00:00:00,C,75202,1325216814085SUTR0,2026-05-30 23:00:00,2026-05-31 07:00:00,56,17.0,0,Continuity (2-mould press)
2026-05-31 00:00:00,A,75202,1325216814085SUTR0,2026-05-31 07:00:00,2026-05-31 15:00:00,56,17.0,0,Continuity (2-mould press)
2026-05-31 00:00:00,B,75202,1325216814085SUTR0,2026-05-31 15:00:00,2026-05-31 23:00:00,56,17.0,0,Continuity (2-mould press)
2026-05-31 00:00:00,C,75202,1325216814085SUTR0,2026-05-31 23:00:00,2026-06-01 07:00:00,56,17.0,0,Continuity (2-mould press)
2026-06-01 00:00:00,A,75202,1325216814085SUTR0,2026-06-01 07:00:00,2026-06-01 15:00:00,56,17.0,0,Continuity (2-mould press)
2026-06-01 00:00:00,B,75202,1325216814085SUTR0,2026-06-01 15:00:00,2026-06-01 23:00:00,56,17.0,0,Continuity (2-mould press)
2026-06-01 00:00:00,C,75202,1325216814085SUTR0,2026-06-01 23:00:00,2026-06-02 07:00:00,56,17.0,0,Continuity (2-mould press)
2026-06-02 00:00:00,A,75202,1325216814085SUTR0,2026-06-02 07:00:00,2026-06-02 15:00:00,56,17.0,0,Continuity (2-mould press)
2026-06-02 00:00:00,B,75202,1325216814085SUTR0,2026-06-02 15:00:00,2026-06-02 23:00:00,56,17.0,0,Continuity (2-mould press)
2026-06-02 00:00:00,C,75202,1325216814085SUTR0,2026-06-02 23:00:00,2026-06-03 07:00:00,56,17.0,0,Continuity (2-mould press)
2026-06-03 00:00:00,A,75202,1325216814085SUTR0,2026-06-03 07:00:00,2026-06-03 15:00:00,56,17.0,0,Continuity (2-mould press)
2026-06-03 00:00:00,B,75202,1325216814085SUTR0,2026-06-03 15:00:00,2026-06-03 23:00:00,56,17.0,0,Continuity (2-mould press)
2026-06-03 00:00:00,C,75202,1325216814085SUTR0,2026-06-03 23:00:00,2026-06-04 07:00:00,56,17.0,0,Continuity (2-mould press)
2026-06-04 00:00:00,A,75202,1325216814085SUTR0,2026-06-04 07:00:00,2026-06-04 15:00:00,56,17.0,0,Continuity (2-mould press)
2026-06-04 00:00:00,B,75202,1325216814085SUTR0,2026-06-04 15:00:00,2026-06-04 23:00:00,56,17.0,0,Continuity (2-mould press)
2026-06-04 00:00:00,C,75202,1325216814085SUTR0,2026-06-04 23:00:00,2026-06-05 07:00:00,56,17.0,0,Continuity (2-mould press)
2026-06-05 00:00:00,A,75202,1325216814085SUTR0,2026-06-05 07:00:00,2026-06-05 15:00:00,56,17.0,0,Continuity (2-mould press)
2026-06-05 00:00:00,B,75202,1325216814085SUTR0,2026-06-05 15:00:00,2026-06-05 23:00:00,56,17.0,0,Continuity (2-mould press)
2026-06-05 00:00:00,C,75202,1325216814085SUTR0,2026-06-05 23:00:00,2026-06-06 07:00:00,56,17.0,0,Continuity (2-mould press)
2026-06-06 00:00:00,A,75202,1325216814085SUTR0,2026-06-06 07:00:00,2026-06-06 15:00:00,56,17.0,0,Continuity (2-mould press)
2026-06-06 00:00:00,B,75202,1325216814085SUTR0,2026-06-06 15:00:00,2026-06-06 23:00:00,56,17.0,0,Continuity (2-mould press)
2026-06-06 00:00:00,C,75202,1325216814085SUTR0,2026-06-06 23:00:00,2026-06-07 07:00:00,56,17.0,0,Continuity (2-mould press)
2026-06-07 00:00:00,A,75202,1325216814085SUTR0,2026-06-07 07:00:00,2026-06-07 15:00:00,56,17.0,0,Continuity (2-mould press)
2026-06-07 00:00:00,B,75202,1325216814085SUTR0,2026-06-07 15:00:00,2026-06-07 23:00:00,56,17.0,0,Continuity (2-mould press)
2026-06-07 00:00:00,C,75202,1325216814085SUTR0,2026-06-07 23:00:00,2026-06-08 07:00:00,56,17.0,0,Continuity (2-mould press)
2026-06-08 00:00:00,A,75202,1325216814085SUTR0,2026-06-08 07:00:00,2026-06-08 15:00:00,56,17.0,0,Continuity (2-mould press)
2026-06-08 00:00:00,B,75202,1325216814085SUTR0,2026-06-08 15:00:00,2026-06-08 23:00:00,56,17.0,0,Continuity (2-mould press)
2026-06-08 00:00:00,C,75202,1325216814085SUTR0,2026-06-08 23:00:00,2026-06-09 07:00:00,56,17.0,0,Continuity (2-mould press)
2026-06-09 00:00:00,A,75202,1325216814085SUTR0,2026-06-09 07:00:00,2026-06-09 15:00:00,56,17.0,0,Continuity (2-mould press)
2026-06-09 00:00:00,B,75202,1325216814085SUTR0,2026-06-09 15:00:00,2026-06-09 23:00:00,56,17.0,0,Continuity (2-mould press)
2026-06-09 00:00:00,C,75202,1325216814085SUTR0,2026-06-09 23:00:00,2026-06-10 07:00:00,56,17.0,0,Continuity (2-mould press)
2026-06-10 00:00:00,A,75202,1325216814085SUTR0,2026-06-10 07:00:00,2026-06-10 15:00:00,56,17.0,0,Continuity (2-mould press)
2026-06-10 00:00:00,B,75202,1325216814085SUTR0,2026-06-10 15:00:00,2026-06-10 23:00:00,56,17.0,0,Continuity (2-mould press)
2026-06-10 00:00:00,C,75202,1325216814085SUTR0,2026-06-10 23:00:00,2026-06-11 07:00:00,56,17.0,0,Continuity (2-mould press)
2026-06-11 00:00:00,A,75202,1325216814085SUTR0,2026-06-11 07:00:00,2026-06-11 15:00:00,56,17.0,0,Continuity (2-mould press)
2026-06-11 00:00:00,B,75202,1325216814085SUTR0,2026-06-11 15:00:00,2026-06-11 23:00:00,56,17.0,0,Continuity (2-mould press)
2026-06-11 00:00:00,C,75202,1325216814085SUTR0,2026-06-11 23:00:00,2026-06-12 07:00:00,56,17.0,0,Continuity (2-mould press)
2026-06-12 00:00:00,A,75202,1325216814085SUTR0,2026-06-12 07:00:00,2026-06-12 15:00:00,56,17.0,0,Continuity (2-mould press)
2026-06-12 00:00:00,B,75202,1325216814085SUTR0,2026-06-12 15:00:00,2026-06-12 23:00:00,56,17.0,0,Continuity (2-mould press)
2026-06-12 00:00:00,C,75202,1325216814085SUTR0,2026-06-12 23:00:00,2026-06-13 07:00:00,56,17.0,0,Continuity (2-mould press)
2026-06-13 00:00:00,A,75202,1325216814085SUTR0,2026-06-13 07:00:00,2026-06-13 15:00:00,56,17.0,0,Continuity (2-mould press)
2026-06-13 00:00:00,B,75202,1325216814085SUTR0,2026-06-13 15:00:00,2026-06-13 23:00:00,56,17.0,0,Continuity (2-mould press)
2026-06-13 00:00:00,C,75202,1325216814085SUTR0,2026-06-13 23:00:00,2026-06-14 07:00:00,56,17.0,0,Continuity (2-mould press)
2026-06-14 00:00:00,A,75202,1325216814085SUTR0,2026-06-14 07:00:00,2026-06-14 15:00:00,56,17.0,0,Continuity (2-mould press)
2026-06-14 00:00:00,B,75202,1325216814085SUTR0,2026-06-14 15:00:00,2026-06-14 23:00:00,56,17.0,0,Continuity (2-mould press)
2026-06-14 00:00:00,C,75202,1325216814085SUTR0,2026-06-14 23:00:00,2026-06-15 07:00:00,56,17.0,0,Continuity (2-mould press)
2026-06-15 00:00:00,A,75202,1325216814085SUTR0,2026-06-15 07:00:00,2026-06-15 15:00:00,56,17.0,0,Continuity (2-mould press)
2026-06-15 00:00:00,B,75202,1325216814085SUTR0,2026-06-15 15:00:00,2026-06-15 15:53:00,6,17.0,0,Continuity (2-mould press)
2026-05-21 00:00:00,A,75203,1325214813075SUNE1,2026-05-21 07:00:00,2026-05-21 14:30:00,60,15.0,227,Continuity (2-mould press)
2026-05-21 00:00:00,A,75204,1325218515088HTMX0,2026-05-21 07:00:00,2026-05-21 15:00:00,60,16.0,136,Continuity (2-mould press)
2026-05-21 00:00:00,B,75204,1325218515088HTMX0,2026-05-21 15:00:00,2026-05-21 23:00:00,60,16.0,136,Continuity (2-mould press)
2026-05-21 00:00:00,C,75204,1325218515088HTMX0,2026-05-21 23:00:00,2026-05-22 07:00:00,60,16.0,136,Continuity (2-mould press)
2026-05-22 00:00:00,A,75204,1325218515088HTMX0,2026-05-22 07:00:00,2026-05-22 15:00:00,60,16.0,136,Continuity (2-mould press)
2026-05-22 00:00:00,B,75204,1325218515088HTMX0,2026-05-22 15:00:00,2026-05-22 20:04:00,38,16.0,136,Continuity (2-mould press)
2026-05-21 00:00:00,A,75205,1325223616105HRHT0,2026-05-21 07:00:00,2026-05-21 15:00:00,53,18.0,0,Continuity (2-mould press)
2026-05-21 00:00:00,B,75205,1325223616105HRHT0,2026-05-21 15:00:00,2026-05-21 23:00:00,53,18.0,0,Continuity (2-mould press)
2026-05-21 00:00:00,C,75205,1325223616105HRHT0,2026-05-21 23:00:00,2026-05-22 07:00:00,53,18.0,0,Continuity (2-mould press)
2026-05-22 00:00:00,A,75205,1325223616105HRHT0,2026-05-22 07:00:00,2026-05-22 15:00:00,53,18.0,0,Continuity (2-mould press)
2026-05-22 00:00:00,B,75205,1325223616105HRHT0,2026-05-22 15:00:00,2026-05-22 23:00:00,53,18.0,0,Continuity (2-mould press)
2026-05-22 00:00:00,C,75205,1325223616105HRHT0,2026-05-22 23:00:00,2026-05-23 07:00:00,53,18.0,0,Continuity (2-mould press)
2026-05-23 00:00:00,A,75205,1325223616105HRHT0,2026-05-23 07:00:00,2026-05-23 15:00:00,53,18.0,0,Continuity (2-mould press)
2026-05-23 00:00:00,B,75205,1325223616105HRHT0,2026-05-23 15:00:00,2026-05-23 23:00:00,53,18.0,0,Continuity (2-mould press)
2026-05-23 00:00:00,C,75205,1325223616105HRHT0,2026-05-23 23:00:00,2026-05-24 07:00:00,53,18.0,0,Continuity (2-mould press)
2026-05-24 00:00:00,A,75205,1325223616105HRHT0,2026-05-24 07:00:00,2026-05-24 15:00:00,53,18.0,0,Continuity (2-mould press)
2026-05-24 00:00:00,B,75205,1325223616105HRHT0,2026-05-24 15:00:00,2026-05-24 23:00:00,53,18.0,0,Continuity (2-mould press)
2026-05-24 00:00:00,C,75205,1325223616105HRHT0,2026-05-24 23:00:00,2026-05-25 07:00:00,53,18.0,0,Continuity (2-mould press)
2026-05-25 00:00:00,A,75205,1325223616105HRHT0,2026-05-25 07:00:00,2026-05-25 15:00:00,53,18.0,0,Continuity (2-mould press)
2026-05-25 00:00:00,B,75205,1325223616105HRHT0,2026-05-25 15:00:00,2026-05-25 23:00:00,53,18.0,0,Continuity (2-mould press)
2026-05-25 00:00:00,C,75205,1325223616105HRHT0,2026-05-25 23:00:00,2026-05-26 07:00:00,53,18.0,0,Continuity (2-mould press)
2026-05-26 00:00:00,A,75205,1325223616105HRHT0,2026-05-26 07:00:00,2026-05-26 15:00:00,53,18.0,0,Continuity (2-mould press)
2026-05-26 00:00:00,B,75205,1325223616105HRHT0,2026-05-26 15:00:00,2026-05-26 23:00:00,53,18.0,0,Continuity (2-mould press)
2026-05-26 00:00:00,C,75205,1325223616105HRHT0,2026-05-26 23:00:00,2026-05-27 07:00:00,53,18.0,0,Continuity (2-mould press)
2026-05-27 00:00:00,A,75205,1325223616105HRHT0,2026-05-27 07:00:00,2026-05-27 15:00:00,53,18.0,0,Continuity (2-mould press)
2026-05-27 00:00:00,B,75205,1325223616105HRHT0,2026-05-27 15:00:00,2026-05-27 23:00:00,53,18.0,0,Continuity (2-mould press)
2026-05-27 00:00:00,C,75205,1325223616105HRHT0,2026-05-27 23:00:00,2026-05-28 07:00:00,53,18.0,0,Continuity (2-mould press)
2026-05-28 00:00:00,A,75205,1325223616105HRHT0,2026-05-28 07:00:00,2026-05-28 15:00:00,53,18.0,0,Continuity (2-mould press)
2026-05-28 00:00:00,B,75205,1325223616105HRHT0,2026-05-28 15:00:00,2026-05-28 23:00:00,53,18.0,0,Continuity (2-mould press)
2026-05-28 00:00:00,C,75205,1325223616105HRHT0,2026-05-28 23:00:00,2026-05-29 07:00:00,53,18.0,0,Continuity (2-mould press)
2026-05-29 00:00:00,A,75205,1325223616105HRHT0,2026-05-29 07:00:00,2026-05-29 15:00:00,53,18.0,0,Continuity (2-mould press)
2026-05-29 00:00:00,B,75205,1325223616105HRHT0,2026-05-29 15:00:00,2026-05-29 23:00:00,53,18.0,0,Continuity (2-mould press)
2026-05-29 00:00:00,C,75205,1325223616105HRHT0,2026-05-29 23:00:00,2026-05-30 07:00:00,53,18.0,0,Continuity (2-mould press)
2026-05-30 00:00:00,A,75205,1325223616105HRHT0,2026-05-30 07:00:00,2026-05-30 15:00:00,53,18.0,0,Continuity (2-mould press)
2026-05-30 00:00:00,B,75205,1325223616105HRHT0,2026-05-30 15:00:00,2026-05-30 23:00:00,53,18.0,0,Continuity (2-mould press)
2026-05-30 00:00:00,C,75205,1325223616105HRHT0,2026-05-30 23:00:00,2026-05-31 07:00:00,53,18.0,0,Continuity (2-mould press)
2026-05-31 00:00:00,A,75205,1325223616105HRHT0,2026-05-31 07:00:00,2026-05-31 15:00:00,53,18.0,0,Continuity (2-mould press)
2026-05-31 00:00:00,B,75205,1325223616105HRHT0,2026-05-31 15:00:00,2026-05-31 23:00:00,53,18.0,0,Continuity (2-mould press)
2026-05-31 00:00:00,C,75205,1325223616105HRHT0,2026-05-31 23:00:00,2026-06-01 07:00:00,53,18.0,0,Continuity (2-mould press)
2026-06-01 00:00:00,A,75205,1325223616105HRHT0,2026-06-01 07:00:00,2026-06-01 15:00:00,53,18.0,0,Continuity (2-mould press)
2026-06-01 00:00:00,B,75205,1325223616105HRHT0,2026-06-01 15:00:00,2026-06-01 23:00:00,53,18.0,0,Continuity (2-mould press)
2026-06-01 00:00:00,C,75205,1325223616105HRHT0,2026-06-01 23:00:00,2026-06-02 07:00:00,53,18.0,0,Continuity (2-mould press)
2026-06-02 00:00:00,A,75205,1325223616105HRHT0,2026-06-02 07:00:00,2026-06-02 15:00:00,53,18.0,0,Continuity (2-mould press)
2026-06-02 00:00:00,B,75205,1325223616105HRHT0,2026-06-02 15:00:00,2026-06-02 23:00:00,53,18.0,0,Continuity (2-mould press)
2026-06-02 00:00:00,C,75205,1325223616105HRHT0,2026-06-02 23:00:00,2026-06-03 07:00:00,53,18.0,0,Continuity (2-mould press)
2026-06-03 00:00:00,A,75205,1325223616105HRHT0,2026-06-03 07:00:00,2026-06-03 15:00:00,53,18.0,0,Continuity (2-mould press)
2026-06-03 00:00:00,B,75205,1325223616105HRHT0,2026-06-03 15:00:00,2026-06-03 23:00:00,53,18.0,0,Continuity (2-mould press)
2026-06-03 00:00:00,C,75205,1325223616105HRHT0,2026-06-03 23:00:00,2026-06-04 02:48:00,25,18.0,0,Continuity (2-mould press)
2026-05-21 00:00:00,A,75206,1225121716010SXC10,2026-05-21 07:00:00,2026-05-21 15:00:00,64,15.0,0,Continuity (2-mould press)
2026-05-21 00:00:00,B,75206,1225121716010SXC10,2026-05-21 15:00:00,2026-05-21 23:00:00,64,15.0,0,Continuity (2-mould press)
2026-05-21 00:00:00,C,75206,1225121716010SXC10,2026-05-21 23:00:00,2026-05-22 07:00:00,64,15.0,0,Continuity (2-mould press)
2026-05-22 00:00:00,A,75206,1225121716010SXC10,2026-05-22 07:00:00,2026-05-22 15:00:00,64,15.0,0,Continuity (2-mould press)
2026-05-22 00:00:00,B,75206,1225121716010SXC10,2026-05-22 15:00:00,2026-05-22 23:00:00,64,15.0,0,Continuity (2-mould press)
2026-05-22 00:00:00,C,75206,1225121716010SXC10,2026-05-22 23:00:00,2026-05-23 06:30:00,60,15.0,0,Continuity (2-mould press)
2026-05-21 00:00:00,A,75207,1325121715100SRXT0,2026-05-21 07:00:00,2026-05-21 15:00:00,48,20.0,0,Continuity (2-mould press)
2026-05-21 00:00:00,B,75207,1325121715100SRXT0,2026-05-21 15:00:00,2026-05-21 23:00:00,48,20.0,0,Continuity (2-mould press)
2026-05-21 00:00:00,C,75207,1325121715100SRXT0,2026-05-21 23:00:00,2026-05-22 07:00:00,48,20.0,0,Continuity (2-mould press)
2026-05-22 00:00:00,A,75207,1325121715100SRXT0,2026-05-22 07:00:00,2026-05-22 15:00:00,48,20.0,0,Continuity (2-mould press)
2026-05-22 00:00:00,B,75207,1325121715100SRXT0,2026-05-22 15:00:00,2026-05-22 23:00:00,48,20.0,0,Continuity (2-mould press)
2026-05-22 00:00:00,C,75207,1325121715100SRXT0,2026-05-22 23:00:00,2026-05-23 07:00:00,48,20.0,0,Continuity (2-mould press)
2026-05-23 00:00:00,A,75207,1325121715100SRXT0,2026-05-23 07:00:00,2026-05-23 15:00:00,48,20.0,0,Continuity (2-mould press)
2026-05-23 00:00:00,B,75207,1325121715100SRXT0,2026-05-23 15:00:00,2026-05-23 23:00:00,48,20.0,0,Continuity (2-mould press)
2026-05-23 00:00:00,C,75207,1325121715100SRXT0,2026-05-23 23:00:00,2026-05-24 07:00:00,48,20.0,0,Continuity (2-mould press)
2026-05-24 00:00:00,A,75207,1325121715100SRXT0,2026-05-24 07:00:00,2026-05-24 15:00:00,48,20.0,0,Continuity (2-mould press)
2026-05-24 00:00:00,B,75207,1325121715100SRXT0,2026-05-24 15:00:00,2026-05-24 23:00:00,48,20.0,0,Continuity (2-mould press)
2026-05-24 00:00:00,C,75207,1325121715100SRXT0,2026-05-24 23:00:00,2026-05-25 07:00:00,48,20.0,0,Continuity (2-mould press)
2026-05-25 00:00:00,A,75207,1325121715100SRXT0,2026-05-25 07:00:00,2026-05-25 15:00:00,48,20.0,0,Continuity (2-mould press)
2026-05-25 00:00:00,B,75207,1325121715100SRXT0,2026-05-25 15:00:00,2026-05-25 23:00:00,48,20.0,0,Continuity (2-mould press)
2026-05-25 00:00:00,C,75207,1325121715100SRXT0,2026-05-25 23:00:00,2026-05-26 07:00:00,48,20.0,0,Continuity (2-mould press)
2026-05-26 00:00:00,A,75207,1325121715100SRXT0,2026-05-26 07:00:00,2026-05-26 15:00:00,48,20.0,0,Continuity (2-mould press)
2026-05-26 00:00:00,B,75207,1325121715100SRXT0,2026-05-26 15:00:00,2026-05-26 23:00:00,48,20.0,0,Continuity (2-mould press)
2026-05-26 00:00:00,C,75207,1325121715100SRXT0,2026-05-26 23:00:00,2026-05-27 07:00:00,48,20.0,0,Continuity (2-mould press)
2026-05-27 00:00:00,A,75207,1325121715100SRXT0,2026-05-27 07:00:00,2026-05-27 15:00:00,48,20.0,0,Continuity (2-mould press)
2026-05-27 00:00:00,B,75207,1325121715100SRXT0,2026-05-27 15:00:00,2026-05-27 23:00:00,48,20.0,0,Continuity (2-mould press)
2026-05-27 00:00:00,C,75207,1325121715100SRXT0,2026-05-27 23:00:00,2026-05-28 07:00:00,48,20.0,0,Continuity (2-mould press)
2026-05-28 00:00:00,A,75207,1325121715100SRXT0,2026-05-28 07:00:00,2026-05-28 15:00:00,48,20.0,0,Continuity (2-mould press)
2026-05-28 00:00:00,B,75207,1325121715100SRXT0,2026-05-28 15:00:00,2026-05-28 23:00:00,48,20.0,0,Continuity (2-mould press)
2026-05-28 00:00:00,C,75207,1325121715100SRXT0,2026-05-28 23:00:00,2026-05-29 07:00:00,48,20.0,0,Continuity (2-mould press)
2026-05-29 00:00:00,A,75207,1325121715100SRXT0,2026-05-29 07:00:00,2026-05-29 15:00:00,48,20.0,0,Continuity (2-mould press)
2026-05-29 00:00:00,B,75207,1325121715100SRXT0,2026-05-29 15:00:00,2026-05-29 23:00:00,48,20.0,0,Continuity (2-mould press)
2026-05-29 00:00:00,C,75207,1325121715100SRXT0,2026-05-29 23:00:00,2026-05-30 07:00:00,48,20.0,0,Continuity (2-mould press)
2026-05-30 00:00:00,A,75207,1325121715100SRXT0,2026-05-30 07:00:00,2026-05-30 15:00:00,48,20.0,0,Continuity (2-mould press)
2026-05-30 00:00:00,B,75207,1325121715100SRXT0,2026-05-30 15:00:00,2026-05-30 23:00:00,48,20.0,0,Continuity (2-mould press)
2026-05-30 00:00:00,C,75207,1325121715100SRXT0,2026-05-30 23:00:00,2026-05-31 07:00:00,48,20.0,0,Continuity (2-mould press)
2026-05-31 00:00:00,A,75207,1325121715100SRXT0,2026-05-31 07:00:00,2026-05-31 15:00:00,48,20.0,0,Continuity (2-mould press)
2026-05-31 00:00:00,B,75207,1325121715100SRXT0,2026-05-31 15:00:00,2026-05-31 23:00:00,48,20.0,0,Continuity (2-mould press)
2026-05-31 00:00:00,C,75207,1325121715100SRXT0,2026-05-31 23:00:00,2026-06-01 07:00:00,48,20.0,0,Continuity (2-mould press)
2026-06-01 00:00:00,A,75207,1325121715100SRXT0,2026-06-01 07:00:00,2026-06-01 15:00:00,48,20.0,0,Continuity (2-mould press)
2026-06-01 00:00:00,B,75207,1325121715100SRXT0,2026-06-01 15:00:00,2026-06-01 23:00:00,48,20.0,0,Continuity (2-mould press)
2026-06-01 00:00:00,C,75207,1325121715100SRXT0,2026-06-01 23:00:00,2026-06-02 07:00:00,48,20.0,0,Continuity (2-mould press)
2026-06-02 00:00:00,A,75207,1325121715100SRXT0,2026-06-02 07:00:00,2026-06-02 15:00:00,48,20.0,0,Continuity (2-mould press)
2026-06-02 00:00:00,B,75207,1325121715100SRXT0,2026-06-02 15:00:00,2026-06-02 23:00:00,48,20.0,0,Continuity (2-mould press)
2026-06-02 00:00:00,C,75207,1325121715100SRXT0,2026-06-02 23:00:00,2026-06-03 07:00:00,48,20.0,0,Continuity (2-mould press)
2026-06-03 00:00:00,A,75207,1325121715100SRXT0,2026-06-03 07:00:00,2026-06-03 15:00:00,48,20.0,0,Continuity (2-mould press)
2026-06-03 00:00:00,B,75207,1325121715100SRXT0,2026-06-03 15:00:00,2026-06-03 23:00:00,48,20.0,0,Continuity (2-mould press)
2026-06-03 00:00:00,C,75207,1325121715100SRXT0,2026-06-03 23:00:00,2026-06-04 07:00:00,48,20.0,0,Continuity (2-mould press)
2026-06-04 00:00:00,A,75207,1325121715100SRXT0,2026-06-04 07:00:00,2026-06-04 15:00:00,48,20.0,0,Continuity (2-mould press)
2026-06-04 00:00:00,B,75207,1325121715100SRXT0,2026-06-04 15:00:00,2026-06-04 23:00:00,48,20.0,0,Continuity (2-mould press)
2026-06-04 00:00:00,C,75207,1325121715100SRXT0,2026-06-04 23:00:00,2026-06-05 07:00:00,48,20.0,0,Continuity (2-mould press)
2026-06-05 00:00:00,A,75207,1325121715100SRXT0,2026-06-05 07:00:00,2026-06-05 15:00:00,48,20.0,0,Continuity (2-mould press)
2026-06-05 00:00:00,B,75207,1325121715100SRXT0,2026-06-05 15:00:00,2026-06-05 23:00:00,48,20.0,0,Continuity (2-mould press)
2026-06-05 00:00:00,C,75207,1325121715100SRXT0,2026-06-05 23:00:00,2026-06-06 07:00:00,48,20.0,0,Continuity (2-mould press)
2026-06-06 00:00:00,A,75207,1325121715100SRXT0,2026-06-06 07:00:00,2026-06-06 15:00:00,48,20.0,0,Continuity (2-mould press)
2026-06-06 00:00:00,B,75207,1325121715100SRXT0,2026-06-06 15:00:00,2026-06-06 20:00:00,30,20.0,0,Continuity (2-mould press)
2026-05-21 00:00:00,A,75208,1325221715100SRHT0,2026-05-21 07:00:00,2026-05-21 15:00:00,53,18.0,96,Continuity (2-mould press)
2026-05-21 00:00:00,B,75208,1325221715100SRHT0,2026-05-21 15:00:00,2026-05-21 23:00:00,53,18.0,96,Continuity (2-mould press)
2026-05-21 00:00:00,C,75208,1325221715100SRHT0,2026-05-21 23:00:00,2026-05-22 07:00:00,53,18.0,96,Continuity (2-mould press)
2026-05-22 00:00:00,A,75208,1325221715100SRHT0,2026-05-22 07:00:00,2026-05-22 15:00:00,53,18.0,96,Continuity (2-mould press)
2026-05-22 00:00:00,B,75208,1325221715100SRHT0,2026-05-22 15:00:00,2026-05-22 23:00:00,53,18.0,96,Continuity (2-mould press)
2026-05-22 00:00:00,C,75208,1325221715100SRHT0,2026-05-22 23:00:00,2026-05-23 07:00:00,53,18.0,96,Continuity (2-mould press)
2026-05-23 00:00:00,A,75208,1325221715100SRHT0,2026-05-23 07:00:00,2026-05-23 15:00:00,53,18.0,96,Continuity (2-mould press)
2026-05-23 00:00:00,B,75208,1325221715100SRHT0,2026-05-23 15:00:00,2026-05-23 23:00:00,53,18.0,96,Continuity (2-mould press)
2026-05-23 00:00:00,C,75208,1325221715100SRHT0,2026-05-23 23:00:00,2026-05-24 07:00:00,53,18.0,96,Continuity (2-mould press)
2026-05-24 00:00:00,A,75208,1325221715100SRHT0,2026-05-24 07:00:00,2026-05-24 15:00:00,53,18.0,96,Continuity (2-mould press)
2026-05-24 00:00:00,B,75208,1325221715100SRHT0,2026-05-24 15:00:00,2026-05-24 23:00:00,53,18.0,96,Continuity (2-mould press)
2026-05-24 00:00:00,C,75208,1325221715100SRHT0,2026-05-24 23:00:00,2026-05-25 07:00:00,53,18.0,96,Continuity (2-mould press)
2026-05-25 00:00:00,A,75208,1325221715100SRHT0,2026-05-25 07:00:00,2026-05-25 15:00:00,53,18.0,96,Continuity (2-mould press)
2026-05-25 00:00:00,B,75208,1325221715100SRHT0,2026-05-25 15:00:00,2026-05-25 23:00:00,53,18.0,96,Continuity (2-mould press)
2026-05-25 00:00:00,C,75208,1325221715100SRHT0,2026-05-25 23:00:00,2026-05-26 07:00:00,53,18.0,96,Continuity (2-mould press)
2026-05-26 00:00:00,A,75208,1325221715100SRHT0,2026-05-26 07:00:00,2026-05-26 15:00:00,53,18.0,96,Continuity (2-mould press)
2026-05-26 00:00:00,B,75208,1325221715100SRHT0,2026-05-26 15:00:00,2026-05-26 23:00:00,53,18.0,96,Continuity (2-mould press)
2026-05-26 00:00:00,C,75208,1325221715100SRHT0,2026-05-26 23:00:00,2026-05-27 07:00:00,53,18.0,96,Continuity (2-mould press)
2026-05-27 00:00:00,A,75208,1325221715100SRHT0,2026-05-27 07:00:00,2026-05-27 12:24:00,36,18.0,96,Continuity (2-mould press)
2026-05-27 00:00:00,A,75208,MOULD_CLEAN,2026-05-27 12:24:00,2026-05-27 14:24:00,0,0.0,0,Mould cleaning (continuity)
2026-05-27 00:00:00,A,75208,1325221715100SRHT0,2026-05-27 14:24:00,2026-05-27 15:00:00,4,18.0,96,Continuity (2-mould press)
2026-05-27 00:00:00,B,75208,1325221715100SRHT0,2026-05-27 15:00:00,2026-05-27 21:00:00,40,18.0,96,Continuity (2-mould press)
2026-05-21 00:00:00,A,75209,1325214813075SUNE1,2026-05-21 07:00:00,2026-05-21 14:30:00,60,15.0,227,Continuity (2-mould press)
2026-05-21 00:00:00,A,75210,1D25215Z13008QXPC0,2026-05-21 07:00:00,2026-05-21 15:00:00,48,20.0,0,Continuity (2-mould press)
2026-05-21 00:00:00,B,75210,1D25215Z13008QXPC0,2026-05-21 15:00:00,2026-05-21 23:00:00,48,20.0,0,Continuity (2-mould press)
2026-05-21 00:00:00,C,75210,1D25215Z13008QXPC0,2026-05-21 23:00:00,2026-05-22 07:00:00,48,20.0,0,Continuity (2-mould press)
2026-05-22 00:00:00,A,75210,1D25215Z13008QXPC0,2026-05-22 07:00:00,2026-05-22 15:00:00,48,20.0,0,Continuity (2-mould press)
2026-05-22 00:00:00,B,75210,1D25215Z13008QXPC0,2026-05-22 15:00:00,2026-05-22 23:00:00,48,20.0,0,Continuity (2-mould press)
2026-05-22 00:00:00,C,75210,1D25215Z13008QXPC0,2026-05-22 23:00:00,2026-05-23 07:00:00,48,20.0,0,Continuity (2-mould press)
2026-05-23 00:00:00,A,75210,1D25215Z13008QXPC0,2026-05-23 07:00:00,2026-05-23 15:00:00,48,20.0,0,Continuity (2-mould press)
2026-05-23 00:00:00,B,75210,1D25215Z13008QXPC0,2026-05-23 15:00:00,2026-05-23 23:00:00,48,20.0,0,Continuity (2-mould press)
2026-05-23 00:00:00,C,75210,1D25215Z13008QXPC0,2026-05-23 23:00:00,2026-05-24 07:00:00,48,20.0,0,Continuity (2-mould press)
2026-05-24 00:00:00,A,75210,1D25215Z13008QXPC0,2026-05-24 07:00:00,2026-05-24 15:00:00,48,20.0,0,Continuity (2-mould press)
2026-05-24 00:00:00,B,75210,1D25215Z13008QXPC0,2026-05-24 15:00:00,2026-05-24 23:00:00,48,20.0,0,Continuity (2-mould press)
2026-05-24 00:00:00,C,75210,1D25215Z13008QXPC0,2026-05-24 23:00:00,2026-05-25 07:00:00,48,20.0,0,Continuity (2-mould press)
2026-05-25 00:00:00,A,75210,1D25215Z13008QXPC0,2026-05-25 07:00:00,2026-05-25 15:00:00,48,20.0,0,Continuity (2-mould press)
2026-05-25 00:00:00,B,75210,1D25215Z13008QXPC0,2026-05-25 15:00:00,2026-05-25 23:00:00,48,20.0,0,Continuity (2-mould press)
2026-05-25 00:00:00,C,75210,1D25215Z13008QXPC0,2026-05-25 23:00:00,2026-05-26 07:00:00,48,20.0,0,Continuity (2-mould press)
2026-05-26 00:00:00,A,75210,1D25215Z13008QXPC0,2026-05-26 07:00:00,2026-05-26 15:00:00,48,20.0,0,Continuity (2-mould press)
2026-05-26 00:00:00,B,75210,1D25215Z13008QXPC0,2026-05-26 15:00:00,2026-05-26 23:00:00,48,20.0,0,Continuity (2-mould press)
2026-05-26 00:00:00,C,75210,1D25215Z13008QXPC0,2026-05-26 23:00:00,2026-05-27 07:00:00,48,20.0,0,Continuity (2-mould press)
2026-05-27 00:00:00,A,75210,1D25215Z13008QXPC0,2026-05-27 07:00:00,2026-05-27 15:00:00,48,20.0,0,Continuity (2-mould press)
2026-05-27 00:00:00,B,75210,1D25215Z13008QXPC0,2026-05-27 15:00:00,2026-05-27 23:00:00,48,20.0,0,Continuity (2-mould press)
2026-05-27 00:00:00,C,75210,1D25215Z13008QXPC0,2026-05-27 23:00:00,2026-05-28 07:00:00,48,20.0,0,Continuity (2-mould press)
2026-05-28 00:00:00,A,75210,1D25215Z13008QXPC0,2026-05-28 07:00:00,2026-05-28 15:00:00,48,20.0,0,Continuity (2-mould press)
2026-05-21 00:00:00,A,75211,1325218515088HTMX0,2026-05-21 07:00:00,2026-05-21 15:00:00,60,16.0,136,Continuity (2-mould press)
2026-05-21 00:00:00,B,75211,1325218515088HTMX0,2026-05-21 15:00:00,2026-05-21 23:00:00,60,16.0,136,Continuity (2-mould press)
2026-05-21 00:00:00,C,75211,1325218515088HTMX0,2026-05-21 23:00:00,2026-05-22 07:00:00,60,16.0,136,Continuity (2-mould press)
2026-05-22 00:00:00,A,75211,1325218515088HTMX0,2026-05-22 07:00:00,2026-05-22 15:00:00,60,16.0,136,Continuity (2-mould press)
2026-05-22 00:00:00,B,75211,1325218515088HTMX0,2026-05-22 15:00:00,2026-05-22 20:04:00,38,16.0,136,Continuity (2-mould press)
2026-05-21 00:00:00,A,75212,1325221417100HURL1,2026-05-21 07:00:00,2026-05-21 15:00:00,48,20.0,325,Continuity (2-mould press)
2026-05-21 00:00:00,B,75212,1325221417100HURL1,2026-05-21 15:00:00,2026-05-21 23:00:00,48,20.0,325,Continuity (2-mould press)
2026-05-21 00:00:00,C,75212,1325221417100HURL1,2026-05-21 23:00:00,2026-05-22 07:00:00,48,20.0,325,Continuity (2-mould press)
2026-05-22 00:00:00,A,75212,1325221417100HURL1,2026-05-22 07:00:00,2026-05-22 15:00:00,48,20.0,325,Continuity (2-mould press)
2026-05-22 00:00:00,B,75212,1325221417100HURL1,2026-05-22 15:00:00,2026-05-22 23:00:00,48,20.0,325,Continuity (2-mould press)
2026-05-22 00:00:00,C,75212,1325221417100HURL1,2026-05-22 23:00:00,2026-05-23 07:00:00,48,20.0,325,Continuity (2-mould press)
2026-05-23 00:00:00,A,75212,1325221417100HURL1,2026-05-23 07:00:00,2026-05-23 15:00:00,48,20.0,325,Continuity (2-mould press)
2026-05-23 00:00:00,B,75212,1325221417100HURL1,2026-05-23 15:00:00,2026-05-23 17:40:00,16,20.0,325,Continuity (2-mould press)
2026-05-23 00:00:00,B,75212,MOULD_CLEAN,2026-05-23 17:40:00,2026-05-23 19:40:00,0,0.0,0,Mould cleaning (continuity)
2026-05-23 00:00:00,B,75212,1325221417100HURL1,2026-05-23 19:40:00,2026-05-23 23:00:00,20,20.0,325,Continuity (2-mould press)
2026-05-23 00:00:00,C,75212,1325221417100HURL1,2026-05-23 23:00:00,2026-05-24 07:00:00,48,20.0,325,Continuity (2-mould press)
2026-05-24 00:00:00,A,75212,1325221417100HURL1,2026-05-24 07:00:00,2026-05-24 15:00:00,48,20.0,325,Continuity (2-mould press)
2026-05-24 00:00:00,B,75212,1325221417100HURL1,2026-05-24 15:00:00,2026-05-24 23:00:00,48,20.0,325,Continuity (2-mould press)
2026-05-24 00:00:00,C,75212,1325221417100HURL1,2026-05-24 23:00:00,2026-05-25 07:00:00,48,20.0,325,Continuity (2-mould press)
2026-05-25 00:00:00,A,75212,1325221417100HURL1,2026-05-25 07:00:00,2026-05-25 15:00:00,48,20.0,325,Continuity (2-mould press)
2026-05-25 00:00:00,B,75212,1325221417100HURL1,2026-05-25 15:00:00,2026-05-25 23:00:00,48,20.0,325,Continuity (2-mould press)
2026-05-25 00:00:00,C,75212,1325221417100HURL1,2026-05-25 23:00:00,2026-05-26 07:00:00,48,20.0,325,Continuity (2-mould press)
2026-05-26 00:00:00,A,75212,1325221417100HURL1,2026-05-26 07:00:00,2026-05-26 15:00:00,48,20.0,325,Continuity (2-mould press)
2026-05-26 00:00:00,B,75212,1325221417100HURL1,2026-05-26 15:00:00,2026-05-26 23:00:00,48,20.0,325,Continuity (2-mould press)
2026-05-26 00:00:00,C,75212,1325221417100HURL1,2026-05-26 23:00:00,2026-05-27 07:00:00,48,20.0,325,Continuity (2-mould press)
2026-05-27 00:00:00,A,75212,1325221417100HURL1,2026-05-27 07:00:00,2026-05-27 15:00:00,48,20.0,325,Continuity (2-mould press)
2026-05-27 00:00:00,B,75212,1325221417100HURL1,2026-05-27 15:00:00,2026-05-27 23:00:00,48,20.0,325,Continuity (2-mould press)
2026-05-27 00:00:00,C,75212,1325221417100HURL1,2026-05-27 23:00:00,2026-05-28 07:00:00,48,20.0,325,Continuity (2-mould press)
2026-05-28 00:00:00,A,75212,1325221417100HURL1,2026-05-28 07:00:00,2026-05-28 15:00:00,48,20.0,325,Continuity (2-mould press)
2026-05-28 00:00:00,B,75212,1325221417100HURL1,2026-05-28 15:00:00,2026-05-28 23:00:00,48,20.0,325,Continuity (2-mould press)
2026-05-28 00:00:00,C,75212,1325221417100HURL1,2026-05-28 23:00:00,2026-05-29 07:00:00,48,20.0,325,Continuity (2-mould press)
2026-05-29 00:00:00,A,75212,1325221417100HURL1,2026-05-29 07:00:00,2026-05-29 15:00:00,48,20.0,325,Continuity (2-mould press)
2026-05-29 00:00:00,B,75212,1325221417100HURL1,2026-05-29 15:00:00,2026-05-29 23:00:00,48,20.0,325,Continuity (2-mould press)
2026-05-29 00:00:00,C,75212,1325221417100HURL1,2026-05-29 23:00:00,2026-05-30 07:00:00,48,20.0,325,Continuity (2-mould press)
2026-05-30 00:00:00,A,75212,1325221417100HURL1,2026-05-30 07:00:00,2026-05-30 15:00:00,48,20.0,325,Continuity (2-mould press)
2026-05-30 00:00:00,B,75212,1325221417100HURL1,2026-05-30 15:00:00,2026-05-30 23:00:00,48,20.0,325,Continuity (2-mould press)
2026-05-30 00:00:00,C,75212,1325221417100HURL1,2026-05-30 23:00:00,2026-05-31 07:00:00,48,20.0,325,Continuity (2-mould press)
2026-05-31 00:00:00,A,75212,1325221417100HURL1,2026-05-31 07:00:00,2026-05-31 15:00:00,48,20.0,325,Continuity (2-mould press)
2026-05-31 00:00:00,B,75212,1325221417100HURL1,2026-05-31 15:00:00,2026-05-31 23:00:00,48,20.0,325,Continuity (2-mould press)
2026-05-31 00:00:00,C,75212,1325221417100HURL1,2026-05-31 23:00:00,2026-06-01 04:00:00,30,20.0,325,Continuity (2-mould press)
2026-05-21 00:00:00,A,75213,1325218515088HTMX0,2026-05-21 07:00:00,2026-05-21 15:00:00,60,16.0,136,Continuity (2-mould press)
2026-05-21 00:00:00,B,75213,1325218515088HTMX0,2026-05-21 15:00:00,2026-05-21 23:00:00,60,16.0,136,Continuity (2-mould press)
2026-05-21 00:00:00,C,75213,1325218515088HTMX0,2026-05-21 23:00:00,2026-05-22 07:00:00,60,16.0,136,Continuity (2-mould press)
2026-05-22 00:00:00,A,75213,1325218515088HTMX0,2026-05-22 07:00:00,2026-05-22 15:00:00,60,16.0,136,Continuity (2-mould press)
2026-05-22 00:00:00,B,75213,1325218515088HTMX0,2026-05-22 15:00:00,2026-05-22 20:04:00,38,16.0,136,Continuity (2-mould press)
2026-05-21 00:00:00,A,75214,1325223517104HRHT0,2026-05-21 07:00:00,2026-05-21 15:00:00,51,19.0,38,Continuity (2-mould press)
2026-05-21 00:00:00,B,75214,1325223517104HRHT0,2026-05-21 15:00:00,2026-05-21 23:00:00,51,19.0,38,Continuity (2-mould press)
2026-05-21 00:00:00,C,75214,1325223517104HRHT0,2026-05-21 23:00:00,2026-05-22 07:00:00,51,19.0,38,Continuity (2-mould press)
2026-05-22 00:00:00,A,75214,1325223517104HRHT0,2026-05-22 07:00:00,2026-05-22 15:00:00,51,19.0,38,Continuity (2-mould press)
2026-05-22 00:00:00,B,75214,1325223517104HRHT0,2026-05-22 15:00:00,2026-05-22 23:00:00,51,19.0,38,Continuity (2-mould press)
2026-05-22 00:00:00,C,75214,1325223517104HRHT0,2026-05-22 23:00:00,2026-05-23 07:00:00,51,19.0,38,Continuity (2-mould press)
2026-05-23 00:00:00,A,75214,1325223517104HRHT0,2026-05-23 07:00:00,2026-05-23 15:00:00,51,19.0,38,Continuity (2-mould press)
2026-05-23 00:00:00,B,75214,1325223517104HRHT0,2026-05-23 15:00:00,2026-05-23 23:00:00,51,19.0,38,Continuity (2-mould press)
2026-05-23 00:00:00,C,75214,1325223517104HRHT0,2026-05-23 23:00:00,2026-05-24 07:00:00,51,19.0,38,Continuity (2-mould press)
2026-05-24 00:00:00,A,75214,1325223517104HRHT0,2026-05-24 07:00:00,2026-05-24 15:00:00,51,19.0,38,Continuity (2-mould press)
2026-05-24 00:00:00,B,75214,1325223517104HRHT0,2026-05-24 15:00:00,2026-05-24 23:00:00,51,19.0,38,Continuity (2-mould press)
2026-05-24 00:00:00,C,75214,1325223517104HRHT0,2026-05-24 23:00:00,2026-05-25 07:00:00,51,19.0,38,Continuity (2-mould press)
2026-05-25 00:00:00,A,75214,1325223517104HRHT0,2026-05-25 07:00:00,2026-05-25 15:00:00,51,19.0,38,Continuity (2-mould press)
2026-05-25 00:00:00,B,75214,1325223517104HRHT0,2026-05-25 15:00:00,2026-05-25 23:00:00,51,19.0,38,Continuity (2-mould press)
2026-05-25 00:00:00,C,75214,1325223517104HRHT0,2026-05-25 23:00:00,2026-05-26 07:00:00,51,19.0,38,Continuity (2-mould press)
2026-05-26 00:00:00,A,75214,1325223517104HRHT0,2026-05-26 07:00:00,2026-05-26 15:00:00,51,19.0,38,Continuity (2-mould press)
2026-05-26 00:00:00,B,75214,1325223517104HRHT0,2026-05-26 15:00:00,2026-05-26 18:25:00,22,19.0,38,Continuity (2-mould press)
2026-05-21 00:00:00,A,75215,1325214813075SUNE1,2026-05-21 07:00:00,2026-05-21 13:00:00,48,15.0,227,Continuity (2-mould press)
2026-05-21 00:00:00,A,75216,1325221417100HURL1,2026-05-21 07:00:00,2026-05-21 15:00:00,48,20.0,325,Continuity (2-mould press)
2026-05-21 00:00:00,B,75216,1325221417100HURL1,2026-05-21 15:00:00,2026-05-21 23:00:00,48,20.0,325,Continuity (2-mould press)
2026-05-21 00:00:00,C,75216,1325221417100HURL1,2026-05-21 23:00:00,2026-05-22 07:00:00,48,20.0,325,Continuity (2-mould press)
2026-05-22 00:00:00,A,75216,1325221417100HURL1,2026-05-22 07:00:00,2026-05-22 15:00:00,48,20.0,325,Continuity (2-mould press)
2026-05-22 00:00:00,B,75216,1325221417100HURL1,2026-05-22 15:00:00,2026-05-22 23:00:00,48,20.0,325,Continuity (2-mould press)
2026-05-22 00:00:00,C,75216,1325221417100HURL1,2026-05-22 23:00:00,2026-05-23 07:00:00,48,20.0,325,Continuity (2-mould press)
2026-05-23 00:00:00,A,75216,1325221417100HURL1,2026-05-23 07:00:00,2026-05-23 15:00:00,48,20.0,325,Continuity (2-mould press)
2026-05-23 00:00:00,B,75216,1325221417100HURL1,2026-05-23 15:00:00,2026-05-23 23:00:00,48,20.0,325,Continuity (2-mould press)
2026-05-23 00:00:00,C,75216,1325221417100HURL1,2026-05-23 23:00:00,2026-05-24 07:00:00,48,20.0,325,Continuity (2-mould press)
2026-05-24 00:00:00,A,75216,1325221417100HURL1,2026-05-24 07:00:00,2026-05-24 15:00:00,48,20.0,325,Continuity (2-mould press)
2026-05-24 00:00:00,B,75216,1325221417100HURL1,2026-05-24 15:00:00,2026-05-24 23:00:00,48,20.0,325,Continuity (2-mould press)
2026-05-24 00:00:00,C,75216,1325221417100HURL1,2026-05-24 23:00:00,2026-05-25 07:00:00,48,20.0,325,Continuity (2-mould press)
2026-05-25 00:00:00,A,75216,1325221417100HURL1,2026-05-25 07:00:00,2026-05-25 15:00:00,48,20.0,325,Continuity (2-mould press)
2026-05-25 00:00:00,B,75216,1325221417100HURL1,2026-05-25 15:00:00,2026-05-25 23:00:00,48,20.0,325,Continuity (2-mould press)
2026-05-25 00:00:00,C,75216,1325221417100HURL1,2026-05-25 23:00:00,2026-05-26 07:00:00,48,20.0,325,Continuity (2-mould press)
2026-05-26 00:00:00,A,75216,1325221417100HURL1,2026-05-26 07:00:00,2026-05-26 15:00:00,48,20.0,325,Continuity (2-mould press)
2026-05-26 00:00:00,B,75216,1325221417100HURL1,2026-05-26 15:00:00,2026-05-26 23:00:00,48,20.0,325,Continuity (2-mould press)
2026-05-26 00:00:00,C,75216,1325221417100HURL1,2026-05-26 23:00:00,2026-05-27 07:00:00,48,20.0,325,Continuity (2-mould press)
2026-05-27 00:00:00,A,75216,1325221417100HURL1,2026-05-27 07:00:00,2026-05-27 15:00:00,48,20.0,325,Continuity (2-mould press)
2026-05-27 00:00:00,B,75216,1325221417100HURL1,2026-05-27 15:00:00,2026-05-27 23:00:00,48,20.0,325,Continuity (2-mould press)
2026-05-27 00:00:00,C,75216,1325221417100HURL1,2026-05-27 23:00:00,2026-05-28 07:00:00,48,20.0,325,Continuity (2-mould press)
2026-05-28 00:00:00,A,75216,1325221417100HURL1,2026-05-28 07:00:00,2026-05-28 15:00:00,48,20.0,325,Continuity (2-mould press)
2026-05-28 00:00:00,B,75216,1325221417100HURL1,2026-05-28 15:00:00,2026-05-28 23:00:00,48,20.0,325,Continuity (2-mould press)
2026-05-28 00:00:00,C,75216,1325221417100HURL1,2026-05-28 23:00:00,2026-05-29 07:00:00,48,20.0,325,Continuity (2-mould press)
2026-05-29 00:00:00,A,75216,1325221417100HURL1,2026-05-29 07:00:00,2026-05-29 15:00:00,48,20.0,325,Continuity (2-mould press)
2026-05-29 00:00:00,B,75216,1325221417100HURL1,2026-05-29 15:00:00,2026-05-29 23:00:00,48,20.0,325,Continuity (2-mould press)
2026-05-29 00:00:00,C,75216,1325221417100HURL1,2026-05-29 23:00:00,2026-05-30 07:00:00,48,20.0,325,Continuity (2-mould press)
2026-05-30 00:00:00,A,75216,1325221417100HURL1,2026-05-30 07:00:00,2026-05-30 15:00:00,48,20.0,325,Continuity (2-mould press)
2026-05-30 00:00:00,B,75216,1325221417100HURL1,2026-05-30 15:00:00,2026-05-30 23:00:00,48,20.0,325,Continuity (2-mould press)
2026-05-30 00:00:00,C,75216,1325221417100HURL1,2026-05-30 23:00:00,2026-05-31 07:00:00,48,20.0,325,Continuity (2-mould press)
2026-05-31 00:00:00,A,75216,1325221417100HURL1,2026-05-31 07:00:00,2026-05-31 15:00:00,48,20.0,325,Continuity (2-mould press)
2026-05-31 00:00:00,B,75216,1325221417100HURL1,2026-05-31 15:00:00,2026-05-31 23:00:00,48,20.0,325,Continuity (2-mould press)
2026-05-31 00:00:00,C,75216,1325221417100HURL1,2026-05-31 23:00:00,2026-06-01 02:00:00,18,20.0,325,Continuity (2-mould press)
2026-05-21 00:00:00,A,75217,1D25215Z13008QXPC0,2026-05-21 07:00:00,2026-05-21 15:00:00,48,20.0,0,Continuity (2-mould press)
2026-05-21 00:00:00,B,75217,1D25215Z13008QXPC0,2026-05-21 15:00:00,2026-05-21 23:00:00,48,20.0,0,Continuity (2-mould press)
2026-05-21 00:00:00,C,75217,1D25215Z13008QXPC0,2026-05-21 23:00:00,2026-05-22 07:00:00,48,20.0,0,Continuity (2-mould press)
2026-05-22 00:00:00,A,75217,1D25215Z13008QXPC0,2026-05-22 07:00:00,2026-05-22 15:00:00,48,20.0,0,Continuity (2-mould press)
2026-05-22 00:00:00,B,75217,1D25215Z13008QXPC0,2026-05-22 15:00:00,2026-05-22 23:00:00,48,20.0,0,Continuity (2-mould press)
2026-05-22 00:00:00,C,75217,1D25215Z13008QXPC0,2026-05-22 23:00:00,2026-05-23 07:00:00,48,20.0,0,Continuity (2-mould press)
2026-05-23 00:00:00,A,75217,1D25215Z13008QXPC0,2026-05-23 07:00:00,2026-05-23 15:00:00,48,20.0,0,Continuity (2-mould press)
2026-05-23 00:00:00,B,75217,1D25215Z13008QXPC0,2026-05-23 15:00:00,2026-05-23 23:00:00,48,20.0,0,Continuity (2-mould press)
2026-05-23 00:00:00,C,75217,1D25215Z13008QXPC0,2026-05-23 23:00:00,2026-05-24 07:00:00,48,20.0,0,Continuity (2-mould press)
2026-05-24 00:00:00,A,75217,1D25215Z13008QXPC0,2026-05-24 07:00:00,2026-05-24 15:00:00,48,20.0,0,Continuity (2-mould press)
2026-05-24 00:00:00,B,75217,1D25215Z13008QXPC0,2026-05-24 15:00:00,2026-05-24 23:00:00,48,20.0,0,Continuity (2-mould press)
2026-05-24 00:00:00,C,75217,1D25215Z13008QXPC0,2026-05-24 23:00:00,2026-05-25 07:00:00,48,20.0,0,Continuity (2-mould press)
2026-05-25 00:00:00,A,75217,1D25215Z13008QXPC0,2026-05-25 07:00:00,2026-05-25 15:00:00,48,20.0,0,Continuity (2-mould press)
2026-05-25 00:00:00,B,75217,1D25215Z13008QXPC0,2026-05-25 15:00:00,2026-05-25 23:00:00,48,20.0,0,Continuity (2-mould press)
2026-05-25 00:00:00,C,75217,1D25215Z13008QXPC0,2026-05-25 23:00:00,2026-05-26 07:00:00,48,20.0,0,Continuity (2-mould press)
2026-05-26 00:00:00,A,75217,1D25215Z13008QXPC0,2026-05-26 07:00:00,2026-05-26 15:00:00,48,20.0,0,Continuity (2-mould press)
2026-05-26 00:00:00,B,75217,1D25215Z13008QXPC0,2026-05-26 15:00:00,2026-05-26 23:00:00,48,20.0,0,Continuity (2-mould press)
2026-05-26 00:00:00,C,75217,1D25215Z13008QXPC0,2026-05-26 23:00:00,2026-05-27 07:00:00,48,20.0,0,Continuity (2-mould press)
2026-05-27 00:00:00,A,75217,1D25215Z13008QXPC0,2026-05-27 07:00:00,2026-05-27 15:00:00,48,20.0,0,Continuity (2-mould press)
2026-05-27 00:00:00,B,75217,1D25215Z13008QXPC0,2026-05-27 15:00:00,2026-05-27 23:00:00,48,20.0,0,Continuity (2-mould press)
2026-05-27 00:00:00,C,75217,1D25215Z13008QXPC0,2026-05-27 23:00:00,2026-05-28 07:00:00,48,20.0,0,Continuity (2-mould press)
2026-05-28 00:00:00,A,75217,1D25215Z13008QXPC0,2026-05-28 07:00:00,2026-05-28 15:00:00,48,20.0,0,Continuity (2-mould press)
2026-05-21 00:00:00,A,75218,1325218515088HTMX0,2026-05-21 07:00:00,2026-05-21 15:00:00,60,16.0,136,Continuity (2-mould press)
2026-05-21 00:00:00,B,75218,1325218515088HTMX0,2026-05-21 15:00:00,2026-05-21 23:00:00,60,16.0,136,Continuity (2-mould press)
2026-05-21 00:00:00,C,75218,1325218515088HTMX0,2026-05-21 23:00:00,2026-05-22 07:00:00,60,16.0,136,Continuity (2-mould press)
2026-05-22 00:00:00,A,75218,1325218515088HTMX0,2026-05-22 07:00:00,2026-05-22 15:00:00,60,16.0,136,Continuity (2-mould press)
2026-05-22 00:00:00,B,75218,1325218515088HTMX0,2026-05-22 15:00:00,2026-05-22 20:04:00,38,16.0,136,Continuity (2-mould press)
2026-05-21 00:00:00,A,75219,1D25215Z13008QXPC0,2026-05-21 07:00:00,2026-05-21 15:00:00,48,20.0,0,Continuity (2-mould press)
2026-05-21 00:00:00,B,75219,1D25215Z13008QXPC0,2026-05-21 15:00:00,2026-05-21 23:00:00,48,20.0,0,Continuity (2-mould press)
2026-05-21 00:00:00,C,75219,1D25215Z13008QXPC0,2026-05-21 23:00:00,2026-05-22 07:00:00,48,20.0,0,Continuity (2-mould press)
2026-05-22 00:00:00,A,75219,1D25215Z13008QXPC0,2026-05-22 07:00:00,2026-05-22 15:00:00,48,20.0,0,Continuity (2-mould press)
2026-05-22 00:00:00,B,75219,1D25215Z13008QXPC0,2026-05-22 15:00:00,2026-05-22 23:00:00,48,20.0,0,Continuity (2-mould press)
2026-05-22 00:00:00,C,75219,1D25215Z13008QXPC0,2026-05-22 23:00:00,2026-05-23 07:00:00,48,20.0,0,Continuity (2-mould press)
2026-05-23 00:00:00,A,75219,1D25215Z13008QXPC0,2026-05-23 07:00:00,2026-05-23 15:00:00,48,20.0,0,Continuity (2-mould press)
2026-05-23 00:00:00,B,75219,1D25215Z13008QXPC0,2026-05-23 15:00:00,2026-05-23 23:00:00,48,20.0,0,Continuity (2-mould press)
2026-05-23 00:00:00,C,75219,1D25215Z13008QXPC0,2026-05-23 23:00:00,2026-05-24 07:00:00,48,20.0,0,Continuity (2-mould press)
2026-05-24 00:00:00,A,75219,1D25215Z13008QXPC0,2026-05-24 07:00:00,2026-05-24 15:00:00,48,20.0,0,Continuity (2-mould press)
2026-05-24 00:00:00,B,75219,1D25215Z13008QXPC0,2026-05-24 15:00:00,2026-05-24 23:00:00,48,20.0,0,Continuity (2-mould press)
2026-05-24 00:00:00,C,75219,1D25215Z13008QXPC0,2026-05-24 23:00:00,2026-05-25 07:00:00,48,20.0,0,Continuity (2-mould press)
2026-05-25 00:00:00,A,75219,1D25215Z13008QXPC0,2026-05-25 07:00:00,2026-05-25 15:00:00,48,20.0,0,Continuity (2-mould press)
2026-05-25 00:00:00,B,75219,1D25215Z13008QXPC0,2026-05-25 15:00:00,2026-05-25 23:00:00,48,20.0,0,Continuity (2-mould press)
2026-05-25 00:00:00,C,75219,1D25215Z13008QXPC0,2026-05-25 23:00:00,2026-05-26 07:00:00,48,20.0,0,Continuity (2-mould press)
2026-05-26 00:00:00,A,75219,1D25215Z13008QXPC0,2026-05-26 07:00:00,2026-05-26 15:00:00,48,20.0,0,Continuity (2-mould press)
2026-05-26 00:00:00,B,75219,1D25215Z13008QXPC0,2026-05-26 15:00:00,2026-05-26 23:00:00,48,20.0,0,Continuity (2-mould press)
2026-05-26 00:00:00,C,75219,1D25215Z13008QXPC0,2026-05-26 23:00:00,2026-05-27 07:00:00,48,20.0,0,Continuity (2-mould press)
2026-05-27 00:00:00,A,75219,1D25215Z13008QXPC0,2026-05-27 07:00:00,2026-05-27 15:00:00,48,20.0,0,Continuity (2-mould press)
2026-05-27 00:00:00,B,75219,1D25215Z13008QXPC0,2026-05-27 15:00:00,2026-05-27 23:00:00,48,20.0,0,Continuity (2-mould press)
2026-05-27 00:00:00,C,75219,1D25215Z13008QXPC0,2026-05-27 23:00:00,2026-05-28 07:00:00,48,20.0,0,Continuity (2-mould press)
2026-05-28 00:00:00,A,75219,1D25215Z13008QXPC0,2026-05-28 07:00:00,2026-05-28 15:00:00,48,20.0,0,Continuity (2-mould press)
2026-05-21 00:00:00,A,75220,1325216514079TTMX0,2026-05-21 07:00:00,2026-05-21 15:00:00,56,17.0,0,Continuity (2-mould press)
2026-05-21 00:00:00,B,75220,1325216514079TTMX0,2026-05-21 15:00:00,2026-05-21 23:00:00,56,17.0,0,Continuity (2-mould press)
2026-05-21 00:00:00,C,75220,1325216514079TTMX0,2026-05-21 23:00:00,2026-05-22 07:00:00,56,17.0,0,Continuity (2-mould press)
2026-05-22 00:00:00,A,75220,1325216514079TTMX0,2026-05-22 07:00:00,2026-05-22 15:00:00,56,17.0,0,Continuity (2-mould press)
2026-05-22 00:00:00,B,75220,1325216514079TTMX0,2026-05-22 15:00:00,2026-05-22 23:00:00,56,17.0,0,Continuity (2-mould press)
2026-05-22 00:00:00,C,75220,1325216514079TTMX0,2026-05-22 23:00:00,2026-05-23 07:00:00,56,17.0,0,Continuity (2-mould press)
2026-05-23 00:00:00,A,75220,1325216514079TTMX0,2026-05-23 07:00:00,2026-05-23 15:00:00,56,17.0,0,Continuity (2-mould press)
2026-05-23 00:00:00,B,75220,1325216514079TTMX0,2026-05-23 15:00:00,2026-05-23 23:00:00,56,17.0,0,Continuity (2-mould press)
2026-05-23 00:00:00,C,75220,1325216514079TTMX0,2026-05-23 23:00:00,2026-05-24 07:00:00,56,17.0,0,Continuity (2-mould press)
2026-05-24 00:00:00,A,75220,1325216514079TTMX0,2026-05-24 07:00:00,2026-05-24 15:00:00,56,17.0,0,Continuity (2-mould press)
2026-05-24 00:00:00,B,75220,1325216514079TTMX0,2026-05-24 15:00:00,2026-05-24 23:00:00,56,17.0,0,Continuity (2-mould press)
2026-05-24 00:00:00,C,75220,1325216514079TTMX0,2026-05-24 23:00:00,2026-05-25 07:00:00,56,17.0,0,Continuity (2-mould press)
2026-05-25 00:00:00,A,75220,1325216514079TTMX0,2026-05-25 07:00:00,2026-05-25 14:08:00,50,17.0,0,Continuity (2-mould press)
2026-05-21 00:00:00,A,75221,1325223517104HRHT0,2026-05-21 07:00:00,2026-05-21 15:00:00,51,19.0,38,Continuity (2-mould press)
2026-05-21 00:00:00,B,75221,1325223517104HRHT0,2026-05-21 15:00:00,2026-05-21 23:00:00,51,19.0,38,Continuity (2-mould press)
2026-05-21 00:00:00,C,75221,1325223517104HRHT0,2026-05-21 23:00:00,2026-05-22 07:00:00,51,19.0,38,Continuity (2-mould press)
2026-05-22 00:00:00,A,75221,1325223517104HRHT0,2026-05-22 07:00:00,2026-05-22 15:00:00,51,19.0,38,Continuity (2-mould press)
2026-05-22 00:00:00,B,75221,1325223517104HRHT0,2026-05-22 15:00:00,2026-05-22 23:00:00,51,19.0,38,Continuity (2-mould press)
2026-05-22 00:00:00,C,75221,1325223517104HRHT0,2026-05-22 23:00:00,2026-05-23 07:00:00,51,19.0,38,Continuity (2-mould press)
2026-05-23 00:00:00,A,75221,1325223517104HRHT0,2026-05-23 07:00:00,2026-05-23 15:00:00,51,19.0,38,Continuity (2-mould press)
2026-05-23 00:00:00,B,75221,1325223517104HRHT0,2026-05-23 15:00:00,2026-05-23 23:00:00,51,19.0,38,Continuity (2-mould press)
2026-05-23 00:00:00,C,75221,1325223517104HRHT0,2026-05-23 23:00:00,2026-05-24 07:00:00,51,19.0,38,Continuity (2-mould press)
2026-05-24 00:00:00,A,75221,1325223517104HRHT0,2026-05-24 07:00:00,2026-05-24 15:00:00,51,19.0,38,Continuity (2-mould press)
2026-05-24 00:00:00,B,75221,1325223517104HRHT0,2026-05-24 15:00:00,2026-05-24 23:00:00,51,19.0,38,Continuity (2-mould press)
2026-05-24 00:00:00,C,75221,1325223517104HRHT0,2026-05-24 23:00:00,2026-05-25 07:00:00,51,19.0,38,Continuity (2-mould press)
2026-05-25 00:00:00,A,75221,1325223517104HRHT0,2026-05-25 07:00:00,2026-05-25 15:00:00,51,19.0,38,Continuity (2-mould press)
2026-05-25 00:00:00,B,75221,1325223517104HRHT0,2026-05-25 15:00:00,2026-05-25 23:00:00,51,19.0,38,Continuity (2-mould press)
2026-05-25 00:00:00,C,75221,1325223517104HRHT0,2026-05-25 23:00:00,2026-05-26 07:00:00,51,19.0,38,Continuity (2-mould press)
2026-05-26 00:00:00,A,75221,1325223517104HRHT0,2026-05-26 07:00:00,2026-05-26 15:00:00,51,19.0,38,Continuity (2-mould press)
2026-05-26 00:00:00,B,75221,1325223517104HRHT0,2026-05-26 15:00:00,2026-05-26 18:06:00,20,19.0,38,Continuity (2-mould press)
2026-05-21 00:00:00,A,75222,1325221417100HURL1,2026-05-21 07:00:00,2026-05-21 15:00:00,48,20.0,325,Continuity (2-mould press)
2026-05-21 00:00:00,B,75222,1325221417100HURL1,2026-05-21 15:00:00,2026-05-21 23:00:00,48,20.0,325,Continuity (2-mould press)
2026-05-21 00:00:00,C,75222,1325221417100HURL1,2026-05-21 23:00:00,2026-05-22 07:00:00,48,20.0,325,Continuity (2-mould press)
2026-05-22 00:00:00,A,75222,1325221417100HURL1,2026-05-22 07:00:00,2026-05-22 15:00:00,48,20.0,325,Continuity (2-mould press)
2026-05-22 00:00:00,B,75222,1325221417100HURL1,2026-05-22 15:00:00,2026-05-22 23:00:00,48,20.0,325,Continuity (2-mould press)
2026-05-22 00:00:00,C,75222,1325221417100HURL1,2026-05-22 23:00:00,2026-05-23 07:00:00,48,20.0,325,Continuity (2-mould press)
2026-05-23 00:00:00,A,75222,1325221417100HURL1,2026-05-23 07:00:00,2026-05-23 15:00:00,48,20.0,325,Continuity (2-mould press)
2026-05-23 00:00:00,B,75222,1325221417100HURL1,2026-05-23 15:00:00,2026-05-23 23:00:00,48,20.0,325,Continuity (2-mould press)
2026-05-23 00:00:00,C,75222,1325221417100HURL1,2026-05-23 23:00:00,2026-05-24 07:00:00,48,20.0,325,Continuity (2-mould press)
2026-05-24 00:00:00,A,75222,1325221417100HURL1,2026-05-24 07:00:00,2026-05-24 15:00:00,48,20.0,325,Continuity (2-mould press)
2026-05-24 00:00:00,B,75222,1325221417100HURL1,2026-05-24 15:00:00,2026-05-24 23:00:00,48,20.0,325,Continuity (2-mould press)
2026-05-24 00:00:00,C,75222,1325221417100HURL1,2026-05-24 23:00:00,2026-05-25 07:00:00,48,20.0,325,Continuity (2-mould press)
2026-05-25 00:00:00,A,75222,1325221417100HURL1,2026-05-25 07:00:00,2026-05-25 15:00:00,48,20.0,325,Continuity (2-mould press)
2026-05-25 00:00:00,B,75222,1325221417100HURL1,2026-05-25 15:00:00,2026-05-25 23:00:00,48,20.0,325,Continuity (2-mould press)
2026-05-25 00:00:00,C,75222,1325221417100HURL1,2026-05-25 23:00:00,2026-05-26 07:00:00,48,20.0,325,Continuity (2-mould press)
2026-05-26 00:00:00,A,75222,1325221417100HURL1,2026-05-26 07:00:00,2026-05-26 15:00:00,48,20.0,325,Continuity (2-mould press)
2026-05-26 00:00:00,B,75222,1325221417100HURL1,2026-05-26 15:00:00,2026-05-26 23:00:00,48,20.0,325,Continuity (2-mould press)
2026-05-26 00:00:00,C,75222,1325221417100HURL1,2026-05-26 23:00:00,2026-05-27 07:00:00,48,20.0,325,Continuity (2-mould press)
2026-05-27 00:00:00,A,75222,1325221417100HURL1,2026-05-27 07:00:00,2026-05-27 15:00:00,48,20.0,325,Continuity (2-mould press)
2026-05-27 00:00:00,B,75222,1325221417100HURL1,2026-05-27 15:00:00,2026-05-27 23:00:00,48,20.0,325,Continuity (2-mould press)
2026-05-27 00:00:00,C,75222,1325221417100HURL1,2026-05-27 23:00:00,2026-05-28 07:00:00,48,20.0,325,Continuity (2-mould press)
2026-05-28 00:00:00,A,75222,1325221417100HURL1,2026-05-28 07:00:00,2026-05-28 15:00:00,48,20.0,325,Continuity (2-mould press)
2026-05-28 00:00:00,B,75222,1325221417100HURL1,2026-05-28 15:00:00,2026-05-28 23:00:00,48,20.0,325,Continuity (2-mould press)
2026-05-28 00:00:00,C,75222,1325221417100HURL1,2026-05-28 23:00:00,2026-05-29 07:00:00,48,20.0,325,Continuity (2-mould press)
2026-05-29 00:00:00,A,75222,1325221417100HURL1,2026-05-29 07:00:00,2026-05-29 15:00:00,48,20.0,325,Continuity (2-mould press)
2026-05-29 00:00:00,B,75222,1325221417100HURL1,2026-05-29 15:00:00,2026-05-29 23:00:00,48,20.0,325,Continuity (2-mould press)
2026-05-29 00:00:00,C,75222,1325221417100HURL1,2026-05-29 23:00:00,2026-05-30 07:00:00,48,20.0,325,Continuity (2-mould press)
2026-05-30 00:00:00,A,75222,1325221417100HURL1,2026-05-30 07:00:00,2026-05-30 15:00:00,48,20.0,325,Continuity (2-mould press)
2026-05-30 00:00:00,B,75222,1325221417100HURL1,2026-05-30 15:00:00,2026-05-30 23:00:00,48,20.0,325,Continuity (2-mould press)
2026-05-30 00:00:00,C,75222,1325221417100HURL1,2026-05-30 23:00:00,2026-05-31 07:00:00,48,20.0,325,Continuity (2-mould press)
2026-05-31 00:00:00,A,75222,1325221417100HURL1,2026-05-31 07:00:00,2026-05-31 15:00:00,48,20.0,325,Continuity (2-mould press)
2026-05-31 00:00:00,B,75222,1325221417100HURL1,2026-05-31 15:00:00,2026-05-31 23:00:00,48,20.0,325,Continuity (2-mould press)
2026-05-31 00:00:00,C,75222,1325221417100HURL1,2026-05-31 23:00:00,2026-06-01 02:00:00,18,20.0,325,Continuity (2-mould press)
2026-05-21 00:00:00,A,75223,1325221417100HURL1,2026-05-21 07:00:00,2026-05-21 15:00:00,48,20.0,325,Continuity (2-mould press)
2026-05-21 00:00:00,B,75223,1325221417100HURL1,2026-05-21 15:00:00,2026-05-21 23:00:00,48,20.0,325,Continuity (2-mould press)
2026-05-21 00:00:00,C,75223,1325221417100HURL1,2026-05-21 23:00:00,2026-05-22 07:00:00,48,20.0,325,Continuity (2-mould press)
2026-05-22 00:00:00,A,75223,1325221417100HURL1,2026-05-22 07:00:00,2026-05-22 15:00:00,48,20.0,325,Continuity (2-mould press)
2026-05-22 00:00:00,B,75223,1325221417100HURL1,2026-05-22 15:00:00,2026-05-22 23:00:00,48,20.0,325,Continuity (2-mould press)
2026-05-22 00:00:00,C,75223,1325221417100HURL1,2026-05-22 23:00:00,2026-05-23 07:00:00,48,20.0,325,Continuity (2-mould press)
2026-05-23 00:00:00,A,75223,1325221417100HURL1,2026-05-23 07:00:00,2026-05-23 15:00:00,48,20.0,325,Continuity (2-mould press)
2026-05-23 00:00:00,B,75223,1325221417100HURL1,2026-05-23 15:00:00,2026-05-23 23:00:00,48,20.0,325,Continuity (2-mould press)
2026-05-23 00:00:00,C,75223,1325221417100HURL1,2026-05-23 23:00:00,2026-05-24 07:00:00,48,20.0,325,Continuity (2-mould press)
2026-05-24 00:00:00,A,75223,1325221417100HURL1,2026-05-24 07:00:00,2026-05-24 15:00:00,48,20.0,325,Continuity (2-mould press)
2026-05-24 00:00:00,B,75223,1325221417100HURL1,2026-05-24 15:00:00,2026-05-24 23:00:00,48,20.0,325,Continuity (2-mould press)
2026-05-24 00:00:00,C,75223,1325221417100HURL1,2026-05-24 23:00:00,2026-05-25 07:00:00,48,20.0,325,Continuity (2-mould press)
2026-05-25 00:00:00,A,75223,1325221417100HURL1,2026-05-25 07:00:00,2026-05-25 15:00:00,48,20.0,325,Continuity (2-mould press)
2026-05-25 00:00:00,B,75223,1325221417100HURL1,2026-05-25 15:00:00,2026-05-25 23:00:00,48,20.0,325,Continuity (2-mould press)
2026-05-25 00:00:00,C,75223,1325221417100HURL1,2026-05-25 23:00:00,2026-05-26 07:00:00,48,20.0,325,Continuity (2-mould press)
2026-05-26 00:00:00,A,75223,1325221417100HURL1,2026-05-26 07:00:00,2026-05-26 13:20:00,38,20.0,325,Continuity (2-mould press)
2026-05-26 00:00:00,A,75223,MOULD_CLEAN,2026-05-26 13:20:00,2026-05-26 15:00:00,0,0.0,0,Mould cleaning (continuity)
2026-05-26 00:00:00,B,75223,MOULD_CLEAN,2026-05-26 15:00:00,2026-05-26 15:20:00,0,0.0,0,Mould cleaning (continuity)
2026-05-26 00:00:00,B,75223,1325221417100HURL1,2026-05-26 15:20:00,2026-05-26 23:00:00,46,20.0,325,Continuity (2-mould press)
2026-05-26 00:00:00,C,75223,1325221417100HURL1,2026-05-26 23:00:00,2026-05-27 07:00:00,48,20.0,325,Continuity (2-mould press)
2026-05-27 00:00:00,A,75223,1325221417100HURL1,2026-05-27 07:00:00,2026-05-27 15:00:00,48,20.0,325,Continuity (2-mould press)
2026-05-27 00:00:00,B,75223,1325221417100HURL1,2026-05-27 15:00:00,2026-05-27 23:00:00,48,20.0,325,Continuity (2-mould press)
2026-05-27 00:00:00,C,75223,1325221417100HURL1,2026-05-27 23:00:00,2026-05-28 07:00:00,48,20.0,325,Continuity (2-mould press)
2026-05-28 00:00:00,A,75223,1325221417100HURL1,2026-05-28 07:00:00,2026-05-28 15:00:00,48,20.0,325,Continuity (2-mould press)
2026-05-28 00:00:00,B,75223,1325221417100HURL1,2026-05-28 15:00:00,2026-05-28 23:00:00,48,20.0,325,Continuity (2-mould press)
2026-05-28 00:00:00,C,75223,1325221417100HURL1,2026-05-28 23:00:00,2026-05-29 07:00:00,48,20.0,325,Continuity (2-mould press)
2026-05-29 00:00:00,A,75223,1325221417100HURL1,2026-05-29 07:00:00,2026-05-29 15:00:00,48,20.0,325,Continuity (2-mould press)
2026-05-29 00:00:00,B,75223,1325221417100HURL1,2026-05-29 15:00:00,2026-05-29 23:00:00,48,20.0,325,Continuity (2-mould press)
2026-05-29 00:00:00,C,75223,1325221417100HURL1,2026-05-29 23:00:00,2026-05-30 07:00:00,48,20.0,325,Continuity (2-mould press)
2026-05-30 00:00:00,A,75223,1325221417100HURL1,2026-05-30 07:00:00,2026-05-30 15:00:00,48,20.0,325,Continuity (2-mould press)
2026-05-30 00:00:00,B,75223,1325221417100HURL1,2026-05-30 15:00:00,2026-05-30 23:00:00,48,20.0,325,Continuity (2-mould press)
2026-05-30 00:00:00,C,75223,1325221417100HURL1,2026-05-30 23:00:00,2026-05-31 07:00:00,48,20.0,325,Continuity (2-mould press)
2026-05-31 00:00:00,A,75223,1325221417100HURL1,2026-05-31 07:00:00,2026-05-31 15:00:00,48,20.0,325,Continuity (2-mould press)
2026-05-31 00:00:00,B,75223,1325221417100HURL1,2026-05-31 15:00:00,2026-05-31 23:00:00,48,20.0,325,Continuity (2-mould press)
2026-05-31 00:00:00,C,75223,1325221417100HURL1,2026-05-31 23:00:00,2026-06-01 03:40:00,28,20.0,325,Continuity (2-mould press)
2026-05-21 00:00:00,A,75224,1325218515088HTMX0,2026-05-21 07:00:00,2026-05-21 15:00:00,60,16.0,136,Continuity (2-mould press)
2026-05-21 00:00:00,B,75224,1325218515088HTMX0,2026-05-21 15:00:00,2026-05-21 23:00:00,60,16.0,136,Continuity (2-mould press)
2026-05-21 00:00:00,C,75224,1325218515088HTMX0,2026-05-21 23:00:00,2026-05-22 07:00:00,60,16.0,136,Continuity (2-mould press)
2026-05-22 00:00:00,A,75224,1325218515088HTMX0,2026-05-22 07:00:00,2026-05-22 15:00:00,60,16.0,136,Continuity (2-mould press)
2026-05-22 00:00:00,B,75224,1325218515088HTMX0,2026-05-22 15:00:00,2026-05-22 19:48:00,36,16.0,136,Continuity (2-mould press)
2026-05-21 00:00:00,A,75225,1325216814085TURL0,2026-05-21 07:00:00,2026-05-21 15:00:00,64,15.0,0,Continuity (2-mould press)
2026-05-21 00:00:00,B,75225,1325216814085TURL0,2026-05-21 15:00:00,2026-05-21 23:00:00,64,15.0,0,Continuity (2-mould press)
2026-05-21 00:00:00,C,75225,1325216814085TURL0,2026-05-21 23:00:00,2026-05-22 07:00:00,64,15.0,0,Continuity (2-mould press)
2026-05-22 00:00:00,A,75225,1325216814085TURL0,2026-05-22 07:00:00,2026-05-22 15:00:00,64,15.0,0,Continuity (2-mould press)
2026-05-22 00:00:00,B,75225,1325216814085TURL0,2026-05-22 15:00:00,2026-05-22 23:00:00,64,15.0,0,Continuity (2-mould press)
2026-05-22 00:00:00,C,75225,1325216814085TURL0,2026-05-22 23:00:00,2026-05-23 07:00:00,64,15.0,0,Continuity (2-mould press)
2026-05-23 00:00:00,A,75225,1325216814085TURL0,2026-05-23 07:00:00,2026-05-23 15:00:00,64,15.0,0,Continuity (2-mould press)
2026-05-23 00:00:00,B,75225,1325216814085TURL0,2026-05-23 15:00:00,2026-05-23 23:00:00,64,15.0,0,Continuity (2-mould press)
2026-05-23 00:00:00,C,75225,1325216814085TURL0,2026-05-23 23:00:00,2026-05-24 07:00:00,64,15.0,0,Continuity (2-mould press)
2026-05-24 00:00:00,A,75225,1325216814085TURL0,2026-05-24 07:00:00,2026-05-24 15:00:00,64,15.0,0,Continuity (2-mould press)
2026-05-24 00:00:00,B,75225,1325216814085TURL0,2026-05-24 15:00:00,2026-05-24 23:00:00,64,15.0,0,Continuity (2-mould press)
2026-05-24 00:00:00,C,75225,1325216814085TURL0,2026-05-24 23:00:00,2026-05-25 07:00:00,64,15.0,0,Continuity (2-mould press)
2026-05-25 00:00:00,A,75225,1325216814085TURL0,2026-05-25 07:00:00,2026-05-25 15:00:00,64,15.0,0,Continuity (2-mould press)
2026-05-25 00:00:00,B,75225,1325216814085TURL0,2026-05-25 15:00:00,2026-05-25 23:00:00,64,15.0,0,Continuity (2-mould press)
2026-05-25 00:00:00,C,75225,1325216814085TURL0,2026-05-25 23:00:00,2026-05-26 07:00:00,64,15.0,0,Continuity (2-mould press)
2026-05-26 00:00:00,A,75225,1325216814085TURL0,2026-05-26 07:00:00,2026-05-26 15:00:00,64,15.0,0,Continuity (2-mould press)
2026-05-26 00:00:00,B,75225,1325216814085TURL0,2026-05-26 15:00:00,2026-05-26 23:00:00,64,15.0,0,Continuity (2-mould press)
2026-05-26 00:00:00,C,75225,1325216814085TURL0,2026-05-26 23:00:00,2026-05-27 07:00:00,64,15.0,0,Continuity (2-mould press)
2026-05-27 00:00:00,A,75225,1325216814085TURL0,2026-05-27 07:00:00,2026-05-27 08:30:00,12,15.0,0,Continuity (2-mould press)
2026-05-21 00:00:00,A,75226,1225223516121PSKP0,2026-05-21 07:00:00,2026-05-21 15:00:00,36,27.0,153,Continuity (2-mould press)
2026-05-21 00:00:00,B,75226,1225223516121PSKP0,2026-05-21 15:00:00,2026-05-21 23:00:00,36,27.0,153,Continuity (2-mould press)
2026-05-21 00:00:00,C,75226,1225223516121PSKP0,2026-05-21 23:00:00,2026-05-22 07:00:00,36,27.0,153,Continuity (2-mould press)
2026-05-22 00:00:00,A,75226,1225223516121PSKP0,2026-05-22 07:00:00,2026-05-22 15:00:00,36,27.0,153,Continuity (2-mould press)
2026-05-22 00:00:00,B,75226,1225223516121PSKP0,2026-05-22 15:00:00,2026-05-22 23:00:00,36,27.0,153,Continuity (2-mould press)
2026-05-22 00:00:00,C,75226,1225223516121PSKP0,2026-05-22 23:00:00,2026-05-23 07:00:00,36,27.0,153,Continuity (2-mould press)
2026-05-23 00:00:00,A,75226,1225223516121PSKP0,2026-05-23 07:00:00,2026-05-23 15:00:00,36,27.0,153,Continuity (2-mould press)
2026-05-23 00:00:00,B,75226,1225223516121PSKP0,2026-05-23 15:00:00,2026-05-23 23:00:00,36,27.0,153,Continuity (2-mould press)
2026-05-23 00:00:00,C,75226,1225223516121PSKP0,2026-05-23 23:00:00,2026-05-24 07:00:00,36,27.0,153,Continuity (2-mould press)
2026-05-24 00:00:00,A,75226,1225223516121PSKP0,2026-05-24 07:00:00,2026-05-24 15:00:00,36,27.0,153,Continuity (2-mould press)
2026-05-24 00:00:00,B,75226,1225223516121PSKP0,2026-05-24 15:00:00,2026-05-24 23:00:00,36,27.0,153,Continuity (2-mould press)
2026-05-24 00:00:00,C,75226,1225223516121PSKP0,2026-05-24 23:00:00,2026-05-25 07:00:00,36,27.0,153,Continuity (2-mould press)
2026-05-25 00:00:00,A,75226,1225223516121PSKP0,2026-05-25 07:00:00,2026-05-25 15:00:00,36,27.0,153,Continuity (2-mould press)
2026-05-25 00:00:00,B,75226,1225223516121PSKP0,2026-05-25 15:00:00,2026-05-25 23:00:00,36,27.0,153,Continuity (2-mould press)
2026-05-25 00:00:00,C,75226,1225223516121PSKP0,2026-05-25 23:00:00,2026-05-26 07:00:00,36,27.0,153,Continuity (2-mould press)
2026-05-26 00:00:00,A,75226,1225223516121PSKP0,2026-05-26 07:00:00,2026-05-26 15:00:00,36,27.0,153,Continuity (2-mould press)
2026-05-26 00:00:00,B,75226,1225223516121PSKP0,2026-05-26 15:00:00,2026-05-26 23:00:00,36,27.0,153,Continuity (2-mould press)
2026-05-26 00:00:00,C,75226,1225223516121PSKP0,2026-05-26 23:00:00,2026-05-27 07:00:00,36,27.0,153,Continuity (2-mould press)
2026-05-27 00:00:00,A,75226,1225223516121PSKP0,2026-05-27 07:00:00,2026-05-27 15:00:00,36,27.0,153,Continuity (2-mould press)
2026-05-27 00:00:00,B,75226,1225223516121PSKP0,2026-05-27 15:00:00,2026-05-27 23:00:00,36,27.0,153,Continuity (2-mould press)
2026-05-27 00:00:00,C,75226,1225223516121PSKP0,2026-05-27 23:00:00,2026-05-28 07:00:00,36,27.0,153,Continuity (2-mould press)
2026-05-28 00:00:00,A,75226,1225223516121PSKP0,2026-05-28 07:00:00,2026-05-28 15:00:00,36,27.0,153,Continuity (2-mould press)
2026-05-28 00:00:00,B,75226,1225223516121PSKP0,2026-05-28 15:00:00,2026-05-28 23:00:00,36,27.0,153,Continuity (2-mould press)
2026-05-28 00:00:00,C,75226,1225223516121PSKP0,2026-05-28 23:00:00,2026-05-29 07:00:00,36,27.0,153,Continuity (2-mould press)
2026-05-29 00:00:00,A,75226,1225223516121PSKP0,2026-05-29 07:00:00,2026-05-29 15:00:00,36,27.0,153,Continuity (2-mould press)
2026-05-29 00:00:00,B,75226,1225223516121PSKP0,2026-05-29 15:00:00,2026-05-29 23:00:00,36,27.0,153,Continuity (2-mould press)
2026-05-29 00:00:00,C,75226,1225223516121PSKP0,2026-05-29 23:00:00,2026-05-30 07:00:00,36,27.0,153,Continuity (2-mould press)
2026-05-30 00:00:00,A,75226,1225223516121PSKP0,2026-05-30 07:00:00,2026-05-30 15:00:00,36,27.0,153,Continuity (2-mould press)
2026-05-30 00:00:00,B,75226,1225223516121PSKP0,2026-05-30 15:00:00,2026-05-30 23:00:00,36,27.0,153,Continuity (2-mould press)
2026-05-30 00:00:00,C,75226,1225223516121PSKP0,2026-05-30 23:00:00,2026-05-31 07:00:00,36,27.0,153,Continuity (2-mould press)
2026-05-31 00:00:00,A,75226,1225223516121PSKP0,2026-05-31 07:00:00,2026-05-31 15:00:00,36,27.0,153,Continuity (2-mould press)
2026-05-31 00:00:00,B,75226,1225223516121PSKP0,2026-05-31 15:00:00,2026-05-31 23:00:00,36,27.0,153,Continuity (2-mould press)
2026-05-31 00:00:00,C,75226,1225223516121PSKP0,2026-05-31 23:00:00,2026-06-01 07:00:00,36,27.0,153,Continuity (2-mould press)
2026-06-01 00:00:00,A,75226,1225223516121PSKP0,2026-06-01 07:00:00,2026-06-01 08:57:00,9,27.0,153,Continuity (2-mould press)
2026-05-21 00:00:00,A,75227,1225223516121PSKP0,2026-05-21 07:00:00,2026-05-21 15:00:00,36,27.0,153,Continuity (2-mould press)
2026-05-21 00:00:00,B,75227,1225223516121PSKP0,2026-05-21 15:00:00,2026-05-21 23:00:00,36,27.0,153,Continuity (2-mould press)
2026-05-21 00:00:00,C,75227,1225223516121PSKP0,2026-05-21 23:00:00,2026-05-22 07:00:00,36,27.0,153,Continuity (2-mould press)
2026-05-22 00:00:00,A,75227,1225223516121PSKP0,2026-05-22 07:00:00,2026-05-22 15:00:00,36,27.0,153,Continuity (2-mould press)
2026-05-22 00:00:00,B,75227,1225223516121PSKP0,2026-05-22 15:00:00,2026-05-22 23:00:00,36,27.0,153,Continuity (2-mould press)
2026-05-22 00:00:00,C,75227,1225223516121PSKP0,2026-05-22 23:00:00,2026-05-23 07:00:00,36,27.0,153,Continuity (2-mould press)
2026-05-23 00:00:00,A,75227,1225223516121PSKP0,2026-05-23 07:00:00,2026-05-23 15:00:00,36,27.0,153,Continuity (2-mould press)
2026-05-23 00:00:00,B,75227,1225223516121PSKP0,2026-05-23 15:00:00,2026-05-23 23:00:00,36,27.0,153,Continuity (2-mould press)
2026-05-23 00:00:00,C,75227,1225223516121PSKP0,2026-05-23 23:00:00,2026-05-24 07:00:00,36,27.0,153,Continuity (2-mould press)
2026-05-24 00:00:00,A,75227,1225223516121PSKP0,2026-05-24 07:00:00,2026-05-24 15:00:00,36,27.0,153,Continuity (2-mould press)
2026-05-24 00:00:00,B,75227,1225223516121PSKP0,2026-05-24 15:00:00,2026-05-24 23:00:00,36,27.0,153,Continuity (2-mould press)
2026-05-24 00:00:00,C,75227,1225223516121PSKP0,2026-05-24 23:00:00,2026-05-25 07:00:00,36,27.0,153,Continuity (2-mould press)
2026-05-25 00:00:00,A,75227,1225223516121PSKP0,2026-05-25 07:00:00,2026-05-25 15:00:00,36,27.0,153,Continuity (2-mould press)
2026-05-25 00:00:00,B,75227,1225223516121PSKP0,2026-05-25 15:00:00,2026-05-25 23:00:00,36,27.0,153,Continuity (2-mould press)
2026-05-25 00:00:00,C,75227,1225223516121PSKP0,2026-05-25 23:00:00,2026-05-26 07:00:00,36,27.0,153,Continuity (2-mould press)
2026-05-26 00:00:00,A,75227,1225223516121PSKP0,2026-05-26 07:00:00,2026-05-26 15:00:00,36,27.0,153,Continuity (2-mould press)
2026-05-26 00:00:00,B,75227,1225223516121PSKP0,2026-05-26 15:00:00,2026-05-26 23:00:00,36,27.0,153,Continuity (2-mould press)
2026-05-26 00:00:00,C,75227,1225223516121PSKP0,2026-05-26 23:00:00,2026-05-27 07:00:00,36,27.0,153,Continuity (2-mould press)
2026-05-27 00:00:00,A,75227,1225223516121PSKP0,2026-05-27 07:00:00,2026-05-27 15:00:00,36,27.0,153,Continuity (2-mould press)
2026-05-27 00:00:00,B,75227,1225223516121PSKP0,2026-05-27 15:00:00,2026-05-27 23:00:00,36,27.0,153,Continuity (2-mould press)
2026-05-27 00:00:00,C,75227,1225223516121PSKP0,2026-05-27 23:00:00,2026-05-28 07:00:00,36,27.0,153,Continuity (2-mould press)
2026-05-28 00:00:00,A,75227,1225223516121PSKP0,2026-05-28 07:00:00,2026-05-28 15:00:00,36,27.0,153,Continuity (2-mould press)
2026-05-28 00:00:00,B,75227,1225223516121PSKP0,2026-05-28 15:00:00,2026-05-28 23:00:00,36,27.0,153,Continuity (2-mould press)
2026-05-28 00:00:00,C,75227,1225223516121PSKP0,2026-05-28 23:00:00,2026-05-29 07:00:00,36,27.0,153,Continuity (2-mould press)
2026-05-29 00:00:00,A,75227,1225223516121PSKP0,2026-05-29 07:00:00,2026-05-29 15:00:00,36,27.0,153,Continuity (2-mould press)
2026-05-29 00:00:00,B,75227,1225223516121PSKP0,2026-05-29 15:00:00,2026-05-29 23:00:00,36,27.0,153,Continuity (2-mould press)
2026-05-29 00:00:00,C,75227,1225223516121PSKP0,2026-05-29 23:00:00,2026-05-30 07:00:00,36,27.0,153,Continuity (2-mould press)
2026-05-30 00:00:00,A,75227,1225223516121PSKP0,2026-05-30 07:00:00,2026-05-30 15:00:00,36,27.0,153,Continuity (2-mould press)
2026-05-30 00:00:00,B,75227,1225223516121PSKP0,2026-05-30 15:00:00,2026-05-30 23:00:00,36,27.0,153,Continuity (2-mould press)
2026-05-30 00:00:00,C,75227,1225223516121PSKP0,2026-05-30 23:00:00,2026-05-31 07:00:00,36,27.0,153,Continuity (2-mould press)
2026-05-31 00:00:00,A,75227,1225223516121PSKP0,2026-05-31 07:00:00,2026-05-31 15:00:00,36,27.0,153,Continuity (2-mould press)
2026-05-31 00:00:00,B,75227,1225223516121PSKP0,2026-05-31 15:00:00,2026-05-31 23:00:00,36,27.0,153,Continuity (2-mould press)
2026-05-31 00:00:00,C,75227,1225223516121PSKP0,2026-05-31 23:00:00,2026-06-01 07:00:00,36,27.0,153,Continuity (2-mould press)
2026-06-01 00:00:00,A,75227,1225223516121PSKP0,2026-06-01 07:00:00,2026-06-01 09:24:00,11,27.0,153,Continuity (2-mould press)
2026-05-21 00:00:00,A,75228,1325223715105SRXT0,2026-05-21 07:00:00,2026-05-21 15:00:00,48,20.0,0,Continuity (2-mould press)
2026-05-21 00:00:00,B,75228,1325223715105SRXT0,2026-05-21 15:00:00,2026-05-21 23:00:00,48,20.0,0,Continuity (2-mould press)
2026-05-21 00:00:00,C,75228,1325223715105SRXT0,2026-05-21 23:00:00,2026-05-22 07:00:00,48,20.0,0,Continuity (2-mould press)
2026-05-22 00:00:00,A,75228,1325223715105SRXT0,2026-05-22 07:00:00,2026-05-22 15:00:00,48,20.0,0,Continuity (2-mould press)
2026-05-22 00:00:00,B,75228,1325223715105SRXT0,2026-05-22 15:00:00,2026-05-22 23:00:00,48,20.0,0,Continuity (2-mould press)
2026-05-22 00:00:00,C,75228,1325223715105SRXT0,2026-05-22 23:00:00,2026-05-23 07:00:00,48,20.0,0,Continuity (2-mould press)
2026-05-23 00:00:00,A,75228,1325223715105SRXT0,2026-05-23 07:00:00,2026-05-23 15:00:00,48,20.0,0,Continuity (2-mould press)
2026-05-23 00:00:00,B,75228,1325223715105SRXT0,2026-05-23 15:00:00,2026-05-23 23:00:00,48,20.0,0,Continuity (2-mould press)
2026-05-23 00:00:00,C,75228,1325223715105SRXT0,2026-05-23 23:00:00,2026-05-24 07:00:00,48,20.0,0,Continuity (2-mould press)
2026-05-24 00:00:00,A,75228,1325223715105SRXT0,2026-05-24 07:00:00,2026-05-24 15:00:00,48,20.0,0,Continuity (2-mould press)
2026-05-24 00:00:00,B,75228,1325223715105SRXT0,2026-05-24 15:00:00,2026-05-24 23:00:00,48,20.0,0,Continuity (2-mould press)
2026-05-24 00:00:00,C,75228,1325223715105SRXT0,2026-05-24 23:00:00,2026-05-25 07:00:00,48,20.0,0,Continuity (2-mould press)
2026-05-25 00:00:00,A,75228,1325223715105SRXT0,2026-05-25 07:00:00,2026-05-25 15:00:00,48,20.0,0,Continuity (2-mould press)
2026-05-25 00:00:00,B,75228,1325223715105SRXT0,2026-05-25 15:00:00,2026-05-25 23:00:00,48,20.0,0,Continuity (2-mould press)
2026-05-25 00:00:00,C,75228,1325223715105SRXT0,2026-05-25 23:00:00,2026-05-26 07:00:00,48,20.0,0,Continuity (2-mould press)
2026-05-26 00:00:00,A,75228,1325223715105SRXT0,2026-05-26 07:00:00,2026-05-26 15:00:00,48,20.0,0,Continuity (2-mould press)
2026-05-26 00:00:00,B,75228,1325223715105SRXT0,2026-05-26 15:00:00,2026-05-26 23:00:00,48,20.0,0,Continuity (2-mould press)
2026-05-26 00:00:00,C,75228,1325223715105SRXT0,2026-05-26 23:00:00,2026-05-27 05:20:00,38,20.0,0,Continuity (2-mould press)
2026-05-21 00:00:00,A,75229,1325217514082TUTR0,2026-05-21 07:00:00,2026-05-21 15:00:00,56,17.0,0,Continuity (2-mould press)
2026-05-21 00:00:00,B,75229,1325217514082TUTR0,2026-05-21 15:00:00,2026-05-21 23:00:00,56,17.0,0,Continuity (2-mould press)
2026-05-21 00:00:00,C,75229,1325217514082TUTR0,2026-05-21 23:00:00,2026-05-22 07:00:00,56,17.0,0,Continuity (2-mould press)
2026-05-22 00:00:00,A,75229,1325217514082TUTR0,2026-05-22 07:00:00,2026-05-22 15:00:00,56,17.0,0,Continuity (2-mould press)
2026-05-22 00:00:00,B,75229,1325217514082TUTR0,2026-05-22 15:00:00,2026-05-22 23:00:00,56,17.0,0,Continuity (2-mould press)
2026-05-22 00:00:00,C,75229,1325217514082TUTR0,2026-05-22 23:00:00,2026-05-23 07:00:00,56,17.0,0,Continuity (2-mould press)
2026-05-23 00:00:00,A,75229,1325217514082TUTR0,2026-05-23 07:00:00,2026-05-23 15:00:00,56,17.0,0,Continuity (2-mould press)
2026-05-23 00:00:00,B,75229,1325217514082TUTR0,2026-05-23 15:00:00,2026-05-23 23:00:00,56,17.0,0,Continuity (2-mould press)
2026-05-23 00:00:00,C,75229,1325217514082TUTR0,2026-05-23 23:00:00,2026-05-24 07:00:00,56,17.0,0,Continuity (2-mould press)
2026-05-24 00:00:00,A,75229,1325217514082TUTR0,2026-05-24 07:00:00,2026-05-24 15:00:00,56,17.0,0,Continuity (2-mould press)
2026-05-24 00:00:00,B,75229,1325217514082TUTR0,2026-05-24 15:00:00,2026-05-24 23:00:00,56,17.0,0,Continuity (2-mould press)
2026-05-24 00:00:00,C,75229,1325217514082TUTR0,2026-05-24 23:00:00,2026-05-25 07:00:00,56,17.0,0,Continuity (2-mould press)
2026-05-25 00:00:00,A,75229,1325217514082TUTR0,2026-05-25 07:00:00,2026-05-25 15:00:00,56,17.0,0,Continuity (2-mould press)
2026-05-25 00:00:00,B,75229,1325217514082TUTR0,2026-05-25 15:00:00,2026-05-25 23:00:00,56,17.0,0,Continuity (2-mould press)
2026-05-25 00:00:00,C,75229,1325217514082TUTR0,2026-05-25 23:00:00,2026-05-26 07:00:00,56,17.0,0,Continuity (2-mould press)
2026-05-26 00:00:00,A,75229,1325217514082TUTR0,2026-05-26 07:00:00,2026-05-26 15:00:00,56,17.0,0,Continuity (2-mould press)
2026-05-26 00:00:00,B,75229,1325217514082TUTR0,2026-05-26 15:00:00,2026-05-26 23:00:00,56,17.0,0,Continuity (2-mould press)
2026-05-26 00:00:00,C,75229,1325217514082TUTR0,2026-05-26 23:00:00,2026-05-27 07:00:00,56,17.0,0,Continuity (2-mould press)
2026-05-27 00:00:00,A,75229,1325217514082TUTR0,2026-05-27 07:00:00,2026-05-27 15:00:00,56,17.0,0,Continuity (2-mould press)
2026-05-27 00:00:00,B,75229,1325217514082TUTR0,2026-05-27 15:00:00,2026-05-27 23:00:00,56,17.0,0,Continuity (2-mould press)
2026-05-27 00:00:00,C,75229,1325217514082TUTR0,2026-05-27 23:00:00,2026-05-28 07:00:00,56,17.0,0,Continuity (2-mould press)
2026-05-28 00:00:00,A,75229,1325217514082TUTR0,2026-05-28 07:00:00,2026-05-28 15:00:00,56,17.0,0,Continuity (2-mould press)
2026-05-28 00:00:00,B,75229,1325217514082TUTR0,2026-05-28 15:00:00,2026-05-28 23:00:00,56,17.0,0,Continuity (2-mould press)
2026-05-28 00:00:00,C,75229,1325217514082TUTR0,2026-05-28 23:00:00,2026-05-29 07:00:00,56,17.0,0,Continuity (2-mould press)
2026-05-29 00:00:00,A,75229,1325217514082TUTR0,2026-05-29 07:00:00,2026-05-29 15:00:00,56,17.0,0,Continuity (2-mould press)
2026-05-29 00:00:00,B,75229,1325217514082TUTR0,2026-05-29 15:00:00,2026-05-29 23:00:00,56,17.0,0,Continuity (2-mould press)
2026-05-29 00:00:00,C,75229,1325217514082TUTR0,2026-05-29 23:00:00,2026-05-30 07:00:00,56,17.0,0,Continuity (2-mould press)
2026-05-30 00:00:00,A,75229,1325217514082TUTR0,2026-05-30 07:00:00,2026-05-30 15:00:00,56,17.0,0,Continuity (2-mould press)
2026-05-30 00:00:00,B,75229,1325217514082TUTR0,2026-05-30 15:00:00,2026-05-30 23:00:00,56,17.0,0,Continuity (2-mould press)
2026-05-30 00:00:00,C,75229,1325217514082TUTR0,2026-05-30 23:00:00,2026-05-31 07:00:00,56,17.0,0,Continuity (2-mould press)
2026-05-31 00:00:00,A,75229,1325217514082TUTR0,2026-05-31 07:00:00,2026-05-31 15:00:00,56,17.0,0,Continuity (2-mould press)
2026-05-31 00:00:00,B,75229,1325217514082TUTR0,2026-05-31 15:00:00,2026-05-31 23:00:00,56,17.0,0,Continuity (2-mould press)
2026-05-31 00:00:00,C,75229,1325217514082TUTR0,2026-05-31 23:00:00,2026-06-01 07:00:00,56,17.0,0,Continuity (2-mould press)
2026-06-01 00:00:00,A,75229,1325217514082TUTR0,2026-06-01 07:00:00,2026-06-01 15:00:00,56,17.0,0,Continuity (2-mould press)
2026-06-01 00:00:00,B,75229,1325217514082TUTR0,2026-06-01 15:00:00,2026-06-01 23:00:00,56,17.0,0,Continuity (2-mould press)
2026-06-01 00:00:00,C,75229,1325217514082TUTR0,2026-06-01 23:00:00,2026-06-02 07:00:00,56,17.0,0,Continuity (2-mould press)
2026-06-02 00:00:00,A,75229,1325217514082TUTR0,2026-06-02 07:00:00,2026-06-02 15:00:00,56,17.0,0,Continuity (2-mould press)
2026-06-02 00:00:00,B,75229,1325217514082TUTR0,2026-06-02 15:00:00,2026-06-02 23:00:00,56,17.0,0,Continuity (2-mould press)
2026-06-02 00:00:00,C,75229,1325217514082TUTR0,2026-06-02 23:00:00,2026-06-03 07:00:00,56,17.0,0,Continuity (2-mould press)
2026-06-03 00:00:00,A,75229,1325217514082TUTR0,2026-06-03 07:00:00,2026-06-03 15:00:00,56,17.0,0,Continuity (2-mould press)
2026-06-03 00:00:00,B,75229,1325217514082TUTR0,2026-06-03 15:00:00,2026-06-03 23:00:00,56,17.0,0,Continuity (2-mould press)
2026-06-03 00:00:00,C,75229,1325217514082TUTR0,2026-06-03 23:00:00,2026-06-04 07:00:00,56,17.0,0,Continuity (2-mould press)
2026-06-04 00:00:00,A,75229,1325217514082TUTR0,2026-06-04 07:00:00,2026-06-04 15:00:00,56,17.0,0,Continuity (2-mould press)
2026-06-04 00:00:00,B,75229,1325217514082TUTR0,2026-06-04 15:00:00,2026-06-04 23:00:00,56,17.0,0,Continuity (2-mould press)
2026-06-04 00:00:00,C,75229,1325217514082TUTR0,2026-06-04 23:00:00,2026-06-05 07:00:00,56,17.0,0,Continuity (2-mould press)
2026-06-05 00:00:00,A,75229,1325217514082TUTR0,2026-06-05 07:00:00,2026-06-05 15:00:00,56,17.0,0,Continuity (2-mould press)
2026-06-05 00:00:00,B,75229,1325217514082TUTR0,2026-06-05 15:00:00,2026-06-05 23:00:00,56,17.0,0,Continuity (2-mould press)
2026-06-05 00:00:00,C,75229,1325217514082TUTR0,2026-06-05 23:00:00,2026-06-06 07:00:00,56,17.0,0,Continuity (2-mould press)
2026-06-06 00:00:00,A,75229,1325217514082TUTR0,2026-06-06 07:00:00,2026-06-06 15:00:00,56,17.0,0,Continuity (2-mould press)
2026-06-06 00:00:00,B,75229,1325217514082TUTR0,2026-06-06 15:00:00,2026-06-06 23:00:00,56,17.0,0,Continuity (2-mould press)
2026-06-06 00:00:00,C,75229,1325217514082TUTR0,2026-06-06 23:00:00,2026-06-07 07:00:00,56,17.0,0,Continuity (2-mould press)
2026-06-07 00:00:00,A,75229,1325217514082TUTR0,2026-06-07 07:00:00,2026-06-07 15:00:00,56,17.0,0,Continuity (2-mould press)
2026-06-07 00:00:00,B,75229,1325217514082TUTR0,2026-06-07 15:00:00,2026-06-07 23:00:00,56,17.0,0,Continuity (2-mould press)
2026-06-07 00:00:00,C,75229,1325217514082TUTR0,2026-06-07 23:00:00,2026-06-08 07:00:00,56,17.0,0,Continuity (2-mould press)
2026-06-08 00:00:00,A,75229,1325217514082TUTR0,2026-06-08 07:00:00,2026-06-08 15:00:00,56,17.0,0,Continuity (2-mould press)
2026-06-08 00:00:00,B,75229,1325217514082TUTR0,2026-06-08 15:00:00,2026-06-08 23:00:00,56,17.0,0,Continuity (2-mould press)
2026-06-08 00:00:00,C,75229,1325217514082TUTR0,2026-06-08 23:00:00,2026-06-09 04:54:00,42,17.0,0,Continuity (2-mould press)
2026-05-21 00:00:00,A,75230,1325216614081STMX0,2026-05-21 07:00:00,2026-05-21 15:00:00,60,16.0,147,Continuity (2-mould press)
2026-05-21 00:00:00,B,75230,1325216614081STMX0,2026-05-21 15:00:00,2026-05-21 23:00:00,60,16.0,147,Continuity (2-mould press)
2026-05-21 00:00:00,C,75230,1325216614081STMX0,2026-05-21 23:00:00,2026-05-22 07:00:00,60,16.0,147,Continuity (2-mould press)
2026-05-22 00:00:00,A,75230,1325216614081STMX0,2026-05-22 07:00:00,2026-05-22 15:00:00,60,16.0,147,Continuity (2-mould press)
2026-05-22 00:00:00,B,75230,1325216614081STMX0,2026-05-22 15:00:00,2026-05-22 23:00:00,60,16.0,147,Continuity (2-mould press)
2026-05-22 00:00:00,C,75230,1325216614081STMX0,2026-05-22 23:00:00,2026-05-23 07:00:00,60,16.0,147,Continuity (2-mould press)
2026-05-23 00:00:00,A,75230,1325216614081STMX0,2026-05-23 07:00:00,2026-05-23 15:00:00,60,16.0,147,Continuity (2-mould press)
2026-05-23 00:00:00,B,75230,1325216614081STMX0,2026-05-23 15:00:00,2026-05-23 23:00:00,60,16.0,147,Continuity (2-mould press)
2026-05-23 00:00:00,C,75230,1325216614081STMX0,2026-05-23 23:00:00,2026-05-24 07:00:00,60,16.0,147,Continuity (2-mould press)
2026-05-24 00:00:00,A,75230,1325216614081STMX0,2026-05-24 07:00:00,2026-05-24 15:00:00,60,16.0,147,Continuity (2-mould press)
2026-05-24 00:00:00,B,75230,1325216614081STMX0,2026-05-24 15:00:00,2026-05-24 23:00:00,60,16.0,147,Continuity (2-mould press)
2026-05-24 00:00:00,C,75230,1325216614081STMX0,2026-05-24 23:00:00,2026-05-25 07:00:00,60,16.0,147,Continuity (2-mould press)
2026-05-25 00:00:00,A,75230,1325216614081STMX0,2026-05-25 07:00:00,2026-05-25 15:00:00,60,16.0,147,Continuity (2-mould press)
2026-05-25 00:00:00,B,75230,1325216614081STMX0,2026-05-25 15:00:00,2026-05-25 23:00:00,60,16.0,147,Continuity (2-mould press)
2026-05-25 00:00:00,C,75230,1325216614081STMX0,2026-05-25 23:00:00,2026-05-26 07:00:00,60,16.0,147,Continuity (2-mould press)
2026-05-26 00:00:00,A,75230,1325216614081STMX0,2026-05-26 07:00:00,2026-05-26 15:00:00,60,16.0,147,Continuity (2-mould press)
2026-05-26 00:00:00,B,75230,1325216614081STMX0,2026-05-26 15:00:00,2026-05-26 23:00:00,60,16.0,147,Continuity (2-mould press)
2026-05-26 00:00:00,C,75230,1325216614081STMX0,2026-05-26 23:00:00,2026-05-27 07:00:00,60,16.0,147,Continuity (2-mould press)
2026-05-27 00:00:00,A,75230,1325216614081STMX0,2026-05-27 07:00:00,2026-05-27 15:00:00,60,16.0,147,Continuity (2-mould press)
2026-05-27 00:00:00,B,75230,1325216614081STMX0,2026-05-27 15:00:00,2026-05-27 23:00:00,60,16.0,147,Continuity (2-mould press)
2026-05-27 00:00:00,C,75230,1325216614081STMX0,2026-05-27 23:00:00,2026-05-28 07:00:00,60,16.0,147,Continuity (2-mould press)
2026-05-28 00:00:00,A,75230,1325216614081STMX0,2026-05-28 07:00:00,2026-05-28 15:00:00,60,16.0,147,Continuity (2-mould press)
2026-05-28 00:00:00,B,75230,1325216614081STMX0,2026-05-28 15:00:00,2026-05-28 21:40:00,50,16.0,147,Continuity (2-mould press)
2026-05-28 00:00:00,B,75230,MOULD_CLEAN,2026-05-28 21:40:00,2026-05-28 23:00:00,0,0.0,0,Mould cleaning (continuity)
2026-05-28 00:00:00,C,75230,MOULD_CLEAN,2026-05-28 23:00:00,2026-05-28 23:40:00,0,0.0,0,Mould cleaning (continuity)
2026-05-28 00:00:00,C,75230,1325216614081STMX0,2026-05-28 23:40:00,2026-05-29 07:00:00,55,16.0,147,Continuity (2-mould press)
2026-05-29 00:00:00,A,75230,1325216614081STMX0,2026-05-29 07:00:00,2026-05-29 15:00:00,60,16.0,147,Continuity (2-mould press)
2026-05-29 00:00:00,B,75230,1325216614081STMX0,2026-05-29 15:00:00,2026-05-29 23:00:00,60,16.0,147,Continuity (2-mould press)
2026-05-29 00:00:00,C,75230,1325216614081STMX0,2026-05-29 23:00:00,2026-05-30 07:00:00,60,16.0,147,Continuity (2-mould press)
2026-05-30 00:00:00,A,75230,1325216614081STMX0,2026-05-30 07:00:00,2026-05-30 15:00:00,60,16.0,147,Continuity (2-mould press)
2026-05-30 00:00:00,B,75230,1325216614081STMX0,2026-05-30 15:00:00,2026-05-30 23:00:00,60,16.0,147,Continuity (2-mould press)
2026-05-30 00:00:00,C,75230,1325216614081STMX0,2026-05-30 23:00:00,2026-05-31 07:00:00,60,16.0,147,Continuity (2-mould press)
2026-05-31 00:00:00,A,75230,1325216614081STMX0,2026-05-31 07:00:00,2026-05-31 15:00:00,60,16.0,147,Continuity (2-mould press)
2026-05-31 00:00:00,B,75230,1325216614081STMX0,2026-05-31 15:00:00,2026-05-31 23:00:00,60,16.0,147,Continuity (2-mould press)
2026-05-31 00:00:00,C,75230,1325216614081STMX0,2026-05-31 23:00:00,2026-06-01 07:00:00,60,16.0,147,Continuity (2-mould press)
2026-06-01 00:00:00,A,75230,1325216614081STMX0,2026-06-01 07:00:00,2026-06-01 15:00:00,60,16.0,147,Continuity (2-mould press)
2026-06-01 00:00:00,B,75230,1325216614081STMX0,2026-06-01 15:00:00,2026-06-01 23:00:00,60,16.0,147,Continuity (2-mould press)
2026-06-01 00:00:00,C,75230,1325216614081STMX0,2026-06-01 23:00:00,2026-06-02 07:00:00,60,16.0,147,Continuity (2-mould press)
2026-06-02 00:00:00,A,75230,1325216614081STMX0,2026-06-02 07:00:00,2026-06-02 15:00:00,60,16.0,147,Continuity (2-mould press)
2026-06-02 00:00:00,B,75230,1325216614081STMX0,2026-06-02 15:00:00,2026-06-02 23:00:00,60,16.0,147,Continuity (2-mould press)
2026-06-02 00:00:00,C,75230,1325216614081STMX0,2026-06-02 23:00:00,2026-06-03 07:00:00,60,16.0,147,Continuity (2-mould press)
2026-06-03 00:00:00,A,75230,1325216614081STMX0,2026-06-03 07:00:00,2026-06-03 15:00:00,60,16.0,147,Continuity (2-mould press)
2026-06-03 00:00:00,B,75230,1325216614081STMX0,2026-06-03 15:00:00,2026-06-03 21:32:00,49,16.0,147,Continuity (2-mould press)
2026-05-21 00:00:00,A,8601,1225170015012LSTL0,2026-05-21 07:00:00,2026-05-21 15:00:00,31,31.0,395,Continuity (2-mould press)
2026-05-21 00:00:00,B,8601,1225170015012LSTL0,2026-05-21 15:00:00,2026-05-21 23:00:00,31,31.0,395,Continuity (2-mould press)
2026-05-21 00:00:00,C,8601,1225170015012LSTL0,2026-05-21 23:00:00,2026-05-22 07:00:00,31,31.0,395,Continuity (2-mould press)
2026-05-22 00:00:00,A,8601,1225170015012LSTL0,2026-05-22 07:00:00,2026-05-22 15:00:00,31,31.0,395,Continuity (2-mould press)
2026-05-22 00:00:00,B,8601,1225170015012LSTL0,2026-05-22 15:00:00,2026-05-22 23:00:00,31,31.0,395,Continuity (2-mould press)
2026-05-22 00:00:00,C,8601,1225170015012LSTL0,2026-05-22 23:00:00,2026-05-23 07:00:00,31,31.0,395,Continuity (2-mould press)
2026-05-23 00:00:00,A,8601,1225170015012LSTL0,2026-05-23 07:00:00,2026-05-23 15:00:00,31,31.0,395,Continuity (2-mould press)
2026-05-23 00:00:00,B,8601,1225170015012LSTL0,2026-05-23 15:00:00,2026-05-23 22:33:00,29,31.0,395,Continuity (2-mould press)
2026-05-21 00:00:00,A,8602,1225221715115SSTL0,2026-05-21 07:00:00,2026-05-21 15:00:00,32,30.0,158,Continuity (2-mould press)
2026-05-21 00:00:00,B,8602,1225221715115SSTL0,2026-05-21 15:00:00,2026-05-21 23:00:00,32,30.0,158,Continuity (2-mould press)
2026-05-21 00:00:00,C,8602,1225221715115SSTL0,2026-05-21 23:00:00,2026-05-22 07:00:00,32,30.0,158,Continuity (2-mould press)
2026-05-22 00:00:00,A,8602,1225221715115SSTL0,2026-05-22 07:00:00,2026-05-22 15:00:00,32,30.0,158,Continuity (2-mould press)
2026-05-22 00:00:00,B,8602,1225221715115SSTL0,2026-05-22 15:00:00,2026-05-22 23:00:00,32,30.0,158,Continuity (2-mould press)
2026-05-22 00:00:00,C,8602,1225221715115SSTL0,2026-05-22 23:00:00,2026-05-23 07:00:00,32,30.0,158,Continuity (2-mould press)
2026-05-23 00:00:00,A,8602,1225221715115SSTL0,2026-05-23 07:00:00,2026-05-23 15:00:00,32,30.0,158,Continuity (2-mould press)
2026-05-23 00:00:00,B,8602,1225221715115SSTL0,2026-05-23 15:00:00,2026-05-23 23:00:00,32,30.0,158,Continuity (2-mould press)
2026-05-23 00:00:00,C,8602,1225221715115SSTL0,2026-05-23 23:00:00,2026-05-24 07:00:00,32,30.0,158,Continuity (2-mould press)
2026-05-24 00:00:00,A,8602,1225221715115SSTL0,2026-05-24 07:00:00,2026-05-24 15:00:00,32,30.0,158,Continuity (2-mould press)
2026-05-24 00:00:00,B,8602,1225221715115SSTL0,2026-05-24 15:00:00,2026-05-24 23:00:00,32,30.0,158,Continuity (2-mould press)
2026-05-24 00:00:00,C,8602,1225221715115SSTL0,2026-05-24 23:00:00,2026-05-25 07:00:00,32,30.0,158,Continuity (2-mould press)
2026-05-25 00:00:00,A,8602,1225221715115SSTL0,2026-05-25 07:00:00,2026-05-25 15:00:00,32,30.0,158,Continuity (2-mould press)
2026-05-25 00:00:00,B,8602,1225221715115SSTL0,2026-05-25 15:00:00,2026-05-25 23:00:00,32,30.0,158,Continuity (2-mould press)
2026-05-25 00:00:00,C,8602,1225221715115SSTL0,2026-05-25 23:00:00,2026-05-26 07:00:00,32,30.0,158,Continuity (2-mould press)
2026-05-26 00:00:00,A,8602,1225221715115SSTL0,2026-05-26 07:00:00,2026-05-26 15:00:00,32,30.0,158,Continuity (2-mould press)
2026-05-26 00:00:00,B,8602,1225221715115SSTL0,2026-05-26 15:00:00,2026-05-26 23:00:00,32,30.0,158,Continuity (2-mould press)
2026-05-26 00:00:00,C,8602,1225221715115SSTL0,2026-05-26 23:00:00,2026-05-27 07:00:00,32,30.0,158,Continuity (2-mould press)
2026-05-27 00:00:00,A,8602,1225221715115SSTL0,2026-05-27 07:00:00,2026-05-27 15:00:00,32,30.0,158,Continuity (2-mould press)
2026-05-27 00:00:00,B,8602,1225221715115SSTL0,2026-05-27 15:00:00,2026-05-27 23:00:00,32,30.0,158,Continuity (2-mould press)
2026-05-27 00:00:00,C,8602,1225221715115SSTL0,2026-05-27 23:00:00,2026-05-28 07:00:00,32,30.0,158,Continuity (2-mould press)
2026-05-28 00:00:00,A,8602,1225221715115SSTL0,2026-05-28 07:00:00,2026-05-28 15:00:00,32,30.0,158,Continuity (2-mould press)
2026-05-28 00:00:00,B,8602,1225221715115SSTL0,2026-05-28 15:00:00,2026-05-28 23:00:00,32,30.0,158,Continuity (2-mould press)
2026-05-28 00:00:00,C,8602,1225221715115SSTL0,2026-05-28 23:00:00,2026-05-29 07:00:00,32,30.0,158,Continuity (2-mould press)
2026-05-29 00:00:00,A,8602,1225221715115SSTL0,2026-05-29 07:00:00,2026-05-29 15:00:00,32,30.0,158,Continuity (2-mould press)
2026-05-29 00:00:00,B,8602,1225221715115SSTL0,2026-05-29 15:00:00,2026-05-29 23:00:00,32,30.0,158,Continuity (2-mould press)
2026-05-29 00:00:00,C,8602,1225221715115SSTL0,2026-05-29 23:00:00,2026-05-30 07:00:00,32,30.0,158,Continuity (2-mould press)
2026-05-30 00:00:00,A,8602,1225221715115SSTL0,2026-05-30 07:00:00,2026-05-30 15:00:00,32,30.0,158,Continuity (2-mould press)
2026-05-30 00:00:00,B,8602,1225221715115SSTL0,2026-05-30 15:00:00,2026-05-30 23:00:00,32,30.0,158,Continuity (2-mould press)
2026-05-30 00:00:00,C,8602,1225221715115SSTL0,2026-05-30 23:00:00,2026-05-31 07:00:00,32,30.0,158,Continuity (2-mould press)
2026-05-31 00:00:00,A,8602,1225221715115SSTL0,2026-05-31 07:00:00,2026-05-31 15:00:00,32,30.0,158,Continuity (2-mould press)
2026-05-31 00:00:00,B,8602,1225221715115SSTL0,2026-05-31 15:00:00,2026-05-31 23:00:00,32,30.0,158,Continuity (2-mould press)
2026-05-31 00:00:00,C,8602,1225221715115SSTL0,2026-05-31 23:00:00,2026-06-01 07:00:00,32,30.0,158,Continuity (2-mould press)
2026-06-01 00:00:00,A,8602,1225221715115SSTL0,2026-06-01 07:00:00,2026-06-01 15:00:00,32,30.0,158,Continuity (2-mould press)
2026-06-01 00:00:00,B,8602,1225221715115SSTL0,2026-06-01 15:00:00,2026-06-01 23:00:00,32,30.0,158,Continuity (2-mould press)
2026-06-01 00:00:00,C,8602,1225221715115SSTL0,2026-06-01 23:00:00,2026-06-02 07:00:00,32,30.0,158,Continuity (2-mould press)
2026-06-02 00:00:00,A,8602,1225221715115SSTL0,2026-06-02 07:00:00,2026-06-02 15:00:00,32,30.0,158,Continuity (2-mould press)
2026-06-02 00:00:00,B,8602,1225221715115SSTL0,2026-06-02 15:00:00,2026-06-02 23:00:00,32,30.0,158,Continuity (2-mould press)
2026-06-02 00:00:00,C,8602,1225221715115SSTL0,2026-06-02 23:00:00,2026-06-03 07:00:00,32,30.0,158,Continuity (2-mould press)
2026-06-03 00:00:00,A,8602,1225221715115SSTL0,2026-06-03 07:00:00,2026-06-03 15:00:00,32,30.0,158,Continuity (2-mould press)
2026-06-03 00:00:00,B,8602,1225221715115SSTL0,2026-06-03 15:00:00,2026-06-03 23:00:00,32,30.0,158,Continuity (2-mould press)
2026-06-03 00:00:00,C,8602,1225221715115SSTL0,2026-06-03 23:00:00,2026-06-04 07:00:00,32,30.0,158,Continuity (2-mould press)
2026-06-04 00:00:00,A,8602,1225221715115SSTL0,2026-06-04 07:00:00,2026-06-04 15:00:00,32,30.0,158,Continuity (2-mould press)
2026-06-04 00:00:00,B,8602,1225221715115SSTL0,2026-06-04 15:00:00,2026-06-04 23:00:00,32,30.0,158,Continuity (2-mould press)
2026-06-04 00:00:00,C,8602,1225221715115SSTL0,2026-06-04 23:00:00,2026-06-05 00:30:00,6,30.0,158,Continuity (2-mould press)
2026-05-21 00:00:00,A,8603,1225221715115SSTL0,2026-05-21 07:00:00,2026-05-21 15:00:00,32,30.0,158,Continuity (2-mould press)
2026-05-21 00:00:00,B,8603,1225221715115SSTL0,2026-05-21 15:00:00,2026-05-21 23:00:00,32,30.0,158,Continuity (2-mould press)
2026-05-21 00:00:00,C,8603,1225221715115SSTL0,2026-05-21 23:00:00,2026-05-22 07:00:00,32,30.0,158,Continuity (2-mould press)
2026-05-22 00:00:00,A,8603,1225221715115SSTL0,2026-05-22 07:00:00,2026-05-22 15:00:00,32,30.0,158,Continuity (2-mould press)
2026-05-22 00:00:00,B,8603,1225221715115SSTL0,2026-05-22 15:00:00,2026-05-22 23:00:00,32,30.0,158,Continuity (2-mould press)
2026-05-22 00:00:00,C,8603,1225221715115SSTL0,2026-05-22 23:00:00,2026-05-23 07:00:00,32,30.0,158,Continuity (2-mould press)
2026-05-23 00:00:00,A,8603,1225221715115SSTL0,2026-05-23 07:00:00,2026-05-23 15:00:00,32,30.0,158,Continuity (2-mould press)
2026-05-23 00:00:00,B,8603,1225221715115SSTL0,2026-05-23 15:00:00,2026-05-23 23:00:00,32,30.0,158,Continuity (2-mould press)
2026-05-23 00:00:00,C,8603,1225221715115SSTL0,2026-05-23 23:00:00,2026-05-24 07:00:00,32,30.0,158,Continuity (2-mould press)
2026-05-24 00:00:00,A,8603,1225221715115SSTL0,2026-05-24 07:00:00,2026-05-24 15:00:00,32,30.0,158,Continuity (2-mould press)
2026-05-24 00:00:00,B,8603,1225221715115SSTL0,2026-05-24 15:00:00,2026-05-24 23:00:00,32,30.0,158,Continuity (2-mould press)
2026-05-24 00:00:00,C,8603,1225221715115SSTL0,2026-05-24 23:00:00,2026-05-25 07:00:00,32,30.0,158,Continuity (2-mould press)
2026-05-25 00:00:00,A,8603,1225221715115SSTL0,2026-05-25 07:00:00,2026-05-25 15:00:00,32,30.0,158,Continuity (2-mould press)
2026-05-25 00:00:00,B,8603,1225221715115SSTL0,2026-05-25 15:00:00,2026-05-25 23:00:00,32,30.0,158,Continuity (2-mould press)
2026-05-25 00:00:00,C,8603,1225221715115SSTL0,2026-05-25 23:00:00,2026-05-26 07:00:00,32,30.0,158,Continuity (2-mould press)
2026-05-26 00:00:00,A,8603,1225221715115SSTL0,2026-05-26 07:00:00,2026-05-26 15:00:00,32,30.0,158,Continuity (2-mould press)
2026-05-26 00:00:00,B,8603,1225221715115SSTL0,2026-05-26 15:00:00,2026-05-26 23:00:00,32,30.0,158,Continuity (2-mould press)
2026-05-26 00:00:00,C,8603,1225221715115SSTL0,2026-05-26 23:00:00,2026-05-27 07:00:00,32,30.0,158,Continuity (2-mould press)
2026-05-27 00:00:00,A,8603,1225221715115SSTL0,2026-05-27 07:00:00,2026-05-27 15:00:00,32,30.0,158,Continuity (2-mould press)
2026-05-27 00:00:00,B,8603,1225221715115SSTL0,2026-05-27 15:00:00,2026-05-27 23:00:00,32,30.0,158,Continuity (2-mould press)
2026-05-27 00:00:00,C,8603,1225221715115SSTL0,2026-05-27 23:00:00,2026-05-28 07:00:00,32,30.0,158,Continuity (2-mould press)
2026-05-28 00:00:00,A,8603,1225221715115SSTL0,2026-05-28 07:00:00,2026-05-28 15:00:00,32,30.0,158,Continuity (2-mould press)
2026-05-28 00:00:00,B,8603,1225221715115SSTL0,2026-05-28 15:00:00,2026-05-28 23:00:00,32,30.0,158,Continuity (2-mould press)
2026-05-28 00:00:00,C,8603,1225221715115SSTL0,2026-05-28 23:00:00,2026-05-29 07:00:00,32,30.0,158,Continuity (2-mould press)
2026-05-29 00:00:00,A,8603,1225221715115SSTL0,2026-05-29 07:00:00,2026-05-29 15:00:00,32,30.0,158,Continuity (2-mould press)
2026-05-29 00:00:00,B,8603,1225221715115SSTL0,2026-05-29 15:00:00,2026-05-29 23:00:00,32,30.0,158,Continuity (2-mould press)
2026-05-29 00:00:00,C,8603,1225221715115SSTL0,2026-05-29 23:00:00,2026-05-30 07:00:00,32,30.0,158,Continuity (2-mould press)
2026-05-30 00:00:00,A,8603,1225221715115SSTL0,2026-05-30 07:00:00,2026-05-30 15:00:00,32,30.0,158,Continuity (2-mould press)
2026-05-30 00:00:00,B,8603,1225221715115SSTL0,2026-05-30 15:00:00,2026-05-30 23:00:00,32,30.0,158,Continuity (2-mould press)
2026-05-30 00:00:00,C,8603,1225221715115SSTL0,2026-05-30 23:00:00,2026-05-31 07:00:00,32,30.0,158,Continuity (2-mould press)
2026-05-31 00:00:00,A,8603,1225221715115SSTL0,2026-05-31 07:00:00,2026-05-31 15:00:00,32,30.0,158,Continuity (2-mould press)
2026-05-31 00:00:00,B,8603,1225221715115SSTL0,2026-05-31 15:00:00,2026-05-31 23:00:00,32,30.0,158,Continuity (2-mould press)
2026-05-31 00:00:00,C,8603,1225221715115SSTL0,2026-05-31 23:00:00,2026-06-01 07:00:00,32,30.0,158,Continuity (2-mould press)
2026-06-01 00:00:00,A,8603,1225221715115SSTL0,2026-06-01 07:00:00,2026-06-01 15:00:00,32,30.0,158,Continuity (2-mould press)
2026-06-01 00:00:00,B,8603,1225221715115SSTL0,2026-06-01 15:00:00,2026-06-01 23:00:00,32,30.0,158,Continuity (2-mould press)
2026-06-01 00:00:00,C,8603,1225221715115SSTL0,2026-06-01 23:00:00,2026-06-02 07:00:00,32,30.0,158,Continuity (2-mould press)
2026-06-02 00:00:00,A,8603,1225221715115SSTL0,2026-06-02 07:00:00,2026-06-02 15:00:00,32,30.0,158,Continuity (2-mould press)
2026-06-02 00:00:00,B,8603,1225221715115SSTL0,2026-06-02 15:00:00,2026-06-02 23:00:00,32,30.0,158,Continuity (2-mould press)
2026-06-02 00:00:00,C,8603,1225221715115SSTL0,2026-06-02 23:00:00,2026-06-03 07:00:00,32,30.0,158,Continuity (2-mould press)
2026-06-03 00:00:00,A,8603,1225221715115SSTL0,2026-06-03 07:00:00,2026-06-03 15:00:00,32,30.0,158,Continuity (2-mould press)
2026-06-03 00:00:00,B,8603,1225221715115SSTL0,2026-06-03 15:00:00,2026-06-03 23:00:00,32,30.0,158,Continuity (2-mould press)
2026-06-03 00:00:00,C,8603,1225221715115SSTL0,2026-06-03 23:00:00,2026-06-04 07:00:00,32,30.0,158,Continuity (2-mould press)
2026-06-04 00:00:00,A,8603,1225221715115SSTL0,2026-06-04 07:00:00,2026-06-04 15:00:00,32,30.0,158,Continuity (2-mould press)
2026-06-04 00:00:00,B,8603,1225221715115SSTL0,2026-06-04 15:00:00,2026-06-04 23:00:00,32,30.0,158,Continuity (2-mould press)
2026-06-04 00:00:00,C,8603,1225221715115SSTL0,2026-06-04 23:00:00,2026-06-05 00:30:00,6,30.0,158,Continuity (2-mould press)
2026-05-21 00:00:00,A,8604,1225170015012LSTL0,2026-05-21 07:00:00,2026-05-21 15:00:00,31,31.0,395,Continuity (2-mould press)
2026-05-21 00:00:00,B,8604,1225170015012LSTL0,2026-05-21 15:00:00,2026-05-21 23:00:00,31,31.0,395,Continuity (2-mould press)
2026-05-21 00:00:00,C,8604,1225170015012LSTL0,2026-05-21 23:00:00,2026-05-22 07:00:00,31,31.0,395,Continuity (2-mould press)
2026-05-22 00:00:00,A,8604,1225170015012LSTL0,2026-05-22 07:00:00,2026-05-22 15:00:00,31,31.0,395,Continuity (2-mould press)
2026-05-22 00:00:00,B,8604,1225170015012LSTL0,2026-05-22 15:00:00,2026-05-22 23:00:00,31,31.0,395,Continuity (2-mould press)
2026-05-22 00:00:00,C,8604,1225170015012LSTL0,2026-05-22 23:00:00,2026-05-23 07:00:00,31,31.0,395,Continuity (2-mould press)
2026-05-23 00:00:00,A,8604,1225170015012LSTL0,2026-05-23 07:00:00,2026-05-23 15:00:00,31,31.0,395,Continuity (2-mould press)
2026-05-23 00:00:00,B,8604,1225170015012LSTL0,2026-05-23 15:00:00,2026-05-23 22:33:00,29,31.0,395,Continuity (2-mould press)
2026-05-21 00:00:00,A,8605,1225170015012LSTL0,2026-05-21 07:00:00,2026-05-21 15:00:00,31,31.0,395,Continuity (2-mould press)
2026-05-21 00:00:00,B,8605,1225170015012LSTL0,2026-05-21 15:00:00,2026-05-21 23:00:00,31,31.0,395,Continuity (2-mould press)
2026-05-21 00:00:00,C,8605,1225170015012LSTL0,2026-05-21 23:00:00,2026-05-22 07:00:00,31,31.0,395,Continuity (2-mould press)
2026-05-22 00:00:00,A,8605,1225170015012LSTL0,2026-05-22 07:00:00,2026-05-22 15:00:00,31,31.0,395,Continuity (2-mould press)
2026-05-22 00:00:00,B,8605,1225170015012LSTL0,2026-05-22 15:00:00,2026-05-22 23:00:00,31,31.0,395,Continuity (2-mould press)
2026-05-22 00:00:00,C,8605,1225170015012LSTL0,2026-05-22 23:00:00,2026-05-23 07:00:00,31,31.0,395,Continuity (2-mould press)
2026-05-23 00:00:00,A,8605,1225170015012LSTL0,2026-05-23 07:00:00,2026-05-23 15:00:00,31,31.0,395,Continuity (2-mould press)
2026-05-23 00:00:00,B,8605,1225170015012LSTL0,2026-05-23 15:00:00,2026-05-23 22:33:00,29,31.0,395,Continuity (2-mould press)
2026-05-21 00:00:00,A,8606,1225170015012LSTL0,2026-05-21 07:00:00,2026-05-21 15:00:00,31,31.0,395,Continuity (2-mould press)
2026-05-21 00:00:00,B,8606,1225170015012LSTL0,2026-05-21 15:00:00,2026-05-21 23:00:00,31,31.0,395,Continuity (2-mould press)
2026-05-21 00:00:00,C,8606,1225170015012LSTL0,2026-05-21 23:00:00,2026-05-22 07:00:00,31,31.0,395,Continuity (2-mould press)
2026-05-22 00:00:00,A,8606,1225170015012LSTL0,2026-05-22 07:00:00,2026-05-22 15:00:00,31,31.0,395,Continuity (2-mould press)
2026-05-22 00:00:00,B,8606,1225170015012LSTL0,2026-05-22 15:00:00,2026-05-22 23:00:00,31,31.0,395,Continuity (2-mould press)
2026-05-22 00:00:00,C,8606,1225170015012LSTL0,2026-05-22 23:00:00,2026-05-23 07:00:00,31,31.0,395,Continuity (2-mould press)
2026-05-23 00:00:00,A,8606,1225170015012LSTL0,2026-05-23 07:00:00,2026-05-23 15:00:00,31,31.0,395,Continuity (2-mould press)
2026-05-23 00:00:00,B,8606,1225170015012LSTL0,2026-05-23 15:00:00,2026-05-23 22:33:00,29,31.0,395,Continuity (2-mould press)
2026-05-21 00:00:00,A,8701,1225221715115SSTL0,2026-05-21 07:00:00,2026-05-21 15:00:00,32,30.0,158,Continuity (2-mould press)
2026-05-21 00:00:00,B,8701,1225221715115SSTL0,2026-05-21 15:00:00,2026-05-21 23:00:00,32,30.0,158,Continuity (2-mould press)
2026-05-21 00:00:00,C,8701,1225221715115SSTL0,2026-05-21 23:00:00,2026-05-22 07:00:00,32,30.0,158,Continuity (2-mould press)
2026-05-22 00:00:00,A,8701,1225221715115SSTL0,2026-05-22 07:00:00,2026-05-22 15:00:00,32,30.0,158,Continuity (2-mould press)
2026-05-22 00:00:00,B,8701,1225221715115SSTL0,2026-05-22 15:00:00,2026-05-22 23:00:00,32,30.0,158,Continuity (2-mould press)
2026-05-22 00:00:00,C,8701,1225221715115SSTL0,2026-05-22 23:00:00,2026-05-23 07:00:00,32,30.0,158,Continuity (2-mould press)
2026-05-23 00:00:00,A,8701,1225221715115SSTL0,2026-05-23 07:00:00,2026-05-23 15:00:00,32,30.0,158,Continuity (2-mould press)
2026-05-23 00:00:00,B,8701,1225221715115SSTL0,2026-05-23 15:00:00,2026-05-23 23:00:00,32,30.0,158,Continuity (2-mould press)
2026-05-23 00:00:00,C,8701,1225221715115SSTL0,2026-05-23 23:00:00,2026-05-24 07:00:00,32,30.0,158,Continuity (2-mould press)
2026-05-24 00:00:00,A,8701,1225221715115SSTL0,2026-05-24 07:00:00,2026-05-24 15:00:00,32,30.0,158,Continuity (2-mould press)
2026-05-24 00:00:00,B,8701,1225221715115SSTL0,2026-05-24 15:00:00,2026-05-24 23:00:00,32,30.0,158,Continuity (2-mould press)
2026-05-24 00:00:00,C,8701,1225221715115SSTL0,2026-05-24 23:00:00,2026-05-25 07:00:00,32,30.0,158,Continuity (2-mould press)
2026-05-25 00:00:00,A,8701,1225221715115SSTL0,2026-05-25 07:00:00,2026-05-25 15:00:00,32,30.0,158,Continuity (2-mould press)
2026-05-25 00:00:00,B,8701,1225221715115SSTL0,2026-05-25 15:00:00,2026-05-25 23:00:00,32,30.0,158,Continuity (2-mould press)
2026-05-25 00:00:00,C,8701,1225221715115SSTL0,2026-05-25 23:00:00,2026-05-26 07:00:00,32,30.0,158,Continuity (2-mould press)
2026-05-26 00:00:00,A,8701,1225221715115SSTL0,2026-05-26 07:00:00,2026-05-26 15:00:00,32,30.0,158,Continuity (2-mould press)
2026-05-26 00:00:00,B,8701,1225221715115SSTL0,2026-05-26 15:00:00,2026-05-26 23:00:00,32,30.0,158,Continuity (2-mould press)
2026-05-26 00:00:00,C,8701,1225221715115SSTL0,2026-05-26 23:00:00,2026-05-27 07:00:00,32,30.0,158,Continuity (2-mould press)
2026-05-27 00:00:00,A,8701,1225221715115SSTL0,2026-05-27 07:00:00,2026-05-27 15:00:00,32,30.0,158,Continuity (2-mould press)
2026-05-27 00:00:00,B,8701,1225221715115SSTL0,2026-05-27 15:00:00,2026-05-27 23:00:00,32,30.0,158,Continuity (2-mould press)
2026-05-27 00:00:00,C,8701,1225221715115SSTL0,2026-05-27 23:00:00,2026-05-28 07:00:00,32,30.0,158,Continuity (2-mould press)
2026-05-28 00:00:00,A,8701,1225221715115SSTL0,2026-05-28 07:00:00,2026-05-28 15:00:00,32,30.0,158,Continuity (2-mould press)
2026-05-28 00:00:00,B,8701,1225221715115SSTL0,2026-05-28 15:00:00,2026-05-28 23:00:00,32,30.0,158,Continuity (2-mould press)
2026-05-28 00:00:00,C,8701,1225221715115SSTL0,2026-05-28 23:00:00,2026-05-29 07:00:00,32,30.0,158,Continuity (2-mould press)
2026-05-29 00:00:00,A,8701,1225221715115SSTL0,2026-05-29 07:00:00,2026-05-29 15:00:00,32,30.0,158,Continuity (2-mould press)
2026-05-29 00:00:00,B,8701,1225221715115SSTL0,2026-05-29 15:00:00,2026-05-29 23:00:00,32,30.0,158,Continuity (2-mould press)
2026-05-29 00:00:00,C,8701,1225221715115SSTL0,2026-05-29 23:00:00,2026-05-30 07:00:00,32,30.0,158,Continuity (2-mould press)
2026-05-30 00:00:00,A,8701,1225221715115SSTL0,2026-05-30 07:00:00,2026-05-30 15:00:00,32,30.0,158,Continuity (2-mould press)
2026-05-30 00:00:00,B,8701,1225221715115SSTL0,2026-05-30 15:00:00,2026-05-30 23:00:00,32,30.0,158,Continuity (2-mould press)
2026-05-30 00:00:00,C,8701,1225221715115SSTL0,2026-05-30 23:00:00,2026-05-31 07:00:00,32,30.0,158,Continuity (2-mould press)
2026-05-31 00:00:00,A,8701,1225221715115SSTL0,2026-05-31 07:00:00,2026-05-31 15:00:00,32,30.0,158,Continuity (2-mould press)
2026-05-31 00:00:00,B,8701,1225221715115SSTL0,2026-05-31 15:00:00,2026-05-31 23:00:00,32,30.0,158,Continuity (2-mould press)
2026-05-31 00:00:00,C,8701,1225221715115SSTL0,2026-05-31 23:00:00,2026-06-01 07:00:00,32,30.0,158,Continuity (2-mould press)
2026-06-01 00:00:00,A,8701,1225221715115SSTL0,2026-06-01 07:00:00,2026-06-01 15:00:00,32,30.0,158,Continuity (2-mould press)
2026-06-01 00:00:00,B,8701,1225221715115SSTL0,2026-06-01 15:00:00,2026-06-01 23:00:00,32,30.0,158,Continuity (2-mould press)
2026-06-01 00:00:00,C,8701,1225221715115SSTL0,2026-06-01 23:00:00,2026-06-02 07:00:00,32,30.0,158,Continuity (2-mould press)
2026-06-02 00:00:00,A,8701,1225221715115SSTL0,2026-06-02 07:00:00,2026-06-02 15:00:00,32,30.0,158,Continuity (2-mould press)
2026-06-02 00:00:00,B,8701,1225221715115SSTL0,2026-06-02 15:00:00,2026-06-02 23:00:00,32,30.0,158,Continuity (2-mould press)
2026-06-02 00:00:00,C,8701,1225221715115SSTL0,2026-06-02 23:00:00,2026-06-03 07:00:00,32,30.0,158,Continuity (2-mould press)
2026-06-03 00:00:00,A,8701,1225221715115SSTL0,2026-06-03 07:00:00,2026-06-03 15:00:00,32,30.0,158,Continuity (2-mould press)
2026-06-03 00:00:00,B,8701,1225221715115SSTL0,2026-06-03 15:00:00,2026-06-03 23:00:00,32,30.0,158,Continuity (2-mould press)
2026-06-03 00:00:00,C,8701,1225221715115SSTL0,2026-06-03 23:00:00,2026-06-04 07:00:00,32,30.0,158,Continuity (2-mould press)
2026-06-04 00:00:00,A,8701,1225221715115SSTL0,2026-06-04 07:00:00,2026-06-04 15:00:00,32,30.0,158,Continuity (2-mould press)
2026-06-04 00:00:00,B,8701,1225221715115SSTL0,2026-06-04 15:00:00,2026-06-04 23:00:00,32,30.0,158,Continuity (2-mould press)
2026-06-04 00:00:00,C,8701,1225221715115SSTL0,2026-06-04 23:00:00,2026-06-05 00:30:00,6,30.0,158,Continuity (2-mould press)
2026-05-21 00:00:00,A,9001,1225170015012LSTL0,2026-05-21 07:00:00,2026-05-21 15:00:00,31,31.0,395,Continuity (2-mould press)
2026-05-21 00:00:00,B,9001,1225170015012LSTL0,2026-05-21 15:00:00,2026-05-21 23:00:00,31,31.0,395,Continuity (2-mould press)
2026-05-21 00:00:00,C,9001,1225170015012LSTL0,2026-05-21 23:00:00,2026-05-22 07:00:00,31,31.0,395,Continuity (2-mould press)
2026-05-22 00:00:00,A,9001,1225170015012LSTL0,2026-05-22 07:00:00,2026-05-22 15:00:00,31,31.0,395,Continuity (2-mould press)
2026-05-22 00:00:00,B,9001,1225170015012LSTL0,2026-05-22 15:00:00,2026-05-22 23:00:00,31,31.0,395,Continuity (2-mould press)
2026-05-22 00:00:00,C,9001,1225170015012LSTL0,2026-05-22 23:00:00,2026-05-23 07:00:00,31,31.0,395,Continuity (2-mould press)
2026-05-23 00:00:00,A,9001,1225170015012LSTL0,2026-05-23 07:00:00,2026-05-23 15:00:00,31,31.0,395,Continuity (2-mould press)
2026-05-23 00:00:00,B,9001,1225170015012LSTL0,2026-05-23 15:00:00,2026-05-23 22:33:00,29,31.0,395,Continuity (2-mould press)
2026-05-21 00:00:00,A,9002,1225170015012LSTL0,2026-05-21 07:00:00,2026-05-21 15:00:00,31,31.0,395,Continuity (2-mould press)
2026-05-21 00:00:00,B,9002,1225170015012LSTL0,2026-05-21 15:00:00,2026-05-21 23:00:00,31,31.0,395,Continuity (2-mould press)
2026-05-21 00:00:00,C,9002,1225170015012LSTL0,2026-05-21 23:00:00,2026-05-22 07:00:00,31,31.0,395,Continuity (2-mould press)
2026-05-22 00:00:00,A,9002,1225170015012LSTL0,2026-05-22 07:00:00,2026-05-22 15:00:00,31,31.0,395,Continuity (2-mould press)
2026-05-22 00:00:00,B,9002,1225170015012LSTL0,2026-05-22 15:00:00,2026-05-22 23:00:00,31,31.0,395,Continuity (2-mould press)
2026-05-22 00:00:00,C,9002,1225170015012LSTL0,2026-05-22 23:00:00,2026-05-23 07:00:00,31,31.0,395,Continuity (2-mould press)
2026-05-23 00:00:00,A,9002,1225170015012LSTL0,2026-05-23 07:00:00,2026-05-23 15:00:00,31,31.0,395,Continuity (2-mould press)
2026-05-23 00:00:00,B,9002,1225170015012LSTL0,2026-05-23 15:00:00,2026-05-23 22:33:00,29,31.0,395,Continuity (2-mould press)
2026-05-21 00:00:00,A,9201,1225170015010LSTL0,2026-05-21 07:00:00,2026-05-21 15:00:00,31,31.0,113,Continuity (2-mould press)
2026-05-21 00:00:00,B,9201,1225170015010LSTL0,2026-05-21 15:00:00,2026-05-21 23:00:00,31,31.0,113,Continuity (2-mould press)
2026-05-21 00:00:00,C,9201,1225170015010LSTL0,2026-05-21 23:00:00,2026-05-22 07:00:00,31,31.0,113,Continuity (2-mould press)
2026-05-22 00:00:00,A,9201,1225170015010LSTL0,2026-05-22 07:00:00,2026-05-22 15:00:00,31,31.0,113,Continuity (2-mould press)
2026-05-22 00:00:00,B,9201,1225170015010LSTL0,2026-05-22 15:00:00,2026-05-22 23:00:00,31,31.0,113,Continuity (2-mould press)
2026-05-22 00:00:00,C,9201,1225170015010LSTL0,2026-05-22 23:00:00,2026-05-23 07:00:00,31,31.0,113,Continuity (2-mould press)
2026-05-23 00:00:00,A,9201,1225170015010LSTL0,2026-05-23 07:00:00,2026-05-23 15:00:00,31,31.0,113,Continuity (2-mould press)
2026-05-23 00:00:00,B,9201,1225170015010LSTL0,2026-05-23 15:00:00,2026-05-23 23:00:00,31,31.0,113,Continuity (2-mould press)
2026-05-23 00:00:00,C,9201,1225170015010LSTL0,2026-05-23 23:00:00,2026-05-24 07:00:00,31,31.0,113,Continuity (2-mould press)
2026-05-24 00:00:00,A,9201,1225170015010LSTL0,2026-05-24 07:00:00,2026-05-24 15:00:00,31,31.0,113,Continuity (2-mould press)
2026-05-24 00:00:00,B,9201,1225170015010LSTL0,2026-05-24 15:00:00,2026-05-24 17:09:00,8,31.0,113,Continuity (2-mould press)
2026-05-21 00:00:00,A,9202,1225221715115SSTL0,2026-05-21 07:00:00,2026-05-21 15:00:00,32,30.0,158,Continuity (2-mould press)
2026-05-21 00:00:00,B,9202,1225221715115SSTL0,2026-05-21 15:00:00,2026-05-21 23:00:00,32,30.0,158,Continuity (2-mould press)
2026-05-21 00:00:00,C,9202,1225221715115SSTL0,2026-05-21 23:00:00,2026-05-22 07:00:00,32,30.0,158,Continuity (2-mould press)
2026-05-22 00:00:00,A,9202,1225221715115SSTL0,2026-05-22 07:00:00,2026-05-22 15:00:00,32,30.0,158,Continuity (2-mould press)
2026-05-22 00:00:00,B,9202,1225221715115SSTL0,2026-05-22 15:00:00,2026-05-22 23:00:00,32,30.0,158,Continuity (2-mould press)
2026-05-22 00:00:00,C,9202,1225221715115SSTL0,2026-05-22 23:00:00,2026-05-23 07:00:00,32,30.0,158,Continuity (2-mould press)
2026-05-23 00:00:00,A,9202,1225221715115SSTL0,2026-05-23 07:00:00,2026-05-23 15:00:00,32,30.0,158,Continuity (2-mould press)
2026-05-23 00:00:00,B,9202,1225221715115SSTL0,2026-05-23 15:00:00,2026-05-23 23:00:00,32,30.0,158,Continuity (2-mould press)
2026-05-23 00:00:00,C,9202,1225221715115SSTL0,2026-05-23 23:00:00,2026-05-24 07:00:00,32,30.0,158,Continuity (2-mould press)
2026-05-24 00:00:00,A,9202,1225221715115SSTL0,2026-05-24 07:00:00,2026-05-24 15:00:00,32,30.0,158,Continuity (2-mould press)
2026-05-24 00:00:00,B,9202,1225221715115SSTL0,2026-05-24 15:00:00,2026-05-24 23:00:00,32,30.0,158,Continuity (2-mould press)
2026-05-24 00:00:00,C,9202,1225221715115SSTL0,2026-05-24 23:00:00,2026-05-25 07:00:00,32,30.0,158,Continuity (2-mould press)
2026-05-25 00:00:00,A,9202,1225221715115SSTL0,2026-05-25 07:00:00,2026-05-25 15:00:00,32,30.0,158,Continuity (2-mould press)
2026-05-25 00:00:00,B,9202,1225221715115SSTL0,2026-05-25 15:00:00,2026-05-25 23:00:00,32,30.0,158,Continuity (2-mould press)
2026-05-25 00:00:00,C,9202,1225221715115SSTL0,2026-05-25 23:00:00,2026-05-26 07:00:00,32,30.0,158,Continuity (2-mould press)
2026-05-26 00:00:00,A,9202,1225221715115SSTL0,2026-05-26 07:00:00,2026-05-26 15:00:00,32,30.0,158,Continuity (2-mould press)
2026-05-26 00:00:00,B,9202,1225221715115SSTL0,2026-05-26 15:00:00,2026-05-26 23:00:00,32,30.0,158,Continuity (2-mould press)
2026-05-26 00:00:00,C,9202,1225221715115SSTL0,2026-05-26 23:00:00,2026-05-27 07:00:00,32,30.0,158,Continuity (2-mould press)
2026-05-27 00:00:00,A,9202,1225221715115SSTL0,2026-05-27 07:00:00,2026-05-27 15:00:00,32,30.0,158,Continuity (2-mould press)
2026-05-27 00:00:00,B,9202,1225221715115SSTL0,2026-05-27 15:00:00,2026-05-27 23:00:00,32,30.0,158,Continuity (2-mould press)
2026-05-27 00:00:00,C,9202,1225221715115SSTL0,2026-05-27 23:00:00,2026-05-28 07:00:00,32,30.0,158,Continuity (2-mould press)
2026-05-28 00:00:00,A,9202,1225221715115SSTL0,2026-05-28 07:00:00,2026-05-28 15:00:00,32,30.0,158,Continuity (2-mould press)
2026-05-28 00:00:00,B,9202,1225221715115SSTL0,2026-05-28 15:00:00,2026-05-28 23:00:00,32,30.0,158,Continuity (2-mould press)
2026-05-28 00:00:00,C,9202,1225221715115SSTL0,2026-05-28 23:00:00,2026-05-29 07:00:00,32,30.0,158,Continuity (2-mould press)
2026-05-29 00:00:00,A,9202,1225221715115SSTL0,2026-05-29 07:00:00,2026-05-29 15:00:00,32,30.0,158,Continuity (2-mould press)
2026-05-29 00:00:00,B,9202,1225221715115SSTL0,2026-05-29 15:00:00,2026-05-29 23:00:00,32,30.0,158,Continuity (2-mould press)
2026-05-29 00:00:00,C,9202,1225221715115SSTL0,2026-05-29 23:00:00,2026-05-30 07:00:00,32,30.0,158,Continuity (2-mould press)
2026-05-30 00:00:00,A,9202,1225221715115SSTL0,2026-05-30 07:00:00,2026-05-30 15:00:00,32,30.0,158,Continuity (2-mould press)
2026-05-30 00:00:00,B,9202,1225221715115SSTL0,2026-05-30 15:00:00,2026-05-30 23:00:00,32,30.0,158,Continuity (2-mould press)
2026-05-30 00:00:00,C,9202,1225221715115SSTL0,2026-05-30 23:00:00,2026-05-31 07:00:00,32,30.0,158,Continuity (2-mould press)
2026-05-31 00:00:00,A,9202,1225221715115SSTL0,2026-05-31 07:00:00,2026-05-31 15:00:00,32,30.0,158,Continuity (2-mould press)
2026-05-31 00:00:00,B,9202,1225221715115SSTL0,2026-05-31 15:00:00,2026-05-31 23:00:00,32,30.0,158,Continuity (2-mould press)
2026-05-31 00:00:00,C,9202,1225221715115SSTL0,2026-05-31 23:00:00,2026-06-01 07:00:00,32,30.0,158,Continuity (2-mould press)
2026-06-01 00:00:00,A,9202,1225221715115SSTL0,2026-06-01 07:00:00,2026-06-01 15:00:00,32,30.0,158,Continuity (2-mould press)
2026-06-01 00:00:00,B,9202,1225221715115SSTL0,2026-06-01 15:00:00,2026-06-01 23:00:00,32,30.0,158,Continuity (2-mould press)
2026-06-01 00:00:00,C,9202,1225221715115SSTL0,2026-06-01 23:00:00,2026-06-02 07:00:00,32,30.0,158,Continuity (2-mould press)
2026-06-02 00:00:00,A,9202,1225221715115SSTL0,2026-06-02 07:00:00,2026-06-02 15:00:00,32,30.0,158,Continuity (2-mould press)
2026-06-02 00:00:00,B,9202,1225221715115SSTL0,2026-06-02 15:00:00,2026-06-02 23:00:00,32,30.0,158,Continuity (2-mould press)
2026-06-02 00:00:00,C,9202,1225221715115SSTL0,2026-06-02 23:00:00,2026-06-03 07:00:00,32,30.0,158,Continuity (2-mould press)
2026-06-03 00:00:00,A,9202,1225221715115SSTL0,2026-06-03 07:00:00,2026-06-03 15:00:00,32,30.0,158,Continuity (2-mould press)
2026-06-03 00:00:00,B,9202,1225221715115SSTL0,2026-06-03 15:00:00,2026-06-03 23:00:00,32,30.0,158,Continuity (2-mould press)
2026-06-03 00:00:00,C,9202,1225221715115SSTL0,2026-06-03 23:00:00,2026-06-04 07:00:00,32,30.0,158,Continuity (2-mould press)
2026-06-04 00:00:00,A,9202,1225221715115SSTL0,2026-06-04 07:00:00,2026-06-04 15:00:00,32,30.0,158,Continuity (2-mould press)
2026-06-04 00:00:00,B,9202,1225221715115SSTL0,2026-06-04 15:00:00,2026-06-04 23:00:00,32,30.0,158,Continuity (2-mould press)
2026-06-04 00:00:00,C,9202,1225221715115SSTL0,2026-06-04 23:00:00,2026-06-05 00:00:00,4,30.0,158,Continuity (2-mould press)
2026-05-21 00:00:00,A,9203,1D25212812074FXC10,2026-05-21 07:00:00,2026-05-21 15:00:00,53,18.0,331,Continuity (2-mould press)
2026-05-21 00:00:00,B,9203,1D25212812074FXC10,2026-05-21 15:00:00,2026-05-21 23:00:00,53,18.0,331,Continuity (2-mould press)
2026-05-21 00:00:00,C,9203,1D25212812074FXC10,2026-05-21 23:00:00,2026-05-22 07:00:00,53,18.0,331,Continuity (2-mould press)
2026-05-22 00:00:00,A,9203,1D25212812074FXC10,2026-05-22 07:00:00,2026-05-22 15:00:00,53,18.0,331,Continuity (2-mould press)
2026-05-22 00:00:00,B,9203,1D25212812074FXC10,2026-05-22 15:00:00,2026-05-22 23:00:00,53,18.0,331,Continuity (2-mould press)
2026-05-22 00:00:00,C,9203,1D25212812074FXC10,2026-05-22 23:00:00,2026-05-23 07:00:00,53,18.0,331,Continuity (2-mould press)
2026-05-23 00:00:00,A,9203,1D25212812074FXC10,2026-05-23 07:00:00,2026-05-23 15:00:00,53,18.0,331,Continuity (2-mould press)
2026-05-23 00:00:00,B,9203,1D25212812074FXC10,2026-05-23 15:00:00,2026-05-23 23:00:00,53,18.0,331,Continuity (2-mould press)
2026-05-23 00:00:00,C,9203,1D25212812074FXC10,2026-05-23 23:00:00,2026-05-24 07:00:00,53,18.0,331,Continuity (2-mould press)
2026-05-24 00:00:00,A,9203,1D25212812074FXC10,2026-05-24 07:00:00,2026-05-24 15:00:00,53,18.0,331,Continuity (2-mould press)
2026-05-24 00:00:00,B,9203,1D25212812074FXC10,2026-05-24 15:00:00,2026-05-24 23:00:00,53,18.0,331,Continuity (2-mould press)
2026-05-24 00:00:00,C,9203,1D25212812074FXC10,2026-05-24 23:00:00,2026-05-25 07:00:00,53,18.0,331,Continuity (2-mould press)
2026-05-25 00:00:00,A,9203,1D25212812074FXC10,2026-05-25 07:00:00,2026-05-25 15:00:00,53,18.0,331,Continuity (2-mould press)
2026-05-25 00:00:00,B,9203,1D25212812074FXC10,2026-05-25 15:00:00,2026-05-25 23:00:00,53,18.0,331,Continuity (2-mould press)
2026-05-25 00:00:00,C,9203,1D25212812074FXC10,2026-05-25 23:00:00,2026-05-26 07:00:00,53,18.0,331,Continuity (2-mould press)
2026-05-26 00:00:00,A,9203,1D25212812074FXC10,2026-05-26 07:00:00,2026-05-26 15:00:00,53,18.0,331,Continuity (2-mould press)
2026-05-26 00:00:00,B,9203,1D25212812074FXC10,2026-05-26 15:00:00,2026-05-26 23:00:00,53,18.0,331,Continuity (2-mould press)
2026-05-26 00:00:00,C,9203,1D25212812074FXC10,2026-05-26 23:00:00,2026-05-27 07:00:00,53,18.0,331,Continuity (2-mould press)
2026-05-27 00:00:00,A,9203,1D25212812074FXC10,2026-05-27 07:00:00,2026-05-27 15:00:00,53,18.0,331,Continuity (2-mould press)
2026-05-27 00:00:00,B,9203,1D25212812074FXC10,2026-05-27 15:00:00,2026-05-27 23:00:00,53,18.0,331,Continuity (2-mould press)
2026-05-27 00:00:00,C,9203,1D25212812074FXC10,2026-05-27 23:00:00,2026-05-28 07:00:00,53,18.0,331,Continuity (2-mould press)
2026-05-28 00:00:00,A,9203,1D25212812074FXC10,2026-05-28 07:00:00,2026-05-28 15:00:00,53,18.0,331,Continuity (2-mould press)
2026-05-28 00:00:00,B,9203,1D25212812074FXC10,2026-05-28 15:00:00,2026-05-28 23:00:00,53,18.0,331,Continuity (2-mould press)
2026-05-28 00:00:00,C,9203,1D25212812074FXC10,2026-05-28 23:00:00,2026-05-29 07:00:00,53,18.0,331,Continuity (2-mould press)
2026-05-29 00:00:00,A,9203,1D25212812074FXC10,2026-05-29 07:00:00,2026-05-29 15:00:00,53,18.0,331,Continuity (2-mould press)
2026-05-29 00:00:00,B,9203,1D25212812074FXC10,2026-05-29 15:00:00,2026-05-29 23:00:00,53,18.0,331,Continuity (2-mould press)
2026-05-29 00:00:00,C,9203,1D25212812074FXC10,2026-05-29 23:00:00,2026-05-30 07:00:00,53,18.0,331,Continuity (2-mould press)
2026-05-30 00:00:00,A,9203,1D25212812074FXC10,2026-05-30 07:00:00,2026-05-30 15:00:00,53,18.0,331,Continuity (2-mould press)
2026-05-30 00:00:00,B,9203,1D25212812074FXC10,2026-05-30 15:00:00,2026-05-30 19:36:00,31,18.0,331,Continuity (2-mould press)
2026-05-21 00:00:00,A,9401,1225170015012LSTL0,2026-05-21 07:00:00,2026-05-21 15:00:00,31,31.0,395,Continuity (2-mould press)
2026-05-21 00:00:00,B,9401,1225170015012LSTL0,2026-05-21 15:00:00,2026-05-21 23:00:00,31,31.0,395,Continuity (2-mould press)
2026-05-21 00:00:00,C,9401,1225170015012LSTL0,2026-05-21 23:00:00,2026-05-22 07:00:00,31,31.0,395,Continuity (2-mould press)
2026-05-22 00:00:00,A,9401,1225170015012LSTL0,2026-05-22 07:00:00,2026-05-22 15:00:00,31,31.0,395,Continuity (2-mould press)
2026-05-22 00:00:00,B,9401,1225170015012LSTL0,2026-05-22 15:00:00,2026-05-22 23:00:00,31,31.0,395,Continuity (2-mould press)
2026-05-22 00:00:00,C,9401,1225170015012LSTL0,2026-05-22 23:00:00,2026-05-23 07:00:00,31,31.0,395,Continuity (2-mould press)
2026-05-23 00:00:00,A,9401,1225170015012LSTL0,2026-05-23 07:00:00,2026-05-23 15:00:00,31,31.0,395,Continuity (2-mould press)
2026-05-23 00:00:00,B,9401,1225170015012LSTL0,2026-05-23 15:00:00,2026-05-23 22:33:00,29,31.0,395,Continuity (2-mould press)
2026-05-21 00:00:00,A,9402,1325114812074TUHL0,2026-05-21 07:00:00,2026-05-21 15:00:00,64,15.0,148,Continuity (2-mould press)
2026-05-21 00:00:00,B,9402,1325114812074TUHL0,2026-05-21 15:00:00,2026-05-21 23:00:00,64,15.0,148,Continuity (2-mould press)
2026-05-21 00:00:00,C,9402,1325114812074TUHL0,2026-05-21 23:00:00,2026-05-22 07:00:00,64,15.0,148,Continuity (2-mould press)
2026-05-22 00:00:00,A,9402,1325114812074TUHL0,2026-05-22 07:00:00,2026-05-22 15:00:00,64,15.0,148,Continuity (2-mould press)
2026-05-22 00:00:00,B,9402,1325114812074TUHL0,2026-05-22 15:00:00,2026-05-22 23:00:00,64,15.0,148,Continuity (2-mould press)
2026-05-22 00:00:00,C,9402,1325114812074TUHL0,2026-05-22 23:00:00,2026-05-23 07:00:00,64,15.0,148,Continuity (2-mould press)
2026-05-23 00:00:00,A,9402,1325114812074TUHL0,2026-05-23 07:00:00,2026-05-23 15:00:00,64,15.0,148,Continuity (2-mould press)
2026-05-23 00:00:00,B,9402,1325114812074TUHL0,2026-05-23 15:00:00,2026-05-23 23:00:00,64,15.0,148,Continuity (2-mould press)
2026-05-23 00:00:00,C,9402,1325114812074TUHL0,2026-05-23 23:00:00,2026-05-24 07:00:00,64,15.0,148,Continuity (2-mould press)
2026-05-24 00:00:00,A,9402,1325114812074TUHL0,2026-05-24 07:00:00,2026-05-24 15:00:00,64,15.0,148,Continuity (2-mould press)
2026-05-24 00:00:00,B,9402,1325114812074TUHL0,2026-05-24 15:00:00,2026-05-24 23:00:00,64,15.0,148,Continuity (2-mould press)
2026-05-24 00:00:00,C,9402,1325114812074TUHL0,2026-05-24 23:00:00,2026-05-25 07:00:00,64,15.0,148,Continuity (2-mould press)
2026-05-25 00:00:00,A,9402,1325114812074TUHL0,2026-05-25 07:00:00,2026-05-25 15:00:00,64,15.0,148,Continuity (2-mould press)
2026-05-25 00:00:00,B,9402,1325114812074TUHL0,2026-05-25 15:00:00,2026-05-25 23:00:00,64,15.0,148,Continuity (2-mould press)
2026-05-25 00:00:00,C,9402,1325114812074TUHL0,2026-05-25 23:00:00,2026-05-26 07:00:00,64,15.0,148,Continuity (2-mould press)
2026-05-26 00:00:00,A,9402,1325114812074TUHL0,2026-05-26 07:00:00,2026-05-26 15:00:00,64,15.0,148,Continuity (2-mould press)
2026-05-26 00:00:00,B,9402,1325114812074TUHL0,2026-05-26 15:00:00,2026-05-26 23:00:00,64,15.0,148,Continuity (2-mould press)
2026-05-26 00:00:00,C,9402,1325114812074TUHL0,2026-05-26 23:00:00,2026-05-27 07:00:00,64,15.0,148,Continuity (2-mould press)
2026-05-27 00:00:00,A,9402,1325114812074TUHL0,2026-05-27 07:00:00,2026-05-27 15:00:00,64,15.0,148,Continuity (2-mould press)
2026-05-27 00:00:00,B,9402,1325114812074TUHL0,2026-05-27 15:00:00,2026-05-27 23:00:00,64,15.0,148,Continuity (2-mould press)
2026-05-27 00:00:00,C,9402,1325114812074TUHL0,2026-05-27 23:00:00,2026-05-28 07:00:00,64,15.0,148,Continuity (2-mould press)
2026-05-28 00:00:00,A,9402,1325114812074TUHL0,2026-05-28 07:00:00,2026-05-28 12:45:00,46,15.0,148,Continuity (2-mould press)
2026-05-21 00:00:00,A,9403,1425118916008QRBT0,2026-05-21 07:00:00,2026-05-21 15:00:00,34,28.0,161,Continuity (2-mould press)
2026-05-21 00:00:00,B,9403,1425118916008QRBT0,2026-05-21 15:00:00,2026-05-21 23:00:00,34,28.0,161,Continuity (2-mould press)
2026-05-21 00:00:00,C,9403,1425118916008QRBT0,2026-05-21 23:00:00,2026-05-22 07:00:00,34,28.0,161,Continuity (2-mould press)
2026-05-22 00:00:00,A,9403,1425118916008QRBT0,2026-05-22 07:00:00,2026-05-22 15:00:00,34,28.0,161,Continuity (2-mould press)
2026-05-22 00:00:00,B,9403,1425118916008QRBT0,2026-05-22 15:00:00,2026-05-22 23:00:00,34,28.0,161,Continuity (2-mould press)
2026-05-22 00:00:00,C,9403,1425118916008QRBT0,2026-05-22 23:00:00,2026-05-23 07:00:00,34,28.0,161,Continuity (2-mould press)
2026-05-23 00:00:00,A,9403,1425118916008QRBT0,2026-05-23 07:00:00,2026-05-23 09:52:00,12,28.0,161,Continuity (2-mould press)
2026-05-21 00:00:00,A,9404,1225219015010QSTL0,2026-05-21 07:00:00,2026-05-21 15:00:00,31,31.0,0,Continuity (2-mould press)
2026-05-21 00:00:00,B,9404,1225219015010QSTL0,2026-05-21 15:00:00,2026-05-21 23:00:00,31,31.0,0,Continuity (2-mould press)
2026-05-21 00:00:00,C,9404,1225219015010QSTL0,2026-05-21 23:00:00,2026-05-22 07:00:00,31,31.0,0,Continuity (2-mould press)
2026-05-22 00:00:00,A,9404,1225219015010QSTL0,2026-05-22 07:00:00,2026-05-22 15:00:00,31,31.0,0,Continuity (2-mould press)
2026-05-22 00:00:00,B,9404,1225219015010QSTL0,2026-05-22 15:00:00,2026-05-22 23:00:00,31,31.0,0,Continuity (2-mould press)
2026-05-22 00:00:00,C,9404,1225219015010QSTL0,2026-05-22 23:00:00,2026-05-23 07:00:00,31,31.0,0,Continuity (2-mould press)
2026-05-23 00:00:00,A,9404,1225219015010QSTL0,2026-05-23 07:00:00,2026-05-23 15:00:00,31,31.0,0,Continuity (2-mould press)
2026-05-23 00:00:00,B,9404,1225219015010QSTL0,2026-05-23 15:00:00,2026-05-23 23:00:00,31,31.0,0,Continuity (2-mould press)
2026-05-23 00:00:00,C,9404,1225219015010QSTL0,2026-05-23 23:00:00,2026-05-24 07:00:00,31,31.0,0,Continuity (2-mould press)
2026-05-24 00:00:00,A,9404,1225219015010QSTL0,2026-05-24 07:00:00,2026-05-24 15:00:00,31,31.0,0,Continuity (2-mould press)
2026-05-24 00:00:00,B,9404,1225219015010QSTL0,2026-05-24 15:00:00,2026-05-24 23:00:00,31,31.0,0,Continuity (2-mould press)
2026-05-24 00:00:00,C,9404,1225219015010QSTL0,2026-05-24 23:00:00,2026-05-25 07:00:00,31,31.0,0,Continuity (2-mould press)
2026-05-25 00:00:00,A,9404,1225219015010QSTL0,2026-05-25 07:00:00,2026-05-25 15:00:00,31,31.0,0,Continuity (2-mould press)
2026-05-25 00:00:00,B,9404,1225219015010QSTL0,2026-05-25 15:00:00,2026-05-25 23:00:00,31,31.0,0,Continuity (2-mould press)
2026-05-25 00:00:00,C,9404,1225219015010QSTL0,2026-05-25 23:00:00,2026-05-26 07:00:00,31,31.0,0,Continuity (2-mould press)
2026-05-26 00:00:00,A,9404,1225219015010QSTL0,2026-05-26 07:00:00,2026-05-26 15:00:00,31,31.0,0,Continuity (2-mould press)
2026-05-26 00:00:00,B,9404,1225219015010QSTL0,2026-05-26 15:00:00,2026-05-26 23:00:00,31,31.0,0,Continuity (2-mould press)
2026-05-26 00:00:00,C,9404,1225219015010QSTL0,2026-05-26 23:00:00,2026-05-27 07:00:00,31,31.0,0,Continuity (2-mould press)
2026-05-27 00:00:00,A,9404,1225219015010QSTL0,2026-05-27 07:00:00,2026-05-27 15:00:00,31,31.0,0,Continuity (2-mould press)
2026-05-27 00:00:00,B,9404,1225219015010QSTL0,2026-05-27 15:00:00,2026-05-27 23:00:00,31,31.0,0,Continuity (2-mould press)
2026-05-27 00:00:00,C,9404,1225219015010QSTL0,2026-05-27 23:00:00,2026-05-28 07:00:00,31,31.0,0,Continuity (2-mould press)
2026-05-28 00:00:00,A,9404,1225219015010QSTL0,2026-05-28 07:00:00,2026-05-28 15:00:00,31,31.0,0,Continuity (2-mould press)
2026-05-28 00:00:00,B,9404,1225219015010QSTL0,2026-05-28 15:00:00,2026-05-28 23:00:00,31,31.0,0,Continuity (2-mould press)
2026-05-28 00:00:00,C,9404,1225219015010QSTL0,2026-05-28 23:00:00,2026-05-29 07:00:00,31,31.0,0,Continuity (2-mould press)
2026-05-29 00:00:00,A,9404,1225219015010QSTL0,2026-05-29 07:00:00,2026-05-29 15:00:00,31,31.0,0,Continuity (2-mould press)
2026-05-29 00:00:00,B,9404,1225219015010QSTL0,2026-05-29 15:00:00,2026-05-29 23:00:00,31,31.0,0,Continuity (2-mould press)
2026-05-29 00:00:00,C,9404,1225219015010QSTL0,2026-05-29 23:00:00,2026-05-30 07:00:00,31,31.0,0,Continuity (2-mould press)
2026-05-30 00:00:00,A,9404,1225219015010QSTL0,2026-05-30 07:00:00,2026-05-30 15:00:00,31,31.0,0,Continuity (2-mould press)
2026-05-30 00:00:00,B,9404,1225219015010QSTL0,2026-05-30 15:00:00,2026-05-30 23:00:00,31,31.0,0,Continuity (2-mould press)
2026-05-30 00:00:00,C,9404,1225219015010QSTL0,2026-05-30 23:00:00,2026-05-31 07:00:00,31,31.0,0,Continuity (2-mould press)
2026-05-31 00:00:00,A,9404,1225219015010QSTL0,2026-05-31 07:00:00,2026-05-31 12:25:00,21,31.0,0,Continuity (2-mould press)
2026-05-21 00:00:00,A,9405,1325114812074TUHL0,2026-05-21 07:00:00,2026-05-21 15:00:00,64,15.0,148,Continuity (2-mould press)
2026-05-21 00:00:00,B,9405,1325114812074TUHL0,2026-05-21 15:00:00,2026-05-21 23:00:00,64,15.0,148,Continuity (2-mould press)
2026-05-21 00:00:00,C,9405,1325114812074TUHL0,2026-05-21 23:00:00,2026-05-22 07:00:00,64,15.0,148,Continuity (2-mould press)
2026-05-22 00:00:00,A,9405,1325114812074TUHL0,2026-05-22 07:00:00,2026-05-22 15:00:00,64,15.0,148,Continuity (2-mould press)
2026-05-22 00:00:00,B,9405,1325114812074TUHL0,2026-05-22 15:00:00,2026-05-22 23:00:00,64,15.0,148,Continuity (2-mould press)
2026-05-22 00:00:00,C,9405,1325114812074TUHL0,2026-05-22 23:00:00,2026-05-23 07:00:00,64,15.0,148,Continuity (2-mould press)
2026-05-23 00:00:00,A,9405,1325114812074TUHL0,2026-05-23 07:00:00,2026-05-23 15:00:00,64,15.0,148,Continuity (2-mould press)
2026-05-23 00:00:00,B,9405,1325114812074TUHL0,2026-05-23 15:00:00,2026-05-23 23:00:00,64,15.0,148,Continuity (2-mould press)
2026-05-23 00:00:00,C,9405,1325114812074TUHL0,2026-05-23 23:00:00,2026-05-24 07:00:00,64,15.0,148,Continuity (2-mould press)
2026-05-24 00:00:00,A,9405,1325114812074TUHL0,2026-05-24 07:00:00,2026-05-24 15:00:00,64,15.0,148,Continuity (2-mould press)
2026-05-24 00:00:00,B,9405,1325114812074TUHL0,2026-05-24 15:00:00,2026-05-24 23:00:00,64,15.0,148,Continuity (2-mould press)
2026-05-24 00:00:00,C,9405,1325114812074TUHL0,2026-05-24 23:00:00,2026-05-25 07:00:00,64,15.0,148,Continuity (2-mould press)
2026-05-25 00:00:00,A,9405,1325114812074TUHL0,2026-05-25 07:00:00,2026-05-25 15:00:00,64,15.0,148,Continuity (2-mould press)
2026-05-25 00:00:00,B,9405,1325114812074TUHL0,2026-05-25 15:00:00,2026-05-25 23:00:00,64,15.0,148,Continuity (2-mould press)
2026-05-25 00:00:00,C,9405,1325114812074TUHL0,2026-05-25 23:00:00,2026-05-26 07:00:00,64,15.0,148,Continuity (2-mould press)
2026-05-26 00:00:00,A,9405,1325114812074TUHL0,2026-05-26 07:00:00,2026-05-26 15:00:00,64,15.0,148,Continuity (2-mould press)
2026-05-26 00:00:00,B,9405,1325114812074TUHL0,2026-05-26 15:00:00,2026-05-26 23:00:00,64,15.0,148,Continuity (2-mould press)
2026-05-26 00:00:00,C,9405,1325114812074TUHL0,2026-05-26 23:00:00,2026-05-27 07:00:00,64,15.0,148,Continuity (2-mould press)
2026-05-27 00:00:00,A,9405,1325114812074TUHL0,2026-05-27 07:00:00,2026-05-27 15:00:00,64,15.0,148,Continuity (2-mould press)
2026-05-27 00:00:00,B,9405,1325114812074TUHL0,2026-05-27 15:00:00,2026-05-27 23:00:00,64,15.0,148,Continuity (2-mould press)
2026-05-27 00:00:00,C,9405,1325114812074TUHL0,2026-05-27 23:00:00,2026-05-28 07:00:00,64,15.0,148,Continuity (2-mould press)
2026-05-28 00:00:00,A,9405,1325114812074TUHL0,2026-05-28 07:00:00,2026-05-28 12:45:00,46,15.0,148,Continuity (2-mould press)
2026-05-21 00:00:00,A,9406,1325114812074TUHL0,2026-05-21 07:00:00,2026-05-21 15:00:00,64,15.0,148,Continuity (2-mould press)
2026-05-21 00:00:00,B,9406,1325114812074TUHL0,2026-05-21 15:00:00,2026-05-21 23:00:00,64,15.0,148,Continuity (2-mould press)
2026-05-21 00:00:00,C,9406,1325114812074TUHL0,2026-05-21 23:00:00,2026-05-22 07:00:00,64,15.0,148,Continuity (2-mould press)
2026-05-22 00:00:00,A,9406,1325114812074TUHL0,2026-05-22 07:00:00,2026-05-22 15:00:00,64,15.0,148,Continuity (2-mould press)
2026-05-22 00:00:00,B,9406,1325114812074TUHL0,2026-05-22 15:00:00,2026-05-22 23:00:00,64,15.0,148,Continuity (2-mould press)
2026-05-22 00:00:00,C,9406,1325114812074TUHL0,2026-05-22 23:00:00,2026-05-23 07:00:00,64,15.0,148,Continuity (2-mould press)
2026-05-23 00:00:00,A,9406,1325114812074TUHL0,2026-05-23 07:00:00,2026-05-23 15:00:00,64,15.0,148,Continuity (2-mould press)
2026-05-23 00:00:00,B,9406,1325114812074TUHL0,2026-05-23 15:00:00,2026-05-23 23:00:00,64,15.0,148,Continuity (2-mould press)
2026-05-23 00:00:00,C,9406,1325114812074TUHL0,2026-05-23 23:00:00,2026-05-24 07:00:00,64,15.0,148,Continuity (2-mould press)
2026-05-24 00:00:00,A,9406,1325114812074TUHL0,2026-05-24 07:00:00,2026-05-24 15:00:00,64,15.0,148,Continuity (2-mould press)
2026-05-24 00:00:00,B,9406,1325114812074TUHL0,2026-05-24 15:00:00,2026-05-24 23:00:00,64,15.0,148,Continuity (2-mould press)
2026-05-24 00:00:00,C,9406,MOULD_CLEAN,2026-05-24 23:00:00,2026-05-25 01:00:00,0,0.0,0,Mould cleaning (continuity)
2026-05-24 00:00:00,C,9406,1325114812074TUHL0,2026-05-25 01:00:00,2026-05-25 07:00:00,48,15.0,148,Continuity (2-mould press)
2026-05-25 00:00:00,A,9406,1325114812074TUHL0,2026-05-25 07:00:00,2026-05-25 15:00:00,64,15.0,148,Continuity (2-mould press)
2026-05-25 00:00:00,B,9406,1325114812074TUHL0,2026-05-25 15:00:00,2026-05-25 23:00:00,64,15.0,148,Continuity (2-mould press)
2026-05-25 00:00:00,C,9406,1325114812074TUHL0,2026-05-25 23:00:00,2026-05-26 07:00:00,64,15.0,148,Continuity (2-mould press)
2026-05-26 00:00:00,A,9406,1325114812074TUHL0,2026-05-26 07:00:00,2026-05-26 15:00:00,64,15.0,148,Continuity (2-mould press)
2026-05-26 00:00:00,B,9406,1325114812074TUHL0,2026-05-26 15:00:00,2026-05-26 23:00:00,64,15.0,148,Continuity (2-mould press)
2026-05-26 00:00:00,C,9406,1325114812074TUHL0,2026-05-26 23:00:00,2026-05-27 07:00:00,64,15.0,148,Continuity (2-mould press)
2026-05-27 00:00:00,A,9406,1325114812074TUHL0,2026-05-27 07:00:00,2026-05-27 15:00:00,64,15.0,148,Continuity (2-mould press)
2026-05-27 00:00:00,B,9406,1325114812074TUHL0,2026-05-27 15:00:00,2026-05-27 23:00:00,64,15.0,148,Continuity (2-mould press)
2026-05-27 00:00:00,C,9406,1325114812074TUHL0,2026-05-27 23:00:00,2026-05-28 07:00:00,64,15.0,148,Continuity (2-mould press)
2026-05-28 00:00:00,A,9406,1325114812074TUHL0,2026-05-28 07:00:00,2026-05-28 14:45:00,62,15.0,148,Continuity (2-mould press)
2026-05-21 00:00:00,A,9407,1325214812074TUHL0,2026-05-21 07:00:00,2026-05-21 15:00:00,64,15.0,0,Continuity (2-mould press)
2026-05-21 00:00:00,B,9407,1325214812074TUHL0,2026-05-21 15:00:00,2026-05-21 23:00:00,64,15.0,0,Continuity (2-mould press)
2026-05-21 00:00:00,C,9407,1325214812074TUHL0,2026-05-21 23:00:00,2026-05-22 07:00:00,64,15.0,0,Continuity (2-mould press)
2026-05-22 00:00:00,A,9407,1325214812074TUHL0,2026-05-22 07:00:00,2026-05-22 15:00:00,64,15.0,0,Continuity (2-mould press)
2026-05-22 00:00:00,B,9407,1325214812074TUHL0,2026-05-22 15:00:00,2026-05-22 23:00:00,64,15.0,0,Continuity (2-mould press)
2026-05-22 00:00:00,C,9407,1325214812074TUHL0,2026-05-22 23:00:00,2026-05-23 07:00:00,64,15.0,0,Continuity (2-mould press)
2026-05-23 00:00:00,A,9407,1325214812074TUHL0,2026-05-23 07:00:00,2026-05-23 15:00:00,64,15.0,0,Continuity (2-mould press)
2026-05-23 00:00:00,B,9407,1325214812074TUHL0,2026-05-23 15:00:00,2026-05-23 23:00:00,64,15.0,0,Continuity (2-mould press)
2026-05-23 00:00:00,C,9407,1325214812074TUHL0,2026-05-23 23:00:00,2026-05-24 07:00:00,64,15.0,0,Continuity (2-mould press)
2026-05-24 00:00:00,A,9407,1325214812074TUHL0,2026-05-24 07:00:00,2026-05-24 15:00:00,64,15.0,0,Continuity (2-mould press)
2026-05-24 00:00:00,B,9407,1325214812074TUHL0,2026-05-24 15:00:00,2026-05-24 23:00:00,64,15.0,0,Continuity (2-mould press)
2026-05-24 00:00:00,C,9407,1325214812074TUHL0,2026-05-24 23:00:00,2026-05-25 07:00:00,64,15.0,0,Continuity (2-mould press)
2026-05-25 00:00:00,A,9407,1325214812074TUHL0,2026-05-25 07:00:00,2026-05-25 15:00:00,64,15.0,0,Continuity (2-mould press)
2026-05-25 00:00:00,B,9407,1325214812074TUHL0,2026-05-25 15:00:00,2026-05-25 23:00:00,64,15.0,0,Continuity (2-mould press)
2026-05-25 00:00:00,C,9407,1325214812074TUHL0,2026-05-25 23:00:00,2026-05-26 07:00:00,64,15.0,0,Continuity (2-mould press)
2026-05-26 00:00:00,A,9407,1325214812074TUHL0,2026-05-26 07:00:00,2026-05-26 15:00:00,64,15.0,0,Continuity (2-mould press)
2026-05-26 00:00:00,B,9407,1325214812074TUHL0,2026-05-26 15:00:00,2026-05-26 23:00:00,64,15.0,0,Continuity (2-mould press)
2026-05-26 00:00:00,C,9407,1325214812074TUHL0,2026-05-26 23:00:00,2026-05-27 07:00:00,64,15.0,0,Continuity (2-mould press)
2026-05-27 00:00:00,A,9407,1325214812074TUHL0,2026-05-27 07:00:00,2026-05-27 15:00:00,64,15.0,0,Continuity (2-mould press)
2026-05-27 00:00:00,B,9407,1325214812074TUHL0,2026-05-27 15:00:00,2026-05-27 23:00:00,64,15.0,0,Continuity (2-mould press)
2026-05-27 00:00:00,C,9407,1325214812074TUHL0,2026-05-27 23:00:00,2026-05-28 07:00:00,64,15.0,0,Continuity (2-mould press)
2026-05-28 00:00:00,A,9407,1325214812074TUHL0,2026-05-28 07:00:00,2026-05-28 15:00:00,64,15.0,0,Continuity (2-mould press)
2026-05-28 00:00:00,B,9407,1325214812074TUHL0,2026-05-28 15:00:00,2026-05-28 23:00:00,64,15.0,0,Continuity (2-mould press)
2026-05-28 00:00:00,C,9407,1325214812074TUHL0,2026-05-28 23:00:00,2026-05-29 07:00:00,64,15.0,0,Continuity (2-mould press)
2026-05-29 00:00:00,A,9407,1325214812074TUHL0,2026-05-29 07:00:00,2026-05-29 15:00:00,64,15.0,0,Continuity (2-mould press)
2026-05-29 00:00:00,B,9407,1325214812074TUHL0,2026-05-29 15:00:00,2026-05-29 23:00:00,64,15.0,0,Continuity (2-mould press)
2026-05-29 00:00:00,C,9407,1325214812074TUHL0,2026-05-29 23:00:00,2026-05-30 07:00:00,64,15.0,0,Continuity (2-mould press)
2026-05-30 00:00:00,A,9407,1325214812074TUHL0,2026-05-30 07:00:00,2026-05-30 15:00:00,64,15.0,0,Continuity (2-mould press)
2026-05-30 00:00:00,B,9407,1325214812074TUHL0,2026-05-30 15:00:00,2026-05-30 23:00:00,64,15.0,0,Continuity (2-mould press)
2026-05-30 00:00:00,C,9407,1325214812074TUHL0,2026-05-30 23:00:00,2026-05-31 07:00:00,64,15.0,0,Continuity (2-mould press)
2026-05-31 00:00:00,A,9407,1325214812074TUHL0,2026-05-31 07:00:00,2026-05-31 15:00:00,64,15.0,0,Continuity (2-mould press)
2026-05-31 00:00:00,B,9407,1325214812074TUHL0,2026-05-31 15:00:00,2026-05-31 23:00:00,64,15.0,0,Continuity (2-mould press)
2026-05-31 00:00:00,C,9407,1325214812074TUHL0,2026-05-31 23:00:00,2026-06-01 07:00:00,64,15.0,0,Continuity (2-mould press)
2026-06-01 00:00:00,A,9407,1325214812074TUHL0,2026-06-01 07:00:00,2026-06-01 15:00:00,64,15.0,0,Continuity (2-mould press)
2026-06-01 00:00:00,B,9407,1325214812074TUHL0,2026-06-01 15:00:00,2026-06-01 18:45:00,30,15.0,0,Continuity (2-mould press)
2026-06-01 00:00:00,B,9407,MOULD_CLEAN,2026-06-01 18:45:00,2026-06-01 20:45:00,0,0.0,0,Mould cleaning (continuity)
2026-06-01 00:00:00,B,9407,1325214812074TUHL0,2026-06-01 20:45:00,2026-06-01 23:00:00,18,15.0,0,Continuity (2-mould press)
2026-06-01 00:00:00,C,9407,1325214812074TUHL0,2026-06-01 23:00:00,2026-06-02 07:00:00,64,15.0,0,Continuity (2-mould press)
2026-06-02 00:00:00,A,9407,1325214812074TUHL0,2026-06-02 07:00:00,2026-06-02 15:00:00,64,15.0,0,Continuity (2-mould press)
2026-06-02 00:00:00,B,9407,1325214812074TUHL0,2026-06-02 15:00:00,2026-06-02 23:00:00,64,15.0,0,Continuity (2-mould press)
2026-06-02 00:00:00,C,9407,1325214812074TUHL0,2026-06-02 23:00:00,2026-06-03 07:00:00,64,15.0,0,Continuity (2-mould press)
2026-06-03 00:00:00,A,9407,1325214812074TUHL0,2026-06-03 07:00:00,2026-06-03 15:00:00,64,15.0,0,Continuity (2-mould press)
2026-06-03 00:00:00,B,9407,1325214812074TUHL0,2026-06-03 15:00:00,2026-06-03 23:00:00,64,15.0,0,Continuity (2-mould press)
2026-06-03 00:00:00,C,9407,1325214812074TUHL0,2026-06-03 23:00:00,2026-06-04 07:00:00,64,15.0,0,Continuity (2-mould press)
2026-06-04 00:00:00,A,9407,1325214812074TUHL0,2026-06-04 07:00:00,2026-06-04 15:00:00,64,15.0,0,Continuity (2-mould press)
2026-06-04 00:00:00,B,9407,1325214812074TUHL0,2026-06-04 15:00:00,2026-06-04 23:00:00,64,15.0,0,Continuity (2-mould press)
2026-06-04 00:00:00,C,9407,1325214812074TUHL0,2026-06-04 23:00:00,2026-06-05 07:00:00,64,15.0,0,Continuity (2-mould press)
2026-06-05 00:00:00,A,9407,1325214812074TUHL0,2026-06-05 07:00:00,2026-06-05 15:00:00,64,15.0,0,Continuity (2-mould press)
2026-06-05 00:00:00,B,9407,1325214812074TUHL0,2026-06-05 15:00:00,2026-06-05 23:00:00,64,15.0,0,Continuity (2-mould press)
2026-06-05 00:00:00,C,9407,1325214812074TUHL0,2026-06-05 23:00:00,2026-06-06 07:00:00,64,15.0,0,Continuity (2-mould press)
2026-06-06 00:00:00,A,9407,1325214812074TUHL0,2026-06-06 07:00:00,2026-06-06 15:00:00,64,15.0,0,Continuity (2-mould press)
2026-06-06 00:00:00,B,9407,1325214812074TUHL0,2026-06-06 15:00:00,2026-06-06 23:00:00,64,15.0,0,Continuity (2-mould press)
2026-06-06 00:00:00,C,9407,1325214812074TUHL0,2026-06-06 23:00:00,2026-06-07 07:00:00,64,15.0,0,Continuity (2-mould press)
2026-06-07 00:00:00,A,9407,1325214812074TUHL0,2026-06-07 07:00:00,2026-06-07 15:00:00,64,15.0,0,Continuity (2-mould press)
2026-06-07 00:00:00,B,9407,1325214812074TUHL0,2026-06-07 15:00:00,2026-06-07 23:00:00,64,15.0,0,Continuity (2-mould press)
2026-06-07 00:00:00,C,9407,1325214812074TUHL0,2026-06-07 23:00:00,2026-06-08 07:00:00,64,15.0,0,Continuity (2-mould press)
2026-06-08 00:00:00,A,9407,1325214812074TUHL0,2026-06-08 07:00:00,2026-06-08 15:00:00,64,15.0,0,Continuity (2-mould press)
2026-06-08 00:00:00,B,9407,1325214812074TUHL0,2026-06-08 15:00:00,2026-06-08 23:00:00,64,15.0,0,Continuity (2-mould press)
2026-06-08 00:00:00,C,9407,1325214812074TUHL0,2026-06-08 23:00:00,2026-06-09 07:00:00,64,15.0,0,Continuity (2-mould press)
2026-06-09 00:00:00,A,9407,1325214812074TUHL0,2026-06-09 07:00:00,2026-06-09 15:00:00,64,15.0,0,Continuity (2-mould press)
2026-06-09 00:00:00,B,9407,1325214812074TUHL0,2026-06-09 15:00:00,2026-06-09 23:00:00,64,15.0,0,Continuity (2-mould press)
2026-06-09 00:00:00,C,9407,1325214812074TUHL0,2026-06-09 23:00:00,2026-06-10 07:00:00,64,15.0,0,Continuity (2-mould press)
2026-06-10 00:00:00,A,9407,1325214812074TUHL0,2026-06-10 07:00:00,2026-06-10 15:00:00,64,15.0,0,Continuity (2-mould press)
2026-06-10 00:00:00,B,9407,1325214812074TUHL0,2026-06-10 15:00:00,2026-06-10 23:00:00,64,15.0,0,Continuity (2-mould press)
2026-06-10 00:00:00,C,9407,1325214812074TUHL0,2026-06-10 23:00:00,2026-06-11 07:00:00,64,15.0,0,Continuity (2-mould press)
2026-06-11 00:00:00,A,9407,1325214812074TUHL0,2026-06-11 07:00:00,2026-06-11 15:00:00,64,15.0,0,Continuity (2-mould press)
2026-06-11 00:00:00,B,9407,1325214812074TUHL0,2026-06-11 15:00:00,2026-06-11 23:00:00,64,15.0,0,Continuity (2-mould press)
2026-06-11 00:00:00,C,9407,1325214812074TUHL0,2026-06-11 23:00:00,2026-06-12 07:00:00,64,15.0,0,Continuity (2-mould press)
2026-06-12 00:00:00,A,9407,1325214812074TUHL0,2026-06-12 07:00:00,2026-06-12 15:00:00,64,15.0,0,Continuity (2-mould press)
2026-06-12 00:00:00,B,9407,1325214812074TUHL0,2026-06-12 15:00:00,2026-06-12 23:00:00,64,15.0,0,Continuity (2-mould press)
2026-06-12 00:00:00,C,9407,1325214812074TUHL0,2026-06-12 23:00:00,2026-06-13 07:00:00,64,15.0,0,Continuity (2-mould press)
2026-06-13 00:00:00,A,9407,1325214812074TUHL0,2026-06-13 07:00:00,2026-06-13 15:00:00,64,15.0,0,Continuity (2-mould press)
2026-06-13 00:00:00,B,9407,1325214812074TUHL0,2026-06-13 15:00:00,2026-06-13 23:00:00,64,15.0,0,Continuity (2-mould press)
2026-06-13 00:00:00,C,9407,1325214812074TUHL0,2026-06-13 23:00:00,2026-06-14 07:00:00,64,15.0,0,Continuity (2-mould press)
2026-06-14 00:00:00,A,9407,1325214812074TUHL0,2026-06-14 07:00:00,2026-06-14 15:00:00,64,15.0,0,Continuity (2-mould press)
2026-06-14 00:00:00,B,9407,1325214812074TUHL0,2026-06-14 15:00:00,2026-06-14 23:00:00,64,15.0,0,Continuity (2-mould press)
2026-06-14 00:00:00,C,9407,1325214812074TUHL0,2026-06-14 23:00:00,2026-06-15 07:00:00,64,15.0,0,Continuity (2-mould press)
2026-06-15 00:00:00,A,9407,1325214812074TUHL0,2026-06-15 07:00:00,2026-06-15 15:00:00,64,15.0,0,Continuity (2-mould press)
2026-06-15 00:00:00,B,9407,1325214812074TUHL0,2026-06-15 15:00:00,2026-06-15 23:00:00,64,15.0,0,Continuity (2-mould press)
2026-06-15 00:00:00,C,9407,1325214812074TUHL0,2026-06-15 23:00:00,2026-06-16 07:00:00,64,15.0,0,Continuity (2-mould press)
2026-06-16 00:00:00,A,9407,1325214812074TUHL0,2026-06-16 07:00:00,2026-06-16 15:00:00,64,15.0,0,Continuity (2-mould press)
2026-06-16 00:00:00,B,9407,1325214812074TUHL0,2026-06-16 15:00:00,2026-06-16 23:00:00,64,15.0,0,Continuity (2-mould press)
2026-06-16 00:00:00,C,9407,1325214812074TUHL0,2026-06-16 23:00:00,2026-06-17 07:00:00,64,15.0,0,Continuity (2-mould press)
2026-06-17 00:00:00,A,9407,1325214812074TUHL0,2026-06-17 07:00:00,2026-06-17 15:00:00,64,15.0,0,Continuity (2-mould press)
2026-06-17 00:00:00,B,9407,1325214812074TUHL0,2026-06-17 15:00:00,2026-06-17 23:00:00,64,15.0,0,Continuity (2-mould press)
2026-06-17 00:00:00,C,9407,1325214812074TUHL0,2026-06-17 23:00:00,2026-06-18 07:00:00,64,15.0,0,Continuity (2-mould press)
2026-06-18 00:00:00,A,9407,1325214812074TUHL0,2026-06-18 07:00:00,2026-06-18 15:00:00,64,15.0,0,Continuity (2-mould press)
2026-06-18 00:00:00,B,9407,1325214812074TUHL0,2026-06-18 15:00:00,2026-06-18 23:00:00,64,15.0,0,Continuity (2-mould press)
2026-06-18 00:00:00,C,9407,1325214812074TUHL0,2026-06-18 23:00:00,2026-06-19 07:00:00,64,15.0,0,Continuity (2-mould press)
2026-06-19 00:00:00,A,9407,1325214812074TUHL0,2026-06-19 07:00:00,2026-06-19 15:00:00,64,15.0,0,Continuity (2-mould press)
2026-06-19 00:00:00,B,9407,1325214812074TUHL0,2026-06-19 15:00:00,2026-06-19 23:00:00,64,15.0,0,Continuity (2-mould press)
2026-06-19 00:00:00,C,9407,1325214812074TUHL0,2026-06-19 23:00:00,2026-06-20 07:00:00,64,15.0,0,Continuity (2-mould press)
2026-06-20 00:00:00,A,9407,1325214812074TUHL0,2026-06-20 07:00:00,2026-06-20 15:00:00,64,15.0,0,Continuity (2-mould press)
2026-06-20 00:00:00,B,9407,1325214812074TUHL0,2026-06-20 15:00:00,2026-06-20 23:00:00,64,15.0,0,Continuity (2-mould press)
2026-06-20 00:00:00,C,9407,1325214812074TUHL0,2026-06-20 23:00:00,2026-06-21 07:00:00,64,15.0,0,Continuity (2-mould press)
2026-05-21 00:00:00,A,9408,1D25212812086FXPC0,2026-05-21 07:00:00,2026-05-21 15:00:00,51,19.0,332,Continuity (2-mould press)
2026-05-21 00:00:00,B,9408,1D25212812086FXPC0,2026-05-21 15:00:00,2026-05-21 23:00:00,51,19.0,332,Continuity (2-mould press)
2026-05-21 00:00:00,C,9408,1D25212812086FXPC0,2026-05-21 23:00:00,2026-05-22 07:00:00,51,19.0,332,Continuity (2-mould press)
2026-05-22 00:00:00,A,9408,1D25212812086FXPC0,2026-05-22 07:00:00,2026-05-22 15:00:00,51,19.0,332,Continuity (2-mould press)
2026-05-22 00:00:00,B,9408,1D25212812086FXPC0,2026-05-22 15:00:00,2026-05-22 23:00:00,51,19.0,332,Continuity (2-mould press)
2026-05-22 00:00:00,C,9408,1D25212812086FXPC0,2026-05-22 23:00:00,2026-05-23 07:00:00,51,19.0,332,Continuity (2-mould press)
2026-05-23 00:00:00,A,9408,1D25212812086FXPC0,2026-05-23 07:00:00,2026-05-23 15:00:00,51,19.0,332,Continuity (2-mould press)
2026-05-23 00:00:00,B,9408,1D25212812086FXPC0,2026-05-23 15:00:00,2026-05-23 23:00:00,51,19.0,332,Continuity (2-mould press)
2026-05-23 00:00:00,C,9408,1D25212812086FXPC0,2026-05-23 23:00:00,2026-05-24 07:00:00,51,19.0,332,Continuity (2-mould press)
2026-05-24 00:00:00,A,9408,1D25212812086FXPC0,2026-05-24 07:00:00,2026-05-24 15:00:00,51,19.0,332,Continuity (2-mould press)
2026-05-24 00:00:00,B,9408,1D25212812086FXPC0,2026-05-24 15:00:00,2026-05-24 23:00:00,51,19.0,332,Continuity (2-mould press)
2026-05-24 00:00:00,C,9408,1D25212812086FXPC0,2026-05-24 23:00:00,2026-05-25 07:00:00,51,19.0,332,Continuity (2-mould press)
2026-05-25 00:00:00,A,9408,1D25212812086FXPC0,2026-05-25 07:00:00,2026-05-25 15:00:00,51,19.0,332,Continuity (2-mould press)
2026-05-25 00:00:00,B,9408,1D25212812086FXPC0,2026-05-25 15:00:00,2026-05-25 23:00:00,51,19.0,332,Continuity (2-mould press)
2026-05-25 00:00:00,C,9408,1D25212812086FXPC0,2026-05-25 23:00:00,2026-05-26 07:00:00,51,19.0,332,Continuity (2-mould press)
2026-05-26 00:00:00,A,9408,1D25212812086FXPC0,2026-05-26 07:00:00,2026-05-26 15:00:00,51,19.0,332,Continuity (2-mould press)
2026-05-26 00:00:00,B,9408,1D25212812086FXPC0,2026-05-26 15:00:00,2026-05-26 23:00:00,51,19.0,332,Continuity (2-mould press)
2026-05-26 00:00:00,C,9408,1D25212812086FXPC0,2026-05-26 23:00:00,2026-05-27 07:00:00,51,19.0,332,Continuity (2-mould press)
2026-05-27 00:00:00,A,9408,1D25212812086FXPC0,2026-05-27 07:00:00,2026-05-27 15:00:00,51,19.0,332,Continuity (2-mould press)
2026-05-27 00:00:00,B,9408,1D25212812086FXPC0,2026-05-27 15:00:00,2026-05-27 23:00:00,51,19.0,332,Continuity (2-mould press)
2026-05-27 00:00:00,C,9408,1D25212812086FXPC0,2026-05-27 23:00:00,2026-05-28 07:00:00,51,19.0,332,Continuity (2-mould press)
2026-05-28 00:00:00,A,9408,1D25212812086FXPC0,2026-05-28 07:00:00,2026-05-28 15:00:00,51,19.0,332,Continuity (2-mould press)
2026-05-28 00:00:00,B,9408,1D25212812086FXPC0,2026-05-28 15:00:00,2026-05-28 23:00:00,51,19.0,332,Continuity (2-mould press)
2026-05-28 00:00:00,C,9408,1D25212812086FXPC0,2026-05-28 23:00:00,2026-05-29 07:00:00,51,19.0,332,Continuity (2-mould press)
2026-05-29 00:00:00,A,9408,1D25212812086FXPC0,2026-05-29 07:00:00,2026-05-29 15:00:00,51,19.0,332,Continuity (2-mould press)
2026-05-29 00:00:00,B,9408,1D25212812086FXPC0,2026-05-29 15:00:00,2026-05-29 23:00:00,51,19.0,332,Continuity (2-mould press)
2026-05-29 00:00:00,C,9408,1D25212812086FXPC0,2026-05-29 23:00:00,2026-05-30 07:00:00,51,19.0,332,Continuity (2-mould press)
2026-05-30 00:00:00,A,9408,1D25212812086FXPC0,2026-05-30 07:00:00,2026-05-30 15:00:00,51,19.0,332,Continuity (2-mould press)
2026-05-30 00:00:00,B,9408,1D25212812086FXPC0,2026-05-30 15:00:00,2026-05-30 23:00:00,51,19.0,332,Continuity (2-mould press)
2026-05-30 00:00:00,C,9408,1D25212812086FXPC0,2026-05-30 23:00:00,2026-05-30 23:07:00,1,19.0,332,Continuity (2-mould press)
2026-05-30 00:00:00,C,9408,MOULD_CLEAN,2026-05-30 23:07:00,2026-05-31 01:07:00,0,0.0,0,Mould cleaning (continuity)
2026-05-30 00:00:00,C,9408,1D25212812086FXPC0,2026-05-31 01:07:00,2026-05-31 07:00:00,37,19.0,332,Continuity (2-mould press)
2026-05-31 00:00:00,A,9408,1D25212812086FXPC0,2026-05-31 07:00:00,2026-05-31 15:00:00,51,19.0,332,Continuity (2-mould press)
2026-05-31 00:00:00,B,9408,1D25212812086FXPC0,2026-05-31 15:00:00,2026-05-31 23:00:00,51,19.0,332,Continuity (2-mould press)
2026-05-31 00:00:00,C,9408,1D25212812086FXPC0,2026-05-31 23:00:00,2026-06-01 07:00:00,51,19.0,332,Continuity (2-mould press)
2026-06-01 00:00:00,A,9408,1D25212812086FXPC0,2026-06-01 07:00:00,2026-06-01 15:00:00,51,19.0,332,Continuity (2-mould press)
2026-06-01 00:00:00,B,9408,1D25212812086FXPC0,2026-06-01 15:00:00,2026-06-01 23:00:00,51,19.0,332,Continuity (2-mould press)
2026-06-01 00:00:00,C,9408,1D25212812086FXPC0,2026-06-01 23:00:00,2026-06-02 07:00:00,51,19.0,332,Continuity (2-mould press)
2026-06-02 00:00:00,A,9408,1D25212812086FXPC0,2026-06-02 07:00:00,2026-06-02 15:00:00,51,19.0,332,Continuity (2-mould press)
2026-06-02 00:00:00,B,9408,1D25212812086FXPC0,2026-06-02 15:00:00,2026-06-02 23:00:00,51,19.0,332,Continuity (2-mould press)
2026-06-02 00:00:00,C,9408,1D25212812086FXPC0,2026-06-02 23:00:00,2026-06-03 07:00:00,51,19.0,332,Continuity (2-mould press)
2026-06-03 00:00:00,A,9408,1D25212812086FXPC0,2026-06-03 07:00:00,2026-06-03 15:00:00,51,19.0,332,Continuity (2-mould press)
2026-06-03 00:00:00,B,9408,1D25212812086FXPC0,2026-06-03 15:00:00,2026-06-03 23:00:00,51,19.0,332,Continuity (2-mould press)
2026-06-03 00:00:00,C,9408,1D25212812086FXPC0,2026-06-03 23:00:00,2026-06-04 07:00:00,51,19.0,332,Continuity (2-mould press)
2026-06-04 00:00:00,A,9408,1D25212812086FXPC0,2026-06-04 07:00:00,2026-06-04 15:00:00,51,19.0,332,Continuity (2-mould press)
2026-06-04 00:00:00,B,9408,1D25212812086FXPC0,2026-06-04 15:00:00,2026-06-04 23:00:00,51,19.0,332,Continuity (2-mould press)
2026-06-04 00:00:00,C,9408,1D25212812086FXPC0,2026-06-04 23:00:00,2026-06-05 07:00:00,51,19.0,332,Continuity (2-mould press)
2026-06-05 00:00:00,A,9408,1D25212812086FXPC0,2026-06-05 07:00:00,2026-06-05 15:00:00,51,19.0,332,Continuity (2-mould press)
2026-06-05 00:00:00,B,9408,1D25212812086FXPC0,2026-06-05 15:00:00,2026-06-05 23:00:00,51,19.0,332,Continuity (2-mould press)
2026-06-05 00:00:00,C,9408,1D25212812086FXPC0,2026-06-05 23:00:00,2026-06-06 07:00:00,51,19.0,332,Continuity (2-mould press)
2026-06-06 00:00:00,A,9408,1D25212812086FXPC0,2026-06-06 07:00:00,2026-06-06 15:00:00,51,19.0,332,Continuity (2-mould press)
2026-06-06 00:00:00,B,9408,1D25212812086FXPC0,2026-06-06 15:00:00,2026-06-06 23:00:00,51,19.0,332,Continuity (2-mould press)
2026-06-06 00:00:00,C,9408,1D25212812086FXPC0,2026-06-06 23:00:00,2026-06-07 07:00:00,51,19.0,332,Continuity (2-mould press)
2026-06-07 00:00:00,A,9408,1D25212812086FXPC0,2026-06-07 07:00:00,2026-06-07 15:00:00,51,19.0,332,Continuity (2-mould press)
2026-06-07 00:00:00,B,9408,1D25212812086FXPC0,2026-06-07 15:00:00,2026-06-07 23:00:00,51,19.0,332,Continuity (2-mould press)
2026-06-07 00:00:00,C,9408,1D25212812086FXPC0,2026-06-07 23:00:00,2026-06-08 07:00:00,51,19.0,332,Continuity (2-mould press)
2026-06-08 00:00:00,A,9408,1D25212812086FXPC0,2026-06-08 07:00:00,2026-06-08 15:00:00,51,19.0,332,Continuity (2-mould press)
2026-06-08 00:00:00,B,9408,1D25212812086FXPC0,2026-06-08 15:00:00,2026-06-08 23:00:00,51,19.0,332,Continuity (2-mould press)
2026-06-08 00:00:00,C,9408,1D25212812086FXPC0,2026-06-08 23:00:00,2026-06-09 04:53:00,37,19.0,332,Continuity (2-mould press)
2026-05-21 00:00:00,A,9409,1D25212812086FXPC0,2026-05-21 07:00:00,2026-05-21 15:00:00,51,19.0,332,Continuity (2-mould press)
2026-05-21 00:00:00,B,9409,1D25212812086FXPC0,2026-05-21 15:00:00,2026-05-21 23:00:00,51,19.0,332,Continuity (2-mould press)
2026-05-21 00:00:00,C,9409,1D25212812086FXPC0,2026-05-21 23:00:00,2026-05-22 07:00:00,51,19.0,332,Continuity (2-mould press)
2026-05-22 00:00:00,A,9409,1D25212812086FXPC0,2026-05-22 07:00:00,2026-05-22 15:00:00,51,19.0,332,Continuity (2-mould press)
2026-05-22 00:00:00,B,9409,1D25212812086FXPC0,2026-05-22 15:00:00,2026-05-22 23:00:00,51,19.0,332,Continuity (2-mould press)
2026-05-22 00:00:00,C,9409,1D25212812086FXPC0,2026-05-22 23:00:00,2026-05-23 07:00:00,51,19.0,332,Continuity (2-mould press)
2026-05-23 00:00:00,A,9409,1D25212812086FXPC0,2026-05-23 07:00:00,2026-05-23 15:00:00,51,19.0,332,Continuity (2-mould press)
2026-05-23 00:00:00,B,9409,1D25212812086FXPC0,2026-05-23 15:00:00,2026-05-23 23:00:00,51,19.0,332,Continuity (2-mould press)
2026-05-23 00:00:00,C,9409,1D25212812086FXPC0,2026-05-23 23:00:00,2026-05-24 07:00:00,51,19.0,332,Continuity (2-mould press)
2026-05-24 00:00:00,A,9409,1D25212812086FXPC0,2026-05-24 07:00:00,2026-05-24 15:00:00,51,19.0,332,Continuity (2-mould press)
2026-05-24 00:00:00,B,9409,1D25212812086FXPC0,2026-05-24 15:00:00,2026-05-24 23:00:00,51,19.0,332,Continuity (2-mould press)
2026-05-24 00:00:00,C,9409,1D25212812086FXPC0,2026-05-24 23:00:00,2026-05-25 07:00:00,51,19.0,332,Continuity (2-mould press)
2026-05-25 00:00:00,A,9409,1D25212812086FXPC0,2026-05-25 07:00:00,2026-05-25 15:00:00,51,19.0,332,Continuity (2-mould press)
2026-05-25 00:00:00,B,9409,1D25212812086FXPC0,2026-05-25 15:00:00,2026-05-25 23:00:00,51,19.0,332,Continuity (2-mould press)
2026-05-25 00:00:00,C,9409,1D25212812086FXPC0,2026-05-25 23:00:00,2026-05-26 07:00:00,51,19.0,332,Continuity (2-mould press)
2026-05-26 00:00:00,A,9409,1D25212812086FXPC0,2026-05-26 07:00:00,2026-05-26 15:00:00,51,19.0,332,Continuity (2-mould press)
2026-05-26 00:00:00,B,9409,1D25212812086FXPC0,2026-05-26 15:00:00,2026-05-26 23:00:00,51,19.0,332,Continuity (2-mould press)
2026-05-26 00:00:00,C,9409,1D25212812086FXPC0,2026-05-26 23:00:00,2026-05-27 07:00:00,51,19.0,332,Continuity (2-mould press)
2026-05-27 00:00:00,A,9409,1D25212812086FXPC0,2026-05-27 07:00:00,2026-05-27 15:00:00,51,19.0,332,Continuity (2-mould press)
2026-05-27 00:00:00,B,9409,1D25212812086FXPC0,2026-05-27 15:00:00,2026-05-27 23:00:00,51,19.0,332,Continuity (2-mould press)
2026-05-27 00:00:00,C,9409,1D25212812086FXPC0,2026-05-27 23:00:00,2026-05-28 07:00:00,51,19.0,332,Continuity (2-mould press)
2026-05-28 00:00:00,A,9409,1D25212812086FXPC0,2026-05-28 07:00:00,2026-05-28 15:00:00,51,19.0,332,Continuity (2-mould press)
2026-05-28 00:00:00,B,9409,1D25212812086FXPC0,2026-05-28 15:00:00,2026-05-28 23:00:00,51,19.0,332,Continuity (2-mould press)
2026-05-28 00:00:00,C,9409,1D25212812086FXPC0,2026-05-28 23:00:00,2026-05-29 07:00:00,51,19.0,332,Continuity (2-mould press)
2026-05-29 00:00:00,A,9409,1D25212812086FXPC0,2026-05-29 07:00:00,2026-05-29 15:00:00,51,19.0,332,Continuity (2-mould press)
2026-05-29 00:00:00,B,9409,1D25212812086FXPC0,2026-05-29 15:00:00,2026-05-29 23:00:00,51,19.0,332,Continuity (2-mould press)
2026-05-29 00:00:00,C,9409,1D25212812086FXPC0,2026-05-29 23:00:00,2026-05-30 07:00:00,51,19.0,332,Continuity (2-mould press)
2026-05-30 00:00:00,A,9409,1D25212812086FXPC0,2026-05-30 07:00:00,2026-05-30 15:00:00,51,19.0,332,Continuity (2-mould press)
2026-05-30 00:00:00,B,9409,1D25212812086FXPC0,2026-05-30 15:00:00,2026-05-30 23:00:00,51,19.0,332,Continuity (2-mould press)
2026-05-30 00:00:00,C,9409,1D25212812086FXPC0,2026-05-30 23:00:00,2026-05-31 07:00:00,51,19.0,332,Continuity (2-mould press)
2026-05-31 00:00:00,A,9409,1D25212812086FXPC0,2026-05-31 07:00:00,2026-05-31 15:00:00,51,19.0,332,Continuity (2-mould press)
2026-05-31 00:00:00,B,9409,1D25212812086FXPC0,2026-05-31 15:00:00,2026-05-31 23:00:00,51,19.0,332,Continuity (2-mould press)
2026-05-31 00:00:00,C,9409,1D25212812086FXPC0,2026-05-31 23:00:00,2026-06-01 07:00:00,51,19.0,332,Continuity (2-mould press)
2026-06-01 00:00:00,A,9409,1D25212812086FXPC0,2026-06-01 07:00:00,2026-06-01 15:00:00,51,19.0,332,Continuity (2-mould press)
2026-06-01 00:00:00,B,9409,1D25212812086FXPC0,2026-06-01 15:00:00,2026-06-01 23:00:00,51,19.0,332,Continuity (2-mould press)
2026-06-01 00:00:00,C,9409,1D25212812086FXPC0,2026-06-01 23:00:00,2026-06-02 07:00:00,51,19.0,332,Continuity (2-mould press)
2026-06-02 00:00:00,A,9409,1D25212812086FXPC0,2026-06-02 07:00:00,2026-06-02 15:00:00,51,19.0,332,Continuity (2-mould press)
2026-06-02 00:00:00,B,9409,1D25212812086FXPC0,2026-06-02 15:00:00,2026-06-02 23:00:00,51,19.0,332,Continuity (2-mould press)
2026-06-02 00:00:00,C,9409,1D25212812086FXPC0,2026-06-02 23:00:00,2026-06-03 07:00:00,51,19.0,332,Continuity (2-mould press)
2026-06-03 00:00:00,A,9409,1D25212812086FXPC0,2026-06-03 07:00:00,2026-06-03 15:00:00,51,19.0,332,Continuity (2-mould press)
2026-06-03 00:00:00,B,9409,1D25212812086FXPC0,2026-06-03 15:00:00,2026-06-03 23:00:00,51,19.0,332,Continuity (2-mould press)
2026-06-03 00:00:00,C,9409,1D25212812086FXPC0,2026-06-03 23:00:00,2026-06-04 07:00:00,51,19.0,332,Continuity (2-mould press)
2026-06-04 00:00:00,A,9409,1D25212812086FXPC0,2026-06-04 07:00:00,2026-06-04 15:00:00,51,19.0,332,Continuity (2-mould press)
2026-06-04 00:00:00,B,9409,1D25212812086FXPC0,2026-06-04 15:00:00,2026-06-04 23:00:00,51,19.0,332,Continuity (2-mould press)
2026-06-04 00:00:00,C,9409,1D25212812086FXPC0,2026-06-04 23:00:00,2026-06-05 07:00:00,51,19.0,332,Continuity (2-mould press)
2026-06-05 00:00:00,A,9409,1D25212812086FXPC0,2026-06-05 07:00:00,2026-06-05 15:00:00,51,19.0,332,Continuity (2-mould press)
2026-06-05 00:00:00,B,9409,1D25212812086FXPC0,2026-06-05 15:00:00,2026-06-05 23:00:00,51,19.0,332,Continuity (2-mould press)
2026-06-05 00:00:00,C,9409,1D25212812086FXPC0,2026-06-05 23:00:00,2026-06-06 07:00:00,51,19.0,332,Continuity (2-mould press)
2026-06-06 00:00:00,A,9409,1D25212812086FXPC0,2026-06-06 07:00:00,2026-06-06 15:00:00,51,19.0,332,Continuity (2-mould press)
2026-06-06 00:00:00,B,9409,1D25212812086FXPC0,2026-06-06 15:00:00,2026-06-06 23:00:00,51,19.0,332,Continuity (2-mould press)
2026-06-06 00:00:00,C,9409,1D25212812086FXPC0,2026-06-06 23:00:00,2026-06-07 07:00:00,51,19.0,332,Continuity (2-mould press)
2026-06-07 00:00:00,A,9409,1D25212812086FXPC0,2026-06-07 07:00:00,2026-06-07 15:00:00,51,19.0,332,Continuity (2-mould press)
2026-06-07 00:00:00,B,9409,1D25212812086FXPC0,2026-06-07 15:00:00,2026-06-07 23:00:00,51,19.0,332,Continuity (2-mould press)
2026-06-07 00:00:00,C,9409,1D25212812086FXPC0,2026-06-07 23:00:00,2026-06-08 07:00:00,51,19.0,332,Continuity (2-mould press)
2026-06-08 00:00:00,A,9409,1D25212812086FXPC0,2026-06-08 07:00:00,2026-06-08 15:00:00,51,19.0,332,Continuity (2-mould press)
2026-06-08 00:00:00,B,9409,1D25212812086FXPC0,2026-06-08 15:00:00,2026-06-08 23:00:00,51,19.0,332,Continuity (2-mould press)
2026-06-08 00:00:00,C,9409,1D25212812086FXPC0,2026-06-08 23:00:00,2026-06-09 02:53:00,25,19.0,332,Continuity (2-mould press)
2026-05-21 00:00:00,A,9410,1D25212812074FXC10,2026-05-21 07:00:00,2026-05-21 15:00:00,53,18.0,331,Continuity (2-mould press)
2026-05-21 00:00:00,B,9410,1D25212812074FXC10,2026-05-21 15:00:00,2026-05-21 23:00:00,53,18.0,331,Continuity (2-mould press)
2026-05-21 00:00:00,C,9410,1D25212812074FXC10,2026-05-21 23:00:00,2026-05-22 07:00:00,53,18.0,331,Continuity (2-mould press)
2026-05-22 00:00:00,A,9410,1D25212812074FXC10,2026-05-22 07:00:00,2026-05-22 15:00:00,53,18.0,331,Continuity (2-mould press)
2026-05-22 00:00:00,B,9410,1D25212812074FXC10,2026-05-22 15:00:00,2026-05-22 23:00:00,53,18.0,331,Continuity (2-mould press)
2026-05-22 00:00:00,C,9410,1D25212812074FXC10,2026-05-22 23:00:00,2026-05-23 07:00:00,53,18.0,331,Continuity (2-mould press)
2026-05-23 00:00:00,A,9410,1D25212812074FXC10,2026-05-23 07:00:00,2026-05-23 15:00:00,53,18.0,331,Continuity (2-mould press)
2026-05-23 00:00:00,B,9410,1D25212812074FXC10,2026-05-23 15:00:00,2026-05-23 23:00:00,53,18.0,331,Continuity (2-mould press)
2026-05-23 00:00:00,C,9410,1D25212812074FXC10,2026-05-23 23:00:00,2026-05-24 07:00:00,53,18.0,331,Continuity (2-mould press)
2026-05-24 00:00:00,A,9410,1D25212812074FXC10,2026-05-24 07:00:00,2026-05-24 15:00:00,53,18.0,331,Continuity (2-mould press)
2026-05-24 00:00:00,B,9410,1D25212812074FXC10,2026-05-24 15:00:00,2026-05-24 23:00:00,53,18.0,331,Continuity (2-mould press)
2026-05-24 00:00:00,C,9410,1D25212812074FXC10,2026-05-24 23:00:00,2026-05-25 07:00:00,53,18.0,331,Continuity (2-mould press)
2026-05-25 00:00:00,A,9410,1D25212812074FXC10,2026-05-25 07:00:00,2026-05-25 15:00:00,53,18.0,331,Continuity (2-mould press)
2026-05-25 00:00:00,B,9410,1D25212812074FXC10,2026-05-25 15:00:00,2026-05-25 23:00:00,53,18.0,331,Continuity (2-mould press)
2026-05-25 00:00:00,C,9410,1D25212812074FXC10,2026-05-25 23:00:00,2026-05-26 07:00:00,53,18.0,331,Continuity (2-mould press)
2026-05-26 00:00:00,A,9410,1D25212812074FXC10,2026-05-26 07:00:00,2026-05-26 15:00:00,53,18.0,331,Continuity (2-mould press)
2026-05-26 00:00:00,B,9410,1D25212812074FXC10,2026-05-26 15:00:00,2026-05-26 23:00:00,53,18.0,331,Continuity (2-mould press)
2026-05-26 00:00:00,C,9410,1D25212812074FXC10,2026-05-26 23:00:00,2026-05-27 07:00:00,53,18.0,331,Continuity (2-mould press)
2026-05-27 00:00:00,A,9410,1D25212812074FXC10,2026-05-27 07:00:00,2026-05-27 15:00:00,53,18.0,331,Continuity (2-mould press)
2026-05-27 00:00:00,B,9410,1D25212812074FXC10,2026-05-27 15:00:00,2026-05-27 23:00:00,53,18.0,331,Continuity (2-mould press)
2026-05-27 00:00:00,C,9410,1D25212812074FXC10,2026-05-27 23:00:00,2026-05-28 07:00:00,53,18.0,331,Continuity (2-mould press)
2026-05-28 00:00:00,A,9410,1D25212812074FXC10,2026-05-28 07:00:00,2026-05-28 15:00:00,53,18.0,331,Continuity (2-mould press)
2026-05-28 00:00:00,B,9410,1D25212812074FXC10,2026-05-28 15:00:00,2026-05-28 23:00:00,53,18.0,331,Continuity (2-mould press)
2026-05-28 00:00:00,C,9410,1D25212812074FXC10,2026-05-28 23:00:00,2026-05-29 07:00:00,53,18.0,331,Continuity (2-mould press)
2026-05-29 00:00:00,A,9410,1D25212812074FXC10,2026-05-29 07:00:00,2026-05-29 15:00:00,53,18.0,331,Continuity (2-mould press)
2026-05-29 00:00:00,B,9410,1D25212812074FXC10,2026-05-29 15:00:00,2026-05-29 23:00:00,53,18.0,331,Continuity (2-mould press)
2026-05-29 00:00:00,C,9410,1D25212812074FXC10,2026-05-29 23:00:00,2026-05-30 07:00:00,53,18.0,331,Continuity (2-mould press)
2026-05-30 00:00:00,A,9410,1D25212812074FXC10,2026-05-30 07:00:00,2026-05-30 15:00:00,53,18.0,331,Continuity (2-mould press)
2026-05-30 00:00:00,B,9410,1D25212812074FXC10,2026-05-30 15:00:00,2026-05-30 19:36:00,31,18.0,331,Continuity (2-mould press)
2026-05-21 00:00:00,A,9411,1D25212812086FXPC0,2026-05-21 07:00:00,2026-05-21 15:00:00,51,19.0,332,Continuity (2-mould press)
2026-05-21 00:00:00,B,9411,1D25212812086FXPC0,2026-05-21 15:00:00,2026-05-21 23:00:00,51,19.0,332,Continuity (2-mould press)
2026-05-21 00:00:00,C,9411,1D25212812086FXPC0,2026-05-21 23:00:00,2026-05-22 07:00:00,51,19.0,332,Continuity (2-mould press)
2026-05-22 00:00:00,A,9411,1D25212812086FXPC0,2026-05-22 07:00:00,2026-05-22 15:00:00,51,19.0,332,Continuity (2-mould press)
2026-05-22 00:00:00,B,9411,1D25212812086FXPC0,2026-05-22 15:00:00,2026-05-22 23:00:00,51,19.0,332,Continuity (2-mould press)
2026-05-22 00:00:00,C,9411,1D25212812086FXPC0,2026-05-22 23:00:00,2026-05-23 07:00:00,51,19.0,332,Continuity (2-mould press)
2026-05-23 00:00:00,A,9411,1D25212812086FXPC0,2026-05-23 07:00:00,2026-05-23 15:00:00,51,19.0,332,Continuity (2-mould press)
2026-05-23 00:00:00,B,9411,1D25212812086FXPC0,2026-05-23 15:00:00,2026-05-23 23:00:00,51,19.0,332,Continuity (2-mould press)
2026-05-23 00:00:00,C,9411,1D25212812086FXPC0,2026-05-23 23:00:00,2026-05-24 07:00:00,51,19.0,332,Continuity (2-mould press)
2026-05-24 00:00:00,A,9411,1D25212812086FXPC0,2026-05-24 07:00:00,2026-05-24 15:00:00,51,19.0,332,Continuity (2-mould press)
2026-05-24 00:00:00,B,9411,1D25212812086FXPC0,2026-05-24 15:00:00,2026-05-24 23:00:00,51,19.0,332,Continuity (2-mould press)
2026-05-24 00:00:00,C,9411,1D25212812086FXPC0,2026-05-24 23:00:00,2026-05-25 07:00:00,51,19.0,332,Continuity (2-mould press)
2026-05-25 00:00:00,A,9411,1D25212812086FXPC0,2026-05-25 07:00:00,2026-05-25 15:00:00,51,19.0,332,Continuity (2-mould press)
2026-05-25 00:00:00,B,9411,1D25212812086FXPC0,2026-05-25 15:00:00,2026-05-25 23:00:00,51,19.0,332,Continuity (2-mould press)
2026-05-25 00:00:00,C,9411,1D25212812086FXPC0,2026-05-25 23:00:00,2026-05-26 07:00:00,51,19.0,332,Continuity (2-mould press)
2026-05-26 00:00:00,A,9411,1D25212812086FXPC0,2026-05-26 07:00:00,2026-05-26 15:00:00,51,19.0,332,Continuity (2-mould press)
2026-05-26 00:00:00,B,9411,1D25212812086FXPC0,2026-05-26 15:00:00,2026-05-26 23:00:00,51,19.0,332,Continuity (2-mould press)
2026-05-26 00:00:00,C,9411,1D25212812086FXPC0,2026-05-26 23:00:00,2026-05-27 07:00:00,51,19.0,332,Continuity (2-mould press)
2026-05-27 00:00:00,A,9411,1D25212812086FXPC0,2026-05-27 07:00:00,2026-05-27 15:00:00,51,19.0,332,Continuity (2-mould press)
2026-05-27 00:00:00,B,9411,1D25212812086FXPC0,2026-05-27 15:00:00,2026-05-27 23:00:00,51,19.0,332,Continuity (2-mould press)
2026-05-27 00:00:00,C,9411,1D25212812086FXPC0,2026-05-27 23:00:00,2026-05-28 07:00:00,51,19.0,332,Continuity (2-mould press)
2026-05-28 00:00:00,A,9411,1D25212812086FXPC0,2026-05-28 07:00:00,2026-05-28 15:00:00,51,19.0,332,Continuity (2-mould press)
2026-05-28 00:00:00,B,9411,1D25212812086FXPC0,2026-05-28 15:00:00,2026-05-28 23:00:00,51,19.0,332,Continuity (2-mould press)
2026-05-28 00:00:00,C,9411,1D25212812086FXPC0,2026-05-28 23:00:00,2026-05-29 07:00:00,51,19.0,332,Continuity (2-mould press)
2026-05-29 00:00:00,A,9411,1D25212812086FXPC0,2026-05-29 07:00:00,2026-05-29 15:00:00,51,19.0,332,Continuity (2-mould press)
2026-05-29 00:00:00,B,9411,1D25212812086FXPC0,2026-05-29 15:00:00,2026-05-29 23:00:00,51,19.0,332,Continuity (2-mould press)
2026-05-29 00:00:00,C,9411,1D25212812086FXPC0,2026-05-29 23:00:00,2026-05-30 07:00:00,51,19.0,332,Continuity (2-mould press)
2026-05-30 00:00:00,A,9411,1D25212812086FXPC0,2026-05-30 07:00:00,2026-05-30 15:00:00,51,19.0,332,Continuity (2-mould press)
2026-05-30 00:00:00,B,9411,1D25212812086FXPC0,2026-05-30 15:00:00,2026-05-30 23:00:00,51,19.0,332,Continuity (2-mould press)
2026-05-30 00:00:00,C,9411,1D25212812086FXPC0,2026-05-30 23:00:00,2026-05-31 07:00:00,51,19.0,332,Continuity (2-mould press)
2026-05-31 00:00:00,A,9411,1D25212812086FXPC0,2026-05-31 07:00:00,2026-05-31 15:00:00,51,19.0,332,Continuity (2-mould press)
2026-05-31 00:00:00,B,9411,1D25212812086FXPC0,2026-05-31 15:00:00,2026-05-31 23:00:00,51,19.0,332,Continuity (2-mould press)
2026-05-31 00:00:00,C,9411,1D25212812086FXPC0,2026-05-31 23:00:00,2026-06-01 07:00:00,51,19.0,332,Continuity (2-mould press)
2026-06-01 00:00:00,A,9411,1D25212812086FXPC0,2026-06-01 07:00:00,2026-06-01 15:00:00,51,19.0,332,Continuity (2-mould press)
2026-06-01 00:00:00,B,9411,1D25212812086FXPC0,2026-06-01 15:00:00,2026-06-01 23:00:00,51,19.0,332,Continuity (2-mould press)
2026-06-01 00:00:00,C,9411,1D25212812086FXPC0,2026-06-01 23:00:00,2026-06-02 07:00:00,51,19.0,332,Continuity (2-mould press)
2026-06-02 00:00:00,A,9411,1D25212812086FXPC0,2026-06-02 07:00:00,2026-06-02 15:00:00,51,19.0,332,Continuity (2-mould press)
2026-06-02 00:00:00,B,9411,1D25212812086FXPC0,2026-06-02 15:00:00,2026-06-02 23:00:00,51,19.0,332,Continuity (2-mould press)
2026-06-02 00:00:00,C,9411,1D25212812086FXPC0,2026-06-02 23:00:00,2026-06-03 07:00:00,51,19.0,332,Continuity (2-mould press)
2026-06-03 00:00:00,A,9411,1D25212812086FXPC0,2026-06-03 07:00:00,2026-06-03 15:00:00,51,19.0,332,Continuity (2-mould press)
2026-06-03 00:00:00,B,9411,1D25212812086FXPC0,2026-06-03 15:00:00,2026-06-03 23:00:00,51,19.0,332,Continuity (2-mould press)
2026-06-03 00:00:00,C,9411,1D25212812086FXPC0,2026-06-03 23:00:00,2026-06-04 07:00:00,51,19.0,332,Continuity (2-mould press)
2026-06-04 00:00:00,A,9411,1D25212812086FXPC0,2026-06-04 07:00:00,2026-06-04 15:00:00,51,19.0,332,Continuity (2-mould press)
2026-06-04 00:00:00,B,9411,1D25212812086FXPC0,2026-06-04 15:00:00,2026-06-04 23:00:00,51,19.0,332,Continuity (2-mould press)
2026-06-04 00:00:00,C,9411,1D25212812086FXPC0,2026-06-04 23:00:00,2026-06-05 07:00:00,51,19.0,332,Continuity (2-mould press)
2026-06-05 00:00:00,A,9411,1D25212812086FXPC0,2026-06-05 07:00:00,2026-06-05 15:00:00,51,19.0,332,Continuity (2-mould press)
2026-06-05 00:00:00,B,9411,1D25212812086FXPC0,2026-06-05 15:00:00,2026-06-05 23:00:00,51,19.0,332,Continuity (2-mould press)
2026-06-05 00:00:00,C,9411,1D25212812086FXPC0,2026-06-05 23:00:00,2026-06-06 07:00:00,51,19.0,332,Continuity (2-mould press)
2026-06-06 00:00:00,A,9411,1D25212812086FXPC0,2026-06-06 07:00:00,2026-06-06 15:00:00,51,19.0,332,Continuity (2-mould press)
2026-06-06 00:00:00,B,9411,1D25212812086FXPC0,2026-06-06 15:00:00,2026-06-06 23:00:00,51,19.0,332,Continuity (2-mould press)
2026-06-06 00:00:00,C,9411,1D25212812086FXPC0,2026-06-06 23:00:00,2026-06-07 07:00:00,51,19.0,332,Continuity (2-mould press)
2026-06-07 00:00:00,A,9411,1D25212812086FXPC0,2026-06-07 07:00:00,2026-06-07 15:00:00,51,19.0,332,Continuity (2-mould press)
2026-06-07 00:00:00,B,9411,1D25212812086FXPC0,2026-06-07 15:00:00,2026-06-07 23:00:00,51,19.0,332,Continuity (2-mould press)
2026-06-07 00:00:00,C,9411,1D25212812086FXPC0,2026-06-07 23:00:00,2026-06-08 07:00:00,51,19.0,332,Continuity (2-mould press)
2026-06-08 00:00:00,A,9411,1D25212812086FXPC0,2026-06-08 07:00:00,2026-06-08 15:00:00,51,19.0,332,Continuity (2-mould press)
2026-06-08 00:00:00,B,9411,1D25212812086FXPC0,2026-06-08 15:00:00,2026-06-08 23:00:00,51,19.0,332,Continuity (2-mould press)
2026-06-08 00:00:00,C,9411,1D25212812086FXPC0,2026-06-08 23:00:00,2026-06-09 02:34:00,23,19.0,332,Continuity (2-mould press)
2026-05-21 00:00:00,A,9412,1225170015012LSTL0,2026-05-21 07:00:00,2026-05-21 15:00:00,31,31.0,395,Continuity (2-mould press)
2026-05-21 00:00:00,B,9412,1225170015012LSTL0,2026-05-21 15:00:00,2026-05-21 23:00:00,31,31.0,395,Continuity (2-mould press)
2026-05-21 00:00:00,C,9412,1225170015012LSTL0,2026-05-21 23:00:00,2026-05-22 07:00:00,31,31.0,395,Continuity (2-mould press)
2026-05-22 00:00:00,A,9412,1225170015012LSTL0,2026-05-22 07:00:00,2026-05-22 15:00:00,31,31.0,395,Continuity (2-mould press)
2026-05-22 00:00:00,B,9412,1225170015012LSTL0,2026-05-22 15:00:00,2026-05-22 23:00:00,31,31.0,395,Continuity (2-mould press)
2026-05-22 00:00:00,C,9412,1225170015012LSTL0,2026-05-22 23:00:00,2026-05-23 07:00:00,31,31.0,395,Continuity (2-mould press)
2026-05-23 00:00:00,A,9412,1225170015012LSTL0,2026-05-23 07:00:00,2026-05-23 15:00:00,31,31.0,395,Continuity (2-mould press)
2026-05-23 00:00:00,B,9412,1225170015012LSTL0,2026-05-23 15:00:00,2026-05-23 22:33:00,29,31.0,395,Continuity (2-mould press)
2026-05-21 00:00:00,A,9413,1325121715100SRBT0,2026-05-21 07:00:00,2026-05-21 15:00:00,64,15.0,0,Continuity (2-mould press)
2026-05-21 00:00:00,B,9413,1325121715100SRBT0,2026-05-21 15:00:00,2026-05-21 23:00:00,64,15.0,0,Continuity (2-mould press)
2026-05-21 00:00:00,C,9413,1325121715100SRBT0,2026-05-21 23:00:00,2026-05-22 07:00:00,64,15.0,0,Continuity (2-mould press)
2026-05-22 00:00:00,A,9413,1325121715100SRBT0,2026-05-22 07:00:00,2026-05-22 15:00:00,64,15.0,0,Continuity (2-mould press)
2026-05-22 00:00:00,B,9413,1325121715100SRBT0,2026-05-22 15:00:00,2026-05-22 23:00:00,64,15.0,0,Continuity (2-mould press)
2026-05-22 00:00:00,C,9413,1325121715100SRBT0,2026-05-22 23:00:00,2026-05-23 07:00:00,64,15.0,0,Continuity (2-mould press)
2026-05-23 00:00:00,A,9413,1325121715100SRBT0,2026-05-23 07:00:00,2026-05-23 15:00:00,64,15.0,0,Continuity (2-mould press)
2026-05-23 00:00:00,B,9413,1325121715100SRBT0,2026-05-23 15:00:00,2026-05-23 23:00:00,64,15.0,0,Continuity (2-mould press)
2026-05-23 00:00:00,C,9413,1325121715100SRBT0,2026-05-23 23:00:00,2026-05-24 07:00:00,64,15.0,0,Continuity (2-mould press)
2026-05-24 00:00:00,A,9413,1325121715100SRBT0,2026-05-24 07:00:00,2026-05-24 15:00:00,64,15.0,0,Continuity (2-mould press)
2026-05-24 00:00:00,B,9413,1325121715100SRBT0,2026-05-24 15:00:00,2026-05-24 23:00:00,64,15.0,0,Continuity (2-mould press)
2026-05-24 00:00:00,C,9413,1325121715100SRBT0,2026-05-24 23:00:00,2026-05-25 07:00:00,64,15.0,0,Continuity (2-mould press)
2026-05-25 00:00:00,A,9413,1325121715100SRBT0,2026-05-25 07:00:00,2026-05-25 15:00:00,64,15.0,0,Continuity (2-mould press)
2026-05-25 00:00:00,B,9413,1325121715100SRBT0,2026-05-25 15:00:00,2026-05-25 23:00:00,64,15.0,0,Continuity (2-mould press)
2026-05-25 00:00:00,C,9413,1325121715100SRBT0,2026-05-25 23:00:00,2026-05-26 07:00:00,64,15.0,0,Continuity (2-mould press)
2026-05-26 00:00:00,A,9413,1325121715100SRBT0,2026-05-26 07:00:00,2026-05-26 15:00:00,64,15.0,0,Continuity (2-mould press)
2026-05-26 00:00:00,B,9413,1325121715100SRBT0,2026-05-26 15:00:00,2026-05-26 23:00:00,64,15.0,0,Continuity (2-mould press)
2026-05-26 00:00:00,C,9413,1325121715100SRBT0,2026-05-26 23:00:00,2026-05-27 07:00:00,64,15.0,0,Continuity (2-mould press)
2026-05-27 00:00:00,A,9413,1325121715100SRBT0,2026-05-27 07:00:00,2026-05-27 15:00:00,64,15.0,0,Continuity (2-mould press)
2026-05-27 00:00:00,B,9413,1325121715100SRBT0,2026-05-27 15:00:00,2026-05-27 23:00:00,64,15.0,0,Continuity (2-mould press)
2026-05-27 00:00:00,C,9413,1325121715100SRBT0,2026-05-27 23:00:00,2026-05-28 07:00:00,64,15.0,0,Continuity (2-mould press)
2026-05-28 00:00:00,A,9413,1325121715100SRBT0,2026-05-28 07:00:00,2026-05-28 15:00:00,64,15.0,0,Continuity (2-mould press)
2026-05-28 00:00:00,B,9413,1325121715100SRBT0,2026-05-28 15:00:00,2026-05-28 23:00:00,64,15.0,0,Continuity (2-mould press)
2026-05-28 00:00:00,C,9413,1325121715100SRBT0,2026-05-28 23:00:00,2026-05-29 07:00:00,64,15.0,0,Continuity (2-mould press)
2026-05-29 00:00:00,A,9413,1325121715100SRBT0,2026-05-29 07:00:00,2026-05-29 15:00:00,64,15.0,0,Continuity (2-mould press)
2026-05-29 00:00:00,B,9413,1325121715100SRBT0,2026-05-29 15:00:00,2026-05-29 23:00:00,64,15.0,0,Continuity (2-mould press)
2026-05-29 00:00:00,C,9413,1325121715100SRBT0,2026-05-29 23:00:00,2026-05-30 07:00:00,64,15.0,0,Continuity (2-mould press)
2026-05-30 00:00:00,A,9413,1325121715100SRBT0,2026-05-30 07:00:00,2026-05-30 15:00:00,64,15.0,0,Continuity (2-mould press)
2026-05-30 00:00:00,B,9413,1325121715100SRBT0,2026-05-30 15:00:00,2026-05-30 23:00:00,64,15.0,0,Continuity (2-mould press)
2026-05-30 00:00:00,C,9413,1325121715100SRBT0,2026-05-30 23:00:00,2026-05-31 07:00:00,64,15.0,0,Continuity (2-mould press)
2026-05-31 00:00:00,A,9413,1325121715100SRBT0,2026-05-31 07:00:00,2026-05-31 15:00:00,64,15.0,0,Continuity (2-mould press)
2026-05-31 00:00:00,B,9413,1325121715100SRBT0,2026-05-31 15:00:00,2026-05-31 23:00:00,64,15.0,0,Continuity (2-mould press)
2026-05-31 00:00:00,C,9413,1325121715100SRBT0,2026-05-31 23:00:00,2026-06-01 07:00:00,64,15.0,0,Continuity (2-mould press)
2026-06-01 00:00:00,A,9413,1325121715100SRBT0,2026-06-01 07:00:00,2026-06-01 15:00:00,64,15.0,0,Continuity (2-mould press)
2026-06-01 00:00:00,B,9413,1325121715100SRBT0,2026-06-01 15:00:00,2026-06-01 23:00:00,64,15.0,0,Continuity (2-mould press)
2026-06-01 00:00:00,C,9413,1325121715100SRBT0,2026-06-01 23:00:00,2026-06-02 07:00:00,64,15.0,0,Continuity (2-mould press)
2026-06-02 00:00:00,A,9413,1325121715100SRBT0,2026-06-02 07:00:00,2026-06-02 15:00:00,64,15.0,0,Continuity (2-mould press)
2026-06-02 00:00:00,B,9413,1325121715100SRBT0,2026-06-02 15:00:00,2026-06-02 23:00:00,64,15.0,0,Continuity (2-mould press)
2026-06-02 00:00:00,C,9413,1325121715100SRBT0,2026-06-02 23:00:00,2026-06-03 07:00:00,64,15.0,0,Continuity (2-mould press)
2026-06-03 00:00:00,A,9413,1325121715100SRBT0,2026-06-03 07:00:00,2026-06-03 15:00:00,64,15.0,0,Continuity (2-mould press)
2026-06-03 00:00:00,B,9413,1325121715100SRBT0,2026-06-03 15:00:00,2026-06-03 23:00:00,64,15.0,0,Continuity (2-mould press)
2026-06-03 00:00:00,C,9413,1325121715100SRBT0,2026-06-03 23:00:00,2026-06-04 07:00:00,64,15.0,0,Continuity (2-mould press)
2026-06-04 00:00:00,A,9413,1325121715100SRBT0,2026-06-04 07:00:00,2026-06-04 15:00:00,64,15.0,0,Continuity (2-mould press)
2026-06-04 00:00:00,B,9413,1325121715100SRBT0,2026-06-04 15:00:00,2026-06-04 23:00:00,64,15.0,0,Continuity (2-mould press)
2026-06-04 00:00:00,C,9413,1325121715100SRBT0,2026-06-04 23:00:00,2026-06-05 07:00:00,64,15.0,0,Continuity (2-mould press)
2026-06-05 00:00:00,A,9413,1325121715100SRBT0,2026-06-05 07:00:00,2026-06-05 15:00:00,64,15.0,0,Continuity (2-mould press)
2026-06-05 00:00:00,B,9413,1325121715100SRBT0,2026-06-05 15:00:00,2026-06-05 23:00:00,64,15.0,0,Continuity (2-mould press)
2026-06-05 00:00:00,C,9413,1325121715100SRBT0,2026-06-05 23:00:00,2026-06-06 07:00:00,64,15.0,0,Continuity (2-mould press)
2026-06-06 00:00:00,A,9413,1325121715100SRBT0,2026-06-06 07:00:00,2026-06-06 15:00:00,64,15.0,0,Continuity (2-mould press)
2026-06-06 00:00:00,B,9413,1325121715100SRBT0,2026-06-06 15:00:00,2026-06-06 23:00:00,64,15.0,0,Continuity (2-mould press)
2026-06-06 00:00:00,C,9413,1325121715100SRBT0,2026-06-06 23:00:00,2026-06-07 07:00:00,64,15.0,0,Continuity (2-mould press)
2026-06-07 00:00:00,A,9413,1325121715100SRBT0,2026-06-07 07:00:00,2026-06-07 15:00:00,64,15.0,0,Continuity (2-mould press)
2026-06-07 00:00:00,B,9413,1325121715100SRBT0,2026-06-07 15:00:00,2026-06-07 23:00:00,64,15.0,0,Continuity (2-mould press)
2026-06-07 00:00:00,C,9413,1325121715100SRBT0,2026-06-07 23:00:00,2026-06-08 07:00:00,64,15.0,0,Continuity (2-mould press)
2026-06-08 00:00:00,A,9413,1325121715100SRBT0,2026-06-08 07:00:00,2026-06-08 15:00:00,64,15.0,0,Continuity (2-mould press)
2026-06-08 00:00:00,B,9413,1325121715100SRBT0,2026-06-08 15:00:00,2026-06-08 23:00:00,64,15.0,0,Continuity (2-mould press)
2026-06-08 00:00:00,C,9413,1325121715100SRBT0,2026-06-08 23:00:00,2026-06-09 07:00:00,64,15.0,0,Continuity (2-mould press)
2026-06-09 00:00:00,A,9413,1325121715100SRBT0,2026-06-09 07:00:00,2026-06-09 15:00:00,64,15.0,0,Continuity (2-mould press)
2026-06-09 00:00:00,B,9413,1325121715100SRBT0,2026-06-09 15:00:00,2026-06-09 23:00:00,64,15.0,0,Continuity (2-mould press)
2026-06-09 00:00:00,C,9413,1325121715100SRBT0,2026-06-09 23:00:00,2026-06-10 07:00:00,64,15.0,0,Continuity (2-mould press)
2026-06-10 00:00:00,A,9413,1325121715100SRBT0,2026-06-10 07:00:00,2026-06-10 15:00:00,64,15.0,0,Continuity (2-mould press)
2026-06-10 00:00:00,B,9413,1325121715100SRBT0,2026-06-10 15:00:00,2026-06-10 23:00:00,64,15.0,0,Continuity (2-mould press)
2026-06-10 00:00:00,C,9413,1325121715100SRBT0,2026-06-10 23:00:00,2026-06-11 07:00:00,64,15.0,0,Continuity (2-mould press)
2026-06-11 00:00:00,A,9413,1325121715100SRBT0,2026-06-11 07:00:00,2026-06-11 15:00:00,64,15.0,0,Continuity (2-mould press)
2026-06-11 00:00:00,B,9413,1325121715100SRBT0,2026-06-11 15:00:00,2026-06-11 23:00:00,64,15.0,0,Continuity (2-mould press)
2026-06-11 00:00:00,C,9413,1325121715100SRBT0,2026-06-11 23:00:00,2026-06-12 03:45:00,38,15.0,0,Continuity (2-mould press)
2026-05-21 00:00:00,A,9414,1325119815106QBRQ0,2026-05-21 07:00:00,2026-05-21 15:00:00,33,29.0,70,Continuity (2-mould press)
2026-05-21 00:00:00,B,9414,1325119815106QBRQ0,2026-05-21 15:00:00,2026-05-21 23:00:00,33,29.0,70,Continuity (2-mould press)
2026-05-21 00:00:00,C,9414,1325119815106QBRQ0,2026-05-21 23:00:00,2026-05-22 07:00:00,33,29.0,70,Continuity (2-mould press)
2026-05-22 00:00:00,A,9414,1325119815106QBRQ0,2026-05-22 07:00:00,2026-05-22 15:00:00,33,29.0,70,Continuity (2-mould press)
2026-05-22 00:00:00,B,9414,1325119815106QBRQ0,2026-05-22 15:00:00,2026-05-22 23:00:00,33,29.0,70,Continuity (2-mould press)
2026-05-22 00:00:00,C,9414,1325119815106QBRQ0,2026-05-22 23:00:00,2026-05-23 07:00:00,33,29.0,70,Continuity (2-mould press)
2026-05-23 00:00:00,A,9414,1325119815106QBRQ0,2026-05-23 07:00:00,2026-05-23 15:00:00,33,29.0,70,Continuity (2-mould press)
2026-05-23 00:00:00,B,9414,1325119815106QBRQ0,2026-05-23 15:00:00,2026-05-23 23:00:00,33,29.0,70,Continuity (2-mould press)
2026-05-23 00:00:00,C,9414,1325119815106QBRQ0,2026-05-23 23:00:00,2026-05-24 07:00:00,33,29.0,70,Continuity (2-mould press)
2026-05-24 00:00:00,A,9414,1325119815106QBRQ0,2026-05-24 07:00:00,2026-05-24 15:00:00,33,29.0,70,Continuity (2-mould press)
2026-05-24 00:00:00,B,9414,1325119815106QBRQ0,2026-05-24 15:00:00,2026-05-24 20:04:00,21,29.0,70,Continuity (2-mould press)
2026-05-21 00:00:00,A,9502,1D25213812090FXPC0,2026-05-21 07:00:00,2026-05-21 15:00:00,56,17.0,255,Continuity (2-mould press)
2026-05-21 00:00:00,B,9502,1D25213812090FXPC0,2026-05-21 15:00:00,2026-05-21 23:00:00,56,17.0,255,Continuity (2-mould press)
2026-05-21 00:00:00,C,9502,1D25213812090FXPC0,2026-05-21 23:00:00,2026-05-22 07:00:00,56,17.0,255,Continuity (2-mould press)
2026-05-22 00:00:00,A,9502,1D25213812090FXPC0,2026-05-22 07:00:00,2026-05-22 15:00:00,56,17.0,255,Continuity (2-mould press)
2026-05-22 00:00:00,B,9502,1D25213812090FXPC0,2026-05-22 15:00:00,2026-05-22 23:00:00,56,17.0,255,Continuity (2-mould press)
2026-05-22 00:00:00,C,9502,1D25213812090FXPC0,2026-05-22 23:00:00,2026-05-23 07:00:00,56,17.0,255,Continuity (2-mould press)
2026-05-23 00:00:00,A,9502,1D25213812090FXPC0,2026-05-23 07:00:00,2026-05-23 15:00:00,56,17.0,255,Continuity (2-mould press)
2026-05-23 00:00:00,B,9502,1D25213812090FXPC0,2026-05-23 15:00:00,2026-05-23 23:00:00,56,17.0,255,Continuity (2-mould press)
2026-05-23 00:00:00,C,9502,1D25213812090FXPC0,2026-05-23 23:00:00,2026-05-24 07:00:00,56,17.0,255,Continuity (2-mould press)
2026-05-24 00:00:00,A,9502,1D25213812090FXPC0,2026-05-24 07:00:00,2026-05-24 15:00:00,56,17.0,255,Continuity (2-mould press)
2026-05-24 00:00:00,B,9502,1D25213812090FXPC0,2026-05-24 15:00:00,2026-05-24 23:00:00,56,17.0,255,Continuity (2-mould press)
2026-05-24 00:00:00,C,9502,1D25213812090FXPC0,2026-05-24 23:00:00,2026-05-25 07:00:00,56,17.0,255,Continuity (2-mould press)
2026-05-25 00:00:00,A,9502,1D25213812090FXPC0,2026-05-25 07:00:00,2026-05-25 15:00:00,56,17.0,255,Continuity (2-mould press)
2026-05-25 00:00:00,B,9502,1D25213812090FXPC0,2026-05-25 15:00:00,2026-05-25 23:00:00,56,17.0,255,Continuity (2-mould press)
2026-05-25 00:00:00,C,9502,1D25213812090FXPC0,2026-05-25 23:00:00,2026-05-26 07:00:00,56,17.0,255,Continuity (2-mould press)
2026-05-26 00:00:00,A,9502,1D25213812090FXPC0,2026-05-26 07:00:00,2026-05-26 15:00:00,56,17.0,255,Continuity (2-mould press)
2026-05-26 00:00:00,B,9502,1D25213812090FXPC0,2026-05-26 15:00:00,2026-05-26 23:00:00,56,17.0,255,Continuity (2-mould press)
2026-05-26 00:00:00,C,9502,1D25213812090FXPC0,2026-05-26 23:00:00,2026-05-27 07:00:00,56,17.0,255,Continuity (2-mould press)
2026-05-27 00:00:00,A,9502,1D25213812090FXPC0,2026-05-27 07:00:00,2026-05-27 15:00:00,56,17.0,255,Continuity (2-mould press)
2026-05-27 00:00:00,B,9502,1D25213812090FXPC0,2026-05-27 15:00:00,2026-05-27 23:00:00,56,17.0,255,Continuity (2-mould press)
2026-05-27 00:00:00,C,9502,1D25213812090FXPC0,2026-05-27 23:00:00,2026-05-28 07:00:00,56,17.0,255,Continuity (2-mould press)
2026-05-28 00:00:00,A,9502,1D25213812090FXPC0,2026-05-28 07:00:00,2026-05-28 15:00:00,56,17.0,255,Continuity (2-mould press)
2026-05-28 00:00:00,B,9502,1D25213812090FXPC0,2026-05-28 15:00:00,2026-05-28 23:00:00,56,17.0,255,Continuity (2-mould press)
2026-05-28 00:00:00,C,9502,1D25213812090FXPC0,2026-05-28 23:00:00,2026-05-29 07:00:00,56,17.0,255,Continuity (2-mould press)
2026-05-29 00:00:00,A,9502,1D25213812090FXPC0,2026-05-29 07:00:00,2026-05-29 15:00:00,56,17.0,255,Continuity (2-mould press)
2026-05-29 00:00:00,B,9502,1D25213812090FXPC0,2026-05-29 15:00:00,2026-05-29 23:00:00,56,17.0,255,Continuity (2-mould press)
2026-05-29 00:00:00,C,9502,1D25213812090FXPC0,2026-05-29 23:00:00,2026-05-30 07:00:00,56,17.0,255,Continuity (2-mould press)
2026-05-30 00:00:00,A,9502,1D25213812090FXPC0,2026-05-30 07:00:00,2026-05-30 15:00:00,56,17.0,255,Continuity (2-mould press)
2026-05-30 00:00:00,B,9502,1D25213812090FXPC0,2026-05-30 15:00:00,2026-05-30 23:00:00,56,17.0,255,Continuity (2-mould press)
2026-05-30 00:00:00,C,9502,1D25213812090FXPC0,2026-05-30 23:00:00,2026-05-31 07:00:00,56,17.0,255,Continuity (2-mould press)
2026-05-31 00:00:00,A,9502,1D25213812090FXPC0,2026-05-31 07:00:00,2026-05-31 15:00:00,56,17.0,255,Continuity (2-mould press)
2026-05-31 00:00:00,B,9502,1D25213812090FXPC0,2026-05-31 15:00:00,2026-05-31 23:00:00,56,17.0,255,Continuity (2-mould press)
2026-05-31 00:00:00,C,9502,1D25213812090FXPC0,2026-05-31 23:00:00,2026-06-01 07:00:00,56,17.0,255,Continuity (2-mould press)
2026-06-01 00:00:00,A,9502,1D25213812090FXPC0,2026-06-01 07:00:00,2026-06-01 10:11:00,22,17.0,255,Continuity (2-mould press)
2026-05-21 00:00:00,A,9503,1D25213812090FXPC0,2026-05-21 07:00:00,2026-05-21 15:00:00,56,17.0,255,Continuity (2-mould press)
2026-05-21 00:00:00,B,9503,1D25213812090FXPC0,2026-05-21 15:00:00,2026-05-21 23:00:00,56,17.0,255,Continuity (2-mould press)
2026-05-21 00:00:00,C,9503,1D25213812090FXPC0,2026-05-21 23:00:00,2026-05-22 00:17:00,9,17.0,255,Continuity (2-mould press)
2026-05-21 00:00:00,C,9503,MOULD_CLEAN,2026-05-22 00:17:00,2026-05-22 02:17:00,0,0.0,0,Mould cleaning (continuity)
2026-05-21 00:00:00,C,9503,1D25213812090FXPC0,2026-05-22 02:17:00,2026-05-22 07:00:00,33,17.0,255,Continuity (2-mould press)
2026-05-22 00:00:00,A,9503,1D25213812090FXPC0,2026-05-22 07:00:00,2026-05-22 15:00:00,56,17.0,255,Continuity (2-mould press)
2026-05-22 00:00:00,B,9503,1D25213812090FXPC0,2026-05-22 15:00:00,2026-05-22 23:00:00,56,17.0,255,Continuity (2-mould press)
2026-05-22 00:00:00,C,9503,1D25213812090FXPC0,2026-05-22 23:00:00,2026-05-23 07:00:00,56,17.0,255,Continuity (2-mould press)
2026-05-23 00:00:00,A,9503,1D25213812090FXPC0,2026-05-23 07:00:00,2026-05-23 15:00:00,56,17.0,255,Continuity (2-mould press)
2026-05-23 00:00:00,B,9503,1D25213812090FXPC0,2026-05-23 15:00:00,2026-05-23 23:00:00,56,17.0,255,Continuity (2-mould press)
2026-05-23 00:00:00,C,9503,1D25213812090FXPC0,2026-05-23 23:00:00,2026-05-24 07:00:00,56,17.0,255,Continuity (2-mould press)
2026-05-24 00:00:00,A,9503,1D25213812090FXPC0,2026-05-24 07:00:00,2026-05-24 15:00:00,56,17.0,255,Continuity (2-mould press)
2026-05-24 00:00:00,B,9503,1D25213812090FXPC0,2026-05-24 15:00:00,2026-05-24 23:00:00,56,17.0,255,Continuity (2-mould press)
2026-05-24 00:00:00,C,9503,1D25213812090FXPC0,2026-05-24 23:00:00,2026-05-25 07:00:00,56,17.0,255,Continuity (2-mould press)
2026-05-25 00:00:00,A,9503,1D25213812090FXPC0,2026-05-25 07:00:00,2026-05-25 15:00:00,56,17.0,255,Continuity (2-mould press)
2026-05-25 00:00:00,B,9503,1D25213812090FXPC0,2026-05-25 15:00:00,2026-05-25 23:00:00,56,17.0,255,Continuity (2-mould press)
2026-05-25 00:00:00,C,9503,1D25213812090FXPC0,2026-05-25 23:00:00,2026-05-26 07:00:00,56,17.0,255,Continuity (2-mould press)
2026-05-26 00:00:00,A,9503,1D25213812090FXPC0,2026-05-26 07:00:00,2026-05-26 15:00:00,56,17.0,255,Continuity (2-mould press)
2026-05-26 00:00:00,B,9503,1D25213812090FXPC0,2026-05-26 15:00:00,2026-05-26 23:00:00,56,17.0,255,Continuity (2-mould press)
2026-05-26 00:00:00,C,9503,1D25213812090FXPC0,2026-05-26 23:00:00,2026-05-27 07:00:00,56,17.0,255,Continuity (2-mould press)
2026-05-27 00:00:00,A,9503,1D25213812090FXPC0,2026-05-27 07:00:00,2026-05-27 15:00:00,56,17.0,255,Continuity (2-mould press)
2026-05-27 00:00:00,B,9503,1D25213812090FXPC0,2026-05-27 15:00:00,2026-05-27 23:00:00,56,17.0,255,Continuity (2-mould press)
2026-05-27 00:00:00,C,9503,1D25213812090FXPC0,2026-05-27 23:00:00,2026-05-28 07:00:00,56,17.0,255,Continuity (2-mould press)
2026-05-28 00:00:00,A,9503,1D25213812090FXPC0,2026-05-28 07:00:00,2026-05-28 15:00:00,56,17.0,255,Continuity (2-mould press)
2026-05-28 00:00:00,B,9503,1D25213812090FXPC0,2026-05-28 15:00:00,2026-05-28 23:00:00,56,17.0,255,Continuity (2-mould press)
2026-05-28 00:00:00,C,9503,1D25213812090FXPC0,2026-05-28 23:00:00,2026-05-29 07:00:00,56,17.0,255,Continuity (2-mould press)
2026-05-29 00:00:00,A,9503,1D25213812090FXPC0,2026-05-29 07:00:00,2026-05-29 15:00:00,56,17.0,255,Continuity (2-mould press)
2026-05-29 00:00:00,B,9503,1D25213812090FXPC0,2026-05-29 15:00:00,2026-05-29 23:00:00,56,17.0,255,Continuity (2-mould press)
2026-05-29 00:00:00,C,9503,1D25213812090FXPC0,2026-05-29 23:00:00,2026-05-30 07:00:00,56,17.0,255,Continuity (2-mould press)
2026-05-30 00:00:00,A,9503,1D25213812090FXPC0,2026-05-30 07:00:00,2026-05-30 15:00:00,56,17.0,255,Continuity (2-mould press)
2026-05-30 00:00:00,B,9503,1D25213812090FXPC0,2026-05-30 15:00:00,2026-05-30 23:00:00,56,17.0,255,Continuity (2-mould press)
2026-05-30 00:00:00,C,9503,1D25213812090FXPC0,2026-05-30 23:00:00,2026-05-31 07:00:00,56,17.0,255,Continuity (2-mould press)
2026-05-31 00:00:00,A,9503,1D25213812090FXPC0,2026-05-31 07:00:00,2026-05-31 15:00:00,56,17.0,255,Continuity (2-mould press)
2026-05-31 00:00:00,B,9503,1D25213812090FXPC0,2026-05-31 15:00:00,2026-05-31 23:00:00,56,17.0,255,Continuity (2-mould press)
2026-05-31 00:00:00,C,9503,1D25213812090FXPC0,2026-05-31 23:00:00,2026-06-01 07:00:00,56,17.0,255,Continuity (2-mould press)
2026-06-01 00:00:00,A,9503,1D25213812090FXPC0,2026-06-01 07:00:00,2026-06-01 12:11:00,37,17.0,255,Continuity (2-mould press)
2026-05-21 00:00:00,A,9504,1325114812074TUHL0,2026-05-21 07:00:00,2026-05-21 15:00:00,64,15.0,148,Continuity (2-mould press)
2026-05-21 00:00:00,B,9504,1325114812074TUHL0,2026-05-21 15:00:00,2026-05-21 23:00:00,64,15.0,148,Continuity (2-mould press)
2026-05-21 00:00:00,C,9504,1325114812074TUHL0,2026-05-21 23:00:00,2026-05-22 07:00:00,64,15.0,148,Continuity (2-mould press)
2026-05-22 00:00:00,A,9504,1325114812074TUHL0,2026-05-22 07:00:00,2026-05-22 15:00:00,64,15.0,148,Continuity (2-mould press)
2026-05-22 00:00:00,B,9504,1325114812074TUHL0,2026-05-22 15:00:00,2026-05-22 23:00:00,64,15.0,148,Continuity (2-mould press)
2026-05-22 00:00:00,C,9504,1325114812074TUHL0,2026-05-22 23:00:00,2026-05-23 07:00:00,64,15.0,148,Continuity (2-mould press)
2026-05-23 00:00:00,A,9504,1325114812074TUHL0,2026-05-23 07:00:00,2026-05-23 15:00:00,64,15.0,148,Continuity (2-mould press)
2026-05-23 00:00:00,B,9504,1325114812074TUHL0,2026-05-23 15:00:00,2026-05-23 23:00:00,64,15.0,148,Continuity (2-mould press)
2026-05-23 00:00:00,C,9504,1325114812074TUHL0,2026-05-23 23:00:00,2026-05-24 07:00:00,64,15.0,148,Continuity (2-mould press)
2026-05-24 00:00:00,A,9504,1325114812074TUHL0,2026-05-24 07:00:00,2026-05-24 15:00:00,64,15.0,148,Continuity (2-mould press)
2026-05-24 00:00:00,B,9504,1325114812074TUHL0,2026-05-24 15:00:00,2026-05-24 23:00:00,64,15.0,148,Continuity (2-mould press)
2026-05-24 00:00:00,C,9504,1325114812074TUHL0,2026-05-24 23:00:00,2026-05-25 07:00:00,64,15.0,148,Continuity (2-mould press)
2026-05-25 00:00:00,A,9504,1325114812074TUHL0,2026-05-25 07:00:00,2026-05-25 15:00:00,64,15.0,148,Continuity (2-mould press)
2026-05-25 00:00:00,B,9504,1325114812074TUHL0,2026-05-25 15:00:00,2026-05-25 23:00:00,64,15.0,148,Continuity (2-mould press)
2026-05-25 00:00:00,C,9504,1325114812074TUHL0,2026-05-25 23:00:00,2026-05-26 07:00:00,64,15.0,148,Continuity (2-mould press)
2026-05-26 00:00:00,A,9504,1325114812074TUHL0,2026-05-26 07:00:00,2026-05-26 15:00:00,64,15.0,148,Continuity (2-mould press)
2026-05-26 00:00:00,B,9504,1325114812074TUHL0,2026-05-26 15:00:00,2026-05-26 23:00:00,64,15.0,148,Continuity (2-mould press)
2026-05-26 00:00:00,C,9504,1325114812074TUHL0,2026-05-26 23:00:00,2026-05-27 07:00:00,64,15.0,148,Continuity (2-mould press)
2026-05-27 00:00:00,A,9504,1325114812074TUHL0,2026-05-27 07:00:00,2026-05-27 15:00:00,64,15.0,148,Continuity (2-mould press)
2026-05-27 00:00:00,B,9504,1325114812074TUHL0,2026-05-27 15:00:00,2026-05-27 23:00:00,64,15.0,148,Continuity (2-mould press)
2026-05-27 00:00:00,C,9504,1325114812074TUHL0,2026-05-27 23:00:00,2026-05-28 07:00:00,64,15.0,148,Continuity (2-mould press)
2026-05-28 00:00:00,A,9504,1325114812074TUHL0,2026-05-28 07:00:00,2026-05-28 12:30:00,44,15.0,148,Continuity (2-mould press)
2026-05-21 00:00:00,A,9505,1D25212812074FXC10,2026-05-21 07:00:00,2026-05-21 15:00:00,53,18.0,331,Continuity (2-mould press)
2026-05-21 00:00:00,B,9505,1D25212812074FXC10,2026-05-21 15:00:00,2026-05-21 23:00:00,53,18.0,331,Continuity (2-mould press)
2026-05-21 00:00:00,C,9505,1D25212812074FXC10,2026-05-21 23:00:00,2026-05-22 07:00:00,53,18.0,331,Continuity (2-mould press)
2026-05-22 00:00:00,A,9505,1D25212812074FXC10,2026-05-22 07:00:00,2026-05-22 15:00:00,53,18.0,331,Continuity (2-mould press)
2026-05-22 00:00:00,B,9505,1D25212812074FXC10,2026-05-22 15:00:00,2026-05-22 23:00:00,53,18.0,331,Continuity (2-mould press)
2026-05-22 00:00:00,C,9505,1D25212812074FXC10,2026-05-22 23:00:00,2026-05-23 07:00:00,53,18.0,331,Continuity (2-mould press)
2026-05-23 00:00:00,A,9505,1D25212812074FXC10,2026-05-23 07:00:00,2026-05-23 15:00:00,53,18.0,331,Continuity (2-mould press)
2026-05-23 00:00:00,B,9505,1D25212812074FXC10,2026-05-23 15:00:00,2026-05-23 23:00:00,53,18.0,331,Continuity (2-mould press)
2026-05-23 00:00:00,C,9505,1D25212812074FXC10,2026-05-23 23:00:00,2026-05-24 07:00:00,53,18.0,331,Continuity (2-mould press)
2026-05-24 00:00:00,A,9505,1D25212812074FXC10,2026-05-24 07:00:00,2026-05-24 15:00:00,53,18.0,331,Continuity (2-mould press)
2026-05-24 00:00:00,B,9505,1D25212812074FXC10,2026-05-24 15:00:00,2026-05-24 23:00:00,53,18.0,331,Continuity (2-mould press)
2026-05-24 00:00:00,C,9505,1D25212812074FXC10,2026-05-24 23:00:00,2026-05-25 07:00:00,53,18.0,331,Continuity (2-mould press)
2026-05-25 00:00:00,A,9505,1D25212812074FXC10,2026-05-25 07:00:00,2026-05-25 15:00:00,53,18.0,331,Continuity (2-mould press)
2026-05-25 00:00:00,B,9505,1D25212812074FXC10,2026-05-25 15:00:00,2026-05-25 23:00:00,53,18.0,331,Continuity (2-mould press)
2026-05-25 00:00:00,C,9505,1D25212812074FXC10,2026-05-25 23:00:00,2026-05-26 07:00:00,53,18.0,331,Continuity (2-mould press)
2026-05-26 00:00:00,A,9505,1D25212812074FXC10,2026-05-26 07:00:00,2026-05-26 15:00:00,53,18.0,331,Continuity (2-mould press)
2026-05-26 00:00:00,B,9505,1D25212812074FXC10,2026-05-26 15:00:00,2026-05-26 23:00:00,53,18.0,331,Continuity (2-mould press)
2026-05-26 00:00:00,C,9505,1D25212812074FXC10,2026-05-26 23:00:00,2026-05-27 07:00:00,53,18.0,331,Continuity (2-mould press)
2026-05-27 00:00:00,A,9505,1D25212812074FXC10,2026-05-27 07:00:00,2026-05-27 15:00:00,53,18.0,331,Continuity (2-mould press)
2026-05-27 00:00:00,B,9505,1D25212812074FXC10,2026-05-27 15:00:00,2026-05-27 23:00:00,53,18.0,331,Continuity (2-mould press)
2026-05-27 00:00:00,C,9505,1D25212812074FXC10,2026-05-27 23:00:00,2026-05-28 07:00:00,53,18.0,331,Continuity (2-mould press)
2026-05-28 00:00:00,A,9505,1D25212812074FXC10,2026-05-28 07:00:00,2026-05-28 15:00:00,53,18.0,331,Continuity (2-mould press)
2026-05-28 00:00:00,B,9505,1D25212812074FXC10,2026-05-28 15:00:00,2026-05-28 23:00:00,53,18.0,331,Continuity (2-mould press)
2026-05-28 00:00:00,C,9505,1D25212812074FXC10,2026-05-28 23:00:00,2026-05-29 07:00:00,53,18.0,331,Continuity (2-mould press)
2026-05-29 00:00:00,A,9505,1D25212812074FXC10,2026-05-29 07:00:00,2026-05-29 15:00:00,53,18.0,331,Continuity (2-mould press)
2026-05-29 00:00:00,B,9505,1D25212812074FXC10,2026-05-29 15:00:00,2026-05-29 23:00:00,53,18.0,331,Continuity (2-mould press)
2026-05-29 00:00:00,C,9505,1D25212812074FXC10,2026-05-29 23:00:00,2026-05-30 07:00:00,53,18.0,331,Continuity (2-mould press)
2026-05-30 00:00:00,A,9505,1D25212812074FXC10,2026-05-30 07:00:00,2026-05-30 15:00:00,53,18.0,331,Continuity (2-mould press)
2026-05-30 00:00:00,B,9505,1D25212812074FXC10,2026-05-30 15:00:00,2026-05-30 19:36:00,31,18.0,331,Continuity (2-mould press)
2026-05-21 00:00:00,A,9506,1D25212812074FXC10,2026-05-21 07:00:00,2026-05-21 15:00:00,53,18.0,331,Continuity (2-mould press)
2026-05-21 00:00:00,B,9506,1D25212812074FXC10,2026-05-21 15:00:00,2026-05-21 23:00:00,53,18.0,331,Continuity (2-mould press)
2026-05-21 00:00:00,C,9506,1D25212812074FXC10,2026-05-21 23:00:00,2026-05-22 07:00:00,53,18.0,331,Continuity (2-mould press)
2026-05-22 00:00:00,A,9506,1D25212812074FXC10,2026-05-22 07:00:00,2026-05-22 15:00:00,53,18.0,331,Continuity (2-mould press)
2026-05-22 00:00:00,B,9506,1D25212812074FXC10,2026-05-22 15:00:00,2026-05-22 23:00:00,53,18.0,331,Continuity (2-mould press)
2026-05-22 00:00:00,C,9506,1D25212812074FXC10,2026-05-22 23:00:00,2026-05-23 07:00:00,53,18.0,331,Continuity (2-mould press)
2026-05-23 00:00:00,A,9506,1D25212812074FXC10,2026-05-23 07:00:00,2026-05-23 15:00:00,53,18.0,331,Continuity (2-mould press)
2026-05-23 00:00:00,B,9506,1D25212812074FXC10,2026-05-23 15:00:00,2026-05-23 23:00:00,53,18.0,331,Continuity (2-mould press)
2026-05-23 00:00:00,C,9506,1D25212812074FXC10,2026-05-23 23:00:00,2026-05-24 07:00:00,53,18.0,331,Continuity (2-mould press)
2026-05-24 00:00:00,A,9506,1D25212812074FXC10,2026-05-24 07:00:00,2026-05-24 15:00:00,53,18.0,331,Continuity (2-mould press)
2026-05-24 00:00:00,B,9506,1D25212812074FXC10,2026-05-24 15:00:00,2026-05-24 23:00:00,53,18.0,331,Continuity (2-mould press)
2026-05-24 00:00:00,C,9506,1D25212812074FXC10,2026-05-24 23:00:00,2026-05-25 07:00:00,53,18.0,331,Continuity (2-mould press)
2026-05-25 00:00:00,A,9506,1D25212812074FXC10,2026-05-25 07:00:00,2026-05-25 15:00:00,53,18.0,331,Continuity (2-mould press)
2026-05-25 00:00:00,B,9506,1D25212812074FXC10,2026-05-25 15:00:00,2026-05-25 23:00:00,53,18.0,331,Continuity (2-mould press)
2026-05-25 00:00:00,C,9506,1D25212812074FXC10,2026-05-25 23:00:00,2026-05-26 07:00:00,53,18.0,331,Continuity (2-mould press)
2026-05-26 00:00:00,A,9506,1D25212812074FXC10,2026-05-26 07:00:00,2026-05-26 15:00:00,53,18.0,331,Continuity (2-mould press)
2026-05-26 00:00:00,B,9506,1D25212812074FXC10,2026-05-26 15:00:00,2026-05-26 23:00:00,53,18.0,331,Continuity (2-mould press)
2026-05-26 00:00:00,C,9506,1D25212812074FXC10,2026-05-26 23:00:00,2026-05-27 07:00:00,53,18.0,331,Continuity (2-mould press)
2026-05-27 00:00:00,A,9506,1D25212812074FXC10,2026-05-27 07:00:00,2026-05-27 15:00:00,53,18.0,331,Continuity (2-mould press)
2026-05-27 00:00:00,B,9506,1D25212812074FXC10,2026-05-27 15:00:00,2026-05-27 23:00:00,53,18.0,331,Continuity (2-mould press)
2026-05-27 00:00:00,C,9506,1D25212812074FXC10,2026-05-27 23:00:00,2026-05-28 07:00:00,53,18.0,331,Continuity (2-mould press)
2026-05-28 00:00:00,A,9506,1D25212812074FXC10,2026-05-28 07:00:00,2026-05-28 15:00:00,53,18.0,331,Continuity (2-mould press)
2026-05-28 00:00:00,B,9506,1D25212812074FXC10,2026-05-28 15:00:00,2026-05-28 23:00:00,53,18.0,331,Continuity (2-mould press)
2026-05-28 00:00:00,C,9506,1D25212812074FXC10,2026-05-28 23:00:00,2026-05-29 07:00:00,53,18.0,331,Continuity (2-mould press)
2026-05-29 00:00:00,A,9506,1D25212812074FXC10,2026-05-29 07:00:00,2026-05-29 15:00:00,53,18.0,331,Continuity (2-mould press)
2026-05-29 00:00:00,B,9506,1D25212812074FXC10,2026-05-29 15:00:00,2026-05-29 23:00:00,53,18.0,331,Continuity (2-mould press)
2026-05-29 00:00:00,C,9506,1D25212812074FXC10,2026-05-29 23:00:00,2026-05-30 07:00:00,53,18.0,331,Continuity (2-mould press)
2026-05-30 00:00:00,A,9506,1D25212812074FXC10,2026-05-30 07:00:00,2026-05-30 15:00:00,53,18.0,331,Continuity (2-mould press)
2026-05-30 00:00:00,B,9506,1D25212812074FXC10,2026-05-30 15:00:00,2026-05-30 19:36:00,31,18.0,331,Continuity (2-mould press)
2026-05-21 00:00:00,A,9507,1D25212812074FXC10,2026-05-21 07:00:00,2026-05-21 15:00:00,53,18.0,331,Continuity (2-mould press)
2026-05-21 00:00:00,B,9507,1D25212812074FXC10,2026-05-21 15:00:00,2026-05-21 23:00:00,53,18.0,331,Continuity (2-mould press)
2026-05-21 00:00:00,C,9507,1D25212812074FXC10,2026-05-21 23:00:00,2026-05-22 07:00:00,53,18.0,331,Continuity (2-mould press)
2026-05-22 00:00:00,A,9507,1D25212812074FXC10,2026-05-22 07:00:00,2026-05-22 15:00:00,53,18.0,331,Continuity (2-mould press)
2026-05-22 00:00:00,B,9507,1D25212812074FXC10,2026-05-22 15:00:00,2026-05-22 23:00:00,53,18.0,331,Continuity (2-mould press)
2026-05-22 00:00:00,C,9507,1D25212812074FXC10,2026-05-22 23:00:00,2026-05-23 07:00:00,53,18.0,331,Continuity (2-mould press)
2026-05-23 00:00:00,A,9507,1D25212812074FXC10,2026-05-23 07:00:00,2026-05-23 15:00:00,53,18.0,331,Continuity (2-mould press)
2026-05-23 00:00:00,B,9507,1D25212812074FXC10,2026-05-23 15:00:00,2026-05-23 23:00:00,53,18.0,331,Continuity (2-mould press)
2026-05-23 00:00:00,C,9507,1D25212812074FXC10,2026-05-23 23:00:00,2026-05-24 07:00:00,53,18.0,331,Continuity (2-mould press)
2026-05-24 00:00:00,A,9507,1D25212812074FXC10,2026-05-24 07:00:00,2026-05-24 15:00:00,53,18.0,331,Continuity (2-mould press)
2026-05-24 00:00:00,B,9507,1D25212812074FXC10,2026-05-24 15:00:00,2026-05-24 23:00:00,53,18.0,331,Continuity (2-mould press)
2026-05-24 00:00:00,C,9507,1D25212812074FXC10,2026-05-24 23:00:00,2026-05-25 07:00:00,53,18.0,331,Continuity (2-mould press)
2026-05-25 00:00:00,A,9507,1D25212812074FXC10,2026-05-25 07:00:00,2026-05-25 15:00:00,53,18.0,331,Continuity (2-mould press)
2026-05-25 00:00:00,B,9507,1D25212812074FXC10,2026-05-25 15:00:00,2026-05-25 23:00:00,53,18.0,331,Continuity (2-mould press)
2026-05-25 00:00:00,C,9507,1D25212812074FXC10,2026-05-25 23:00:00,2026-05-26 07:00:00,53,18.0,331,Continuity (2-mould press)
2026-05-26 00:00:00,A,9507,1D25212812074FXC10,2026-05-26 07:00:00,2026-05-26 15:00:00,53,18.0,331,Continuity (2-mould press)
2026-05-26 00:00:00,B,9507,1D25212812074FXC10,2026-05-26 15:00:00,2026-05-26 23:00:00,53,18.0,331,Continuity (2-mould press)
2026-05-26 00:00:00,C,9507,1D25212812074FXC10,2026-05-26 23:00:00,2026-05-27 07:00:00,53,18.0,331,Continuity (2-mould press)
2026-05-27 00:00:00,A,9507,1D25212812074FXC10,2026-05-27 07:00:00,2026-05-27 15:00:00,53,18.0,331,Continuity (2-mould press)
2026-05-27 00:00:00,B,9507,1D25212812074FXC10,2026-05-27 15:00:00,2026-05-27 23:00:00,53,18.0,331,Continuity (2-mould press)
2026-05-27 00:00:00,C,9507,1D25212812074FXC10,2026-05-27 23:00:00,2026-05-28 07:00:00,53,18.0,331,Continuity (2-mould press)
2026-05-28 00:00:00,A,9507,1D25212812074FXC10,2026-05-28 07:00:00,2026-05-28 15:00:00,53,18.0,331,Continuity (2-mould press)
2026-05-28 00:00:00,B,9507,1D25212812074FXC10,2026-05-28 15:00:00,2026-05-28 23:00:00,53,18.0,331,Continuity (2-mould press)
2026-05-28 00:00:00,C,9507,1D25212812074FXC10,2026-05-28 23:00:00,2026-05-29 07:00:00,53,18.0,331,Continuity (2-mould press)
2026-05-29 00:00:00,A,9507,1D25212812074FXC10,2026-05-29 07:00:00,2026-05-29 15:00:00,53,18.0,331,Continuity (2-mould press)
2026-05-29 00:00:00,B,9507,1D25212812074FXC10,2026-05-29 15:00:00,2026-05-29 23:00:00,53,18.0,331,Continuity (2-mould press)
2026-05-29 00:00:00,C,9507,1D25212812074FXC10,2026-05-29 23:00:00,2026-05-30 07:00:00,53,18.0,331,Continuity (2-mould press)
2026-05-30 00:00:00,A,9507,1D25212812074FXC10,2026-05-30 07:00:00,2026-05-30 15:00:00,53,18.0,331,Continuity (2-mould press)
2026-05-30 00:00:00,B,9507,1D25212812074FXC10,2026-05-30 15:00:00,2026-05-30 19:18:00,29,18.0,331,Continuity (2-mould press)
2026-05-21 00:00:00,A,9701,1225170015012LSTL0,2026-05-21 07:00:00,2026-05-21 15:00:00,31,31.0,395,Continuity (2-mould press)
2026-05-21 00:00:00,B,9701,1225170015012LSTL0,2026-05-21 15:00:00,2026-05-21 23:00:00,31,31.0,395,Continuity (2-mould press)
2026-05-21 00:00:00,C,9701,1225170015012LSTL0,2026-05-21 23:00:00,2026-05-22 07:00:00,31,31.0,395,Continuity (2-mould press)
2026-05-22 00:00:00,A,9701,1225170015012LSTL0,2026-05-22 07:00:00,2026-05-22 15:00:00,31,31.0,395,Continuity (2-mould press)
2026-05-22 00:00:00,B,9701,1225170015012LSTL0,2026-05-22 15:00:00,2026-05-22 23:00:00,31,31.0,395,Continuity (2-mould press)
2026-05-22 00:00:00,C,9701,1225170015012LSTL0,2026-05-22 23:00:00,2026-05-23 07:00:00,31,31.0,395,Continuity (2-mould press)
2026-05-23 00:00:00,A,9701,1225170015012LSTL0,2026-05-23 07:00:00,2026-05-23 15:00:00,31,31.0,395,Continuity (2-mould press)
2026-05-23 00:00:00,B,9701,1225170015012LSTL0,2026-05-23 15:00:00,2026-05-23 22:33:00,29,31.0,395,Continuity (2-mould press)
2026-05-21 00:00:00,A,9702,1225170015010LSTL0,2026-05-21 07:00:00,2026-05-21 15:00:00,31,31.0,113,Continuity (2-mould press)
2026-05-21 00:00:00,B,9702,1225170015010LSTL0,2026-05-21 15:00:00,2026-05-21 23:00:00,31,31.0,113,Continuity (2-mould press)
2026-05-21 00:00:00,C,9702,1225170015010LSTL0,2026-05-21 23:00:00,2026-05-22 07:00:00,31,31.0,113,Continuity (2-mould press)
2026-05-22 00:00:00,A,9702,1225170015010LSTL0,2026-05-22 07:00:00,2026-05-22 15:00:00,31,31.0,113,Continuity (2-mould press)
2026-05-22 00:00:00,B,9702,1225170015010LSTL0,2026-05-22 15:00:00,2026-05-22 23:00:00,31,31.0,113,Continuity (2-mould press)
2026-05-22 00:00:00,C,9702,1225170015010LSTL0,2026-05-22 23:00:00,2026-05-23 07:00:00,31,31.0,113,Continuity (2-mould press)
2026-05-23 00:00:00,A,9702,1225170015010LSTL0,2026-05-23 07:00:00,2026-05-23 15:00:00,31,31.0,113,Continuity (2-mould press)
2026-05-23 00:00:00,B,9702,1225170015010LSTL0,2026-05-23 15:00:00,2026-05-23 23:00:00,31,31.0,113,Continuity (2-mould press)
2026-05-23 00:00:00,C,9702,1225170015010LSTL0,2026-05-23 23:00:00,2026-05-24 07:00:00,31,31.0,113,Continuity (2-mould press)
2026-05-24 00:00:00,A,9702,1225170015010LSTL0,2026-05-24 07:00:00,2026-05-24 15:00:00,31,31.0,113,Continuity (2-mould press)
2026-05-24 00:00:00,B,9702,1225170015010LSTL0,2026-05-24 15:00:00,2026-05-24 17:09:00,8,31.0,113,Continuity (2-mould press)
2026-05-21 00:00:00,A,9703,1225170015012LSTL0,2026-05-21 07:00:00,2026-05-21 15:00:00,31,31.0,395,Continuity (2-mould press)
2026-05-21 00:00:00,B,9703,1225170015012LSTL0,2026-05-21 15:00:00,2026-05-21 23:00:00,31,31.0,395,Continuity (2-mould press)
2026-05-21 00:00:00,C,9703,1225170015012LSTL0,2026-05-21 23:00:00,2026-05-22 07:00:00,31,31.0,395,Continuity (2-mould press)
2026-05-22 00:00:00,A,9703,1225170015012LSTL0,2026-05-22 07:00:00,2026-05-22 15:00:00,31,31.0,395,Continuity (2-mould press)
2026-05-22 00:00:00,B,9703,1225170015012LSTL0,2026-05-22 15:00:00,2026-05-22 23:00:00,31,31.0,395,Continuity (2-mould press)
2026-05-22 00:00:00,C,9703,1225170015012LSTL0,2026-05-22 23:00:00,2026-05-23 07:00:00,31,31.0,395,Continuity (2-mould press)
2026-05-23 00:00:00,A,9703,1225170015012LSTL0,2026-05-23 07:00:00,2026-05-23 15:00:00,31,31.0,395,Continuity (2-mould press)
2026-05-23 00:00:00,B,9703,1225170015012LSTL0,2026-05-23 15:00:00,2026-05-23 22:33:00,29,31.0,395,Continuity (2-mould press)
2026-05-21 00:00:00,A,9704,1225170015012LSTL0,2026-05-21 07:00:00,2026-05-21 15:00:00,31,31.0,395,Continuity (2-mould press)
2026-05-21 00:00:00,B,9704,1225170015012LSTL0,2026-05-21 15:00:00,2026-05-21 23:00:00,31,31.0,395,Continuity (2-mould press)
2026-05-21 00:00:00,C,9704,1225170015012LSTL0,2026-05-21 23:00:00,2026-05-22 07:00:00,31,31.0,395,Continuity (2-mould press)
2026-05-22 00:00:00,A,9704,1225170015012LSTL0,2026-05-22 07:00:00,2026-05-22 15:00:00,31,31.0,395,Continuity (2-mould press)
2026-05-22 00:00:00,B,9704,1225170015012LSTL0,2026-05-22 15:00:00,2026-05-22 23:00:00,31,31.0,395,Continuity (2-mould press)
2026-05-22 00:00:00,C,9704,1225170015012LSTL0,2026-05-22 23:00:00,2026-05-23 07:00:00,31,31.0,395,Continuity (2-mould press)
2026-05-23 00:00:00,A,9704,1225170015012LSTL0,2026-05-23 07:00:00,2026-05-23 15:00:00,31,31.0,395,Continuity (2-mould press)
2026-05-23 00:00:00,B,9704,1225170015012LSTL0,2026-05-23 15:00:00,2026-05-23 22:02:00,27,31.0,395,Continuity (2-mould press)
2026-05-21 00:00:00,A,9802,1325216814085STMX0,2026-05-21 07:00:00,2026-05-21 15:00:00,60,16.0,256,Continuity (2-mould press)
2026-05-21 00:00:00,B,9802,1325216814085STMX0,2026-05-21 15:00:00,2026-05-21 23:00:00,60,16.0,256,Continuity (2-mould press)
2026-05-21 00:00:00,C,9802,1325216814085STMX0,2026-05-21 23:00:00,2026-05-22 07:00:00,60,16.0,256,Continuity (2-mould press)
2026-05-22 00:00:00,A,9802,1325216814085STMX0,2026-05-22 07:00:00,2026-05-22 15:00:00,60,16.0,256,Continuity (2-mould press)
2026-05-22 00:00:00,B,9802,1325216814085STMX0,2026-05-22 15:00:00,2026-05-22 23:00:00,60,16.0,256,Continuity (2-mould press)
2026-05-22 00:00:00,C,9802,1325216814085STMX0,2026-05-22 23:00:00,2026-05-23 07:00:00,60,16.0,256,Continuity (2-mould press)
2026-05-23 00:00:00,A,9802,1325216814085STMX0,2026-05-23 07:00:00,2026-05-23 15:00:00,60,16.0,256,Continuity (2-mould press)
2026-05-23 00:00:00,B,9802,1325216814085STMX0,2026-05-23 15:00:00,2026-05-23 23:00:00,60,16.0,256,Continuity (2-mould press)
2026-05-23 00:00:00,C,9802,1325216814085STMX0,2026-05-23 23:00:00,2026-05-24 07:00:00,60,16.0,256,Continuity (2-mould press)
2026-05-24 00:00:00,A,9802,1325216814085STMX0,2026-05-24 07:00:00,2026-05-24 15:00:00,60,16.0,256,Continuity (2-mould press)
2026-05-24 00:00:00,B,9802,1325216814085STMX0,2026-05-24 15:00:00,2026-05-24 23:00:00,60,16.0,256,Continuity (2-mould press)
2026-05-24 00:00:00,C,9802,1325216814085STMX0,2026-05-24 23:00:00,2026-05-25 07:00:00,60,16.0,256,Continuity (2-mould press)
2026-05-25 00:00:00,A,9802,1325216814085STMX0,2026-05-25 07:00:00,2026-05-25 15:00:00,60,16.0,256,Continuity (2-mould press)
2026-05-25 00:00:00,B,9802,1325216814085STMX0,2026-05-25 15:00:00,2026-05-25 23:00:00,60,16.0,256,Continuity (2-mould press)
2026-05-25 00:00:00,C,9802,1325216814085STMX0,2026-05-25 23:00:00,2026-05-26 07:00:00,60,16.0,256,Continuity (2-mould press)
2026-05-26 00:00:00,A,9802,1325216814085STMX0,2026-05-26 07:00:00,2026-05-26 15:00:00,60,16.0,256,Continuity (2-mould press)
2026-05-26 00:00:00,B,9802,1325216814085STMX0,2026-05-26 15:00:00,2026-05-26 23:00:00,60,16.0,256,Continuity (2-mould press)
2026-05-26 00:00:00,C,9802,1325216814085STMX0,2026-05-26 23:00:00,2026-05-27 07:00:00,60,16.0,256,Continuity (2-mould press)
2026-05-27 00:00:00,A,9802,1325216814085STMX0,2026-05-27 07:00:00,2026-05-27 15:00:00,60,16.0,256,Continuity (2-mould press)
2026-05-27 00:00:00,B,9802,1325216814085STMX0,2026-05-27 15:00:00,2026-05-27 23:00:00,60,16.0,256,Continuity (2-mould press)
2026-05-27 00:00:00,C,9802,1325216814085STMX0,2026-05-27 23:00:00,2026-05-28 07:00:00,60,16.0,256,Continuity (2-mould press)
2026-05-28 00:00:00,A,9802,1325216814085STMX0,2026-05-28 07:00:00,2026-05-28 15:00:00,60,16.0,256,Continuity (2-mould press)
2026-05-28 00:00:00,B,9802,1325216814085STMX0,2026-05-28 15:00:00,2026-05-28 23:00:00,60,16.0,256,Continuity (2-mould press)
2026-05-28 00:00:00,C,9802,1325216814085STMX0,2026-05-28 23:00:00,2026-05-29 07:00:00,60,16.0,256,Continuity (2-mould press)
2026-05-29 00:00:00,A,9802,1325216814085STMX0,2026-05-29 07:00:00,2026-05-29 15:00:00,60,16.0,256,Continuity (2-mould press)
2026-05-29 00:00:00,B,9802,1325216814085STMX0,2026-05-29 15:00:00,2026-05-29 23:00:00,60,16.0,256,Continuity (2-mould press)
2026-05-29 00:00:00,C,9802,1325216814085STMX0,2026-05-29 23:00:00,2026-05-30 07:00:00,60,16.0,256,Continuity (2-mould press)
2026-05-30 00:00:00,A,9802,1325216814085STMX0,2026-05-30 07:00:00,2026-05-30 15:00:00,60,16.0,256,Continuity (2-mould press)
2026-05-30 00:00:00,B,9802,1325216814085STMX0,2026-05-30 15:00:00,2026-05-30 23:00:00,60,16.0,256,Continuity (2-mould press)
2026-05-30 00:00:00,C,9802,1325216814085STMX0,2026-05-30 23:00:00,2026-05-31 07:00:00,60,16.0,256,Continuity (2-mould press)
2026-05-31 00:00:00,A,9802,1325216814085STMX0,2026-05-31 07:00:00,2026-05-31 15:00:00,60,16.0,256,Continuity (2-mould press)
2026-05-31 00:00:00,B,9802,1325216814085STMX0,2026-05-31 15:00:00,2026-05-31 23:00:00,60,16.0,256,Continuity (2-mould press)
2026-05-31 00:00:00,C,9802,1325216814085STMX0,2026-05-31 23:00:00,2026-06-01 07:00:00,60,16.0,256,Continuity (2-mould press)
2026-06-01 00:00:00,A,9802,1325216814085STMX0,2026-06-01 07:00:00,2026-06-01 15:00:00,60,16.0,256,Continuity (2-mould press)
2026-06-01 00:00:00,B,9802,1325216814085STMX0,2026-06-01 15:00:00,2026-06-01 23:00:00,60,16.0,256,Continuity (2-mould press)
2026-06-01 00:00:00,C,9802,1325216814085STMX0,2026-06-01 23:00:00,2026-06-02 07:00:00,60,16.0,256,Continuity (2-mould press)
2026-06-02 00:00:00,A,9802,1325216814085STMX0,2026-06-02 07:00:00,2026-06-02 15:00:00,60,16.0,256,Continuity (2-mould press)
2026-06-02 00:00:00,B,9802,1325216814085STMX0,2026-06-02 15:00:00,2026-06-02 23:00:00,60,16.0,256,Continuity (2-mould press)
2026-06-02 00:00:00,C,9802,1325216814085STMX0,2026-06-02 23:00:00,2026-06-03 07:00:00,60,16.0,256,Continuity (2-mould press)
2026-06-03 00:00:00,A,9802,1325216814085STMX0,2026-06-03 07:00:00,2026-06-03 15:00:00,60,16.0,256,Continuity (2-mould press)
2026-06-03 00:00:00,B,9802,1325216814085STMX0,2026-06-03 15:00:00,2026-06-03 23:00:00,60,16.0,256,Continuity (2-mould press)
2026-06-03 00:00:00,C,9802,1325216814085STMX0,2026-06-03 23:00:00,2026-06-04 07:00:00,60,16.0,256,Continuity (2-mould press)
2026-06-04 00:00:00,A,9802,1325216814085STMX0,2026-06-04 07:00:00,2026-06-04 15:00:00,60,16.0,256,Continuity (2-mould press)
2026-06-04 00:00:00,B,9802,1325216814085STMX0,2026-06-04 15:00:00,2026-06-04 23:00:00,60,16.0,256,Continuity (2-mould press)
2026-06-04 00:00:00,C,9802,1325216814085STMX0,2026-06-04 23:00:00,2026-06-05 07:00:00,60,16.0,256,Continuity (2-mould press)
2026-06-05 00:00:00,A,9802,1325216814085STMX0,2026-06-05 07:00:00,2026-06-05 15:00:00,60,16.0,256,Continuity (2-mould press)
2026-06-05 00:00:00,B,9802,1325216814085STMX0,2026-06-05 15:00:00,2026-06-05 23:00:00,60,16.0,256,Continuity (2-mould press)
2026-06-05 00:00:00,C,9802,1325216814085STMX0,2026-06-05 23:00:00,2026-06-06 07:00:00,60,16.0,256,Continuity (2-mould press)
2026-06-06 00:00:00,A,9802,1325216814085STMX0,2026-06-06 07:00:00,2026-06-06 15:00:00,60,16.0,256,Continuity (2-mould press)
2026-06-06 00:00:00,B,9802,1325216814085STMX0,2026-06-06 15:00:00,2026-06-06 23:00:00,60,16.0,256,Continuity (2-mould press)
2026-06-06 00:00:00,C,9802,1325216814085STMX0,2026-06-06 23:00:00,2026-06-07 07:00:00,60,16.0,256,Continuity (2-mould press)
2026-06-07 00:00:00,A,9802,1325216814085STMX0,2026-06-07 07:00:00,2026-06-07 15:00:00,60,16.0,256,Continuity (2-mould press)
2026-06-07 00:00:00,B,9802,1325216814085STMX0,2026-06-07 15:00:00,2026-06-07 19:48:00,36,16.0,256,Continuity (2-mould press)
2026-05-21 00:00:00,A,9804,1325216814085STMX0,2026-05-21 07:00:00,2026-05-21 15:00:00,60,16.0,256,Continuity (2-mould press)
2026-05-21 00:00:00,B,9804,1325216814085STMX0,2026-05-21 15:00:00,2026-05-21 23:00:00,60,16.0,256,Continuity (2-mould press)
2026-05-21 00:00:00,C,9804,1325216814085STMX0,2026-05-21 23:00:00,2026-05-22 07:00:00,60,16.0,256,Continuity (2-mould press)
2026-05-22 00:00:00,A,9804,1325216814085STMX0,2026-05-22 07:00:00,2026-05-22 15:00:00,60,16.0,256,Continuity (2-mould press)
2026-05-22 00:00:00,B,9804,1325216814085STMX0,2026-05-22 15:00:00,2026-05-22 20:36:00,42,16.0,256,Continuity (2-mould press)
2026-05-22 00:00:00,B,9804,MOULD_CLEAN,2026-05-22 20:36:00,2026-05-22 22:36:00,0,0.0,0,Mould cleaning (continuity)
2026-05-22 00:00:00,B,9804,1325216814085STMX0,2026-05-22 22:36:00,2026-05-22 23:00:00,3,16.0,256,Continuity (2-mould press)
2026-05-22 00:00:00,C,9804,1325216814085STMX0,2026-05-22 23:00:00,2026-05-23 07:00:00,60,16.0,256,Continuity (2-mould press)
2026-05-23 00:00:00,A,9804,1325216814085STMX0,2026-05-23 07:00:00,2026-05-23 15:00:00,60,16.0,256,Continuity (2-mould press)
2026-05-23 00:00:00,B,9804,1325216814085STMX0,2026-05-23 15:00:00,2026-05-23 23:00:00,60,16.0,256,Continuity (2-mould press)
2026-05-23 00:00:00,C,9804,1325216814085STMX0,2026-05-23 23:00:00,2026-05-24 07:00:00,60,16.0,256,Continuity (2-mould press)
2026-05-24 00:00:00,A,9804,1325216814085STMX0,2026-05-24 07:00:00,2026-05-24 15:00:00,60,16.0,256,Continuity (2-mould press)
2026-05-24 00:00:00,B,9804,1325216814085STMX0,2026-05-24 15:00:00,2026-05-24 23:00:00,60,16.0,256,Continuity (2-mould press)
2026-05-24 00:00:00,C,9804,1325216814085STMX0,2026-05-24 23:00:00,2026-05-25 07:00:00,60,16.0,256,Continuity (2-mould press)
2026-05-25 00:00:00,A,9804,1325216814085STMX0,2026-05-25 07:00:00,2026-05-25 15:00:00,60,16.0,256,Continuity (2-mould press)
2026-05-25 00:00:00,B,9804,1325216814085STMX0,2026-05-25 15:00:00,2026-05-25 23:00:00,60,16.0,256,Continuity (2-mould press)
2026-05-25 00:00:00,C,9804,1325216814085STMX0,2026-05-25 23:00:00,2026-05-26 07:00:00,60,16.0,256,Continuity (2-mould press)
2026-05-26 00:00:00,A,9804,1325216814085STMX0,2026-05-26 07:00:00,2026-05-26 15:00:00,60,16.0,256,Continuity (2-mould press)
2026-05-26 00:00:00,B,9804,1325216814085STMX0,2026-05-26 15:00:00,2026-05-26 23:00:00,60,16.0,256,Continuity (2-mould press)
2026-05-26 00:00:00,C,9804,1325216814085STMX0,2026-05-26 23:00:00,2026-05-27 07:00:00,60,16.0,256,Continuity (2-mould press)
2026-05-27 00:00:00,A,9804,1325216814085STMX0,2026-05-27 07:00:00,2026-05-27 15:00:00,60,16.0,256,Continuity (2-mould press)
2026-05-27 00:00:00,B,9804,1325216814085STMX0,2026-05-27 15:00:00,2026-05-27 23:00:00,60,16.0,256,Continuity (2-mould press)
2026-05-27 00:00:00,C,9804,1325216814085STMX0,2026-05-27 23:00:00,2026-05-28 07:00:00,60,16.0,256,Continuity (2-mould press)
2026-05-28 00:00:00,A,9804,1325216814085STMX0,2026-05-28 07:00:00,2026-05-28 15:00:00,60,16.0,256,Continuity (2-mould press)
2026-05-28 00:00:00,B,9804,1325216814085STMX0,2026-05-28 15:00:00,2026-05-28 23:00:00,60,16.0,256,Continuity (2-mould press)
2026-05-28 00:00:00,C,9804,1325216814085STMX0,2026-05-28 23:00:00,2026-05-29 07:00:00,60,16.0,256,Continuity (2-mould press)
2026-05-29 00:00:00,A,9804,1325216814085STMX0,2026-05-29 07:00:00,2026-05-29 15:00:00,60,16.0,256,Continuity (2-mould press)
2026-05-29 00:00:00,B,9804,1325216814085STMX0,2026-05-29 15:00:00,2026-05-29 23:00:00,60,16.0,256,Continuity (2-mould press)
2026-05-29 00:00:00,C,9804,1325216814085STMX0,2026-05-29 23:00:00,2026-05-30 07:00:00,60,16.0,256,Continuity (2-mould press)
2026-05-30 00:00:00,A,9804,1325216814085STMX0,2026-05-30 07:00:00,2026-05-30 15:00:00,60,16.0,256,Continuity (2-mould press)
2026-05-30 00:00:00,B,9804,1325216814085STMX0,2026-05-30 15:00:00,2026-05-30 23:00:00,60,16.0,256,Continuity (2-mould press)
2026-05-30 00:00:00,C,9804,1325216814085STMX0,2026-05-30 23:00:00,2026-05-31 07:00:00,60,16.0,256,Continuity (2-mould press)
2026-05-31 00:00:00,A,9804,1325216814085STMX0,2026-05-31 07:00:00,2026-05-31 15:00:00,60,16.0,256,Continuity (2-mould press)
2026-05-31 00:00:00,B,9804,1325216814085STMX0,2026-05-31 15:00:00,2026-05-31 23:00:00,60,16.0,256,Continuity (2-mould press)
2026-05-31 00:00:00,C,9804,1325216814085STMX0,2026-05-31 23:00:00,2026-06-01 07:00:00,60,16.0,256,Continuity (2-mould press)
2026-06-01 00:00:00,A,9804,1325216814085STMX0,2026-06-01 07:00:00,2026-06-01 15:00:00,60,16.0,256,Continuity (2-mould press)
2026-06-01 00:00:00,B,9804,1325216814085STMX0,2026-06-01 15:00:00,2026-06-01 23:00:00,60,16.0,256,Continuity (2-mould press)
2026-06-01 00:00:00,C,9804,1325216814085STMX0,2026-06-01 23:00:00,2026-06-02 07:00:00,60,16.0,256,Continuity (2-mould press)
2026-06-02 00:00:00,A,9804,1325216814085STMX0,2026-06-02 07:00:00,2026-06-02 15:00:00,60,16.0,256,Continuity (2-mould press)
2026-06-02 00:00:00,B,9804,1325216814085STMX0,2026-06-02 15:00:00,2026-06-02 23:00:00,60,16.0,256,Continuity (2-mould press)
2026-06-02 00:00:00,C,9804,1325216814085STMX0,2026-06-02 23:00:00,2026-06-03 07:00:00,60,16.0,256,Continuity (2-mould press)
2026-06-03 00:00:00,A,9804,1325216814085STMX0,2026-06-03 07:00:00,2026-06-03 15:00:00,60,16.0,256,Continuity (2-mould press)
2026-06-03 00:00:00,B,9804,1325216814085STMX0,2026-06-03 15:00:00,2026-06-03 23:00:00,60,16.0,256,Continuity (2-mould press)
2026-06-03 00:00:00,C,9804,1325216814085STMX0,2026-06-03 23:00:00,2026-06-04 07:00:00,60,16.0,256,Continuity (2-mould press)
2026-06-04 00:00:00,A,9804,1325216814085STMX0,2026-06-04 07:00:00,2026-06-04 15:00:00,60,16.0,256,Continuity (2-mould press)
2026-06-04 00:00:00,B,9804,1325216814085STMX0,2026-06-04 15:00:00,2026-06-04 23:00:00,60,16.0,256,Continuity (2-mould press)
2026-06-04 00:00:00,C,9804,1325216814085STMX0,2026-06-04 23:00:00,2026-06-05 07:00:00,60,16.0,256,Continuity (2-mould press)
2026-06-05 00:00:00,A,9804,1325216814085STMX0,2026-06-05 07:00:00,2026-06-05 15:00:00,60,16.0,256,Continuity (2-mould press)
2026-06-05 00:00:00,B,9804,1325216814085STMX0,2026-06-05 15:00:00,2026-06-05 23:00:00,60,16.0,256,Continuity (2-mould press)
2026-06-05 00:00:00,C,9804,1325216814085STMX0,2026-06-05 23:00:00,2026-06-06 07:00:00,60,16.0,256,Continuity (2-mould press)
2026-06-06 00:00:00,A,9804,1325216814085STMX0,2026-06-06 07:00:00,2026-06-06 15:00:00,60,16.0,256,Continuity (2-mould press)
2026-06-06 00:00:00,B,9804,1325216814085STMX0,2026-06-06 15:00:00,2026-06-06 23:00:00,60,16.0,256,Continuity (2-mould press)
2026-06-06 00:00:00,C,9804,1325216814085STMX0,2026-06-06 23:00:00,2026-06-07 07:00:00,60,16.0,256,Continuity (2-mould press)
2026-06-07 00:00:00,A,9804,1325216814085STMX0,2026-06-07 07:00:00,2026-06-07 15:00:00,60,16.0,256,Continuity (2-mould press)
2026-06-07 00:00:00,B,9804,1325216814085STMX0,2026-06-07 15:00:00,2026-06-07 21:48:00,51,16.0,256,Continuity (2-mould press)
