Date,Shift,Machine,SKUCode,StartTime,EndTime,Qty,CycleTime_min,GT_Inventory,Remarks
2026-04-30,B,3611,CHANGEOVER,2026-04-30 18:00:00,2026-05-01 00:00:00,0,0.0,0,C/O from 1D25215013008SXC1T to 1325223418103VETR0
2026-05-01,C,3611,1325223418103VETR0,2026-05-01 00:00:00,2026-05-01 07:00:00,46,18.0,0,LP Scheduled
2026-05-01,A,3611,1325223418103VETR0,2026-05-01 07:00:00,2026-05-01 15:00:00,52,18.0,0,LP Scheduled
2026-05-01,B,3611,1325223418103VETR0,2026-05-01 15:00:00,2026-05-01 23:00:00,52,18.0,0,LP Scheduled
2026-05-01,C,3611,1325223418103VETR0,2026-05-01 23:00:00,2026-05-02 07:00:00,52,18.0,0,LP Scheduled
2026-05-02,A,3611,1325223418103VETR0,2026-05-02 07:00:00,2026-05-02 15:00:00,52,18.0,0,LP Scheduled
2026-05-02,B,3611,1325223418103VETR0,2026-05-02 15:00:00,2026-05-02 23:00:00,52,18.0,0,LP Scheduled
2026-05-02,C,3611,1325223418103VETR0,2026-05-02 23:00:00,2026-05-03 07:00:00,52,18.0,0,LP Scheduled
2026-05-03,A,3611,1325223418103VETR0,2026-05-03 07:00:00,2026-05-03 15:00:00,52,18.0,0,LP Scheduled
2026-05-03,B,3611,1325223418103VETR0,2026-05-03 15:00:00,2026-05-03 23:00:00,52,18.0,0,LP Scheduled
2026-05-03,C,3611,1325223418103VETR0,2026-05-03 23:00:00,2026-05-04 02:42:00,36,18.0,0,LP Scheduled
2026-04-30,C,3613,CHANGEOVER,2026-04-30 23:00:00,2026-05-01 05:00:00,0,0.0,0,C/O from 1D25215013008SXC1T to 1325221516098HRHT0
2026-05-01,C,3613,1325221516098HRHT0,2026-05-01 05:00:00,2026-05-01 07:00:00,14,16.0,0,LP Scheduled
2026-05-01,A,3613,1325221516098HRHT0,2026-05-01 07:00:00,2026-05-01 15:00:00,60,16.0,0,LP Scheduled
2026-05-01,B,3613,1325221516098HRHT0,2026-05-01 15:00:00,2026-05-01 23:00:00,60,16.0,0,LP Scheduled
2026-05-01,C,3613,1325221516098HRHT0,2026-05-01 23:00:00,2026-05-02 07:00:00,60,16.0,0,LP Scheduled
2026-05-02,A,3613,1325221516098HRHT0,2026-05-02 07:00:00,2026-05-02 15:00:00,60,16.0,0,LP Scheduled
2026-05-02,B,3613,1325221516098HRHT0,2026-05-02 15:00:00,2026-05-02 23:00:00,60,16.0,0,LP Scheduled
2026-05-02,C,3613,1325221516098HRHT0,2026-05-02 23:00:00,2026-05-03 07:00:00,60,16.0,0,LP Scheduled
2026-05-03,A,3613,1325221516098HRHT0,2026-05-03 07:00:00,2026-05-03 15:00:00,60,16.0,0,LP Scheduled
2026-05-03,B,3613,1325221516098HRHT0,2026-05-03 15:00:00,2026-05-03 23:00:00,60,16.0,0,LP Scheduled
2026-05-03,C,3613,1325221516098HRHT0,2026-05-03 23:00:00,2026-05-04 07:00:00,60,16.0,0,LP Scheduled
2026-05-04,A,3613,1325221516098HRHT0,2026-05-04 07:00:00,2026-05-04 15:00:00,60,16.0,0,LP Scheduled
2026-05-04,B,3613,1325221516098HRHT0,2026-05-04 15:00:00,2026-05-04 23:00:00,60,16.0,0,LP Scheduled
2026-05-04,C,3613,1325221516098HRHT0,2026-05-04 23:00:00,2026-05-05 07:00:00,60,16.0,0,LP Scheduled
2026-05-05,A,3613,1325221516098HRHT0,2026-05-05 07:00:00,2026-05-05 15:00:00,60,16.0,0,LP Scheduled
2026-05-05,B,3613,1325221516098HRHT0,2026-05-05 15:00:00,2026-05-05 23:00:00,60,16.0,0,LP Scheduled
2026-05-05,C,3613,1325221516098HRHT0,2026-05-05 23:00:00,2026-05-06 07:00:00,60,16.0,0,LP Scheduled
2026-05-06,A,3613,1325221516098HRHT0,2026-05-06 07:00:00,2026-05-06 15:00:00,60,16.0,0,LP Scheduled
2026-05-06,B,3613,1325221516098HRHT0,2026-05-06 15:00:00,2026-05-06 23:00:00,60,16.0,0,LP Scheduled
2026-05-06,C,3613,1325221516098HRHT0,2026-05-06 23:00:00,2026-05-07 07:00:00,60,16.0,0,LP Scheduled
2026-05-07,A,3613,1325221516098HRHT0,2026-05-07 07:00:00,2026-05-07 15:00:00,60,16.0,0,LP Scheduled
2026-05-07,B,3613,1325221516098HRHT0,2026-05-07 15:00:00,2026-05-07 23:00:00,60,16.0,0,LP Scheduled
2026-05-07,C,3613,1325221516098HRHT0,2026-05-07 23:00:00,2026-05-08 07:00:00,60,16.0,0,LP Scheduled
2026-05-08,A,3613,1325221516098HRHT0,2026-05-08 07:00:00,2026-05-08 15:00:00,60,16.0,0,LP Scheduled
2026-05-08,B,3613,1325221516098HRHT0,2026-05-08 15:00:00,2026-05-08 23:00:00,60,16.0,0,LP Scheduled
2026-05-08,C,3613,1325221516098HRHT0,2026-05-08 23:00:00,2026-05-09 01:32:00,20,16.0,0,LP Scheduled
2026-05-03,A,4505,CHANGEOVER,2026-05-03 14:06:00,2026-05-03 20:06:00,0,0.0,0,C/O from 1325215813079TUNE5 to 1D25219Z14008SXC10
2026-05-03,B,4505,1D25219Z14008SXC10,2026-05-03 20:06:00,2026-05-03 23:00:00,16,21.0,0,LP Scheduled
2026-05-03,C,4505,1D25219Z14008SXC10,2026-05-03 23:00:00,2026-05-04 00:39:00,10,21.0,0,LP Scheduled
2026-04-30,B,4509,CHANGEOVER,2026-04-30 19:18:00,2026-05-01 01:18:00,0,0.0,0,C/O from 1325222318098HRHE0 to 1325223317103YLEV0
2026-05-01,C,4509,1325223317103YLEV0,2026-05-01 01:18:00,2026-05-01 07:00:00,32,21.0,0,LP Scheduled
2026-05-01,A,4509,1325223317103YLEV0,2026-05-01 07:00:00,2026-05-01 15:00:00,44,21.0,0,LP Scheduled
2026-05-01,B,4509,1325223317103YLEV0,2026-05-01 15:00:00,2026-05-01 23:00:00,44,21.0,0,LP Scheduled
2026-05-01,C,4509,1325223317103YLEV0,2026-05-01 23:00:00,2026-05-02 07:00:00,44,21.0,0,LP Scheduled
2026-05-02,A,4509,1325223317103YLEV0,2026-05-02 07:00:00,2026-05-02 15:00:00,44,21.0,0,LP Scheduled
2026-05-02,B,4509,1325223317103YLEV0,2026-05-02 15:00:00,2026-05-02 23:00:00,44,21.0,0,LP Scheduled
2026-05-02,C,4509,1325223317103YLEV0,2026-05-02 23:00:00,2026-05-03 07:00:00,44,21.0,0,LP Scheduled
2026-05-03,A,4509,1325223317103YLEV0,2026-05-03 07:00:00,2026-05-03 15:00:00,44,21.0,0,LP Scheduled
2026-05-03,B,4509,1325223317103YLEV0,2026-05-03 15:00:00,2026-05-03 23:00:00,44,21.0,0,LP Scheduled
2026-05-03,C,4509,1325223317103YLEV0,2026-05-03 23:00:00,2026-05-04 07:00:00,44,21.0,0,LP Scheduled
2026-05-04,A,4509,1325223317103YLEV0,2026-05-04 07:00:00,2026-05-04 15:00:00,44,21.0,0,LP Scheduled
2026-05-04,B,4509,1325223317103YLEV0,2026-05-04 15:00:00,2026-05-04 23:00:00,44,21.0,0,LP Scheduled
2026-05-04,C,4509,1325223317103YLEV0,2026-05-04 23:00:00,2026-05-05 07:00:00,44,21.0,0,LP Scheduled
2026-05-05,A,4509,1325223317103YLEV0,2026-05-05 07:00:00,2026-05-05 15:00:00,44,21.0,0,LP Scheduled
2026-05-05,B,4509,1325223317103YLEV0,2026-05-05 15:00:00,2026-05-05 15:33:00,26,21.0,0,LP Scheduled
2026-04-30,C,4510,CHANGEOVER,2026-04-30 23:00:00,2026-05-01 05:00:00,0,0.0,0,C/O from 1D25215013008SXC10 to 1325223517104TRXT0
2026-05-01,C,4510,1325223517104TRXT0,2026-05-01 05:00:00,2026-05-01 07:00:00,12,20.0,0,LP Scheduled
2026-05-01,A,4510,1325223517104TRXT0,2026-05-01 07:00:00,2026-05-01 15:00:00,48,20.0,0,LP Scheduled
2026-05-01,B,4510,1325223517104TRXT0,2026-05-01 15:00:00,2026-05-01 23:00:00,48,20.0,0,LP Scheduled
2026-05-01,C,4510,1325223517104TRXT0,2026-05-01 23:00:00,2026-05-02 07:00:00,48,20.0,0,LP Scheduled
2026-05-02,A,4510,1325223517104TRXT0,2026-05-02 07:00:00,2026-05-02 15:00:00,48,20.0,0,LP Scheduled
2026-05-02,B,4510,1325223517104TRXT0,2026-05-02 15:00:00,2026-05-02 23:00:00,48,20.0,0,LP Scheduled
2026-05-02,C,4510,1325223517104TRXT0,2026-05-02 23:00:00,2026-05-03 07:00:00,48,20.0,0,LP Scheduled
2026-05-03,A,4510,1325223517104TRXT0,2026-05-03 07:00:00,2026-05-03 15:00:00,48,20.0,0,LP Scheduled
2026-05-03,B,4510,1325223517104TRXT0,2026-05-03 15:00:00,2026-05-03 23:00:00,48,20.0,0,LP Scheduled
2026-05-03,C,4510,1325223517104TRXT0,2026-05-03 23:00:00,2026-05-04 07:00:00,48,20.0,0,LP Scheduled
2026-05-04,A,4510,1325223517104TRXT0,2026-05-04 07:00:00,2026-05-04 15:00:00,48,20.0,0,LP Scheduled
2026-05-04,B,4510,1325223517104TRXT0,2026-05-04 15:00:00,2026-05-04 23:00:00,48,20.0,0,LP Scheduled
2026-05-04,C,4510,1325223517104TRXT0,2026-05-04 23:00:00,2026-05-05 07:00:00,48,20.0,0,LP Scheduled
2026-05-05,A,4510,1325223517104TRXT0,2026-05-05 07:00:00,2026-05-05 15:00:00,48,20.0,0,LP Scheduled
2026-05-05,B,4510,1325223517104TRXT0,2026-05-05 15:00:00,2026-05-05 23:00:00,48,20.0,0,LP Scheduled
2026-05-05,C,4510,1325223517104TRXT0,2026-05-05 23:00:00,2026-05-06 07:00:00,48,20.0,0,LP Scheduled
2026-05-06,A,4510,1325223517104TRXT0,2026-05-06 07:00:00,2026-05-06 15:00:00,48,20.0,0,LP Scheduled
2026-05-06,B,4510,1325223517104TRXT0,2026-05-06 15:00:00,2026-05-06 23:00:00,48,20.0,0,LP Scheduled
2026-05-06,C,4510,1325223517104TRXT0,2026-05-06 23:00:00,2026-05-07 07:00:00,48,20.0,0,LP Scheduled
2026-05-07,A,4510,1325223517104TRXT0,2026-05-07 07:00:00,2026-05-07 15:00:00,48,20.0,0,LP Scheduled
2026-05-07,B,4510,1325223517104TRXT0,2026-05-07 15:00:00,2026-05-07 23:00:00,48,20.0,0,LP Scheduled
2026-05-07,C,4510,1325223517104TRXT0,2026-05-07 23:00:00,2026-05-08 07:00:00,48,20.0,0,LP Scheduled
2026-05-08,A,4510,1325223517104TRXT0,2026-05-08 07:00:00,2026-05-08 15:00:00,48,20.0,0,LP Scheduled
2026-05-08,B,4510,1325223517104TRXT0,2026-05-08 15:00:00,2026-05-08 23:00:00,48,20.0,0,LP Scheduled
2026-05-08,C,4510,1325223517104TRXT0,2026-05-08 23:00:00,2026-05-09 07:00:00,48,20.0,0,LP Scheduled
2026-05-09,A,4510,1325223517104TRXT0,2026-05-09 07:00:00,2026-05-09 15:00:00,48,20.0,0,LP Scheduled
2026-05-09,B,4510,1325223517104TRXT0,2026-05-09 15:00:00,2026-05-09 23:00:00,48,20.0,0,LP Scheduled
2026-05-09,C,4510,1325223517104TRXT0,2026-05-09 23:00:00,2026-05-10 07:00:00,48,20.0,0,LP Scheduled
2026-05-10,A,4510,1325223517104TRXT0,2026-05-10 07:00:00,2026-05-10 15:00:00,48,20.0,0,LP Scheduled
2026-05-10,B,4510,1325223517104TRXT0,2026-05-10 15:00:00,2026-05-10 23:00:00,48,20.0,0,LP Scheduled
2026-05-10,C,4510,1325223517104TRXT0,2026-05-10 23:00:00,2026-05-11 07:00:00,48,20.0,0,LP Scheduled
2026-05-11,A,4510,1325223517104TRXT0,2026-05-11 07:00:00,2026-05-11 15:00:00,48,20.0,0,LP Scheduled
2026-05-11,B,4510,1325223517104TRXT0,2026-05-11 15:00:00,2026-05-11 23:00:00,48,20.0,0,LP Scheduled
2026-05-11,C,4510,1325223517104TRXT0,2026-05-11 23:00:00,2026-05-12 04:20:00,32,20.0,0,LP Scheduled
2026-05-01,C,4513,CHANGEOVER,2026-05-01 02:46:00,2026-05-01 08:46:00,0,0.0,0,C/O from 1325225518111HRAT0 to 1325224716111SELS0
2026-05-01,A,4513,1325224716111SELS0,2026-05-01 08:46:00,2026-05-01 15:00:00,38,19.0,0,LP Scheduled
2026-05-01,B,4513,1325224716111SELS0,2026-05-01 15:00:00,2026-05-01 23:00:00,50,19.0,0,LP Scheduled
2026-05-01,C,4513,1325224716111SELS0,2026-05-01 23:00:00,2026-05-02 07:00:00,50,19.0,0,LP Scheduled
2026-05-02,A,4513,1325224716111SELS0,2026-05-02 07:00:00,2026-05-02 15:00:00,50,19.0,0,LP Scheduled
2026-05-02,B,4513,1325224716111SELS0,2026-05-02 15:00:00,2026-05-02 23:00:00,50,19.0,0,LP Scheduled
2026-05-02,C,4513,1325224716111SELS0,2026-05-02 23:00:00,2026-05-03 07:00:00,50,19.0,0,LP Scheduled
2026-05-03,A,4513,1325224716111SELS0,2026-05-03 07:00:00,2026-05-03 15:00:00,50,19.0,0,LP Scheduled
2026-05-03,B,4513,1325224716111SELS0,2026-05-03 15:00:00,2026-05-03 23:00:00,50,19.0,0,LP Scheduled
2026-05-03,C,4513,1325224716111SELS0,2026-05-03 23:00:00,2026-05-04 07:00:00,50,19.0,0,LP Scheduled
2026-05-04,A,4513,1325224716111SELS0,2026-05-04 07:00:00,2026-05-04 15:00:00,50,19.0,0,LP Scheduled
2026-05-04,B,4513,1325224716111SELS0,2026-05-04 15:00:00,2026-05-04 23:00:00,50,19.0,0,LP Scheduled
2026-05-04,C,4513,1325224716111SELS0,2026-05-04 23:00:00,2026-05-05 07:00:00,50,19.0,0,LP Scheduled
2026-05-05,A,4513,1325224716111SELS0,2026-05-05 07:00:00,2026-05-05 15:00:00,50,19.0,0,LP Scheduled
2026-05-05,B,4513,1325224716111SELS0,2026-05-05 15:00:00,2026-05-05 23:00:00,50,19.0,0,LP Scheduled
2026-05-05,C,4513,1325224716111SELS0,2026-05-05 23:00:00,2026-05-06 07:00:00,50,19.0,0,LP Scheduled
2026-05-06,A,4513,1325224716111SELS0,2026-05-06 07:00:00,2026-05-06 15:00:00,50,19.0,0,LP Scheduled
2026-05-06,B,4513,1325224716111SELS0,2026-05-06 15:00:00,2026-05-06 23:00:00,50,19.0,0,LP Scheduled
2026-05-06,C,4513,1325224716111SELS0,2026-05-06 23:00:00,2026-05-07 07:00:00,50,19.0,0,LP Scheduled
2026-05-07,A,4513,1325224716111SELS0,2026-05-07 07:00:00,2026-05-07 15:00:00,50,19.0,0,LP Scheduled
2026-05-07,B,4513,1325224716111SELS0,2026-05-07 15:00:00,2026-05-07 23:00:00,50,19.0,0,LP Scheduled
2026-05-07,C,4513,1325224716111SELS0,2026-05-07 23:00:00,2026-05-08 07:00:00,50,19.0,0,LP Scheduled
2026-05-08,A,4513,1325224716111SELS0,2026-05-08 07:00:00,2026-05-08 15:00:00,50,19.0,0,LP Scheduled
2026-05-08,B,4513,1325224716111SELS0,2026-05-08 15:00:00,2026-05-08 23:00:00,50,19.0,0,LP Scheduled
2026-05-08,C,4513,1325224716111SELS0,2026-05-08 23:00:00,2026-05-09 07:00:00,50,19.0,0,LP Scheduled
2026-05-09,A,4513,1325224716111SELS0,2026-05-09 07:00:00,2026-05-09 15:00:00,50,19.0,0,LP Scheduled
2026-05-09,B,4513,1325224716111SELS0,2026-05-09 15:00:00,2026-05-09 23:00:00,50,19.0,0,LP Scheduled
2026-05-09,C,4513,1325224716111SELS0,2026-05-09 23:00:00,2026-05-10 07:00:00,50,19.0,0,LP Scheduled
2026-05-10,A,4513,1325224716111SELS0,2026-05-10 07:00:00,2026-05-10 15:00:00,50,19.0,0,LP Scheduled
2026-05-10,B,4513,1325224716111SELS0,2026-05-10 15:00:00,2026-05-10 23:00:00,50,19.0,0,LP Scheduled
2026-05-10,C,4513,1325224716111SELS0,2026-05-10 23:00:00,2026-05-11 07:00:00,50,19.0,0,LP Scheduled
2026-05-11,A,4513,1325224716111SELS0,2026-05-11 07:00:00,2026-05-11 15:00:00,50,19.0,0,LP Scheduled
2026-05-11,B,4513,1325224716111SELS0,2026-05-11 15:00:00,2026-05-11 23:00:00,50,19.0,0,LP Scheduled
2026-05-11,C,4513,1325224716111SELS0,2026-05-11 23:00:00,2026-05-12 07:00:00,50,19.0,0,LP Scheduled
2026-05-12,A,4513,1325224716111SELS0,2026-05-12 07:00:00,2026-05-12 15:00:00,50,19.0,0,LP Scheduled
2026-05-12,B,4513,1325224716111SELS0,2026-05-12 15:00:00,2026-05-12 23:00:00,50,19.0,0,LP Scheduled
2026-05-12,C,4513,1325224716111SELS0,2026-05-12 23:00:00,2026-05-13 07:00:00,50,19.0,0,LP Scheduled
2026-05-13,A,4513,1325224716111SELS0,2026-05-13 07:00:00,2026-05-13 15:00:00,50,19.0,0,LP Scheduled
2026-05-13,B,4513,1325224716111SELS0,2026-05-13 15:00:00,2026-05-13 23:00:00,50,19.0,0,LP Scheduled
2026-05-13,C,4513,1325224716111SELS0,2026-05-13 23:00:00,2026-05-14 07:00:00,50,19.0,0,LP Scheduled
2026-05-14,A,4513,1325224716111SELS0,2026-05-14 07:00:00,2026-05-14 15:00:00,50,19.0,0,LP Scheduled
2026-05-14,B,4513,1325224716111SELS0,2026-05-14 15:00:00,2026-05-14 23:00:00,50,19.0,0,LP Scheduled
2026-05-14,C,4513,1325224716111SELS0,2026-05-14 23:00:00,2026-05-15 07:00:00,50,19.0,0,LP Scheduled
2026-05-15,A,4513,1325224716111SELS0,2026-05-15 07:00:00,2026-05-15 15:00:00,50,19.0,0,LP Scheduled
2026-05-15,B,4513,1325224716111SELS0,2026-05-15 15:00:00,2026-05-15 23:00:00,50,19.0,0,LP Scheduled
2026-05-15,C,4513,1325224716111SELS0,2026-05-15 23:00:00,2026-05-16 07:00:00,50,19.0,0,LP Scheduled
2026-05-16,A,4513,1325224716111SELS0,2026-05-16 07:00:00,2026-05-16 15:00:00,50,19.0,0,LP Scheduled
2026-05-16,B,4513,1325224716111SELS0,2026-05-16 15:00:00,2026-05-16 23:00:00,50,19.0,0,LP Scheduled
2026-05-16,C,4513,1325224716111SELS0,2026-05-16 23:00:00,2026-05-17 07:00:00,50,19.0,0,LP Scheduled
2026-05-17,A,4513,1325224716111SELS0,2026-05-17 07:00:00,2026-05-17 15:00:00,50,19.0,0,LP Scheduled
2026-05-17,B,4513,1325224716111SELS0,2026-05-17 15:00:00,2026-05-17 19:01:00,52,19.0,0,LP Scheduled
2026-05-01,A,4514,CHANGEOVER,2026-05-01 07:00:00,2026-05-01 13:00:00,0,0.0,0,C/O from 1D25215013008SXC10 to 1325223616109SELZ0
2026-05-01,A,4514,1325223616109SELZ0,2026-05-01 13:00:00,2026-05-01 15:00:00,10,23.0,0,LP Scheduled
2026-05-01,B,4514,1325223616109SELZ0,2026-05-01 15:00:00,2026-05-01 23:00:00,40,23.0,0,LP Scheduled
2026-05-01,C,4514,1325223616109SELZ0,2026-05-01 23:00:00,2026-05-02 07:00:00,40,23.0,0,LP Scheduled
2026-05-02,A,4514,1325223616109SELZ0,2026-05-02 07:00:00,2026-05-02 15:00:00,40,23.0,0,LP Scheduled
2026-05-02,B,4514,1325223616109SELZ0,2026-05-02 15:00:00,2026-05-02 23:00:00,40,23.0,0,LP Scheduled
2026-05-02,C,4514,1325223616109SELZ0,2026-05-02 23:00:00,2026-05-03 07:00:00,40,23.0,0,LP Scheduled
2026-05-03,A,4514,1325223616109SELZ0,2026-05-03 07:00:00,2026-05-03 15:00:00,40,23.0,0,LP Scheduled
2026-05-03,B,4514,1325223616109SELZ0,2026-05-03 15:00:00,2026-05-03 23:00:00,40,23.0,0,LP Scheduled
2026-05-03,C,4514,1325223616109SELZ0,2026-05-03 23:00:00,2026-05-04 07:00:00,40,23.0,0,LP Scheduled
2026-05-04,A,4514,1325223616109SELZ0,2026-05-04 07:00:00,2026-05-04 15:00:00,40,23.0,0,LP Scheduled
2026-05-04,B,4514,1325223616109SELZ0,2026-05-04 15:00:00,2026-05-04 23:00:00,40,23.0,0,LP Scheduled
2026-05-04,C,4514,1325223616109SELZ0,2026-05-04 23:00:00,2026-05-05 07:00:00,40,23.0,0,LP Scheduled
2026-05-05,A,4514,1325223616109SELZ0,2026-05-05 07:00:00,2026-05-05 15:00:00,40,23.0,0,LP Scheduled
2026-05-05,B,4514,1325223616109SELZ0,2026-05-05 15:00:00,2026-05-05 23:00:00,40,23.0,0,LP Scheduled
2026-05-05,C,4514,1325223616109SELZ0,2026-05-05 23:00:00,2026-05-06 07:00:00,40,23.0,0,LP Scheduled
2026-05-06,A,4514,1325223616109SELZ0,2026-05-06 07:00:00,2026-05-06 15:00:00,40,23.0,0,LP Scheduled
2026-05-06,B,4514,1325223616109SELZ0,2026-05-06 15:00:00,2026-05-06 23:00:00,40,23.0,0,LP Scheduled
2026-05-06,C,4514,1325223616109SELZ0,2026-05-06 23:00:00,2026-05-07 07:00:00,40,23.0,0,LP Scheduled
2026-05-07,A,4514,1325223616109SELZ0,2026-05-07 07:00:00,2026-05-07 15:00:00,40,23.0,0,LP Scheduled
2026-05-07,B,4514,1325223616109SELZ0,2026-05-07 15:00:00,2026-05-07 23:00:00,40,23.0,0,LP Scheduled
2026-05-07,C,4514,1325223616109SELZ0,2026-05-07 23:00:00,2026-05-08 07:00:00,40,23.0,0,LP Scheduled
2026-05-08,A,4514,1325223616109SELZ0,2026-05-08 07:00:00,2026-05-08 15:00:00,40,23.0,0,LP Scheduled
2026-05-08,B,4514,1325223616109SELZ0,2026-05-08 15:00:00,2026-05-08 23:00:00,40,23.0,0,LP Scheduled
2026-05-08,C,4514,1325223616109SELZ0,2026-05-08 23:00:00,2026-05-09 07:00:00,40,23.0,0,LP Scheduled
2026-05-09,A,4514,1325223616109SELZ0,2026-05-09 07:00:00,2026-05-09 15:00:00,40,23.0,0,LP Scheduled
2026-05-09,B,4514,1325223616109SELZ0,2026-05-09 15:00:00,2026-05-09 23:00:00,40,23.0,0,LP Scheduled
2026-05-09,C,4514,1325223616109SELZ0,2026-05-09 23:00:00,2026-05-10 07:00:00,40,23.0,0,LP Scheduled
2026-05-10,A,4514,1325223616109SELZ0,2026-05-10 07:00:00,2026-05-10 15:00:00,40,23.0,0,LP Scheduled
2026-05-10,B,4514,1325223616109SELZ0,2026-05-10 15:00:00,2026-05-10 23:00:00,40,23.0,0,LP Scheduled
2026-05-10,C,4514,1325223616109SELZ0,2026-05-10 23:00:00,2026-05-11 01:28:00,62,23.0,0,LP Scheduled
2026-05-01,C,4515,CHANGEOVER,2026-05-01 02:27:00,2026-05-01 08:27:00,0,0.0,0,C/O from 1325225518111HRAT0 to 1325223616105TRAT0
2026-05-01,A,4515,1325223616105TRAT0,2026-05-01 08:27:00,2026-05-01 15:00:00,38,20.0,0,LP Scheduled
2026-05-01,B,4515,1325223616105TRAT0,2026-05-01 15:00:00,2026-05-01 23:00:00,48,20.0,0,LP Scheduled
2026-05-01,C,4515,1325223616105TRAT0,2026-05-01 23:00:00,2026-05-02 07:00:00,48,20.0,0,LP Scheduled
2026-05-02,A,4515,1325223616105TRAT0,2026-05-02 07:00:00,2026-05-02 15:00:00,48,20.0,0,LP Scheduled
2026-05-02,B,4515,1325223616105TRAT0,2026-05-02 15:00:00,2026-05-02 23:00:00,48,20.0,0,LP Scheduled
2026-05-02,C,4515,1325223616105TRAT0,2026-05-02 23:00:00,2026-05-03 07:00:00,48,20.0,0,LP Scheduled
2026-05-03,A,4515,1325223616105TRAT0,2026-05-03 07:00:00,2026-05-03 15:00:00,48,20.0,0,LP Scheduled
2026-05-03,B,4515,1325223616105TRAT0,2026-05-03 15:00:00,2026-05-03 23:00:00,48,20.0,0,LP Scheduled
2026-05-03,C,4515,1325223616105TRAT0,2026-05-03 23:00:00,2026-05-04 07:00:00,48,20.0,0,LP Scheduled
2026-05-04,A,4515,1325223616105TRAT0,2026-05-04 07:00:00,2026-05-04 15:00:00,48,20.0,0,LP Scheduled
2026-05-04,B,4515,1325223616105TRAT0,2026-05-04 15:00:00,2026-05-04 23:00:00,48,20.0,0,LP Scheduled
2026-05-04,C,4515,1325223616105TRAT0,2026-05-04 23:00:00,2026-05-05 07:00:00,48,20.0,0,LP Scheduled
2026-05-05,A,4515,1325223616105TRAT0,2026-05-05 07:00:00,2026-05-05 15:00:00,48,20.0,0,LP Scheduled
2026-05-05,B,4515,1325223616105TRAT0,2026-05-05 15:00:00,2026-05-05 23:00:00,48,20.0,0,LP Scheduled
2026-05-05,C,4515,1325223616105TRAT0,2026-05-05 23:00:00,2026-05-06 07:00:00,48,20.0,0,LP Scheduled
2026-05-06,A,4515,1325223616105TRAT0,2026-05-06 07:00:00,2026-05-06 15:00:00,48,20.0,0,LP Scheduled
2026-05-06,B,4515,1325223616105TRAT0,2026-05-06 15:00:00,2026-05-06 23:00:00,48,20.0,0,LP Scheduled
2026-05-06,C,4515,1325223616105TRAT0,2026-05-06 23:00:00,2026-05-07 07:00:00,48,20.0,0,LP Scheduled
2026-05-07,A,4515,1325223616105TRAT0,2026-05-07 07:00:00,2026-05-07 15:00:00,48,20.0,0,LP Scheduled
2026-05-07,B,4515,1325223616105TRAT0,2026-05-07 15:00:00,2026-05-07 23:00:00,48,20.0,0,LP Scheduled
2026-05-07,C,4515,1325223616105TRAT0,2026-05-07 23:00:00,2026-05-08 07:00:00,48,20.0,0,LP Scheduled
2026-05-08,A,4515,1325223616105TRAT0,2026-05-08 07:00:00,2026-05-08 15:00:00,48,20.0,0,LP Scheduled
2026-05-08,B,4515,1325223616105TRAT0,2026-05-08 15:00:00,2026-05-08 23:00:00,48,20.0,0,LP Scheduled
2026-05-08,C,4515,1325223616105TRAT0,2026-05-08 23:00:00,2026-05-09 07:00:00,48,20.0,0,LP Scheduled
2026-05-09,A,4515,1325223616105TRAT0,2026-05-09 07:00:00,2026-05-09 15:00:00,48,20.0,0,LP Scheduled
2026-05-09,B,4515,1325223616105TRAT0,2026-05-09 15:00:00,2026-05-09 23:00:00,48,20.0,0,LP Scheduled
2026-05-09,C,4515,1325223616105TRAT0,2026-05-09 23:00:00,2026-05-10 07:00:00,48,20.0,0,LP Scheduled
2026-05-10,A,4515,1325223616105TRAT0,2026-05-10 07:00:00,2026-05-10 15:00:00,48,20.0,0,LP Scheduled
2026-05-10,B,4515,1325223616105TRAT0,2026-05-10 15:00:00,2026-05-10 23:00:00,48,20.0,0,LP Scheduled
2026-05-10,C,4515,1325223616105TRAT0,2026-05-10 23:00:00,2026-05-11 07:00:00,48,20.0,0,LP Scheduled
2026-05-11,A,4515,1325223616105TRAT0,2026-05-11 07:00:00,2026-05-11 15:00:00,48,20.0,0,LP Scheduled
2026-05-11,B,4515,1325223616105TRAT0,2026-05-11 15:00:00,2026-05-11 23:00:00,48,20.0,0,LP Scheduled
2026-05-11,C,4515,1325223616105TRAT0,2026-05-11 23:00:00,2026-05-12 07:00:00,48,20.0,0,LP Scheduled
2026-05-12,A,4515,1325223616105TRAT0,2026-05-12 07:00:00,2026-05-12 15:00:00,48,20.0,0,LP Scheduled
2026-05-12,B,4515,1325223616105TRAT0,2026-05-12 15:00:00,2026-05-12 23:00:00,48,20.0,0,LP Scheduled
2026-05-12,C,4515,1325223616105TRAT0,2026-05-12 23:00:00,2026-05-13 07:00:00,48,20.0,0,LP Scheduled
2026-05-13,A,4515,1325223616105TRAT0,2026-05-13 07:00:00,2026-05-13 15:00:00,48,20.0,0,LP Scheduled
2026-05-13,B,4515,1325223616105TRAT0,2026-05-13 15:00:00,2026-05-13 23:00:00,48,20.0,0,LP Scheduled
2026-05-13,C,4515,1325223616105TRAT0,2026-05-13 23:00:00,2026-05-14 07:00:00,48,20.0,0,LP Scheduled
2026-05-14,A,4515,1325223616105TRAT0,2026-05-14 07:00:00,2026-05-14 15:00:00,48,20.0,0,LP Scheduled
2026-05-14,B,4515,1325223616105TRAT0,2026-05-14 15:00:00,2026-05-14 23:00:00,48,20.0,0,LP Scheduled
2026-05-14,C,4515,1325223616105TRAT0,2026-05-14 23:00:00,2026-05-15 07:00:00,48,20.0,0,LP Scheduled
2026-05-15,A,4515,1325223616105TRAT0,2026-05-15 07:00:00,2026-05-15 15:00:00,48,20.0,0,LP Scheduled
2026-05-15,B,4515,1325223616105TRAT0,2026-05-15 15:00:00,2026-05-15 23:00:00,48,20.0,0,LP Scheduled
2026-05-15,C,4515,1325223616105TRAT0,2026-05-15 23:00:00,2026-05-16 07:00:00,48,20.0,0,LP Scheduled
2026-05-16,A,4515,1325223616105TRAT0,2026-05-16 07:00:00,2026-05-16 15:00:00,48,20.0,0,LP Scheduled
2026-05-16,B,4515,1325223616105TRAT0,2026-05-16 15:00:00,2026-05-16 23:00:00,48,20.0,0,LP Scheduled
2026-05-16,C,4515,1325223616105TRAT0,2026-05-16 23:00:00,2026-05-17 07:00:00,48,20.0,0,LP Scheduled
2026-05-17,A,4515,1325223616105TRAT0,2026-05-17 07:00:00,2026-05-17 15:00:00,48,20.0,0,LP Scheduled
2026-05-17,B,4515,1325223616105TRAT0,2026-05-17 15:00:00,2026-05-17 23:00:00,48,20.0,0,LP Scheduled
2026-05-17,C,4515,1325223616105TRAT0,2026-05-17 23:00:00,2026-05-18 07:00:00,48,20.0,0,LP Scheduled
2026-05-18,A,4515,1325223616105TRAT0,2026-05-18 07:00:00,2026-05-18 15:00:00,48,20.0,0,LP Scheduled
2026-05-18,B,4515,1325223616105TRAT0,2026-05-18 15:00:00,2026-05-18 23:00:00,48,20.0,0,LP Scheduled
2026-05-18,C,4515,1325223616105TRAT0,2026-05-18 23:00:00,2026-05-19 07:00:00,48,20.0,0,LP Scheduled
2026-05-19,A,4515,1325223616105TRAT0,2026-05-19 07:00:00,2026-05-19 15:00:00,48,20.0,0,LP Scheduled
2026-05-19,B,4515,1325223616105TRAT0,2026-05-19 15:00:00,2026-05-19 23:00:00,48,20.0,0,LP Scheduled
2026-05-19,C,4515,1325223616105TRAT0,2026-05-19 23:00:00,2026-05-20 07:00:00,48,20.0,0,LP Scheduled
2026-05-20,A,4515,1325223616105TRAT0,2026-05-20 07:00:00,2026-05-20 15:00:00,48,20.0,0,LP Scheduled
2026-05-20,B,4515,1325223616105TRAT0,2026-05-20 15:00:00,2026-05-20 23:00:00,48,20.0,0,LP Scheduled
2026-05-20,C,4515,1325223616105TRAT0,2026-05-20 23:00:00,2026-05-21 07:00:00,48,20.0,0,LP Scheduled
2026-05-21,A,4515,1325223616105TRAT0,2026-05-21 07:00:00,2026-05-21 15:00:00,48,20.0,0,LP Scheduled
2026-05-21,B,4515,1325223616105TRAT0,2026-05-21 15:00:00,2026-05-21 23:00:00,48,20.0,0,LP Scheduled
2026-05-21,C,4515,1325223616105TRAT0,2026-05-21 23:00:00,2026-05-22 07:00:00,48,20.0,0,LP Scheduled
2026-05-22,A,4515,1325223616105TRAT0,2026-05-22 07:00:00,2026-05-22 15:00:00,48,20.0,0,LP Scheduled
2026-05-22,B,4515,1325223616105TRAT0,2026-05-22 15:00:00,2026-05-22 23:00:00,48,20.0,0,LP Scheduled
2026-05-22,C,4515,1325223616105TRAT0,2026-05-22 23:00:00,2026-05-23 07:00:00,48,20.0,0,LP Scheduled
2026-05-23,A,4515,1325223616105TRAT0,2026-05-23 07:00:00,2026-05-23 15:00:00,48,20.0,0,LP Scheduled
2026-05-23,B,4515,1325223616105TRAT0,2026-05-23 15:00:00,2026-05-23 23:00:00,48,20.0,0,LP Scheduled
2026-05-23,C,4515,1325223616105TRAT0,2026-05-23 23:00:00,2026-05-24 07:00:00,48,20.0,0,LP Scheduled
2026-05-24,A,4515,1325223616105TRAT0,2026-05-24 07:00:00,2026-05-24 15:00:00,48,20.0,0,LP Scheduled
2026-05-24,B,4515,1325223616105TRAT0,2026-05-24 15:00:00,2026-05-24 23:00:00,48,20.0,0,LP Scheduled
2026-05-24,C,4515,1325223616105TRAT0,2026-05-24 23:00:00,2026-05-25 07:00:00,48,20.0,0,LP Scheduled
2026-05-25,A,4515,1325223616105TRAT0,2026-05-25 07:00:00,2026-05-25 15:00:00,48,20.0,0,LP Scheduled
2026-05-25,B,4515,1325223616105TRAT0,2026-05-25 15:00:00,2026-05-25 23:00:00,48,20.0,0,LP Scheduled
2026-05-25,C,4515,1325223616105TRAT0,2026-05-25 23:00:00,2026-05-25 23:07:00,2,20.0,0,LP Scheduled
2026-04-30,B,4602,CHANGEOVER,2026-04-30 19:18:00,2026-05-01 01:18:00,0,0.0,0,C/O from 1325225518111HRHB0 to 1325214812074TTMX0
2026-05-01,C,4602,1325214812074TTMX0,2026-05-01 01:18:00,2026-05-01 03:42:00,18,16.0,0,LP Scheduled
2026-04-29,B,4801,CHANGEOVER,2026-04-29 15:37:00,2026-04-29 21:37:00,0,0.0,0,C/O from 1325225518111HRAT1 to 1325221715100SRAT0
2026-04-29,B,4801,1325221715100SRAT0,2026-04-29 21:37:00,2026-04-29 23:00:00,8,19.0,0,LP Scheduled
2026-04-29,C,4801,1325221715100SRAT0,2026-04-29 23:00:00,2026-04-30 07:00:00,50,19.0,0,LP Scheduled
2026-04-30,A,4801,1325221715100SRAT0,2026-04-30 07:00:00,2026-04-30 15:00:00,50,19.0,0,LP Scheduled
2026-04-30,B,4801,1325221715100SRAT0,2026-04-30 15:00:00,2026-04-30 23:00:00,50,19.0,0,LP Scheduled
2026-04-30,C,4801,1325221715100SRAT0,2026-04-30 23:00:00,2026-05-01 07:00:00,50,19.0,0,LP Scheduled
2026-05-01,A,4801,1325221715100SRAT0,2026-05-01 07:00:00,2026-05-01 15:00:00,50,19.0,0,LP Scheduled
2026-05-01,B,4801,1325221715100SRAT0,2026-05-01 15:00:00,2026-05-01 23:00:00,50,19.0,0,LP Scheduled
2026-05-01,C,4801,1325221715100SRAT0,2026-05-01 23:00:00,2026-05-02 07:00:00,50,19.0,0,LP Scheduled
2026-05-02,A,4801,1325221715100SRAT0,2026-05-02 07:00:00,2026-05-02 15:00:00,50,19.0,0,LP Scheduled
2026-05-02,B,4801,1325221715100SRAT0,2026-05-02 15:00:00,2026-05-02 23:00:00,50,19.0,0,LP Scheduled
2026-05-02,C,4801,1325221715100SRAT0,2026-05-02 23:00:00,2026-05-03 07:00:00,50,19.0,0,LP Scheduled
2026-05-03,A,4801,1325221715100SRAT0,2026-05-03 07:00:00,2026-05-03 15:00:00,50,19.0,0,LP Scheduled
2026-05-03,B,4801,1325221715100SRAT0,2026-05-03 15:00:00,2026-05-03 23:00:00,50,19.0,0,LP Scheduled
2026-05-03,C,4801,1325221715100SRAT0,2026-05-03 23:00:00,2026-05-04 07:00:00,50,19.0,0,LP Scheduled
2026-05-04,A,4801,1325221715100SRAT0,2026-05-04 07:00:00,2026-05-04 15:00:00,50,19.0,0,LP Scheduled
2026-05-04,B,4801,1325221715100SRAT0,2026-05-04 15:00:00,2026-05-04 23:00:00,50,19.0,0,LP Scheduled
2026-05-04,C,4801,1325221715100SRAT0,2026-05-04 23:00:00,2026-05-05 07:00:00,50,19.0,0,LP Scheduled
2026-05-05,A,4801,1325221715100SRAT0,2026-05-05 07:00:00,2026-05-05 15:00:00,50,19.0,0,LP Scheduled
2026-05-05,B,4801,1325221715100SRAT0,2026-05-05 15:00:00,2026-05-05 23:00:00,50,19.0,0,LP Scheduled
2026-05-05,C,4801,1325221715100SRAT0,2026-05-05 23:00:00,2026-05-06 07:00:00,50,19.0,0,LP Scheduled
2026-05-06,A,4801,1325221715100SRAT0,2026-05-06 07:00:00,2026-05-06 15:00:00,50,19.0,0,LP Scheduled
2026-05-06,B,4801,1325221715100SRAT0,2026-05-06 15:00:00,2026-05-06 23:00:00,50,19.0,0,LP Scheduled
2026-05-06,C,4801,1325221715100SRAT0,2026-05-06 23:00:00,2026-05-07 07:00:00,50,19.0,0,LP Scheduled
2026-05-07,A,4801,1325221715100SRAT0,2026-05-07 07:00:00,2026-05-07 15:00:00,50,19.0,0,LP Scheduled
2026-05-07,B,4801,1325221715100SRAT0,2026-05-07 15:00:00,2026-05-07 23:00:00,50,19.0,0,LP Scheduled
2026-05-07,C,4801,1325221715100SRAT0,2026-05-07 23:00:00,2026-05-08 07:00:00,50,19.0,0,LP Scheduled
2026-05-08,A,4801,1325221715100SRAT0,2026-05-08 07:00:00,2026-05-08 15:00:00,50,19.0,0,LP Scheduled
2026-05-08,B,4801,1325221715100SRAT0,2026-05-08 15:00:00,2026-05-08 23:00:00,50,19.0,0,LP Scheduled
2026-05-08,C,4801,1325221715100SRAT0,2026-05-08 23:00:00,2026-05-09 07:00:00,50,19.0,0,LP Scheduled
2026-05-09,A,4801,1325221715100SRAT0,2026-05-09 07:00:00,2026-05-09 15:00:00,50,19.0,0,LP Scheduled
2026-05-09,B,4801,1325221715100SRAT0,2026-05-09 15:00:00,2026-05-09 23:00:00,50,19.0,0,LP Scheduled
2026-05-09,C,4801,1325221715100SRAT0,2026-05-09 23:00:00,2026-05-10 07:00:00,50,19.0,0,LP Scheduled
2026-05-10,A,4801,1325221715100SRAT0,2026-05-10 07:00:00,2026-05-10 15:00:00,50,19.0,0,LP Scheduled
2026-05-10,B,4801,1325221715100SRAT0,2026-05-10 15:00:00,2026-05-10 23:00:00,50,19.0,0,LP Scheduled
2026-05-10,C,4801,1325221715100SRAT0,2026-05-10 23:00:00,2026-05-11 07:00:00,50,19.0,0,LP Scheduled
2026-05-11,A,4801,1325221715100SRAT0,2026-05-11 07:00:00,2026-05-11 15:00:00,50,19.0,0,LP Scheduled
2026-05-11,B,4801,1325221715100SRAT0,2026-05-11 15:00:00,2026-05-11 23:00:00,50,19.0,0,LP Scheduled
2026-05-11,C,4801,1325221715100SRAT0,2026-05-11 23:00:00,2026-05-12 07:00:00,50,19.0,0,LP Scheduled
2026-05-12,A,4801,1325221715100SRAT0,2026-05-12 07:00:00,2026-05-12 08:52:00,32,19.0,0,LP Scheduled
2026-05-12,A,4801,CHANGEOVER,2026-05-12 08:52:00,2026-05-12 14:52:00,0,0.0,0,C/O from 1325221715100SRAT0 to 1325214813075SUHL0
2026-05-12,A,4801,1325214813075SUHL0,2026-05-12 14:52:00,2026-05-12 15:00:00,0,16.0,0,LP Scheduled
2026-05-12,B,4801,1325214813075SUHL0,2026-05-12 15:00:00,2026-05-12 23:00:00,60,16.0,0,LP Scheduled
2026-05-12,C,4801,1325214813075SUHL0,2026-05-12 23:00:00,2026-05-13 07:00:00,60,16.0,0,LP Scheduled
2026-05-13,A,4801,1325214813075SUHL0,2026-05-13 07:00:00,2026-05-13 15:00:00,60,16.0,0,LP Scheduled
2026-05-13,B,4801,1325214813075SUHL0,2026-05-13 15:00:00,2026-05-13 23:00:00,60,16.0,0,LP Scheduled
2026-05-13,C,4801,1325214813075SUHL0,2026-05-13 23:00:00,2026-05-14 07:00:00,60,16.0,0,LP Scheduled
2026-05-14,A,4801,1325214813075SUHL0,2026-05-14 07:00:00,2026-05-14 15:00:00,60,16.0,0,LP Scheduled
2026-05-14,B,4801,1325214813075SUHL0,2026-05-14 15:00:00,2026-05-14 23:00:00,60,16.0,0,LP Scheduled
2026-05-14,C,4801,1325214813075SUHL0,2026-05-14 23:00:00,2026-05-15 07:00:00,60,16.0,0,LP Scheduled
2026-05-15,A,4801,1325214813075SUHL0,2026-05-15 07:00:00,2026-05-15 15:00:00,60,16.0,0,LP Scheduled
2026-05-15,B,4801,1325214813075SUHL0,2026-05-15 15:00:00,2026-05-15 23:00:00,60,16.0,0,LP Scheduled
2026-05-15,C,4801,1325214813075SUHL0,2026-05-15 23:00:00,2026-05-16 07:00:00,60,16.0,0,LP Scheduled
2026-05-16,A,4801,1325214813075SUHL0,2026-05-16 07:00:00,2026-05-16 15:00:00,60,16.0,0,LP Scheduled
2026-05-16,B,4801,1325214813075SUHL0,2026-05-16 15:00:00,2026-05-16 23:00:00,60,16.0,0,LP Scheduled
2026-05-16,C,4801,1325214813075SUHL0,2026-05-16 23:00:00,2026-05-17 07:00:00,60,16.0,0,LP Scheduled
2026-05-17,A,4801,1325214813075SUHL0,2026-05-17 07:00:00,2026-05-17 15:00:00,60,16.0,0,LP Scheduled
2026-05-17,B,4801,1325214813075SUHL0,2026-05-17 15:00:00,2026-05-17 23:00:00,60,16.0,0,LP Scheduled
2026-05-17,C,4801,1325214813075SUHL0,2026-05-17 23:00:00,2026-05-18 07:00:00,60,16.0,0,LP Scheduled
2026-05-18,A,4801,1325214813075SUHL0,2026-05-18 07:00:00,2026-05-18 15:00:00,60,16.0,0,LP Scheduled
2026-05-18,B,4801,1325214813075SUHL0,2026-05-18 15:00:00,2026-05-18 23:00:00,60,16.0,0,LP Scheduled
2026-05-18,C,4801,1325214813075SUHL0,2026-05-18 23:00:00,2026-05-19 07:00:00,60,16.0,0,LP Scheduled
2026-05-19,A,4801,1325214813075SUHL0,2026-05-19 07:00:00,2026-05-19 15:00:00,60,16.0,0,LP Scheduled
2026-05-19,B,4801,1325214813075SUHL0,2026-05-19 15:00:00,2026-05-19 23:00:00,60,16.0,0,LP Scheduled
2026-05-19,C,4801,1325214813075SUHL0,2026-05-19 23:00:00,2026-05-20 07:00:00,60,16.0,0,LP Scheduled
2026-05-20,A,4801,1325214813075SUHL0,2026-05-20 07:00:00,2026-05-20 15:00:00,60,16.0,0,LP Scheduled
2026-05-20,B,4801,1325214813075SUHL0,2026-05-20 15:00:00,2026-05-20 15:56:00,8,16.0,0,LP Scheduled
2026-04-29,C,4802,CHANGEOVER,2026-04-29 06:20:00,2026-04-29 12:20:00,0,0.0,0,C/O from 1D25216814008QXPC0 to 1325218514086HUTR0
2026-04-29,A,4802,1325218514086HUTR0,2026-04-29 12:20:00,2026-04-29 15:00:00,22,14.0,0,LP Scheduled
2026-04-29,B,4802,1325218514086HUTR0,2026-04-29 15:00:00,2026-04-29 23:00:00,68,14.0,0,LP Scheduled
2026-04-29,C,4802,1325218514086HUTR0,2026-04-29 23:00:00,2026-04-30 07:00:00,68,14.0,0,LP Scheduled
2026-04-30,A,4802,1325218514086HUTR0,2026-04-30 07:00:00,2026-04-30 15:00:00,68,14.0,0,LP Scheduled
2026-04-30,B,4802,1325218514086HUTR0,2026-04-30 15:00:00,2026-04-30 23:00:00,68,14.0,0,LP Scheduled
2026-04-30,C,4802,1325218514086HUTR0,2026-04-30 23:00:00,2026-05-01 07:00:00,68,14.0,0,LP Scheduled
2026-05-01,A,4802,1325218514086HUTR0,2026-05-01 07:00:00,2026-05-01 15:00:00,68,14.0,0,LP Scheduled
2026-05-01,B,4802,1325218514086HUTR0,2026-05-01 15:00:00,2026-05-01 23:00:00,68,14.0,0,LP Scheduled
2026-05-01,C,4802,1325218514086HUTR0,2026-05-01 23:00:00,2026-05-02 07:00:00,68,14.0,0,LP Scheduled
2026-05-02,A,4802,1325218514086HUTR0,2026-05-02 07:00:00,2026-05-02 15:00:00,68,14.0,0,LP Scheduled
2026-05-02,B,4802,1325218514086HUTR0,2026-05-02 15:00:00,2026-05-02 23:00:00,68,14.0,0,LP Scheduled
2026-05-02,C,4802,1325218514086HUTR0,2026-05-02 23:00:00,2026-05-03 07:00:00,68,14.0,0,LP Scheduled
2026-05-03,A,4802,1325218514086HUTR0,2026-05-03 07:00:00,2026-05-03 15:00:00,68,14.0,0,LP Scheduled
2026-05-03,B,4802,1325218514086HUTR0,2026-05-03 15:00:00,2026-05-03 23:00:00,68,14.0,0,LP Scheduled
2026-05-03,C,4802,1325218514086HUTR0,2026-05-03 23:00:00,2026-05-04 07:00:00,68,14.0,0,LP Scheduled
2026-05-04,A,4802,1325218514086HUTR0,2026-05-04 07:00:00,2026-05-04 15:00:00,68,14.0,0,LP Scheduled
2026-05-04,B,4802,1325218514086HUTR0,2026-05-04 15:00:00,2026-05-04 23:00:00,68,14.0,0,LP Scheduled
2026-05-04,C,4802,1325218514086HUTR0,2026-05-04 23:00:00,2026-05-05 07:00:00,68,14.0,0,LP Scheduled
2026-05-05,A,4802,1325218514086HUTR0,2026-05-05 07:00:00,2026-05-05 15:00:00,68,14.0,0,LP Scheduled
2026-05-05,B,4802,1325218514086HUTR0,2026-05-05 15:00:00,2026-05-05 23:00:00,68,14.0,0,LP Scheduled
2026-05-05,C,4802,1325218514086HUTR0,2026-05-05 23:00:00,2026-05-06 07:00:00,68,14.0,0,LP Scheduled
2026-05-06,A,4802,1325218514086HUTR0,2026-05-06 07:00:00,2026-05-06 15:00:00,68,14.0,0,LP Scheduled
2026-05-06,B,4802,1325218514086HUTR0,2026-05-06 15:00:00,2026-05-06 23:00:00,68,14.0,0,LP Scheduled
2026-05-06,C,4802,1325218514086HUTR0,2026-05-06 23:00:00,2026-05-07 07:00:00,68,14.0,0,LP Scheduled
2026-05-07,A,4802,1325218514086HUTR0,2026-05-07 07:00:00,2026-05-07 15:00:00,68,14.0,0,LP Scheduled
2026-05-07,B,4802,1325218514086HUTR0,2026-05-07 15:00:00,2026-05-07 23:00:00,68,14.0,0,LP Scheduled
2026-05-07,C,4802,1325218514086HUTR0,2026-05-07 23:00:00,2026-05-08 07:00:00,68,14.0,0,LP Scheduled
2026-05-08,A,4802,1325218514086HUTR0,2026-05-08 07:00:00,2026-05-08 15:00:00,68,14.0,0,LP Scheduled
2026-05-08,B,4802,1325218514086HUTR0,2026-05-08 15:00:00,2026-05-08 23:00:00,68,14.0,0,LP Scheduled
2026-05-08,C,4802,1325218514086HUTR0,2026-05-08 23:00:00,2026-05-09 07:00:00,68,14.0,0,LP Scheduled
2026-05-09,A,4802,1325218514086HUTR0,2026-05-09 07:00:00,2026-05-09 15:00:00,68,14.0,0,LP Scheduled
2026-05-09,B,4802,1325218514086HUTR0,2026-05-09 15:00:00,2026-05-09 23:00:00,68,14.0,0,LP Scheduled
2026-05-09,C,4802,1325218514086HUTR0,2026-05-09 23:00:00,2026-05-10 07:00:00,68,14.0,0,LP Scheduled
2026-05-10,A,4802,1325218514086HUTR0,2026-05-10 07:00:00,2026-05-10 15:00:00,68,14.0,0,LP Scheduled
2026-05-10,B,4802,1325218514086HUTR0,2026-05-10 15:00:00,2026-05-10 23:00:00,68,14.0,0,LP Scheduled
2026-05-10,C,4802,1325218514086HUTR0,2026-05-10 23:00:00,2026-05-11 07:00:00,68,14.0,0,LP Scheduled
2026-05-11,A,4802,1325218514086HUTR0,2026-05-11 07:00:00,2026-05-11 15:00:00,68,14.0,0,LP Scheduled
2026-05-11,B,4802,1325218514086HUTR0,2026-05-11 15:00:00,2026-05-11 23:00:00,68,14.0,0,LP Scheduled
2026-05-11,C,4802,1325218514086HUTR0,2026-05-11 23:00:00,2026-05-12 07:00:00,68,14.0,0,LP Scheduled
2026-05-12,A,4802,1325218514086HUTR0,2026-05-12 07:00:00,2026-05-12 15:00:00,68,14.0,0,LP Scheduled
2026-05-12,B,4802,1325218514086HUTR0,2026-05-12 15:00:00,2026-05-12 23:00:00,68,14.0,0,LP Scheduled
2026-05-12,C,4802,1325218514086HUTR0,2026-05-12 23:00:00,2026-05-13 07:00:00,68,14.0,0,LP Scheduled
2026-05-13,A,4802,1325218514086HUTR0,2026-05-13 07:00:00,2026-05-13 15:00:00,68,14.0,0,LP Scheduled
2026-05-13,B,4802,1325218514086HUTR0,2026-05-13 15:00:00,2026-05-13 23:00:00,68,14.0,0,LP Scheduled
2026-05-13,C,4802,1325218514086HUTR0,2026-05-13 23:00:00,2026-05-14 07:00:00,68,14.0,0,LP Scheduled
2026-05-14,A,4802,1325218514086HUTR0,2026-05-14 07:00:00,2026-05-14 15:00:00,68,14.0,0,LP Scheduled
2026-05-14,B,4802,1325218514086HUTR0,2026-05-14 15:00:00,2026-05-14 23:00:00,68,14.0,0,LP Scheduled
2026-05-14,C,4802,1325218514086HUTR0,2026-05-14 23:00:00,2026-05-15 05:24:00,82,14.0,0,LP Scheduled
2026-04-29,B,4807,CHANGEOVER,2026-04-29 19:45:00,2026-04-30 01:45:00,0,0.0,0,C/O from 1325215513073TUNE0 to 1D25118014010RXPC0
2026-04-30,C,4807,1D25118014010RXPC0,2026-04-30 01:45:00,2026-04-30 07:00:00,42,15.0,0,LP Scheduled
2026-04-30,A,4807,1D25118014010RXPC0,2026-04-30 07:00:00,2026-04-30 07:30:00,4,15.0,0,LP Scheduled
2026-04-30,C,4842,CHANGEOVER,2026-04-30 23:00:00,2026-05-01 05:00:00,0,0.0,0,C/O from 1325221417096HURL0 to 1325221317094VURL0
2026-05-01,C,4842,1325221317094VURL0,2026-05-01 05:00:00,2026-05-01 07:00:00,12,18.0,0,LP Scheduled
2026-05-01,A,4842,1325221317094VURL0,2026-05-01 07:00:00,2026-05-01 15:00:00,52,18.0,0,LP Scheduled
2026-05-01,B,4842,1325221317094VURL0,2026-05-01 15:00:00,2026-05-01 23:00:00,52,18.0,0,LP Scheduled
2026-05-01,C,4842,1325221317094VURL0,2026-05-01 23:00:00,2026-05-02 07:00:00,52,18.0,0,LP Scheduled
2026-05-02,A,4842,1325221317094VURL0,2026-05-02 07:00:00,2026-05-02 15:00:00,52,18.0,0,LP Scheduled
2026-05-02,B,4842,1325221317094VURL0,2026-05-02 15:00:00,2026-05-02 23:00:00,52,18.0,0,LP Scheduled
2026-05-02,C,4842,1325221317094VURL0,2026-05-02 23:00:00,2026-05-03 07:00:00,52,18.0,0,LP Scheduled
2026-05-03,A,4842,1325221317094VURL0,2026-05-03 07:00:00,2026-05-03 15:00:00,52,18.0,0,LP Scheduled
2026-05-03,B,4842,1325221317094VURL0,2026-05-03 15:00:00,2026-05-03 23:00:00,52,18.0,0,LP Scheduled
2026-05-03,C,4842,1325221317094VURL0,2026-05-03 23:00:00,2026-05-04 07:00:00,52,18.0,0,LP Scheduled
2026-05-04,A,4842,1325221317094VURL0,2026-05-04 07:00:00,2026-05-04 15:00:00,52,18.0,0,LP Scheduled
2026-05-04,B,4842,1325221317094VURL0,2026-05-04 15:00:00,2026-05-04 23:00:00,52,18.0,0,LP Scheduled
2026-05-04,C,4842,1325221317094VURL0,2026-05-04 23:00:00,2026-05-05 07:00:00,52,18.0,0,LP Scheduled
2026-05-05,A,4842,1325221317094VURL0,2026-05-05 07:00:00,2026-05-05 15:00:00,52,18.0,0,LP Scheduled
2026-05-05,B,4842,1325221317094VURL0,2026-05-05 15:00:00,2026-05-05 23:00:00,52,18.0,0,LP Scheduled
2026-05-05,C,4842,1325221317094VURL0,2026-05-05 23:00:00,2026-05-06 07:00:00,52,18.0,0,LP Scheduled
2026-05-06,A,4842,1325221317094VURL0,2026-05-06 07:00:00,2026-05-06 15:00:00,52,18.0,0,LP Scheduled
2026-05-06,B,4842,1325221317094VURL0,2026-05-06 15:00:00,2026-05-06 23:00:00,52,18.0,0,LP Scheduled
2026-05-06,C,4842,1325221317094VURL0,2026-05-06 23:00:00,2026-05-07 07:00:00,52,18.0,0,LP Scheduled
2026-05-07,A,4842,1325221317094VURL0,2026-05-07 07:00:00,2026-05-07 15:00:00,52,18.0,0,LP Scheduled
2026-05-07,B,4842,1325221317094VURL0,2026-05-07 15:00:00,2026-05-07 23:00:00,52,18.0,0,LP Scheduled
2026-05-07,C,4842,1325221317094VURL0,2026-05-07 23:00:00,2026-05-08 07:00:00,52,18.0,0,LP Scheduled
2026-05-08,A,4842,1325221317094VURL0,2026-05-08 07:00:00,2026-05-08 15:00:00,52,18.0,0,LP Scheduled
2026-05-08,B,4842,1325221317094VURL0,2026-05-08 15:00:00,2026-05-08 23:00:00,52,18.0,0,LP Scheduled
2026-05-08,C,4842,1325221317094VURL0,2026-05-08 23:00:00,2026-05-09 07:00:00,52,18.0,0,LP Scheduled
2026-05-09,A,4842,1325221317094VURL0,2026-05-09 07:00:00,2026-05-09 15:00:00,52,18.0,0,LP Scheduled
2026-05-09,B,4842,1325221317094VURL0,2026-05-09 15:00:00,2026-05-09 23:00:00,52,18.0,0,LP Scheduled
2026-05-09,C,4842,1325221317094VURL0,2026-05-09 23:00:00,2026-05-10 07:00:00,52,18.0,0,LP Scheduled
2026-05-10,A,4842,1325221317094VURL0,2026-05-10 07:00:00,2026-05-10 15:00:00,52,18.0,0,LP Scheduled
2026-05-10,B,4842,1325221317094VURL0,2026-05-10 15:00:00,2026-05-10 23:00:00,52,18.0,0,LP Scheduled
2026-05-10,C,4842,1325221317094VURL0,2026-05-10 23:00:00,2026-05-11 02:36:00,64,18.0,0,LP Scheduled
2026-05-01,A,4843,CHANGEOVER,2026-05-01 07:00:00,2026-05-01 13:00:00,0,0.0,0,C/O from 1325225518111HRHB0 to 1325221416095VURP0
2026-05-01,A,4843,1325221416095VURP0,2026-05-01 13:00:00,2026-05-01 15:00:00,16,15.0,0,LP Scheduled
2026-05-01,B,4843,1325221416095VURP0,2026-05-01 15:00:00,2026-05-01 23:00:00,64,15.0,0,LP Scheduled
2026-05-01,C,4843,1325221416095VURP0,2026-05-01 23:00:00,2026-05-02 07:00:00,64,15.0,0,LP Scheduled
2026-05-02,A,4843,1325221416095VURP0,2026-05-02 07:00:00,2026-05-02 15:00:00,64,15.0,0,LP Scheduled
2026-05-02,B,4843,1325221416095VURP0,2026-05-02 15:00:00,2026-05-02 23:00:00,64,15.0,0,LP Scheduled
2026-05-02,C,4843,1325221416095VURP0,2026-05-02 23:00:00,2026-05-03 07:00:00,64,15.0,0,LP Scheduled
2026-05-03,A,4843,1325221416095VURP0,2026-05-03 07:00:00,2026-05-03 15:00:00,64,15.0,0,LP Scheduled
2026-05-03,B,4843,1325221416095VURP0,2026-05-03 15:00:00,2026-05-03 23:00:00,64,15.0,0,LP Scheduled
2026-05-03,C,4843,1325221416095VURP0,2026-05-03 23:00:00,2026-05-04 07:00:00,64,15.0,0,LP Scheduled
2026-05-04,A,4843,1325221416095VURP0,2026-05-04 07:00:00,2026-05-04 15:00:00,64,15.0,0,LP Scheduled
2026-05-04,B,4843,1325221416095VURP0,2026-05-04 15:00:00,2026-05-04 23:00:00,64,15.0,0,LP Scheduled
2026-05-04,C,4843,1325221416095VURP0,2026-05-04 23:00:00,2026-05-05 07:00:00,64,15.0,0,LP Scheduled
2026-05-05,A,4843,1325221416095VURP0,2026-05-05 07:00:00,2026-05-05 15:00:00,64,15.0,0,LP Scheduled
2026-05-05,B,4843,1325221416095VURP0,2026-05-05 15:00:00,2026-05-05 23:00:00,64,15.0,0,LP Scheduled
2026-05-05,C,4843,1325221416095VURP0,2026-05-05 23:00:00,2026-05-06 07:00:00,64,15.0,0,LP Scheduled
2026-05-06,A,4843,1325221416095VURP0,2026-05-06 07:00:00,2026-05-06 15:00:00,64,15.0,0,LP Scheduled
2026-05-06,B,4843,1325221416095VURP0,2026-05-06 15:00:00,2026-05-06 23:00:00,64,15.0,0,LP Scheduled
2026-05-06,C,4843,1325221416095VURP0,2026-05-06 23:00:00,2026-05-07 07:00:00,64,15.0,0,LP Scheduled
2026-05-07,A,4843,1325221416095VURP0,2026-05-07 07:00:00,2026-05-07 15:00:00,64,15.0,0,LP Scheduled
2026-05-07,B,4843,1325221416095VURP0,2026-05-07 15:00:00,2026-05-07 15:15:00,2,15.0,0,LP Scheduled
2026-04-28,A,5203,CHANGEOVER,2026-04-28 07:15:00,2026-04-28 13:15:00,0,0.0,0,C/O from 1325215514075TUNE0 to 1325214813075SUHL0
2026-04-28,A,5203,1325214813075SUHL0,2026-04-28 13:15:00,2026-04-28 13:31:00,2,16.0,0,LP Scheduled
2026-04-28 00:00:00,A,3609,1D25215013008SXC1T,2026-04-28 07:00:00,2026-04-28 15:00:00,48,20.0,0,Continuity (2-mould press)
2026-04-28 00:00:00,B,3609,1D25215013008SXC1T,2026-04-28 15:00:00,2026-04-28 23:00:00,48,20.0,0,Continuity (2-mould press)
2026-04-28 00:00:00,C,3609,1D25215013008SXC1T,2026-04-28 23:00:00,2026-04-29 07:00:00,48,20.0,0,Continuity (2-mould press)
2026-04-29 00:00:00,A,3609,1D25215013008SXC1T,2026-04-29 07:00:00,2026-04-29 15:00:00,48,20.0,0,Continuity (2-mould press)
2026-04-29 00:00:00,B,3609,1D25215013008SXC1T,2026-04-29 15:00:00,2026-04-29 23:00:00,48,20.0,0,Continuity (2-mould press)
2026-04-29 00:00:00,C,3609,1D25215013008SXC1T,2026-04-29 23:00:00,2026-04-30 07:00:00,48,20.0,0,Continuity (2-mould press)
2026-04-30 00:00:00,A,3609,1D25215013008SXC1T,2026-04-30 07:00:00,2026-04-30 15:00:00,48,20.0,0,Continuity (2-mould press)
2026-04-30 00:00:00,B,3609,1D25215013008SXC1T,2026-04-30 15:00:00,2026-04-30 18:00:00,18,20.0,0,Continuity (2-mould press)
2026-04-28 00:00:00,A,3610,1D25215013008SXC1T,2026-04-28 07:00:00,2026-04-28 15:00:00,48,20.0,0,Continuity (2-mould press)
2026-04-28 00:00:00,B,3610,1D25215013008SXC1T,2026-04-28 15:00:00,2026-04-28 23:00:00,48,20.0,0,Continuity (2-mould press)
2026-04-28 00:00:00,C,3610,1D25215013008SXC1T,2026-04-28 23:00:00,2026-04-29 07:00:00,48,20.0,0,Continuity (2-mould press)
2026-04-29 00:00:00,A,3610,1D25215013008SXC1T,2026-04-29 07:00:00,2026-04-29 15:00:00,48,20.0,0,Continuity (2-mould press)
2026-04-29 00:00:00,B,3610,1D25215013008SXC1T,2026-04-29 15:00:00,2026-04-29 23:00:00,48,20.0,0,Continuity (2-mould press)
2026-04-29 00:00:00,C,3610,1D25215013008SXC1T,2026-04-29 23:00:00,2026-04-30 07:00:00,48,20.0,0,Continuity (2-mould press)
2026-04-30 00:00:00,A,3610,1D25215013008SXC1T,2026-04-30 07:00:00,2026-04-30 15:00:00,48,20.0,0,Continuity (2-mould press)
2026-04-30 00:00:00,B,3610,1D25215013008SXC1T,2026-04-30 15:00:00,2026-04-30 18:00:00,18,20.0,0,Continuity (2-mould press)
2026-04-28 00:00:00,A,3611,1D25215013008SXC1T,2026-04-28 07:00:00,2026-04-28 15:00:00,48,20.0,0,Continuity (2-mould press)
2026-04-28 00:00:00,B,3611,1D25215013008SXC1T,2026-04-28 15:00:00,2026-04-28 23:00:00,48,20.0,0,Continuity (2-mould press)
2026-04-28 00:00:00,C,3611,1D25215013008SXC1T,2026-04-28 23:00:00,2026-04-29 07:00:00,48,20.0,0,Continuity (2-mould press)
2026-04-29 00:00:00,A,3611,1D25215013008SXC1T,2026-04-29 07:00:00,2026-04-29 15:00:00,48,20.0,0,Continuity (2-mould press)
2026-04-29 00:00:00,B,3611,1D25215013008SXC1T,2026-04-29 15:00:00,2026-04-29 23:00:00,48,20.0,0,Continuity (2-mould press)
2026-04-29 00:00:00,C,3611,1D25215013008SXC1T,2026-04-29 23:00:00,2026-04-30 07:00:00,48,20.0,0,Continuity (2-mould press)
2026-04-30 00:00:00,A,3611,1D25215013008SXC1T,2026-04-30 07:00:00,2026-04-30 15:00:00,48,20.0,0,Continuity (2-mould press)
2026-04-30 00:00:00,B,3611,1D25215013008SXC1T,2026-04-30 15:00:00,2026-04-30 18:00:00,18,20.0,0,Continuity (2-mould press)
2026-04-28 00:00:00,A,3612,1D25215013008SXC1T,2026-04-28 07:00:00,2026-04-28 15:00:00,48,20.0,0,Continuity (2-mould press)
2026-04-28 00:00:00,B,3612,1D25215013008SXC1T,2026-04-28 15:00:00,2026-04-28 23:00:00,48,20.0,0,Continuity (2-mould press)
2026-04-28 00:00:00,C,3612,1D25215013008SXC1T,2026-04-28 23:00:00,2026-04-29 07:00:00,48,20.0,0,Continuity (2-mould press)
2026-04-29 00:00:00,A,3612,1D25215013008SXC1T,2026-04-29 07:00:00,2026-04-29 15:00:00,48,20.0,0,Continuity (2-mould press)
2026-04-29 00:00:00,B,3612,1D25215013008SXC1T,2026-04-29 15:00:00,2026-04-29 23:00:00,48,20.0,0,Continuity (2-mould press)
2026-04-29 00:00:00,C,3612,1D25215013008SXC1T,2026-04-29 23:00:00,2026-04-30 07:00:00,48,20.0,0,Continuity (2-mould press)
2026-04-30 00:00:00,A,3612,1D25215013008SXC1T,2026-04-30 07:00:00,2026-04-30 15:00:00,48,20.0,0,Continuity (2-mould press)
2026-04-30 00:00:00,B,3612,1D25215013008SXC1T,2026-04-30 15:00:00,2026-04-30 18:00:00,18,20.0,0,Continuity (2-mould press)
2026-04-28 00:00:00,A,3613,1D25215013008SXC1T,2026-04-28 07:00:00,2026-04-28 15:00:00,48,20.0,0,Continuity (2-mould press)
2026-04-28 00:00:00,B,3613,1D25215013008SXC1T,2026-04-28 15:00:00,2026-04-28 23:00:00,48,20.0,0,Continuity (2-mould press)
2026-04-28 00:00:00,C,3613,1D25215013008SXC1T,2026-04-28 23:00:00,2026-04-29 07:00:00,48,20.0,0,Continuity (2-mould press)
2026-04-29 00:00:00,A,3613,1D25215013008SXC1T,2026-04-29 07:00:00,2026-04-29 15:00:00,48,20.0,0,Continuity (2-mould press)
2026-04-29 00:00:00,B,3613,1D25215013008SXC1T,2026-04-29 15:00:00,2026-04-29 23:00:00,48,20.0,0,Continuity (2-mould press)
2026-04-29 00:00:00,C,3613,1D25215013008SXC1T,2026-04-29 23:00:00,2026-04-30 07:00:00,48,20.0,0,Continuity (2-mould press)
2026-04-30 00:00:00,A,3613,1D25215013008SXC1T,2026-04-30 07:00:00,2026-04-30 15:00:00,48,20.0,0,Continuity (2-mould press)
2026-04-30 00:00:00,B,3613,1D25215013008SXC1T,2026-04-30 15:00:00,2026-04-30 18:00:00,18,20.0,0,Continuity (2-mould press)
2026-04-28 00:00:00,A,3614,1325222318098HRHE0,2026-04-28 07:00:00,2026-04-28 15:00:00,53,18.0,0,Continuity (2-mould press)
2026-04-28 00:00:00,B,3614,1325222318098HRHE0,2026-04-28 15:00:00,2026-04-28 23:00:00,53,18.0,0,Continuity (2-mould press)
2026-04-28 00:00:00,C,3614,1325222318098HRHE0,2026-04-28 23:00:00,2026-04-29 07:00:00,53,18.0,0,Continuity (2-mould press)
2026-04-29 00:00:00,A,3614,1325222318098HRHE0,2026-04-29 07:00:00,2026-04-29 15:00:00,53,18.0,0,Continuity (2-mould press)
2026-04-29 00:00:00,B,3614,1325222318098HRHE0,2026-04-29 15:00:00,2026-04-29 23:00:00,53,18.0,0,Continuity (2-mould press)
2026-04-29 00:00:00,C,3614,1325222318098HRHE0,2026-04-29 23:00:00,2026-04-30 07:00:00,53,18.0,0,Continuity (2-mould press)
2026-04-30 00:00:00,A,3614,1325222318098HRHE0,2026-04-30 07:00:00,2026-04-30 15:00:00,53,18.0,0,Continuity (2-mould press)
2026-04-30 00:00:00,B,3614,1325222318098HRHE0,2026-04-30 15:00:00,2026-04-30 19:18:00,29,18.0,0,Continuity (2-mould press)
2026-04-28 00:00:00,A,3615,1D25215013008SXC1T,2026-04-28 07:00:00,2026-04-28 15:00:00,48,20.0,0,Continuity (2-mould press)
2026-04-28 00:00:00,B,3615,1D25215013008SXC1T,2026-04-28 15:00:00,2026-04-28 23:00:00,48,20.0,0,Continuity (2-mould press)
2026-04-28 00:00:00,C,3615,1D25215013008SXC1T,2026-04-28 23:00:00,2026-04-29 07:00:00,48,20.0,0,Continuity (2-mould press)
2026-04-29 00:00:00,A,3615,1D25215013008SXC1T,2026-04-29 07:00:00,2026-04-29 15:00:00,48,20.0,0,Continuity (2-mould press)
2026-04-29 00:00:00,B,3615,1D25215013008SXC1T,2026-04-29 15:00:00,2026-04-29 23:00:00,48,20.0,0,Continuity (2-mould press)
2026-04-29 00:00:00,C,3615,1D25215013008SXC1T,2026-04-29 23:00:00,2026-04-30 07:00:00,48,20.0,0,Continuity (2-mould press)
2026-04-30 00:00:00,A,3615,1D25215013008SXC1T,2026-04-30 07:00:00,2026-04-30 15:00:00,48,20.0,0,Continuity (2-mould press)
2026-04-30 00:00:00,B,3615,1D25215013008SXC1T,2026-04-30 15:00:00,2026-04-30 18:00:00,18,20.0,0,Continuity (2-mould press)
2026-04-28 00:00:00,A,3616,1D25215013008SXC1T,2026-04-28 07:00:00,2026-04-28 15:00:00,48,20.0,0,Continuity (2-mould press)
2026-04-28 00:00:00,B,3616,1D25215013008SXC1T,2026-04-28 15:00:00,2026-04-28 23:00:00,48,20.0,0,Continuity (2-mould press)
2026-04-28 00:00:00,C,3616,1D25215013008SXC1T,2026-04-28 23:00:00,2026-04-29 07:00:00,48,20.0,0,Continuity (2-mould press)
2026-04-29 00:00:00,A,3616,1D25215013008SXC1T,2026-04-29 07:00:00,2026-04-29 15:00:00,48,20.0,0,Continuity (2-mould press)
2026-04-29 00:00:00,B,3616,1D25215013008SXC1T,2026-04-29 15:00:00,2026-04-29 23:00:00,48,20.0,0,Continuity (2-mould press)
2026-04-29 00:00:00,C,3616,1D25215013008SXC1T,2026-04-29 23:00:00,2026-04-30 07:00:00,48,20.0,0,Continuity (2-mould press)
2026-04-30 00:00:00,A,3616,1D25215013008SXC1T,2026-04-30 07:00:00,2026-04-30 15:00:00,48,20.0,0,Continuity (2-mould press)
2026-04-30 00:00:00,B,3616,1D25215013008SXC1T,2026-04-30 15:00:00,2026-04-30 18:00:00,18,20.0,0,Continuity (2-mould press)
2026-04-28 00:00:00,A,4501,1D25215013008SXC10,2026-04-28 07:00:00,2026-04-28 15:00:00,51,19.0,0,Continuity (2-mould press)
2026-04-28 00:00:00,B,4501,1D25215013008SXC10,2026-04-28 15:00:00,2026-04-28 23:00:00,51,19.0,0,Continuity (2-mould press)
2026-04-28 00:00:00,C,4501,1D25215013008SXC10,2026-04-28 23:00:00,2026-04-29 07:00:00,51,19.0,0,Continuity (2-mould press)
2026-04-29 00:00:00,A,4501,1D25215013008SXC10,2026-04-29 07:00:00,2026-04-29 15:00:00,51,19.0,0,Continuity (2-mould press)
2026-04-29 00:00:00,B,4501,1D25215013008SXC10,2026-04-29 15:00:00,2026-04-29 23:00:00,51,19.0,0,Continuity (2-mould press)
2026-04-29 00:00:00,C,4501,1D25215013008SXC10,2026-04-29 23:00:00,2026-04-30 07:00:00,51,19.0,0,Continuity (2-mould press)
2026-04-30 00:00:00,A,4501,1D25215013008SXC10,2026-04-30 07:00:00,2026-04-30 12:31:00,35,19.0,0,Continuity (2-mould press)
2026-04-28 00:00:00,A,4502,1325222318098HRHE0,2026-04-28 07:00:00,2026-04-28 15:00:00,53,18.0,0,Continuity (2-mould press)
2026-04-28 00:00:00,B,4502,1325222318098HRHE0,2026-04-28 15:00:00,2026-04-28 23:00:00,53,18.0,0,Continuity (2-mould press)
2026-04-28 00:00:00,C,4502,1325222318098HRHE0,2026-04-28 23:00:00,2026-04-29 07:00:00,53,18.0,0,Continuity (2-mould press)
2026-04-29 00:00:00,A,4502,1325222318098HRHE0,2026-04-29 07:00:00,2026-04-29 15:00:00,53,18.0,0,Continuity (2-mould press)
2026-04-29 00:00:00,B,4502,1325222318098HRHE0,2026-04-29 15:00:00,2026-04-29 23:00:00,53,18.0,0,Continuity (2-mould press)
2026-04-29 00:00:00,C,4502,1325222318098HRHE0,2026-04-29 23:00:00,2026-04-30 07:00:00,53,18.0,0,Continuity (2-mould press)
2026-04-30 00:00:00,A,4502,1325222318098HRHE0,2026-04-30 07:00:00,2026-04-30 15:00:00,53,18.0,0,Continuity (2-mould press)
2026-04-30 00:00:00,B,4502,1325222318098HRHE0,2026-04-30 15:00:00,2026-04-30 19:18:00,29,18.0,0,Continuity (2-mould press)
2026-04-28 00:00:00,A,4503,1325222318098HRHE0,2026-04-28 07:00:00,2026-04-28 15:00:00,53,18.0,0,Continuity (2-mould press)
2026-04-28 00:00:00,B,4503,1325222318098HRHE0,2026-04-28 15:00:00,2026-04-28 23:00:00,53,18.0,0,Continuity (2-mould press)
2026-04-28 00:00:00,C,4503,1325222318098HRHE0,2026-04-28 23:00:00,2026-04-29 07:00:00,53,18.0,0,Continuity (2-mould press)
2026-04-29 00:00:00,A,4503,1325222318098HRHE0,2026-04-29 07:00:00,2026-04-29 15:00:00,53,18.0,0,Continuity (2-mould press)
2026-04-29 00:00:00,B,4503,1325222318098HRHE0,2026-04-29 15:00:00,2026-04-29 23:00:00,53,18.0,0,Continuity (2-mould press)
2026-04-29 00:00:00,C,4503,1325222318098HRHE0,2026-04-29 23:00:00,2026-04-30 07:00:00,53,18.0,0,Continuity (2-mould press)
2026-04-30 00:00:00,A,4503,1325222318098HRHE0,2026-04-30 07:00:00,2026-04-30 15:00:00,53,18.0,0,Continuity (2-mould press)
2026-04-30 00:00:00,B,4503,1325222318098HRHE0,2026-04-30 15:00:00,2026-04-30 19:18:00,29,18.0,0,Continuity (2-mould press)
2026-04-28 00:00:00,A,4504,1325222318098HRHE0,2026-04-28 07:00:00,2026-04-28 15:00:00,53,18.0,0,Continuity (2-mould press)
2026-04-28 00:00:00,B,4504,1325222318098HRHE0,2026-04-28 15:00:00,2026-04-28 23:00:00,53,18.0,0,Continuity (2-mould press)
2026-04-28 00:00:00,C,4504,1325222318098HRHE0,2026-04-28 23:00:00,2026-04-29 07:00:00,53,18.0,0,Continuity (2-mould press)
2026-04-29 00:00:00,A,4504,1325222318098HRHE0,2026-04-29 07:00:00,2026-04-29 15:00:00,53,18.0,0,Continuity (2-mould press)
2026-04-29 00:00:00,B,4504,1325222318098HRHE0,2026-04-29 15:00:00,2026-04-29 23:00:00,53,18.0,0,Continuity (2-mould press)
2026-04-29 00:00:00,C,4504,1325222318098HRHE0,2026-04-29 23:00:00,2026-04-30 07:00:00,53,18.0,0,Continuity (2-mould press)
2026-04-30 00:00:00,A,4504,1325222318098HRHE0,2026-04-30 07:00:00,2026-04-30 15:00:00,53,18.0,0,Continuity (2-mould press)
2026-04-30 00:00:00,B,4504,1325222318098HRHE0,2026-04-30 15:00:00,2026-04-30 19:18:00,29,18.0,0,Continuity (2-mould press)
2026-04-28 00:00:00,A,4505,1325215813079TUNE5,2026-04-28 07:00:00,2026-04-28 15:00:00,56,17.0,0,Continuity (2-mould press)
2026-04-28 00:00:00,B,4505,1325215813079TUNE5,2026-04-28 15:00:00,2026-04-28 20:36:00,40,17.0,0,Continuity (2-mould press)
2026-04-28 00:00:00,B,4505,MOULD_CLEAN,2026-04-28 20:36:00,2026-04-28 23:00:00,0,0.0,0,Mould cleaning (continuity)
2026-04-28 00:00:00,C,4505,MOULD_CLEAN,2026-04-28 23:00:00,2026-04-28 23:36:00,0,0.0,0,Mould cleaning (continuity)
2026-04-28 00:00:00,C,4505,1325215813079TUNE5,2026-04-28 23:36:00,2026-04-29 07:00:00,52,17.0,0,Continuity (2-mould press)
2026-04-29 00:00:00,A,4505,1325215813079TUNE5,2026-04-29 07:00:00,2026-04-29 15:00:00,56,17.0,0,Continuity (2-mould press)
2026-04-29 00:00:00,B,4505,1325215813079TUNE5,2026-04-29 15:00:00,2026-04-29 23:00:00,56,17.0,0,Continuity (2-mould press)
2026-04-29 00:00:00,C,4505,1325215813079TUNE5,2026-04-29 23:00:00,2026-04-30 07:00:00,56,17.0,0,Continuity (2-mould press)
2026-04-30 00:00:00,A,4505,1325215813079TUNE5,2026-04-30 07:00:00,2026-04-30 15:00:00,56,17.0,0,Continuity (2-mould press)
2026-04-30 00:00:00,B,4505,1325215813079TUNE5,2026-04-30 15:00:00,2026-04-30 23:00:00,56,17.0,0,Continuity (2-mould press)
2026-04-30 00:00:00,C,4505,1325215813079TUNE5,2026-04-30 23:00:00,2026-05-01 07:00:00,56,17.0,0,Continuity (2-mould press)
2026-05-01 00:00:00,A,4505,1325215813079TUNE5,2026-05-01 07:00:00,2026-05-01 15:00:00,56,17.0,0,Continuity (2-mould press)
2026-05-01 00:00:00,B,4505,1325215813079TUNE5,2026-05-01 15:00:00,2026-05-01 23:00:00,56,17.0,0,Continuity (2-mould press)
2026-05-01 00:00:00,C,4505,1325215813079TUNE5,2026-05-01 23:00:00,2026-05-02 07:00:00,56,17.0,0,Continuity (2-mould press)
2026-05-02 00:00:00,A,4505,1325215813079TUNE5,2026-05-02 07:00:00,2026-05-02 15:00:00,56,17.0,0,Continuity (2-mould press)
2026-05-02 00:00:00,B,4505,1325215813079TUNE5,2026-05-02 15:00:00,2026-05-02 23:00:00,56,17.0,0,Continuity (2-mould press)
2026-05-02 00:00:00,C,4505,1325215813079TUNE5,2026-05-02 23:00:00,2026-05-03 07:00:00,56,17.0,0,Continuity (2-mould press)
2026-05-03 00:00:00,A,4505,1325215813079TUNE5,2026-05-03 07:00:00,2026-05-03 14:06:00,50,17.0,0,Continuity (2-mould press)
2026-04-28 00:00:00,A,4506,1D25215013008SXC10,2026-04-28 07:00:00,2026-04-28 15:00:00,51,19.0,0,Continuity (2-mould press)
2026-04-28 00:00:00,B,4506,1D25215013008SXC10,2026-04-28 15:00:00,2026-04-28 23:00:00,51,19.0,0,Continuity (2-mould press)
2026-04-28 00:00:00,C,4506,1D25215013008SXC10,2026-04-28 23:00:00,2026-04-29 07:00:00,51,19.0,0,Continuity (2-mould press)
2026-04-29 00:00:00,A,4506,1D25215013008SXC10,2026-04-29 07:00:00,2026-04-29 09:36:00,16,19.0,0,Continuity (2-mould press)
2026-04-29 00:00:00,A,4506,MOULD_CLEAN,2026-04-29 09:36:00,2026-04-29 12:36:00,0,0.0,0,Mould cleaning (continuity)
2026-04-29 00:00:00,A,4506,1D25215013008SXC10,2026-04-29 12:36:00,2026-04-29 15:00:00,15,19.0,0,Continuity (2-mould press)
2026-04-29 00:00:00,B,4506,1D25215013008SXC10,2026-04-29 15:00:00,2026-04-29 23:00:00,51,19.0,0,Continuity (2-mould press)
2026-04-29 00:00:00,C,4506,1D25215013008SXC10,2026-04-29 23:00:00,2026-04-30 07:00:00,51,19.0,0,Continuity (2-mould press)
2026-04-30 00:00:00,A,4506,1D25215013008SXC10,2026-04-30 07:00:00,2026-04-30 15:00:00,51,19.0,0,Continuity (2-mould press)
2026-04-30 00:00:00,B,4506,1D25215013008SXC10,2026-04-30 15:00:00,2026-04-30 15:31:00,3,19.0,0,Continuity (2-mould press)
2026-04-28 00:00:00,A,4507,1325221318095HURL0,2026-04-28 07:00:00,2026-04-28 15:00:00,51,19.0,0,Continuity (2-mould press)
2026-04-28 00:00:00,B,4507,1325221318095HURL0,2026-04-28 15:00:00,2026-04-28 23:00:00,51,19.0,0,Continuity (2-mould press)
2026-04-28 00:00:00,C,4507,1325221318095HURL0,2026-04-28 23:00:00,2026-04-29 07:00:00,51,19.0,0,Continuity (2-mould press)
2026-04-29 00:00:00,A,4507,1325221318095HURL0,2026-04-29 07:00:00,2026-04-29 08:58:00,12,19.0,0,Continuity (2-mould press)
2026-04-28 00:00:00,A,4508,1325215813079TUNE5,2026-04-28 07:00:00,2026-04-28 15:00:00,56,17.0,0,Continuity (2-mould press)
2026-04-28 00:00:00,B,4508,1325215813079TUNE5,2026-04-28 15:00:00,2026-04-28 23:00:00,56,17.0,0,Continuity (2-mould press)
2026-04-28 00:00:00,C,4508,1325215813079TUNE5,2026-04-28 23:00:00,2026-04-29 07:00:00,56,17.0,0,Continuity (2-mould press)
2026-04-29 00:00:00,A,4508,1325215813079TUNE5,2026-04-29 07:00:00,2026-04-29 15:00:00,56,17.0,0,Continuity (2-mould press)
2026-04-29 00:00:00,B,4508,1325215813079TUNE5,2026-04-29 15:00:00,2026-04-29 23:00:00,56,17.0,0,Continuity (2-mould press)
2026-04-29 00:00:00,C,4508,1325215813079TUNE5,2026-04-29 23:00:00,2026-04-30 07:00:00,56,17.0,0,Continuity (2-mould press)
2026-04-30 00:00:00,A,4508,1325215813079TUNE5,2026-04-30 07:00:00,2026-04-30 15:00:00,56,17.0,0,Continuity (2-mould press)
2026-04-30 00:00:00,B,4508,1325215813079TUNE5,2026-04-30 15:00:00,2026-04-30 23:00:00,56,17.0,0,Continuity (2-mould press)
2026-04-30 00:00:00,C,4508,1325215813079TUNE5,2026-04-30 23:00:00,2026-05-01 07:00:00,56,17.0,0,Continuity (2-mould press)
2026-05-01 00:00:00,A,4508,1325215813079TUNE5,2026-05-01 07:00:00,2026-05-01 15:00:00,56,17.0,0,Continuity (2-mould press)
2026-05-01 00:00:00,B,4508,1325215813079TUNE5,2026-05-01 15:00:00,2026-05-01 23:00:00,56,17.0,0,Continuity (2-mould press)
2026-05-01 00:00:00,C,4508,1325215813079TUNE5,2026-05-01 23:00:00,2026-05-02 07:00:00,56,17.0,0,Continuity (2-mould press)
2026-05-02 00:00:00,A,4508,1325215813079TUNE5,2026-05-02 07:00:00,2026-05-02 15:00:00,56,17.0,0,Continuity (2-mould press)
2026-05-02 00:00:00,B,4508,1325215813079TUNE5,2026-05-02 15:00:00,2026-05-02 23:00:00,56,17.0,0,Continuity (2-mould press)
2026-05-02 00:00:00,C,4508,1325215813079TUNE5,2026-05-02 23:00:00,2026-05-03 07:00:00,56,17.0,0,Continuity (2-mould press)
2026-05-03 00:00:00,A,4508,1325215813079TUNE5,2026-05-03 07:00:00,2026-05-03 11:06:00,29,17.0,0,Continuity (2-mould press)
2026-04-28 00:00:00,A,4509,1325222318098HRHE0,2026-04-28 07:00:00,2026-04-28 15:00:00,53,18.0,0,Continuity (2-mould press)
2026-04-28 00:00:00,B,4509,1325222318098HRHE0,2026-04-28 15:00:00,2026-04-28 23:00:00,53,18.0,0,Continuity (2-mould press)
2026-04-28 00:00:00,C,4509,1325222318098HRHE0,2026-04-28 23:00:00,2026-04-29 07:00:00,53,18.0,0,Continuity (2-mould press)
2026-04-29 00:00:00,A,4509,1325222318098HRHE0,2026-04-29 07:00:00,2026-04-29 15:00:00,53,18.0,0,Continuity (2-mould press)
2026-04-29 00:00:00,B,4509,1325222318098HRHE0,2026-04-29 15:00:00,2026-04-29 23:00:00,53,18.0,0,Continuity (2-mould press)
2026-04-29 00:00:00,C,4509,1325222318098HRHE0,2026-04-29 23:00:00,2026-04-30 07:00:00,53,18.0,0,Continuity (2-mould press)
2026-04-30 00:00:00,A,4509,1325222318098HRHE0,2026-04-30 07:00:00,2026-04-30 15:00:00,53,18.0,0,Continuity (2-mould press)
2026-04-30 00:00:00,B,4509,1325222318098HRHE0,2026-04-30 15:00:00,2026-04-30 19:18:00,29,18.0,0,Continuity (2-mould press)
2026-04-28 00:00:00,A,4510,1D25215013008SXC10,2026-04-28 07:00:00,2026-04-28 15:00:00,51,19.0,0,Continuity (2-mould press)
2026-04-28 00:00:00,B,4510,1D25215013008SXC10,2026-04-28 15:00:00,2026-04-28 23:00:00,51,19.0,0,Continuity (2-mould press)
2026-04-28 00:00:00,C,4510,1D25215013008SXC10,2026-04-28 23:00:00,2026-04-29 07:00:00,51,19.0,0,Continuity (2-mould press)
2026-04-29 00:00:00,A,4510,1D25215013008SXC10,2026-04-29 07:00:00,2026-04-29 07:04:00,0,19.0,0,Continuity (2-mould press)
2026-04-29 00:00:00,A,4510,MOULD_CLEAN,2026-04-29 07:04:00,2026-04-29 10:04:00,0,0.0,0,Mould cleaning (continuity)
2026-04-29 00:00:00,A,4510,1D25215013008SXC10,2026-04-29 10:04:00,2026-04-29 15:00:00,31,19.0,0,Continuity (2-mould press)
2026-04-29 00:00:00,B,4510,1D25215013008SXC10,2026-04-29 15:00:00,2026-04-29 23:00:00,51,19.0,0,Continuity (2-mould press)
2026-04-29 00:00:00,C,4510,1D25215013008SXC10,2026-04-29 23:00:00,2026-04-30 07:00:00,51,19.0,0,Continuity (2-mould press)
2026-04-30 00:00:00,A,4510,1D25215013008SXC10,2026-04-30 07:00:00,2026-04-30 15:00:00,51,19.0,0,Continuity (2-mould press)
2026-04-30 00:00:00,B,4510,1D25215013008SXC10,2026-04-30 15:00:00,2026-04-30 15:31:00,3,19.0,0,Continuity (2-mould press)
2026-04-28 00:00:00,A,4511,1325222318098HRHE0,2026-04-28 07:00:00,2026-04-28 15:00:00,53,18.0,0,Continuity (2-mould press)
2026-04-28 00:00:00,B,4511,1325222318098HRHE0,2026-04-28 15:00:00,2026-04-28 23:00:00,53,18.0,0,Continuity (2-mould press)
2026-04-28 00:00:00,C,4511,1325222318098HRHE0,2026-04-28 23:00:00,2026-04-29 07:00:00,53,18.0,0,Continuity (2-mould press)
2026-04-29 00:00:00,A,4511,1325222318098HRHE0,2026-04-29 07:00:00,2026-04-29 15:00:00,53,18.0,0,Continuity (2-mould press)
2026-04-29 00:00:00,B,4511,1325222318098HRHE0,2026-04-29 15:00:00,2026-04-29 23:00:00,53,18.0,0,Continuity (2-mould press)
2026-04-29 00:00:00,C,4511,1325222318098HRHE0,2026-04-29 23:00:00,2026-04-30 07:00:00,53,18.0,0,Continuity (2-mould press)
2026-04-30 00:00:00,A,4511,1325222318098HRHE0,2026-04-30 07:00:00,2026-04-30 15:00:00,53,18.0,0,Continuity (2-mould press)
2026-04-30 00:00:00,B,4511,1325222318098HRHE0,2026-04-30 15:00:00,2026-04-30 18:24:00,23,18.0,0,Continuity (2-mould press)
2026-04-28 00:00:00,A,4512,1D25215013008SXC10,2026-04-28 07:00:00,2026-04-28 15:00:00,51,19.0,0,Continuity (2-mould press)
2026-04-28 00:00:00,B,4512,1D25215013008SXC10,2026-04-28 15:00:00,2026-04-28 23:00:00,51,19.0,0,Continuity (2-mould press)
2026-04-28 00:00:00,C,4512,1D25215013008SXC10,2026-04-28 23:00:00,2026-04-29 07:00:00,51,19.0,0,Continuity (2-mould press)
2026-04-29 00:00:00,A,4512,1D25215013008SXC10,2026-04-29 07:00:00,2026-04-29 07:04:00,0,19.0,0,Continuity (2-mould press)
2026-04-29 00:00:00,A,4512,MOULD_CLEAN,2026-04-29 07:04:00,2026-04-29 10:04:00,0,0.0,0,Mould cleaning (continuity)
2026-04-29 00:00:00,A,4512,1D25215013008SXC10,2026-04-29 10:04:00,2026-04-29 15:00:00,31,19.0,0,Continuity (2-mould press)
2026-04-29 00:00:00,B,4512,1D25215013008SXC10,2026-04-29 15:00:00,2026-04-29 23:00:00,51,19.0,0,Continuity (2-mould press)
2026-04-29 00:00:00,C,4512,1D25215013008SXC10,2026-04-29 23:00:00,2026-04-30 07:00:00,51,19.0,0,Continuity (2-mould press)
2026-04-30 00:00:00,A,4512,1D25215013008SXC10,2026-04-30 07:00:00,2026-04-30 15:00:00,51,19.0,0,Continuity (2-mould press)
2026-04-30 00:00:00,B,4512,1D25215013008SXC10,2026-04-30 15:00:00,2026-04-30 15:31:00,3,19.0,0,Continuity (2-mould press)
2026-04-28 00:00:00,A,4513,1325225518111HRAT0,2026-04-28 07:00:00,2026-04-28 15:00:00,51,19.0,0,Continuity (2-mould press)
2026-04-28 00:00:00,B,4513,1325225518111HRAT0,2026-04-28 15:00:00,2026-04-28 23:00:00,51,19.0,0,Continuity (2-mould press)
2026-04-28 00:00:00,C,4513,1325225518111HRAT0,2026-04-28 23:00:00,2026-04-29 07:00:00,51,19.0,0,Continuity (2-mould press)
2026-04-29 00:00:00,A,4513,1325225518111HRAT0,2026-04-29 07:00:00,2026-04-29 15:00:00,51,19.0,0,Continuity (2-mould press)
2026-04-29 00:00:00,B,4513,1325225518111HRAT0,2026-04-29 15:00:00,2026-04-29 23:00:00,51,19.0,0,Continuity (2-mould press)
2026-04-29 00:00:00,C,4513,1325225518111HRAT0,2026-04-29 23:00:00,2026-04-30 07:00:00,51,19.0,0,Continuity (2-mould press)
2026-04-30 00:00:00,A,4513,1325225518111HRAT0,2026-04-30 07:00:00,2026-04-30 15:00:00,51,19.0,0,Continuity (2-mould press)
2026-04-30 00:00:00,B,4513,1325225518111HRAT0,2026-04-30 15:00:00,2026-04-30 23:00:00,51,19.0,0,Continuity (2-mould press)
2026-04-30 00:00:00,C,4513,1325225518111HRAT0,2026-04-30 23:00:00,2026-05-01 02:46:00,24,19.0,0,Continuity (2-mould press)
2026-04-28 00:00:00,A,4514,1D25215013008SXC10,2026-04-28 07:00:00,2026-04-28 15:00:00,51,19.0,0,Continuity (2-mould press)
2026-04-28 00:00:00,B,4514,1D25215013008SXC10,2026-04-28 15:00:00,2026-04-28 23:00:00,51,19.0,0,Continuity (2-mould press)
2026-04-28 00:00:00,C,4514,1D25215013008SXC10,2026-04-28 23:00:00,2026-04-29 06:45:00,49,19.0,0,Continuity (2-mould press)
2026-04-28 00:00:00,C,4514,MOULD_CLEAN,2026-04-29 06:45:00,2026-04-29 07:00:00,0,0.0,0,Mould cleaning (continuity)
2026-04-29 00:00:00,A,4514,MOULD_CLEAN,2026-04-29 07:00:00,2026-04-29 09:45:00,0,0.0,0,Mould cleaning (continuity)
2026-04-29 00:00:00,A,4514,1D25215013008SXC10,2026-04-29 09:45:00,2026-04-29 15:00:00,33,19.0,0,Continuity (2-mould press)
2026-04-29 00:00:00,B,4514,1D25215013008SXC10,2026-04-29 15:00:00,2026-04-29 23:00:00,51,19.0,0,Continuity (2-mould press)
2026-04-29 00:00:00,C,4514,1D25215013008SXC10,2026-04-29 23:00:00,2026-04-30 07:00:00,51,19.0,0,Continuity (2-mould press)
2026-04-30 00:00:00,A,4514,1D25215013008SXC10,2026-04-30 07:00:00,2026-04-30 15:00:00,51,19.0,0,Continuity (2-mould press)
2026-04-30 00:00:00,B,4514,1D25215013008SXC10,2026-04-30 15:00:00,2026-04-30 15:31:00,3,19.0,0,Continuity (2-mould press)
2026-04-28 00:00:00,A,4515,1325225518111HRAT0,2026-04-28 07:00:00,2026-04-28 15:00:00,51,19.0,0,Continuity (2-mould press)
2026-04-28 00:00:00,B,4515,1325225518111HRAT0,2026-04-28 15:00:00,2026-04-28 23:00:00,51,19.0,0,Continuity (2-mould press)
2026-04-28 00:00:00,C,4515,1325225518111HRAT0,2026-04-28 23:00:00,2026-04-29 07:00:00,51,19.0,0,Continuity (2-mould press)
2026-04-29 00:00:00,A,4515,1325225518111HRAT0,2026-04-29 07:00:00,2026-04-29 15:00:00,51,19.0,0,Continuity (2-mould press)
2026-04-29 00:00:00,B,4515,1325225518111HRAT0,2026-04-29 15:00:00,2026-04-29 23:00:00,51,19.0,0,Continuity (2-mould press)
2026-04-29 00:00:00,C,4515,1325225518111HRAT0,2026-04-29 23:00:00,2026-04-30 07:00:00,51,19.0,0,Continuity (2-mould press)
2026-04-30 00:00:00,A,4515,1325225518111HRAT0,2026-04-30 07:00:00,2026-04-30 15:00:00,51,19.0,0,Continuity (2-mould press)
2026-04-30 00:00:00,B,4515,1325225518111HRAT0,2026-04-30 15:00:00,2026-04-30 23:00:00,51,19.0,0,Continuity (2-mould press)
2026-04-30 00:00:00,C,4515,1325225518111HRAT0,2026-04-30 23:00:00,2026-05-01 02:27:00,22,19.0,0,Continuity (2-mould press)
2026-04-28 00:00:00,A,4601,1D25215013008SXC1T,2026-04-28 07:00:00,2026-04-28 15:00:00,48,20.0,0,Continuity (2-mould press)
2026-04-28 00:00:00,B,4601,1D25215013008SXC1T,2026-04-28 15:00:00,2026-04-28 23:00:00,48,20.0,0,Continuity (2-mould press)
2026-04-28 00:00:00,C,4601,1D25215013008SXC1T,2026-04-28 23:00:00,2026-04-29 07:00:00,48,20.0,0,Continuity (2-mould press)
2026-04-29 00:00:00,A,4601,1D25215013008SXC1T,2026-04-29 07:00:00,2026-04-29 15:00:00,48,20.0,0,Continuity (2-mould press)
2026-04-29 00:00:00,B,4601,1D25215013008SXC1T,2026-04-29 15:00:00,2026-04-29 23:00:00,48,20.0,0,Continuity (2-mould press)
2026-04-29 00:00:00,C,4601,1D25215013008SXC1T,2026-04-29 23:00:00,2026-04-30 07:00:00,48,20.0,0,Continuity (2-mould press)
2026-04-30 00:00:00,A,4601,1D25215013008SXC1T,2026-04-30 07:00:00,2026-04-30 15:00:00,48,20.0,0,Continuity (2-mould press)
2026-04-30 00:00:00,B,4601,1D25215013008SXC1T,2026-04-30 15:00:00,2026-04-30 18:00:00,18,20.0,0,Continuity (2-mould press)
2026-04-28 00:00:00,A,4602,1325225518111HRHB0,2026-04-28 07:00:00,2026-04-28 15:00:00,53,18.0,0,Continuity (2-mould press)
2026-04-28 00:00:00,B,4602,1325225518111HRHB0,2026-04-28 15:00:00,2026-04-28 23:00:00,53,18.0,0,Continuity (2-mould press)
2026-04-28 00:00:00,C,4602,1325225518111HRHB0,2026-04-28 23:00:00,2026-04-29 07:00:00,53,18.0,0,Continuity (2-mould press)
2026-04-29 00:00:00,A,4602,1325225518111HRHB0,2026-04-29 07:00:00,2026-04-29 15:00:00,53,18.0,0,Continuity (2-mould press)
2026-04-29 00:00:00,B,4602,1325225518111HRHB0,2026-04-29 15:00:00,2026-04-29 23:00:00,53,18.0,0,Continuity (2-mould press)
2026-04-29 00:00:00,C,4602,1325225518111HRHB0,2026-04-29 23:00:00,2026-04-30 07:00:00,53,18.0,0,Continuity (2-mould press)
2026-04-30 00:00:00,A,4602,1325225518111HRHB0,2026-04-30 07:00:00,2026-04-30 15:00:00,53,18.0,0,Continuity (2-mould press)
2026-04-30 00:00:00,B,4602,1325225518111HRHB0,2026-04-30 15:00:00,2026-04-30 19:18:00,29,18.0,0,Continuity (2-mould press)
2026-04-28 00:00:00,A,4603,1325221318095HURL0,2026-04-28 07:00:00,2026-04-28 15:00:00,51,19.0,0,Continuity (2-mould press)
2026-04-28 00:00:00,B,4603,1325221318095HURL0,2026-04-28 15:00:00,2026-04-28 23:00:00,51,19.0,0,Continuity (2-mould press)
2026-04-28 00:00:00,C,4603,1325221318095HURL0,2026-04-28 23:00:00,2026-04-29 07:00:00,51,19.0,0,Continuity (2-mould press)
2026-04-29 00:00:00,A,4603,1325221318095HURL0,2026-04-29 07:00:00,2026-04-29 08:20:00,8,19.0,0,Continuity (2-mould press)
2026-04-28 00:00:00,A,4604,1325231015109QRMT0,2026-04-28 07:00:00,2026-04-28 15:00:00,38,25.0,0,Continuity (2-mould press)
2026-04-28 00:00:00,B,4604,1325231015109QRMT0,2026-04-28 15:00:00,2026-04-28 23:00:00,38,25.0,0,Continuity (2-mould press)
2026-04-28 00:00:00,C,4604,1325231015109QRMT0,2026-04-28 23:00:00,2026-04-29 07:00:00,38,25.0,0,Continuity (2-mould press)
2026-04-29 00:00:00,A,4604,1325231015109QRMT0,2026-04-29 07:00:00,2026-04-29 15:00:00,38,25.0,0,Continuity (2-mould press)
2026-04-29 00:00:00,B,4604,1325231015109QRMT0,2026-04-29 15:00:00,2026-04-29 23:00:00,38,25.0,0,Continuity (2-mould press)
2026-04-29 00:00:00,C,4604,1325231015109QRMT0,2026-04-29 23:00:00,2026-04-30 07:00:00,38,25.0,0,Continuity (2-mould press)
2026-04-30 00:00:00,A,4604,1325231015109QRMT0,2026-04-30 07:00:00,2026-04-30 15:00:00,38,25.0,0,Continuity (2-mould press)
2026-04-30 00:00:00,B,4604,1325231015109QRMT0,2026-04-30 15:00:00,2026-04-30 23:00:00,38,25.0,0,Continuity (2-mould press)
2026-04-30 00:00:00,C,4604,1325231015109QRMT0,2026-04-30 23:00:00,2026-05-01 07:00:00,38,25.0,0,Continuity (2-mould press)
2026-05-01 00:00:00,A,4604,1325231015109QRMT0,2026-05-01 07:00:00,2026-05-01 15:00:00,38,25.0,0,Continuity (2-mould press)
2026-05-01 00:00:00,B,4604,1325231015109QRMT0,2026-05-01 15:00:00,2026-05-01 23:00:00,38,25.0,0,Continuity (2-mould press)
2026-05-01 00:00:00,C,4604,1325231015109QRMT0,2026-05-01 23:00:00,2026-05-02 07:00:00,38,25.0,0,Continuity (2-mould press)
2026-05-02 00:00:00,A,4604,1325231015109QRMT0,2026-05-02 07:00:00,2026-05-02 15:00:00,38,25.0,0,Continuity (2-mould press)
2026-05-02 00:00:00,B,4604,1325231015109QRMT0,2026-05-02 15:00:00,2026-05-02 23:00:00,38,25.0,0,Continuity (2-mould press)
2026-05-02 00:00:00,C,4604,1325231015109QRMT0,2026-05-02 23:00:00,2026-05-03 07:00:00,38,25.0,0,Continuity (2-mould press)
2026-05-03 00:00:00,A,4604,1325231015109QRMT0,2026-05-03 07:00:00,2026-05-03 15:00:00,38,25.0,0,Continuity (2-mould press)
2026-05-03 00:00:00,B,4604,1325231015109QRMT0,2026-05-03 15:00:00,2026-05-03 23:00:00,38,25.0,0,Continuity (2-mould press)
2026-05-03 00:00:00,C,4604,1325231015109QRMT0,2026-05-03 23:00:00,2026-05-04 07:00:00,38,25.0,0,Continuity (2-mould press)
2026-05-04 00:00:00,A,4604,1325231015109QRMT0,2026-05-04 07:00:00,2026-05-04 15:00:00,38,25.0,0,Continuity (2-mould press)
2026-05-04 00:00:00,B,4604,1325231015109QRMT0,2026-05-04 15:00:00,2026-05-04 23:00:00,38,25.0,0,Continuity (2-mould press)
2026-05-04 00:00:00,C,4604,1325231015109QRMT0,2026-05-04 23:00:00,2026-05-05 07:00:00,38,25.0,0,Continuity (2-mould press)
2026-05-05 00:00:00,A,4604,1325231015109QRMT0,2026-05-05 07:00:00,2026-05-05 15:00:00,38,25.0,0,Continuity (2-mould press)
2026-05-05 00:00:00,B,4604,1325231015109QRMT0,2026-05-05 15:00:00,2026-05-05 23:00:00,38,25.0,0,Continuity (2-mould press)
2026-05-05 00:00:00,C,4604,1325231015109QRMT0,2026-05-05 23:00:00,2026-05-06 07:00:00,38,25.0,0,Continuity (2-mould press)
2026-05-06 00:00:00,A,4604,1325231015109QRMT0,2026-05-06 07:00:00,2026-05-06 15:00:00,38,25.0,0,Continuity (2-mould press)
2026-05-06 00:00:00,B,4604,1325231015109QRMT0,2026-05-06 15:00:00,2026-05-06 23:00:00,38,25.0,0,Continuity (2-mould press)
2026-05-06 00:00:00,C,4604,1325231015109QRMT0,2026-05-06 23:00:00,2026-05-07 07:00:00,38,25.0,0,Continuity (2-mould press)
2026-05-07 00:00:00,A,4604,1325231015109QRMT0,2026-05-07 07:00:00,2026-05-07 09:45:00,13,25.0,0,Continuity (2-mould press)
2026-04-28 00:00:00,A,4605,1325225518111HRAT0,2026-04-28 07:00:00,2026-04-28 15:00:00,51,19.0,0,Continuity (2-mould press)
2026-04-28 00:00:00,B,4605,1325225518111HRAT0,2026-04-28 15:00:00,2026-04-28 23:00:00,51,19.0,0,Continuity (2-mould press)
2026-04-28 00:00:00,C,4605,1325225518111HRAT0,2026-04-28 23:00:00,2026-04-29 07:00:00,51,19.0,0,Continuity (2-mould press)
2026-04-29 00:00:00,A,4605,1325225518111HRAT0,2026-04-29 07:00:00,2026-04-29 15:00:00,51,19.0,0,Continuity (2-mould press)
2026-04-29 00:00:00,B,4605,1325225518111HRAT0,2026-04-29 15:00:00,2026-04-29 23:00:00,51,19.0,0,Continuity (2-mould press)
2026-04-29 00:00:00,C,4605,1325225518111HRAT0,2026-04-29 23:00:00,2026-04-30 07:00:00,51,19.0,0,Continuity (2-mould press)
2026-04-30 00:00:00,A,4605,1325225518111HRAT0,2026-04-30 07:00:00,2026-04-30 15:00:00,51,19.0,0,Continuity (2-mould press)
2026-04-30 00:00:00,B,4605,1325225518111HRAT0,2026-04-30 15:00:00,2026-04-30 23:00:00,51,19.0,0,Continuity (2-mould press)
2026-04-30 00:00:00,C,4605,1325225518111HRAT0,2026-04-30 23:00:00,2026-05-01 02:46:00,24,19.0,0,Continuity (2-mould press)
2026-04-28 00:00:00,A,4606,1D25215013008SXC1T,2026-04-28 07:00:00,2026-04-28 15:00:00,48,20.0,0,Continuity (2-mould press)
2026-04-28 00:00:00,B,4606,1D25215013008SXC1T,2026-04-28 15:00:00,2026-04-28 23:00:00,48,20.0,0,Continuity (2-mould press)
2026-04-28 00:00:00,C,4606,1D25215013008SXC1T,2026-04-28 23:00:00,2026-04-29 07:00:00,48,20.0,0,Continuity (2-mould press)
2026-04-29 00:00:00,A,4606,1D25215013008SXC1T,2026-04-29 07:00:00,2026-04-29 15:00:00,48,20.0,0,Continuity (2-mould press)
2026-04-29 00:00:00,B,4606,1D25215013008SXC1T,2026-04-29 15:00:00,2026-04-29 23:00:00,48,20.0,0,Continuity (2-mould press)
2026-04-29 00:00:00,C,4606,1D25215013008SXC1T,2026-04-29 23:00:00,2026-04-30 07:00:00,48,20.0,0,Continuity (2-mould press)
2026-04-30 00:00:00,A,4606,1D25215013008SXC1T,2026-04-30 07:00:00,2026-04-30 15:00:00,48,20.0,0,Continuity (2-mould press)
2026-04-30 00:00:00,B,4606,1D25215013008SXC1T,2026-04-30 15:00:00,2026-04-30 17:40:00,16,20.0,0,Continuity (2-mould press)
2026-04-28 00:00:00,A,4607,1325222318098HRHE0,2026-04-28 07:00:00,2026-04-28 15:00:00,53,18.0,0,Continuity (2-mould press)
2026-04-28 00:00:00,B,4607,1325222318098HRHE0,2026-04-28 15:00:00,2026-04-28 23:00:00,53,18.0,0,Continuity (2-mould press)
2026-04-28 00:00:00,C,4607,1325222318098HRHE0,2026-04-28 23:00:00,2026-04-29 07:00:00,53,18.0,0,Continuity (2-mould press)
2026-04-29 00:00:00,A,4607,1325222318098HRHE0,2026-04-29 07:00:00,2026-04-29 15:00:00,53,18.0,0,Continuity (2-mould press)
2026-04-29 00:00:00,B,4607,1325222318098HRHE0,2026-04-29 15:00:00,2026-04-29 23:00:00,53,18.0,0,Continuity (2-mould press)
2026-04-29 00:00:00,C,4607,1325222318098HRHE0,2026-04-29 23:00:00,2026-04-30 07:00:00,53,18.0,0,Continuity (2-mould press)
2026-04-30 00:00:00,A,4607,1325222318098HRHE0,2026-04-30 07:00:00,2026-04-30 15:00:00,53,18.0,0,Continuity (2-mould press)
2026-04-30 00:00:00,B,4607,1325222318098HRHE0,2026-04-30 15:00:00,2026-04-30 19:18:00,29,18.0,0,Continuity (2-mould press)
2026-04-28 00:00:00,A,4608,1325226617118QRMT0,2026-04-28 07:00:00,2026-04-28 15:00:00,37,26.0,0,Continuity (2-mould press)
2026-04-28 00:00:00,B,4608,1325226617118QRMT0,2026-04-28 15:00:00,2026-04-28 23:00:00,37,26.0,0,Continuity (2-mould press)
2026-04-28 00:00:00,C,4608,1325226617118QRMT0,2026-04-28 23:00:00,2026-04-29 07:00:00,37,26.0,0,Continuity (2-mould press)
2026-04-29 00:00:00,A,4608,1325226617118QRMT0,2026-04-29 07:00:00,2026-04-29 08:34:00,7,26.0,0,Continuity (2-mould press)
2026-04-28 00:00:00,A,4609,1325215513073TUNE0,2026-04-28 07:00:00,2026-04-28 15:00:00,64,15.0,0,Continuity (2-mould press)
2026-04-28 00:00:00,B,4609,1325215513073TUNE0,2026-04-28 15:00:00,2026-04-28 23:00:00,64,15.0,0,Continuity (2-mould press)
2026-04-28 00:00:00,C,4609,1325215513073TUNE0,2026-04-28 23:00:00,2026-04-29 07:00:00,64,15.0,0,Continuity (2-mould press)
2026-04-29 00:00:00,A,4609,1325215513073TUNE0,2026-04-29 07:00:00,2026-04-29 15:00:00,64,15.0,0,Continuity (2-mould press)
2026-04-29 00:00:00,B,4609,1325215513073TUNE0,2026-04-29 15:00:00,2026-04-29 19:45:00,38,15.0,0,Continuity (2-mould press)
2026-04-28 00:00:00,A,4610,1325225518111HRHB0,2026-04-28 07:00:00,2026-04-28 15:00:00,53,18.0,0,Continuity (2-mould press)
2026-04-28 00:00:00,B,4610,1325225518111HRHB0,2026-04-28 15:00:00,2026-04-28 23:00:00,53,18.0,0,Continuity (2-mould press)
2026-04-28 00:00:00,C,4610,1325225518111HRHB0,2026-04-28 23:00:00,2026-04-29 07:00:00,53,18.0,0,Continuity (2-mould press)
2026-04-29 00:00:00,A,4610,1325225518111HRHB0,2026-04-29 07:00:00,2026-04-29 15:00:00,53,18.0,0,Continuity (2-mould press)
2026-04-29 00:00:00,B,4610,1325225518111HRHB0,2026-04-29 15:00:00,2026-04-29 23:00:00,53,18.0,0,Continuity (2-mould press)
2026-04-29 00:00:00,C,4610,1325225518111HRHB0,2026-04-29 23:00:00,2026-04-30 07:00:00,53,18.0,0,Continuity (2-mould press)
2026-04-30 00:00:00,A,4610,1325225518111HRHB0,2026-04-30 07:00:00,2026-04-30 15:00:00,53,18.0,0,Continuity (2-mould press)
2026-04-30 00:00:00,B,4610,1325225518111HRHB0,2026-04-30 15:00:00,2026-04-30 19:18:00,29,18.0,0,Continuity (2-mould press)
2026-04-28 00:00:00,A,4801,1325225518111HRAT1,2026-04-28 07:00:00,2026-04-28 15:00:00,51,19.0,0,Continuity (2-mould press)
2026-04-28 00:00:00,B,4801,1325225518111HRAT1,2026-04-28 15:00:00,2026-04-28 23:00:00,51,19.0,0,Continuity (2-mould press)
2026-04-28 00:00:00,C,4801,1325225518111HRAT1,2026-04-28 23:00:00,2026-04-29 07:00:00,51,19.0,0,Continuity (2-mould press)
2026-04-29 00:00:00,A,4801,1325225518111HRAT1,2026-04-29 07:00:00,2026-04-29 15:00:00,51,19.0,0,Continuity (2-mould press)
2026-04-29 00:00:00,B,4801,1325225518111HRAT1,2026-04-29 15:00:00,2026-04-29 15:37:00,4,19.0,0,Continuity (2-mould press)
2026-04-28 00:00:00,A,4802,1D25216814008QXPC0,2026-04-28 07:00:00,2026-04-28 15:00:00,48,20.0,0,Continuity (2-mould press)
2026-04-28 00:00:00,B,4802,1D25216814008QXPC0,2026-04-28 15:00:00,2026-04-28 23:00:00,48,20.0,0,Continuity (2-mould press)
2026-04-28 00:00:00,C,4802,1D25216814008QXPC0,2026-04-28 23:00:00,2026-04-29 06:20:00,44,20.0,0,Continuity (2-mould press)
2026-04-28 00:00:00,A,4803,1325224716111SELS0,2026-04-28 07:00:00,2026-04-28 15:00:00,51,19.0,0,Continuity (2-mould press)
2026-04-28 00:00:00,B,4803,1325224716111SELS0,2026-04-28 15:00:00,2026-04-28 23:00:00,51,19.0,0,Continuity (2-mould press)
2026-04-28 00:00:00,C,4803,1325224716111SELS0,2026-04-28 23:00:00,2026-04-29 07:00:00,51,19.0,0,Continuity (2-mould press)
2026-04-29 00:00:00,A,4803,1325224716111SELS0,2026-04-29 07:00:00,2026-04-29 15:00:00,51,19.0,0,Continuity (2-mould press)
2026-04-29 00:00:00,B,4803,1325224716111SELS0,2026-04-29 15:00:00,2026-04-29 23:00:00,51,19.0,0,Continuity (2-mould press)
2026-04-29 00:00:00,C,4803,1325224716111SELS0,2026-04-29 23:00:00,2026-04-30 07:00:00,51,19.0,0,Continuity (2-mould press)
2026-04-30 00:00:00,A,4803,1325224716111SELS0,2026-04-30 07:00:00,2026-04-30 15:00:00,51,19.0,0,Continuity (2-mould press)
2026-04-30 00:00:00,B,4803,1325224716111SELS0,2026-04-30 15:00:00,2026-04-30 23:00:00,51,19.0,0,Continuity (2-mould press)
2026-04-30 00:00:00,C,4803,1325224716111SELS0,2026-04-30 23:00:00,2026-05-01 07:00:00,51,19.0,0,Continuity (2-mould press)
2026-05-01 00:00:00,A,4803,1325224716111SELS0,2026-05-01 07:00:00,2026-05-01 15:00:00,51,19.0,0,Continuity (2-mould press)
2026-05-01 00:00:00,B,4803,1325224716111SELS0,2026-05-01 15:00:00,2026-05-01 23:00:00,51,19.0,0,Continuity (2-mould press)
2026-05-01 00:00:00,C,4803,1325224716111SELS0,2026-05-01 23:00:00,2026-05-02 07:00:00,51,19.0,0,Continuity (2-mould press)
2026-05-02 00:00:00,A,4803,1325224716111SELS0,2026-05-02 07:00:00,2026-05-02 15:00:00,51,19.0,0,Continuity (2-mould press)
2026-05-02 00:00:00,B,4803,1325224716111SELS0,2026-05-02 15:00:00,2026-05-02 23:00:00,51,19.0,0,Continuity (2-mould press)
2026-05-02 00:00:00,C,4803,1325224716111SELS0,2026-05-02 23:00:00,2026-05-03 07:00:00,51,19.0,0,Continuity (2-mould press)
2026-05-03 00:00:00,A,4803,1325224716111SELS0,2026-05-03 07:00:00,2026-05-03 15:00:00,51,19.0,0,Continuity (2-mould press)
2026-05-03 00:00:00,B,4803,1325224716111SELS0,2026-05-03 15:00:00,2026-05-03 23:00:00,51,19.0,0,Continuity (2-mould press)
2026-05-03 00:00:00,C,4803,1325224716111SELS0,2026-05-03 23:00:00,2026-05-04 07:00:00,51,19.0,0,Continuity (2-mould press)
2026-05-04 00:00:00,A,4803,1325224716111SELS0,2026-05-04 07:00:00,2026-05-04 15:00:00,51,19.0,0,Continuity (2-mould press)
2026-05-04 00:00:00,B,4803,1325224716111SELS0,2026-05-04 15:00:00,2026-05-04 23:00:00,51,19.0,0,Continuity (2-mould press)
2026-05-04 00:00:00,C,4803,1325224716111SELS0,2026-05-04 23:00:00,2026-05-05 07:00:00,51,19.0,0,Continuity (2-mould press)
2026-05-05 00:00:00,A,4803,1325224716111SELS0,2026-05-05 07:00:00,2026-05-05 15:00:00,51,19.0,0,Continuity (2-mould press)
2026-05-05 00:00:00,B,4803,1325224716111SELS0,2026-05-05 15:00:00,2026-05-05 23:00:00,51,19.0,0,Continuity (2-mould press)
2026-05-05 00:00:00,C,4803,1325224716111SELS0,2026-05-05 23:00:00,2026-05-06 07:00:00,51,19.0,0,Continuity (2-mould press)
2026-05-06 00:00:00,A,4803,1325224716111SELS0,2026-05-06 07:00:00,2026-05-06 15:00:00,51,19.0,0,Continuity (2-mould press)
2026-05-06 00:00:00,B,4803,1325224716111SELS0,2026-05-06 15:00:00,2026-05-06 23:00:00,51,19.0,0,Continuity (2-mould press)
2026-05-06 00:00:00,C,4803,1325224716111SELS0,2026-05-06 23:00:00,2026-05-07 07:00:00,51,19.0,0,Continuity (2-mould press)
2026-05-07 00:00:00,A,4803,1325224716111SELS0,2026-05-07 07:00:00,2026-05-07 15:00:00,51,19.0,0,Continuity (2-mould press)
2026-05-07 00:00:00,B,4803,1325224716111SELS0,2026-05-07 15:00:00,2026-05-07 23:00:00,51,19.0,0,Continuity (2-mould press)
2026-05-07 00:00:00,C,4803,1325224716111SELS0,2026-05-07 23:00:00,2026-05-08 07:00:00,51,19.0,0,Continuity (2-mould press)
2026-05-08 00:00:00,A,4803,1325224716111SELS0,2026-05-08 07:00:00,2026-05-08 15:00:00,51,19.0,0,Continuity (2-mould press)
2026-05-08 00:00:00,B,4803,1325224716111SELS0,2026-05-08 15:00:00,2026-05-08 23:00:00,51,19.0,0,Continuity (2-mould press)
2026-05-08 00:00:00,C,4803,1325224716111SELS0,2026-05-08 23:00:00,2026-05-09 07:00:00,51,19.0,0,Continuity (2-mould press)
2026-05-09 00:00:00,A,4803,1325224716111SELS0,2026-05-09 07:00:00,2026-05-09 15:00:00,51,19.0,0,Continuity (2-mould press)
2026-05-09 00:00:00,B,4803,1325224716111SELS0,2026-05-09 15:00:00,2026-05-09 23:00:00,51,19.0,0,Continuity (2-mould press)
2026-05-09 00:00:00,C,4803,1325224716111SELS0,2026-05-09 23:00:00,2026-05-10 07:00:00,51,19.0,0,Continuity (2-mould press)
2026-05-10 00:00:00,A,4803,1325224716111SELS0,2026-05-10 07:00:00,2026-05-10 15:00:00,51,19.0,0,Continuity (2-mould press)
2026-05-10 00:00:00,B,4803,1325224716111SELS0,2026-05-10 15:00:00,2026-05-10 23:00:00,51,19.0,0,Continuity (2-mould press)
2026-05-10 00:00:00,C,4803,1325224716111SELS0,2026-05-10 23:00:00,2026-05-11 07:00:00,51,19.0,0,Continuity (2-mould press)
2026-05-11 00:00:00,A,4803,1325224716111SELS0,2026-05-11 07:00:00,2026-05-11 15:00:00,51,19.0,0,Continuity (2-mould press)
2026-05-11 00:00:00,B,4803,1325224716111SELS0,2026-05-11 15:00:00,2026-05-11 23:00:00,51,19.0,0,Continuity (2-mould press)
2026-05-11 00:00:00,C,4803,1325224716111SELS0,2026-05-11 23:00:00,2026-05-12 07:00:00,51,19.0,0,Continuity (2-mould press)
2026-05-12 00:00:00,A,4803,1325224716111SELS0,2026-05-12 07:00:00,2026-05-12 15:00:00,51,19.0,0,Continuity (2-mould press)
2026-05-12 00:00:00,B,4803,1325224716111SELS0,2026-05-12 15:00:00,2026-05-12 23:00:00,51,19.0,0,Continuity (2-mould press)
2026-05-12 00:00:00,C,4803,1325224716111SELS0,2026-05-12 23:00:00,2026-05-13 07:00:00,51,19.0,0,Continuity (2-mould press)
2026-05-13 00:00:00,A,4803,1325224716111SELS0,2026-05-13 07:00:00,2026-05-13 15:00:00,51,19.0,0,Continuity (2-mould press)
2026-05-13 00:00:00,B,4803,1325224716111SELS0,2026-05-13 15:00:00,2026-05-13 23:00:00,51,19.0,0,Continuity (2-mould press)
2026-05-13 00:00:00,C,4803,1325224716111SELS0,2026-05-13 23:00:00,2026-05-14 07:00:00,51,19.0,0,Continuity (2-mould press)
2026-05-14 00:00:00,A,4803,1325224716111SELS0,2026-05-14 07:00:00,2026-05-14 15:00:00,51,19.0,0,Continuity (2-mould press)
2026-05-14 00:00:00,B,4803,1325224716111SELS0,2026-05-14 15:00:00,2026-05-14 23:00:00,51,19.0,0,Continuity (2-mould press)
2026-05-14 00:00:00,C,4803,1325224716111SELS0,2026-05-14 23:00:00,2026-05-15 07:00:00,51,19.0,0,Continuity (2-mould press)
2026-05-15 00:00:00,A,4803,1325224716111SELS0,2026-05-15 07:00:00,2026-05-15 15:00:00,51,19.0,0,Continuity (2-mould press)
2026-05-15 00:00:00,B,4803,1325224716111SELS0,2026-05-15 15:00:00,2026-05-15 23:00:00,51,19.0,0,Continuity (2-mould press)
2026-05-15 00:00:00,C,4803,1325224716111SELS0,2026-05-15 23:00:00,2026-05-16 07:00:00,51,19.0,0,Continuity (2-mould press)
2026-05-16 00:00:00,A,4803,1325224716111SELS0,2026-05-16 07:00:00,2026-05-16 15:00:00,51,19.0,0,Continuity (2-mould press)
2026-05-16 00:00:00,B,4803,1325224716111SELS0,2026-05-16 15:00:00,2026-05-16 23:00:00,51,19.0,0,Continuity (2-mould press)
2026-05-16 00:00:00,C,4803,1325224716111SELS0,2026-05-16 23:00:00,2026-05-17 07:00:00,51,19.0,0,Continuity (2-mould press)
2026-05-17 00:00:00,A,4803,1325224716111SELS0,2026-05-17 07:00:00,2026-05-17 15:00:00,51,19.0,0,Continuity (2-mould press)
2026-05-17 00:00:00,B,4803,1325224716111SELS0,2026-05-17 15:00:00,2026-05-17 23:00:00,51,19.0,0,Continuity (2-mould press)
2026-05-17 00:00:00,C,4803,1325224716111SELS0,2026-05-17 23:00:00,2026-05-18 07:00:00,51,19.0,0,Continuity (2-mould press)
2026-05-18 00:00:00,A,4803,1325224716111SELS0,2026-05-18 07:00:00,2026-05-18 15:00:00,51,19.0,0,Continuity (2-mould press)
2026-05-18 00:00:00,B,4803,1325224716111SELS0,2026-05-18 15:00:00,2026-05-18 23:00:00,51,19.0,0,Continuity (2-mould press)
2026-05-18 00:00:00,C,4803,1325224716111SELS0,2026-05-18 23:00:00,2026-05-19 07:00:00,51,19.0,0,Continuity (2-mould press)
2026-05-19 00:00:00,A,4803,1325224716111SELS0,2026-05-19 07:00:00,2026-05-19 15:00:00,51,19.0,0,Continuity (2-mould press)
2026-05-19 00:00:00,B,4803,1325224716111SELS0,2026-05-19 15:00:00,2026-05-19 23:00:00,51,19.0,0,Continuity (2-mould press)
2026-05-19 00:00:00,C,4803,1325224716111SELS0,2026-05-19 23:00:00,2026-05-20 07:00:00,51,19.0,0,Continuity (2-mould press)
2026-05-20 00:00:00,A,4803,1325224716111SELS0,2026-05-20 07:00:00,2026-05-20 15:00:00,51,19.0,0,Continuity (2-mould press)
2026-05-20 00:00:00,B,4803,1325224716111SELS0,2026-05-20 15:00:00,2026-05-20 23:00:00,51,19.0,0,Continuity (2-mould press)
2026-05-20 00:00:00,C,4803,1325224716111SELS0,2026-05-20 23:00:00,2026-05-21 07:00:00,51,19.0,0,Continuity (2-mould press)
2026-05-21 00:00:00,A,4803,1325224716111SELS0,2026-05-21 07:00:00,2026-05-21 15:00:00,51,19.0,0,Continuity (2-mould press)
2026-05-21 00:00:00,B,4803,1325224716111SELS0,2026-05-21 15:00:00,2026-05-21 23:00:00,51,19.0,0,Continuity (2-mould press)
2026-05-21 00:00:00,C,4803,1325224716111SELS0,2026-05-21 23:00:00,2026-05-22 07:00:00,51,19.0,0,Continuity (2-mould press)
2026-05-22 00:00:00,A,4803,1325224716111SELS0,2026-05-22 07:00:00,2026-05-22 15:00:00,51,19.0,0,Continuity (2-mould press)
2026-05-22 00:00:00,B,4803,1325224716111SELS0,2026-05-22 15:00:00,2026-05-22 23:00:00,51,19.0,0,Continuity (2-mould press)
2026-05-22 00:00:00,C,4803,1325224716111SELS0,2026-05-22 23:00:00,2026-05-23 07:00:00,51,19.0,0,Continuity (2-mould press)
2026-05-23 00:00:00,A,4803,1325224716111SELS0,2026-05-23 07:00:00,2026-05-23 15:00:00,51,19.0,0,Continuity (2-mould press)
2026-05-23 00:00:00,B,4803,1325224716111SELS0,2026-05-23 15:00:00,2026-05-23 23:00:00,51,19.0,0,Continuity (2-mould press)
2026-05-23 00:00:00,C,4803,1325224716111SELS0,2026-05-23 23:00:00,2026-05-24 07:00:00,51,19.0,0,Continuity (2-mould press)
2026-05-24 00:00:00,A,4803,1325224716111SELS0,2026-05-24 07:00:00,2026-05-24 15:00:00,51,19.0,0,Continuity (2-mould press)
2026-05-24 00:00:00,B,4803,1325224716111SELS0,2026-05-24 15:00:00,2026-05-24 23:00:00,51,19.0,0,Continuity (2-mould press)
2026-05-24 00:00:00,C,4803,1325224716111SELS0,2026-05-24 23:00:00,2026-05-25 07:00:00,51,19.0,0,Continuity (2-mould press)
2026-05-25 00:00:00,A,4803,1325224716111SELS0,2026-05-25 07:00:00,2026-05-25 15:00:00,51,19.0,0,Continuity (2-mould press)
2026-05-25 00:00:00,B,4803,1325224716111SELS0,2026-05-25 15:00:00,2026-05-25 23:00:00,51,19.0,0,Continuity (2-mould press)
2026-05-25 00:00:00,C,4803,1325224716111SELS0,2026-05-25 23:00:00,2026-05-26 07:00:00,51,19.0,0,Continuity (2-mould press)
2026-05-26 00:00:00,A,4803,1325224716111SELS0,2026-05-26 07:00:00,2026-05-26 15:00:00,51,19.0,0,Continuity (2-mould press)
2026-05-26 00:00:00,B,4803,1325224716111SELS0,2026-05-26 15:00:00,2026-05-26 23:00:00,51,19.0,0,Continuity (2-mould press)
2026-05-26 00:00:00,C,4803,1325224716111SELS0,2026-05-26 23:00:00,2026-05-27 07:00:00,51,19.0,0,Continuity (2-mould press)
2026-05-27 00:00:00,A,4803,1325224716111SELS0,2026-05-27 07:00:00,2026-05-27 15:00:00,51,19.0,0,Continuity (2-mould press)
2026-05-27 00:00:00,B,4803,1325224716111SELS0,2026-05-27 15:00:00,2026-05-27 23:00:00,51,19.0,0,Continuity (2-mould press)
2026-05-27 00:00:00,C,4803,1325224716111SELS0,2026-05-27 23:00:00,2026-05-28 06:47:00,49,19.0,0,Continuity (2-mould press)
2026-04-28 00:00:00,A,4804,1325221715100SRAT0,2026-04-28 07:00:00,2026-04-28 15:00:00,51,19.0,0,Continuity (2-mould press)
2026-04-28 00:00:00,B,4804,1325221715100SRAT0,2026-04-28 15:00:00,2026-04-28 23:00:00,51,19.0,0,Continuity (2-mould press)
2026-04-28 00:00:00,C,4804,1325221715100SRAT0,2026-04-28 23:00:00,2026-04-29 07:00:00,51,19.0,0,Continuity (2-mould press)
2026-04-29 00:00:00,A,4804,1325221715100SRAT0,2026-04-29 07:00:00,2026-04-29 15:00:00,51,19.0,0,Continuity (2-mould press)
2026-04-29 00:00:00,B,4804,1325221715100SRAT0,2026-04-29 15:00:00,2026-04-29 23:00:00,51,19.0,0,Continuity (2-mould press)
2026-04-29 00:00:00,C,4804,1325221715100SRAT0,2026-04-29 23:00:00,2026-04-30 07:00:00,51,19.0,0,Continuity (2-mould press)
2026-04-30 00:00:00,A,4804,1325221715100SRAT0,2026-04-30 07:00:00,2026-04-30 15:00:00,51,19.0,0,Continuity (2-mould press)
2026-04-30 00:00:00,B,4804,1325221715100SRAT0,2026-04-30 15:00:00,2026-04-30 23:00:00,51,19.0,0,Continuity (2-mould press)
2026-04-30 00:00:00,C,4804,1325221715100SRAT0,2026-04-30 23:00:00,2026-05-01 07:00:00,51,19.0,0,Continuity (2-mould press)
2026-05-01 00:00:00,A,4804,1325221715100SRAT0,2026-05-01 07:00:00,2026-05-01 15:00:00,51,19.0,0,Continuity (2-mould press)
2026-05-01 00:00:00,B,4804,1325221715100SRAT0,2026-05-01 15:00:00,2026-05-01 23:00:00,51,19.0,0,Continuity (2-mould press)
2026-05-01 00:00:00,C,4804,1325221715100SRAT0,2026-05-01 23:00:00,2026-05-02 07:00:00,51,19.0,0,Continuity (2-mould press)
2026-05-02 00:00:00,A,4804,1325221715100SRAT0,2026-05-02 07:00:00,2026-05-02 15:00:00,51,19.0,0,Continuity (2-mould press)
2026-05-02 00:00:00,B,4804,1325221715100SRAT0,2026-05-02 15:00:00,2026-05-02 23:00:00,51,19.0,0,Continuity (2-mould press)
2026-05-02 00:00:00,C,4804,1325221715100SRAT0,2026-05-02 23:00:00,2026-05-03 07:00:00,51,19.0,0,Continuity (2-mould press)
2026-05-03 00:00:00,A,4804,1325221715100SRAT0,2026-05-03 07:00:00,2026-05-03 15:00:00,51,19.0,0,Continuity (2-mould press)
2026-05-03 00:00:00,B,4804,1325221715100SRAT0,2026-05-03 15:00:00,2026-05-03 23:00:00,51,19.0,0,Continuity (2-mould press)
2026-05-03 00:00:00,C,4804,1325221715100SRAT0,2026-05-03 23:00:00,2026-05-04 07:00:00,51,19.0,0,Continuity (2-mould press)
2026-05-04 00:00:00,A,4804,1325221715100SRAT0,2026-05-04 07:00:00,2026-05-04 15:00:00,51,19.0,0,Continuity (2-mould press)
2026-05-04 00:00:00,B,4804,1325221715100SRAT0,2026-05-04 15:00:00,2026-05-04 23:00:00,51,19.0,0,Continuity (2-mould press)
2026-05-04 00:00:00,C,4804,1325221715100SRAT0,2026-05-04 23:00:00,2026-05-05 07:00:00,51,19.0,0,Continuity (2-mould press)
2026-05-05 00:00:00,A,4804,1325221715100SRAT0,2026-05-05 07:00:00,2026-05-05 15:00:00,51,19.0,0,Continuity (2-mould press)
2026-05-05 00:00:00,B,4804,1325221715100SRAT0,2026-05-05 15:00:00,2026-05-05 23:00:00,51,19.0,0,Continuity (2-mould press)
2026-05-05 00:00:00,C,4804,1325221715100SRAT0,2026-05-05 23:00:00,2026-05-06 07:00:00,51,19.0,0,Continuity (2-mould press)
2026-05-06 00:00:00,A,4804,1325221715100SRAT0,2026-05-06 07:00:00,2026-05-06 15:00:00,51,19.0,0,Continuity (2-mould press)
2026-05-06 00:00:00,B,4804,1325221715100SRAT0,2026-05-06 15:00:00,2026-05-06 23:00:00,51,19.0,0,Continuity (2-mould press)
2026-05-06 00:00:00,C,4804,1325221715100SRAT0,2026-05-06 23:00:00,2026-05-07 07:00:00,51,19.0,0,Continuity (2-mould press)
2026-05-07 00:00:00,A,4804,1325221715100SRAT0,2026-05-07 07:00:00,2026-05-07 15:00:00,51,19.0,0,Continuity (2-mould press)
2026-05-07 00:00:00,B,4804,1325221715100SRAT0,2026-05-07 15:00:00,2026-05-07 23:00:00,51,19.0,0,Continuity (2-mould press)
2026-05-07 00:00:00,C,4804,1325221715100SRAT0,2026-05-07 23:00:00,2026-05-08 07:00:00,51,19.0,0,Continuity (2-mould press)
2026-05-08 00:00:00,A,4804,1325221715100SRAT0,2026-05-08 07:00:00,2026-05-08 15:00:00,51,19.0,0,Continuity (2-mould press)
2026-05-08 00:00:00,B,4804,1325221715100SRAT0,2026-05-08 15:00:00,2026-05-08 23:00:00,51,19.0,0,Continuity (2-mould press)
2026-05-08 00:00:00,C,4804,1325221715100SRAT0,2026-05-08 23:00:00,2026-05-09 07:00:00,51,19.0,0,Continuity (2-mould press)
2026-05-09 00:00:00,A,4804,1325221715100SRAT0,2026-05-09 07:00:00,2026-05-09 15:00:00,51,19.0,0,Continuity (2-mould press)
2026-05-09 00:00:00,B,4804,1325221715100SRAT0,2026-05-09 15:00:00,2026-05-09 23:00:00,51,19.0,0,Continuity (2-mould press)
2026-05-09 00:00:00,C,4804,1325221715100SRAT0,2026-05-09 23:00:00,2026-05-10 07:00:00,51,19.0,0,Continuity (2-mould press)
2026-05-10 00:00:00,A,4804,1325221715100SRAT0,2026-05-10 07:00:00,2026-05-10 15:00:00,51,19.0,0,Continuity (2-mould press)
2026-05-10 00:00:00,B,4804,1325221715100SRAT0,2026-05-10 15:00:00,2026-05-10 23:00:00,51,19.0,0,Continuity (2-mould press)
2026-05-10 00:00:00,C,4804,1325221715100SRAT0,2026-05-10 23:00:00,2026-05-11 07:00:00,51,19.0,0,Continuity (2-mould press)
2026-05-11 00:00:00,A,4804,1325221715100SRAT0,2026-05-11 07:00:00,2026-05-11 15:00:00,51,19.0,0,Continuity (2-mould press)
2026-05-11 00:00:00,B,4804,1325221715100SRAT0,2026-05-11 15:00:00,2026-05-11 23:00:00,51,19.0,0,Continuity (2-mould press)
2026-05-11 00:00:00,C,4804,1325221715100SRAT0,2026-05-11 23:00:00,2026-05-12 07:00:00,51,19.0,0,Continuity (2-mould press)
2026-05-12 00:00:00,A,4804,1325221715100SRAT0,2026-05-12 07:00:00,2026-05-12 15:00:00,51,19.0,0,Continuity (2-mould press)
2026-05-12 00:00:00,B,4804,1325221715100SRAT0,2026-05-12 15:00:00,2026-05-12 23:00:00,51,19.0,0,Continuity (2-mould press)
2026-05-12 00:00:00,C,4804,1325221715100SRAT0,2026-05-12 23:00:00,2026-05-13 07:00:00,51,19.0,0,Continuity (2-mould press)
2026-05-13 00:00:00,A,4804,1325221715100SRAT0,2026-05-13 07:00:00,2026-05-13 15:00:00,51,19.0,0,Continuity (2-mould press)
2026-05-13 00:00:00,B,4804,1325221715100SRAT0,2026-05-13 15:00:00,2026-05-13 23:00:00,51,19.0,0,Continuity (2-mould press)
2026-05-13 00:00:00,C,4804,1325221715100SRAT0,2026-05-13 23:00:00,2026-05-14 07:00:00,51,19.0,0,Continuity (2-mould press)
2026-05-14 00:00:00,A,4804,1325221715100SRAT0,2026-05-14 07:00:00,2026-05-14 15:00:00,51,19.0,0,Continuity (2-mould press)
2026-05-14 00:00:00,B,4804,1325221715100SRAT0,2026-05-14 15:00:00,2026-05-14 23:00:00,51,19.0,0,Continuity (2-mould press)
2026-05-14 00:00:00,C,4804,1325221715100SRAT0,2026-05-14 23:00:00,2026-05-15 07:00:00,51,19.0,0,Continuity (2-mould press)
2026-05-15 00:00:00,A,4804,1325221715100SRAT0,2026-05-15 07:00:00,2026-05-15 15:00:00,51,19.0,0,Continuity (2-mould press)
2026-05-15 00:00:00,B,4804,1325221715100SRAT0,2026-05-15 15:00:00,2026-05-15 23:00:00,51,19.0,0,Continuity (2-mould press)
2026-05-15 00:00:00,C,4804,1325221715100SRAT0,2026-05-15 23:00:00,2026-05-16 07:00:00,51,19.0,0,Continuity (2-mould press)
2026-05-16 00:00:00,A,4804,1325221715100SRAT0,2026-05-16 07:00:00,2026-05-16 15:00:00,51,19.0,0,Continuity (2-mould press)
2026-05-16 00:00:00,B,4804,1325221715100SRAT0,2026-05-16 15:00:00,2026-05-16 23:00:00,51,19.0,0,Continuity (2-mould press)
2026-05-16 00:00:00,C,4804,1325221715100SRAT0,2026-05-16 23:00:00,2026-05-17 07:00:00,51,19.0,0,Continuity (2-mould press)
2026-05-17 00:00:00,A,4804,1325221715100SRAT0,2026-05-17 07:00:00,2026-05-17 15:00:00,51,19.0,0,Continuity (2-mould press)
2026-05-17 00:00:00,B,4804,1325221715100SRAT0,2026-05-17 15:00:00,2026-05-17 23:00:00,51,19.0,0,Continuity (2-mould press)
2026-05-17 00:00:00,C,4804,1325221715100SRAT0,2026-05-17 23:00:00,2026-05-18 07:00:00,51,19.0,0,Continuity (2-mould press)
2026-05-18 00:00:00,A,4804,1325221715100SRAT0,2026-05-18 07:00:00,2026-05-18 15:00:00,51,19.0,0,Continuity (2-mould press)
2026-05-18 00:00:00,B,4804,1325221715100SRAT0,2026-05-18 15:00:00,2026-05-18 23:00:00,51,19.0,0,Continuity (2-mould press)
2026-05-18 00:00:00,C,4804,1325221715100SRAT0,2026-05-18 23:00:00,2026-05-19 07:00:00,51,19.0,0,Continuity (2-mould press)
2026-05-19 00:00:00,A,4804,1325221715100SRAT0,2026-05-19 07:00:00,2026-05-19 15:00:00,51,19.0,0,Continuity (2-mould press)
2026-05-19 00:00:00,B,4804,1325221715100SRAT0,2026-05-19 15:00:00,2026-05-19 23:00:00,51,19.0,0,Continuity (2-mould press)
2026-05-19 00:00:00,C,4804,1325221715100SRAT0,2026-05-19 23:00:00,2026-05-20 07:00:00,51,19.0,0,Continuity (2-mould press)
2026-05-20 00:00:00,A,4804,1325221715100SRAT0,2026-05-20 07:00:00,2026-05-20 15:00:00,51,19.0,0,Continuity (2-mould press)
2026-05-20 00:00:00,B,4804,1325221715100SRAT0,2026-05-20 15:00:00,2026-05-20 23:00:00,51,19.0,0,Continuity (2-mould press)
2026-05-20 00:00:00,C,4804,1325221715100SRAT0,2026-05-20 23:00:00,2026-05-21 07:00:00,51,19.0,0,Continuity (2-mould press)
2026-05-21 00:00:00,A,4804,1325221715100SRAT0,2026-05-21 07:00:00,2026-05-21 15:00:00,51,19.0,0,Continuity (2-mould press)
2026-05-21 00:00:00,B,4804,1325221715100SRAT0,2026-05-21 15:00:00,2026-05-21 23:00:00,51,19.0,0,Continuity (2-mould press)
2026-05-21 00:00:00,C,4804,1325221715100SRAT0,2026-05-21 23:00:00,2026-05-22 07:00:00,51,19.0,0,Continuity (2-mould press)
2026-05-22 00:00:00,A,4804,1325221715100SRAT0,2026-05-22 07:00:00,2026-05-22 15:00:00,51,19.0,0,Continuity (2-mould press)
2026-05-22 00:00:00,B,4804,1325221715100SRAT0,2026-05-22 15:00:00,2026-05-22 23:00:00,51,19.0,0,Continuity (2-mould press)
2026-05-22 00:00:00,C,4804,1325221715100SRAT0,2026-05-22 23:00:00,2026-05-23 07:00:00,51,19.0,0,Continuity (2-mould press)
2026-05-23 00:00:00,A,4804,1325221715100SRAT0,2026-05-23 07:00:00,2026-05-23 15:00:00,51,19.0,0,Continuity (2-mould press)
2026-05-23 00:00:00,B,4804,1325221715100SRAT0,2026-05-23 15:00:00,2026-05-23 23:00:00,51,19.0,0,Continuity (2-mould press)
2026-05-23 00:00:00,C,4804,1325221715100SRAT0,2026-05-23 23:00:00,2026-05-24 07:00:00,51,19.0,0,Continuity (2-mould press)
2026-05-24 00:00:00,A,4804,1325221715100SRAT0,2026-05-24 07:00:00,2026-05-24 15:00:00,51,19.0,0,Continuity (2-mould press)
2026-05-24 00:00:00,B,4804,1325221715100SRAT0,2026-05-24 15:00:00,2026-05-24 23:00:00,51,19.0,0,Continuity (2-mould press)
2026-05-24 00:00:00,C,4804,1325221715100SRAT0,2026-05-24 23:00:00,2026-05-25 07:00:00,51,19.0,0,Continuity (2-mould press)
2026-05-25 00:00:00,A,4804,1325221715100SRAT0,2026-05-25 07:00:00,2026-05-25 15:00:00,51,19.0,0,Continuity (2-mould press)
2026-05-25 00:00:00,B,4804,1325221715100SRAT0,2026-05-25 15:00:00,2026-05-25 23:00:00,51,19.0,0,Continuity (2-mould press)
2026-05-25 00:00:00,C,4804,1325221715100SRAT0,2026-05-25 23:00:00,2026-05-26 07:00:00,51,19.0,0,Continuity (2-mould press)
2026-05-26 00:00:00,A,4804,1325221715100SRAT0,2026-05-26 07:00:00,2026-05-26 15:00:00,51,19.0,0,Continuity (2-mould press)
2026-05-26 00:00:00,B,4804,1325221715100SRAT0,2026-05-26 15:00:00,2026-05-26 23:00:00,51,19.0,0,Continuity (2-mould press)
2026-05-26 00:00:00,C,4804,1325221715100SRAT0,2026-05-26 23:00:00,2026-05-27 07:00:00,51,19.0,0,Continuity (2-mould press)
2026-05-27 00:00:00,A,4804,1325221715100SRAT0,2026-05-27 07:00:00,2026-05-27 15:00:00,51,19.0,0,Continuity (2-mould press)
2026-05-27 00:00:00,B,4804,1325221715100SRAT0,2026-05-27 15:00:00,2026-05-27 23:00:00,51,19.0,0,Continuity (2-mould press)
2026-05-27 00:00:00,C,4804,1325221715100SRAT0,2026-05-27 23:00:00,2026-05-28 06:47:00,49,19.0,0,Continuity (2-mould press)
2026-04-28 00:00:00,A,4806,1325215513073TUNE0,2026-04-28 07:00:00,2026-04-28 15:00:00,64,15.0,0,Continuity (2-mould press)
2026-04-28 00:00:00,B,4806,1325215513073TUNE0,2026-04-28 15:00:00,2026-04-28 23:00:00,64,15.0,0,Continuity (2-mould press)
2026-04-28 00:00:00,C,4806,1325215513073TUNE0,2026-04-28 23:00:00,2026-04-29 07:00:00,64,15.0,0,Continuity (2-mould press)
2026-04-29 00:00:00,A,4806,1325215513073TUNE0,2026-04-29 07:00:00,2026-04-29 15:00:00,64,15.0,0,Continuity (2-mould press)
2026-04-29 00:00:00,B,4806,1325215513073TUNE0,2026-04-29 15:00:00,2026-04-29 19:45:00,38,15.0,0,Continuity (2-mould press)
2026-04-28 00:00:00,A,4807,1325215513073TUNE0,2026-04-28 07:00:00,2026-04-28 15:00:00,64,15.0,0,Continuity (2-mould press)
2026-04-28 00:00:00,B,4807,1325215513073TUNE0,2026-04-28 15:00:00,2026-04-28 23:00:00,64,15.0,0,Continuity (2-mould press)
2026-04-28 00:00:00,C,4807,1325215513073TUNE0,2026-04-28 23:00:00,2026-04-29 07:00:00,64,15.0,0,Continuity (2-mould press)
2026-04-29 00:00:00,A,4807,1325215513073TUNE0,2026-04-29 07:00:00,2026-04-29 15:00:00,64,15.0,0,Continuity (2-mould press)
2026-04-29 00:00:00,B,4807,1325215513073TUNE0,2026-04-29 15:00:00,2026-04-29 19:45:00,38,15.0,0,Continuity (2-mould press)
2026-04-28 00:00:00,A,4809,1325221417096HURL0,2026-04-28 07:00:00,2026-04-28 15:00:00,60,16.0,0,Continuity (2-mould press)
2026-04-28 00:00:00,B,4809,1325221417096HURL0,2026-04-28 15:00:00,2026-04-28 23:00:00,60,16.0,0,Continuity (2-mould press)
2026-04-28 00:00:00,C,4809,1325221417096HURL0,2026-04-28 23:00:00,2026-04-29 07:00:00,60,16.0,0,Continuity (2-mould press)
2026-04-29 00:00:00,A,4809,1325221417096HURL0,2026-04-29 07:00:00,2026-04-29 15:00:00,60,16.0,0,Continuity (2-mould press)
2026-04-29 00:00:00,B,4809,1325221417096HURL0,2026-04-29 15:00:00,2026-04-29 23:00:00,60,16.0,0,Continuity (2-mould press)
2026-04-29 00:00:00,C,4809,1325221417096HURL0,2026-04-29 23:00:00,2026-04-30 07:00:00,60,16.0,0,Continuity (2-mould press)
2026-04-30 00:00:00,A,4809,1325221417096HURL0,2026-04-30 07:00:00,2026-04-30 15:00:00,60,16.0,0,Continuity (2-mould press)
2026-04-30 00:00:00,B,4809,1325221417096HURL0,2026-04-30 15:00:00,2026-04-30 17:08:00,16,16.0,0,Continuity (2-mould press)
2026-04-28 00:00:00,A,4812,1D25218014010RXPCT,2026-04-28 07:00:00,2026-04-28 15:00:00,42,23.0,0,Continuity (2-mould press)
2026-04-28 00:00:00,B,4812,1D25218014010RXPCT,2026-04-28 15:00:00,2026-04-28 23:00:00,42,23.0,0,Continuity (2-mould press)
2026-04-28 00:00:00,C,4812,1D25218014010RXPCT,2026-04-28 23:00:00,2026-04-29 07:00:00,42,23.0,0,Continuity (2-mould press)
2026-04-29 00:00:00,A,4812,1D25218014010RXPCT,2026-04-29 07:00:00,2026-04-29 15:00:00,42,23.0,0,Continuity (2-mould press)
2026-04-29 00:00:00,B,4812,1D25218014010RXPCT,2026-04-29 15:00:00,2026-04-29 23:00:00,42,23.0,0,Continuity (2-mould press)
2026-04-29 00:00:00,C,4812,1D25218014010RXPCT,2026-04-29 23:00:00,2026-04-30 07:00:00,42,23.0,0,Continuity (2-mould press)
2026-04-30 00:00:00,A,4812,1D25218014010RXPCT,2026-04-30 07:00:00,2026-04-30 15:00:00,42,23.0,0,Continuity (2-mould press)
2026-04-30 00:00:00,B,4812,1D25218014010RXPCT,2026-04-30 15:00:00,2026-04-30 23:00:00,42,23.0,0,Continuity (2-mould press)
2026-04-30 00:00:00,C,4812,1D25218014010RXPCT,2026-04-30 23:00:00,2026-05-01 07:00:00,42,23.0,0,Continuity (2-mould press)
2026-05-01 00:00:00,A,4812,1D25218014010RXPCT,2026-05-01 07:00:00,2026-05-01 15:00:00,42,23.0,0,Continuity (2-mould press)
2026-05-01 00:00:00,B,4812,1D25218014010RXPCT,2026-05-01 15:00:00,2026-05-01 23:00:00,42,23.0,0,Continuity (2-mould press)
2026-05-01 00:00:00,C,4812,1D25218014010RXPCT,2026-05-01 23:00:00,2026-05-02 07:00:00,42,23.0,0,Continuity (2-mould press)
2026-05-02 00:00:00,A,4812,1D25218014010RXPCT,2026-05-02 07:00:00,2026-05-02 15:00:00,42,23.0,0,Continuity (2-mould press)
2026-05-02 00:00:00,B,4812,1D25218014010RXPCT,2026-05-02 15:00:00,2026-05-02 23:00:00,42,23.0,0,Continuity (2-mould press)
2026-05-02 00:00:00,C,4812,1D25218014010RXPCT,2026-05-02 23:00:00,2026-05-03 07:00:00,42,23.0,0,Continuity (2-mould press)
2026-05-03 00:00:00,A,4812,1D25218014010RXPCT,2026-05-03 07:00:00,2026-05-03 15:00:00,42,23.0,0,Continuity (2-mould press)
2026-05-03 00:00:00,B,4812,1D25218014010RXPCT,2026-05-03 15:00:00,2026-05-03 23:00:00,42,23.0,0,Continuity (2-mould press)
2026-05-03 00:00:00,C,4812,1D25218014010RXPCT,2026-05-03 23:00:00,2026-05-04 07:00:00,42,23.0,0,Continuity (2-mould press)
2026-05-04 00:00:00,A,4812,1D25218014010RXPCT,2026-05-04 07:00:00,2026-05-04 15:00:00,42,23.0,0,Continuity (2-mould press)
2026-05-04 00:00:00,B,4812,1D25218014010RXPCT,2026-05-04 15:00:00,2026-05-04 23:00:00,42,23.0,0,Continuity (2-mould press)
2026-05-04 00:00:00,C,4812,1D25218014010RXPCT,2026-05-04 23:00:00,2026-05-05 07:00:00,42,23.0,0,Continuity (2-mould press)
2026-05-05 00:00:00,A,4812,1D25218014010RXPCT,2026-05-05 07:00:00,2026-05-05 14:11:00,37,23.0,0,Continuity (2-mould press)
2026-04-28 00:00:00,A,4813,1D25218014010RXPCT,2026-04-28 07:00:00,2026-04-28 15:00:00,42,23.0,0,Continuity (2-mould press)
2026-04-28 00:00:00,B,4813,1D25218014010RXPCT,2026-04-28 15:00:00,2026-04-28 23:00:00,42,23.0,0,Continuity (2-mould press)
2026-04-28 00:00:00,C,4813,1D25218014010RXPCT,2026-04-28 23:00:00,2026-04-29 07:00:00,42,23.0,0,Continuity (2-mould press)
2026-04-29 00:00:00,A,4813,1D25218014010RXPCT,2026-04-29 07:00:00,2026-04-29 15:00:00,42,23.0,0,Continuity (2-mould press)
2026-04-29 00:00:00,B,4813,1D25218014010RXPCT,2026-04-29 15:00:00,2026-04-29 23:00:00,42,23.0,0,Continuity (2-mould press)
2026-04-29 00:00:00,C,4813,1D25218014010RXPCT,2026-04-29 23:00:00,2026-04-30 07:00:00,42,23.0,0,Continuity (2-mould press)
2026-04-30 00:00:00,A,4813,1D25218014010RXPCT,2026-04-30 07:00:00,2026-04-30 15:00:00,42,23.0,0,Continuity (2-mould press)
2026-04-30 00:00:00,B,4813,1D25218014010RXPCT,2026-04-30 15:00:00,2026-04-30 23:00:00,42,23.0,0,Continuity (2-mould press)
2026-04-30 00:00:00,C,4813,1D25218014010RXPCT,2026-04-30 23:00:00,2026-05-01 04:00:00,26,23.0,0,Continuity (2-mould press)
2026-04-30 00:00:00,C,4813,MOULD_CLEAN,2026-05-01 04:00:00,2026-05-01 07:00:00,0,0.0,0,Mould cleaning (continuity)
2026-05-01 00:00:00,A,4813,1D25218014010RXPCT,2026-05-01 07:00:00,2026-05-01 15:00:00,42,23.0,0,Continuity (2-mould press)
2026-05-01 00:00:00,B,4813,1D25218014010RXPCT,2026-05-01 15:00:00,2026-05-01 23:00:00,42,23.0,0,Continuity (2-mould press)
2026-05-01 00:00:00,C,4813,1D25218014010RXPCT,2026-05-01 23:00:00,2026-05-02 07:00:00,42,23.0,0,Continuity (2-mould press)
2026-05-02 00:00:00,A,4813,1D25218014010RXPCT,2026-05-02 07:00:00,2026-05-02 15:00:00,42,23.0,0,Continuity (2-mould press)
2026-05-02 00:00:00,B,4813,1D25218014010RXPCT,2026-05-02 15:00:00,2026-05-02 23:00:00,42,23.0,0,Continuity (2-mould press)
2026-05-02 00:00:00,C,4813,1D25218014010RXPCT,2026-05-02 23:00:00,2026-05-03 07:00:00,42,23.0,0,Continuity (2-mould press)
2026-05-03 00:00:00,A,4813,1D25218014010RXPCT,2026-05-03 07:00:00,2026-05-03 15:00:00,42,23.0,0,Continuity (2-mould press)
2026-05-03 00:00:00,B,4813,1D25218014010RXPCT,2026-05-03 15:00:00,2026-05-03 23:00:00,42,23.0,0,Continuity (2-mould press)
2026-05-03 00:00:00,C,4813,1D25218014010RXPCT,2026-05-03 23:00:00,2026-05-04 07:00:00,42,23.0,0,Continuity (2-mould press)
2026-05-04 00:00:00,A,4813,1D25218014010RXPCT,2026-05-04 07:00:00,2026-05-04 15:00:00,42,23.0,0,Continuity (2-mould press)
2026-05-04 00:00:00,B,4813,1D25218014010RXPCT,2026-05-04 15:00:00,2026-05-04 23:00:00,42,23.0,0,Continuity (2-mould press)
2026-05-04 00:00:00,C,4813,1D25218014010RXPCT,2026-05-04 23:00:00,2026-05-05 07:00:00,42,23.0,0,Continuity (2-mould press)
2026-05-05 00:00:00,A,4813,1D25218014010RXPCT,2026-05-05 07:00:00,2026-05-05 15:00:00,42,23.0,0,Continuity (2-mould press)
2026-05-05 00:00:00,B,4813,1D25218014010RXPCT,2026-05-05 15:00:00,2026-05-05 17:11:00,11,23.0,0,Continuity (2-mould press)
2026-04-28 00:00:00,A,4814,1D25215013008SXC10,2026-04-28 07:00:00,2026-04-28 15:00:00,51,19.0,0,Continuity (2-mould press)
2026-04-28 00:00:00,B,4814,1D25215013008SXC10,2026-04-28 15:00:00,2026-04-28 23:00:00,51,19.0,0,Continuity (2-mould press)
2026-04-28 00:00:00,C,4814,1D25215013008SXC10,2026-04-28 23:00:00,2026-04-29 07:00:00,51,19.0,0,Continuity (2-mould press)
2026-04-29 00:00:00,A,4814,1D25215013008SXC10,2026-04-29 07:00:00,2026-04-29 15:00:00,51,19.0,0,Continuity (2-mould press)
2026-04-29 00:00:00,B,4814,1D25215013008SXC10,2026-04-29 15:00:00,2026-04-29 23:00:00,51,19.0,0,Continuity (2-mould press)
2026-04-29 00:00:00,C,4814,1D25215013008SXC10,2026-04-29 23:00:00,2026-04-30 07:00:00,51,19.0,0,Continuity (2-mould press)
2026-04-30 00:00:00,A,4814,1D25215013008SXC10,2026-04-30 07:00:00,2026-04-30 12:31:00,35,19.0,0,Continuity (2-mould press)
2026-04-28 00:00:00,A,4816,1325221417096HURL0,2026-04-28 07:00:00,2026-04-28 15:00:00,60,16.0,0,Continuity (2-mould press)
2026-04-28 00:00:00,B,4816,1325221417096HURL0,2026-04-28 15:00:00,2026-04-28 23:00:00,60,16.0,0,Continuity (2-mould press)
2026-04-28 00:00:00,C,4816,1325221417096HURL0,2026-04-28 23:00:00,2026-04-29 07:00:00,60,16.0,0,Continuity (2-mould press)
2026-04-29 00:00:00,A,4816,1325221417096HURL0,2026-04-29 07:00:00,2026-04-29 15:00:00,60,16.0,0,Continuity (2-mould press)
2026-04-29 00:00:00,B,4816,1325221417096HURL0,2026-04-29 15:00:00,2026-04-29 23:00:00,60,16.0,0,Continuity (2-mould press)
2026-04-29 00:00:00,C,4816,1325221417096HURL0,2026-04-29 23:00:00,2026-04-30 07:00:00,60,16.0,0,Continuity (2-mould press)
2026-04-30 00:00:00,A,4816,1325221417096HURL0,2026-04-30 07:00:00,2026-04-30 15:00:00,60,16.0,0,Continuity (2-mould press)
2026-04-30 00:00:00,B,4816,1325221417096HURL0,2026-04-30 15:00:00,2026-04-30 17:08:00,16,16.0,0,Continuity (2-mould press)
2026-04-28 00:00:00,A,4817,1325224716111SELS0,2026-04-28 07:00:00,2026-04-28 15:00:00,51,19.0,0,Continuity (2-mould press)
2026-04-28 00:00:00,B,4817,1325224716111SELS0,2026-04-28 15:00:00,2026-04-28 23:00:00,51,19.0,0,Continuity (2-mould press)
2026-04-28 00:00:00,C,4817,1325224716111SELS0,2026-04-28 23:00:00,2026-04-29 07:00:00,51,19.0,0,Continuity (2-mould press)
2026-04-29 00:00:00,A,4817,1325224716111SELS0,2026-04-29 07:00:00,2026-04-29 15:00:00,51,19.0,0,Continuity (2-mould press)
2026-04-29 00:00:00,B,4817,1325224716111SELS0,2026-04-29 15:00:00,2026-04-29 23:00:00,51,19.0,0,Continuity (2-mould press)
2026-04-29 00:00:00,C,4817,1325224716111SELS0,2026-04-29 23:00:00,2026-04-30 07:00:00,51,19.0,0,Continuity (2-mould press)
2026-04-30 00:00:00,A,4817,1325224716111SELS0,2026-04-30 07:00:00,2026-04-30 15:00:00,51,19.0,0,Continuity (2-mould press)
2026-04-30 00:00:00,B,4817,1325224716111SELS0,2026-04-30 15:00:00,2026-04-30 23:00:00,51,19.0,0,Continuity (2-mould press)
2026-04-30 00:00:00,C,4817,1325224716111SELS0,2026-04-30 23:00:00,2026-05-01 07:00:00,51,19.0,0,Continuity (2-mould press)
2026-05-01 00:00:00,A,4817,1325224716111SELS0,2026-05-01 07:00:00,2026-05-01 15:00:00,51,19.0,0,Continuity (2-mould press)
2026-05-01 00:00:00,B,4817,1325224716111SELS0,2026-05-01 15:00:00,2026-05-01 23:00:00,51,19.0,0,Continuity (2-mould press)
2026-05-01 00:00:00,C,4817,1325224716111SELS0,2026-05-01 23:00:00,2026-05-02 07:00:00,51,19.0,0,Continuity (2-mould press)
2026-05-02 00:00:00,A,4817,1325224716111SELS0,2026-05-02 07:00:00,2026-05-02 15:00:00,51,19.0,0,Continuity (2-mould press)
2026-05-02 00:00:00,B,4817,1325224716111SELS0,2026-05-02 15:00:00,2026-05-02 23:00:00,51,19.0,0,Continuity (2-mould press)
2026-05-02 00:00:00,C,4817,1325224716111SELS0,2026-05-02 23:00:00,2026-05-03 07:00:00,51,19.0,0,Continuity (2-mould press)
2026-05-03 00:00:00,A,4817,1325224716111SELS0,2026-05-03 07:00:00,2026-05-03 15:00:00,51,19.0,0,Continuity (2-mould press)
2026-05-03 00:00:00,B,4817,1325224716111SELS0,2026-05-03 15:00:00,2026-05-03 23:00:00,51,19.0,0,Continuity (2-mould press)
2026-05-03 00:00:00,C,4817,1325224716111SELS0,2026-05-03 23:00:00,2026-05-04 07:00:00,51,19.0,0,Continuity (2-mould press)
2026-05-04 00:00:00,A,4817,1325224716111SELS0,2026-05-04 07:00:00,2026-05-04 15:00:00,51,19.0,0,Continuity (2-mould press)
2026-05-04 00:00:00,B,4817,1325224716111SELS0,2026-05-04 15:00:00,2026-05-04 23:00:00,51,19.0,0,Continuity (2-mould press)
2026-05-04 00:00:00,C,4817,1325224716111SELS0,2026-05-04 23:00:00,2026-05-05 07:00:00,51,19.0,0,Continuity (2-mould press)
2026-05-05 00:00:00,A,4817,1325224716111SELS0,2026-05-05 07:00:00,2026-05-05 15:00:00,51,19.0,0,Continuity (2-mould press)
2026-05-05 00:00:00,B,4817,1325224716111SELS0,2026-05-05 15:00:00,2026-05-05 23:00:00,51,19.0,0,Continuity (2-mould press)
2026-05-05 00:00:00,C,4817,1325224716111SELS0,2026-05-05 23:00:00,2026-05-06 07:00:00,51,19.0,0,Continuity (2-mould press)
2026-05-06 00:00:00,A,4817,1325224716111SELS0,2026-05-06 07:00:00,2026-05-06 15:00:00,51,19.0,0,Continuity (2-mould press)
2026-05-06 00:00:00,B,4817,1325224716111SELS0,2026-05-06 15:00:00,2026-05-06 23:00:00,51,19.0,0,Continuity (2-mould press)
2026-05-06 00:00:00,C,4817,1325224716111SELS0,2026-05-06 23:00:00,2026-05-07 07:00:00,51,19.0,0,Continuity (2-mould press)
2026-05-07 00:00:00,A,4817,1325224716111SELS0,2026-05-07 07:00:00,2026-05-07 15:00:00,51,19.0,0,Continuity (2-mould press)
2026-05-07 00:00:00,B,4817,1325224716111SELS0,2026-05-07 15:00:00,2026-05-07 23:00:00,51,19.0,0,Continuity (2-mould press)
2026-05-07 00:00:00,C,4817,1325224716111SELS0,2026-05-07 23:00:00,2026-05-08 07:00:00,51,19.0,0,Continuity (2-mould press)
2026-05-08 00:00:00,A,4817,1325224716111SELS0,2026-05-08 07:00:00,2026-05-08 15:00:00,51,19.0,0,Continuity (2-mould press)
2026-05-08 00:00:00,B,4817,1325224716111SELS0,2026-05-08 15:00:00,2026-05-08 23:00:00,51,19.0,0,Continuity (2-mould press)
2026-05-08 00:00:00,C,4817,1325224716111SELS0,2026-05-08 23:00:00,2026-05-09 07:00:00,51,19.0,0,Continuity (2-mould press)
2026-05-09 00:00:00,A,4817,1325224716111SELS0,2026-05-09 07:00:00,2026-05-09 15:00:00,51,19.0,0,Continuity (2-mould press)
2026-05-09 00:00:00,B,4817,1325224716111SELS0,2026-05-09 15:00:00,2026-05-09 23:00:00,51,19.0,0,Continuity (2-mould press)
2026-05-09 00:00:00,C,4817,1325224716111SELS0,2026-05-09 23:00:00,2026-05-10 07:00:00,51,19.0,0,Continuity (2-mould press)
2026-05-10 00:00:00,A,4817,1325224716111SELS0,2026-05-10 07:00:00,2026-05-10 15:00:00,51,19.0,0,Continuity (2-mould press)
2026-05-10 00:00:00,B,4817,1325224716111SELS0,2026-05-10 15:00:00,2026-05-10 23:00:00,51,19.0,0,Continuity (2-mould press)
2026-05-10 00:00:00,C,4817,1325224716111SELS0,2026-05-10 23:00:00,2026-05-11 07:00:00,51,19.0,0,Continuity (2-mould press)
2026-05-11 00:00:00,A,4817,1325224716111SELS0,2026-05-11 07:00:00,2026-05-11 15:00:00,51,19.0,0,Continuity (2-mould press)
2026-05-11 00:00:00,B,4817,1325224716111SELS0,2026-05-11 15:00:00,2026-05-11 23:00:00,51,19.0,0,Continuity (2-mould press)
2026-05-11 00:00:00,C,4817,1325224716111SELS0,2026-05-11 23:00:00,2026-05-12 07:00:00,51,19.0,0,Continuity (2-mould press)
2026-05-12 00:00:00,A,4817,1325224716111SELS0,2026-05-12 07:00:00,2026-05-12 15:00:00,51,19.0,0,Continuity (2-mould press)
2026-05-12 00:00:00,B,4817,1325224716111SELS0,2026-05-12 15:00:00,2026-05-12 23:00:00,51,19.0,0,Continuity (2-mould press)
2026-05-12 00:00:00,C,4817,1325224716111SELS0,2026-05-12 23:00:00,2026-05-13 07:00:00,51,19.0,0,Continuity (2-mould press)
2026-05-13 00:00:00,A,4817,1325224716111SELS0,2026-05-13 07:00:00,2026-05-13 15:00:00,51,19.0,0,Continuity (2-mould press)
2026-05-13 00:00:00,B,4817,1325224716111SELS0,2026-05-13 15:00:00,2026-05-13 23:00:00,51,19.0,0,Continuity (2-mould press)
2026-05-13 00:00:00,C,4817,1325224716111SELS0,2026-05-13 23:00:00,2026-05-14 07:00:00,51,19.0,0,Continuity (2-mould press)
2026-05-14 00:00:00,A,4817,1325224716111SELS0,2026-05-14 07:00:00,2026-05-14 15:00:00,51,19.0,0,Continuity (2-mould press)
2026-05-14 00:00:00,B,4817,1325224716111SELS0,2026-05-14 15:00:00,2026-05-14 23:00:00,51,19.0,0,Continuity (2-mould press)
2026-05-14 00:00:00,C,4817,1325224716111SELS0,2026-05-14 23:00:00,2026-05-15 05:17:00,40,19.0,0,Continuity (2-mould press)
2026-05-14 00:00:00,C,4817,MOULD_CLEAN,2026-05-15 05:17:00,2026-05-15 07:00:00,0,0.0,0,Mould cleaning (continuity)
2026-05-15 00:00:00,A,4817,MOULD_CLEAN,2026-05-15 07:00:00,2026-05-15 08:17:00,0,0.0,0,Mould cleaning (continuity)
2026-05-15 00:00:00,A,4817,1325224716111SELS0,2026-05-15 08:17:00,2026-05-15 15:00:00,42,19.0,0,Continuity (2-mould press)
2026-05-15 00:00:00,B,4817,1325224716111SELS0,2026-05-15 15:00:00,2026-05-15 23:00:00,51,19.0,0,Continuity (2-mould press)
2026-05-15 00:00:00,C,4817,1325224716111SELS0,2026-05-15 23:00:00,2026-05-16 07:00:00,51,19.0,0,Continuity (2-mould press)
2026-05-16 00:00:00,A,4817,1325224716111SELS0,2026-05-16 07:00:00,2026-05-16 15:00:00,51,19.0,0,Continuity (2-mould press)
2026-05-16 00:00:00,B,4817,1325224716111SELS0,2026-05-16 15:00:00,2026-05-16 23:00:00,51,19.0,0,Continuity (2-mould press)
2026-05-16 00:00:00,C,4817,1325224716111SELS0,2026-05-16 23:00:00,2026-05-17 07:00:00,51,19.0,0,Continuity (2-mould press)
2026-05-17 00:00:00,A,4817,1325224716111SELS0,2026-05-17 07:00:00,2026-05-17 15:00:00,51,19.0,0,Continuity (2-mould press)
2026-05-17 00:00:00,B,4817,1325224716111SELS0,2026-05-17 15:00:00,2026-05-17 23:00:00,51,19.0,0,Continuity (2-mould press)
2026-05-17 00:00:00,C,4817,1325224716111SELS0,2026-05-17 23:00:00,2026-05-18 07:00:00,51,19.0,0,Continuity (2-mould press)
2026-05-18 00:00:00,A,4817,1325224716111SELS0,2026-05-18 07:00:00,2026-05-18 15:00:00,51,19.0,0,Continuity (2-mould press)
2026-05-18 00:00:00,B,4817,1325224716111SELS0,2026-05-18 15:00:00,2026-05-18 23:00:00,51,19.0,0,Continuity (2-mould press)
2026-05-18 00:00:00,C,4817,1325224716111SELS0,2026-05-18 23:00:00,2026-05-19 07:00:00,51,19.0,0,Continuity (2-mould press)
2026-05-19 00:00:00,A,4817,1325224716111SELS0,2026-05-19 07:00:00,2026-05-19 15:00:00,51,19.0,0,Continuity (2-mould press)
2026-05-19 00:00:00,B,4817,1325224716111SELS0,2026-05-19 15:00:00,2026-05-19 23:00:00,51,19.0,0,Continuity (2-mould press)
2026-05-19 00:00:00,C,4817,1325224716111SELS0,2026-05-19 23:00:00,2026-05-20 07:00:00,51,19.0,0,Continuity (2-mould press)
2026-05-20 00:00:00,A,4817,1325224716111SELS0,2026-05-20 07:00:00,2026-05-20 15:00:00,51,19.0,0,Continuity (2-mould press)
2026-05-20 00:00:00,B,4817,1325224716111SELS0,2026-05-20 15:00:00,2026-05-20 23:00:00,51,19.0,0,Continuity (2-mould press)
2026-05-20 00:00:00,C,4817,1325224716111SELS0,2026-05-20 23:00:00,2026-05-21 07:00:00,51,19.0,0,Continuity (2-mould press)
2026-05-21 00:00:00,A,4817,1325224716111SELS0,2026-05-21 07:00:00,2026-05-21 15:00:00,51,19.0,0,Continuity (2-mould press)
2026-05-21 00:00:00,B,4817,1325224716111SELS0,2026-05-21 15:00:00,2026-05-21 23:00:00,51,19.0,0,Continuity (2-mould press)
2026-05-21 00:00:00,C,4817,1325224716111SELS0,2026-05-21 23:00:00,2026-05-22 07:00:00,51,19.0,0,Continuity (2-mould press)
2026-05-22 00:00:00,A,4817,1325224716111SELS0,2026-05-22 07:00:00,2026-05-22 15:00:00,51,19.0,0,Continuity (2-mould press)
2026-05-22 00:00:00,B,4817,1325224716111SELS0,2026-05-22 15:00:00,2026-05-22 23:00:00,51,19.0,0,Continuity (2-mould press)
2026-05-22 00:00:00,C,4817,1325224716111SELS0,2026-05-22 23:00:00,2026-05-23 07:00:00,51,19.0,0,Continuity (2-mould press)
2026-05-23 00:00:00,A,4817,1325224716111SELS0,2026-05-23 07:00:00,2026-05-23 15:00:00,51,19.0,0,Continuity (2-mould press)
2026-05-23 00:00:00,B,4817,1325224716111SELS0,2026-05-23 15:00:00,2026-05-23 23:00:00,51,19.0,0,Continuity (2-mould press)
2026-05-23 00:00:00,C,4817,1325224716111SELS0,2026-05-23 23:00:00,2026-05-24 07:00:00,51,19.0,0,Continuity (2-mould press)
2026-05-24 00:00:00,A,4817,1325224716111SELS0,2026-05-24 07:00:00,2026-05-24 15:00:00,51,19.0,0,Continuity (2-mould press)
2026-05-24 00:00:00,B,4817,1325224716111SELS0,2026-05-24 15:00:00,2026-05-24 23:00:00,51,19.0,0,Continuity (2-mould press)
2026-05-24 00:00:00,C,4817,1325224716111SELS0,2026-05-24 23:00:00,2026-05-25 07:00:00,51,19.0,0,Continuity (2-mould press)
2026-05-25 00:00:00,A,4817,1325224716111SELS0,2026-05-25 07:00:00,2026-05-25 15:00:00,51,19.0,0,Continuity (2-mould press)
2026-05-25 00:00:00,B,4817,1325224716111SELS0,2026-05-25 15:00:00,2026-05-25 23:00:00,51,19.0,0,Continuity (2-mould press)
2026-05-25 00:00:00,C,4817,1325224716111SELS0,2026-05-25 23:00:00,2026-05-26 07:00:00,51,19.0,0,Continuity (2-mould press)
2026-05-26 00:00:00,A,4817,1325224716111SELS0,2026-05-26 07:00:00,2026-05-26 15:00:00,51,19.0,0,Continuity (2-mould press)
2026-05-26 00:00:00,B,4817,1325224716111SELS0,2026-05-26 15:00:00,2026-05-26 23:00:00,51,19.0,0,Continuity (2-mould press)
2026-05-26 00:00:00,C,4817,1325224716111SELS0,2026-05-26 23:00:00,2026-05-27 07:00:00,51,19.0,0,Continuity (2-mould press)
2026-05-27 00:00:00,A,4817,1325224716111SELS0,2026-05-27 07:00:00,2026-05-27 15:00:00,51,19.0,0,Continuity (2-mould press)
2026-05-27 00:00:00,B,4817,1325224716111SELS0,2026-05-27 15:00:00,2026-05-27 23:00:00,51,19.0,0,Continuity (2-mould press)
2026-05-27 00:00:00,C,4817,1325224716111SELS0,2026-05-27 23:00:00,2026-05-28 07:00:00,51,19.0,0,Continuity (2-mould press)
2026-04-28 00:00:00,A,4818,1D25215013008SXC10,2026-04-28 07:00:00,2026-04-28 15:00:00,51,19.0,0,Continuity (2-mould press)
2026-04-28 00:00:00,B,4818,1D25215013008SXC10,2026-04-28 15:00:00,2026-04-28 23:00:00,51,19.0,0,Continuity (2-mould press)
2026-04-28 00:00:00,C,4818,1D25215013008SXC10,2026-04-28 23:00:00,2026-04-29 07:00:00,51,19.0,0,Continuity (2-mould press)
2026-04-29 00:00:00,A,4818,1D25215013008SXC10,2026-04-29 07:00:00,2026-04-29 15:00:00,51,19.0,0,Continuity (2-mould press)
2026-04-29 00:00:00,B,4818,1D25215013008SXC10,2026-04-29 15:00:00,2026-04-29 23:00:00,51,19.0,0,Continuity (2-mould press)
2026-04-29 00:00:00,C,4818,1D25215013008SXC10,2026-04-29 23:00:00,2026-04-30 07:00:00,51,19.0,0,Continuity (2-mould press)
2026-04-30 00:00:00,A,4818,1D25215013008SXC10,2026-04-30 07:00:00,2026-04-30 12:31:00,35,19.0,0,Continuity (2-mould press)
2026-04-28 00:00:00,A,4819,1325225518111HRHB0,2026-04-28 07:00:00,2026-04-28 15:00:00,53,18.0,0,Continuity (2-mould press)
2026-04-28 00:00:00,B,4819,1325225518111HRHB0,2026-04-28 15:00:00,2026-04-28 23:00:00,53,18.0,0,Continuity (2-mould press)
2026-04-28 00:00:00,C,4819,1325225518111HRHB0,2026-04-28 23:00:00,2026-04-29 07:00:00,53,18.0,0,Continuity (2-mould press)
2026-04-29 00:00:00,A,4819,1325225518111HRHB0,2026-04-29 07:00:00,2026-04-29 15:00:00,53,18.0,0,Continuity (2-mould press)
2026-04-29 00:00:00,B,4819,1325225518111HRHB0,2026-04-29 15:00:00,2026-04-29 23:00:00,53,18.0,0,Continuity (2-mould press)
2026-04-29 00:00:00,C,4819,1325225518111HRHB0,2026-04-29 23:00:00,2026-04-30 07:00:00,53,18.0,0,Continuity (2-mould press)
2026-04-30 00:00:00,A,4819,1325225518111HRHB0,2026-04-30 07:00:00,2026-04-30 15:00:00,53,18.0,0,Continuity (2-mould press)
2026-04-30 00:00:00,B,4819,1325225518111HRHB0,2026-04-30 15:00:00,2026-04-30 19:18:00,29,18.0,0,Continuity (2-mould press)
2026-04-28 00:00:00,A,4820,1325215513073TUNE0,2026-04-28 07:00:00,2026-04-28 15:00:00,64,15.0,0,Continuity (2-mould press)
2026-04-28 00:00:00,B,4820,1325215513073TUNE0,2026-04-28 15:00:00,2026-04-28 23:00:00,64,15.0,0,Continuity (2-mould press)
2026-04-28 00:00:00,C,4820,1325215513073TUNE0,2026-04-28 23:00:00,2026-04-29 07:00:00,64,15.0,0,Continuity (2-mould press)
2026-04-29 00:00:00,A,4820,1325215513073TUNE0,2026-04-29 07:00:00,2026-04-29 15:00:00,64,15.0,0,Continuity (2-mould press)
2026-04-29 00:00:00,B,4820,1325215513073TUNE0,2026-04-29 15:00:00,2026-04-29 19:45:00,38,15.0,0,Continuity (2-mould press)
2026-04-28 00:00:00,A,4821,1D25215013008SXC10,2026-04-28 07:00:00,2026-04-28 15:00:00,51,19.0,0,Continuity (2-mould press)
2026-04-28 00:00:00,B,4821,1D25215013008SXC10,2026-04-28 15:00:00,2026-04-28 23:00:00,51,19.0,0,Continuity (2-mould press)
2026-04-28 00:00:00,C,4821,1D25215013008SXC10,2026-04-28 23:00:00,2026-04-29 07:00:00,51,19.0,0,Continuity (2-mould press)
2026-04-29 00:00:00,A,4821,1D25215013008SXC10,2026-04-29 07:00:00,2026-04-29 15:00:00,51,19.0,0,Continuity (2-mould press)
2026-04-29 00:00:00,B,4821,1D25215013008SXC10,2026-04-29 15:00:00,2026-04-29 23:00:00,51,19.0,0,Continuity (2-mould press)
2026-04-29 00:00:00,C,4821,1D25215013008SXC10,2026-04-29 23:00:00,2026-04-30 07:00:00,51,19.0,0,Continuity (2-mould press)
2026-04-30 00:00:00,A,4821,1D25215013008SXC10,2026-04-30 07:00:00,2026-04-30 12:31:00,35,19.0,0,Continuity (2-mould press)
2026-04-28 00:00:00,A,4822,1325219515091HURL2,2026-04-28 07:00:00,2026-04-28 15:00:00,64,15.0,0,Continuity (2-mould press)
2026-04-28 00:00:00,B,4822,1325219515091HURL2,2026-04-28 15:00:00,2026-04-28 23:00:00,64,15.0,0,Continuity (2-mould press)
2026-04-28 00:00:00,C,4822,1325219515091HURL2,2026-04-28 23:00:00,2026-04-29 02:30:00,28,15.0,0,Continuity (2-mould press)
2026-04-28 00:00:00,A,4823,1D25215013008SXC10,2026-04-28 07:00:00,2026-04-28 15:00:00,51,19.0,0,Continuity (2-mould press)
2026-04-28 00:00:00,B,4823,1D25215013008SXC10,2026-04-28 15:00:00,2026-04-28 23:00:00,51,19.0,0,Continuity (2-mould press)
2026-04-28 00:00:00,C,4823,1D25215013008SXC10,2026-04-28 23:00:00,2026-04-29 03:54:00,31,19.0,0,Continuity (2-mould press)
2026-04-28 00:00:00,C,4823,MOULD_CLEAN,2026-04-29 03:54:00,2026-04-29 06:54:00,0,0.0,0,Mould cleaning (continuity)
2026-04-28 00:00:00,C,4823,1D25215013008SXC10,2026-04-29 06:54:00,2026-04-29 07:00:00,1,19.0,0,Continuity (2-mould press)
2026-04-29 00:00:00,A,4823,1D25215013008SXC10,2026-04-29 07:00:00,2026-04-29 15:00:00,51,19.0,0,Continuity (2-mould press)
2026-04-29 00:00:00,B,4823,1D25215013008SXC10,2026-04-29 15:00:00,2026-04-29 23:00:00,51,19.0,0,Continuity (2-mould press)
2026-04-29 00:00:00,C,4823,1D25215013008SXC10,2026-04-29 23:00:00,2026-04-30 07:00:00,51,19.0,0,Continuity (2-mould press)
2026-04-30 00:00:00,A,4823,1D25215013008SXC10,2026-04-30 07:00:00,2026-04-30 15:00:00,51,19.0,0,Continuity (2-mould press)
2026-04-30 00:00:00,B,4823,1D25215013008SXC10,2026-04-30 15:00:00,2026-04-30 15:31:00,3,19.0,0,Continuity (2-mould press)
2026-04-28 00:00:00,A,4824,1D25215013008SXC10,2026-04-28 07:00:00,2026-04-28 15:00:00,51,19.0,0,Continuity (2-mould press)
2026-04-28 00:00:00,B,4824,1D25215013008SXC10,2026-04-28 15:00:00,2026-04-28 23:00:00,51,19.0,0,Continuity (2-mould press)
2026-04-28 00:00:00,C,4824,1D25215013008SXC10,2026-04-28 23:00:00,2026-04-29 07:00:00,51,19.0,0,Continuity (2-mould press)
2026-04-29 00:00:00,A,4824,1D25215013008SXC10,2026-04-29 07:00:00,2026-04-29 15:00:00,51,19.0,0,Continuity (2-mould press)
2026-04-29 00:00:00,B,4824,1D25215013008SXC10,2026-04-29 15:00:00,2026-04-29 23:00:00,51,19.0,0,Continuity (2-mould press)
2026-04-29 00:00:00,C,4824,1D25215013008SXC10,2026-04-29 23:00:00,2026-04-30 07:00:00,51,19.0,0,Continuity (2-mould press)
2026-04-30 00:00:00,A,4824,1D25215013008SXC10,2026-04-30 07:00:00,2026-04-30 12:31:00,35,19.0,0,Continuity (2-mould press)
2026-04-28 00:00:00,A,4825,1D25215013008SXC10,2026-04-28 07:00:00,2026-04-28 15:00:00,51,19.0,0,Continuity (2-mould press)
2026-04-28 00:00:00,B,4825,1D25215013008SXC10,2026-04-28 15:00:00,2026-04-28 23:00:00,51,19.0,0,Continuity (2-mould press)
2026-04-28 00:00:00,C,4825,1D25215013008SXC10,2026-04-28 23:00:00,2026-04-29 07:00:00,51,19.0,0,Continuity (2-mould press)
2026-04-29 00:00:00,A,4825,1D25215013008SXC10,2026-04-29 07:00:00,2026-04-29 15:00:00,51,19.0,0,Continuity (2-mould press)
2026-04-29 00:00:00,B,4825,1D25215013008SXC10,2026-04-29 15:00:00,2026-04-29 23:00:00,51,19.0,0,Continuity (2-mould press)
2026-04-29 00:00:00,C,4825,1D25215013008SXC10,2026-04-29 23:00:00,2026-04-30 07:00:00,51,19.0,0,Continuity (2-mould press)
2026-04-30 00:00:00,A,4825,1D25215013008SXC10,2026-04-30 07:00:00,2026-04-30 12:31:00,35,19.0,0,Continuity (2-mould press)
2026-04-28 00:00:00,A,4827,1325225518111HRHB0,2026-04-28 07:00:00,2026-04-28 15:00:00,53,18.0,0,Continuity (2-mould press)
2026-04-28 00:00:00,B,4827,1325225518111HRHB0,2026-04-28 15:00:00,2026-04-28 23:00:00,53,18.0,0,Continuity (2-mould press)
2026-04-28 00:00:00,C,4827,1325225518111HRHB0,2026-04-28 23:00:00,2026-04-29 07:00:00,53,18.0,0,Continuity (2-mould press)
2026-04-29 00:00:00,A,4827,1325225518111HRHB0,2026-04-29 07:00:00,2026-04-29 15:00:00,53,18.0,0,Continuity (2-mould press)
2026-04-29 00:00:00,B,4827,1325225518111HRHB0,2026-04-29 15:00:00,2026-04-29 23:00:00,53,18.0,0,Continuity (2-mould press)
2026-04-29 00:00:00,C,4827,1325225518111HRHB0,2026-04-29 23:00:00,2026-04-30 07:00:00,53,18.0,0,Continuity (2-mould press)
2026-04-30 00:00:00,A,4827,1325225518111HRHB0,2026-04-30 07:00:00,2026-04-30 15:00:00,53,18.0,0,Continuity (2-mould press)
2026-04-30 00:00:00,B,4827,1325225518111HRHB0,2026-04-30 15:00:00,2026-04-30 19:18:00,29,18.0,0,Continuity (2-mould press)
2026-04-28 00:00:00,A,4829,1325221417096HURL0,2026-04-28 07:00:00,2026-04-28 15:00:00,60,16.0,0,Continuity (2-mould press)
2026-04-28 00:00:00,B,4829,1325221417096HURL0,2026-04-28 15:00:00,2026-04-28 23:00:00,60,16.0,0,Continuity (2-mould press)
2026-04-28 00:00:00,C,4829,1325221417096HURL0,2026-04-28 23:00:00,2026-04-29 07:00:00,60,16.0,0,Continuity (2-mould press)
2026-04-29 00:00:00,A,4829,1325221417096HURL0,2026-04-29 07:00:00,2026-04-29 15:00:00,60,16.0,0,Continuity (2-mould press)
2026-04-29 00:00:00,B,4829,1325221417096HURL0,2026-04-29 15:00:00,2026-04-29 23:00:00,60,16.0,0,Continuity (2-mould press)
2026-04-29 00:00:00,C,4829,1325221417096HURL0,2026-04-29 23:00:00,2026-04-30 07:00:00,60,16.0,0,Continuity (2-mould press)
2026-04-30 00:00:00,A,4829,1325221417096HURL0,2026-04-30 07:00:00,2026-04-30 15:00:00,60,16.0,0,Continuity (2-mould press)
2026-04-30 00:00:00,B,4829,1325221417096HURL0,2026-04-30 15:00:00,2026-04-30 17:08:00,16,16.0,0,Continuity (2-mould press)
2026-04-28 00:00:00,A,4830,1D25216814008QXPC0,2026-04-28 07:00:00,2026-04-28 15:00:00,48,20.0,0,Continuity (2-mould press)
2026-04-28 00:00:00,B,4830,1D25216814008QXPC0,2026-04-28 15:00:00,2026-04-28 23:00:00,48,20.0,0,Continuity (2-mould press)
2026-04-28 00:00:00,C,4830,1D25216814008QXPC0,2026-04-28 23:00:00,2026-04-29 06:20:00,44,20.0,0,Continuity (2-mould press)
2026-04-28 00:00:00,A,4831,1D25215013008SXC10,2026-04-28 07:00:00,2026-04-28 15:00:00,51,19.0,0,Continuity (2-mould press)
2026-04-28 00:00:00,B,4831,1D25215013008SXC10,2026-04-28 15:00:00,2026-04-28 23:00:00,51,19.0,0,Continuity (2-mould press)
2026-04-28 00:00:00,C,4831,1D25215013008SXC10,2026-04-28 23:00:00,2026-04-29 07:00:00,51,19.0,0,Continuity (2-mould press)
2026-04-29 00:00:00,A,4831,1D25215013008SXC10,2026-04-29 07:00:00,2026-04-29 15:00:00,51,19.0,0,Continuity (2-mould press)
2026-04-29 00:00:00,B,4831,1D25215013008SXC10,2026-04-29 15:00:00,2026-04-29 23:00:00,51,19.0,0,Continuity (2-mould press)
2026-04-29 00:00:00,C,4831,1D25215013008SXC10,2026-04-29 23:00:00,2026-04-30 07:00:00,51,19.0,0,Continuity (2-mould press)
2026-04-30 00:00:00,A,4831,1D25215013008SXC10,2026-04-30 07:00:00,2026-04-30 12:31:00,35,19.0,0,Continuity (2-mould press)
2026-04-28 00:00:00,A,4832,1325219515091HURL2,2026-04-28 07:00:00,2026-04-28 15:00:00,64,15.0,0,Continuity (2-mould press)
2026-04-28 00:00:00,B,4832,1325219515091HURL2,2026-04-28 15:00:00,2026-04-28 23:00:00,64,15.0,0,Continuity (2-mould press)
2026-04-28 00:00:00,C,4832,1325219515091HURL2,2026-04-28 23:00:00,2026-04-29 02:30:00,28,15.0,0,Continuity (2-mould press)
2026-04-28 00:00:00,A,4834,1325221318095HURL0,2026-04-28 07:00:00,2026-04-28 15:00:00,51,19.0,0,Continuity (2-mould press)
2026-04-28 00:00:00,B,4834,1325221318095HURL0,2026-04-28 15:00:00,2026-04-28 23:00:00,51,19.0,0,Continuity (2-mould press)
2026-04-28 00:00:00,C,4834,1325221318095HURL0,2026-04-28 23:00:00,2026-04-29 07:00:00,51,19.0,0,Continuity (2-mould press)
2026-04-29 00:00:00,A,4834,1325221318095HURL0,2026-04-29 07:00:00,2026-04-29 08:58:00,12,19.0,0,Continuity (2-mould press)
2026-04-28 00:00:00,A,4835,1D25215013008SXC10,2026-04-28 07:00:00,2026-04-28 15:00:00,51,19.0,0,Continuity (2-mould press)
2026-04-28 00:00:00,B,4835,1D25215013008SXC10,2026-04-28 15:00:00,2026-04-28 23:00:00,51,19.0,0,Continuity (2-mould press)
2026-04-28 00:00:00,C,4835,1D25215013008SXC10,2026-04-28 23:00:00,2026-04-29 07:00:00,51,19.0,0,Continuity (2-mould press)
2026-04-29 00:00:00,A,4835,1D25215013008SXC10,2026-04-29 07:00:00,2026-04-29 15:00:00,51,19.0,0,Continuity (2-mould press)
2026-04-29 00:00:00,B,4835,1D25215013008SXC10,2026-04-29 15:00:00,2026-04-29 23:00:00,51,19.0,0,Continuity (2-mould press)
2026-04-29 00:00:00,C,4835,1D25215013008SXC10,2026-04-29 23:00:00,2026-04-30 07:00:00,51,19.0,0,Continuity (2-mould press)
2026-04-30 00:00:00,A,4835,1D25215013008SXC10,2026-04-30 07:00:00,2026-04-30 12:31:00,35,19.0,0,Continuity (2-mould press)
2026-04-28 00:00:00,A,4836,1D25215013008SXC10,2026-04-28 07:00:00,2026-04-28 15:00:00,51,19.0,0,Continuity (2-mould press)
2026-04-28 00:00:00,B,4836,1D25215013008SXC10,2026-04-28 15:00:00,2026-04-28 23:00:00,51,19.0,0,Continuity (2-mould press)
2026-04-28 00:00:00,C,4836,1D25215013008SXC10,2026-04-28 23:00:00,2026-04-29 07:00:00,51,19.0,0,Continuity (2-mould press)
2026-04-29 00:00:00,A,4836,1D25215013008SXC10,2026-04-29 07:00:00,2026-04-29 15:00:00,51,19.0,0,Continuity (2-mould press)
2026-04-29 00:00:00,B,4836,1D25215013008SXC10,2026-04-29 15:00:00,2026-04-29 23:00:00,51,19.0,0,Continuity (2-mould press)
2026-04-29 00:00:00,C,4836,1D25215013008SXC10,2026-04-29 23:00:00,2026-04-30 07:00:00,51,19.0,0,Continuity (2-mould press)
2026-04-30 00:00:00,A,4836,1D25215013008SXC10,2026-04-30 07:00:00,2026-04-30 12:31:00,35,19.0,0,Continuity (2-mould press)
2026-04-28 00:00:00,A,4837,1D25218Z14008QXPC0,2026-04-28 07:00:00,2026-04-28 08:40:00,8,25.0,0,Continuity (2-mould press)
2026-04-28 00:00:00,A,4838,1325221318095HURL0,2026-04-28 07:00:00,2026-04-28 15:00:00,51,19.0,0,Continuity (2-mould press)
2026-04-28 00:00:00,B,4838,1325221318095HURL0,2026-04-28 15:00:00,2026-04-28 23:00:00,51,19.0,0,Continuity (2-mould press)
2026-04-28 00:00:00,C,4838,1325221318095HURL0,2026-04-28 23:00:00,2026-04-29 07:00:00,51,19.0,0,Continuity (2-mould press)
2026-04-29 00:00:00,A,4838,1325221318095HURL0,2026-04-29 07:00:00,2026-04-29 08:58:00,12,19.0,0,Continuity (2-mould press)
2026-04-28 00:00:00,A,4839,1325221417096HURL0,2026-04-28 07:00:00,2026-04-28 15:00:00,60,16.0,0,Continuity (2-mould press)
2026-04-28 00:00:00,B,4839,1325221417096HURL0,2026-04-28 15:00:00,2026-04-28 23:00:00,60,16.0,0,Continuity (2-mould press)
2026-04-28 00:00:00,C,4839,1325221417096HURL0,2026-04-28 23:00:00,2026-04-29 07:00:00,60,16.0,0,Continuity (2-mould press)
2026-04-29 00:00:00,A,4839,1325221417096HURL0,2026-04-29 07:00:00,2026-04-29 15:00:00,60,16.0,0,Continuity (2-mould press)
2026-04-29 00:00:00,B,4839,1325221417096HURL0,2026-04-29 15:00:00,2026-04-29 23:00:00,60,16.0,0,Continuity (2-mould press)
2026-04-29 00:00:00,C,4839,1325221417096HURL0,2026-04-29 23:00:00,2026-04-30 07:00:00,60,16.0,0,Continuity (2-mould press)
2026-04-30 00:00:00,A,4839,1325221417096HURL0,2026-04-30 07:00:00,2026-04-30 15:00:00,60,16.0,0,Continuity (2-mould press)
2026-04-30 00:00:00,B,4839,1325221417096HURL0,2026-04-30 15:00:00,2026-04-30 17:08:00,16,16.0,0,Continuity (2-mould press)
2026-04-28 00:00:00,A,4840,1325219515091HURL2,2026-04-28 07:00:00,2026-04-28 15:00:00,64,15.0,0,Continuity (2-mould press)
2026-04-28 00:00:00,B,4840,1325219515091HURL2,2026-04-28 15:00:00,2026-04-28 23:00:00,64,15.0,0,Continuity (2-mould press)
2026-04-28 00:00:00,C,4840,1325219515091HURL2,2026-04-28 23:00:00,2026-04-29 02:30:00,28,15.0,0,Continuity (2-mould press)
2026-04-28 00:00:00,A,4841,1325221417096HURL0,2026-04-28 07:00:00,2026-04-28 15:00:00,60,16.0,0,Continuity (2-mould press)
2026-04-28 00:00:00,B,4841,1325221417096HURL0,2026-04-28 15:00:00,2026-04-28 23:00:00,60,16.0,0,Continuity (2-mould press)
2026-04-28 00:00:00,C,4841,1325221417096HURL0,2026-04-28 23:00:00,2026-04-29 07:00:00,60,16.0,0,Continuity (2-mould press)
2026-04-29 00:00:00,A,4841,1325221417096HURL0,2026-04-29 07:00:00,2026-04-29 15:00:00,60,16.0,0,Continuity (2-mould press)
2026-04-29 00:00:00,B,4841,1325221417096HURL0,2026-04-29 15:00:00,2026-04-29 23:00:00,60,16.0,0,Continuity (2-mould press)
2026-04-29 00:00:00,C,4841,1325221417096HURL0,2026-04-29 23:00:00,2026-04-30 07:00:00,60,16.0,0,Continuity (2-mould press)
2026-04-30 00:00:00,A,4841,1325221417096HURL0,2026-04-30 07:00:00,2026-04-30 15:00:00,60,16.0,0,Continuity (2-mould press)
2026-04-30 00:00:00,B,4841,1325221417096HURL0,2026-04-30 15:00:00,2026-04-30 17:08:00,16,16.0,0,Continuity (2-mould press)
2026-04-28 00:00:00,A,4842,1325221417096HURL0,2026-04-28 07:00:00,2026-04-28 15:00:00,60,16.0,0,Continuity (2-mould press)
2026-04-28 00:00:00,B,4842,1325221417096HURL0,2026-04-28 15:00:00,2026-04-28 23:00:00,60,16.0,0,Continuity (2-mould press)
2026-04-28 00:00:00,C,4842,1325221417096HURL0,2026-04-28 23:00:00,2026-04-29 07:00:00,60,16.0,0,Continuity (2-mould press)
2026-04-29 00:00:00,A,4842,1325221417096HURL0,2026-04-29 07:00:00,2026-04-29 15:00:00,60,16.0,0,Continuity (2-mould press)
2026-04-29 00:00:00,B,4842,1325221417096HURL0,2026-04-29 15:00:00,2026-04-29 23:00:00,60,16.0,0,Continuity (2-mould press)
2026-04-29 00:00:00,C,4842,1325221417096HURL0,2026-04-29 23:00:00,2026-04-30 07:00:00,60,16.0,0,Continuity (2-mould press)
2026-04-30 00:00:00,A,4842,1325221417096HURL0,2026-04-30 07:00:00,2026-04-30 15:00:00,60,16.0,0,Continuity (2-mould press)
2026-04-30 00:00:00,B,4842,1325221417096HURL0,2026-04-30 15:00:00,2026-04-30 17:08:00,16,16.0,0,Continuity (2-mould press)
2026-04-28 00:00:00,A,4843,1325225518111HRHB0,2026-04-28 07:00:00,2026-04-28 15:00:00,53,18.0,0,Continuity (2-mould press)
2026-04-28 00:00:00,B,4843,1325225518111HRHB0,2026-04-28 15:00:00,2026-04-28 23:00:00,53,18.0,0,Continuity (2-mould press)
2026-04-28 00:00:00,C,4843,1325225518111HRHB0,2026-04-28 23:00:00,2026-04-29 07:00:00,53,18.0,0,Continuity (2-mould press)
2026-04-29 00:00:00,A,4843,1325225518111HRHB0,2026-04-29 07:00:00,2026-04-29 15:00:00,53,18.0,0,Continuity (2-mould press)
2026-04-29 00:00:00,B,4843,1325225518111HRHB0,2026-04-29 15:00:00,2026-04-29 23:00:00,53,18.0,0,Continuity (2-mould press)
2026-04-29 00:00:00,C,4843,1325225518111HRHB0,2026-04-29 23:00:00,2026-04-30 07:00:00,53,18.0,0,Continuity (2-mould press)
2026-04-30 00:00:00,A,4843,1325225518111HRHB0,2026-04-30 07:00:00,2026-04-30 15:00:00,53,18.0,0,Continuity (2-mould press)
2026-04-30 00:00:00,B,4843,1325225518111HRHB0,2026-04-30 15:00:00,2026-04-30 19:18:00,29,18.0,0,Continuity (2-mould press)
2026-04-28 00:00:00,A,4844,1D25215013008SXC10,2026-04-28 07:00:00,2026-04-28 15:00:00,51,19.0,0,Continuity (2-mould press)
2026-04-28 00:00:00,B,4844,1D25215013008SXC10,2026-04-28 15:00:00,2026-04-28 23:00:00,51,19.0,0,Continuity (2-mould press)
2026-04-28 00:00:00,C,4844,1D25215013008SXC10,2026-04-28 23:00:00,2026-04-29 07:00:00,51,19.0,0,Continuity (2-mould press)
2026-04-29 00:00:00,A,4844,1D25215013008SXC10,2026-04-29 07:00:00,2026-04-29 15:00:00,51,19.0,0,Continuity (2-mould press)
2026-04-29 00:00:00,B,4844,1D25215013008SXC10,2026-04-29 15:00:00,2026-04-29 23:00:00,51,19.0,0,Continuity (2-mould press)
2026-04-29 00:00:00,C,4844,1D25215013008SXC10,2026-04-29 23:00:00,2026-04-30 07:00:00,51,19.0,0,Continuity (2-mould press)
2026-04-30 00:00:00,A,4844,1D25215013008SXC10,2026-04-30 07:00:00,2026-04-30 12:31:00,35,19.0,0,Continuity (2-mould press)
2026-04-28 00:00:00,A,4845,1D25215013008SXC10,2026-04-28 07:00:00,2026-04-28 15:00:00,51,19.0,0,Continuity (2-mould press)
2026-04-28 00:00:00,B,4845,1D25215013008SXC10,2026-04-28 15:00:00,2026-04-28 23:00:00,51,19.0,0,Continuity (2-mould press)
2026-04-28 00:00:00,C,4845,1D25215013008SXC10,2026-04-28 23:00:00,2026-04-29 07:00:00,51,19.0,0,Continuity (2-mould press)
2026-04-29 00:00:00,A,4845,1D25215013008SXC10,2026-04-29 07:00:00,2026-04-29 15:00:00,51,19.0,0,Continuity (2-mould press)
2026-04-29 00:00:00,B,4845,1D25215013008SXC10,2026-04-29 15:00:00,2026-04-29 23:00:00,51,19.0,0,Continuity (2-mould press)
2026-04-29 00:00:00,C,4845,1D25215013008SXC10,2026-04-29 23:00:00,2026-04-30 07:00:00,51,19.0,0,Continuity (2-mould press)
2026-04-30 00:00:00,A,4845,1D25215013008SXC10,2026-04-30 07:00:00,2026-04-30 12:31:00,35,19.0,0,Continuity (2-mould press)
2026-04-28 00:00:00,A,4846,1D25218014010RXPCT,2026-04-28 07:00:00,2026-04-28 15:00:00,42,23.0,0,Continuity (2-mould press)
2026-04-28 00:00:00,B,4846,1D25218014010RXPCT,2026-04-28 15:00:00,2026-04-28 23:00:00,42,23.0,0,Continuity (2-mould press)
2026-04-28 00:00:00,C,4846,1D25218014010RXPCT,2026-04-28 23:00:00,2026-04-29 07:00:00,42,23.0,0,Continuity (2-mould press)
2026-04-29 00:00:00,A,4846,1D25218014010RXPCT,2026-04-29 07:00:00,2026-04-29 15:00:00,42,23.0,0,Continuity (2-mould press)
2026-04-29 00:00:00,B,4846,1D25218014010RXPCT,2026-04-29 15:00:00,2026-04-29 23:00:00,42,23.0,0,Continuity (2-mould press)
2026-04-29 00:00:00,C,4846,1D25218014010RXPCT,2026-04-29 23:00:00,2026-04-30 07:00:00,42,23.0,0,Continuity (2-mould press)
2026-04-30 00:00:00,A,4846,1D25218014010RXPCT,2026-04-30 07:00:00,2026-04-30 15:00:00,42,23.0,0,Continuity (2-mould press)
2026-04-30 00:00:00,B,4846,1D25218014010RXPCT,2026-04-30 15:00:00,2026-04-30 23:00:00,42,23.0,0,Continuity (2-mould press)
2026-04-30 00:00:00,C,4846,1D25218014010RXPCT,2026-04-30 23:00:00,2026-05-01 07:00:00,42,23.0,0,Continuity (2-mould press)
2026-05-01 00:00:00,A,4846,1D25218014010RXPCT,2026-05-01 07:00:00,2026-05-01 15:00:00,42,23.0,0,Continuity (2-mould press)
2026-05-01 00:00:00,B,4846,1D25218014010RXPCT,2026-05-01 15:00:00,2026-05-01 23:00:00,42,23.0,0,Continuity (2-mould press)
2026-05-01 00:00:00,C,4846,1D25218014010RXPCT,2026-05-01 23:00:00,2026-05-02 07:00:00,42,23.0,0,Continuity (2-mould press)
2026-05-02 00:00:00,A,4846,1D25218014010RXPCT,2026-05-02 07:00:00,2026-05-02 15:00:00,42,23.0,0,Continuity (2-mould press)
2026-05-02 00:00:00,B,4846,1D25218014010RXPCT,2026-05-02 15:00:00,2026-05-02 23:00:00,42,23.0,0,Continuity (2-mould press)
2026-05-02 00:00:00,C,4846,1D25218014010RXPCT,2026-05-02 23:00:00,2026-05-03 07:00:00,42,23.0,0,Continuity (2-mould press)
2026-05-03 00:00:00,A,4846,1D25218014010RXPCT,2026-05-03 07:00:00,2026-05-03 15:00:00,42,23.0,0,Continuity (2-mould press)
2026-05-03 00:00:00,B,4846,1D25218014010RXPCT,2026-05-03 15:00:00,2026-05-03 23:00:00,42,23.0,0,Continuity (2-mould press)
2026-05-03 00:00:00,C,4846,1D25218014010RXPCT,2026-05-03 23:00:00,2026-05-04 07:00:00,42,23.0,0,Continuity (2-mould press)
2026-05-04 00:00:00,A,4846,1D25218014010RXPCT,2026-05-04 07:00:00,2026-05-04 15:00:00,42,23.0,0,Continuity (2-mould press)
2026-05-04 00:00:00,B,4846,1D25218014010RXPCT,2026-05-04 15:00:00,2026-05-04 23:00:00,42,23.0,0,Continuity (2-mould press)
2026-05-04 00:00:00,C,4846,1D25218014010RXPCT,2026-05-04 23:00:00,2026-05-05 07:00:00,42,23.0,0,Continuity (2-mould press)
2026-05-05 00:00:00,A,4846,1D25218014010RXPCT,2026-05-05 07:00:00,2026-05-05 14:11:00,37,23.0,0,Continuity (2-mould press)
2026-04-28 00:00:00,A,4847,1325221318095HURL0,2026-04-28 07:00:00,2026-04-28 15:00:00,51,19.0,0,Continuity (2-mould press)
2026-04-28 00:00:00,B,4847,1325221318095HURL0,2026-04-28 15:00:00,2026-04-28 23:00:00,51,19.0,0,Continuity (2-mould press)
2026-04-28 00:00:00,C,4847,1325221318095HURL0,2026-04-28 23:00:00,2026-04-29 07:00:00,51,19.0,0,Continuity (2-mould press)
2026-04-29 00:00:00,A,4847,1325221318095HURL0,2026-04-29 07:00:00,2026-04-29 08:58:00,12,19.0,0,Continuity (2-mould press)
2026-04-28 00:00:00,A,4848,1325221417096HURL0,2026-04-28 07:00:00,2026-04-28 15:00:00,60,16.0,0,Continuity (2-mould press)
2026-04-28 00:00:00,B,4848,1325221417096HURL0,2026-04-28 15:00:00,2026-04-28 23:00:00,60,16.0,0,Continuity (2-mould press)
2026-04-28 00:00:00,C,4848,1325221417096HURL0,2026-04-28 23:00:00,2026-04-29 07:00:00,60,16.0,0,Continuity (2-mould press)
2026-04-29 00:00:00,A,4848,1325221417096HURL0,2026-04-29 07:00:00,2026-04-29 15:00:00,60,16.0,0,Continuity (2-mould press)
2026-04-29 00:00:00,B,4848,1325221417096HURL0,2026-04-29 15:00:00,2026-04-29 23:00:00,60,16.0,0,Continuity (2-mould press)
2026-04-29 00:00:00,C,4848,1325221417096HURL0,2026-04-29 23:00:00,2026-04-30 07:00:00,60,16.0,0,Continuity (2-mould press)
2026-04-30 00:00:00,A,4848,1325221417096HURL0,2026-04-30 07:00:00,2026-04-30 15:00:00,60,16.0,0,Continuity (2-mould press)
2026-04-30 00:00:00,B,4848,1325221417096HURL0,2026-04-30 15:00:00,2026-04-30 16:36:00,12,16.0,0,Continuity (2-mould press)
2026-04-28 00:00:00,A,4850,1D25114012008QXPC0,2026-04-28 07:00:00,2026-04-28 15:00:00,51,19.0,0,Continuity (2-mould press)
2026-04-28 00:00:00,B,4850,1D25114012008QXPC0,2026-04-28 15:00:00,2026-04-28 23:00:00,51,19.0,0,Continuity (2-mould press)
2026-04-28 00:00:00,C,4850,1D25114012008QXPC0,2026-04-28 23:00:00,2026-04-29 07:00:00,51,19.0,0,Continuity (2-mould press)
2026-04-29 00:00:00,A,4850,1D25114012008QXPC0,2026-04-29 07:00:00,2026-04-29 15:00:00,51,19.0,0,Continuity (2-mould press)
2026-04-29 00:00:00,B,4850,1D25114012008QXPC0,2026-04-29 15:00:00,2026-04-29 23:00:00,51,19.0,0,Continuity (2-mould press)
2026-04-29 00:00:00,C,4850,1D25114012008QXPC0,2026-04-29 23:00:00,2026-04-30 07:00:00,51,19.0,0,Continuity (2-mould press)
2026-04-30 00:00:00,A,4850,1D25114012008QXPC0,2026-04-30 07:00:00,2026-04-30 15:00:00,51,19.0,0,Continuity (2-mould press)
2026-04-30 00:00:00,B,4850,1D25114012008QXPC0,2026-04-30 15:00:00,2026-04-30 23:00:00,51,19.0,0,Continuity (2-mould press)
2026-04-30 00:00:00,C,4850,1D25114012008QXPC0,2026-04-30 23:00:00,2026-05-01 07:00:00,51,19.0,0,Continuity (2-mould press)
2026-05-01 00:00:00,A,4850,1D25114012008QXPC0,2026-05-01 07:00:00,2026-05-01 15:00:00,51,19.0,0,Continuity (2-mould press)
2026-05-01 00:00:00,B,4850,1D25114012008QXPC0,2026-05-01 15:00:00,2026-05-01 23:00:00,51,19.0,0,Continuity (2-mould press)
2026-05-01 00:00:00,C,4850,1D25114012008QXPC0,2026-05-01 23:00:00,2026-05-02 07:00:00,51,19.0,0,Continuity (2-mould press)
2026-05-02 00:00:00,A,4850,1D25114012008QXPC0,2026-05-02 07:00:00,2026-05-02 09:48:00,18,19.0,0,Continuity (2-mould press)
2026-04-28 00:00:00,A,4851,1D25216814008QXPC0,2026-04-28 07:00:00,2026-04-28 15:00:00,48,20.0,0,Continuity (2-mould press)
2026-04-28 00:00:00,B,4851,1D25216814008QXPC0,2026-04-28 15:00:00,2026-04-28 23:00:00,48,20.0,0,Continuity (2-mould press)
2026-04-28 00:00:00,C,4851,1D25216814008QXPC0,2026-04-28 23:00:00,2026-04-29 06:20:00,44,20.0,0,Continuity (2-mould press)
2026-04-28 00:00:00,A,4852,1D25215013008SXC10,2026-04-28 07:00:00,2026-04-28 15:00:00,51,19.0,0,Continuity (2-mould press)
2026-04-28 00:00:00,B,4852,1D25215013008SXC10,2026-04-28 15:00:00,2026-04-28 23:00:00,51,19.0,0,Continuity (2-mould press)
2026-04-28 00:00:00,C,4852,1D25215013008SXC10,2026-04-28 23:00:00,2026-04-29 07:00:00,51,19.0,0,Continuity (2-mould press)
2026-04-29 00:00:00,A,4852,1D25215013008SXC10,2026-04-29 07:00:00,2026-04-29 15:00:00,51,19.0,0,Continuity (2-mould press)
2026-04-29 00:00:00,B,4852,1D25215013008SXC10,2026-04-29 15:00:00,2026-04-29 23:00:00,51,19.0,0,Continuity (2-mould press)
2026-04-29 00:00:00,C,4852,1D25215013008SXC10,2026-04-29 23:00:00,2026-04-30 07:00:00,51,19.0,0,Continuity (2-mould press)
2026-04-30 00:00:00,A,4852,1D25215013008SXC10,2026-04-30 07:00:00,2026-04-30 10:37:00,23,19.0,0,Continuity (2-mould press)
2026-04-28 00:00:00,A,4853,1325221318095HURL0,2026-04-28 07:00:00,2026-04-28 15:00:00,51,19.0,0,Continuity (2-mould press)
2026-04-28 00:00:00,B,4853,1325221318095HURL0,2026-04-28 15:00:00,2026-04-28 23:00:00,51,19.0,0,Continuity (2-mould press)
2026-04-28 00:00:00,C,4853,1325221318095HURL0,2026-04-28 23:00:00,2026-04-29 07:00:00,51,19.0,0,Continuity (2-mould press)
2026-04-29 00:00:00,A,4853,1325221318095HURL0,2026-04-29 07:00:00,2026-04-29 08:58:00,12,19.0,0,Continuity (2-mould press)
2026-04-28 00:00:00,A,5201,1D25216814008QXPC0,2026-04-28 07:00:00,2026-04-28 15:00:00,48,20.0,0,Continuity (2-mould press)
2026-04-28 00:00:00,B,5201,1D25216814008QXPC0,2026-04-28 15:00:00,2026-04-28 23:00:00,48,20.0,0,Continuity (2-mould press)
2026-04-28 00:00:00,C,5201,1D25216814008QXPC0,2026-04-28 23:00:00,2026-04-29 06:20:00,44,20.0,0,Continuity (2-mould press)
2026-04-28 00:00:00,A,5202,1325219515091HURL2,2026-04-28 07:00:00,2026-04-28 15:00:00,64,15.0,0,Continuity (2-mould press)
2026-04-28 00:00:00,B,5202,1325219515091HURL2,2026-04-28 15:00:00,2026-04-28 23:00:00,64,15.0,0,Continuity (2-mould press)
2026-04-28 00:00:00,C,5202,1325219515091HURL2,2026-04-28 23:00:00,2026-04-29 02:15:00,26,15.0,0,Continuity (2-mould press)
2026-04-28 00:00:00,A,5203,1325215514075TUNE0,2026-04-28 07:00:00,2026-04-28 07:15:00,2,15.0,0,Continuity (2-mould press)
2026-04-28 00:00:00,A,6009,1325215813079TUNE5,2026-04-28 07:00:00,2026-04-28 15:00:00,56,17.0,0,Continuity (2-mould press)
2026-04-28 00:00:00,B,6009,1325215813079TUNE5,2026-04-28 15:00:00,2026-04-28 23:00:00,56,17.0,0,Continuity (2-mould press)
2026-04-28 00:00:00,C,6009,1325215813079TUNE5,2026-04-28 23:00:00,2026-04-29 07:00:00,56,17.0,0,Continuity (2-mould press)
2026-04-29 00:00:00,A,6009,1325215813079TUNE5,2026-04-29 07:00:00,2026-04-29 15:00:00,56,17.0,0,Continuity (2-mould press)
2026-04-29 00:00:00,B,6009,1325215813079TUNE5,2026-04-29 15:00:00,2026-04-29 23:00:00,56,17.0,0,Continuity (2-mould press)
2026-04-29 00:00:00,C,6009,1325215813079TUNE5,2026-04-29 23:00:00,2026-04-30 07:00:00,56,17.0,0,Continuity (2-mould press)
2026-04-30 00:00:00,A,6009,1325215813079TUNE5,2026-04-30 07:00:00,2026-04-30 15:00:00,56,17.0,0,Continuity (2-mould press)
2026-04-30 00:00:00,B,6009,1325215813079TUNE5,2026-04-30 15:00:00,2026-04-30 23:00:00,56,17.0,0,Continuity (2-mould press)
2026-04-30 00:00:00,C,6009,1325215813079TUNE5,2026-04-30 23:00:00,2026-05-01 07:00:00,56,17.0,0,Continuity (2-mould press)
2026-05-01 00:00:00,A,6009,1325215813079TUNE5,2026-05-01 07:00:00,2026-05-01 15:00:00,56,17.0,0,Continuity (2-mould press)
2026-05-01 00:00:00,B,6009,1325215813079TUNE5,2026-05-01 15:00:00,2026-05-01 23:00:00,56,17.0,0,Continuity (2-mould press)
2026-05-01 00:00:00,C,6009,1325215813079TUNE5,2026-05-01 23:00:00,2026-05-02 07:00:00,56,17.0,0,Continuity (2-mould press)
2026-05-02 00:00:00,A,6009,1325215813079TUNE5,2026-05-02 07:00:00,2026-05-02 15:00:00,56,17.0,0,Continuity (2-mould press)
2026-05-02 00:00:00,B,6009,1325215813079TUNE5,2026-05-02 15:00:00,2026-05-02 23:00:00,56,17.0,0,Continuity (2-mould press)
2026-05-02 00:00:00,C,6009,1325215813079TUNE5,2026-05-02 23:00:00,2026-05-03 07:00:00,56,17.0,0,Continuity (2-mould press)
2026-05-03 00:00:00,A,6009,1325215813079TUNE5,2026-05-03 07:00:00,2026-05-03 10:49:00,27,17.0,0,Continuity (2-mould press)
