Date,Shift,Machine,SKUCode,StartTime,EndTime,Qty,CycleTime_min,GT_Inventory,Remarks
2026-06-06,B,4416,CHANGEOVER,2026-06-06 16:47:00,2026-06-06 21:47:00,0,0.0,0,C/O from 1225119015010QSTL0 to 1325217613082TUNE0
2026-06-06,B,4416,1325217613082TUNE0,2026-06-06 21:47:00,2026-06-06 23:00:00,8,15.0,86,LP Scheduled
2026-06-06,C,4416,1325217613082TUNE0,2026-06-06 23:00:00,2026-06-07 07:00:00,64,15.0,86,LP Scheduled
2026-06-07,A,4416,1325217613082TUNE0,2026-06-07 07:00:00,2026-06-07 15:00:00,64,15.0,86,LP Scheduled
2026-06-07,B,4416,1325217613082TUNE0,2026-06-07 15:00:00,2026-06-07 23:00:00,64,15.0,86,LP Scheduled
2026-06-07,C,4416,1325217613082TUNE0,2026-06-07 23:00:00,2026-06-08 07:00:00,64,15.0,86,LP Scheduled
2026-06-08,A,4416,1325217613082TUNE0,2026-06-08 07:00:00,2026-06-08 15:00:00,64,15.0,86,LP Scheduled
2026-06-08,B,4416,1325217613082TUNE0,2026-06-08 15:00:00,2026-06-08 23:00:00,64,15.0,86,LP Scheduled
2026-06-08,C,4416,1325217613082TUNE0,2026-06-08 23:00:00,2026-06-09 07:00:00,64,15.0,86,LP Scheduled
2026-06-09,A,4416,1325217613082TUNE0,2026-06-09 07:00:00,2026-06-09 15:00:00,64,15.0,86,LP Scheduled
2026-06-09,B,4416,1325217613082TUNE0,2026-06-09 15:00:00,2026-06-09 23:00:00,64,15.0,86,LP Scheduled
2026-06-09,C,4416,1325217613082TUNE0,2026-06-09 23:00:00,2026-06-10 07:00:00,64,15.0,86,LP Scheduled
2026-06-10,A,4416,1325217613082TUNE0,2026-06-10 07:00:00,2026-06-10 15:00:00,64,15.0,86,LP Scheduled
2026-06-10,B,4416,1325217613082TUNE0,2026-06-10 15:00:00,2026-06-10 23:00:00,64,15.0,86,LP Scheduled
2026-06-10,C,4416,1325217613082TUNE0,2026-06-10 23:00:00,2026-06-11 07:00:00,64,15.0,86,LP Scheduled
2026-06-11,A,4416,1325217613082TUNE0,2026-06-11 07:00:00,2026-06-11 15:00:00,64,15.0,86,LP Scheduled
2026-06-11,B,4416,1325217613082TUNE0,2026-06-11 15:00:00,2026-06-11 23:00:00,64,15.0,86,LP Scheduled
2026-06-11,C,4416,1325217613082TUNE0,2026-06-11 23:00:00,2026-06-12 07:00:00,64,15.0,86,LP Scheduled
2026-06-12,A,4416,1325217613082TUNE0,2026-06-12 07:00:00,2026-06-12 15:00:00,64,15.0,86,LP Scheduled
2026-06-12,B,4416,1325217613082TUNE0,2026-06-12 15:00:00,2026-06-12 23:00:00,64,15.0,86,LP Scheduled
2026-06-12,C,4416,1325217613082TUNE0,2026-06-12 23:00:00,2026-06-13 07:00:00,64,15.0,86,LP Scheduled
2026-06-13,A,4416,1325217613082TUNE0,2026-06-13 07:00:00,2026-06-13 10:32:00,30,15.0,86,LP Scheduled
2026-06-13,A,4416,CHANGEOVER,2026-06-13 10:32:00,2026-06-13 15:32:00,0,0.0,0,C/O from 1325217613082TUNE0 to 1325220416092VURL0
2026-06-13,B,4416,1325220416092VURL0,2026-06-13 15:32:00,2026-06-13 23:00:00,48,18.0,0,LP Scheduled
2026-06-13,C,4416,1325220416092VURL0,2026-06-13 23:00:00,2026-06-14 07:00:00,52,18.0,0,LP Scheduled
2026-06-14,A,4416,1325220416092VURL0,2026-06-14 07:00:00,2026-06-14 15:00:00,52,18.0,0,LP Scheduled
2026-06-14,B,4416,1325220416092VURL0,2026-06-14 15:00:00,2026-06-14 23:00:00,52,18.0,0,LP Scheduled
2026-06-14,C,4416,1325220416092VURL0,2026-06-14 23:00:00,2026-06-15 07:00:00,52,18.0,0,LP Scheduled
2026-06-15,A,4416,1325220416092VURL0,2026-06-15 07:00:00,2026-06-15 15:00:00,52,18.0,0,LP Scheduled
2026-06-15,B,4416,1325220416092VURL0,2026-06-15 15:00:00,2026-06-15 23:00:00,52,18.0,0,LP Scheduled
2026-06-15,C,4416,1325220416092VURL0,2026-06-15 23:00:00,2026-06-16 07:00:00,52,18.0,0,LP Scheduled
2026-06-16,A,4416,1325220416092VURL0,2026-06-16 07:00:00,2026-06-16 15:00:00,52,18.0,0,LP Scheduled
2026-06-16,B,4416,1325220416092VURL0,2026-06-16 15:00:00,2026-06-16 23:00:00,52,18.0,0,LP Scheduled
2026-06-16,C,4416,1325220416092VURL0,2026-06-16 23:00:00,2026-06-17 04:26:00,50,18.0,0,LP Scheduled
2026-06-01,A,9414,CHANGEOVER,2026-06-01 12:30:00,2026-06-01 17:30:00,0,0.0,0,C/O from 1325214812074TUHL0 to 1225222716121MXC11
2026-06-01,B,9414,1225222716121MXC11,2026-06-01 17:30:00,2026-06-01 23:00:00,18,34.0,0,LP Scheduled
2026-06-01,C,9414,1225222716121MXC11,2026-06-01 23:00:00,2026-06-02 07:00:00,28,34.0,0,LP Scheduled
2026-06-02,A,9414,1225222716121MXC11,2026-06-02 07:00:00,2026-06-02 15:00:00,28,34.0,0,LP Scheduled
2026-06-02,B,9414,1225222716121MXC11,2026-06-02 15:00:00,2026-06-02 23:00:00,28,34.0,0,LP Scheduled
2026-06-02,C,9414,1225222716121MXC11,2026-06-02 23:00:00,2026-06-03 07:00:00,28,34.0,0,LP Scheduled
2026-06-03,A,9414,1225222716121MXC11,2026-06-03 07:00:00,2026-06-03 15:00:00,28,34.0,0,LP Scheduled
2026-06-03,B,9414,1225222716121MXC11,2026-06-03 15:00:00,2026-06-03 23:00:00,28,34.0,0,LP Scheduled
2026-06-03,C,9414,1225222716121MXC11,2026-06-03 23:00:00,2026-06-04 07:00:00,28,34.0,0,LP Scheduled
2026-06-04,A,9414,1225222716121MXC11,2026-06-04 07:00:00,2026-06-04 15:00:00,28,34.0,0,LP Scheduled
2026-06-04,B,9414,1225222716121MXC11,2026-06-04 15:00:00,2026-06-04 23:00:00,28,34.0,0,LP Scheduled
2026-06-04,C,9414,1225222716121MXC11,2026-06-04 23:00:00,2026-06-05 07:00:00,28,34.0,0,LP Scheduled
2026-06-05,A,9414,1225222716121MXC11,2026-06-05 07:00:00,2026-06-05 15:00:00,28,34.0,0,LP Scheduled
2026-06-05,B,9414,1225222716121MXC11,2026-06-05 15:00:00,2026-06-05 23:00:00,28,34.0,0,LP Scheduled
2026-06-05,C,9414,1225222716121MXC11,2026-06-05 23:00:00,2026-06-06 07:00:00,28,34.0,0,LP Scheduled
2026-06-06,A,9414,1225222716121MXC11,2026-06-06 07:00:00,2026-06-06 15:00:00,28,34.0,0,LP Scheduled
2026-06-06,B,9414,1225222716121MXC11,2026-06-06 15:00:00,2026-06-06 23:00:00,28,34.0,0,LP Scheduled
2026-06-06,C,9414,1225222716121MXC11,2026-06-06 23:00:00,2026-06-07 07:00:00,28,34.0,0,LP Scheduled
2026-06-07,A,9414,1225222716121MXC11,2026-06-07 07:00:00,2026-06-07 15:00:00,28,34.0,0,LP Scheduled
2026-06-07,B,9414,1225222716121MXC11,2026-06-07 15:00:00,2026-06-07 23:00:00,28,34.0,0,LP Scheduled
2026-06-07,C,9414,1225222716121MXC11,2026-06-07 23:00:00,2026-06-08 07:00:00,28,34.0,0,LP Scheduled
2026-06-08,A,9414,1225222716121MXC11,2026-06-08 07:00:00,2026-06-08 15:00:00,28,34.0,0,LP Scheduled
2026-06-08,B,9414,1225222716121MXC11,2026-06-08 15:00:00,2026-06-08 23:00:00,28,34.0,0,LP Scheduled
2026-06-08,C,9414,1225222716121MXC11,2026-06-08 23:00:00,2026-06-09 07:00:00,28,34.0,0,LP Scheduled
2026-06-09,A,9414,1225222716121MXC11,2026-06-09 07:00:00,2026-06-09 15:00:00,28,34.0,0,LP Scheduled
2026-06-09,B,9414,1225222716121MXC11,2026-06-09 15:00:00,2026-06-09 23:00:00,28,34.0,0,LP Scheduled
2026-06-09,C,9414,1225222716121MXC11,2026-06-09 23:00:00,2026-06-10 07:00:00,28,34.0,0,LP Scheduled
2026-06-10,A,9414,1225222716121MXC11,2026-06-10 07:00:00,2026-06-10 15:00:00,28,34.0,0,LP Scheduled
2026-06-10,B,9414,1225222716121MXC11,2026-06-10 15:00:00,2026-06-10 23:00:00,28,34.0,0,LP Scheduled
2026-06-10,C,9414,1225222716121MXC11,2026-06-10 23:00:00,2026-06-11 07:00:00,28,34.0,0,LP Scheduled
2026-06-11,A,9414,1225222716121MXC11,2026-06-11 07:00:00,2026-06-11 15:00:00,28,34.0,0,LP Scheduled
2026-06-11,B,9414,1225222716121MXC11,2026-06-11 15:00:00,2026-06-11 23:00:00,28,34.0,0,LP Scheduled
2026-06-11,C,9414,1225222716121MXC11,2026-06-11 23:00:00,2026-06-12 07:00:00,28,34.0,0,LP Scheduled
2026-06-12,A,9414,1225222716121MXC11,2026-06-12 07:00:00,2026-06-12 15:00:00,28,34.0,0,LP Scheduled
2026-06-12,B,9414,1225222716121MXC11,2026-06-12 15:00:00,2026-06-12 23:00:00,28,34.0,0,LP Scheduled
2026-06-12,C,9414,1225222716121MXC11,2026-06-12 23:00:00,2026-06-13 07:00:00,28,34.0,0,LP Scheduled
2026-06-13,A,9414,1225222716121MXC11,2026-06-13 07:00:00,2026-06-13 15:00:00,28,34.0,0,LP Scheduled
2026-06-13,B,9414,1225222716121MXC11,2026-06-13 15:00:00,2026-06-13 23:00:00,28,34.0,0,LP Scheduled
2026-06-13,C,9414,1225222716121MXC11,2026-06-13 23:00:00,2026-06-14 07:00:00,28,34.0,0,LP Scheduled
2026-06-14,A,9414,1225222716121MXC11,2026-06-14 07:00:00,2026-06-14 15:00:00,28,34.0,0,LP Scheduled
2026-06-14,B,9414,1225222716121MXC11,2026-06-14 15:00:00,2026-06-14 16:02:00,14,34.0,0,LP Scheduled
2026-05-31,A,75230,CHANGEOVER,2026-05-31 09:32:00,2026-05-31 14:32:00,0,0.0,0,C/O from 1325216614081STMX0 to 1325216814085TURS0
2026-05-31,A,75230,1325216814085TURS0,2026-05-31 14:32:00,2026-05-31 15:00:00,2,15.0,0,LP Scheduled
2026-05-31,B,75230,1325216814085TURS0,2026-05-31 15:00:00,2026-05-31 15:47:00,8,15.0,0,LP Scheduled
2026-05-31,B,75230,CHANGEOVER,2026-05-31 15:47:00,2026-05-31 20:47:00,0,0.0,0,C/O from 1325216814085TURS0 to 1325221417100HURS0
2026-05-31,B,75230,1325221417100HURS0,2026-05-31 20:47:00,2026-05-31 23:00:00,16,15.0,0,LP Scheduled
2026-05-31,C,75230,1325221417100HURS0,2026-05-31 23:00:00,2026-06-01 07:00:00,64,15.0,0,LP Scheduled
2026-06-01,A,75230,1325221417100HURS0,2026-06-01 07:00:00,2026-06-01 15:00:00,64,15.0,0,LP Scheduled
2026-06-01,B,75230,1325221417100HURS0,2026-06-01 15:00:00,2026-06-01 23:00:00,64,15.0,0,LP Scheduled
2026-06-01,C,75230,1325221417100HURS0,2026-06-01 23:00:00,2026-06-02 07:00:00,64,15.0,0,LP Scheduled
2026-06-02,A,75230,1325221417100HURS0,2026-06-02 07:00:00,2026-06-02 09:32:00,22,15.0,0,LP Scheduled
2026-06-02,A,75230,CHANGEOVER,2026-06-02 09:32:00,2026-06-02 14:32:00,0,0.0,0,C/O from 1325221417100HURS0 to 1325221416095VURS0
2026-06-02,A,75230,1325221416095VURS0,2026-06-02 14:32:00,2026-06-02 15:00:00,2,15.0,0,LP Scheduled
2026-06-02,B,75230,1325221416095VURS0,2026-06-02 15:00:00,2026-06-02 23:00:00,64,15.0,0,LP Scheduled
2026-06-02,C,75230,1325221416095VURS0,2026-06-02 23:00:00,2026-06-03 07:00:00,64,15.0,0,LP Scheduled
2026-06-03,A,75230,1325221416095VURS0,2026-06-03 07:00:00,2026-06-03 15:00:00,64,15.0,0,LP Scheduled
2026-06-03,B,75230,1325221416095VURS0,2026-06-03 15:00:00,2026-06-03 23:00:00,64,15.0,0,LP Scheduled
2026-06-03,C,75230,1325221416095VURS0,2026-06-03 23:00:00,2026-06-04 03:02:00,34,15.0,0,LP Scheduled
2026-06-04,C,75230,CHANGEOVER,2026-06-04 03:02:00,2026-06-04 08:02:00,0,0.0,0,C/O from 1325221416095VURS0 to 1325114613071TTMX0
2026-06-04,A,75230,1325114613071TTMX0,2026-06-04 08:02:00,2026-06-04 08:32:00,4,15.0,0,LP Scheduled
2026-06-04,A,75230,CHANGEOVER,2026-06-04 08:32:00,2026-06-04 13:32:00,0,0.0,0,C/O from 1325114613071TTMX0 to 1325221317098VUX10
2026-06-04,A,75230,1325221317098VUX10,2026-06-04 13:32:00,2026-06-04 14:06:00,4,17.0,0,LP Scheduled
2026-05-28 00:00:00,A,14801,1D25215013008SXC11,2026-05-28 07:00:00,2026-05-28 15:00:00,51,19.0,182,Continuity (2-mould press)
2026-05-28 00:00:00,B,14801,1D25215013008SXC11,2026-05-28 15:00:00,2026-05-28 23:00:00,51,19.0,182,Continuity (2-mould press)
2026-05-28 00:00:00,C,14801,1D25215013008SXC11,2026-05-28 23:00:00,2026-05-29 07:00:00,51,19.0,182,Continuity (2-mould press)
2026-05-29 00:00:00,A,14801,1D25215013008SXC11,2026-05-29 07:00:00,2026-05-29 15:00:00,51,19.0,182,Continuity (2-mould press)
2026-05-29 00:00:00,B,14801,1D25215013008SXC11,2026-05-29 15:00:00,2026-05-29 23:00:00,51,19.0,182,Continuity (2-mould press)
2026-05-29 00:00:00,C,14801,1D25215013008SXC11,2026-05-29 23:00:00,2026-05-30 07:00:00,51,19.0,182,Continuity (2-mould press)
2026-05-30 00:00:00,A,14801,1D25215013008SXC11,2026-05-30 07:00:00,2026-05-30 15:00:00,51,19.0,182,Continuity (2-mould press)
2026-05-30 00:00:00,B,14801,1D25215013008SXC11,2026-05-30 15:00:00,2026-05-30 23:00:00,51,19.0,182,Continuity (2-mould press)
2026-05-30 00:00:00,C,14801,1D25215013008SXC11,2026-05-30 23:00:00,2026-05-31 07:00:00,51,19.0,182,Continuity (2-mould press)
2026-05-31 00:00:00,A,14801,1D25215013008SXC11,2026-05-31 07:00:00,2026-05-31 15:00:00,51,19.0,182,Continuity (2-mould press)
2026-05-31 00:00:00,B,14801,1D25215013008SXC11,2026-05-31 15:00:00,2026-05-31 23:00:00,51,19.0,182,Continuity (2-mould press)
2026-05-31 00:00:00,C,14801,1D25215013008SXC11,2026-05-31 23:00:00,2026-06-01 07:00:00,51,19.0,182,Continuity (2-mould press)
2026-06-01 00:00:00,A,14801,1D25215013008SXC11,2026-06-01 07:00:00,2026-06-01 11:04:00,26,19.0,182,Continuity (2-mould press)
2026-05-28 00:00:00,A,14802,1325216814085TURL0,2026-05-28 07:00:00,2026-05-28 07:15:00,2,15.0,0,Continuity (2-mould press)
2026-05-28 00:00:00,A,14803,1325215813079STMX0,2026-05-28 07:00:00,2026-05-28 15:00:00,60,16.0,15,Continuity (2-mould press)
2026-05-28 00:00:00,B,14803,1325215813079STMX0,2026-05-28 15:00:00,2026-05-28 18:12:00,24,16.0,15,Continuity (2-mould press)
2026-05-28 00:00:00,B,14803,MOULD_CLEAN,2026-05-28 18:12:00,2026-05-28 20:12:00,0,0.0,0,Mould cleaning (continuity)
2026-05-28 00:00:00,B,14803,1325215813079STMX0,2026-05-28 20:12:00,2026-05-28 23:00:00,21,16.0,15,Continuity (2-mould press)
2026-05-28 00:00:00,C,14803,1325215813079STMX0,2026-05-28 23:00:00,2026-05-29 07:00:00,60,16.0,15,Continuity (2-mould press)
2026-05-29 00:00:00,A,14803,1325215813079STMX0,2026-05-29 07:00:00,2026-05-29 15:00:00,60,16.0,15,Continuity (2-mould press)
2026-05-29 00:00:00,B,14803,1325215813079STMX0,2026-05-29 15:00:00,2026-05-29 19:08:00,31,16.0,15,Continuity (2-mould press)
2026-05-28 00:00:00,A,14804,1325219316087VUTR0,2026-05-28 07:00:00,2026-05-28 15:00:00,56,17.0,0,Continuity (2-mould press)
2026-05-28 00:00:00,B,14804,1325219316087VUTR0,2026-05-28 15:00:00,2026-05-28 23:00:00,56,17.0,0,Continuity (2-mould press)
2026-05-28 00:00:00,C,14804,1325219316087VUTR0,2026-05-28 23:00:00,2026-05-29 07:00:00,56,17.0,0,Continuity (2-mould press)
2026-05-29 00:00:00,A,14804,1325219316087VUTR0,2026-05-29 07:00:00,2026-05-29 15:00:00,56,17.0,0,Continuity (2-mould press)
2026-05-29 00:00:00,B,14804,1325219316087VUTR0,2026-05-29 15:00:00,2026-05-29 23:00:00,56,17.0,0,Continuity (2-mould press)
2026-05-29 00:00:00,C,14804,1325219316087VUTR0,2026-05-29 23:00:00,2026-05-30 07:00:00,56,17.0,0,Continuity (2-mould press)
2026-05-30 00:00:00,A,14804,1325219316087VUTR0,2026-05-30 07:00:00,2026-05-30 15:00:00,56,17.0,0,Continuity (2-mould press)
2026-05-30 00:00:00,B,14804,1325219316087VUTR0,2026-05-30 15:00:00,2026-05-30 23:00:00,56,17.0,0,Continuity (2-mould press)
2026-05-30 00:00:00,C,14804,1325219316087VUTR0,2026-05-30 23:00:00,2026-05-31 07:00:00,56,17.0,0,Continuity (2-mould press)
2026-05-31 00:00:00,A,14804,1325219316087VUTR0,2026-05-31 07:00:00,2026-05-31 15:00:00,56,17.0,0,Continuity (2-mould press)
2026-05-31 00:00:00,B,14804,1325219316087VUTR0,2026-05-31 15:00:00,2026-05-31 23:00:00,56,17.0,0,Continuity (2-mould press)
2026-05-31 00:00:00,C,14804,1325219316087VUTR0,2026-05-31 23:00:00,2026-06-01 01:23:00,17,17.0,0,Continuity (2-mould press)
2026-05-28 00:00:00,A,14805,1325217514082TUTR0,2026-05-28 07:00:00,2026-05-28 15:00:00,56,17.0,0,Continuity (2-mould press)
2026-05-28 00:00:00,B,14805,1325217514082TUTR0,2026-05-28 15:00:00,2026-05-28 23:00:00,56,17.0,0,Continuity (2-mould press)
2026-05-28 00:00:00,C,14805,1325217514082TUTR0,2026-05-28 23:00:00,2026-05-29 07:00:00,56,17.0,0,Continuity (2-mould press)
2026-05-29 00:00:00,A,14805,1325217514082TUTR0,2026-05-29 07:00:00,2026-05-29 15:00:00,56,17.0,0,Continuity (2-mould press)
2026-05-29 00:00:00,B,14805,1325217514082TUTR0,2026-05-29 15:00:00,2026-05-29 23:00:00,56,17.0,0,Continuity (2-mould press)
2026-05-29 00:00:00,C,14805,1325217514082TUTR0,2026-05-29 23:00:00,2026-05-30 07:00:00,56,17.0,0,Continuity (2-mould press)
2026-05-30 00:00:00,A,14805,1325217514082TUTR0,2026-05-30 07:00:00,2026-05-30 15:00:00,56,17.0,0,Continuity (2-mould press)
2026-05-30 00:00:00,B,14805,1325217514082TUTR0,2026-05-30 15:00:00,2026-05-30 23:00:00,56,17.0,0,Continuity (2-mould press)
2026-05-30 00:00:00,C,14805,1325217514082TUTR0,2026-05-30 23:00:00,2026-05-31 07:00:00,56,17.0,0,Continuity (2-mould press)
2026-05-31 00:00:00,A,14805,1325217514082TUTR0,2026-05-31 07:00:00,2026-05-31 08:06:00,8,17.0,0,Continuity (2-mould press)
2026-05-28 00:00:00,A,14806,1325216814085STMX0,2026-05-28 07:00:00,2026-05-28 15:00:00,60,16.0,256,Continuity (2-mould press)
2026-05-28 00:00:00,B,14806,1325216814085STMX0,2026-05-28 15:00:00,2026-05-28 23:00:00,60,16.0,256,Continuity (2-mould press)
2026-05-28 00:00:00,C,14806,1325216814085STMX0,2026-05-28 23:00:00,2026-05-29 07:00:00,60,16.0,256,Continuity (2-mould press)
2026-05-29 00:00:00,A,14806,1325216814085STMX0,2026-05-29 07:00:00,2026-05-29 15:00:00,60,16.0,256,Continuity (2-mould press)
2026-05-29 00:00:00,B,14806,1325216814085STMX0,2026-05-29 15:00:00,2026-05-29 23:00:00,60,16.0,256,Continuity (2-mould press)
2026-05-29 00:00:00,C,14806,1325216814085STMX0,2026-05-29 23:00:00,2026-05-30 07:00:00,60,16.0,256,Continuity (2-mould press)
2026-05-30 00:00:00,A,14806,1325216814085STMX0,2026-05-30 07:00:00,2026-05-30 15:00:00,60,16.0,256,Continuity (2-mould press)
2026-05-30 00:00:00,B,14806,1325216814085STMX0,2026-05-30 15:00:00,2026-05-30 23:00:00,60,16.0,256,Continuity (2-mould press)
2026-05-30 00:00:00,C,14806,1325216814085STMX0,2026-05-30 23:00:00,2026-05-31 07:00:00,60,16.0,256,Continuity (2-mould press)
2026-05-31 00:00:00,A,14806,1325216814085STMX0,2026-05-31 07:00:00,2026-05-31 07:16:00,2,16.0,256,Continuity (2-mould press)
2026-05-28 00:00:00,A,14807,1D25215013008SXC11,2026-05-28 07:00:00,2026-05-28 15:00:00,51,19.0,182,Continuity (2-mould press)
2026-05-28 00:00:00,B,14807,1D25215013008SXC11,2026-05-28 15:00:00,2026-05-28 23:00:00,51,19.0,182,Continuity (2-mould press)
2026-05-28 00:00:00,C,14807,1D25215013008SXC11,2026-05-28 23:00:00,2026-05-29 07:00:00,51,19.0,182,Continuity (2-mould press)
2026-05-29 00:00:00,A,14807,1D25215013008SXC11,2026-05-29 07:00:00,2026-05-29 15:00:00,51,19.0,182,Continuity (2-mould press)
2026-05-29 00:00:00,B,14807,1D25215013008SXC11,2026-05-29 15:00:00,2026-05-29 23:00:00,51,19.0,182,Continuity (2-mould press)
2026-05-29 00:00:00,C,14807,1D25215013008SXC11,2026-05-29 23:00:00,2026-05-30 07:00:00,51,19.0,182,Continuity (2-mould press)
2026-05-30 00:00:00,A,14807,1D25215013008SXC11,2026-05-30 07:00:00,2026-05-30 15:00:00,51,19.0,182,Continuity (2-mould press)
2026-05-30 00:00:00,B,14807,1D25215013008SXC11,2026-05-30 15:00:00,2026-05-30 23:00:00,51,19.0,182,Continuity (2-mould press)
2026-05-30 00:00:00,C,14807,1D25215013008SXC11,2026-05-30 23:00:00,2026-05-31 07:00:00,51,19.0,182,Continuity (2-mould press)
2026-05-31 00:00:00,A,14807,1D25215013008SXC11,2026-05-31 07:00:00,2026-05-31 15:00:00,51,19.0,182,Continuity (2-mould press)
2026-05-31 00:00:00,B,14807,1D25215013008SXC11,2026-05-31 15:00:00,2026-05-31 23:00:00,51,19.0,182,Continuity (2-mould press)
2026-05-31 00:00:00,C,14807,1D25215013008SXC11,2026-05-31 23:00:00,2026-06-01 07:00:00,51,19.0,182,Continuity (2-mould press)
2026-06-01 00:00:00,A,14807,1D25215013008SXC11,2026-06-01 07:00:00,2026-06-01 11:04:00,26,19.0,182,Continuity (2-mould press)
2026-05-28 00:00:00,A,14808,1225223516121PSKP0,2026-05-28 07:00:00,2026-05-28 15:00:00,36,27.0,153,Continuity (2-mould press)
2026-05-28 00:00:00,B,14808,1225223516121PSKP0,2026-05-28 15:00:00,2026-05-28 23:00:00,36,27.0,153,Continuity (2-mould press)
2026-05-28 00:00:00,C,14808,1225223516121PSKP0,2026-05-28 23:00:00,2026-05-29 07:00:00,36,27.0,153,Continuity (2-mould press)
2026-05-29 00:00:00,A,14808,1225223516121PSKP0,2026-05-29 07:00:00,2026-05-29 15:00:00,36,27.0,153,Continuity (2-mould press)
2026-05-29 00:00:00,B,14808,1225223516121PSKP0,2026-05-29 15:00:00,2026-05-29 23:00:00,36,27.0,153,Continuity (2-mould press)
2026-05-29 00:00:00,C,14808,1225223516121PSKP0,2026-05-29 23:00:00,2026-05-30 07:00:00,36,27.0,153,Continuity (2-mould press)
2026-05-30 00:00:00,A,14808,1225223516121PSKP0,2026-05-30 07:00:00,2026-05-30 15:00:00,36,27.0,153,Continuity (2-mould press)
2026-05-30 00:00:00,B,14808,1225223516121PSKP0,2026-05-30 15:00:00,2026-05-30 16:09:00,5,27.0,153,Continuity (2-mould press)
2026-05-30 00:00:00,B,14808,MOULD_CLEAN,2026-05-30 16:09:00,2026-05-30 18:09:00,0,0.0,0,Mould cleaning (continuity)
2026-05-30 00:00:00,B,14808,1225223516121PSKP0,2026-05-30 18:09:00,2026-05-30 19:57:00,8,27.0,153,Continuity (2-mould press)
2026-05-28 00:00:00,A,14809,1325216814085SUTR0,2026-05-28 07:00:00,2026-05-28 15:00:00,56,17.0,0,Continuity (2-mould press)
2026-05-28 00:00:00,B,14809,1325216814085SUTR0,2026-05-28 15:00:00,2026-05-28 23:00:00,56,17.0,0,Continuity (2-mould press)
2026-05-28 00:00:00,C,14809,1325216814085SUTR0,2026-05-28 23:00:00,2026-05-29 07:00:00,56,17.0,0,Continuity (2-mould press)
2026-05-29 00:00:00,A,14809,1325216814085SUTR0,2026-05-29 07:00:00,2026-05-29 15:00:00,56,17.0,0,Continuity (2-mould press)
2026-05-29 00:00:00,B,14809,1325216814085SUTR0,2026-05-29 15:00:00,2026-05-29 23:00:00,56,17.0,0,Continuity (2-mould press)
2026-05-29 00:00:00,C,14809,1325216814085SUTR0,2026-05-29 23:00:00,2026-05-30 07:00:00,56,17.0,0,Continuity (2-mould press)
2026-05-30 00:00:00,A,14809,1325216814085SUTR0,2026-05-30 07:00:00,2026-05-30 15:00:00,56,17.0,0,Continuity (2-mould press)
2026-05-30 00:00:00,B,14809,1325216814085SUTR0,2026-05-30 15:00:00,2026-05-30 23:00:00,56,17.0,0,Continuity (2-mould press)
2026-05-30 00:00:00,C,14809,1325216814085SUTR0,2026-05-30 23:00:00,2026-05-31 07:00:00,56,17.0,0,Continuity (2-mould press)
2026-05-31 00:00:00,A,14809,1325216814085SUTR0,2026-05-31 07:00:00,2026-05-31 15:00:00,56,17.0,0,Continuity (2-mould press)
2026-05-31 00:00:00,B,14809,1325216814085SUTR0,2026-05-31 15:00:00,2026-05-31 17:27:00,17,17.0,0,Continuity (2-mould press)
2026-05-28 00:00:00,A,14810,1225223516121PSKP0,2026-05-28 07:00:00,2026-05-28 15:00:00,36,27.0,153,Continuity (2-mould press)
2026-05-28 00:00:00,B,14810,1225223516121PSKP0,2026-05-28 15:00:00,2026-05-28 23:00:00,36,27.0,153,Continuity (2-mould press)
2026-05-28 00:00:00,C,14810,1225223516121PSKP0,2026-05-28 23:00:00,2026-05-29 07:00:00,36,27.0,153,Continuity (2-mould press)
2026-05-29 00:00:00,A,14810,1225223516121PSKP0,2026-05-29 07:00:00,2026-05-29 15:00:00,36,27.0,153,Continuity (2-mould press)
2026-05-29 00:00:00,B,14810,1225223516121PSKP0,2026-05-29 15:00:00,2026-05-29 23:00:00,36,27.0,153,Continuity (2-mould press)
2026-05-29 00:00:00,C,14810,1225223516121PSKP0,2026-05-29 23:00:00,2026-05-30 07:00:00,36,27.0,153,Continuity (2-mould press)
2026-05-30 00:00:00,A,14810,1225223516121PSKP0,2026-05-30 07:00:00,2026-05-30 15:00:00,36,27.0,153,Continuity (2-mould press)
2026-05-30 00:00:00,B,14810,1225223516121PSKP0,2026-05-30 15:00:00,2026-05-30 17:57:00,13,27.0,153,Continuity (2-mould press)
2026-05-28 00:00:00,A,14811,1D25215Z13008QXPC0,2026-05-28 07:00:00,2026-05-28 15:00:00,48,20.0,0,Continuity (2-mould press)
2026-05-28 00:00:00,B,14811,1D25215Z13008QXPC0,2026-05-28 15:00:00,2026-05-28 17:40:00,16,20.0,0,Continuity (2-mould press)
2026-05-28 00:00:00,A,14812,1D25215013008SXC11,2026-05-28 07:00:00,2026-05-28 15:00:00,51,19.0,182,Continuity (2-mould press)
2026-05-28 00:00:00,B,14812,1D25215013008SXC11,2026-05-28 15:00:00,2026-05-28 23:00:00,51,19.0,182,Continuity (2-mould press)
2026-05-28 00:00:00,C,14812,1D25215013008SXC11,2026-05-28 23:00:00,2026-05-29 07:00:00,51,19.0,182,Continuity (2-mould press)
2026-05-29 00:00:00,A,14812,1D25215013008SXC11,2026-05-29 07:00:00,2026-05-29 15:00:00,51,19.0,182,Continuity (2-mould press)
2026-05-29 00:00:00,B,14812,1D25215013008SXC11,2026-05-29 15:00:00,2026-05-29 23:00:00,51,19.0,182,Continuity (2-mould press)
2026-05-29 00:00:00,C,14812,1D25215013008SXC11,2026-05-29 23:00:00,2026-05-30 07:00:00,51,19.0,182,Continuity (2-mould press)
2026-05-30 00:00:00,A,14812,1D25215013008SXC11,2026-05-30 07:00:00,2026-05-30 15:00:00,51,19.0,182,Continuity (2-mould press)
2026-05-30 00:00:00,B,14812,1D25215013008SXC11,2026-05-30 15:00:00,2026-05-30 23:00:00,51,19.0,182,Continuity (2-mould press)
2026-05-30 00:00:00,C,14812,1D25215013008SXC11,2026-05-30 23:00:00,2026-05-31 07:00:00,51,19.0,182,Continuity (2-mould press)
2026-05-31 00:00:00,A,14812,1D25215013008SXC11,2026-05-31 07:00:00,2026-05-31 15:00:00,51,19.0,182,Continuity (2-mould press)
2026-05-31 00:00:00,B,14812,1D25215013008SXC11,2026-05-31 15:00:00,2026-05-31 23:00:00,51,19.0,182,Continuity (2-mould press)
2026-05-31 00:00:00,C,14812,1D25215013008SXC11,2026-05-31 23:00:00,2026-06-01 07:00:00,51,19.0,182,Continuity (2-mould press)
2026-06-01 00:00:00,A,14812,1D25215013008SXC11,2026-06-01 07:00:00,2026-06-01 11:04:00,26,19.0,182,Continuity (2-mould press)
2026-05-28 00:00:00,A,14813,1325215613075TUHL0,2026-05-28 07:00:00,2026-05-28 07:15:00,2,15.0,0,Continuity (2-mould press)
2026-05-28 00:00:00,A,15201,1325223916120QRAB0,2026-05-28 07:00:00,2026-05-28 15:00:00,31,31.0,0,Continuity (2-mould press)
2026-05-28 00:00:00,B,15201,1325223916120QRAB0,2026-05-28 15:00:00,2026-05-28 23:00:00,31,31.0,0,Continuity (2-mould press)
2026-05-28 00:00:00,C,15201,1325223916120QRAB0,2026-05-28 23:00:00,2026-05-29 07:00:00,31,31.0,0,Continuity (2-mould press)
2026-05-29 00:00:00,A,15201,1325223916120QRAB0,2026-05-29 07:00:00,2026-05-29 15:00:00,31,31.0,0,Continuity (2-mould press)
2026-05-29 00:00:00,B,15201,1325223916120QRAB0,2026-05-29 15:00:00,2026-05-29 23:00:00,31,31.0,0,Continuity (2-mould press)
2026-05-29 00:00:00,C,15201,1325223916120QRAB0,2026-05-29 23:00:00,2026-05-30 06:01:00,27,31.0,0,Continuity (2-mould press)
2026-05-28 00:00:00,A,15202,1325221715100SRXT0,2026-05-28 07:00:00,2026-05-28 15:00:00,48,20.0,0,Continuity (2-mould press)
2026-05-28 00:00:00,B,15202,1325221715100SRXT0,2026-05-28 15:00:00,2026-05-28 23:00:00,48,20.0,0,Continuity (2-mould press)
2026-05-28 00:00:00,C,15202,1325221715100SRXT0,2026-05-28 23:00:00,2026-05-29 04:00:00,30,20.0,0,Continuity (2-mould press)
2026-05-28 00:00:00,A,15203,1325217514082TUTR0,2026-05-28 07:00:00,2026-05-28 15:00:00,56,17.0,0,Continuity (2-mould press)
2026-05-28 00:00:00,B,15203,1325217514082TUTR0,2026-05-28 15:00:00,2026-05-28 23:00:00,56,17.0,0,Continuity (2-mould press)
2026-05-28 00:00:00,C,15203,1325217514082TUTR0,2026-05-28 23:00:00,2026-05-29 07:00:00,56,17.0,0,Continuity (2-mould press)
2026-05-29 00:00:00,A,15203,1325217514082TUTR0,2026-05-29 07:00:00,2026-05-29 15:00:00,56,17.0,0,Continuity (2-mould press)
2026-05-29 00:00:00,B,15203,1325217514082TUTR0,2026-05-29 15:00:00,2026-05-29 23:00:00,56,17.0,0,Continuity (2-mould press)
2026-05-29 00:00:00,C,15203,1325217514082TUTR0,2026-05-29 23:00:00,2026-05-30 07:00:00,56,17.0,0,Continuity (2-mould press)
2026-05-30 00:00:00,A,15203,1325217514082TUTR0,2026-05-30 07:00:00,2026-05-30 15:00:00,56,17.0,0,Continuity (2-mould press)
2026-05-30 00:00:00,B,15203,1325217514082TUTR0,2026-05-30 15:00:00,2026-05-30 23:00:00,56,17.0,0,Continuity (2-mould press)
2026-05-30 00:00:00,C,15203,1325217514082TUTR0,2026-05-30 23:00:00,2026-05-31 07:00:00,56,17.0,0,Continuity (2-mould press)
2026-05-31 00:00:00,A,15203,1325217514082TUTR0,2026-05-31 07:00:00,2026-05-31 08:06:00,8,17.0,0,Continuity (2-mould press)
2026-05-28 00:00:00,A,15204,1325217514082TUTR0,2026-05-28 07:00:00,2026-05-28 15:00:00,56,17.0,0,Continuity (2-mould press)
2026-05-28 00:00:00,B,15204,1325217514082TUTR0,2026-05-28 15:00:00,2026-05-28 23:00:00,56,17.0,0,Continuity (2-mould press)
2026-05-28 00:00:00,C,15204,1325217514082TUTR0,2026-05-28 23:00:00,2026-05-29 07:00:00,56,17.0,0,Continuity (2-mould press)
2026-05-29 00:00:00,A,15204,1325217514082TUTR0,2026-05-29 07:00:00,2026-05-29 15:00:00,56,17.0,0,Continuity (2-mould press)
2026-05-29 00:00:00,B,15204,1325217514082TUTR0,2026-05-29 15:00:00,2026-05-29 23:00:00,56,17.0,0,Continuity (2-mould press)
2026-05-29 00:00:00,C,15204,1325217514082TUTR0,2026-05-29 23:00:00,2026-05-30 07:00:00,56,17.0,0,Continuity (2-mould press)
2026-05-30 00:00:00,A,15204,1325217514082TUTR0,2026-05-30 07:00:00,2026-05-30 15:00:00,56,17.0,0,Continuity (2-mould press)
2026-05-30 00:00:00,B,15204,1325217514082TUTR0,2026-05-30 15:00:00,2026-05-30 23:00:00,56,17.0,0,Continuity (2-mould press)
2026-05-30 00:00:00,C,15204,1325217514082TUTR0,2026-05-30 23:00:00,2026-05-31 07:00:00,56,17.0,0,Continuity (2-mould press)
2026-05-31 00:00:00,A,15204,1325217514082TUTR0,2026-05-31 07:00:00,2026-05-31 07:32:00,4,17.0,0,Continuity (2-mould press)
2026-05-28 00:00:00,A,15205,1D25215013008SXC11,2026-05-28 07:00:00,2026-05-28 15:00:00,51,19.0,182,Continuity (2-mould press)
2026-05-28 00:00:00,B,15205,1D25215013008SXC11,2026-05-28 15:00:00,2026-05-28 23:00:00,51,19.0,182,Continuity (2-mould press)
2026-05-28 00:00:00,C,15205,1D25215013008SXC11,2026-05-28 23:00:00,2026-05-29 07:00:00,51,19.0,182,Continuity (2-mould press)
2026-05-29 00:00:00,A,15205,1D25215013008SXC11,2026-05-29 07:00:00,2026-05-29 15:00:00,51,19.0,182,Continuity (2-mould press)
2026-05-29 00:00:00,B,15205,1D25215013008SXC11,2026-05-29 15:00:00,2026-05-29 23:00:00,51,19.0,182,Continuity (2-mould press)
2026-05-29 00:00:00,C,15205,1D25215013008SXC11,2026-05-29 23:00:00,2026-05-30 07:00:00,51,19.0,182,Continuity (2-mould press)
2026-05-30 00:00:00,A,15205,1D25215013008SXC11,2026-05-30 07:00:00,2026-05-30 15:00:00,51,19.0,182,Continuity (2-mould press)
2026-05-30 00:00:00,B,15205,1D25215013008SXC11,2026-05-30 15:00:00,2026-05-30 23:00:00,51,19.0,182,Continuity (2-mould press)
2026-05-30 00:00:00,C,15205,1D25215013008SXC11,2026-05-30 23:00:00,2026-05-31 07:00:00,51,19.0,182,Continuity (2-mould press)
2026-05-31 00:00:00,A,15205,1D25215013008SXC11,2026-05-31 07:00:00,2026-05-31 15:00:00,51,19.0,182,Continuity (2-mould press)
2026-05-31 00:00:00,B,15205,1D25215013008SXC11,2026-05-31 15:00:00,2026-05-31 23:00:00,51,19.0,182,Continuity (2-mould press)
2026-05-31 00:00:00,C,15205,1D25215013008SXC11,2026-05-31 23:00:00,2026-06-01 07:00:00,51,19.0,182,Continuity (2-mould press)
2026-06-01 00:00:00,A,15205,1D25215013008SXC11,2026-06-01 07:00:00,2026-06-01 11:04:00,26,19.0,182,Continuity (2-mould press)
2026-05-28 00:00:00,A,15206,1D25215013008SXC11,2026-05-28 07:00:00,2026-05-28 15:00:00,51,19.0,182,Continuity (2-mould press)
2026-05-28 00:00:00,B,15206,1D25215013008SXC11,2026-05-28 15:00:00,2026-05-28 23:00:00,51,19.0,182,Continuity (2-mould press)
2026-05-28 00:00:00,C,15206,1D25215013008SXC11,2026-05-28 23:00:00,2026-05-29 07:00:00,51,19.0,182,Continuity (2-mould press)
2026-05-29 00:00:00,A,15206,1D25215013008SXC11,2026-05-29 07:00:00,2026-05-29 15:00:00,51,19.0,182,Continuity (2-mould press)
2026-05-29 00:00:00,B,15206,1D25215013008SXC11,2026-05-29 15:00:00,2026-05-29 23:00:00,51,19.0,182,Continuity (2-mould press)
2026-05-29 00:00:00,C,15206,1D25215013008SXC11,2026-05-29 23:00:00,2026-05-30 07:00:00,51,19.0,182,Continuity (2-mould press)
2026-05-30 00:00:00,A,15206,1D25215013008SXC11,2026-05-30 07:00:00,2026-05-30 15:00:00,51,19.0,182,Continuity (2-mould press)
2026-05-30 00:00:00,B,15206,1D25215013008SXC11,2026-05-30 15:00:00,2026-05-30 23:00:00,51,19.0,182,Continuity (2-mould press)
2026-05-30 00:00:00,C,15206,1D25215013008SXC11,2026-05-30 23:00:00,2026-05-31 07:00:00,51,19.0,182,Continuity (2-mould press)
2026-05-31 00:00:00,A,15206,1D25215013008SXC11,2026-05-31 07:00:00,2026-05-31 15:00:00,51,19.0,182,Continuity (2-mould press)
2026-05-31 00:00:00,B,15206,1D25215013008SXC11,2026-05-31 15:00:00,2026-05-31 23:00:00,51,19.0,182,Continuity (2-mould press)
2026-05-31 00:00:00,C,15206,1D25215013008SXC11,2026-05-31 23:00:00,2026-06-01 07:00:00,51,19.0,182,Continuity (2-mould press)
2026-06-01 00:00:00,A,15206,1D25215013008SXC11,2026-06-01 07:00:00,2026-06-01 11:04:00,26,19.0,182,Continuity (2-mould press)
2026-05-28 00:00:00,A,15207,1D25215013008SXC11,2026-05-28 07:00:00,2026-05-28 15:00:00,51,19.0,182,Continuity (2-mould press)
2026-05-28 00:00:00,B,15207,1D25215013008SXC11,2026-05-28 15:00:00,2026-05-28 23:00:00,51,19.0,182,Continuity (2-mould press)
2026-05-28 00:00:00,C,15207,1D25215013008SXC11,2026-05-28 23:00:00,2026-05-29 07:00:00,51,19.0,182,Continuity (2-mould press)
2026-05-29 00:00:00,A,15207,1D25215013008SXC11,2026-05-29 07:00:00,2026-05-29 15:00:00,51,19.0,182,Continuity (2-mould press)
2026-05-29 00:00:00,B,15207,1D25215013008SXC11,2026-05-29 15:00:00,2026-05-29 23:00:00,51,19.0,182,Continuity (2-mould press)
2026-05-29 00:00:00,C,15207,1D25215013008SXC11,2026-05-29 23:00:00,2026-05-30 07:00:00,51,19.0,182,Continuity (2-mould press)
2026-05-30 00:00:00,A,15207,1D25215013008SXC11,2026-05-30 07:00:00,2026-05-30 15:00:00,51,19.0,182,Continuity (2-mould press)
2026-05-30 00:00:00,B,15207,1D25215013008SXC11,2026-05-30 15:00:00,2026-05-30 23:00:00,51,19.0,182,Continuity (2-mould press)
2026-05-30 00:00:00,C,15207,1D25215013008SXC11,2026-05-30 23:00:00,2026-05-31 07:00:00,51,19.0,182,Continuity (2-mould press)
2026-05-31 00:00:00,A,15207,1D25215013008SXC11,2026-05-31 07:00:00,2026-05-31 15:00:00,51,19.0,182,Continuity (2-mould press)
2026-05-31 00:00:00,B,15207,1D25215013008SXC11,2026-05-31 15:00:00,2026-05-31 23:00:00,51,19.0,182,Continuity (2-mould press)
2026-05-31 00:00:00,C,15207,1D25215013008SXC11,2026-05-31 23:00:00,2026-06-01 07:00:00,51,19.0,182,Continuity (2-mould press)
2026-06-01 00:00:00,A,15207,1D25215013008SXC11,2026-06-01 07:00:00,2026-06-01 11:04:00,26,19.0,182,Continuity (2-mould press)
2026-05-28 00:00:00,A,15208,1225223516121PSKP0,2026-05-28 07:00:00,2026-05-28 15:00:00,36,27.0,153,Continuity (2-mould press)
2026-05-28 00:00:00,B,15208,1225223516121PSKP0,2026-05-28 15:00:00,2026-05-28 23:00:00,36,27.0,153,Continuity (2-mould press)
2026-05-28 00:00:00,C,15208,1225223516121PSKP0,2026-05-28 23:00:00,2026-05-29 07:00:00,36,27.0,153,Continuity (2-mould press)
2026-05-29 00:00:00,A,15208,1225223516121PSKP0,2026-05-29 07:00:00,2026-05-29 15:00:00,36,27.0,153,Continuity (2-mould press)
2026-05-29 00:00:00,B,15208,1225223516121PSKP0,2026-05-29 15:00:00,2026-05-29 23:00:00,36,27.0,153,Continuity (2-mould press)
2026-05-29 00:00:00,C,15208,1225223516121PSKP0,2026-05-29 23:00:00,2026-05-30 07:00:00,36,27.0,153,Continuity (2-mould press)
2026-05-30 00:00:00,A,15208,1225223516121PSKP0,2026-05-30 07:00:00,2026-05-30 15:00:00,36,27.0,153,Continuity (2-mould press)
2026-05-30 00:00:00,B,15208,1225223516121PSKP0,2026-05-30 15:00:00,2026-05-30 17:57:00,13,27.0,153,Continuity (2-mould press)
2026-05-28 00:00:00,A,15209,1D25215013008SXC11,2026-05-28 07:00:00,2026-05-28 15:00:00,51,19.0,182,Continuity (2-mould press)
2026-05-28 00:00:00,B,15209,1D25215013008SXC11,2026-05-28 15:00:00,2026-05-28 23:00:00,51,19.0,182,Continuity (2-mould press)
2026-05-28 00:00:00,C,15209,1D25215013008SXC11,2026-05-28 23:00:00,2026-05-29 07:00:00,51,19.0,182,Continuity (2-mould press)
2026-05-29 00:00:00,A,15209,1D25215013008SXC11,2026-05-29 07:00:00,2026-05-29 15:00:00,51,19.0,182,Continuity (2-mould press)
2026-05-29 00:00:00,B,15209,1D25215013008SXC11,2026-05-29 15:00:00,2026-05-29 23:00:00,51,19.0,182,Continuity (2-mould press)
2026-05-29 00:00:00,C,15209,1D25215013008SXC11,2026-05-29 23:00:00,2026-05-30 07:00:00,51,19.0,182,Continuity (2-mould press)
2026-05-30 00:00:00,A,15209,1D25215013008SXC11,2026-05-30 07:00:00,2026-05-30 15:00:00,51,19.0,182,Continuity (2-mould press)
2026-05-30 00:00:00,B,15209,1D25215013008SXC11,2026-05-30 15:00:00,2026-05-30 23:00:00,51,19.0,182,Continuity (2-mould press)
2026-05-30 00:00:00,C,15209,1D25215013008SXC11,2026-05-30 23:00:00,2026-05-31 07:00:00,51,19.0,182,Continuity (2-mould press)
2026-05-31 00:00:00,A,15209,1D25215013008SXC11,2026-05-31 07:00:00,2026-05-31 15:00:00,51,19.0,182,Continuity (2-mould press)
2026-05-31 00:00:00,B,15209,1D25215013008SXC11,2026-05-31 15:00:00,2026-05-31 23:00:00,51,19.0,182,Continuity (2-mould press)
2026-05-31 00:00:00,C,15209,1D25215013008SXC11,2026-05-31 23:00:00,2026-06-01 07:00:00,51,19.0,182,Continuity (2-mould press)
2026-06-01 00:00:00,A,15209,1D25215013008SXC11,2026-06-01 07:00:00,2026-06-01 11:04:00,26,19.0,182,Continuity (2-mould press)
2026-05-28 00:00:00,A,15210,1D25215013008SXC11,2026-05-28 07:00:00,2026-05-28 15:00:00,51,19.0,182,Continuity (2-mould press)
2026-05-28 00:00:00,B,15210,1D25215013008SXC11,2026-05-28 15:00:00,2026-05-28 23:00:00,51,19.0,182,Continuity (2-mould press)
2026-05-28 00:00:00,C,15210,1D25215013008SXC11,2026-05-28 23:00:00,2026-05-29 07:00:00,51,19.0,182,Continuity (2-mould press)
2026-05-29 00:00:00,A,15210,1D25215013008SXC11,2026-05-29 07:00:00,2026-05-29 15:00:00,51,19.0,182,Continuity (2-mould press)
2026-05-29 00:00:00,B,15210,1D25215013008SXC11,2026-05-29 15:00:00,2026-05-29 23:00:00,51,19.0,182,Continuity (2-mould press)
2026-05-29 00:00:00,C,15210,1D25215013008SXC11,2026-05-29 23:00:00,2026-05-30 07:00:00,51,19.0,182,Continuity (2-mould press)
2026-05-30 00:00:00,A,15210,1D25215013008SXC11,2026-05-30 07:00:00,2026-05-30 15:00:00,51,19.0,182,Continuity (2-mould press)
2026-05-30 00:00:00,B,15210,1D25215013008SXC11,2026-05-30 15:00:00,2026-05-30 23:00:00,51,19.0,182,Continuity (2-mould press)
2026-05-30 00:00:00,C,15210,1D25215013008SXC11,2026-05-30 23:00:00,2026-05-31 07:00:00,51,19.0,182,Continuity (2-mould press)
2026-05-31 00:00:00,A,15210,1D25215013008SXC11,2026-05-31 07:00:00,2026-05-31 15:00:00,51,19.0,182,Continuity (2-mould press)
2026-05-31 00:00:00,B,15210,1D25215013008SXC11,2026-05-31 15:00:00,2026-05-31 23:00:00,51,19.0,182,Continuity (2-mould press)
2026-05-31 00:00:00,C,15210,1D25215013008SXC11,2026-05-31 23:00:00,2026-06-01 07:00:00,51,19.0,182,Continuity (2-mould press)
2026-06-01 00:00:00,A,15210,1D25215013008SXC11,2026-06-01 07:00:00,2026-06-01 11:04:00,26,19.0,182,Continuity (2-mould press)
2026-05-28 00:00:00,A,15211,1D25215013008SXC11,2026-05-28 07:00:00,2026-05-28 15:00:00,51,19.0,182,Continuity (2-mould press)
2026-05-28 00:00:00,B,15211,1D25215013008SXC11,2026-05-28 15:00:00,2026-05-28 23:00:00,51,19.0,182,Continuity (2-mould press)
2026-05-28 00:00:00,C,15211,1D25215013008SXC11,2026-05-28 23:00:00,2026-05-29 07:00:00,51,19.0,182,Continuity (2-mould press)
2026-05-29 00:00:00,A,15211,1D25215013008SXC11,2026-05-29 07:00:00,2026-05-29 15:00:00,51,19.0,182,Continuity (2-mould press)
2026-05-29 00:00:00,B,15211,1D25215013008SXC11,2026-05-29 15:00:00,2026-05-29 23:00:00,51,19.0,182,Continuity (2-mould press)
2026-05-29 00:00:00,C,15211,1D25215013008SXC11,2026-05-29 23:00:00,2026-05-30 07:00:00,51,19.0,182,Continuity (2-mould press)
2026-05-30 00:00:00,A,15211,1D25215013008SXC11,2026-05-30 07:00:00,2026-05-30 15:00:00,51,19.0,182,Continuity (2-mould press)
2026-05-30 00:00:00,B,15211,1D25215013008SXC11,2026-05-30 15:00:00,2026-05-30 23:00:00,51,19.0,182,Continuity (2-mould press)
2026-05-30 00:00:00,C,15211,1D25215013008SXC11,2026-05-30 23:00:00,2026-05-31 07:00:00,51,19.0,182,Continuity (2-mould press)
2026-05-31 00:00:00,A,15211,1D25215013008SXC11,2026-05-31 07:00:00,2026-05-31 15:00:00,51,19.0,182,Continuity (2-mould press)
2026-05-31 00:00:00,B,15211,1D25215013008SXC11,2026-05-31 15:00:00,2026-05-31 23:00:00,51,19.0,182,Continuity (2-mould press)
2026-05-31 00:00:00,C,15211,1D25215013008SXC11,2026-05-31 23:00:00,2026-06-01 07:00:00,51,19.0,182,Continuity (2-mould press)
2026-06-01 00:00:00,A,15211,1D25215013008SXC11,2026-06-01 07:00:00,2026-06-01 11:04:00,26,19.0,182,Continuity (2-mould press)
2026-05-28 00:00:00,A,15212,1D25215013008SXC11,2026-05-28 07:00:00,2026-05-28 15:00:00,51,19.0,182,Continuity (2-mould press)
2026-05-28 00:00:00,B,15212,1D25215013008SXC11,2026-05-28 15:00:00,2026-05-28 23:00:00,51,19.0,182,Continuity (2-mould press)
2026-05-28 00:00:00,C,15212,1D25215013008SXC11,2026-05-28 23:00:00,2026-05-29 07:00:00,51,19.0,182,Continuity (2-mould press)
2026-05-29 00:00:00,A,15212,1D25215013008SXC11,2026-05-29 07:00:00,2026-05-29 15:00:00,51,19.0,182,Continuity (2-mould press)
2026-05-29 00:00:00,B,15212,1D25215013008SXC11,2026-05-29 15:00:00,2026-05-29 23:00:00,51,19.0,182,Continuity (2-mould press)
2026-05-29 00:00:00,C,15212,1D25215013008SXC11,2026-05-29 23:00:00,2026-05-30 07:00:00,51,19.0,182,Continuity (2-mould press)
2026-05-30 00:00:00,A,15212,1D25215013008SXC11,2026-05-30 07:00:00,2026-05-30 15:00:00,51,19.0,182,Continuity (2-mould press)
2026-05-30 00:00:00,B,15212,1D25215013008SXC11,2026-05-30 15:00:00,2026-05-30 23:00:00,51,19.0,182,Continuity (2-mould press)
2026-05-30 00:00:00,C,15212,1D25215013008SXC11,2026-05-30 23:00:00,2026-05-31 07:00:00,51,19.0,182,Continuity (2-mould press)
2026-05-31 00:00:00,A,15212,1D25215013008SXC11,2026-05-31 07:00:00,2026-05-31 15:00:00,51,19.0,182,Continuity (2-mould press)
2026-05-31 00:00:00,B,15212,1D25215013008SXC11,2026-05-31 15:00:00,2026-05-31 23:00:00,51,19.0,182,Continuity (2-mould press)
2026-05-31 00:00:00,C,15212,1D25215013008SXC11,2026-05-31 23:00:00,2026-06-01 07:00:00,51,19.0,182,Continuity (2-mould press)
2026-06-01 00:00:00,A,15212,1D25215013008SXC11,2026-06-01 07:00:00,2026-06-01 11:04:00,26,19.0,182,Continuity (2-mould press)
2026-05-28 00:00:00,A,15213,1325220516095HUTR0,2026-05-28 07:00:00,2026-05-28 15:00:00,51,19.0,0,Continuity (2-mould press)
2026-05-28 00:00:00,B,15213,1325220516095HUTR0,2026-05-28 15:00:00,2026-05-28 23:00:00,51,19.0,0,Continuity (2-mould press)
2026-05-28 00:00:00,C,15213,1325220516095HUTR0,2026-05-28 23:00:00,2026-05-29 07:00:00,51,19.0,0,Continuity (2-mould press)
2026-05-29 00:00:00,A,15213,1325220516095HUTR0,2026-05-29 07:00:00,2026-05-29 15:00:00,51,19.0,0,Continuity (2-mould press)
2026-05-29 00:00:00,B,15213,1325220516095HUTR0,2026-05-29 15:00:00,2026-05-29 23:00:00,51,19.0,0,Continuity (2-mould press)
2026-05-29 00:00:00,C,15213,1325220516095HUTR0,2026-05-29 23:00:00,2026-05-30 07:00:00,51,19.0,0,Continuity (2-mould press)
2026-05-30 00:00:00,A,15213,1325220516095HUTR0,2026-05-30 07:00:00,2026-05-30 15:00:00,51,19.0,0,Continuity (2-mould press)
2026-05-30 00:00:00,B,15213,1325220516095HUTR0,2026-05-30 15:00:00,2026-05-30 23:00:00,51,19.0,0,Continuity (2-mould press)
2026-05-30 00:00:00,C,15213,1325220516095HUTR0,2026-05-30 23:00:00,2026-05-31 07:00:00,51,19.0,0,Continuity (2-mould press)
2026-05-31 00:00:00,A,15213,1325220516095HUTR0,2026-05-31 07:00:00,2026-05-31 15:00:00,51,19.0,0,Continuity (2-mould press)
2026-05-31 00:00:00,B,15213,1325220516095HUTR0,2026-05-31 15:00:00,2026-05-31 23:00:00,51,19.0,0,Continuity (2-mould press)
2026-05-31 00:00:00,C,15213,1325220516095HUTR0,2026-05-31 23:00:00,2026-06-01 06:19:00,46,19.0,0,Continuity (2-mould press)
2026-05-28 00:00:00,A,24801,1325121715100SRXT0,2026-05-28 07:00:00,2026-05-28 15:00:00,48,20.0,0,Continuity (2-mould press)
2026-05-28 00:00:00,B,24801,1325121715100SRXT0,2026-05-28 15:00:00,2026-05-28 23:00:00,48,20.0,0,Continuity (2-mould press)
2026-05-28 00:00:00,C,24801,1325121715100SRXT0,2026-05-28 23:00:00,2026-05-29 07:00:00,48,20.0,0,Continuity (2-mould press)
2026-05-29 00:00:00,A,24801,1325121715100SRXT0,2026-05-29 07:00:00,2026-05-29 15:00:00,48,20.0,0,Continuity (2-mould press)
2026-05-29 00:00:00,B,24801,1325121715100SRXT0,2026-05-29 15:00:00,2026-05-29 23:00:00,48,20.0,0,Continuity (2-mould press)
2026-05-29 00:00:00,C,24801,1325121715100SRXT0,2026-05-29 23:00:00,2026-05-30 07:00:00,48,20.0,0,Continuity (2-mould press)
2026-05-30 00:00:00,A,24801,1325121715100SRXT0,2026-05-30 07:00:00,2026-05-30 15:00:00,48,20.0,0,Continuity (2-mould press)
2026-05-30 00:00:00,B,24801,1325121715100SRXT0,2026-05-30 15:00:00,2026-05-30 19:40:00,28,20.0,0,Continuity (2-mould press)
2026-05-28 00:00:00,A,24802,1325218515088HURL1,2026-05-28 07:00:00,2026-05-28 15:00:00,56,17.0,0,Continuity (2-mould press)
2026-05-28 00:00:00,B,24802,1325218515088HURL1,2026-05-28 15:00:00,2026-05-28 23:00:00,56,17.0,0,Continuity (2-mould press)
2026-05-28 00:00:00,C,24802,1325218515088HURL1,2026-05-28 23:00:00,2026-05-29 07:00:00,56,17.0,0,Continuity (2-mould press)
2026-05-29 00:00:00,A,24802,1325218515088HURL1,2026-05-29 07:00:00,2026-05-29 15:00:00,56,17.0,0,Continuity (2-mould press)
2026-05-29 00:00:00,B,24802,1325218515088HURL1,2026-05-29 15:00:00,2026-05-29 23:00:00,56,17.0,0,Continuity (2-mould press)
2026-05-29 00:00:00,C,24802,1325218515088HURL1,2026-05-29 23:00:00,2026-05-30 07:00:00,56,17.0,0,Continuity (2-mould press)
2026-05-30 00:00:00,A,24802,1325218515088HURL1,2026-05-30 07:00:00,2026-05-30 15:00:00,56,17.0,0,Continuity (2-mould press)
2026-05-30 00:00:00,B,24802,1325218515088HURL1,2026-05-30 15:00:00,2026-05-30 23:00:00,56,17.0,0,Continuity (2-mould press)
2026-05-30 00:00:00,C,24802,1325218515088HURL1,2026-05-30 23:00:00,2026-05-31 07:00:00,56,17.0,0,Continuity (2-mould press)
2026-05-31 00:00:00,A,24802,1325218515088HURL1,2026-05-31 07:00:00,2026-05-31 15:00:00,56,17.0,0,Continuity (2-mould press)
2026-05-31 00:00:00,B,24802,1325218515088HURL1,2026-05-31 15:00:00,2026-05-31 23:00:00,56,17.0,0,Continuity (2-mould press)
2026-05-31 00:00:00,C,24802,1325218515088HURL1,2026-05-31 23:00:00,2026-06-01 04:13:00,37,17.0,0,Continuity (2-mould press)
2026-05-28 00:00:00,A,24803,1325215813079STMX0,2026-05-28 07:00:00,2026-05-28 15:00:00,60,16.0,15,Continuity (2-mould press)
2026-05-28 00:00:00,B,24803,1325215813079STMX0,2026-05-28 15:00:00,2026-05-28 19:00:00,30,16.0,15,Continuity (2-mould press)
2026-05-28 00:00:00,B,24803,MOULD_CLEAN,2026-05-28 19:00:00,2026-05-28 21:00:00,0,0.0,0,Mould cleaning (continuity)
2026-05-28 00:00:00,B,24803,1325215813079STMX0,2026-05-28 21:00:00,2026-05-28 23:00:00,15,16.0,15,Continuity (2-mould press)
2026-05-28 00:00:00,C,24803,1325215813079STMX0,2026-05-28 23:00:00,2026-05-29 07:00:00,60,16.0,15,Continuity (2-mould press)
2026-05-29 00:00:00,A,24803,1325215813079STMX0,2026-05-29 07:00:00,2026-05-29 15:00:00,60,16.0,15,Continuity (2-mould press)
2026-05-29 00:00:00,B,24803,1325215813079STMX0,2026-05-29 15:00:00,2026-05-29 19:08:00,31,16.0,15,Continuity (2-mould press)
2026-05-28 00:00:00,A,24804,1325215813079STMX0,2026-05-28 07:00:00,2026-05-28 15:00:00,60,16.0,15,Continuity (2-mould press)
2026-05-28 00:00:00,B,24804,1325215813079STMX0,2026-05-28 15:00:00,2026-05-28 23:00:00,60,16.0,15,Continuity (2-mould press)
2026-05-28 00:00:00,C,24804,1325215813079STMX0,2026-05-28 23:00:00,2026-05-29 07:00:00,60,16.0,15,Continuity (2-mould press)
2026-05-29 00:00:00,A,24804,1325215813079STMX0,2026-05-29 07:00:00,2026-05-29 15:00:00,60,16.0,15,Continuity (2-mould press)
2026-05-29 00:00:00,B,24804,1325215813079STMX0,2026-05-29 15:00:00,2026-05-29 17:08:00,16,16.0,15,Continuity (2-mould press)
2026-05-28 00:00:00,A,24805,1325215613075TUHL0,2026-05-28 07:00:00,2026-05-28 07:15:00,2,15.0,0,Continuity (2-mould press)
2026-05-28 00:00:00,A,24806,1325219316087VURL0,2026-05-28 07:00:00,2026-05-28 15:00:00,60,16.0,0,Continuity (2-mould press)
2026-05-28 00:00:00,B,24806,1325219316087VURL0,2026-05-28 15:00:00,2026-05-28 23:00:00,60,16.0,0,Continuity (2-mould press)
2026-05-28 00:00:00,C,24806,1325219316087VURL0,2026-05-28 23:00:00,2026-05-29 07:00:00,60,16.0,0,Continuity (2-mould press)
2026-05-29 00:00:00,A,24806,1325219316087VURL0,2026-05-29 07:00:00,2026-05-29 15:00:00,60,16.0,0,Continuity (2-mould press)
2026-05-29 00:00:00,B,24806,1325219316087VURL0,2026-05-29 15:00:00,2026-05-29 23:00:00,60,16.0,0,Continuity (2-mould press)
2026-05-29 00:00:00,C,24806,1325219316087VURL0,2026-05-29 23:00:00,2026-05-30 01:40:00,20,16.0,0,Continuity (2-mould press)
2026-05-28 00:00:00,A,24807,1325218515088HURL1,2026-05-28 07:00:00,2026-05-28 15:00:00,56,17.0,0,Continuity (2-mould press)
2026-05-28 00:00:00,B,24807,1325218515088HURL1,2026-05-28 15:00:00,2026-05-28 23:00:00,56,17.0,0,Continuity (2-mould press)
2026-05-28 00:00:00,C,24807,1325218515088HURL1,2026-05-28 23:00:00,2026-05-29 07:00:00,56,17.0,0,Continuity (2-mould press)
2026-05-29 00:00:00,A,24807,1325218515088HURL1,2026-05-29 07:00:00,2026-05-29 15:00:00,56,17.0,0,Continuity (2-mould press)
2026-05-29 00:00:00,B,24807,1325218515088HURL1,2026-05-29 15:00:00,2026-05-29 23:00:00,56,17.0,0,Continuity (2-mould press)
2026-05-29 00:00:00,C,24807,1325218515088HURL1,2026-05-29 23:00:00,2026-05-30 07:00:00,56,17.0,0,Continuity (2-mould press)
2026-05-30 00:00:00,A,24807,1325218515088HURL1,2026-05-30 07:00:00,2026-05-30 15:00:00,56,17.0,0,Continuity (2-mould press)
2026-05-30 00:00:00,B,24807,1325218515088HURL1,2026-05-30 15:00:00,2026-05-30 23:00:00,56,17.0,0,Continuity (2-mould press)
2026-05-30 00:00:00,C,24807,1325218515088HURL1,2026-05-30 23:00:00,2026-05-31 07:00:00,56,17.0,0,Continuity (2-mould press)
2026-05-31 00:00:00,A,24807,1325218515088HURL1,2026-05-31 07:00:00,2026-05-31 15:00:00,56,17.0,0,Continuity (2-mould press)
2026-05-31 00:00:00,B,24807,1325218515088HURL1,2026-05-31 15:00:00,2026-05-31 23:00:00,56,17.0,0,Continuity (2-mould press)
2026-05-31 00:00:00,C,24807,1325218515088HURL1,2026-05-31 23:00:00,2026-06-01 04:13:00,37,17.0,0,Continuity (2-mould press)
2026-05-28 00:00:00,A,24808,1325215813079SUHL0,2026-05-28 07:00:00,2026-05-28 15:00:00,60,16.0,0,Continuity (2-mould press)
2026-05-28 00:00:00,B,24808,1325215813079SUHL0,2026-05-28 15:00:00,2026-05-28 23:00:00,60,16.0,0,Continuity (2-mould press)
2026-05-28 00:00:00,C,24808,1325215813079SUHL0,2026-05-28 23:00:00,2026-05-29 07:00:00,60,16.0,0,Continuity (2-mould press)
2026-05-29 00:00:00,A,24808,1325215813079SUHL0,2026-05-29 07:00:00,2026-05-29 15:00:00,60,16.0,0,Continuity (2-mould press)
2026-05-29 00:00:00,B,24808,1325215813079SUHL0,2026-05-29 15:00:00,2026-05-29 23:00:00,60,16.0,0,Continuity (2-mould press)
2026-05-29 00:00:00,C,24808,1325215813079SUHL0,2026-05-29 23:00:00,2026-05-30 07:00:00,60,16.0,0,Continuity (2-mould press)
2026-05-30 00:00:00,A,24808,1325215813079SUHL0,2026-05-30 07:00:00,2026-05-30 15:00:00,60,16.0,0,Continuity (2-mould press)
2026-05-30 00:00:00,B,24808,1325215813079SUHL0,2026-05-30 15:00:00,2026-05-30 23:00:00,60,16.0,0,Continuity (2-mould press)
2026-05-30 00:00:00,C,24808,1325215813079SUHL0,2026-05-30 23:00:00,2026-05-31 07:00:00,60,16.0,0,Continuity (2-mould press)
2026-05-31 00:00:00,A,24808,1325215813079SUHL0,2026-05-31 07:00:00,2026-05-31 11:48:00,36,16.0,0,Continuity (2-mould press)
2026-05-28 00:00:00,A,24809,1325216814085SUTR0,2026-05-28 07:00:00,2026-05-28 15:00:00,56,17.0,0,Continuity (2-mould press)
2026-05-28 00:00:00,B,24809,1325216814085SUTR0,2026-05-28 15:00:00,2026-05-28 23:00:00,56,17.0,0,Continuity (2-mould press)
2026-05-28 00:00:00,C,24809,1325216814085SUTR0,2026-05-28 23:00:00,2026-05-29 07:00:00,56,17.0,0,Continuity (2-mould press)
2026-05-29 00:00:00,A,24809,1325216814085SUTR0,2026-05-29 07:00:00,2026-05-29 15:00:00,56,17.0,0,Continuity (2-mould press)
2026-05-29 00:00:00,B,24809,1325216814085SUTR0,2026-05-29 15:00:00,2026-05-29 23:00:00,56,17.0,0,Continuity (2-mould press)
2026-05-29 00:00:00,C,24809,1325216814085SUTR0,2026-05-29 23:00:00,2026-05-30 07:00:00,56,17.0,0,Continuity (2-mould press)
2026-05-30 00:00:00,A,24809,1325216814085SUTR0,2026-05-30 07:00:00,2026-05-30 15:00:00,56,17.0,0,Continuity (2-mould press)
2026-05-30 00:00:00,B,24809,1325216814085SUTR0,2026-05-30 15:00:00,2026-05-30 23:00:00,56,17.0,0,Continuity (2-mould press)
2026-05-30 00:00:00,C,24809,1325216814085SUTR0,2026-05-30 23:00:00,2026-05-31 07:00:00,56,17.0,0,Continuity (2-mould press)
2026-05-31 00:00:00,A,24809,1325216814085SUTR0,2026-05-31 07:00:00,2026-05-31 15:00:00,56,17.0,0,Continuity (2-mould press)
2026-05-31 00:00:00,B,24809,1325216814085SUTR0,2026-05-31 15:00:00,2026-05-31 17:27:00,17,17.0,0,Continuity (2-mould press)
2026-05-28 00:00:00,A,24810,1325216814085STMX0,2026-05-28 07:00:00,2026-05-28 15:00:00,60,16.0,256,Continuity (2-mould press)
2026-05-28 00:00:00,B,24810,1325216814085STMX0,2026-05-28 15:00:00,2026-05-28 23:00:00,60,16.0,256,Continuity (2-mould press)
2026-05-28 00:00:00,C,24810,1325216814085STMX0,2026-05-28 23:00:00,2026-05-29 07:00:00,60,16.0,256,Continuity (2-mould press)
2026-05-29 00:00:00,A,24810,1325216814085STMX0,2026-05-29 07:00:00,2026-05-29 15:00:00,60,16.0,256,Continuity (2-mould press)
2026-05-29 00:00:00,B,24810,1325216814085STMX0,2026-05-29 15:00:00,2026-05-29 23:00:00,60,16.0,256,Continuity (2-mould press)
2026-05-29 00:00:00,C,24810,1325216814085STMX0,2026-05-29 23:00:00,2026-05-30 07:00:00,60,16.0,256,Continuity (2-mould press)
2026-05-30 00:00:00,A,24810,1325216814085STMX0,2026-05-30 07:00:00,2026-05-30 15:00:00,60,16.0,256,Continuity (2-mould press)
2026-05-30 00:00:00,B,24810,1325216814085STMX0,2026-05-30 15:00:00,2026-05-30 23:00:00,60,16.0,256,Continuity (2-mould press)
2026-05-30 00:00:00,C,24810,1325216814085STMX0,2026-05-30 23:00:00,2026-05-31 06:44:00,58,16.0,256,Continuity (2-mould press)
2026-05-28 00:00:00,A,24811,1325218515088HURL1,2026-05-28 07:00:00,2026-05-28 15:00:00,56,17.0,0,Continuity (2-mould press)
2026-05-28 00:00:00,B,24811,1325218515088HURL1,2026-05-28 15:00:00,2026-05-28 23:00:00,56,17.0,0,Continuity (2-mould press)
2026-05-28 00:00:00,C,24811,1325218515088HURL1,2026-05-28 23:00:00,2026-05-29 07:00:00,56,17.0,0,Continuity (2-mould press)
2026-05-29 00:00:00,A,24811,1325218515088HURL1,2026-05-29 07:00:00,2026-05-29 15:00:00,56,17.0,0,Continuity (2-mould press)
2026-05-29 00:00:00,B,24811,1325218515088HURL1,2026-05-29 15:00:00,2026-05-29 23:00:00,56,17.0,0,Continuity (2-mould press)
2026-05-29 00:00:00,C,24811,1325218515088HURL1,2026-05-29 23:00:00,2026-05-30 07:00:00,56,17.0,0,Continuity (2-mould press)
2026-05-30 00:00:00,A,24811,1325218515088HURL1,2026-05-30 07:00:00,2026-05-30 15:00:00,56,17.0,0,Continuity (2-mould press)
2026-05-30 00:00:00,B,24811,1325218515088HURL1,2026-05-30 15:00:00,2026-05-30 23:00:00,56,17.0,0,Continuity (2-mould press)
2026-05-30 00:00:00,C,24811,1325218515088HURL1,2026-05-30 23:00:00,2026-05-31 07:00:00,56,17.0,0,Continuity (2-mould press)
2026-05-31 00:00:00,A,24811,1325218515088HURL1,2026-05-31 07:00:00,2026-05-31 15:00:00,56,17.0,0,Continuity (2-mould press)
2026-05-31 00:00:00,B,24811,1325218515088HURL1,2026-05-31 15:00:00,2026-05-31 23:00:00,56,17.0,0,Continuity (2-mould press)
2026-05-31 00:00:00,C,24811,1325218515088HURL1,2026-05-31 23:00:00,2026-06-01 04:13:00,37,17.0,0,Continuity (2-mould press)
2026-05-28 00:00:00,A,24812,1D25215013008SXC11,2026-05-28 07:00:00,2026-05-28 15:00:00,51,19.0,182,Continuity (2-mould press)
2026-05-28 00:00:00,B,24812,1D25215013008SXC11,2026-05-28 15:00:00,2026-05-28 23:00:00,51,19.0,182,Continuity (2-mould press)
2026-05-28 00:00:00,C,24812,1D25215013008SXC11,2026-05-28 23:00:00,2026-05-29 07:00:00,51,19.0,182,Continuity (2-mould press)
2026-05-29 00:00:00,A,24812,1D25215013008SXC11,2026-05-29 07:00:00,2026-05-29 15:00:00,51,19.0,182,Continuity (2-mould press)
2026-05-29 00:00:00,B,24812,1D25215013008SXC11,2026-05-29 15:00:00,2026-05-29 23:00:00,51,19.0,182,Continuity (2-mould press)
2026-05-29 00:00:00,C,24812,1D25215013008SXC11,2026-05-29 23:00:00,2026-05-30 07:00:00,51,19.0,182,Continuity (2-mould press)
2026-05-30 00:00:00,A,24812,1D25215013008SXC11,2026-05-30 07:00:00,2026-05-30 15:00:00,51,19.0,182,Continuity (2-mould press)
2026-05-30 00:00:00,B,24812,1D25215013008SXC11,2026-05-30 15:00:00,2026-05-30 23:00:00,51,19.0,182,Continuity (2-mould press)
2026-05-30 00:00:00,C,24812,1D25215013008SXC11,2026-05-30 23:00:00,2026-05-31 07:00:00,51,19.0,182,Continuity (2-mould press)
2026-05-31 00:00:00,A,24812,1D25215013008SXC11,2026-05-31 07:00:00,2026-05-31 15:00:00,51,19.0,182,Continuity (2-mould press)
2026-05-31 00:00:00,B,24812,1D25215013008SXC11,2026-05-31 15:00:00,2026-05-31 23:00:00,51,19.0,182,Continuity (2-mould press)
2026-05-31 00:00:00,C,24812,1D25215013008SXC11,2026-05-31 23:00:00,2026-06-01 07:00:00,51,19.0,182,Continuity (2-mould press)
2026-06-01 00:00:00,A,24812,1D25215013008SXC11,2026-06-01 07:00:00,2026-06-01 11:04:00,26,19.0,182,Continuity (2-mould press)
2026-05-28 00:00:00,A,24813,1325218515088HURL1,2026-05-28 07:00:00,2026-05-28 15:00:00,56,17.0,0,Continuity (2-mould press)
2026-05-28 00:00:00,B,24813,1325218515088HURL1,2026-05-28 15:00:00,2026-05-28 23:00:00,56,17.0,0,Continuity (2-mould press)
2026-05-28 00:00:00,C,24813,1325218515088HURL1,2026-05-28 23:00:00,2026-05-29 07:00:00,56,17.0,0,Continuity (2-mould press)
2026-05-29 00:00:00,A,24813,1325218515088HURL1,2026-05-29 07:00:00,2026-05-29 15:00:00,56,17.0,0,Continuity (2-mould press)
2026-05-29 00:00:00,B,24813,1325218515088HURL1,2026-05-29 15:00:00,2026-05-29 23:00:00,56,17.0,0,Continuity (2-mould press)
2026-05-29 00:00:00,C,24813,1325218515088HURL1,2026-05-29 23:00:00,2026-05-30 07:00:00,56,17.0,0,Continuity (2-mould press)
2026-05-30 00:00:00,A,24813,1325218515088HURL1,2026-05-30 07:00:00,2026-05-30 15:00:00,56,17.0,0,Continuity (2-mould press)
2026-05-30 00:00:00,B,24813,1325218515088HURL1,2026-05-30 15:00:00,2026-05-30 23:00:00,56,17.0,0,Continuity (2-mould press)
2026-05-30 00:00:00,C,24813,1325218515088HURL1,2026-05-30 23:00:00,2026-05-31 07:00:00,56,17.0,0,Continuity (2-mould press)
2026-05-31 00:00:00,A,24813,1325218515088HURL1,2026-05-31 07:00:00,2026-05-31 15:00:00,56,17.0,0,Continuity (2-mould press)
2026-05-31 00:00:00,B,24813,1325218515088HURL1,2026-05-31 15:00:00,2026-05-31 23:00:00,56,17.0,0,Continuity (2-mould press)
2026-05-31 00:00:00,C,24813,1325218515088HURL1,2026-05-31 23:00:00,2026-06-01 04:13:00,37,17.0,0,Continuity (2-mould press)
2026-05-28 00:00:00,A,24814,1D25215013008SXC11,2026-05-28 07:00:00,2026-05-28 15:00:00,51,19.0,182,Continuity (2-mould press)
2026-05-28 00:00:00,B,24814,1D25215013008SXC11,2026-05-28 15:00:00,2026-05-28 23:00:00,51,19.0,182,Continuity (2-mould press)
2026-05-28 00:00:00,C,24814,1D25215013008SXC11,2026-05-28 23:00:00,2026-05-29 07:00:00,51,19.0,182,Continuity (2-mould press)
2026-05-29 00:00:00,A,24814,1D25215013008SXC11,2026-05-29 07:00:00,2026-05-29 15:00:00,51,19.0,182,Continuity (2-mould press)
2026-05-29 00:00:00,B,24814,1D25215013008SXC11,2026-05-29 15:00:00,2026-05-29 23:00:00,51,19.0,182,Continuity (2-mould press)
2026-05-29 00:00:00,C,24814,1D25215013008SXC11,2026-05-29 23:00:00,2026-05-30 07:00:00,51,19.0,182,Continuity (2-mould press)
2026-05-30 00:00:00,A,24814,1D25215013008SXC11,2026-05-30 07:00:00,2026-05-30 15:00:00,51,19.0,182,Continuity (2-mould press)
2026-05-30 00:00:00,B,24814,1D25215013008SXC11,2026-05-30 15:00:00,2026-05-30 23:00:00,51,19.0,182,Continuity (2-mould press)
2026-05-30 00:00:00,C,24814,1D25215013008SXC11,2026-05-30 23:00:00,2026-05-31 07:00:00,51,19.0,182,Continuity (2-mould press)
2026-05-31 00:00:00,A,24814,1D25215013008SXC11,2026-05-31 07:00:00,2026-05-31 15:00:00,51,19.0,182,Continuity (2-mould press)
2026-05-31 00:00:00,B,24814,1D25215013008SXC11,2026-05-31 15:00:00,2026-05-31 23:00:00,51,19.0,182,Continuity (2-mould press)
2026-05-31 00:00:00,C,24814,1D25215013008SXC11,2026-05-31 23:00:00,2026-06-01 07:00:00,51,19.0,182,Continuity (2-mould press)
2026-06-01 00:00:00,A,24814,1D25215013008SXC11,2026-06-01 07:00:00,2026-06-01 11:04:00,26,19.0,182,Continuity (2-mould press)
2026-05-28 00:00:00,A,24815,1325219316087VUTR0,2026-05-28 07:00:00,2026-05-28 15:00:00,56,17.0,0,Continuity (2-mould press)
2026-05-28 00:00:00,B,24815,1325219316087VUTR0,2026-05-28 15:00:00,2026-05-28 23:00:00,56,17.0,0,Continuity (2-mould press)
2026-05-28 00:00:00,C,24815,1325219316087VUTR0,2026-05-28 23:00:00,2026-05-29 07:00:00,56,17.0,0,Continuity (2-mould press)
2026-05-29 00:00:00,A,24815,1325219316087VUTR0,2026-05-29 07:00:00,2026-05-29 15:00:00,56,17.0,0,Continuity (2-mould press)
2026-05-29 00:00:00,B,24815,1325219316087VUTR0,2026-05-29 15:00:00,2026-05-29 23:00:00,56,17.0,0,Continuity (2-mould press)
2026-05-29 00:00:00,C,24815,1325219316087VUTR0,2026-05-29 23:00:00,2026-05-30 07:00:00,56,17.0,0,Continuity (2-mould press)
2026-05-30 00:00:00,A,24815,1325219316087VUTR0,2026-05-30 07:00:00,2026-05-30 15:00:00,56,17.0,0,Continuity (2-mould press)
2026-05-30 00:00:00,B,24815,1325219316087VUTR0,2026-05-30 15:00:00,2026-05-30 23:00:00,56,17.0,0,Continuity (2-mould press)
2026-05-30 00:00:00,C,24815,1325219316087VUTR0,2026-05-30 23:00:00,2026-05-31 07:00:00,56,17.0,0,Continuity (2-mould press)
2026-05-31 00:00:00,A,24815,1325219316087VUTR0,2026-05-31 07:00:00,2026-05-31 15:00:00,56,17.0,0,Continuity (2-mould press)
2026-05-31 00:00:00,B,24815,1325219316087VUTR0,2026-05-31 15:00:00,2026-05-31 23:00:00,56,17.0,0,Continuity (2-mould press)
2026-05-31 00:00:00,C,24815,1325219316087VUTR0,2026-05-31 23:00:00,2026-06-01 01:40:00,19,17.0,0,Continuity (2-mould press)
2026-05-28 00:00:00,A,24816,1325216814085STMX0,2026-05-28 07:00:00,2026-05-28 15:00:00,60,16.0,256,Continuity (2-mould press)
2026-05-28 00:00:00,B,24816,1325216814085STMX0,2026-05-28 15:00:00,2026-05-28 23:00:00,60,16.0,256,Continuity (2-mould press)
2026-05-28 00:00:00,C,24816,1325216814085STMX0,2026-05-28 23:00:00,2026-05-29 07:00:00,60,16.0,256,Continuity (2-mould press)
2026-05-29 00:00:00,A,24816,1325216814085STMX0,2026-05-29 07:00:00,2026-05-29 15:00:00,60,16.0,256,Continuity (2-mould press)
2026-05-29 00:00:00,B,24816,1325216814085STMX0,2026-05-29 15:00:00,2026-05-29 23:00:00,60,16.0,256,Continuity (2-mould press)
2026-05-29 00:00:00,C,24816,1325216814085STMX0,2026-05-29 23:00:00,2026-05-30 07:00:00,60,16.0,256,Continuity (2-mould press)
2026-05-30 00:00:00,A,24816,1325216814085STMX0,2026-05-30 07:00:00,2026-05-30 15:00:00,60,16.0,256,Continuity (2-mould press)
2026-05-30 00:00:00,B,24816,1325216814085STMX0,2026-05-30 15:00:00,2026-05-30 23:00:00,60,16.0,256,Continuity (2-mould press)
2026-05-30 00:00:00,C,24816,1325216814085STMX0,2026-05-30 23:00:00,2026-05-31 07:00:00,60,16.0,256,Continuity (2-mould press)
2026-05-31 00:00:00,A,24816,1325216814085STMX0,2026-05-31 07:00:00,2026-05-31 07:16:00,2,16.0,256,Continuity (2-mould press)
2026-05-28 00:00:00,A,24817,1325218515088HURL1,2026-05-28 07:00:00,2026-05-28 15:00:00,56,17.0,0,Continuity (2-mould press)
2026-05-28 00:00:00,B,24817,1325218515088HURL1,2026-05-28 15:00:00,2026-05-28 23:00:00,56,17.0,0,Continuity (2-mould press)
2026-05-28 00:00:00,C,24817,1325218515088HURL1,2026-05-28 23:00:00,2026-05-29 07:00:00,56,17.0,0,Continuity (2-mould press)
2026-05-29 00:00:00,A,24817,1325218515088HURL1,2026-05-29 07:00:00,2026-05-29 15:00:00,56,17.0,0,Continuity (2-mould press)
2026-05-29 00:00:00,B,24817,1325218515088HURL1,2026-05-29 15:00:00,2026-05-29 23:00:00,56,17.0,0,Continuity (2-mould press)
2026-05-29 00:00:00,C,24817,1325218515088HURL1,2026-05-29 23:00:00,2026-05-30 07:00:00,56,17.0,0,Continuity (2-mould press)
2026-05-30 00:00:00,A,24817,1325218515088HURL1,2026-05-30 07:00:00,2026-05-30 15:00:00,56,17.0,0,Continuity (2-mould press)
2026-05-30 00:00:00,B,24817,1325218515088HURL1,2026-05-30 15:00:00,2026-05-30 23:00:00,56,17.0,0,Continuity (2-mould press)
2026-05-30 00:00:00,C,24817,1325218515088HURL1,2026-05-30 23:00:00,2026-05-31 07:00:00,56,17.0,0,Continuity (2-mould press)
2026-05-31 00:00:00,A,24817,1325218515088HURL1,2026-05-31 07:00:00,2026-05-31 15:00:00,56,17.0,0,Continuity (2-mould press)
2026-05-31 00:00:00,B,24817,1325218515088HURL1,2026-05-31 15:00:00,2026-05-31 23:00:00,56,17.0,0,Continuity (2-mould press)
2026-05-31 00:00:00,C,24817,1325218515088HURL1,2026-05-31 23:00:00,2026-06-01 04:13:00,37,17.0,0,Continuity (2-mould press)
2026-05-28 00:00:00,A,24818,1325215813079SUHL0,2026-05-28 07:00:00,2026-05-28 15:00:00,60,16.0,0,Continuity (2-mould press)
2026-05-28 00:00:00,B,24818,1325215813079SUHL0,2026-05-28 15:00:00,2026-05-28 23:00:00,60,16.0,0,Continuity (2-mould press)
2026-05-28 00:00:00,C,24818,1325215813079SUHL0,2026-05-28 23:00:00,2026-05-29 07:00:00,60,16.0,0,Continuity (2-mould press)
2026-05-29 00:00:00,A,24818,1325215813079SUHL0,2026-05-29 07:00:00,2026-05-29 15:00:00,60,16.0,0,Continuity (2-mould press)
2026-05-29 00:00:00,B,24818,1325215813079SUHL0,2026-05-29 15:00:00,2026-05-29 23:00:00,60,16.0,0,Continuity (2-mould press)
2026-05-29 00:00:00,C,24818,1325215813079SUHL0,2026-05-29 23:00:00,2026-05-30 07:00:00,60,16.0,0,Continuity (2-mould press)
2026-05-30 00:00:00,A,24818,1325215813079SUHL0,2026-05-30 07:00:00,2026-05-30 15:00:00,60,16.0,0,Continuity (2-mould press)
2026-05-30 00:00:00,B,24818,1325215813079SUHL0,2026-05-30 15:00:00,2026-05-30 23:00:00,60,16.0,0,Continuity (2-mould press)
2026-05-30 00:00:00,C,24818,1325215813079SUHL0,2026-05-30 23:00:00,2026-05-31 07:00:00,60,16.0,0,Continuity (2-mould press)
2026-05-31 00:00:00,A,24818,1325215813079SUHL0,2026-05-31 07:00:00,2026-05-31 11:48:00,36,16.0,0,Continuity (2-mould press)
2026-05-28 00:00:00,A,24819,1D25215013008SXC11,2026-05-28 07:00:00,2026-05-28 15:00:00,51,19.0,182,Continuity (2-mould press)
2026-05-28 00:00:00,B,24819,1D25215013008SXC11,2026-05-28 15:00:00,2026-05-28 23:00:00,51,19.0,182,Continuity (2-mould press)
2026-05-28 00:00:00,C,24819,1D25215013008SXC11,2026-05-28 23:00:00,2026-05-29 07:00:00,51,19.0,182,Continuity (2-mould press)
2026-05-29 00:00:00,A,24819,1D25215013008SXC11,2026-05-29 07:00:00,2026-05-29 15:00:00,51,19.0,182,Continuity (2-mould press)
2026-05-29 00:00:00,B,24819,1D25215013008SXC11,2026-05-29 15:00:00,2026-05-29 23:00:00,51,19.0,182,Continuity (2-mould press)
2026-05-29 00:00:00,C,24819,1D25215013008SXC11,2026-05-29 23:00:00,2026-05-30 07:00:00,51,19.0,182,Continuity (2-mould press)
2026-05-30 00:00:00,A,24819,1D25215013008SXC11,2026-05-30 07:00:00,2026-05-30 15:00:00,51,19.0,182,Continuity (2-mould press)
2026-05-30 00:00:00,B,24819,1D25215013008SXC11,2026-05-30 15:00:00,2026-05-30 23:00:00,51,19.0,182,Continuity (2-mould press)
2026-05-30 00:00:00,C,24819,1D25215013008SXC11,2026-05-30 23:00:00,2026-05-31 07:00:00,51,19.0,182,Continuity (2-mould press)
2026-05-31 00:00:00,A,24819,1D25215013008SXC11,2026-05-31 07:00:00,2026-05-31 15:00:00,51,19.0,182,Continuity (2-mould press)
2026-05-31 00:00:00,B,24819,1D25215013008SXC11,2026-05-31 15:00:00,2026-05-31 23:00:00,51,19.0,182,Continuity (2-mould press)
2026-05-31 00:00:00,C,24819,1D25215013008SXC11,2026-05-31 23:00:00,2026-06-01 07:00:00,51,19.0,182,Continuity (2-mould press)
2026-06-01 00:00:00,A,24819,1D25215013008SXC11,2026-06-01 07:00:00,2026-06-01 11:04:00,26,19.0,182,Continuity (2-mould press)
2026-05-28 00:00:00,A,24820,1325216614081STMX0,2026-05-28 07:00:00,2026-05-28 15:00:00,60,16.0,147,Continuity (2-mould press)
2026-05-28 00:00:00,B,24820,1325216614081STMX0,2026-05-28 15:00:00,2026-05-28 23:00:00,60,16.0,147,Continuity (2-mould press)
2026-05-28 00:00:00,C,24820,1325216614081STMX0,2026-05-28 23:00:00,2026-05-29 07:00:00,60,16.0,147,Continuity (2-mould press)
2026-05-29 00:00:00,A,24820,1325216614081STMX0,2026-05-29 07:00:00,2026-05-29 15:00:00,60,16.0,147,Continuity (2-mould press)
2026-05-29 00:00:00,B,24820,1325216614081STMX0,2026-05-29 15:00:00,2026-05-29 23:00:00,60,16.0,147,Continuity (2-mould press)
2026-05-29 00:00:00,C,24820,1325216614081STMX0,2026-05-29 23:00:00,2026-05-30 07:00:00,60,16.0,147,Continuity (2-mould press)
2026-05-30 00:00:00,A,24820,1325216614081STMX0,2026-05-30 07:00:00,2026-05-30 15:00:00,60,16.0,147,Continuity (2-mould press)
2026-05-30 00:00:00,B,24820,1325216614081STMX0,2026-05-30 15:00:00,2026-05-30 23:00:00,60,16.0,147,Continuity (2-mould press)
2026-05-30 00:00:00,C,24820,1325216614081STMX0,2026-05-30 23:00:00,2026-05-31 07:00:00,60,16.0,147,Continuity (2-mould press)
2026-05-31 00:00:00,A,24820,1325216614081STMX0,2026-05-31 07:00:00,2026-05-31 07:32:00,4,16.0,147,Continuity (2-mould press)
2026-05-28 00:00:00,A,24821,1325214813075STMX0,2026-05-28 07:00:00,2026-05-28 07:16:00,2,16.0,0,Continuity (2-mould press)
2026-05-28 00:00:00,A,24822,1325215813079SUHL0,2026-05-28 07:00:00,2026-05-28 15:00:00,60,16.0,0,Continuity (2-mould press)
2026-05-28 00:00:00,B,24822,1325215813079SUHL0,2026-05-28 15:00:00,2026-05-28 23:00:00,60,16.0,0,Continuity (2-mould press)
2026-05-28 00:00:00,C,24822,1325215813079SUHL0,2026-05-28 23:00:00,2026-05-29 07:00:00,60,16.0,0,Continuity (2-mould press)
2026-05-29 00:00:00,A,24822,1325215813079SUHL0,2026-05-29 07:00:00,2026-05-29 15:00:00,60,16.0,0,Continuity (2-mould press)
2026-05-29 00:00:00,B,24822,1325215813079SUHL0,2026-05-29 15:00:00,2026-05-29 23:00:00,60,16.0,0,Continuity (2-mould press)
2026-05-29 00:00:00,C,24822,1325215813079SUHL0,2026-05-29 23:00:00,2026-05-30 07:00:00,60,16.0,0,Continuity (2-mould press)
2026-05-30 00:00:00,A,24822,1325215813079SUHL0,2026-05-30 07:00:00,2026-05-30 15:00:00,60,16.0,0,Continuity (2-mould press)
2026-05-30 00:00:00,B,24822,1325215813079SUHL0,2026-05-30 15:00:00,2026-05-30 23:00:00,60,16.0,0,Continuity (2-mould press)
2026-05-30 00:00:00,C,24822,1325215813079SUHL0,2026-05-30 23:00:00,2026-05-31 07:00:00,60,16.0,0,Continuity (2-mould press)
2026-05-31 00:00:00,A,24822,1325215813079SUHL0,2026-05-31 07:00:00,2026-05-31 11:32:00,34,16.0,0,Continuity (2-mould press)
2026-05-28 00:00:00,A,24823,1325219316087VUTR0,2026-05-28 07:00:00,2026-05-28 15:00:00,56,17.0,0,Continuity (2-mould press)
2026-05-28 00:00:00,B,24823,1325219316087VUTR0,2026-05-28 15:00:00,2026-05-28 23:00:00,56,17.0,0,Continuity (2-mould press)
2026-05-28 00:00:00,C,24823,1325219316087VUTR0,2026-05-28 23:00:00,2026-05-29 07:00:00,56,17.0,0,Continuity (2-mould press)
2026-05-29 00:00:00,A,24823,1325219316087VUTR0,2026-05-29 07:00:00,2026-05-29 15:00:00,56,17.0,0,Continuity (2-mould press)
2026-05-29 00:00:00,B,24823,1325219316087VUTR0,2026-05-29 15:00:00,2026-05-29 23:00:00,56,17.0,0,Continuity (2-mould press)
2026-05-29 00:00:00,C,24823,1325219316087VUTR0,2026-05-29 23:00:00,2026-05-30 07:00:00,56,17.0,0,Continuity (2-mould press)
2026-05-30 00:00:00,A,24823,1325219316087VUTR0,2026-05-30 07:00:00,2026-05-30 15:00:00,56,17.0,0,Continuity (2-mould press)
2026-05-30 00:00:00,B,24823,1325219316087VUTR0,2026-05-30 15:00:00,2026-05-30 23:00:00,56,17.0,0,Continuity (2-mould press)
2026-05-30 00:00:00,C,24823,1325219316087VUTR0,2026-05-30 23:00:00,2026-05-31 07:00:00,56,17.0,0,Continuity (2-mould press)
2026-05-31 00:00:00,A,24823,1325219316087VUTR0,2026-05-31 07:00:00,2026-05-31 15:00:00,56,17.0,0,Continuity (2-mould press)
2026-05-31 00:00:00,B,24823,1325219316087VUTR0,2026-05-31 15:00:00,2026-05-31 23:00:00,56,17.0,0,Continuity (2-mould press)
2026-05-31 00:00:00,C,24823,1325219316087VUTR0,2026-05-31 23:00:00,2026-06-01 01:40:00,19,17.0,0,Continuity (2-mould press)
2026-05-28 00:00:00,A,24824,1325220515094VUTR0,2026-05-28 07:00:00,2026-05-28 15:00:00,56,17.0,0,Continuity (2-mould press)
2026-05-28 00:00:00,B,24824,1325220515094VUTR0,2026-05-28 15:00:00,2026-05-28 23:00:00,56,17.0,0,Continuity (2-mould press)
2026-05-28 00:00:00,C,24824,1325220515094VUTR0,2026-05-28 23:00:00,2026-05-29 07:00:00,56,17.0,0,Continuity (2-mould press)
2026-05-29 00:00:00,A,24824,1325220515094VUTR0,2026-05-29 07:00:00,2026-05-29 15:00:00,56,17.0,0,Continuity (2-mould press)
2026-05-29 00:00:00,B,24824,1325220515094VUTR0,2026-05-29 15:00:00,2026-05-29 23:00:00,56,17.0,0,Continuity (2-mould press)
2026-05-29 00:00:00,C,24824,1325220515094VUTR0,2026-05-29 23:00:00,2026-05-30 07:00:00,56,17.0,0,Continuity (2-mould press)
2026-05-30 00:00:00,A,24824,1325220515094VUTR0,2026-05-30 07:00:00,2026-05-30 15:00:00,56,17.0,0,Continuity (2-mould press)
2026-05-30 00:00:00,B,24824,1325220515094VUTR0,2026-05-30 15:00:00,2026-05-30 23:00:00,56,17.0,0,Continuity (2-mould press)
2026-05-30 00:00:00,C,24824,1325220515094VUTR0,2026-05-30 23:00:00,2026-05-31 07:00:00,56,17.0,0,Continuity (2-mould press)
2026-05-31 00:00:00,A,24824,1325220515094VUTR0,2026-05-31 07:00:00,2026-05-31 15:00:00,56,17.0,0,Continuity (2-mould press)
2026-05-31 00:00:00,B,24824,1325220515094VUTR0,2026-05-31 15:00:00,2026-05-31 23:00:00,56,17.0,0,Continuity (2-mould press)
2026-05-31 00:00:00,C,24824,1325220515094VUTR0,2026-05-31 23:00:00,2026-06-01 02:14:00,23,17.0,0,Continuity (2-mould press)
2026-05-28 00:00:00,A,24825,1D25215013008SXC11,2026-05-28 07:00:00,2026-05-28 15:00:00,51,19.0,182,Continuity (2-mould press)
2026-05-28 00:00:00,B,24825,1D25215013008SXC11,2026-05-28 15:00:00,2026-05-28 23:00:00,51,19.0,182,Continuity (2-mould press)
2026-05-28 00:00:00,C,24825,1D25215013008SXC11,2026-05-28 23:00:00,2026-05-29 07:00:00,51,19.0,182,Continuity (2-mould press)
2026-05-29 00:00:00,A,24825,1D25215013008SXC11,2026-05-29 07:00:00,2026-05-29 15:00:00,51,19.0,182,Continuity (2-mould press)
2026-05-29 00:00:00,B,24825,1D25215013008SXC11,2026-05-29 15:00:00,2026-05-29 23:00:00,51,19.0,182,Continuity (2-mould press)
2026-05-29 00:00:00,C,24825,1D25215013008SXC11,2026-05-29 23:00:00,2026-05-30 07:00:00,51,19.0,182,Continuity (2-mould press)
2026-05-30 00:00:00,A,24825,1D25215013008SXC11,2026-05-30 07:00:00,2026-05-30 15:00:00,51,19.0,182,Continuity (2-mould press)
2026-05-30 00:00:00,B,24825,1D25215013008SXC11,2026-05-30 15:00:00,2026-05-30 23:00:00,51,19.0,182,Continuity (2-mould press)
2026-05-30 00:00:00,C,24825,1D25215013008SXC11,2026-05-30 23:00:00,2026-05-31 07:00:00,51,19.0,182,Continuity (2-mould press)
2026-05-31 00:00:00,A,24825,1D25215013008SXC11,2026-05-31 07:00:00,2026-05-31 15:00:00,51,19.0,182,Continuity (2-mould press)
2026-05-31 00:00:00,B,24825,1D25215013008SXC11,2026-05-31 15:00:00,2026-05-31 23:00:00,51,19.0,182,Continuity (2-mould press)
2026-05-31 00:00:00,C,24825,1D25215013008SXC11,2026-05-31 23:00:00,2026-06-01 07:00:00,51,19.0,182,Continuity (2-mould press)
2026-06-01 00:00:00,A,24825,1D25215013008SXC11,2026-06-01 07:00:00,2026-06-01 11:04:00,26,19.0,182,Continuity (2-mould press)
2026-05-28 00:00:00,A,24826,1325216814085STMX0,2026-05-28 07:00:00,2026-05-28 15:00:00,60,16.0,256,Continuity (2-mould press)
2026-05-28 00:00:00,B,24826,1325216814085STMX0,2026-05-28 15:00:00,2026-05-28 23:00:00,60,16.0,256,Continuity (2-mould press)
2026-05-28 00:00:00,C,24826,1325216814085STMX0,2026-05-28 23:00:00,2026-05-29 07:00:00,60,16.0,256,Continuity (2-mould press)
2026-05-29 00:00:00,A,24826,1325216814085STMX0,2026-05-29 07:00:00,2026-05-29 15:00:00,60,16.0,256,Continuity (2-mould press)
2026-05-29 00:00:00,B,24826,1325216814085STMX0,2026-05-29 15:00:00,2026-05-29 23:00:00,60,16.0,256,Continuity (2-mould press)
2026-05-29 00:00:00,C,24826,1325216814085STMX0,2026-05-29 23:00:00,2026-05-30 07:00:00,60,16.0,256,Continuity (2-mould press)
2026-05-30 00:00:00,A,24826,1325216814085STMX0,2026-05-30 07:00:00,2026-05-30 15:00:00,60,16.0,256,Continuity (2-mould press)
2026-05-30 00:00:00,B,24826,1325216814085STMX0,2026-05-30 15:00:00,2026-05-30 23:00:00,60,16.0,256,Continuity (2-mould press)
2026-05-30 00:00:00,C,24826,1325216814085STMX0,2026-05-30 23:00:00,2026-05-31 07:00:00,60,16.0,256,Continuity (2-mould press)
2026-05-31 00:00:00,A,24826,1325216814085STMX0,2026-05-31 07:00:00,2026-05-31 07:16:00,2,16.0,256,Continuity (2-mould press)
2026-05-28 00:00:00,A,4401,1D25213812090FXPC0,2026-05-28 07:00:00,2026-05-28 15:00:00,56,17.0,255,Continuity (2-mould press)
2026-05-28 00:00:00,B,4401,1D25213812090FXPC0,2026-05-28 15:00:00,2026-05-28 23:00:00,56,17.0,255,Continuity (2-mould press)
2026-05-28 00:00:00,C,4401,1D25213812090FXPC0,2026-05-28 23:00:00,2026-05-29 07:00:00,56,17.0,255,Continuity (2-mould press)
2026-05-29 00:00:00,A,4401,1D25213812090FXPC0,2026-05-29 07:00:00,2026-05-29 15:00:00,56,17.0,255,Continuity (2-mould press)
2026-05-29 00:00:00,B,4401,1D25213812090FXPC0,2026-05-29 15:00:00,2026-05-29 23:00:00,56,17.0,255,Continuity (2-mould press)
2026-05-29 00:00:00,C,4401,1D25213812090FXPC0,2026-05-29 23:00:00,2026-05-30 07:00:00,56,17.0,255,Continuity (2-mould press)
2026-05-30 00:00:00,A,4401,1D25213812090FXPC0,2026-05-30 07:00:00,2026-05-30 15:00:00,56,17.0,255,Continuity (2-mould press)
2026-05-30 00:00:00,B,4401,1D25213812090FXPC0,2026-05-30 15:00:00,2026-05-30 23:00:00,56,17.0,255,Continuity (2-mould press)
2026-05-30 00:00:00,C,4401,1D25213812090FXPC0,2026-05-30 23:00:00,2026-05-31 07:00:00,56,17.0,255,Continuity (2-mould press)
2026-05-31 00:00:00,A,4401,1D25213812090FXPC0,2026-05-31 07:00:00,2026-05-31 09:48:00,20,17.0,255,Continuity (2-mould press)
2026-05-28 00:00:00,A,4402,1325214812074TUHL0,2026-05-28 07:00:00,2026-05-28 15:00:00,64,15.0,0,Continuity (2-mould press)
2026-05-28 00:00:00,B,4402,1325214812074TUHL0,2026-05-28 15:00:00,2026-05-28 23:00:00,64,15.0,0,Continuity (2-mould press)
2026-05-28 00:00:00,C,4402,1325214812074TUHL0,2026-05-28 23:00:00,2026-05-29 07:00:00,64,15.0,0,Continuity (2-mould press)
2026-05-29 00:00:00,A,4402,1325214812074TUHL0,2026-05-29 07:00:00,2026-05-29 15:00:00,64,15.0,0,Continuity (2-mould press)
2026-05-29 00:00:00,B,4402,1325214812074TUHL0,2026-05-29 15:00:00,2026-05-29 23:00:00,64,15.0,0,Continuity (2-mould press)
2026-05-29 00:00:00,C,4402,1325214812074TUHL0,2026-05-29 23:00:00,2026-05-30 07:00:00,64,15.0,0,Continuity (2-mould press)
2026-05-30 00:00:00,A,4402,1325214812074TUHL0,2026-05-30 07:00:00,2026-05-30 15:00:00,64,15.0,0,Continuity (2-mould press)
2026-05-30 00:00:00,B,4402,1325214812074TUHL0,2026-05-30 15:00:00,2026-05-30 23:00:00,64,15.0,0,Continuity (2-mould press)
2026-05-30 00:00:00,C,4402,1325214812074TUHL0,2026-05-30 23:00:00,2026-05-31 07:00:00,64,15.0,0,Continuity (2-mould press)
2026-05-31 00:00:00,A,4402,1325214812074TUHL0,2026-05-31 07:00:00,2026-05-31 15:00:00,64,15.0,0,Continuity (2-mould press)
2026-05-31 00:00:00,B,4402,1325214812074TUHL0,2026-05-31 15:00:00,2026-05-31 23:00:00,64,15.0,0,Continuity (2-mould press)
2026-05-31 00:00:00,C,4402,1325214812074TUHL0,2026-05-31 23:00:00,2026-06-01 07:00:00,64,15.0,0,Continuity (2-mould press)
2026-06-01 00:00:00,A,4402,1325214812074TUHL0,2026-06-01 07:00:00,2026-06-01 12:45:00,46,15.0,0,Continuity (2-mould press)
2026-05-28 00:00:00,A,4403,1325214812074TUHL0,2026-05-28 07:00:00,2026-05-28 15:00:00,64,15.0,0,Continuity (2-mould press)
2026-05-28 00:00:00,B,4403,1325214812074TUHL0,2026-05-28 15:00:00,2026-05-28 23:00:00,64,15.0,0,Continuity (2-mould press)
2026-05-28 00:00:00,C,4403,1325214812074TUHL0,2026-05-28 23:00:00,2026-05-29 07:00:00,64,15.0,0,Continuity (2-mould press)
2026-05-29 00:00:00,A,4403,1325214812074TUHL0,2026-05-29 07:00:00,2026-05-29 15:00:00,64,15.0,0,Continuity (2-mould press)
2026-05-29 00:00:00,B,4403,1325214812074TUHL0,2026-05-29 15:00:00,2026-05-29 23:00:00,64,15.0,0,Continuity (2-mould press)
2026-05-29 00:00:00,C,4403,1325214812074TUHL0,2026-05-29 23:00:00,2026-05-30 07:00:00,64,15.0,0,Continuity (2-mould press)
2026-05-30 00:00:00,A,4403,1325214812074TUHL0,2026-05-30 07:00:00,2026-05-30 15:00:00,64,15.0,0,Continuity (2-mould press)
2026-05-30 00:00:00,B,4403,1325214812074TUHL0,2026-05-30 15:00:00,2026-05-30 23:00:00,64,15.0,0,Continuity (2-mould press)
2026-05-30 00:00:00,C,4403,1325214812074TUHL0,2026-05-30 23:00:00,2026-05-31 07:00:00,64,15.0,0,Continuity (2-mould press)
2026-05-31 00:00:00,A,4403,1325214812074TUHL0,2026-05-31 07:00:00,2026-05-31 15:00:00,64,15.0,0,Continuity (2-mould press)
2026-05-31 00:00:00,B,4403,1325214812074TUHL0,2026-05-31 15:00:00,2026-05-31 23:00:00,64,15.0,0,Continuity (2-mould press)
2026-05-31 00:00:00,C,4403,1325214812074TUHL0,2026-05-31 23:00:00,2026-06-01 07:00:00,64,15.0,0,Continuity (2-mould press)
2026-06-01 00:00:00,A,4403,1325214812074TUHL0,2026-06-01 07:00:00,2026-06-01 12:45:00,46,15.0,0,Continuity (2-mould press)
2026-05-28 00:00:00,A,4404,1D25213812090FXPC0,2026-05-28 07:00:00,2026-05-28 15:00:00,56,17.0,255,Continuity (2-mould press)
2026-05-28 00:00:00,B,4404,1D25213812090FXPC0,2026-05-28 15:00:00,2026-05-28 23:00:00,56,17.0,255,Continuity (2-mould press)
2026-05-28 00:00:00,C,4404,1D25213812090FXPC0,2026-05-28 23:00:00,2026-05-29 07:00:00,56,17.0,255,Continuity (2-mould press)
2026-05-29 00:00:00,A,4404,1D25213812090FXPC0,2026-05-29 07:00:00,2026-05-29 15:00:00,56,17.0,255,Continuity (2-mould press)
2026-05-29 00:00:00,B,4404,1D25213812090FXPC0,2026-05-29 15:00:00,2026-05-29 23:00:00,56,17.0,255,Continuity (2-mould press)
2026-05-29 00:00:00,C,4404,1D25213812090FXPC0,2026-05-29 23:00:00,2026-05-30 07:00:00,56,17.0,255,Continuity (2-mould press)
2026-05-30 00:00:00,A,4404,1D25213812090FXPC0,2026-05-30 07:00:00,2026-05-30 15:00:00,56,17.0,255,Continuity (2-mould press)
2026-05-30 00:00:00,B,4404,1D25213812090FXPC0,2026-05-30 15:00:00,2026-05-30 23:00:00,56,17.0,255,Continuity (2-mould press)
2026-05-30 00:00:00,C,4404,1D25213812090FXPC0,2026-05-30 23:00:00,2026-05-31 07:00:00,56,17.0,255,Continuity (2-mould press)
2026-05-31 00:00:00,A,4404,1D25213812090FXPC0,2026-05-31 07:00:00,2026-05-31 09:48:00,20,17.0,255,Continuity (2-mould press)
2026-05-28 00:00:00,A,4405,1325214812074TUHL0,2026-05-28 07:00:00,2026-05-28 15:00:00,64,15.0,0,Continuity (2-mould press)
2026-05-28 00:00:00,B,4405,1325214812074TUHL0,2026-05-28 15:00:00,2026-05-28 23:00:00,64,15.0,0,Continuity (2-mould press)
2026-05-28 00:00:00,C,4405,1325214812074TUHL0,2026-05-28 23:00:00,2026-05-29 07:00:00,64,15.0,0,Continuity (2-mould press)
2026-05-29 00:00:00,A,4405,1325214812074TUHL0,2026-05-29 07:00:00,2026-05-29 15:00:00,64,15.0,0,Continuity (2-mould press)
2026-05-29 00:00:00,B,4405,1325214812074TUHL0,2026-05-29 15:00:00,2026-05-29 23:00:00,64,15.0,0,Continuity (2-mould press)
2026-05-29 00:00:00,C,4405,1325214812074TUHL0,2026-05-29 23:00:00,2026-05-30 07:00:00,64,15.0,0,Continuity (2-mould press)
2026-05-30 00:00:00,A,4405,1325214812074TUHL0,2026-05-30 07:00:00,2026-05-30 15:00:00,64,15.0,0,Continuity (2-mould press)
2026-05-30 00:00:00,B,4405,1325214812074TUHL0,2026-05-30 15:00:00,2026-05-30 23:00:00,64,15.0,0,Continuity (2-mould press)
2026-05-30 00:00:00,C,4405,1325214812074TUHL0,2026-05-30 23:00:00,2026-05-31 07:00:00,64,15.0,0,Continuity (2-mould press)
2026-05-31 00:00:00,A,4405,1325214812074TUHL0,2026-05-31 07:00:00,2026-05-31 15:00:00,64,15.0,0,Continuity (2-mould press)
2026-05-31 00:00:00,B,4405,1325214812074TUHL0,2026-05-31 15:00:00,2026-05-31 23:00:00,64,15.0,0,Continuity (2-mould press)
2026-05-31 00:00:00,C,4405,1325214812074TUHL0,2026-05-31 23:00:00,2026-06-01 07:00:00,64,15.0,0,Continuity (2-mould press)
2026-06-01 00:00:00,A,4405,1325214812074TUHL0,2026-06-01 07:00:00,2026-06-01 12:45:00,46,15.0,0,Continuity (2-mould press)
2026-05-28 00:00:00,A,4406,1D25212812086FXPC0,2026-05-28 07:00:00,2026-05-28 15:00:00,51,19.0,332,Continuity (2-mould press)
2026-05-28 00:00:00,B,4406,1D25212812086FXPC0,2026-05-28 15:00:00,2026-05-28 23:00:00,51,19.0,332,Continuity (2-mould press)
2026-05-28 00:00:00,C,4406,1D25212812086FXPC0,2026-05-28 23:00:00,2026-05-29 07:00:00,51,19.0,332,Continuity (2-mould press)
2026-05-29 00:00:00,A,4406,1D25212812086FXPC0,2026-05-29 07:00:00,2026-05-29 15:00:00,51,19.0,332,Continuity (2-mould press)
2026-05-29 00:00:00,B,4406,1D25212812086FXPC0,2026-05-29 15:00:00,2026-05-29 23:00:00,51,19.0,332,Continuity (2-mould press)
2026-05-29 00:00:00,C,4406,1D25212812086FXPC0,2026-05-29 23:00:00,2026-05-30 07:00:00,51,19.0,332,Continuity (2-mould press)
2026-05-30 00:00:00,A,4406,1D25212812086FXPC0,2026-05-30 07:00:00,2026-05-30 15:00:00,51,19.0,332,Continuity (2-mould press)
2026-05-30 00:00:00,B,4406,1D25212812086FXPC0,2026-05-30 15:00:00,2026-05-30 23:00:00,51,19.0,332,Continuity (2-mould press)
2026-05-30 00:00:00,C,4406,1D25212812086FXPC0,2026-05-30 23:00:00,2026-05-31 07:00:00,51,19.0,332,Continuity (2-mould press)
2026-05-31 00:00:00,A,4406,1D25212812086FXPC0,2026-05-31 07:00:00,2026-05-31 15:00:00,51,19.0,332,Continuity (2-mould press)
2026-05-31 00:00:00,B,4406,1D25212812086FXPC0,2026-05-31 15:00:00,2026-05-31 23:00:00,51,19.0,332,Continuity (2-mould press)
2026-05-31 00:00:00,C,4406,1D25212812086FXPC0,2026-05-31 23:00:00,2026-06-01 04:06:00,32,19.0,332,Continuity (2-mould press)
2026-05-28 00:00:00,A,4407,1325119015008SRBT0,2026-05-28 07:00:00,2026-05-28 15:00:00,33,29.0,0,Continuity (2-mould press)
2026-05-28 00:00:00,B,4407,1325119015008SRBT0,2026-05-28 15:00:00,2026-05-28 23:00:00,33,29.0,0,Continuity (2-mould press)
2026-05-28 00:00:00,C,4407,1325119015008SRBT0,2026-05-28 23:00:00,2026-05-29 07:00:00,33,29.0,0,Continuity (2-mould press)
2026-05-29 00:00:00,A,4407,1325119015008SRBT0,2026-05-29 07:00:00,2026-05-29 15:00:00,33,29.0,0,Continuity (2-mould press)
2026-05-29 00:00:00,B,4407,1325119015008SRBT0,2026-05-29 15:00:00,2026-05-29 23:00:00,33,29.0,0,Continuity (2-mould press)
2026-05-29 00:00:00,C,4407,1325119015008SRBT0,2026-05-29 23:00:00,2026-05-30 07:00:00,33,29.0,0,Continuity (2-mould press)
2026-05-30 00:00:00,A,4407,1325119015008SRBT0,2026-05-30 07:00:00,2026-05-30 15:00:00,33,29.0,0,Continuity (2-mould press)
2026-05-30 00:00:00,B,4407,1325119015008SRBT0,2026-05-30 15:00:00,2026-05-30 23:00:00,33,29.0,0,Continuity (2-mould press)
2026-05-30 00:00:00,C,4407,1325119015008SRBT0,2026-05-30 23:00:00,2026-05-31 03:38:00,19,29.0,0,Continuity (2-mould press)
2026-05-28 00:00:00,A,4408,1325214812074TUHL0,2026-05-28 07:00:00,2026-05-28 15:00:00,64,15.0,0,Continuity (2-mould press)
2026-05-28 00:00:00,B,4408,1325214812074TUHL0,2026-05-28 15:00:00,2026-05-28 23:00:00,64,15.0,0,Continuity (2-mould press)
2026-05-28 00:00:00,C,4408,1325214812074TUHL0,2026-05-28 23:00:00,2026-05-29 07:00:00,64,15.0,0,Continuity (2-mould press)
2026-05-29 00:00:00,A,4408,1325214812074TUHL0,2026-05-29 07:00:00,2026-05-29 15:00:00,64,15.0,0,Continuity (2-mould press)
2026-05-29 00:00:00,B,4408,1325214812074TUHL0,2026-05-29 15:00:00,2026-05-29 23:00:00,64,15.0,0,Continuity (2-mould press)
2026-05-29 00:00:00,C,4408,1325214812074TUHL0,2026-05-29 23:00:00,2026-05-30 07:00:00,64,15.0,0,Continuity (2-mould press)
2026-05-30 00:00:00,A,4408,1325214812074TUHL0,2026-05-30 07:00:00,2026-05-30 15:00:00,64,15.0,0,Continuity (2-mould press)
2026-05-30 00:00:00,B,4408,1325214812074TUHL0,2026-05-30 15:00:00,2026-05-30 23:00:00,64,15.0,0,Continuity (2-mould press)
2026-05-30 00:00:00,C,4408,1325214812074TUHL0,2026-05-30 23:00:00,2026-05-31 07:00:00,64,15.0,0,Continuity (2-mould press)
2026-05-31 00:00:00,A,4408,1325214812074TUHL0,2026-05-31 07:00:00,2026-05-31 15:00:00,64,15.0,0,Continuity (2-mould press)
2026-05-31 00:00:00,B,4408,1325214812074TUHL0,2026-05-31 15:00:00,2026-05-31 23:00:00,64,15.0,0,Continuity (2-mould press)
2026-05-31 00:00:00,C,4408,1325214812074TUHL0,2026-05-31 23:00:00,2026-06-01 07:00:00,64,15.0,0,Continuity (2-mould press)
2026-06-01 00:00:00,A,4408,1325214812074TUHL0,2026-06-01 07:00:00,2026-06-01 12:45:00,46,15.0,0,Continuity (2-mould press)
2026-05-28 00:00:00,A,4409,1D25213812090FXPC0,2026-05-28 07:00:00,2026-05-28 15:00:00,56,17.0,255,Continuity (2-mould press)
2026-05-28 00:00:00,B,4409,1D25213812090FXPC0,2026-05-28 15:00:00,2026-05-28 23:00:00,56,17.0,255,Continuity (2-mould press)
2026-05-28 00:00:00,C,4409,1D25213812090FXPC0,2026-05-28 23:00:00,2026-05-29 07:00:00,56,17.0,255,Continuity (2-mould press)
2026-05-29 00:00:00,A,4409,1D25213812090FXPC0,2026-05-29 07:00:00,2026-05-29 15:00:00,56,17.0,255,Continuity (2-mould press)
2026-05-29 00:00:00,B,4409,1D25213812090FXPC0,2026-05-29 15:00:00,2026-05-29 23:00:00,56,17.0,255,Continuity (2-mould press)
2026-05-29 00:00:00,C,4409,1D25213812090FXPC0,2026-05-29 23:00:00,2026-05-30 07:00:00,56,17.0,255,Continuity (2-mould press)
2026-05-30 00:00:00,A,4409,1D25213812090FXPC0,2026-05-30 07:00:00,2026-05-30 15:00:00,56,17.0,255,Continuity (2-mould press)
2026-05-30 00:00:00,B,4409,1D25213812090FXPC0,2026-05-30 15:00:00,2026-05-30 23:00:00,56,17.0,255,Continuity (2-mould press)
2026-05-30 00:00:00,C,4409,1D25213812090FXPC0,2026-05-30 23:00:00,2026-05-31 07:00:00,56,17.0,255,Continuity (2-mould press)
2026-05-31 00:00:00,A,4409,1D25213812090FXPC0,2026-05-31 07:00:00,2026-05-31 09:48:00,20,17.0,255,Continuity (2-mould press)
2026-05-28 00:00:00,A,4410,1225221715115SSTL0,2026-05-28 07:00:00,2026-05-28 15:00:00,32,30.0,158,Continuity (2-mould press)
2026-05-28 00:00:00,B,4410,1225221715115SSTL0,2026-05-28 15:00:00,2026-05-28 23:00:00,32,30.0,158,Continuity (2-mould press)
2026-05-28 00:00:00,C,4410,1225221715115SSTL0,2026-05-28 23:00:00,2026-05-29 07:00:00,32,30.0,158,Continuity (2-mould press)
2026-05-29 00:00:00,A,4410,1225221715115SSTL0,2026-05-29 07:00:00,2026-05-29 15:00:00,32,30.0,158,Continuity (2-mould press)
2026-05-29 00:00:00,B,4410,1225221715115SSTL0,2026-05-29 15:00:00,2026-05-29 23:00:00,32,30.0,158,Continuity (2-mould press)
2026-05-29 00:00:00,C,4410,1225221715115SSTL0,2026-05-29 23:00:00,2026-05-30 07:00:00,32,30.0,158,Continuity (2-mould press)
2026-05-30 00:00:00,A,4410,1225221715115SSTL0,2026-05-30 07:00:00,2026-05-30 15:00:00,32,30.0,158,Continuity (2-mould press)
2026-05-30 00:00:00,B,4410,1225221715115SSTL0,2026-05-30 15:00:00,2026-05-30 23:00:00,32,30.0,158,Continuity (2-mould press)
2026-05-30 00:00:00,C,4410,1225221715115SSTL0,2026-05-30 23:00:00,2026-05-31 07:00:00,32,30.0,158,Continuity (2-mould press)
2026-05-31 00:00:00,A,4410,1225221715115SSTL0,2026-05-31 07:00:00,2026-05-31 12:30:00,22,30.0,158,Continuity (2-mould press)
2026-05-28 00:00:00,A,4411,1325214812074TUHL0,2026-05-28 07:00:00,2026-05-28 15:00:00,64,15.0,0,Continuity (2-mould press)
2026-05-28 00:00:00,B,4411,1325214812074TUHL0,2026-05-28 15:00:00,2026-05-28 23:00:00,64,15.0,0,Continuity (2-mould press)
2026-05-28 00:00:00,C,4411,1325214812074TUHL0,2026-05-28 23:00:00,2026-05-29 07:00:00,64,15.0,0,Continuity (2-mould press)
2026-05-29 00:00:00,A,4411,1325214812074TUHL0,2026-05-29 07:00:00,2026-05-29 15:00:00,64,15.0,0,Continuity (2-mould press)
2026-05-29 00:00:00,B,4411,1325214812074TUHL0,2026-05-29 15:00:00,2026-05-29 23:00:00,64,15.0,0,Continuity (2-mould press)
2026-05-29 00:00:00,C,4411,1325214812074TUHL0,2026-05-29 23:00:00,2026-05-30 07:00:00,64,15.0,0,Continuity (2-mould press)
2026-05-30 00:00:00,A,4411,1325214812074TUHL0,2026-05-30 07:00:00,2026-05-30 15:00:00,64,15.0,0,Continuity (2-mould press)
2026-05-30 00:00:00,B,4411,1325214812074TUHL0,2026-05-30 15:00:00,2026-05-30 23:00:00,64,15.0,0,Continuity (2-mould press)
2026-05-30 00:00:00,C,4411,1325214812074TUHL0,2026-05-30 23:00:00,2026-05-31 07:00:00,64,15.0,0,Continuity (2-mould press)
2026-05-31 00:00:00,A,4411,1325214812074TUHL0,2026-05-31 07:00:00,2026-05-31 15:00:00,64,15.0,0,Continuity (2-mould press)
2026-05-31 00:00:00,B,4411,1325214812074TUHL0,2026-05-31 15:00:00,2026-05-31 23:00:00,64,15.0,0,Continuity (2-mould press)
2026-05-31 00:00:00,C,4411,1325214812074TUHL0,2026-05-31 23:00:00,2026-06-01 07:00:00,64,15.0,0,Continuity (2-mould press)
2026-06-01 00:00:00,A,4411,1325214812074TUHL0,2026-06-01 07:00:00,2026-06-01 12:45:00,46,15.0,0,Continuity (2-mould press)
2026-05-28 00:00:00,A,4412,1D25213812090FXPC0,2026-05-28 07:00:00,2026-05-28 15:00:00,56,17.0,255,Continuity (2-mould press)
2026-05-28 00:00:00,B,4412,1D25213812090FXPC0,2026-05-28 15:00:00,2026-05-28 23:00:00,56,17.0,255,Continuity (2-mould press)
2026-05-28 00:00:00,C,4412,1D25213812090FXPC0,2026-05-28 23:00:00,2026-05-29 07:00:00,56,17.0,255,Continuity (2-mould press)
2026-05-29 00:00:00,A,4412,1D25213812090FXPC0,2026-05-29 07:00:00,2026-05-29 15:00:00,56,17.0,255,Continuity (2-mould press)
2026-05-29 00:00:00,B,4412,1D25213812090FXPC0,2026-05-29 15:00:00,2026-05-29 23:00:00,56,17.0,255,Continuity (2-mould press)
2026-05-29 00:00:00,C,4412,1D25213812090FXPC0,2026-05-29 23:00:00,2026-05-30 07:00:00,56,17.0,255,Continuity (2-mould press)
2026-05-30 00:00:00,A,4412,1D25213812090FXPC0,2026-05-30 07:00:00,2026-05-30 15:00:00,56,17.0,255,Continuity (2-mould press)
2026-05-30 00:00:00,B,4412,1D25213812090FXPC0,2026-05-30 15:00:00,2026-05-30 23:00:00,56,17.0,255,Continuity (2-mould press)
2026-05-30 00:00:00,C,4412,1D25213812090FXPC0,2026-05-30 23:00:00,2026-05-31 07:00:00,56,17.0,255,Continuity (2-mould press)
2026-05-31 00:00:00,A,4412,1D25213812090FXPC0,2026-05-31 07:00:00,2026-05-31 09:14:00,16,17.0,255,Continuity (2-mould press)
2026-05-28 00:00:00,A,4413,1D25212812086FXPC0,2026-05-28 07:00:00,2026-05-28 15:00:00,51,19.0,332,Continuity (2-mould press)
2026-05-28 00:00:00,B,4413,1D25212812086FXPC0,2026-05-28 15:00:00,2026-05-28 23:00:00,51,19.0,332,Continuity (2-mould press)
2026-05-28 00:00:00,C,4413,1D25212812086FXPC0,2026-05-28 23:00:00,2026-05-29 07:00:00,51,19.0,332,Continuity (2-mould press)
2026-05-29 00:00:00,A,4413,1D25212812086FXPC0,2026-05-29 07:00:00,2026-05-29 15:00:00,51,19.0,332,Continuity (2-mould press)
2026-05-29 00:00:00,B,4413,1D25212812086FXPC0,2026-05-29 15:00:00,2026-05-29 23:00:00,51,19.0,332,Continuity (2-mould press)
2026-05-29 00:00:00,C,4413,1D25212812086FXPC0,2026-05-29 23:00:00,2026-05-30 07:00:00,51,19.0,332,Continuity (2-mould press)
2026-05-30 00:00:00,A,4413,1D25212812086FXPC0,2026-05-30 07:00:00,2026-05-30 15:00:00,51,19.0,332,Continuity (2-mould press)
2026-05-30 00:00:00,B,4413,1D25212812086FXPC0,2026-05-30 15:00:00,2026-05-30 23:00:00,51,19.0,332,Continuity (2-mould press)
2026-05-30 00:00:00,C,4413,1D25212812086FXPC0,2026-05-30 23:00:00,2026-05-31 07:00:00,51,19.0,332,Continuity (2-mould press)
2026-05-31 00:00:00,A,4413,1D25212812086FXPC0,2026-05-31 07:00:00,2026-05-31 15:00:00,51,19.0,332,Continuity (2-mould press)
2026-05-31 00:00:00,B,4413,1D25212812086FXPC0,2026-05-31 15:00:00,2026-05-31 23:00:00,51,19.0,332,Continuity (2-mould press)
2026-05-31 00:00:00,C,4413,1D25212812086FXPC0,2026-05-31 23:00:00,2026-06-01 04:06:00,32,19.0,332,Continuity (2-mould press)
2026-05-28 00:00:00,A,4414,1D25212812086FXPC0,2026-05-28 07:00:00,2026-05-28 15:00:00,51,19.0,332,Continuity (2-mould press)
2026-05-28 00:00:00,B,4414,1D25212812086FXPC0,2026-05-28 15:00:00,2026-05-28 23:00:00,51,19.0,332,Continuity (2-mould press)
2026-05-28 00:00:00,C,4414,1D25212812086FXPC0,2026-05-28 23:00:00,2026-05-29 07:00:00,51,19.0,332,Continuity (2-mould press)
2026-05-29 00:00:00,A,4414,1D25212812086FXPC0,2026-05-29 07:00:00,2026-05-29 15:00:00,51,19.0,332,Continuity (2-mould press)
2026-05-29 00:00:00,B,4414,1D25212812086FXPC0,2026-05-29 15:00:00,2026-05-29 23:00:00,51,19.0,332,Continuity (2-mould press)
2026-05-29 00:00:00,C,4414,1D25212812086FXPC0,2026-05-29 23:00:00,2026-05-30 07:00:00,51,19.0,332,Continuity (2-mould press)
2026-05-30 00:00:00,A,4414,1D25212812086FXPC0,2026-05-30 07:00:00,2026-05-30 15:00:00,51,19.0,332,Continuity (2-mould press)
2026-05-30 00:00:00,B,4414,1D25212812086FXPC0,2026-05-30 15:00:00,2026-05-30 23:00:00,51,19.0,332,Continuity (2-mould press)
2026-05-30 00:00:00,C,4414,1D25212812086FXPC0,2026-05-30 23:00:00,2026-05-31 07:00:00,51,19.0,332,Continuity (2-mould press)
2026-05-31 00:00:00,A,4414,1D25212812086FXPC0,2026-05-31 07:00:00,2026-05-31 15:00:00,51,19.0,332,Continuity (2-mould press)
2026-05-31 00:00:00,B,4414,1D25212812086FXPC0,2026-05-31 15:00:00,2026-05-31 23:00:00,51,19.0,332,Continuity (2-mould press)
2026-05-31 00:00:00,C,4414,1D25212812086FXPC0,2026-05-31 23:00:00,2026-06-01 04:06:00,32,19.0,332,Continuity (2-mould press)
2026-05-28 00:00:00,A,4415,1D25213812090FXPC0,2026-05-28 07:00:00,2026-05-28 15:00:00,56,17.0,255,Continuity (2-mould press)
2026-05-28 00:00:00,B,4415,1D25213812090FXPC0,2026-05-28 15:00:00,2026-05-28 23:00:00,56,17.0,255,Continuity (2-mould press)
2026-05-28 00:00:00,C,4415,1D25213812090FXPC0,2026-05-28 23:00:00,2026-05-29 07:00:00,56,17.0,255,Continuity (2-mould press)
2026-05-29 00:00:00,A,4415,1D25213812090FXPC0,2026-05-29 07:00:00,2026-05-29 15:00:00,56,17.0,255,Continuity (2-mould press)
2026-05-29 00:00:00,B,4415,1D25213812090FXPC0,2026-05-29 15:00:00,2026-05-29 23:00:00,56,17.0,255,Continuity (2-mould press)
2026-05-29 00:00:00,C,4415,1D25213812090FXPC0,2026-05-29 23:00:00,2026-05-30 07:00:00,56,17.0,255,Continuity (2-mould press)
2026-05-30 00:00:00,A,4415,1D25213812090FXPC0,2026-05-30 07:00:00,2026-05-30 15:00:00,56,17.0,255,Continuity (2-mould press)
2026-05-30 00:00:00,B,4415,1D25213812090FXPC0,2026-05-30 15:00:00,2026-05-30 23:00:00,56,17.0,255,Continuity (2-mould press)
2026-05-30 00:00:00,C,4415,1D25213812090FXPC0,2026-05-30 23:00:00,2026-05-31 07:00:00,56,17.0,255,Continuity (2-mould press)
2026-05-31 00:00:00,A,4415,1D25213812090FXPC0,2026-05-31 07:00:00,2026-05-31 09:48:00,20,17.0,255,Continuity (2-mould press)
2026-05-28 00:00:00,A,4416,1225119015010QSTL0,2026-05-28 07:00:00,2026-05-28 15:00:00,31,31.0,0,Continuity (2-mould press)
2026-05-28 00:00:00,B,4416,1225119015010QSTL0,2026-05-28 15:00:00,2026-05-28 23:00:00,31,31.0,0,Continuity (2-mould press)
2026-05-28 00:00:00,C,4416,1225119015010QSTL0,2026-05-28 23:00:00,2026-05-29 07:00:00,31,31.0,0,Continuity (2-mould press)
2026-05-29 00:00:00,A,4416,1225119015010QSTL0,2026-05-29 07:00:00,2026-05-29 15:00:00,31,31.0,0,Continuity (2-mould press)
2026-05-29 00:00:00,B,4416,1225119015010QSTL0,2026-05-29 15:00:00,2026-05-29 23:00:00,31,31.0,0,Continuity (2-mould press)
2026-05-29 00:00:00,C,4416,1225119015010QSTL0,2026-05-29 23:00:00,2026-05-30 07:00:00,31,31.0,0,Continuity (2-mould press)
2026-05-30 00:00:00,A,4416,1225119015010QSTL0,2026-05-30 07:00:00,2026-05-30 15:00:00,31,31.0,0,Continuity (2-mould press)
2026-05-30 00:00:00,B,4416,1225119015010QSTL0,2026-05-30 15:00:00,2026-05-30 23:00:00,31,31.0,0,Continuity (2-mould press)
2026-05-30 00:00:00,C,4416,1225119015010QSTL0,2026-05-30 23:00:00,2026-05-31 07:00:00,31,31.0,0,Continuity (2-mould press)
2026-05-31 00:00:00,A,4416,1225119015010QSTL0,2026-05-31 07:00:00,2026-05-31 15:00:00,31,31.0,0,Continuity (2-mould press)
2026-05-31 00:00:00,B,4416,1225119015010QSTL0,2026-05-31 15:00:00,2026-05-31 23:00:00,31,31.0,0,Continuity (2-mould press)
2026-05-31 00:00:00,C,4416,1225119015010QSTL0,2026-05-31 23:00:00,2026-06-01 07:00:00,31,31.0,0,Continuity (2-mould press)
2026-06-01 00:00:00,A,4416,1225119015010QSTL0,2026-06-01 07:00:00,2026-06-01 15:00:00,31,31.0,0,Continuity (2-mould press)
2026-06-01 00:00:00,B,4416,1225119015010QSTL0,2026-06-01 15:00:00,2026-06-01 23:00:00,31,31.0,0,Continuity (2-mould press)
2026-06-01 00:00:00,C,4416,1225119015010QSTL0,2026-06-01 23:00:00,2026-06-02 07:00:00,31,31.0,0,Continuity (2-mould press)
2026-06-02 00:00:00,A,4416,1225119015010QSTL0,2026-06-02 07:00:00,2026-06-02 15:00:00,31,31.0,0,Continuity (2-mould press)
2026-06-02 00:00:00,B,4416,1225119015010QSTL0,2026-06-02 15:00:00,2026-06-02 23:00:00,31,31.0,0,Continuity (2-mould press)
2026-06-02 00:00:00,C,4416,1225119015010QSTL0,2026-06-02 23:00:00,2026-06-03 07:00:00,31,31.0,0,Continuity (2-mould press)
2026-06-03 00:00:00,A,4416,1225119015010QSTL0,2026-06-03 07:00:00,2026-06-03 15:00:00,31,31.0,0,Continuity (2-mould press)
2026-06-03 00:00:00,B,4416,1225119015010QSTL0,2026-06-03 15:00:00,2026-06-03 23:00:00,31,31.0,0,Continuity (2-mould press)
2026-06-03 00:00:00,C,4416,1225119015010QSTL0,2026-06-03 23:00:00,2026-06-04 07:00:00,31,31.0,0,Continuity (2-mould press)
2026-06-04 00:00:00,A,4416,1225119015010QSTL0,2026-06-04 07:00:00,2026-06-04 15:00:00,31,31.0,0,Continuity (2-mould press)
2026-06-04 00:00:00,B,4416,1225119015010QSTL0,2026-06-04 15:00:00,2026-06-04 23:00:00,31,31.0,0,Continuity (2-mould press)
2026-06-04 00:00:00,C,4416,1225119015010QSTL0,2026-06-04 23:00:00,2026-06-05 07:00:00,31,31.0,0,Continuity (2-mould press)
2026-06-05 00:00:00,A,4416,1225119015010QSTL0,2026-06-05 07:00:00,2026-06-05 15:00:00,31,31.0,0,Continuity (2-mould press)
2026-06-05 00:00:00,B,4416,1225119015010QSTL0,2026-06-05 15:00:00,2026-06-05 23:00:00,31,31.0,0,Continuity (2-mould press)
2026-06-05 00:00:00,C,4416,1225119015010QSTL0,2026-06-05 23:00:00,2026-06-06 07:00:00,31,31.0,0,Continuity (2-mould press)
2026-06-06 00:00:00,A,4416,1225119015010QSTL0,2026-06-06 07:00:00,2026-06-06 15:00:00,31,31.0,0,Continuity (2-mould press)
2026-06-06 00:00:00,B,4416,1225119015010QSTL0,2026-06-06 15:00:00,2026-06-06 16:47:00,7,31.0,0,Continuity (2-mould press)
2026-05-28 00:00:00,A,4417,1D25212812086FXPC0,2026-05-28 07:00:00,2026-05-28 15:00:00,51,19.0,332,Continuity (2-mould press)
2026-05-28 00:00:00,B,4417,1D25212812086FXPC0,2026-05-28 15:00:00,2026-05-28 23:00:00,51,19.0,332,Continuity (2-mould press)
2026-05-28 00:00:00,C,4417,1D25212812086FXPC0,2026-05-28 23:00:00,2026-05-29 07:00:00,51,19.0,332,Continuity (2-mould press)
2026-05-29 00:00:00,A,4417,1D25212812086FXPC0,2026-05-29 07:00:00,2026-05-29 15:00:00,51,19.0,332,Continuity (2-mould press)
2026-05-29 00:00:00,B,4417,1D25212812086FXPC0,2026-05-29 15:00:00,2026-05-29 23:00:00,51,19.0,332,Continuity (2-mould press)
2026-05-29 00:00:00,C,4417,1D25212812086FXPC0,2026-05-29 23:00:00,2026-05-30 07:00:00,51,19.0,332,Continuity (2-mould press)
2026-05-30 00:00:00,A,4417,1D25212812086FXPC0,2026-05-30 07:00:00,2026-05-30 15:00:00,51,19.0,332,Continuity (2-mould press)
2026-05-30 00:00:00,B,4417,1D25212812086FXPC0,2026-05-30 15:00:00,2026-05-30 23:00:00,51,19.0,332,Continuity (2-mould press)
2026-05-30 00:00:00,C,4417,1D25212812086FXPC0,2026-05-30 23:00:00,2026-05-31 07:00:00,51,19.0,332,Continuity (2-mould press)
2026-05-31 00:00:00,A,4417,1D25212812086FXPC0,2026-05-31 07:00:00,2026-05-31 15:00:00,51,19.0,332,Continuity (2-mould press)
2026-05-31 00:00:00,B,4417,1D25212812086FXPC0,2026-05-31 15:00:00,2026-05-31 23:00:00,51,19.0,332,Continuity (2-mould press)
2026-05-31 00:00:00,C,4417,1D25212812086FXPC0,2026-05-31 23:00:00,2026-06-01 04:06:00,32,19.0,332,Continuity (2-mould press)
2026-05-28 00:00:00,A,4801,1325214812074TUHL0,2026-05-28 07:00:00,2026-05-28 15:00:00,64,15.0,0,Continuity (2-mould press)
2026-05-28 00:00:00,B,4801,1325214812074TUHL0,2026-05-28 15:00:00,2026-05-28 23:00:00,64,15.0,0,Continuity (2-mould press)
2026-05-28 00:00:00,C,4801,1325214812074TUHL0,2026-05-28 23:00:00,2026-05-29 07:00:00,64,15.0,0,Continuity (2-mould press)
2026-05-29 00:00:00,A,4801,1325214812074TUHL0,2026-05-29 07:00:00,2026-05-29 15:00:00,64,15.0,0,Continuity (2-mould press)
2026-05-29 00:00:00,B,4801,1325214812074TUHL0,2026-05-29 15:00:00,2026-05-29 23:00:00,64,15.0,0,Continuity (2-mould press)
2026-05-29 00:00:00,C,4801,1325214812074TUHL0,2026-05-29 23:00:00,2026-05-30 07:00:00,64,15.0,0,Continuity (2-mould press)
2026-05-30 00:00:00,A,4801,1325214812074TUHL0,2026-05-30 07:00:00,2026-05-30 15:00:00,64,15.0,0,Continuity (2-mould press)
2026-05-30 00:00:00,B,4801,1325214812074TUHL0,2026-05-30 15:00:00,2026-05-30 23:00:00,64,15.0,0,Continuity (2-mould press)
2026-05-30 00:00:00,C,4801,1325214812074TUHL0,2026-05-30 23:00:00,2026-05-31 07:00:00,64,15.0,0,Continuity (2-mould press)
2026-05-31 00:00:00,A,4801,1325214812074TUHL0,2026-05-31 07:00:00,2026-05-31 15:00:00,64,15.0,0,Continuity (2-mould press)
2026-05-31 00:00:00,B,4801,1325214812074TUHL0,2026-05-31 15:00:00,2026-05-31 23:00:00,64,15.0,0,Continuity (2-mould press)
2026-05-31 00:00:00,C,4801,1325214812074TUHL0,2026-05-31 23:00:00,2026-06-01 07:00:00,64,15.0,0,Continuity (2-mould press)
2026-06-01 00:00:00,A,4801,1325214812074TUHL0,2026-06-01 07:00:00,2026-06-01 12:45:00,46,15.0,0,Continuity (2-mould press)
2026-05-28 00:00:00,A,4802,1D25212812086FXPC0,2026-05-28 07:00:00,2026-05-28 15:00:00,51,19.0,332,Continuity (2-mould press)
2026-05-28 00:00:00,B,4802,1D25212812086FXPC0,2026-05-28 15:00:00,2026-05-28 23:00:00,51,19.0,332,Continuity (2-mould press)
2026-05-28 00:00:00,C,4802,1D25212812086FXPC0,2026-05-28 23:00:00,2026-05-29 07:00:00,51,19.0,332,Continuity (2-mould press)
2026-05-29 00:00:00,A,4802,1D25212812086FXPC0,2026-05-29 07:00:00,2026-05-29 15:00:00,51,19.0,332,Continuity (2-mould press)
2026-05-29 00:00:00,B,4802,1D25212812086FXPC0,2026-05-29 15:00:00,2026-05-29 23:00:00,51,19.0,332,Continuity (2-mould press)
2026-05-29 00:00:00,C,4802,1D25212812086FXPC0,2026-05-29 23:00:00,2026-05-30 07:00:00,51,19.0,332,Continuity (2-mould press)
2026-05-30 00:00:00,A,4802,1D25212812086FXPC0,2026-05-30 07:00:00,2026-05-30 15:00:00,51,19.0,332,Continuity (2-mould press)
2026-05-30 00:00:00,B,4802,1D25212812086FXPC0,2026-05-30 15:00:00,2026-05-30 23:00:00,51,19.0,332,Continuity (2-mould press)
2026-05-30 00:00:00,C,4802,1D25212812086FXPC0,2026-05-30 23:00:00,2026-05-31 07:00:00,51,19.0,332,Continuity (2-mould press)
2026-05-31 00:00:00,A,4802,1D25212812086FXPC0,2026-05-31 07:00:00,2026-05-31 15:00:00,51,19.0,332,Continuity (2-mould press)
2026-05-31 00:00:00,B,4802,1D25212812086FXPC0,2026-05-31 15:00:00,2026-05-31 23:00:00,51,19.0,332,Continuity (2-mould press)
2026-05-31 00:00:00,C,4802,1D25212812086FXPC0,2026-05-31 23:00:00,2026-06-01 04:06:00,32,19.0,332,Continuity (2-mould press)
2026-05-28 00:00:00,A,4901,1225221715115SSTL0,2026-05-28 07:00:00,2026-05-28 15:00:00,32,30.0,158,Continuity (2-mould press)
2026-05-28 00:00:00,B,4901,1225221715115SSTL0,2026-05-28 15:00:00,2026-05-28 23:00:00,32,30.0,158,Continuity (2-mould press)
2026-05-28 00:00:00,C,4901,1225221715115SSTL0,2026-05-28 23:00:00,2026-05-29 07:00:00,32,30.0,158,Continuity (2-mould press)
2026-05-29 00:00:00,A,4901,1225221715115SSTL0,2026-05-29 07:00:00,2026-05-29 15:00:00,32,30.0,158,Continuity (2-mould press)
2026-05-29 00:00:00,B,4901,1225221715115SSTL0,2026-05-29 15:00:00,2026-05-29 23:00:00,32,30.0,158,Continuity (2-mould press)
2026-05-29 00:00:00,C,4901,1225221715115SSTL0,2026-05-29 23:00:00,2026-05-30 07:00:00,32,30.0,158,Continuity (2-mould press)
2026-05-30 00:00:00,A,4901,1225221715115SSTL0,2026-05-30 07:00:00,2026-05-30 15:00:00,32,30.0,158,Continuity (2-mould press)
2026-05-30 00:00:00,B,4901,1225221715115SSTL0,2026-05-30 15:00:00,2026-05-30 23:00:00,32,30.0,158,Continuity (2-mould press)
2026-05-30 00:00:00,C,4901,1225221715115SSTL0,2026-05-30 23:00:00,2026-05-31 07:00:00,32,30.0,158,Continuity (2-mould press)
2026-05-31 00:00:00,A,4901,1225221715115SSTL0,2026-05-31 07:00:00,2026-05-31 11:30:00,18,30.0,158,Continuity (2-mould press)
2026-05-28 00:00:00,A,4902,1225121Z14112LSTL0,2026-05-28 07:00:00,2026-05-28 15:00:00,29,33.0,0,Continuity (2-mould press)
2026-05-28 00:00:00,B,4902,1225121Z14112LSTL0,2026-05-28 15:00:00,2026-05-28 23:00:00,29,33.0,0,Continuity (2-mould press)
2026-05-28 00:00:00,C,4902,1225121Z14112LSTL0,2026-05-28 23:00:00,2026-05-29 07:00:00,29,33.0,0,Continuity (2-mould press)
2026-05-29 00:00:00,A,4902,1225121Z14112LSTL0,2026-05-29 07:00:00,2026-05-29 15:00:00,29,33.0,0,Continuity (2-mould press)
2026-05-29 00:00:00,B,4902,1225121Z14112LSTL0,2026-05-29 15:00:00,2026-05-29 23:00:00,29,33.0,0,Continuity (2-mould press)
2026-05-29 00:00:00,C,4902,1225121Z14112LSTL0,2026-05-29 23:00:00,2026-05-30 07:00:00,29,33.0,0,Continuity (2-mould press)
2026-05-30 00:00:00,A,4902,1225121Z14112LSTL0,2026-05-30 07:00:00,2026-05-30 15:00:00,29,33.0,0,Continuity (2-mould press)
2026-05-30 00:00:00,B,4902,1225121Z14112LSTL0,2026-05-30 15:00:00,2026-05-30 23:00:00,29,33.0,0,Continuity (2-mould press)
2026-05-30 00:00:00,C,4902,1225121Z14112LSTL0,2026-05-30 23:00:00,2026-05-31 07:00:00,29,33.0,0,Continuity (2-mould press)
2026-05-31 00:00:00,A,4902,1225121Z14112LSTL0,2026-05-31 07:00:00,2026-05-31 15:00:00,29,33.0,0,Continuity (2-mould press)
2026-05-31 00:00:00,B,4902,1225121Z14112LSTL0,2026-05-31 15:00:00,2026-05-31 23:00:00,29,33.0,0,Continuity (2-mould press)
2026-05-31 00:00:00,C,4902,1225121Z14112LSTL0,2026-05-31 23:00:00,2026-06-01 02:51:00,14,33.0,0,Continuity (2-mould press)
2026-05-28 00:00:00,A,4903,1325123715105SBRT0,2026-05-28 07:00:00,2026-05-28 15:00:00,46,21.0,0,Continuity (2-mould press)
2026-05-28 00:00:00,B,4903,1325123715105SBRT0,2026-05-28 15:00:00,2026-05-28 23:00:00,46,21.0,0,Continuity (2-mould press)
2026-05-28 00:00:00,C,4903,1325123715105SBRT0,2026-05-28 23:00:00,2026-05-29 07:00:00,46,21.0,0,Continuity (2-mould press)
2026-05-29 00:00:00,A,4903,1325123715105SBRT0,2026-05-29 07:00:00,2026-05-29 15:00:00,46,21.0,0,Continuity (2-mould press)
2026-05-29 00:00:00,B,4903,1325123715105SBRT0,2026-05-29 15:00:00,2026-05-29 23:00:00,46,21.0,0,Continuity (2-mould press)
2026-05-29 00:00:00,C,4903,1325123715105SBRT0,2026-05-29 23:00:00,2026-05-30 07:00:00,46,21.0,0,Continuity (2-mould press)
2026-05-30 00:00:00,A,4903,1325123715105SBRT0,2026-05-30 07:00:00,2026-05-30 15:00:00,46,21.0,0,Continuity (2-mould press)
2026-05-30 00:00:00,B,4903,1325123715105SBRT0,2026-05-30 15:00:00,2026-05-30 23:00:00,46,21.0,0,Continuity (2-mould press)
2026-05-30 00:00:00,C,4903,1325123715105SBRT0,2026-05-30 23:00:00,2026-05-31 07:00:00,46,21.0,0,Continuity (2-mould press)
2026-05-31 00:00:00,A,4903,1325123715105SBRT0,2026-05-31 07:00:00,2026-05-31 10:36:00,21,21.0,0,Continuity (2-mould press)
2026-05-28 00:00:00,A,4904,1325123715105SBRT0,2026-05-28 07:00:00,2026-05-28 15:00:00,46,21.0,0,Continuity (2-mould press)
2026-05-28 00:00:00,B,4904,1325123715105SBRT0,2026-05-28 15:00:00,2026-05-28 23:00:00,46,21.0,0,Continuity (2-mould press)
2026-05-28 00:00:00,C,4904,1325123715105SBRT0,2026-05-28 23:00:00,2026-05-29 07:00:00,46,21.0,0,Continuity (2-mould press)
2026-05-29 00:00:00,A,4904,1325123715105SBRT0,2026-05-29 07:00:00,2026-05-29 15:00:00,46,21.0,0,Continuity (2-mould press)
2026-05-29 00:00:00,B,4904,1325123715105SBRT0,2026-05-29 15:00:00,2026-05-29 23:00:00,46,21.0,0,Continuity (2-mould press)
2026-05-29 00:00:00,C,4904,1325123715105SBRT0,2026-05-29 23:00:00,2026-05-30 07:00:00,46,21.0,0,Continuity (2-mould press)
2026-05-30 00:00:00,A,4904,1325123715105SBRT0,2026-05-30 07:00:00,2026-05-30 15:00:00,46,21.0,0,Continuity (2-mould press)
2026-05-30 00:00:00,B,4904,1325123715105SBRT0,2026-05-30 15:00:00,2026-05-30 23:00:00,46,21.0,0,Continuity (2-mould press)
2026-05-30 00:00:00,C,4904,1325123715105SBRT0,2026-05-30 23:00:00,2026-05-31 07:00:00,46,21.0,0,Continuity (2-mould press)
2026-05-31 00:00:00,A,4904,1325123715105SBRT0,2026-05-31 07:00:00,2026-05-31 10:36:00,21,21.0,0,Continuity (2-mould press)
2026-05-28 00:00:00,A,4906,1325217613082TUNE0,2026-05-28 07:00:00,2026-05-28 15:00:00,64,15.0,86,Continuity (2-mould press)
2026-05-28 00:00:00,B,4906,1325217613082TUNE0,2026-05-28 15:00:00,2026-05-28 23:00:00,64,15.0,86,Continuity (2-mould press)
2026-05-28 00:00:00,C,4906,1325217613082TUNE0,2026-05-28 23:00:00,2026-05-29 07:00:00,64,15.0,86,Continuity (2-mould press)
2026-05-29 00:00:00,A,4906,1325217613082TUNE0,2026-05-29 07:00:00,2026-05-29 15:00:00,64,15.0,86,Continuity (2-mould press)
2026-05-29 00:00:00,B,4906,1325217613082TUNE0,2026-05-29 15:00:00,2026-05-29 23:00:00,64,15.0,86,Continuity (2-mould press)
2026-05-29 00:00:00,C,4906,1325217613082TUNE0,2026-05-29 23:00:00,2026-05-30 07:00:00,64,15.0,86,Continuity (2-mould press)
2026-05-30 00:00:00,A,4906,1325217613082TUNE0,2026-05-30 07:00:00,2026-05-30 15:00:00,64,15.0,86,Continuity (2-mould press)
2026-05-30 00:00:00,B,4906,1325217613082TUNE0,2026-05-30 15:00:00,2026-05-30 23:00:00,64,15.0,86,Continuity (2-mould press)
2026-05-30 00:00:00,C,4906,1325217613082TUNE0,2026-05-30 23:00:00,2026-05-31 07:00:00,64,15.0,86,Continuity (2-mould press)
2026-05-31 00:00:00,A,4906,1325217613082TUNE0,2026-05-31 07:00:00,2026-05-31 15:00:00,64,15.0,86,Continuity (2-mould press)
2026-05-31 00:00:00,B,4906,1325217613082TUNE0,2026-05-31 15:00:00,2026-05-31 23:00:00,64,15.0,86,Continuity (2-mould press)
2026-05-31 00:00:00,C,4906,1325217613082TUNE0,2026-05-31 23:00:00,2026-06-01 07:00:00,64,15.0,86,Continuity (2-mould press)
2026-06-01 00:00:00,A,4906,1325217613082TUNE0,2026-06-01 07:00:00,2026-06-01 15:00:00,64,15.0,86,Continuity (2-mould press)
2026-06-01 00:00:00,B,4906,1325217613082TUNE0,2026-06-01 15:00:00,2026-06-01 23:00:00,64,15.0,86,Continuity (2-mould press)
2026-06-01 00:00:00,C,4906,1325217613082TUNE0,2026-06-01 23:00:00,2026-06-02 07:00:00,64,15.0,86,Continuity (2-mould press)
2026-06-02 00:00:00,A,4906,1325217613082TUNE0,2026-06-02 07:00:00,2026-06-02 15:00:00,64,15.0,86,Continuity (2-mould press)
2026-06-02 00:00:00,B,4906,1325217613082TUNE0,2026-06-02 15:00:00,2026-06-02 23:00:00,64,15.0,86,Continuity (2-mould press)
2026-06-02 00:00:00,C,4906,1325217613082TUNE0,2026-06-02 23:00:00,2026-06-03 07:00:00,64,15.0,86,Continuity (2-mould press)
2026-06-03 00:00:00,A,4906,1325217613082TUNE0,2026-06-03 07:00:00,2026-06-03 15:00:00,64,15.0,86,Continuity (2-mould press)
2026-06-03 00:00:00,B,4906,1325217613082TUNE0,2026-06-03 15:00:00,2026-06-03 23:00:00,64,15.0,86,Continuity (2-mould press)
2026-06-03 00:00:00,C,4906,1325217613082TUNE0,2026-06-03 23:00:00,2026-06-04 07:00:00,64,15.0,86,Continuity (2-mould press)
2026-06-04 00:00:00,A,4906,1325217613082TUNE0,2026-06-04 07:00:00,2026-06-04 15:00:00,64,15.0,86,Continuity (2-mould press)
2026-06-04 00:00:00,B,4906,1325217613082TUNE0,2026-06-04 15:00:00,2026-06-04 23:00:00,64,15.0,86,Continuity (2-mould press)
2026-06-04 00:00:00,C,4906,1325217613082TUNE0,2026-06-04 23:00:00,2026-06-05 07:00:00,64,15.0,86,Continuity (2-mould press)
2026-06-05 00:00:00,A,4906,1325217613082TUNE0,2026-06-05 07:00:00,2026-06-05 15:00:00,64,15.0,86,Continuity (2-mould press)
2026-06-05 00:00:00,B,4906,1325217613082TUNE0,2026-06-05 15:00:00,2026-06-05 23:00:00,64,15.0,86,Continuity (2-mould press)
2026-06-05 00:00:00,C,4906,1325217613082TUNE0,2026-06-05 23:00:00,2026-06-06 07:00:00,64,15.0,86,Continuity (2-mould press)
2026-06-06 00:00:00,A,4906,1325217613082TUNE0,2026-06-06 07:00:00,2026-06-06 15:00:00,64,15.0,86,Continuity (2-mould press)
2026-06-06 00:00:00,B,4906,1325217613082TUNE0,2026-06-06 15:00:00,2026-06-06 23:00:00,64,15.0,86,Continuity (2-mould press)
2026-06-06 00:00:00,C,4906,1325217613082TUNE0,2026-06-06 23:00:00,2026-06-07 07:00:00,64,15.0,86,Continuity (2-mould press)
2026-06-07 00:00:00,A,4906,1325217613082TUNE0,2026-06-07 07:00:00,2026-06-07 15:00:00,64,15.0,86,Continuity (2-mould press)
2026-06-07 00:00:00,B,4906,1325217613082TUNE0,2026-06-07 15:00:00,2026-06-07 23:00:00,64,15.0,86,Continuity (2-mould press)
2026-06-07 00:00:00,C,4906,1325217613082TUNE0,2026-06-07 23:00:00,2026-06-08 07:00:00,64,15.0,86,Continuity (2-mould press)
2026-06-08 00:00:00,A,4906,1325217613082TUNE0,2026-06-08 07:00:00,2026-06-08 15:00:00,64,15.0,86,Continuity (2-mould press)
2026-06-08 00:00:00,B,4906,1325217613082TUNE0,2026-06-08 15:00:00,2026-06-08 23:00:00,64,15.0,86,Continuity (2-mould press)
2026-06-08 00:00:00,C,4906,1325217613082TUNE0,2026-06-08 23:00:00,2026-06-09 07:00:00,64,15.0,86,Continuity (2-mould press)
2026-06-09 00:00:00,A,4906,1325217613082TUNE0,2026-06-09 07:00:00,2026-06-09 15:00:00,64,15.0,86,Continuity (2-mould press)
2026-06-09 00:00:00,B,4906,1325217613082TUNE0,2026-06-09 15:00:00,2026-06-09 23:00:00,64,15.0,86,Continuity (2-mould press)
2026-06-09 00:00:00,C,4906,1325217613082TUNE0,2026-06-09 23:00:00,2026-06-10 07:00:00,64,15.0,86,Continuity (2-mould press)
2026-06-10 00:00:00,A,4906,1325217613082TUNE0,2026-06-10 07:00:00,2026-06-10 15:00:00,64,15.0,86,Continuity (2-mould press)
2026-06-10 00:00:00,B,4906,1325217613082TUNE0,2026-06-10 15:00:00,2026-06-10 23:00:00,64,15.0,86,Continuity (2-mould press)
2026-06-10 00:00:00,C,4906,1325217613082TUNE0,2026-06-10 23:00:00,2026-06-11 07:00:00,64,15.0,86,Continuity (2-mould press)
2026-06-11 00:00:00,A,4906,1325217613082TUNE0,2026-06-11 07:00:00,2026-06-11 15:00:00,64,15.0,86,Continuity (2-mould press)
2026-06-11 00:00:00,B,4906,1325217613082TUNE0,2026-06-11 15:00:00,2026-06-11 23:00:00,64,15.0,86,Continuity (2-mould press)
2026-06-11 00:00:00,C,4906,1325217613082TUNE0,2026-06-11 23:00:00,2026-06-12 07:00:00,64,15.0,86,Continuity (2-mould press)
2026-06-12 00:00:00,A,4906,1325217613082TUNE0,2026-06-12 07:00:00,2026-06-12 15:00:00,64,15.0,86,Continuity (2-mould press)
2026-06-12 00:00:00,B,4906,1325217613082TUNE0,2026-06-12 15:00:00,2026-06-12 23:00:00,64,15.0,86,Continuity (2-mould press)
2026-06-12 00:00:00,C,4906,1325217613082TUNE0,2026-06-12 23:00:00,2026-06-13 07:00:00,64,15.0,86,Continuity (2-mould press)
2026-06-13 00:00:00,A,4906,1325217613082TUNE0,2026-06-13 07:00:00,2026-06-13 15:00:00,64,15.0,86,Continuity (2-mould press)
2026-06-13 00:00:00,B,4906,1325217613082TUNE0,2026-06-13 15:00:00,2026-06-13 23:00:00,64,15.0,86,Continuity (2-mould press)
2026-06-13 00:00:00,C,4906,1325217613082TUNE0,2026-06-13 23:00:00,2026-06-14 07:00:00,64,15.0,86,Continuity (2-mould press)
2026-06-14 00:00:00,A,4906,1325217613082TUNE0,2026-06-14 07:00:00,2026-06-14 15:00:00,64,15.0,86,Continuity (2-mould press)
2026-06-14 00:00:00,B,4906,1325217613082TUNE0,2026-06-14 15:00:00,2026-06-14 23:00:00,64,15.0,86,Continuity (2-mould press)
2026-06-14 00:00:00,C,4906,1325217613082TUNE0,2026-06-14 23:00:00,2026-06-15 07:00:00,64,15.0,86,Continuity (2-mould press)
2026-06-15 00:00:00,A,4906,1325217613082TUNE0,2026-06-15 07:00:00,2026-06-15 15:00:00,64,15.0,86,Continuity (2-mould press)
2026-06-15 00:00:00,B,4906,1325217613082TUNE0,2026-06-15 15:00:00,2026-06-15 23:00:00,64,15.0,86,Continuity (2-mould press)
2026-06-15 00:00:00,C,4906,1325217613082TUNE0,2026-06-15 23:00:00,2026-06-16 07:00:00,64,15.0,86,Continuity (2-mould press)
2026-06-16 00:00:00,A,4906,1325217613082TUNE0,2026-06-16 07:00:00,2026-06-16 15:00:00,64,15.0,86,Continuity (2-mould press)
2026-06-16 00:00:00,B,4906,1325217613082TUNE0,2026-06-16 15:00:00,2026-06-16 23:00:00,64,15.0,86,Continuity (2-mould press)
2026-06-16 00:00:00,C,4906,1325217613082TUNE0,2026-06-16 23:00:00,2026-06-17 07:00:00,64,15.0,86,Continuity (2-mould press)
2026-06-17 00:00:00,A,4906,1325217613082TUNE0,2026-06-17 07:00:00,2026-06-17 15:00:00,64,15.0,86,Continuity (2-mould press)
2026-06-17 00:00:00,B,4906,1325217613082TUNE0,2026-06-17 15:00:00,2026-06-17 23:00:00,64,15.0,86,Continuity (2-mould press)
2026-06-17 00:00:00,C,4906,1325217613082TUNE0,2026-06-17 23:00:00,2026-06-18 07:00:00,64,15.0,86,Continuity (2-mould press)
2026-06-18 00:00:00,A,4906,1325217613082TUNE0,2026-06-18 07:00:00,2026-06-18 15:00:00,64,15.0,86,Continuity (2-mould press)
2026-06-18 00:00:00,B,4906,1325217613082TUNE0,2026-06-18 15:00:00,2026-06-18 23:00:00,64,15.0,86,Continuity (2-mould press)
2026-06-18 00:00:00,C,4906,1325217613082TUNE0,2026-06-18 23:00:00,2026-06-19 03:15:00,34,15.0,86,Continuity (2-mould press)
2026-06-18 00:00:00,C,4906,MOULD_CLEAN,2026-06-19 03:15:00,2026-06-19 05:15:00,0,0.0,0,Mould cleaning (continuity)
2026-06-18 00:00:00,C,4906,1325217613082TUNE0,2026-06-19 05:15:00,2026-06-19 07:00:00,14,15.0,86,Continuity (2-mould press)
2026-06-19 00:00:00,A,4906,1325217613082TUNE0,2026-06-19 07:00:00,2026-06-19 15:00:00,64,15.0,86,Continuity (2-mould press)
2026-06-19 00:00:00,B,4906,1325217613082TUNE0,2026-06-19 15:00:00,2026-06-19 23:00:00,64,15.0,86,Continuity (2-mould press)
2026-06-19 00:00:00,C,4906,1325217613082TUNE0,2026-06-19 23:00:00,2026-06-20 07:00:00,64,15.0,86,Continuity (2-mould press)
2026-06-20 00:00:00,A,4906,1325217613082TUNE0,2026-06-20 07:00:00,2026-06-20 15:00:00,64,15.0,86,Continuity (2-mould press)
2026-06-20 00:00:00,B,4906,1325217613082TUNE0,2026-06-20 15:00:00,2026-06-20 23:00:00,64,15.0,86,Continuity (2-mould press)
2026-06-20 00:00:00,C,4906,1325217613082TUNE0,2026-06-20 23:00:00,2026-06-21 07:00:00,64,15.0,86,Continuity (2-mould press)
2026-06-21 00:00:00,A,4906,1325217613082TUNE0,2026-06-21 07:00:00,2026-06-21 15:00:00,64,15.0,86,Continuity (2-mould press)
2026-06-21 00:00:00,B,4906,1325217613082TUNE0,2026-06-21 15:00:00,2026-06-21 23:00:00,64,15.0,86,Continuity (2-mould press)
2026-06-21 00:00:00,C,4906,1325217613082TUNE0,2026-06-21 23:00:00,2026-06-22 07:00:00,64,15.0,86,Continuity (2-mould press)
2026-06-22 00:00:00,A,4906,1325217613082TUNE0,2026-06-22 07:00:00,2026-06-22 15:00:00,64,15.0,86,Continuity (2-mould press)
2026-06-22 00:00:00,B,4906,1325217613082TUNE0,2026-06-22 15:00:00,2026-06-22 23:00:00,64,15.0,86,Continuity (2-mould press)
2026-06-22 00:00:00,C,4906,1325217613082TUNE0,2026-06-22 23:00:00,2026-06-23 07:00:00,64,15.0,86,Continuity (2-mould press)
2026-06-23 00:00:00,A,4906,1325217613082TUNE0,2026-06-23 07:00:00,2026-06-23 15:00:00,64,15.0,86,Continuity (2-mould press)
2026-06-23 00:00:00,B,4906,1325217613082TUNE0,2026-06-23 15:00:00,2026-06-23 23:00:00,64,15.0,86,Continuity (2-mould press)
2026-06-23 00:00:00,C,4906,1325217613082TUNE0,2026-06-23 23:00:00,2026-06-24 07:00:00,64,15.0,86,Continuity (2-mould press)
2026-06-24 00:00:00,A,4906,1325217613082TUNE0,2026-06-24 07:00:00,2026-06-24 15:00:00,64,15.0,86,Continuity (2-mould press)
2026-06-24 00:00:00,B,4906,1325217613082TUNE0,2026-06-24 15:00:00,2026-06-24 23:00:00,64,15.0,86,Continuity (2-mould press)
2026-06-24 00:00:00,C,4906,1325217613082TUNE0,2026-06-24 23:00:00,2026-06-25 07:00:00,64,15.0,86,Continuity (2-mould press)
2026-06-25 00:00:00,A,4906,1325217613082TUNE0,2026-06-25 07:00:00,2026-06-25 15:00:00,64,15.0,86,Continuity (2-mould press)
2026-06-25 00:00:00,B,4906,1325217613082TUNE0,2026-06-25 15:00:00,2026-06-25 23:00:00,64,15.0,86,Continuity (2-mould press)
2026-06-25 00:00:00,C,4906,1325217613082TUNE0,2026-06-25 23:00:00,2026-06-26 07:00:00,64,15.0,86,Continuity (2-mould press)
2026-06-26 00:00:00,A,4906,1325217613082TUNE0,2026-06-26 07:00:00,2026-06-26 15:00:00,64,15.0,86,Continuity (2-mould press)
2026-06-26 00:00:00,B,4906,1325217613082TUNE0,2026-06-26 15:00:00,2026-06-26 23:00:00,64,15.0,86,Continuity (2-mould press)
2026-06-26 00:00:00,C,4906,1325217613082TUNE0,2026-06-26 23:00:00,2026-06-27 07:00:00,64,15.0,86,Continuity (2-mould press)
2026-06-27 00:00:00,A,4906,1325217613082TUNE0,2026-06-27 07:00:00,2026-06-27 15:00:00,64,15.0,86,Continuity (2-mould press)
2026-06-27 00:00:00,B,4906,1325217613082TUNE0,2026-06-27 15:00:00,2026-06-27 23:00:00,64,15.0,86,Continuity (2-mould press)
2026-06-27 00:00:00,C,4906,1325217613082TUNE0,2026-06-27 23:00:00,2026-06-28 07:00:00,64,15.0,86,Continuity (2-mould press)
2026-05-28 00:00:00,A,4907,1325123715105SBRT0,2026-05-28 07:00:00,2026-05-28 15:00:00,46,21.0,0,Continuity (2-mould press)
2026-05-28 00:00:00,B,4907,1325123715105SBRT0,2026-05-28 15:00:00,2026-05-28 23:00:00,46,21.0,0,Continuity (2-mould press)
2026-05-28 00:00:00,C,4907,1325123715105SBRT0,2026-05-28 23:00:00,2026-05-29 07:00:00,46,21.0,0,Continuity (2-mould press)
2026-05-29 00:00:00,A,4907,1325123715105SBRT0,2026-05-29 07:00:00,2026-05-29 15:00:00,46,21.0,0,Continuity (2-mould press)
2026-05-29 00:00:00,B,4907,1325123715105SBRT0,2026-05-29 15:00:00,2026-05-29 23:00:00,46,21.0,0,Continuity (2-mould press)
2026-05-29 00:00:00,C,4907,1325123715105SBRT0,2026-05-29 23:00:00,2026-05-30 07:00:00,46,21.0,0,Continuity (2-mould press)
2026-05-30 00:00:00,A,4907,1325123715105SBRT0,2026-05-30 07:00:00,2026-05-30 15:00:00,46,21.0,0,Continuity (2-mould press)
2026-05-30 00:00:00,B,4907,1325123715105SBRT0,2026-05-30 15:00:00,2026-05-30 23:00:00,46,21.0,0,Continuity (2-mould press)
2026-05-30 00:00:00,C,4907,1325123715105SBRT0,2026-05-30 23:00:00,2026-05-31 07:00:00,46,21.0,0,Continuity (2-mould press)
2026-05-31 00:00:00,A,4907,1325123715105SBRT0,2026-05-31 07:00:00,2026-05-31 10:36:00,21,21.0,0,Continuity (2-mould press)
2026-05-28 00:00:00,A,4908,1225221715115SSTL0,2026-05-28 07:00:00,2026-05-28 15:00:00,32,30.0,158,Continuity (2-mould press)
2026-05-28 00:00:00,B,4908,1225221715115SSTL0,2026-05-28 15:00:00,2026-05-28 23:00:00,32,30.0,158,Continuity (2-mould press)
2026-05-28 00:00:00,C,4908,1225221715115SSTL0,2026-05-28 23:00:00,2026-05-29 07:00:00,32,30.0,158,Continuity (2-mould press)
2026-05-29 00:00:00,A,4908,1225221715115SSTL0,2026-05-29 07:00:00,2026-05-29 15:00:00,32,30.0,158,Continuity (2-mould press)
2026-05-29 00:00:00,B,4908,1225221715115SSTL0,2026-05-29 15:00:00,2026-05-29 23:00:00,32,30.0,158,Continuity (2-mould press)
2026-05-29 00:00:00,C,4908,1225221715115SSTL0,2026-05-29 23:00:00,2026-05-30 07:00:00,32,30.0,158,Continuity (2-mould press)
2026-05-30 00:00:00,A,4908,1225221715115SSTL0,2026-05-30 07:00:00,2026-05-30 15:00:00,32,30.0,158,Continuity (2-mould press)
2026-05-30 00:00:00,B,4908,1225221715115SSTL0,2026-05-30 15:00:00,2026-05-30 23:00:00,32,30.0,158,Continuity (2-mould press)
2026-05-30 00:00:00,C,4908,1225221715115SSTL0,2026-05-30 23:00:00,2026-05-31 07:00:00,32,30.0,158,Continuity (2-mould press)
2026-05-31 00:00:00,A,4908,1225221715115SSTL0,2026-05-31 07:00:00,2026-05-31 12:30:00,22,30.0,158,Continuity (2-mould press)
2026-05-28 00:00:00,A,4909,1325123715105SBRT0,2026-05-28 07:00:00,2026-05-28 15:00:00,46,21.0,0,Continuity (2-mould press)
2026-05-28 00:00:00,B,4909,1325123715105SBRT0,2026-05-28 15:00:00,2026-05-28 23:00:00,46,21.0,0,Continuity (2-mould press)
2026-05-28 00:00:00,C,4909,1325123715105SBRT0,2026-05-28 23:00:00,2026-05-29 07:00:00,46,21.0,0,Continuity (2-mould press)
2026-05-29 00:00:00,A,4909,1325123715105SBRT0,2026-05-29 07:00:00,2026-05-29 15:00:00,46,21.0,0,Continuity (2-mould press)
2026-05-29 00:00:00,B,4909,1325123715105SBRT0,2026-05-29 15:00:00,2026-05-29 23:00:00,46,21.0,0,Continuity (2-mould press)
2026-05-29 00:00:00,C,4909,1325123715105SBRT0,2026-05-29 23:00:00,2026-05-30 07:00:00,46,21.0,0,Continuity (2-mould press)
2026-05-30 00:00:00,A,4909,1325123715105SBRT0,2026-05-30 07:00:00,2026-05-30 15:00:00,46,21.0,0,Continuity (2-mould press)
2026-05-30 00:00:00,B,4909,1325123715105SBRT0,2026-05-30 15:00:00,2026-05-30 23:00:00,46,21.0,0,Continuity (2-mould press)
2026-05-30 00:00:00,C,4909,1325123715105SBRT0,2026-05-30 23:00:00,2026-05-31 07:00:00,46,21.0,0,Continuity (2-mould press)
2026-05-31 00:00:00,A,4909,1325123715105SBRT0,2026-05-31 07:00:00,2026-05-31 10:36:00,21,21.0,0,Continuity (2-mould press)
2026-05-28 00:00:00,A,4910,1325123715105SBRT0,2026-05-28 07:00:00,2026-05-28 15:00:00,46,21.0,0,Continuity (2-mould press)
2026-05-28 00:00:00,B,4910,1325123715105SBRT0,2026-05-28 15:00:00,2026-05-28 23:00:00,46,21.0,0,Continuity (2-mould press)
2026-05-28 00:00:00,C,4910,1325123715105SBRT0,2026-05-28 23:00:00,2026-05-29 07:00:00,46,21.0,0,Continuity (2-mould press)
2026-05-29 00:00:00,A,4910,1325123715105SBRT0,2026-05-29 07:00:00,2026-05-29 15:00:00,46,21.0,0,Continuity (2-mould press)
2026-05-29 00:00:00,B,4910,1325123715105SBRT0,2026-05-29 15:00:00,2026-05-29 23:00:00,46,21.0,0,Continuity (2-mould press)
2026-05-29 00:00:00,C,4910,1325123715105SBRT0,2026-05-29 23:00:00,2026-05-30 07:00:00,46,21.0,0,Continuity (2-mould press)
2026-05-30 00:00:00,A,4910,1325123715105SBRT0,2026-05-30 07:00:00,2026-05-30 15:00:00,46,21.0,0,Continuity (2-mould press)
2026-05-30 00:00:00,B,4910,1325123715105SBRT0,2026-05-30 15:00:00,2026-05-30 23:00:00,46,21.0,0,Continuity (2-mould press)
2026-05-30 00:00:00,C,4910,1325123715105SBRT0,2026-05-30 23:00:00,2026-05-31 07:00:00,46,21.0,0,Continuity (2-mould press)
2026-05-31 00:00:00,A,4910,1325123715105SBRT0,2026-05-31 07:00:00,2026-05-31 10:36:00,21,21.0,0,Continuity (2-mould press)
2026-05-28 00:00:00,A,4911,1325121715100SRBT0,2026-05-28 07:00:00,2026-05-28 15:00:00,64,15.0,0,Continuity (2-mould press)
2026-05-28 00:00:00,B,4911,1325121715100SRBT0,2026-05-28 15:00:00,2026-05-28 23:00:00,64,15.0,0,Continuity (2-mould press)
2026-05-28 00:00:00,C,4911,1325121715100SRBT0,2026-05-28 23:00:00,2026-05-29 07:00:00,64,15.0,0,Continuity (2-mould press)
2026-05-29 00:00:00,A,4911,1325121715100SRBT0,2026-05-29 07:00:00,2026-05-29 15:00:00,64,15.0,0,Continuity (2-mould press)
2026-05-29 00:00:00,B,4911,1325121715100SRBT0,2026-05-29 15:00:00,2026-05-29 19:45:00,38,15.0,0,Continuity (2-mould press)
2026-05-28 00:00:00,A,4912,1325121715100SRBT0,2026-05-28 07:00:00,2026-05-28 15:00:00,64,15.0,0,Continuity (2-mould press)
2026-05-28 00:00:00,B,4912,1325121715100SRBT0,2026-05-28 15:00:00,2026-05-28 23:00:00,64,15.0,0,Continuity (2-mould press)
2026-05-28 00:00:00,C,4912,1325121715100SRBT0,2026-05-28 23:00:00,2026-05-29 07:00:00,64,15.0,0,Continuity (2-mould press)
2026-05-29 00:00:00,A,4912,1325121715100SRBT0,2026-05-29 07:00:00,2026-05-29 15:00:00,64,15.0,0,Continuity (2-mould press)
2026-05-29 00:00:00,B,4912,1325121715100SRBT0,2026-05-29 15:00:00,2026-05-29 19:45:00,38,15.0,0,Continuity (2-mould press)
2026-05-28 00:00:00,A,4916,1325123715105SBRT0,2026-05-28 07:00:00,2026-05-28 15:00:00,46,21.0,0,Continuity (2-mould press)
2026-05-28 00:00:00,B,4916,1325123715105SBRT0,2026-05-28 15:00:00,2026-05-28 23:00:00,46,21.0,0,Continuity (2-mould press)
2026-05-28 00:00:00,C,4916,1325123715105SBRT0,2026-05-28 23:00:00,2026-05-29 07:00:00,46,21.0,0,Continuity (2-mould press)
2026-05-29 00:00:00,A,4916,1325123715105SBRT0,2026-05-29 07:00:00,2026-05-29 15:00:00,46,21.0,0,Continuity (2-mould press)
2026-05-29 00:00:00,B,4916,1325123715105SBRT0,2026-05-29 15:00:00,2026-05-29 23:00:00,46,21.0,0,Continuity (2-mould press)
2026-05-29 00:00:00,C,4916,1325123715105SBRT0,2026-05-29 23:00:00,2026-05-30 07:00:00,46,21.0,0,Continuity (2-mould press)
2026-05-30 00:00:00,A,4916,1325123715105SBRT0,2026-05-30 07:00:00,2026-05-30 15:00:00,46,21.0,0,Continuity (2-mould press)
2026-05-30 00:00:00,B,4916,1325123715105SBRT0,2026-05-30 15:00:00,2026-05-30 23:00:00,46,21.0,0,Continuity (2-mould press)
2026-05-30 00:00:00,C,4916,1325123715105SBRT0,2026-05-30 23:00:00,2026-05-31 07:00:00,46,21.0,0,Continuity (2-mould press)
2026-05-31 00:00:00,A,4916,1325123715105SBRT0,2026-05-31 07:00:00,2026-05-31 10:36:00,21,21.0,0,Continuity (2-mould press)
2026-05-28 00:00:00,A,4917,1325123715105SBRT0,2026-05-28 07:00:00,2026-05-28 15:00:00,46,21.0,0,Continuity (2-mould press)
2026-05-28 00:00:00,B,4917,1325123715105SBRT0,2026-05-28 15:00:00,2026-05-28 23:00:00,46,21.0,0,Continuity (2-mould press)
2026-05-28 00:00:00,C,4917,1325123715105SBRT0,2026-05-28 23:00:00,2026-05-29 07:00:00,46,21.0,0,Continuity (2-mould press)
2026-05-29 00:00:00,A,4917,1325123715105SBRT0,2026-05-29 07:00:00,2026-05-29 15:00:00,46,21.0,0,Continuity (2-mould press)
2026-05-29 00:00:00,B,4917,1325123715105SBRT0,2026-05-29 15:00:00,2026-05-29 23:00:00,46,21.0,0,Continuity (2-mould press)
2026-05-29 00:00:00,C,4917,1325123715105SBRT0,2026-05-29 23:00:00,2026-05-30 07:00:00,46,21.0,0,Continuity (2-mould press)
2026-05-30 00:00:00,A,4917,1325123715105SBRT0,2026-05-30 07:00:00,2026-05-30 15:00:00,46,21.0,0,Continuity (2-mould press)
2026-05-30 00:00:00,B,4917,1325123715105SBRT0,2026-05-30 15:00:00,2026-05-30 23:00:00,46,21.0,0,Continuity (2-mould press)
2026-05-30 00:00:00,C,4917,1325123715105SBRT0,2026-05-30 23:00:00,2026-05-31 07:00:00,46,21.0,0,Continuity (2-mould press)
2026-05-31 00:00:00,A,4917,1325123715105SBRT0,2026-05-31 07:00:00,2026-05-31 10:36:00,21,21.0,0,Continuity (2-mould press)
2026-05-28 00:00:00,A,4918,1325119015008SRBT0,2026-05-28 07:00:00,2026-05-28 15:00:00,33,29.0,0,Continuity (2-mould press)
2026-05-28 00:00:00,B,4918,1325119015008SRBT0,2026-05-28 15:00:00,2026-05-28 23:00:00,33,29.0,0,Continuity (2-mould press)
2026-05-28 00:00:00,C,4918,1325119015008SRBT0,2026-05-28 23:00:00,2026-05-29 07:00:00,33,29.0,0,Continuity (2-mould press)
2026-05-29 00:00:00,A,4918,1325119015008SRBT0,2026-05-29 07:00:00,2026-05-29 15:00:00,33,29.0,0,Continuity (2-mould press)
2026-05-29 00:00:00,B,4918,1325119015008SRBT0,2026-05-29 15:00:00,2026-05-29 23:00:00,33,29.0,0,Continuity (2-mould press)
2026-05-29 00:00:00,C,4918,1325119015008SRBT0,2026-05-29 23:00:00,2026-05-30 07:00:00,33,29.0,0,Continuity (2-mould press)
2026-05-30 00:00:00,A,4918,1325119015008SRBT0,2026-05-30 07:00:00,2026-05-30 15:00:00,33,29.0,0,Continuity (2-mould press)
2026-05-30 00:00:00,B,4918,1325119015008SRBT0,2026-05-30 15:00:00,2026-05-30 23:00:00,33,29.0,0,Continuity (2-mould press)
2026-05-30 00:00:00,C,4918,1325119015008SRBT0,2026-05-30 23:00:00,2026-05-31 03:38:00,19,29.0,0,Continuity (2-mould press)
2026-05-28 00:00:00,A,4919,1325119015008SRBT0,2026-05-28 07:00:00,2026-05-28 15:00:00,33,29.0,0,Continuity (2-mould press)
2026-05-28 00:00:00,B,4919,1325119015008SRBT0,2026-05-28 15:00:00,2026-05-28 23:00:00,33,29.0,0,Continuity (2-mould press)
2026-05-28 00:00:00,C,4919,1325119015008SRBT0,2026-05-28 23:00:00,2026-05-29 07:00:00,33,29.0,0,Continuity (2-mould press)
2026-05-29 00:00:00,A,4919,1325119015008SRBT0,2026-05-29 07:00:00,2026-05-29 15:00:00,33,29.0,0,Continuity (2-mould press)
2026-05-29 00:00:00,B,4919,1325119015008SRBT0,2026-05-29 15:00:00,2026-05-29 23:00:00,33,29.0,0,Continuity (2-mould press)
2026-05-29 00:00:00,C,4919,1325119015008SRBT0,2026-05-29 23:00:00,2026-05-30 07:00:00,33,29.0,0,Continuity (2-mould press)
2026-05-30 00:00:00,A,4919,1325119015008SRBT0,2026-05-30 07:00:00,2026-05-30 15:00:00,33,29.0,0,Continuity (2-mould press)
2026-05-30 00:00:00,B,4919,1325119015008SRBT0,2026-05-30 15:00:00,2026-05-30 23:00:00,33,29.0,0,Continuity (2-mould press)
2026-05-30 00:00:00,C,4919,1325119015008SRBT0,2026-05-30 23:00:00,2026-05-31 03:38:00,19,29.0,0,Continuity (2-mould press)
2026-05-28 00:00:00,A,4921,1325119015008SRBT0,2026-05-28 07:00:00,2026-05-28 15:00:00,33,29.0,0,Continuity (2-mould press)
2026-05-28 00:00:00,B,4921,1325119015008SRBT0,2026-05-28 15:00:00,2026-05-28 23:00:00,33,29.0,0,Continuity (2-mould press)
2026-05-28 00:00:00,C,4921,1325119015008SRBT0,2026-05-28 23:00:00,2026-05-29 07:00:00,33,29.0,0,Continuity (2-mould press)
2026-05-29 00:00:00,A,4921,1325119015008SRBT0,2026-05-29 07:00:00,2026-05-29 15:00:00,33,29.0,0,Continuity (2-mould press)
2026-05-29 00:00:00,B,4921,1325119015008SRBT0,2026-05-29 15:00:00,2026-05-29 23:00:00,33,29.0,0,Continuity (2-mould press)
2026-05-29 00:00:00,C,4921,1325119015008SRBT0,2026-05-29 23:00:00,2026-05-30 07:00:00,33,29.0,0,Continuity (2-mould press)
2026-05-30 00:00:00,A,4921,1325119015008SRBT0,2026-05-30 07:00:00,2026-05-30 15:00:00,33,29.0,0,Continuity (2-mould press)
2026-05-30 00:00:00,B,4921,1325119015008SRBT0,2026-05-30 15:00:00,2026-05-30 23:00:00,33,29.0,0,Continuity (2-mould press)
2026-05-30 00:00:00,C,4921,1325119015008SRBT0,2026-05-30 23:00:00,2026-05-31 03:38:00,19,29.0,0,Continuity (2-mould press)
2026-05-28 00:00:00,A,4922,1325119015008SRBT0,2026-05-28 07:00:00,2026-05-28 15:00:00,33,29.0,0,Continuity (2-mould press)
2026-05-28 00:00:00,B,4922,1325119015008SRBT0,2026-05-28 15:00:00,2026-05-28 23:00:00,33,29.0,0,Continuity (2-mould press)
2026-05-28 00:00:00,C,4922,1325119015008SRBT0,2026-05-28 23:00:00,2026-05-29 07:00:00,33,29.0,0,Continuity (2-mould press)
2026-05-29 00:00:00,A,4922,1325119015008SRBT0,2026-05-29 07:00:00,2026-05-29 15:00:00,33,29.0,0,Continuity (2-mould press)
2026-05-29 00:00:00,B,4922,1325119015008SRBT0,2026-05-29 15:00:00,2026-05-29 23:00:00,33,29.0,0,Continuity (2-mould press)
2026-05-29 00:00:00,C,4922,1325119015008SRBT0,2026-05-29 23:00:00,2026-05-30 07:00:00,33,29.0,0,Continuity (2-mould press)
2026-05-30 00:00:00,A,4922,1325119015008SRBT0,2026-05-30 07:00:00,2026-05-30 15:00:00,33,29.0,0,Continuity (2-mould press)
2026-05-30 00:00:00,B,4922,1325119015008SRBT0,2026-05-30 15:00:00,2026-05-30 23:00:00,33,29.0,0,Continuity (2-mould press)
2026-05-30 00:00:00,C,4922,1325119015008SRBT0,2026-05-30 23:00:00,2026-05-31 02:40:00,15,29.0,0,Continuity (2-mould press)
2026-05-28 00:00:00,A,4923,1325121715100SRBT0,2026-05-28 07:00:00,2026-05-28 15:00:00,64,15.0,0,Continuity (2-mould press)
2026-05-28 00:00:00,B,4923,1325121715100SRBT0,2026-05-28 15:00:00,2026-05-28 23:00:00,64,15.0,0,Continuity (2-mould press)
2026-05-28 00:00:00,C,4923,1325121715100SRBT0,2026-05-28 23:00:00,2026-05-29 07:00:00,64,15.0,0,Continuity (2-mould press)
2026-05-29 00:00:00,A,4923,1325121715100SRBT0,2026-05-29 07:00:00,2026-05-29 15:00:00,64,15.0,0,Continuity (2-mould press)
2026-05-29 00:00:00,B,4923,1325121715100SRBT0,2026-05-29 15:00:00,2026-05-29 19:30:00,36,15.0,0,Continuity (2-mould press)
2026-05-28 00:00:00,A,4924,1225221715115SSTL0,2026-05-28 07:00:00,2026-05-28 15:00:00,32,30.0,158,Continuity (2-mould press)
2026-05-28 00:00:00,B,4924,1225221715115SSTL0,2026-05-28 15:00:00,2026-05-28 23:00:00,32,30.0,158,Continuity (2-mould press)
2026-05-28 00:00:00,C,4924,1225221715115SSTL0,2026-05-28 23:00:00,2026-05-29 07:00:00,32,30.0,158,Continuity (2-mould press)
2026-05-29 00:00:00,A,4924,1225221715115SSTL0,2026-05-29 07:00:00,2026-05-29 15:00:00,32,30.0,158,Continuity (2-mould press)
2026-05-29 00:00:00,B,4924,1225221715115SSTL0,2026-05-29 15:00:00,2026-05-29 23:00:00,32,30.0,158,Continuity (2-mould press)
2026-05-29 00:00:00,C,4924,1225221715115SSTL0,2026-05-29 23:00:00,2026-05-30 07:00:00,32,30.0,158,Continuity (2-mould press)
2026-05-30 00:00:00,A,4924,1225221715115SSTL0,2026-05-30 07:00:00,2026-05-30 15:00:00,32,30.0,158,Continuity (2-mould press)
2026-05-30 00:00:00,B,4924,1225221715115SSTL0,2026-05-30 15:00:00,2026-05-30 23:00:00,32,30.0,158,Continuity (2-mould press)
2026-05-30 00:00:00,C,4924,1225221715115SSTL0,2026-05-30 23:00:00,2026-05-31 07:00:00,32,30.0,158,Continuity (2-mould press)
2026-05-31 00:00:00,A,4924,1225221715115SSTL0,2026-05-31 07:00:00,2026-05-31 12:30:00,22,30.0,158,Continuity (2-mould press)
2026-05-28 00:00:00,A,4925,1225121715115SSTL0,2026-05-28 07:00:00,2026-05-28 15:00:00,32,30.0,0,Continuity (2-mould press)
2026-05-28 00:00:00,B,4925,1225121715115SSTL0,2026-05-28 15:00:00,2026-05-28 23:00:00,32,30.0,0,Continuity (2-mould press)
2026-05-28 00:00:00,C,4925,1225121715115SSTL0,2026-05-28 23:00:00,2026-05-29 07:00:00,32,30.0,0,Continuity (2-mould press)
2026-05-29 00:00:00,A,4925,1225121715115SSTL0,2026-05-29 07:00:00,2026-05-29 15:00:00,32,30.0,0,Continuity (2-mould press)
2026-05-29 00:00:00,B,4925,1225121715115SSTL0,2026-05-29 15:00:00,2026-05-29 23:00:00,32,30.0,0,Continuity (2-mould press)
2026-05-29 00:00:00,C,4925,1225121715115SSTL0,2026-05-29 23:00:00,2026-05-30 07:00:00,32,30.0,0,Continuity (2-mould press)
2026-05-30 00:00:00,A,4925,1225121715115SSTL0,2026-05-30 07:00:00,2026-05-30 15:00:00,32,30.0,0,Continuity (2-mould press)
2026-05-30 00:00:00,B,4925,1225121715115SSTL0,2026-05-30 15:00:00,2026-05-30 23:00:00,32,30.0,0,Continuity (2-mould press)
2026-05-30 00:00:00,C,4925,1225121715115SSTL0,2026-05-30 23:00:00,2026-05-31 07:00:00,32,30.0,0,Continuity (2-mould press)
2026-05-31 00:00:00,A,4925,1225121715115SSTL0,2026-05-31 07:00:00,2026-05-31 15:00:00,32,30.0,0,Continuity (2-mould press)
2026-05-31 00:00:00,B,4925,1225121715115SSTL0,2026-05-31 15:00:00,2026-05-31 16:30:00,6,30.0,0,Continuity (2-mould press)
2026-05-28 00:00:00,A,54801,1325219316087VURL0,2026-05-28 07:00:00,2026-05-28 15:00:00,60,16.0,0,Continuity (2-mould press)
2026-05-28 00:00:00,B,54801,1325219316087VURL0,2026-05-28 15:00:00,2026-05-28 23:00:00,60,16.0,0,Continuity (2-mould press)
2026-05-28 00:00:00,C,54801,1325219316087VURL0,2026-05-28 23:00:00,2026-05-29 07:00:00,60,16.0,0,Continuity (2-mould press)
2026-05-29 00:00:00,A,54801,1325219316087VURL0,2026-05-29 07:00:00,2026-05-29 15:00:00,60,16.0,0,Continuity (2-mould press)
2026-05-29 00:00:00,B,54801,1325219316087VURL0,2026-05-29 15:00:00,2026-05-29 23:00:00,60,16.0,0,Continuity (2-mould press)
2026-05-29 00:00:00,C,54801,1325219316087VURL0,2026-05-29 23:00:00,2026-05-30 01:40:00,20,16.0,0,Continuity (2-mould press)
2026-05-28 00:00:00,A,54802,1325216513077TUHL0,2026-05-28 07:00:00,2026-05-28 15:00:00,60,16.0,0,Continuity (2-mould press)
2026-05-28 00:00:00,B,54802,1325216513077TUHL0,2026-05-28 15:00:00,2026-05-28 23:00:00,60,16.0,0,Continuity (2-mould press)
2026-05-28 00:00:00,C,54802,1325216513077TUHL0,2026-05-28 23:00:00,2026-05-29 07:00:00,60,16.0,0,Continuity (2-mould press)
2026-05-29 00:00:00,A,54802,1325216513077TUHL0,2026-05-29 07:00:00,2026-05-29 15:00:00,60,16.0,0,Continuity (2-mould press)
2026-05-29 00:00:00,B,54802,1325216513077TUHL0,2026-05-29 15:00:00,2026-05-29 23:00:00,60,16.0,0,Continuity (2-mould press)
2026-05-29 00:00:00,C,54802,1325216513077TUHL0,2026-05-29 23:00:00,2026-05-30 07:00:00,60,16.0,0,Continuity (2-mould press)
2026-05-30 00:00:00,A,54802,1325216513077TUHL0,2026-05-30 07:00:00,2026-05-30 15:00:00,60,16.0,0,Continuity (2-mould press)
2026-05-30 00:00:00,B,54802,1325216513077TUHL0,2026-05-30 15:00:00,2026-05-30 23:00:00,60,16.0,0,Continuity (2-mould press)
2026-05-30 00:00:00,C,54802,1325216513077TUHL0,2026-05-30 23:00:00,2026-05-31 07:00:00,60,16.0,0,Continuity (2-mould press)
2026-05-31 00:00:00,A,54802,1325216513077TUHL0,2026-05-31 07:00:00,2026-05-31 15:00:00,60,16.0,0,Continuity (2-mould press)
2026-05-31 00:00:00,B,54802,1325216513077TUHL0,2026-05-31 15:00:00,2026-05-31 23:00:00,60,16.0,0,Continuity (2-mould press)
2026-05-31 00:00:00,C,54802,1325216513077TUHL0,2026-05-31 23:00:00,2026-06-01 07:00:00,60,16.0,0,Continuity (2-mould press)
2026-06-01 00:00:00,A,54802,1325216513077TUHL0,2026-06-01 07:00:00,2026-06-01 15:00:00,60,16.0,0,Continuity (2-mould press)
2026-06-01 00:00:00,B,54802,1325216513077TUHL0,2026-06-01 15:00:00,2026-06-01 19:48:00,36,16.0,0,Continuity (2-mould press)
2026-05-28 00:00:00,A,54803,1325216614081STMX0,2026-05-28 07:00:00,2026-05-28 15:00:00,60,16.0,147,Continuity (2-mould press)
2026-05-28 00:00:00,B,54803,1325216614081STMX0,2026-05-28 15:00:00,2026-05-28 23:00:00,60,16.0,147,Continuity (2-mould press)
2026-05-28 00:00:00,C,54803,1325216614081STMX0,2026-05-28 23:00:00,2026-05-29 07:00:00,60,16.0,147,Continuity (2-mould press)
2026-05-29 00:00:00,A,54803,1325216614081STMX0,2026-05-29 07:00:00,2026-05-29 15:00:00,60,16.0,147,Continuity (2-mould press)
2026-05-29 00:00:00,B,54803,1325216614081STMX0,2026-05-29 15:00:00,2026-05-29 23:00:00,60,16.0,147,Continuity (2-mould press)
2026-05-29 00:00:00,C,54803,1325216614081STMX0,2026-05-29 23:00:00,2026-05-30 07:00:00,60,16.0,147,Continuity (2-mould press)
2026-05-30 00:00:00,A,54803,1325216614081STMX0,2026-05-30 07:00:00,2026-05-30 15:00:00,60,16.0,147,Continuity (2-mould press)
2026-05-30 00:00:00,B,54803,1325216614081STMX0,2026-05-30 15:00:00,2026-05-30 23:00:00,60,16.0,147,Continuity (2-mould press)
2026-05-30 00:00:00,C,54803,1325216614081STMX0,2026-05-30 23:00:00,2026-05-31 07:00:00,60,16.0,147,Continuity (2-mould press)
2026-05-31 00:00:00,A,54803,1325216614081STMX0,2026-05-31 07:00:00,2026-05-31 07:32:00,4,16.0,147,Continuity (2-mould press)
2026-05-28 00:00:00,A,54804,1325216614081STMX0,2026-05-28 07:00:00,2026-05-28 15:00:00,60,16.0,147,Continuity (2-mould press)
2026-05-28 00:00:00,B,54804,1325216614081STMX0,2026-05-28 15:00:00,2026-05-28 23:00:00,60,16.0,147,Continuity (2-mould press)
2026-05-28 00:00:00,C,54804,1325216614081STMX0,2026-05-28 23:00:00,2026-05-29 07:00:00,60,16.0,147,Continuity (2-mould press)
2026-05-29 00:00:00,A,54804,1325216614081STMX0,2026-05-29 07:00:00,2026-05-29 15:00:00,60,16.0,147,Continuity (2-mould press)
2026-05-29 00:00:00,B,54804,1325216614081STMX0,2026-05-29 15:00:00,2026-05-29 23:00:00,60,16.0,147,Continuity (2-mould press)
2026-05-29 00:00:00,C,54804,1325216614081STMX0,2026-05-29 23:00:00,2026-05-30 07:00:00,60,16.0,147,Continuity (2-mould press)
2026-05-30 00:00:00,A,54804,1325216614081STMX0,2026-05-30 07:00:00,2026-05-30 15:00:00,60,16.0,147,Continuity (2-mould press)
2026-05-30 00:00:00,B,54804,1325216614081STMX0,2026-05-30 15:00:00,2026-05-30 23:00:00,60,16.0,147,Continuity (2-mould press)
2026-05-30 00:00:00,C,54804,1325216614081STMX0,2026-05-30 23:00:00,2026-05-31 07:00:00,60,16.0,147,Continuity (2-mould press)
2026-05-31 00:00:00,A,54804,1325216614081STMX0,2026-05-31 07:00:00,2026-05-31 07:32:00,4,16.0,147,Continuity (2-mould press)
2026-05-28 00:00:00,A,75201,1325220515094VUTR0,2026-05-28 07:00:00,2026-05-28 15:00:00,56,17.0,0,Continuity (2-mould press)
2026-05-28 00:00:00,B,75201,1325220515094VUTR0,2026-05-28 15:00:00,2026-05-28 23:00:00,56,17.0,0,Continuity (2-mould press)
2026-05-28 00:00:00,C,75201,1325220515094VUTR0,2026-05-28 23:00:00,2026-05-29 07:00:00,56,17.0,0,Continuity (2-mould press)
2026-05-29 00:00:00,A,75201,1325220515094VUTR0,2026-05-29 07:00:00,2026-05-29 15:00:00,56,17.0,0,Continuity (2-mould press)
2026-05-29 00:00:00,B,75201,1325220515094VUTR0,2026-05-29 15:00:00,2026-05-29 23:00:00,56,17.0,0,Continuity (2-mould press)
2026-05-29 00:00:00,C,75201,1325220515094VUTR0,2026-05-29 23:00:00,2026-05-30 07:00:00,56,17.0,0,Continuity (2-mould press)
2026-05-30 00:00:00,A,75201,1325220515094VUTR0,2026-05-30 07:00:00,2026-05-30 15:00:00,56,17.0,0,Continuity (2-mould press)
2026-05-30 00:00:00,B,75201,1325220515094VUTR0,2026-05-30 15:00:00,2026-05-30 23:00:00,56,17.0,0,Continuity (2-mould press)
2026-05-30 00:00:00,C,75201,1325220515094VUTR0,2026-05-30 23:00:00,2026-05-31 07:00:00,56,17.0,0,Continuity (2-mould press)
2026-05-31 00:00:00,A,75201,1325220515094VUTR0,2026-05-31 07:00:00,2026-05-31 15:00:00,56,17.0,0,Continuity (2-mould press)
2026-05-31 00:00:00,B,75201,1325220515094VUTR0,2026-05-31 15:00:00,2026-05-31 23:00:00,56,17.0,0,Continuity (2-mould press)
2026-05-31 00:00:00,C,75201,1325220515094VUTR0,2026-05-31 23:00:00,2026-06-01 01:57:00,21,17.0,0,Continuity (2-mould press)
2026-05-28 00:00:00,A,75202,1325216814085SUTR0,2026-05-28 07:00:00,2026-05-28 15:00:00,56,17.0,0,Continuity (2-mould press)
2026-05-28 00:00:00,B,75202,1325216814085SUTR0,2026-05-28 15:00:00,2026-05-28 23:00:00,56,17.0,0,Continuity (2-mould press)
2026-05-28 00:00:00,C,75202,1325216814085SUTR0,2026-05-28 23:00:00,2026-05-29 07:00:00,56,17.0,0,Continuity (2-mould press)
2026-05-29 00:00:00,A,75202,1325216814085SUTR0,2026-05-29 07:00:00,2026-05-29 15:00:00,56,17.0,0,Continuity (2-mould press)
2026-05-29 00:00:00,B,75202,1325216814085SUTR0,2026-05-29 15:00:00,2026-05-29 23:00:00,56,17.0,0,Continuity (2-mould press)
2026-05-29 00:00:00,C,75202,1325216814085SUTR0,2026-05-29 23:00:00,2026-05-30 07:00:00,56,17.0,0,Continuity (2-mould press)
2026-05-30 00:00:00,A,75202,1325216814085SUTR0,2026-05-30 07:00:00,2026-05-30 15:00:00,56,17.0,0,Continuity (2-mould press)
2026-05-30 00:00:00,B,75202,1325216814085SUTR0,2026-05-30 15:00:00,2026-05-30 23:00:00,56,17.0,0,Continuity (2-mould press)
2026-05-30 00:00:00,C,75202,1325216814085SUTR0,2026-05-30 23:00:00,2026-05-31 07:00:00,56,17.0,0,Continuity (2-mould press)
2026-05-31 00:00:00,A,75202,1325216814085SUTR0,2026-05-31 07:00:00,2026-05-31 15:00:00,56,17.0,0,Continuity (2-mould press)
2026-05-31 00:00:00,B,75202,1325216814085SUTR0,2026-05-31 15:00:00,2026-05-31 17:27:00,17,17.0,0,Continuity (2-mould press)
2026-05-28 00:00:00,A,75203,1225223516121PSKP0,2026-05-28 07:00:00,2026-05-28 15:00:00,36,27.0,153,Continuity (2-mould press)
2026-05-28 00:00:00,B,75203,1225223516121PSKP0,2026-05-28 15:00:00,2026-05-28 23:00:00,36,27.0,153,Continuity (2-mould press)
2026-05-28 00:00:00,C,75203,1225223516121PSKP0,2026-05-28 23:00:00,2026-05-29 07:00:00,36,27.0,153,Continuity (2-mould press)
2026-05-29 00:00:00,A,75203,1225223516121PSKP0,2026-05-29 07:00:00,2026-05-29 15:00:00,36,27.0,153,Continuity (2-mould press)
2026-05-29 00:00:00,B,75203,1225223516121PSKP0,2026-05-29 15:00:00,2026-05-29 23:00:00,36,27.0,153,Continuity (2-mould press)
2026-05-29 00:00:00,C,75203,1225223516121PSKP0,2026-05-29 23:00:00,2026-05-30 07:00:00,36,27.0,153,Continuity (2-mould press)
2026-05-30 00:00:00,A,75203,1225223516121PSKP0,2026-05-30 07:00:00,2026-05-30 15:00:00,36,27.0,153,Continuity (2-mould press)
2026-05-30 00:00:00,B,75203,1225223516121PSKP0,2026-05-30 15:00:00,2026-05-30 16:36:00,7,27.0,153,Continuity (2-mould press)
2026-05-28 00:00:00,A,75204,1325219316087VURL0,2026-05-28 07:00:00,2026-05-28 15:00:00,60,16.0,0,Continuity (2-mould press)
2026-05-28 00:00:00,B,75204,1325219316087VURL0,2026-05-28 15:00:00,2026-05-28 23:00:00,60,16.0,0,Continuity (2-mould press)
2026-05-28 00:00:00,C,75204,1325219316087VURL0,2026-05-28 23:00:00,2026-05-29 07:00:00,60,16.0,0,Continuity (2-mould press)
2026-05-29 00:00:00,A,75204,1325219316087VURL0,2026-05-29 07:00:00,2026-05-29 15:00:00,60,16.0,0,Continuity (2-mould press)
2026-05-29 00:00:00,B,75204,1325219316087VURL0,2026-05-29 15:00:00,2026-05-29 23:00:00,60,16.0,0,Continuity (2-mould press)
2026-05-29 00:00:00,C,75204,1325219316087VURL0,2026-05-29 23:00:00,2026-05-30 01:40:00,20,16.0,0,Continuity (2-mould press)
2026-05-28 00:00:00,A,75205,1325223616105HRHT0,2026-05-28 07:00:00,2026-05-28 15:00:00,53,18.0,0,Continuity (2-mould press)
2026-05-28 00:00:00,B,75205,1325223616105HRHT0,2026-05-28 15:00:00,2026-05-28 23:00:00,53,18.0,0,Continuity (2-mould press)
2026-05-28 00:00:00,C,75205,1325223616105HRHT0,2026-05-28 23:00:00,2026-05-29 07:00:00,53,18.0,0,Continuity (2-mould press)
2026-05-29 00:00:00,A,75205,1325223616105HRHT0,2026-05-29 07:00:00,2026-05-29 15:00:00,53,18.0,0,Continuity (2-mould press)
2026-05-29 00:00:00,B,75205,1325223616105HRHT0,2026-05-29 15:00:00,2026-05-29 23:00:00,53,18.0,0,Continuity (2-mould press)
2026-05-29 00:00:00,C,75205,1325223616105HRHT0,2026-05-29 23:00:00,2026-05-30 07:00:00,53,18.0,0,Continuity (2-mould press)
2026-05-30 00:00:00,A,75205,1325223616105HRHT0,2026-05-30 07:00:00,2026-05-30 15:00:00,53,18.0,0,Continuity (2-mould press)
2026-05-30 00:00:00,B,75205,1325223616105HRHT0,2026-05-30 15:00:00,2026-05-30 23:00:00,53,18.0,0,Continuity (2-mould press)
2026-05-30 00:00:00,C,75205,1325223616105HRHT0,2026-05-30 23:00:00,2026-05-31 07:00:00,53,18.0,0,Continuity (2-mould press)
2026-05-31 00:00:00,A,75205,1325223616105HRHT0,2026-05-31 07:00:00,2026-05-31 15:00:00,53,18.0,0,Continuity (2-mould press)
2026-05-31 00:00:00,B,75205,1325223616105HRHT0,2026-05-31 15:00:00,2026-05-31 23:00:00,53,18.0,0,Continuity (2-mould press)
2026-05-31 00:00:00,C,75205,1325223616105HRHT0,2026-05-31 23:00:00,2026-06-01 07:00:00,53,18.0,0,Continuity (2-mould press)
2026-06-01 00:00:00,A,75205,1325223616105HRHT0,2026-06-01 07:00:00,2026-06-01 15:00:00,53,18.0,0,Continuity (2-mould press)
2026-06-01 00:00:00,B,75205,1325223616105HRHT0,2026-06-01 15:00:00,2026-06-01 23:00:00,53,18.0,0,Continuity (2-mould press)
2026-06-01 00:00:00,C,75205,1325223616105HRHT0,2026-06-01 23:00:00,2026-06-02 07:00:00,53,18.0,0,Continuity (2-mould press)
2026-06-02 00:00:00,A,75205,1325223616105HRHT0,2026-06-02 07:00:00,2026-06-02 15:00:00,53,18.0,0,Continuity (2-mould press)
2026-06-02 00:00:00,B,75205,1325223616105HRHT0,2026-06-02 15:00:00,2026-06-02 23:00:00,53,18.0,0,Continuity (2-mould press)
2026-06-02 00:00:00,C,75205,1325223616105HRHT0,2026-06-02 23:00:00,2026-06-03 07:00:00,53,18.0,0,Continuity (2-mould press)
2026-06-03 00:00:00,A,75205,1325223616105HRHT0,2026-06-03 07:00:00,2026-06-03 15:00:00,53,18.0,0,Continuity (2-mould press)
2026-06-03 00:00:00,B,75205,1325223616105HRHT0,2026-06-03 15:00:00,2026-06-03 23:00:00,53,18.0,0,Continuity (2-mould press)
2026-06-03 00:00:00,C,75205,1325223616105HRHT0,2026-06-03 23:00:00,2026-06-04 06:06:00,47,18.0,0,Continuity (2-mould press)
2026-05-28 00:00:00,A,75206,1325220516095HUTR0,2026-05-28 07:00:00,2026-05-28 15:00:00,51,19.0,0,Continuity (2-mould press)
2026-05-28 00:00:00,B,75206,1325220516095HUTR0,2026-05-28 15:00:00,2026-05-28 23:00:00,51,19.0,0,Continuity (2-mould press)
2026-05-28 00:00:00,C,75206,1325220516095HUTR0,2026-05-28 23:00:00,2026-05-29 07:00:00,51,19.0,0,Continuity (2-mould press)
2026-05-29 00:00:00,A,75206,1325220516095HUTR0,2026-05-29 07:00:00,2026-05-29 15:00:00,51,19.0,0,Continuity (2-mould press)
2026-05-29 00:00:00,B,75206,1325220516095HUTR0,2026-05-29 15:00:00,2026-05-29 23:00:00,51,19.0,0,Continuity (2-mould press)
2026-05-29 00:00:00,C,75206,1325220516095HUTR0,2026-05-29 23:00:00,2026-05-30 07:00:00,51,19.0,0,Continuity (2-mould press)
2026-05-30 00:00:00,A,75206,1325220516095HUTR0,2026-05-30 07:00:00,2026-05-30 15:00:00,51,19.0,0,Continuity (2-mould press)
2026-05-30 00:00:00,B,75206,1325220516095HUTR0,2026-05-30 15:00:00,2026-05-30 23:00:00,51,19.0,0,Continuity (2-mould press)
2026-05-30 00:00:00,C,75206,1325220516095HUTR0,2026-05-30 23:00:00,2026-05-31 07:00:00,51,19.0,0,Continuity (2-mould press)
2026-05-31 00:00:00,A,75206,1325220516095HUTR0,2026-05-31 07:00:00,2026-05-31 15:00:00,51,19.0,0,Continuity (2-mould press)
2026-05-31 00:00:00,B,75206,1325220516095HUTR0,2026-05-31 15:00:00,2026-05-31 23:00:00,51,19.0,0,Continuity (2-mould press)
2026-05-31 00:00:00,C,75206,1325220516095HUTR0,2026-05-31 23:00:00,2026-06-01 06:19:00,46,19.0,0,Continuity (2-mould press)
2026-05-28 00:00:00,A,75207,1325121715100SRXT0,2026-05-28 07:00:00,2026-05-28 15:00:00,48,20.0,0,Continuity (2-mould press)
2026-05-28 00:00:00,B,75207,1325121715100SRXT0,2026-05-28 15:00:00,2026-05-28 23:00:00,48,20.0,0,Continuity (2-mould press)
2026-05-28 00:00:00,C,75207,1325121715100SRXT0,2026-05-28 23:00:00,2026-05-29 07:00:00,48,20.0,0,Continuity (2-mould press)
2026-05-29 00:00:00,A,75207,1325121715100SRXT0,2026-05-29 07:00:00,2026-05-29 15:00:00,48,20.0,0,Continuity (2-mould press)
2026-05-29 00:00:00,B,75207,1325121715100SRXT0,2026-05-29 15:00:00,2026-05-29 23:00:00,48,20.0,0,Continuity (2-mould press)
2026-05-29 00:00:00,C,75207,1325121715100SRXT0,2026-05-29 23:00:00,2026-05-30 07:00:00,48,20.0,0,Continuity (2-mould press)
2026-05-30 00:00:00,A,75207,1325121715100SRXT0,2026-05-30 07:00:00,2026-05-30 15:00:00,48,20.0,0,Continuity (2-mould press)
2026-05-30 00:00:00,B,75207,1325121715100SRXT0,2026-05-30 15:00:00,2026-05-30 19:40:00,28,20.0,0,Continuity (2-mould press)
2026-05-28 00:00:00,A,75208,1D25215013008SXC11,2026-05-28 07:00:00,2026-05-28 15:00:00,51,19.0,182,Continuity (2-mould press)
2026-05-28 00:00:00,B,75208,1D25215013008SXC11,2026-05-28 15:00:00,2026-05-28 23:00:00,51,19.0,182,Continuity (2-mould press)
2026-05-28 00:00:00,C,75208,1D25215013008SXC11,2026-05-28 23:00:00,2026-05-29 07:00:00,51,19.0,182,Continuity (2-mould press)
2026-05-29 00:00:00,A,75208,1D25215013008SXC11,2026-05-29 07:00:00,2026-05-29 15:00:00,51,19.0,182,Continuity (2-mould press)
2026-05-29 00:00:00,B,75208,1D25215013008SXC11,2026-05-29 15:00:00,2026-05-29 23:00:00,51,19.0,182,Continuity (2-mould press)
2026-05-29 00:00:00,C,75208,1D25215013008SXC11,2026-05-29 23:00:00,2026-05-30 07:00:00,51,19.0,182,Continuity (2-mould press)
2026-05-30 00:00:00,A,75208,1D25215013008SXC11,2026-05-30 07:00:00,2026-05-30 15:00:00,51,19.0,182,Continuity (2-mould press)
2026-05-30 00:00:00,B,75208,1D25215013008SXC11,2026-05-30 15:00:00,2026-05-30 23:00:00,51,19.0,182,Continuity (2-mould press)
2026-05-30 00:00:00,C,75208,1D25215013008SXC11,2026-05-30 23:00:00,2026-05-31 07:00:00,51,19.0,182,Continuity (2-mould press)
2026-05-31 00:00:00,A,75208,1D25215013008SXC11,2026-05-31 07:00:00,2026-05-31 15:00:00,51,19.0,182,Continuity (2-mould press)
2026-05-31 00:00:00,B,75208,1D25215013008SXC11,2026-05-31 15:00:00,2026-05-31 23:00:00,51,19.0,182,Continuity (2-mould press)
2026-05-31 00:00:00,C,75208,1D25215013008SXC11,2026-05-31 23:00:00,2026-06-01 07:00:00,51,19.0,182,Continuity (2-mould press)
2026-06-01 00:00:00,A,75208,1D25215013008SXC11,2026-06-01 07:00:00,2026-06-01 11:04:00,26,19.0,182,Continuity (2-mould press)
2026-05-28 00:00:00,A,75209,1D25215013008SXC11,2026-05-28 07:00:00,2026-05-28 15:00:00,51,19.0,182,Continuity (2-mould press)
2026-05-28 00:00:00,B,75209,1D25215013008SXC11,2026-05-28 15:00:00,2026-05-28 23:00:00,51,19.0,182,Continuity (2-mould press)
2026-05-28 00:00:00,C,75209,1D25215013008SXC11,2026-05-28 23:00:00,2026-05-29 07:00:00,51,19.0,182,Continuity (2-mould press)
2026-05-29 00:00:00,A,75209,1D25215013008SXC11,2026-05-29 07:00:00,2026-05-29 15:00:00,51,19.0,182,Continuity (2-mould press)
2026-05-29 00:00:00,B,75209,1D25215013008SXC11,2026-05-29 15:00:00,2026-05-29 23:00:00,51,19.0,182,Continuity (2-mould press)
2026-05-29 00:00:00,C,75209,1D25215013008SXC11,2026-05-29 23:00:00,2026-05-30 07:00:00,51,19.0,182,Continuity (2-mould press)
2026-05-30 00:00:00,A,75209,1D25215013008SXC11,2026-05-30 07:00:00,2026-05-30 15:00:00,51,19.0,182,Continuity (2-mould press)
2026-05-30 00:00:00,B,75209,1D25215013008SXC11,2026-05-30 15:00:00,2026-05-30 23:00:00,51,19.0,182,Continuity (2-mould press)
2026-05-30 00:00:00,C,75209,1D25215013008SXC11,2026-05-30 23:00:00,2026-05-31 07:00:00,51,19.0,182,Continuity (2-mould press)
2026-05-31 00:00:00,A,75209,1D25215013008SXC11,2026-05-31 07:00:00,2026-05-31 15:00:00,51,19.0,182,Continuity (2-mould press)
2026-05-31 00:00:00,B,75209,1D25215013008SXC11,2026-05-31 15:00:00,2026-05-31 23:00:00,51,19.0,182,Continuity (2-mould press)
2026-05-31 00:00:00,C,75209,1D25215013008SXC11,2026-05-31 23:00:00,2026-06-01 07:00:00,51,19.0,182,Continuity (2-mould press)
2026-06-01 00:00:00,A,75209,1D25215013008SXC11,2026-06-01 07:00:00,2026-06-01 09:10:00,14,19.0,182,Continuity (2-mould press)
2026-05-28 00:00:00,A,75210,1D25215Z13008QXPC0,2026-05-28 07:00:00,2026-05-28 15:00:00,48,20.0,0,Continuity (2-mould press)
2026-05-28 00:00:00,B,75210,1D25215Z13008QXPC0,2026-05-28 15:00:00,2026-05-28 17:40:00,16,20.0,0,Continuity (2-mould press)
2026-05-28 00:00:00,A,75211,1325220516095HUTR0,2026-05-28 07:00:00,2026-05-28 15:00:00,51,19.0,0,Continuity (2-mould press)
2026-05-28 00:00:00,B,75211,1325220516095HUTR0,2026-05-28 15:00:00,2026-05-28 23:00:00,51,19.0,0,Continuity (2-mould press)
2026-05-28 00:00:00,C,75211,1325220516095HUTR0,2026-05-28 23:00:00,2026-05-29 07:00:00,51,19.0,0,Continuity (2-mould press)
2026-05-29 00:00:00,A,75211,1325220516095HUTR0,2026-05-29 07:00:00,2026-05-29 15:00:00,51,19.0,0,Continuity (2-mould press)
2026-05-29 00:00:00,B,75211,1325220516095HUTR0,2026-05-29 15:00:00,2026-05-29 23:00:00,51,19.0,0,Continuity (2-mould press)
2026-05-29 00:00:00,C,75211,1325220516095HUTR0,2026-05-29 23:00:00,2026-05-30 07:00:00,51,19.0,0,Continuity (2-mould press)
2026-05-30 00:00:00,A,75211,1325220516095HUTR0,2026-05-30 07:00:00,2026-05-30 15:00:00,51,19.0,0,Continuity (2-mould press)
2026-05-30 00:00:00,B,75211,1325220516095HUTR0,2026-05-30 15:00:00,2026-05-30 23:00:00,51,19.0,0,Continuity (2-mould press)
2026-05-30 00:00:00,C,75211,1325220516095HUTR0,2026-05-30 23:00:00,2026-05-31 07:00:00,51,19.0,0,Continuity (2-mould press)
2026-05-31 00:00:00,A,75211,1325220516095HUTR0,2026-05-31 07:00:00,2026-05-31 15:00:00,51,19.0,0,Continuity (2-mould press)
2026-05-31 00:00:00,B,75211,1325220516095HUTR0,2026-05-31 15:00:00,2026-05-31 23:00:00,51,19.0,0,Continuity (2-mould press)
2026-05-31 00:00:00,C,75211,1325220516095HUTR0,2026-05-31 23:00:00,2026-06-01 06:19:00,46,19.0,0,Continuity (2-mould press)
2026-05-28 00:00:00,A,75212,1325221417100HURL1,2026-05-28 07:00:00,2026-05-28 15:00:00,48,20.0,325,Continuity (2-mould press)
2026-05-28 00:00:00,B,75212,1325221417100HURL1,2026-05-28 15:00:00,2026-05-28 23:00:00,48,20.0,325,Continuity (2-mould press)
2026-05-28 00:00:00,C,75212,1325221417100HURL1,2026-05-28 23:00:00,2026-05-29 07:00:00,48,20.0,325,Continuity (2-mould press)
2026-05-29 00:00:00,A,75212,1325221417100HURL1,2026-05-29 07:00:00,2026-05-29 15:00:00,48,20.0,325,Continuity (2-mould press)
2026-05-29 00:00:00,B,75212,1325221417100HURL1,2026-05-29 15:00:00,2026-05-29 23:00:00,48,20.0,325,Continuity (2-mould press)
2026-05-29 00:00:00,C,75212,1325221417100HURL1,2026-05-29 23:00:00,2026-05-30 07:00:00,48,20.0,325,Continuity (2-mould press)
2026-05-30 00:00:00,A,75212,1325221417100HURL1,2026-05-30 07:00:00,2026-05-30 15:00:00,48,20.0,325,Continuity (2-mould press)
2026-05-30 00:00:00,B,75212,1325221417100HURL1,2026-05-30 15:00:00,2026-05-30 23:00:00,48,20.0,325,Continuity (2-mould press)
2026-05-30 00:00:00,C,75212,1325221417100HURL1,2026-05-30 23:00:00,2026-05-31 07:00:00,48,20.0,325,Continuity (2-mould press)
2026-05-31 00:00:00,A,75212,1325221417100HURL1,2026-05-31 07:00:00,2026-05-31 15:00:00,48,20.0,325,Continuity (2-mould press)
2026-05-31 00:00:00,B,75212,1325221417100HURL1,2026-05-31 15:00:00,2026-05-31 23:00:00,48,20.0,325,Continuity (2-mould press)
2026-05-31 00:00:00,C,75212,1325221417100HURL1,2026-05-31 23:00:00,2026-06-01 05:40:00,40,20.0,325,Continuity (2-mould press)
2026-05-28 00:00:00,A,75213,1325220516095HUTR0,2026-05-28 07:00:00,2026-05-28 15:00:00,51,19.0,0,Continuity (2-mould press)
2026-05-28 00:00:00,B,75213,1325220516095HUTR0,2026-05-28 15:00:00,2026-05-28 23:00:00,51,19.0,0,Continuity (2-mould press)
2026-05-28 00:00:00,C,75213,1325220516095HUTR0,2026-05-28 23:00:00,2026-05-29 07:00:00,51,19.0,0,Continuity (2-mould press)
2026-05-29 00:00:00,A,75213,1325220516095HUTR0,2026-05-29 07:00:00,2026-05-29 15:00:00,51,19.0,0,Continuity (2-mould press)
2026-05-29 00:00:00,B,75213,1325220516095HUTR0,2026-05-29 15:00:00,2026-05-29 23:00:00,51,19.0,0,Continuity (2-mould press)
2026-05-29 00:00:00,C,75213,1325220516095HUTR0,2026-05-29 23:00:00,2026-05-30 07:00:00,51,19.0,0,Continuity (2-mould press)
2026-05-30 00:00:00,A,75213,1325220516095HUTR0,2026-05-30 07:00:00,2026-05-30 15:00:00,51,19.0,0,Continuity (2-mould press)
2026-05-30 00:00:00,B,75213,1325220516095HUTR0,2026-05-30 15:00:00,2026-05-30 23:00:00,51,19.0,0,Continuity (2-mould press)
2026-05-30 00:00:00,C,75213,1325220516095HUTR0,2026-05-30 23:00:00,2026-05-31 07:00:00,51,19.0,0,Continuity (2-mould press)
2026-05-31 00:00:00,A,75213,1325220516095HUTR0,2026-05-31 07:00:00,2026-05-31 15:00:00,51,19.0,0,Continuity (2-mould press)
2026-05-31 00:00:00,B,75213,1325220516095HUTR0,2026-05-31 15:00:00,2026-05-31 23:00:00,51,19.0,0,Continuity (2-mould press)
2026-05-31 00:00:00,C,75213,1325220516095HUTR0,2026-05-31 23:00:00,2026-06-01 06:19:00,46,19.0,0,Continuity (2-mould press)
2026-05-28 00:00:00,A,75214,1325216614081STMX0,2026-05-28 07:00:00,2026-05-28 15:00:00,60,16.0,147,Continuity (2-mould press)
2026-05-28 00:00:00,B,75214,1325216614081STMX0,2026-05-28 15:00:00,2026-05-28 23:00:00,60,16.0,147,Continuity (2-mould press)
2026-05-28 00:00:00,C,75214,1325216614081STMX0,2026-05-28 23:00:00,2026-05-29 07:00:00,60,16.0,147,Continuity (2-mould press)
2026-05-29 00:00:00,A,75214,1325216614081STMX0,2026-05-29 07:00:00,2026-05-29 15:00:00,60,16.0,147,Continuity (2-mould press)
2026-05-29 00:00:00,B,75214,1325216614081STMX0,2026-05-29 15:00:00,2026-05-29 23:00:00,60,16.0,147,Continuity (2-mould press)
2026-05-29 00:00:00,C,75214,1325216614081STMX0,2026-05-29 23:00:00,2026-05-30 07:00:00,60,16.0,147,Continuity (2-mould press)
2026-05-30 00:00:00,A,75214,1325216614081STMX0,2026-05-30 07:00:00,2026-05-30 15:00:00,60,16.0,147,Continuity (2-mould press)
2026-05-30 00:00:00,B,75214,1325216614081STMX0,2026-05-30 15:00:00,2026-05-30 23:00:00,60,16.0,147,Continuity (2-mould press)
2026-05-30 00:00:00,C,75214,1325216614081STMX0,2026-05-30 23:00:00,2026-05-31 07:00:00,60,16.0,147,Continuity (2-mould press)
2026-05-31 00:00:00,A,75214,1325216614081STMX0,2026-05-31 07:00:00,2026-05-31 07:16:00,2,16.0,147,Continuity (2-mould press)
2026-05-28 00:00:00,A,75215,1325218515088HURL1,2026-05-28 07:00:00,2026-05-28 15:00:00,56,17.0,0,Continuity (2-mould press)
2026-05-28 00:00:00,B,75215,1325218515088HURL1,2026-05-28 15:00:00,2026-05-28 23:00:00,56,17.0,0,Continuity (2-mould press)
2026-05-28 00:00:00,C,75215,1325218515088HURL1,2026-05-28 23:00:00,2026-05-29 07:00:00,56,17.0,0,Continuity (2-mould press)
2026-05-29 00:00:00,A,75215,1325218515088HURL1,2026-05-29 07:00:00,2026-05-29 15:00:00,56,17.0,0,Continuity (2-mould press)
2026-05-29 00:00:00,B,75215,1325218515088HURL1,2026-05-29 15:00:00,2026-05-29 23:00:00,56,17.0,0,Continuity (2-mould press)
2026-05-29 00:00:00,C,75215,1325218515088HURL1,2026-05-29 23:00:00,2026-05-30 07:00:00,56,17.0,0,Continuity (2-mould press)
2026-05-30 00:00:00,A,75215,1325218515088HURL1,2026-05-30 07:00:00,2026-05-30 15:00:00,56,17.0,0,Continuity (2-mould press)
2026-05-30 00:00:00,B,75215,1325218515088HURL1,2026-05-30 15:00:00,2026-05-30 23:00:00,56,17.0,0,Continuity (2-mould press)
2026-05-30 00:00:00,C,75215,1325218515088HURL1,2026-05-30 23:00:00,2026-05-31 07:00:00,56,17.0,0,Continuity (2-mould press)
2026-05-31 00:00:00,A,75215,1325218515088HURL1,2026-05-31 07:00:00,2026-05-31 15:00:00,56,17.0,0,Continuity (2-mould press)
2026-05-31 00:00:00,B,75215,1325218515088HURL1,2026-05-31 15:00:00,2026-05-31 23:00:00,56,17.0,0,Continuity (2-mould press)
2026-05-31 00:00:00,C,75215,1325218515088HURL1,2026-05-31 23:00:00,2026-06-01 04:13:00,37,17.0,0,Continuity (2-mould press)
2026-05-28 00:00:00,A,75216,1325221417100HURL1,2026-05-28 07:00:00,2026-05-28 15:00:00,48,20.0,325,Continuity (2-mould press)
2026-05-28 00:00:00,B,75216,1325221417100HURL1,2026-05-28 15:00:00,2026-05-28 23:00:00,48,20.0,325,Continuity (2-mould press)
2026-05-28 00:00:00,C,75216,1325221417100HURL1,2026-05-28 23:00:00,2026-05-29 07:00:00,48,20.0,325,Continuity (2-mould press)
2026-05-29 00:00:00,A,75216,1325221417100HURL1,2026-05-29 07:00:00,2026-05-29 15:00:00,48,20.0,325,Continuity (2-mould press)
2026-05-29 00:00:00,B,75216,1325221417100HURL1,2026-05-29 15:00:00,2026-05-29 23:00:00,48,20.0,325,Continuity (2-mould press)
2026-05-29 00:00:00,C,75216,1325221417100HURL1,2026-05-29 23:00:00,2026-05-30 07:00:00,48,20.0,325,Continuity (2-mould press)
2026-05-30 00:00:00,A,75216,1325221417100HURL1,2026-05-30 07:00:00,2026-05-30 15:00:00,48,20.0,325,Continuity (2-mould press)
2026-05-30 00:00:00,B,75216,1325221417100HURL1,2026-05-30 15:00:00,2026-05-30 23:00:00,48,20.0,325,Continuity (2-mould press)
2026-05-30 00:00:00,C,75216,1325221417100HURL1,2026-05-30 23:00:00,2026-05-31 07:00:00,48,20.0,325,Continuity (2-mould press)
2026-05-31 00:00:00,A,75216,1325221417100HURL1,2026-05-31 07:00:00,2026-05-31 15:00:00,48,20.0,325,Continuity (2-mould press)
2026-05-31 00:00:00,B,75216,1325221417100HURL1,2026-05-31 15:00:00,2026-05-31 23:00:00,48,20.0,325,Continuity (2-mould press)
2026-05-31 00:00:00,C,75216,1325221417100HURL1,2026-05-31 23:00:00,2026-06-01 05:40:00,40,20.0,325,Continuity (2-mould press)
2026-05-28 00:00:00,A,75217,1D25215Z13008QXPC0,2026-05-28 07:00:00,2026-05-28 15:00:00,48,20.0,0,Continuity (2-mould press)
2026-05-28 00:00:00,B,75217,1D25215Z13008QXPC0,2026-05-28 15:00:00,2026-05-28 17:40:00,16,20.0,0,Continuity (2-mould press)
2026-05-28 00:00:00,A,75218,1325220516095HUTR0,2026-05-28 07:00:00,2026-05-28 15:00:00,51,19.0,0,Continuity (2-mould press)
2026-05-28 00:00:00,B,75218,1325220516095HUTR0,2026-05-28 15:00:00,2026-05-28 23:00:00,51,19.0,0,Continuity (2-mould press)
2026-05-28 00:00:00,C,75218,1325220516095HUTR0,2026-05-28 23:00:00,2026-05-29 07:00:00,51,19.0,0,Continuity (2-mould press)
2026-05-29 00:00:00,A,75218,1325220516095HUTR0,2026-05-29 07:00:00,2026-05-29 15:00:00,51,19.0,0,Continuity (2-mould press)
2026-05-29 00:00:00,B,75218,1325220516095HUTR0,2026-05-29 15:00:00,2026-05-29 23:00:00,51,19.0,0,Continuity (2-mould press)
2026-05-29 00:00:00,C,75218,1325220516095HUTR0,2026-05-29 23:00:00,2026-05-30 07:00:00,51,19.0,0,Continuity (2-mould press)
2026-05-30 00:00:00,A,75218,1325220516095HUTR0,2026-05-30 07:00:00,2026-05-30 15:00:00,51,19.0,0,Continuity (2-mould press)
2026-05-30 00:00:00,B,75218,1325220516095HUTR0,2026-05-30 15:00:00,2026-05-30 23:00:00,51,19.0,0,Continuity (2-mould press)
2026-05-30 00:00:00,C,75218,1325220516095HUTR0,2026-05-30 23:00:00,2026-05-31 07:00:00,51,19.0,0,Continuity (2-mould press)
2026-05-31 00:00:00,A,75218,1325220516095HUTR0,2026-05-31 07:00:00,2026-05-31 15:00:00,51,19.0,0,Continuity (2-mould press)
2026-05-31 00:00:00,B,75218,1325220516095HUTR0,2026-05-31 15:00:00,2026-05-31 23:00:00,51,19.0,0,Continuity (2-mould press)
2026-05-31 00:00:00,C,75218,1325220516095HUTR0,2026-05-31 23:00:00,2026-06-01 06:19:00,46,19.0,0,Continuity (2-mould press)
2026-05-28 00:00:00,A,75219,1D25215Z13008QXPC0,2026-05-28 07:00:00,2026-05-28 15:00:00,48,20.0,0,Continuity (2-mould press)
2026-05-28 00:00:00,B,75219,1D25215Z13008QXPC0,2026-05-28 15:00:00,2026-05-28 17:40:00,16,20.0,0,Continuity (2-mould press)
2026-05-28 00:00:00,A,75220,1325121715100SRXT0,2026-05-28 07:00:00,2026-05-28 15:00:00,48,20.0,0,Continuity (2-mould press)
2026-05-28 00:00:00,B,75220,1325121715100SRXT0,2026-05-28 15:00:00,2026-05-28 23:00:00,48,20.0,0,Continuity (2-mould press)
2026-05-28 00:00:00,C,75220,1325121715100SRXT0,2026-05-28 23:00:00,2026-05-29 07:00:00,48,20.0,0,Continuity (2-mould press)
2026-05-29 00:00:00,A,75220,1325121715100SRXT0,2026-05-29 07:00:00,2026-05-29 15:00:00,48,20.0,0,Continuity (2-mould press)
2026-05-29 00:00:00,B,75220,1325121715100SRXT0,2026-05-29 15:00:00,2026-05-29 23:00:00,48,20.0,0,Continuity (2-mould press)
2026-05-29 00:00:00,C,75220,1325121715100SRXT0,2026-05-29 23:00:00,2026-05-30 07:00:00,48,20.0,0,Continuity (2-mould press)
2026-05-30 00:00:00,A,75220,1325121715100SRXT0,2026-05-30 07:00:00,2026-05-30 15:00:00,48,20.0,0,Continuity (2-mould press)
2026-05-30 00:00:00,B,75220,1325121715100SRXT0,2026-05-30 15:00:00,2026-05-30 19:40:00,28,20.0,0,Continuity (2-mould press)
2026-05-28 00:00:00,A,75221,1325216814085SUTR0,2026-05-28 07:00:00,2026-05-28 15:00:00,56,17.0,0,Continuity (2-mould press)
2026-05-28 00:00:00,B,75221,1325216814085SUTR0,2026-05-28 15:00:00,2026-05-28 23:00:00,56,17.0,0,Continuity (2-mould press)
2026-05-28 00:00:00,C,75221,1325216814085SUTR0,2026-05-28 23:00:00,2026-05-29 07:00:00,56,17.0,0,Continuity (2-mould press)
2026-05-29 00:00:00,A,75221,1325216814085SUTR0,2026-05-29 07:00:00,2026-05-29 15:00:00,56,17.0,0,Continuity (2-mould press)
2026-05-29 00:00:00,B,75221,1325216814085SUTR0,2026-05-29 15:00:00,2026-05-29 23:00:00,56,17.0,0,Continuity (2-mould press)
2026-05-29 00:00:00,C,75221,1325216814085SUTR0,2026-05-29 23:00:00,2026-05-30 07:00:00,56,17.0,0,Continuity (2-mould press)
2026-05-30 00:00:00,A,75221,1325216814085SUTR0,2026-05-30 07:00:00,2026-05-30 15:00:00,56,17.0,0,Continuity (2-mould press)
2026-05-30 00:00:00,B,75221,1325216814085SUTR0,2026-05-30 15:00:00,2026-05-30 23:00:00,56,17.0,0,Continuity (2-mould press)
2026-05-30 00:00:00,C,75221,1325216814085SUTR0,2026-05-30 23:00:00,2026-05-31 07:00:00,56,17.0,0,Continuity (2-mould press)
2026-05-31 00:00:00,A,75221,1325216814085SUTR0,2026-05-31 07:00:00,2026-05-31 15:00:00,56,17.0,0,Continuity (2-mould press)
2026-05-31 00:00:00,B,75221,1325216814085SUTR0,2026-05-31 15:00:00,2026-05-31 17:27:00,17,17.0,0,Continuity (2-mould press)
2026-05-28 00:00:00,A,75222,1325221417100HURL1,2026-05-28 07:00:00,2026-05-28 15:00:00,48,20.0,325,Continuity (2-mould press)
2026-05-28 00:00:00,B,75222,1325221417100HURL1,2026-05-28 15:00:00,2026-05-28 23:00:00,48,20.0,325,Continuity (2-mould press)
2026-05-28 00:00:00,C,75222,1325221417100HURL1,2026-05-28 23:00:00,2026-05-29 07:00:00,48,20.0,325,Continuity (2-mould press)
2026-05-29 00:00:00,A,75222,1325221417100HURL1,2026-05-29 07:00:00,2026-05-29 15:00:00,48,20.0,325,Continuity (2-mould press)
2026-05-29 00:00:00,B,75222,1325221417100HURL1,2026-05-29 15:00:00,2026-05-29 23:00:00,48,20.0,325,Continuity (2-mould press)
2026-05-29 00:00:00,C,75222,1325221417100HURL1,2026-05-29 23:00:00,2026-05-30 07:00:00,48,20.0,325,Continuity (2-mould press)
2026-05-30 00:00:00,A,75222,1325221417100HURL1,2026-05-30 07:00:00,2026-05-30 15:00:00,48,20.0,325,Continuity (2-mould press)
2026-05-30 00:00:00,B,75222,1325221417100HURL1,2026-05-30 15:00:00,2026-05-30 23:00:00,48,20.0,325,Continuity (2-mould press)
2026-05-30 00:00:00,C,75222,1325221417100HURL1,2026-05-30 23:00:00,2026-05-31 07:00:00,48,20.0,325,Continuity (2-mould press)
2026-05-31 00:00:00,A,75222,1325221417100HURL1,2026-05-31 07:00:00,2026-05-31 15:00:00,48,20.0,325,Continuity (2-mould press)
2026-05-31 00:00:00,B,75222,1325221417100HURL1,2026-05-31 15:00:00,2026-05-31 23:00:00,48,20.0,325,Continuity (2-mould press)
2026-05-31 00:00:00,C,75222,1325221417100HURL1,2026-05-31 23:00:00,2026-06-01 05:40:00,40,20.0,325,Continuity (2-mould press)
2026-05-28 00:00:00,A,75223,1325221417100HURL1,2026-05-28 07:00:00,2026-05-28 15:00:00,48,20.0,325,Continuity (2-mould press)
2026-05-28 00:00:00,B,75223,1325221417100HURL1,2026-05-28 15:00:00,2026-05-28 23:00:00,48,20.0,325,Continuity (2-mould press)
2026-05-28 00:00:00,C,75223,1325221417100HURL1,2026-05-28 23:00:00,2026-05-29 07:00:00,48,20.0,325,Continuity (2-mould press)
2026-05-29 00:00:00,A,75223,1325221417100HURL1,2026-05-29 07:00:00,2026-05-29 15:00:00,48,20.0,325,Continuity (2-mould press)
2026-05-29 00:00:00,B,75223,1325221417100HURL1,2026-05-29 15:00:00,2026-05-29 23:00:00,48,20.0,325,Continuity (2-mould press)
2026-05-29 00:00:00,C,75223,1325221417100HURL1,2026-05-29 23:00:00,2026-05-30 07:00:00,48,20.0,325,Continuity (2-mould press)
2026-05-30 00:00:00,A,75223,1325221417100HURL1,2026-05-30 07:00:00,2026-05-30 15:00:00,48,20.0,325,Continuity (2-mould press)
2026-05-30 00:00:00,B,75223,1325221417100HURL1,2026-05-30 15:00:00,2026-05-30 23:00:00,48,20.0,325,Continuity (2-mould press)
2026-05-30 00:00:00,C,75223,1325221417100HURL1,2026-05-30 23:00:00,2026-05-31 07:00:00,48,20.0,325,Continuity (2-mould press)
2026-05-31 00:00:00,A,75223,1325221417100HURL1,2026-05-31 07:00:00,2026-05-31 15:00:00,48,20.0,325,Continuity (2-mould press)
2026-05-31 00:00:00,B,75223,1325221417100HURL1,2026-05-31 15:00:00,2026-05-31 23:00:00,48,20.0,325,Continuity (2-mould press)
2026-05-31 00:00:00,C,75223,1325221417100HURL1,2026-05-31 23:00:00,2026-06-01 05:20:00,38,20.0,325,Continuity (2-mould press)
2026-05-28 00:00:00,A,75224,1325219316087VUTR0,2026-05-28 07:00:00,2026-05-28 15:00:00,56,17.0,0,Continuity (2-mould press)
2026-05-28 00:00:00,B,75224,1325219316087VUTR0,2026-05-28 15:00:00,2026-05-28 23:00:00,56,17.0,0,Continuity (2-mould press)
2026-05-28 00:00:00,C,75224,1325219316087VUTR0,2026-05-28 23:00:00,2026-05-29 07:00:00,56,17.0,0,Continuity (2-mould press)
2026-05-29 00:00:00,A,75224,1325219316087VUTR0,2026-05-29 07:00:00,2026-05-29 15:00:00,56,17.0,0,Continuity (2-mould press)
2026-05-29 00:00:00,B,75224,1325219316087VUTR0,2026-05-29 15:00:00,2026-05-29 23:00:00,56,17.0,0,Continuity (2-mould press)
2026-05-29 00:00:00,C,75224,1325219316087VUTR0,2026-05-29 23:00:00,2026-05-30 07:00:00,56,17.0,0,Continuity (2-mould press)
2026-05-30 00:00:00,A,75224,1325219316087VUTR0,2026-05-30 07:00:00,2026-05-30 15:00:00,56,17.0,0,Continuity (2-mould press)
2026-05-30 00:00:00,B,75224,1325219316087VUTR0,2026-05-30 15:00:00,2026-05-30 23:00:00,56,17.0,0,Continuity (2-mould press)
2026-05-30 00:00:00,C,75224,1325219316087VUTR0,2026-05-30 23:00:00,2026-05-31 07:00:00,56,17.0,0,Continuity (2-mould press)
2026-05-31 00:00:00,A,75224,1325219316087VUTR0,2026-05-31 07:00:00,2026-05-31 15:00:00,56,17.0,0,Continuity (2-mould press)
2026-05-31 00:00:00,B,75224,1325219316087VUTR0,2026-05-31 15:00:00,2026-05-31 23:00:00,56,17.0,0,Continuity (2-mould press)
2026-05-31 00:00:00,C,75224,1325219316087VUTR0,2026-05-31 23:00:00,2026-06-01 01:40:00,19,17.0,0,Continuity (2-mould press)
2026-05-28 00:00:00,A,75225,1325216814085TURL0,2026-05-28 07:00:00,2026-05-28 07:15:00,2,15.0,0,Continuity (2-mould press)
2026-05-28 00:00:00,A,75226,1225223516121PSKP0,2026-05-28 07:00:00,2026-05-28 15:00:00,36,27.0,153,Continuity (2-mould press)
2026-05-28 00:00:00,B,75226,1225223516121PSKP0,2026-05-28 15:00:00,2026-05-28 23:00:00,36,27.0,153,Continuity (2-mould press)
2026-05-28 00:00:00,C,75226,1225223516121PSKP0,2026-05-28 23:00:00,2026-05-29 07:00:00,36,27.0,153,Continuity (2-mould press)
2026-05-29 00:00:00,A,75226,1225223516121PSKP0,2026-05-29 07:00:00,2026-05-29 15:00:00,36,27.0,153,Continuity (2-mould press)
2026-05-29 00:00:00,B,75226,1225223516121PSKP0,2026-05-29 15:00:00,2026-05-29 23:00:00,36,27.0,153,Continuity (2-mould press)
2026-05-29 00:00:00,C,75226,1225223516121PSKP0,2026-05-29 23:00:00,2026-05-30 07:00:00,36,27.0,153,Continuity (2-mould press)
2026-05-30 00:00:00,A,75226,1225223516121PSKP0,2026-05-30 07:00:00,2026-05-30 15:00:00,36,27.0,153,Continuity (2-mould press)
2026-05-30 00:00:00,B,75226,1225223516121PSKP0,2026-05-30 15:00:00,2026-05-30 17:57:00,13,27.0,153,Continuity (2-mould press)
2026-05-28 00:00:00,A,75227,1225223516121PSKP0,2026-05-28 07:00:00,2026-05-28 15:00:00,36,27.0,153,Continuity (2-mould press)
2026-05-28 00:00:00,B,75227,1225223516121PSKP0,2026-05-28 15:00:00,2026-05-28 23:00:00,36,27.0,153,Continuity (2-mould press)
2026-05-28 00:00:00,C,75227,1225223516121PSKP0,2026-05-28 23:00:00,2026-05-29 07:00:00,36,27.0,153,Continuity (2-mould press)
2026-05-29 00:00:00,A,75227,1225223516121PSKP0,2026-05-29 07:00:00,2026-05-29 15:00:00,36,27.0,153,Continuity (2-mould press)
2026-05-29 00:00:00,B,75227,1225223516121PSKP0,2026-05-29 15:00:00,2026-05-29 23:00:00,36,27.0,153,Continuity (2-mould press)
2026-05-29 00:00:00,C,75227,1225223516121PSKP0,2026-05-29 23:00:00,2026-05-30 07:00:00,36,27.0,153,Continuity (2-mould press)
2026-05-30 00:00:00,A,75227,1225223516121PSKP0,2026-05-30 07:00:00,2026-05-30 15:00:00,36,27.0,153,Continuity (2-mould press)
2026-05-30 00:00:00,B,75227,1225223516121PSKP0,2026-05-30 15:00:00,2026-05-30 17:57:00,13,27.0,153,Continuity (2-mould press)
2026-05-28 00:00:00,A,75228,1D25215013008SXC11,2026-05-28 07:00:00,2026-05-28 15:00:00,51,19.0,182,Continuity (2-mould press)
2026-05-28 00:00:00,B,75228,1D25215013008SXC11,2026-05-28 15:00:00,2026-05-28 23:00:00,51,19.0,182,Continuity (2-mould press)
2026-05-28 00:00:00,C,75228,1D25215013008SXC11,2026-05-28 23:00:00,2026-05-29 07:00:00,51,19.0,182,Continuity (2-mould press)
2026-05-29 00:00:00,A,75228,1D25215013008SXC11,2026-05-29 07:00:00,2026-05-29 15:00:00,51,19.0,182,Continuity (2-mould press)
2026-05-29 00:00:00,B,75228,1D25215013008SXC11,2026-05-29 15:00:00,2026-05-29 23:00:00,51,19.0,182,Continuity (2-mould press)
2026-05-29 00:00:00,C,75228,1D25215013008SXC11,2026-05-29 23:00:00,2026-05-30 07:00:00,51,19.0,182,Continuity (2-mould press)
2026-05-30 00:00:00,A,75228,1D25215013008SXC11,2026-05-30 07:00:00,2026-05-30 15:00:00,51,19.0,182,Continuity (2-mould press)
2026-05-30 00:00:00,B,75228,1D25215013008SXC11,2026-05-30 15:00:00,2026-05-30 23:00:00,51,19.0,182,Continuity (2-mould press)
2026-05-30 00:00:00,C,75228,1D25215013008SXC11,2026-05-30 23:00:00,2026-05-31 07:00:00,51,19.0,182,Continuity (2-mould press)
2026-05-31 00:00:00,A,75228,1D25215013008SXC11,2026-05-31 07:00:00,2026-05-31 15:00:00,51,19.0,182,Continuity (2-mould press)
2026-05-31 00:00:00,B,75228,1D25215013008SXC11,2026-05-31 15:00:00,2026-05-31 23:00:00,51,19.0,182,Continuity (2-mould press)
2026-05-31 00:00:00,C,75228,1D25215013008SXC11,2026-05-31 23:00:00,2026-06-01 07:00:00,51,19.0,182,Continuity (2-mould press)
2026-06-01 00:00:00,A,75228,1D25215013008SXC11,2026-06-01 07:00:00,2026-06-01 11:04:00,26,19.0,182,Continuity (2-mould press)
2026-05-28 00:00:00,A,75229,1325217514082TUTR0,2026-05-28 07:00:00,2026-05-28 15:00:00,56,17.0,0,Continuity (2-mould press)
2026-05-28 00:00:00,B,75229,1325217514082TUTR0,2026-05-28 15:00:00,2026-05-28 23:00:00,56,17.0,0,Continuity (2-mould press)
2026-05-28 00:00:00,C,75229,1325217514082TUTR0,2026-05-28 23:00:00,2026-05-29 07:00:00,56,17.0,0,Continuity (2-mould press)
2026-05-29 00:00:00,A,75229,1325217514082TUTR0,2026-05-29 07:00:00,2026-05-29 15:00:00,56,17.0,0,Continuity (2-mould press)
2026-05-29 00:00:00,B,75229,1325217514082TUTR0,2026-05-29 15:00:00,2026-05-29 23:00:00,56,17.0,0,Continuity (2-mould press)
2026-05-29 00:00:00,C,75229,1325217514082TUTR0,2026-05-29 23:00:00,2026-05-30 07:00:00,56,17.0,0,Continuity (2-mould press)
2026-05-30 00:00:00,A,75229,1325217514082TUTR0,2026-05-30 07:00:00,2026-05-30 15:00:00,56,17.0,0,Continuity (2-mould press)
2026-05-30 00:00:00,B,75229,1325217514082TUTR0,2026-05-30 15:00:00,2026-05-30 23:00:00,56,17.0,0,Continuity (2-mould press)
2026-05-30 00:00:00,C,75229,1325217514082TUTR0,2026-05-30 23:00:00,2026-05-31 07:00:00,56,17.0,0,Continuity (2-mould press)
2026-05-31 00:00:00,A,75229,1325217514082TUTR0,2026-05-31 07:00:00,2026-05-31 08:06:00,8,17.0,0,Continuity (2-mould press)
2026-05-28 00:00:00,A,75230,1325216614081STMX0,2026-05-28 07:00:00,2026-05-28 15:00:00,60,16.0,147,Continuity (2-mould press)
2026-05-28 00:00:00,B,75230,1325216614081STMX0,2026-05-28 15:00:00,2026-05-28 23:00:00,60,16.0,147,Continuity (2-mould press)
2026-05-28 00:00:00,C,75230,1325216614081STMX0,2026-05-28 23:00:00,2026-05-29 00:04:00,8,16.0,147,Continuity (2-mould press)
2026-05-28 00:00:00,C,75230,MOULD_CLEAN,2026-05-29 00:04:00,2026-05-29 02:04:00,0,0.0,0,Mould cleaning (continuity)
2026-05-28 00:00:00,C,75230,1325216614081STMX0,2026-05-29 02:04:00,2026-05-29 07:00:00,37,16.0,147,Continuity (2-mould press)
2026-05-29 00:00:00,A,75230,1325216614081STMX0,2026-05-29 07:00:00,2026-05-29 15:00:00,60,16.0,147,Continuity (2-mould press)
2026-05-29 00:00:00,B,75230,1325216614081STMX0,2026-05-29 15:00:00,2026-05-29 23:00:00,60,16.0,147,Continuity (2-mould press)
2026-05-29 00:00:00,C,75230,1325216614081STMX0,2026-05-29 23:00:00,2026-05-30 07:00:00,60,16.0,147,Continuity (2-mould press)
2026-05-30 00:00:00,A,75230,1325216614081STMX0,2026-05-30 07:00:00,2026-05-30 15:00:00,60,16.0,147,Continuity (2-mould press)
2026-05-30 00:00:00,B,75230,1325216614081STMX0,2026-05-30 15:00:00,2026-05-30 23:00:00,60,16.0,147,Continuity (2-mould press)
2026-05-30 00:00:00,C,75230,1325216614081STMX0,2026-05-30 23:00:00,2026-05-31 07:00:00,60,16.0,147,Continuity (2-mould press)
2026-05-31 00:00:00,A,75230,1325216614081STMX0,2026-05-31 07:00:00,2026-05-31 09:32:00,19,16.0,147,Continuity (2-mould press)
2026-05-28 00:00:00,A,8601,1225121715115SSTL0,2026-05-28 07:00:00,2026-05-28 15:00:00,32,30.0,0,Continuity (2-mould press)
2026-05-28 00:00:00,B,8601,1225121715115SSTL0,2026-05-28 15:00:00,2026-05-28 23:00:00,32,30.0,0,Continuity (2-mould press)
2026-05-28 00:00:00,C,8601,1225121715115SSTL0,2026-05-28 23:00:00,2026-05-29 07:00:00,32,30.0,0,Continuity (2-mould press)
2026-05-29 00:00:00,A,8601,1225121715115SSTL0,2026-05-29 07:00:00,2026-05-29 15:00:00,32,30.0,0,Continuity (2-mould press)
2026-05-29 00:00:00,B,8601,1225121715115SSTL0,2026-05-29 15:00:00,2026-05-29 23:00:00,32,30.0,0,Continuity (2-mould press)
2026-05-29 00:00:00,C,8601,1225121715115SSTL0,2026-05-29 23:00:00,2026-05-30 07:00:00,32,30.0,0,Continuity (2-mould press)
2026-05-30 00:00:00,A,8601,1225121715115SSTL0,2026-05-30 07:00:00,2026-05-30 15:00:00,32,30.0,0,Continuity (2-mould press)
2026-05-30 00:00:00,B,8601,1225121715115SSTL0,2026-05-30 15:00:00,2026-05-30 23:00:00,32,30.0,0,Continuity (2-mould press)
2026-05-30 00:00:00,C,8601,1225121715115SSTL0,2026-05-30 23:00:00,2026-05-31 07:00:00,32,30.0,0,Continuity (2-mould press)
2026-05-31 00:00:00,A,8601,1225121715115SSTL0,2026-05-31 07:00:00,2026-05-31 15:00:00,32,30.0,0,Continuity (2-mould press)
2026-05-31 00:00:00,B,8601,1225121715115SSTL0,2026-05-31 15:00:00,2026-05-31 16:30:00,6,30.0,0,Continuity (2-mould press)
2026-05-28 00:00:00,A,8602,1225221715115SSTL0,2026-05-28 07:00:00,2026-05-28 15:00:00,32,30.0,158,Continuity (2-mould press)
2026-05-28 00:00:00,B,8602,1225221715115SSTL0,2026-05-28 15:00:00,2026-05-28 23:00:00,32,30.0,158,Continuity (2-mould press)
2026-05-28 00:00:00,C,8602,1225221715115SSTL0,2026-05-28 23:00:00,2026-05-29 07:00:00,32,30.0,158,Continuity (2-mould press)
2026-05-29 00:00:00,A,8602,1225221715115SSTL0,2026-05-29 07:00:00,2026-05-29 15:00:00,32,30.0,158,Continuity (2-mould press)
2026-05-29 00:00:00,B,8602,1225221715115SSTL0,2026-05-29 15:00:00,2026-05-29 23:00:00,32,30.0,158,Continuity (2-mould press)
2026-05-29 00:00:00,C,8602,1225221715115SSTL0,2026-05-29 23:00:00,2026-05-30 07:00:00,32,30.0,158,Continuity (2-mould press)
2026-05-30 00:00:00,A,8602,1225221715115SSTL0,2026-05-30 07:00:00,2026-05-30 15:00:00,32,30.0,158,Continuity (2-mould press)
2026-05-30 00:00:00,B,8602,1225221715115SSTL0,2026-05-30 15:00:00,2026-05-30 23:00:00,32,30.0,158,Continuity (2-mould press)
2026-05-30 00:00:00,C,8602,1225221715115SSTL0,2026-05-30 23:00:00,2026-05-31 07:00:00,32,30.0,158,Continuity (2-mould press)
2026-05-31 00:00:00,A,8602,1225221715115SSTL0,2026-05-31 07:00:00,2026-05-31 12:30:00,22,30.0,158,Continuity (2-mould press)
2026-05-28 00:00:00,A,8603,1225221715115SSTL0,2026-05-28 07:00:00,2026-05-28 15:00:00,32,30.0,158,Continuity (2-mould press)
2026-05-28 00:00:00,B,8603,1225221715115SSTL0,2026-05-28 15:00:00,2026-05-28 23:00:00,32,30.0,158,Continuity (2-mould press)
2026-05-28 00:00:00,C,8603,1225221715115SSTL0,2026-05-28 23:00:00,2026-05-29 07:00:00,32,30.0,158,Continuity (2-mould press)
2026-05-29 00:00:00,A,8603,1225221715115SSTL0,2026-05-29 07:00:00,2026-05-29 15:00:00,32,30.0,158,Continuity (2-mould press)
2026-05-29 00:00:00,B,8603,1225221715115SSTL0,2026-05-29 15:00:00,2026-05-29 23:00:00,32,30.0,158,Continuity (2-mould press)
2026-05-29 00:00:00,C,8603,1225221715115SSTL0,2026-05-29 23:00:00,2026-05-30 07:00:00,32,30.0,158,Continuity (2-mould press)
2026-05-30 00:00:00,A,8603,1225221715115SSTL0,2026-05-30 07:00:00,2026-05-30 15:00:00,32,30.0,158,Continuity (2-mould press)
2026-05-30 00:00:00,B,8603,1225221715115SSTL0,2026-05-30 15:00:00,2026-05-30 23:00:00,32,30.0,158,Continuity (2-mould press)
2026-05-30 00:00:00,C,8603,1225221715115SSTL0,2026-05-30 23:00:00,2026-05-31 07:00:00,32,30.0,158,Continuity (2-mould press)
2026-05-31 00:00:00,A,8603,1225221715115SSTL0,2026-05-31 07:00:00,2026-05-31 12:30:00,22,30.0,158,Continuity (2-mould press)
2026-05-28 00:00:00,A,8604,1225121715115SSTL0,2026-05-28 07:00:00,2026-05-28 15:00:00,32,30.0,0,Continuity (2-mould press)
2026-05-28 00:00:00,B,8604,1225121715115SSTL0,2026-05-28 15:00:00,2026-05-28 23:00:00,32,30.0,0,Continuity (2-mould press)
2026-05-28 00:00:00,C,8604,1225121715115SSTL0,2026-05-28 23:00:00,2026-05-29 07:00:00,32,30.0,0,Continuity (2-mould press)
2026-05-29 00:00:00,A,8604,1225121715115SSTL0,2026-05-29 07:00:00,2026-05-29 15:00:00,32,30.0,0,Continuity (2-mould press)
2026-05-29 00:00:00,B,8604,1225121715115SSTL0,2026-05-29 15:00:00,2026-05-29 23:00:00,32,30.0,0,Continuity (2-mould press)
2026-05-29 00:00:00,C,8604,1225121715115SSTL0,2026-05-29 23:00:00,2026-05-30 07:00:00,32,30.0,0,Continuity (2-mould press)
2026-05-30 00:00:00,A,8604,1225121715115SSTL0,2026-05-30 07:00:00,2026-05-30 15:00:00,32,30.0,0,Continuity (2-mould press)
2026-05-30 00:00:00,B,8604,1225121715115SSTL0,2026-05-30 15:00:00,2026-05-30 23:00:00,32,30.0,0,Continuity (2-mould press)
2026-05-30 00:00:00,C,8604,1225121715115SSTL0,2026-05-30 23:00:00,2026-05-31 07:00:00,32,30.0,0,Continuity (2-mould press)
2026-05-31 00:00:00,A,8604,1225121715115SSTL0,2026-05-31 07:00:00,2026-05-31 15:00:00,32,30.0,0,Continuity (2-mould press)
2026-05-31 00:00:00,B,8604,1225121715115SSTL0,2026-05-31 15:00:00,2026-05-31 16:30:00,6,30.0,0,Continuity (2-mould press)
2026-05-28 00:00:00,A,8605,1225121715115SSTL0,2026-05-28 07:00:00,2026-05-28 15:00:00,32,30.0,0,Continuity (2-mould press)
2026-05-28 00:00:00,B,8605,1225121715115SSTL0,2026-05-28 15:00:00,2026-05-28 23:00:00,32,30.0,0,Continuity (2-mould press)
2026-05-28 00:00:00,C,8605,1225121715115SSTL0,2026-05-28 23:00:00,2026-05-29 07:00:00,32,30.0,0,Continuity (2-mould press)
2026-05-29 00:00:00,A,8605,1225121715115SSTL0,2026-05-29 07:00:00,2026-05-29 15:00:00,32,30.0,0,Continuity (2-mould press)
2026-05-29 00:00:00,B,8605,1225121715115SSTL0,2026-05-29 15:00:00,2026-05-29 23:00:00,32,30.0,0,Continuity (2-mould press)
2026-05-29 00:00:00,C,8605,1225121715115SSTL0,2026-05-29 23:00:00,2026-05-30 07:00:00,32,30.0,0,Continuity (2-mould press)
2026-05-30 00:00:00,A,8605,1225121715115SSTL0,2026-05-30 07:00:00,2026-05-30 15:00:00,32,30.0,0,Continuity (2-mould press)
2026-05-30 00:00:00,B,8605,1225121715115SSTL0,2026-05-30 15:00:00,2026-05-30 23:00:00,32,30.0,0,Continuity (2-mould press)
2026-05-30 00:00:00,C,8605,1225121715115SSTL0,2026-05-30 23:00:00,2026-05-31 07:00:00,32,30.0,0,Continuity (2-mould press)
2026-05-31 00:00:00,A,8605,1225121715115SSTL0,2026-05-31 07:00:00,2026-05-31 15:00:00,32,30.0,0,Continuity (2-mould press)
2026-05-31 00:00:00,B,8605,1225121715115SSTL0,2026-05-31 15:00:00,2026-05-31 16:30:00,6,30.0,0,Continuity (2-mould press)
2026-05-28 00:00:00,A,8606,1225121715115SSTL0,2026-05-28 07:00:00,2026-05-28 15:00:00,32,30.0,0,Continuity (2-mould press)
2026-05-28 00:00:00,B,8606,1225121715115SSTL0,2026-05-28 15:00:00,2026-05-28 23:00:00,32,30.0,0,Continuity (2-mould press)
2026-05-28 00:00:00,C,8606,1225121715115SSTL0,2026-05-28 23:00:00,2026-05-29 07:00:00,32,30.0,0,Continuity (2-mould press)
2026-05-29 00:00:00,A,8606,1225121715115SSTL0,2026-05-29 07:00:00,2026-05-29 15:00:00,32,30.0,0,Continuity (2-mould press)
2026-05-29 00:00:00,B,8606,1225121715115SSTL0,2026-05-29 15:00:00,2026-05-29 23:00:00,32,30.0,0,Continuity (2-mould press)
2026-05-29 00:00:00,C,8606,1225121715115SSTL0,2026-05-29 23:00:00,2026-05-30 07:00:00,32,30.0,0,Continuity (2-mould press)
2026-05-30 00:00:00,A,8606,1225121715115SSTL0,2026-05-30 07:00:00,2026-05-30 15:00:00,32,30.0,0,Continuity (2-mould press)
2026-05-30 00:00:00,B,8606,1225121715115SSTL0,2026-05-30 15:00:00,2026-05-30 23:00:00,32,30.0,0,Continuity (2-mould press)
2026-05-30 00:00:00,C,8606,1225121715115SSTL0,2026-05-30 23:00:00,2026-05-31 07:00:00,32,30.0,0,Continuity (2-mould press)
2026-05-31 00:00:00,A,8606,1225121715115SSTL0,2026-05-31 07:00:00,2026-05-31 15:00:00,32,30.0,0,Continuity (2-mould press)
2026-05-31 00:00:00,B,8606,1225121715115SSTL0,2026-05-31 15:00:00,2026-05-31 16:30:00,6,30.0,0,Continuity (2-mould press)
2026-05-28 00:00:00,A,8701,1225221715115SSTL0,2026-05-28 07:00:00,2026-05-28 15:00:00,32,30.0,158,Continuity (2-mould press)
2026-05-28 00:00:00,B,8701,1225221715115SSTL0,2026-05-28 15:00:00,2026-05-28 23:00:00,32,30.0,158,Continuity (2-mould press)
2026-05-28 00:00:00,C,8701,1225221715115SSTL0,2026-05-28 23:00:00,2026-05-29 07:00:00,32,30.0,158,Continuity (2-mould press)
2026-05-29 00:00:00,A,8701,1225221715115SSTL0,2026-05-29 07:00:00,2026-05-29 15:00:00,32,30.0,158,Continuity (2-mould press)
2026-05-29 00:00:00,B,8701,1225221715115SSTL0,2026-05-29 15:00:00,2026-05-29 23:00:00,32,30.0,158,Continuity (2-mould press)
2026-05-29 00:00:00,C,8701,1225221715115SSTL0,2026-05-29 23:00:00,2026-05-30 07:00:00,32,30.0,158,Continuity (2-mould press)
2026-05-30 00:00:00,A,8701,1225221715115SSTL0,2026-05-30 07:00:00,2026-05-30 15:00:00,32,30.0,158,Continuity (2-mould press)
2026-05-30 00:00:00,B,8701,1225221715115SSTL0,2026-05-30 15:00:00,2026-05-30 23:00:00,32,30.0,158,Continuity (2-mould press)
2026-05-30 00:00:00,C,8701,1225221715115SSTL0,2026-05-30 23:00:00,2026-05-31 07:00:00,32,30.0,158,Continuity (2-mould press)
2026-05-31 00:00:00,A,8701,1225221715115SSTL0,2026-05-31 07:00:00,2026-05-31 12:30:00,22,30.0,158,Continuity (2-mould press)
2026-05-28 00:00:00,A,9001,1D25212812086FXPC0,2026-05-28 07:00:00,2026-05-28 15:00:00,51,19.0,332,Continuity (2-mould press)
2026-05-28 00:00:00,B,9001,1D25212812086FXPC0,2026-05-28 15:00:00,2026-05-28 23:00:00,51,19.0,332,Continuity (2-mould press)
2026-05-28 00:00:00,C,9001,1D25212812086FXPC0,2026-05-28 23:00:00,2026-05-29 07:00:00,51,19.0,332,Continuity (2-mould press)
2026-05-29 00:00:00,A,9001,1D25212812086FXPC0,2026-05-29 07:00:00,2026-05-29 15:00:00,51,19.0,332,Continuity (2-mould press)
2026-05-29 00:00:00,B,9001,1D25212812086FXPC0,2026-05-29 15:00:00,2026-05-29 23:00:00,51,19.0,332,Continuity (2-mould press)
2026-05-29 00:00:00,C,9001,1D25212812086FXPC0,2026-05-29 23:00:00,2026-05-30 07:00:00,51,19.0,332,Continuity (2-mould press)
2026-05-30 00:00:00,A,9001,1D25212812086FXPC0,2026-05-30 07:00:00,2026-05-30 15:00:00,51,19.0,332,Continuity (2-mould press)
2026-05-30 00:00:00,B,9001,1D25212812086FXPC0,2026-05-30 15:00:00,2026-05-30 23:00:00,51,19.0,332,Continuity (2-mould press)
2026-05-30 00:00:00,C,9001,1D25212812086FXPC0,2026-05-30 23:00:00,2026-05-31 07:00:00,51,19.0,332,Continuity (2-mould press)
2026-05-31 00:00:00,A,9001,1D25212812086FXPC0,2026-05-31 07:00:00,2026-05-31 15:00:00,51,19.0,332,Continuity (2-mould press)
2026-05-31 00:00:00,B,9001,1D25212812086FXPC0,2026-05-31 15:00:00,2026-05-31 23:00:00,51,19.0,332,Continuity (2-mould press)
2026-05-31 00:00:00,C,9001,1D25212812086FXPC0,2026-05-31 23:00:00,2026-06-01 04:06:00,32,19.0,332,Continuity (2-mould press)
2026-05-28 00:00:00,A,9002,1D25212812086FXPC0,2026-05-28 07:00:00,2026-05-28 15:00:00,51,19.0,332,Continuity (2-mould press)
2026-05-28 00:00:00,B,9002,1D25212812086FXPC0,2026-05-28 15:00:00,2026-05-28 23:00:00,51,19.0,332,Continuity (2-mould press)
2026-05-28 00:00:00,C,9002,1D25212812086FXPC0,2026-05-28 23:00:00,2026-05-29 07:00:00,51,19.0,332,Continuity (2-mould press)
2026-05-29 00:00:00,A,9002,1D25212812086FXPC0,2026-05-29 07:00:00,2026-05-29 15:00:00,51,19.0,332,Continuity (2-mould press)
2026-05-29 00:00:00,B,9002,1D25212812086FXPC0,2026-05-29 15:00:00,2026-05-29 23:00:00,51,19.0,332,Continuity (2-mould press)
2026-05-29 00:00:00,C,9002,1D25212812086FXPC0,2026-05-29 23:00:00,2026-05-30 07:00:00,51,19.0,332,Continuity (2-mould press)
2026-05-30 00:00:00,A,9002,1D25212812086FXPC0,2026-05-30 07:00:00,2026-05-30 15:00:00,51,19.0,332,Continuity (2-mould press)
2026-05-30 00:00:00,B,9002,1D25212812086FXPC0,2026-05-30 15:00:00,2026-05-30 23:00:00,51,19.0,332,Continuity (2-mould press)
2026-05-30 00:00:00,C,9002,1D25212812086FXPC0,2026-05-30 23:00:00,2026-05-31 07:00:00,51,19.0,332,Continuity (2-mould press)
2026-05-31 00:00:00,A,9002,1D25212812086FXPC0,2026-05-31 07:00:00,2026-05-31 15:00:00,51,19.0,332,Continuity (2-mould press)
2026-05-31 00:00:00,B,9002,1D25212812086FXPC0,2026-05-31 15:00:00,2026-05-31 23:00:00,51,19.0,332,Continuity (2-mould press)
2026-05-31 00:00:00,C,9002,1D25212812086FXPC0,2026-05-31 23:00:00,2026-06-01 02:50:00,24,19.0,332,Continuity (2-mould press)
2026-05-28 00:00:00,A,9201,1325214812074TUHL0,2026-05-28 07:00:00,2026-05-28 15:00:00,64,15.0,0,Continuity (2-mould press)
2026-05-28 00:00:00,B,9201,1325214812074TUHL0,2026-05-28 15:00:00,2026-05-28 23:00:00,64,15.0,0,Continuity (2-mould press)
2026-05-28 00:00:00,C,9201,1325214812074TUHL0,2026-05-28 23:00:00,2026-05-29 07:00:00,64,15.0,0,Continuity (2-mould press)
2026-05-29 00:00:00,A,9201,1325214812074TUHL0,2026-05-29 07:00:00,2026-05-29 15:00:00,64,15.0,0,Continuity (2-mould press)
2026-05-29 00:00:00,B,9201,1325214812074TUHL0,2026-05-29 15:00:00,2026-05-29 23:00:00,64,15.0,0,Continuity (2-mould press)
2026-05-29 00:00:00,C,9201,1325214812074TUHL0,2026-05-29 23:00:00,2026-05-30 07:00:00,64,15.0,0,Continuity (2-mould press)
2026-05-30 00:00:00,A,9201,1325214812074TUHL0,2026-05-30 07:00:00,2026-05-30 15:00:00,64,15.0,0,Continuity (2-mould press)
2026-05-30 00:00:00,B,9201,1325214812074TUHL0,2026-05-30 15:00:00,2026-05-30 23:00:00,64,15.0,0,Continuity (2-mould press)
2026-05-30 00:00:00,C,9201,1325214812074TUHL0,2026-05-30 23:00:00,2026-05-31 07:00:00,64,15.0,0,Continuity (2-mould press)
2026-05-31 00:00:00,A,9201,1325214812074TUHL0,2026-05-31 07:00:00,2026-05-31 15:00:00,64,15.0,0,Continuity (2-mould press)
2026-05-31 00:00:00,B,9201,1325214812074TUHL0,2026-05-31 15:00:00,2026-05-31 23:00:00,64,15.0,0,Continuity (2-mould press)
2026-05-31 00:00:00,C,9201,1325214812074TUHL0,2026-05-31 23:00:00,2026-06-01 07:00:00,64,15.0,0,Continuity (2-mould press)
2026-06-01 00:00:00,A,9201,1325214812074TUHL0,2026-06-01 07:00:00,2026-06-01 12:45:00,46,15.0,0,Continuity (2-mould press)
2026-05-28 00:00:00,A,9202,1225221715115SSTL0,2026-05-28 07:00:00,2026-05-28 15:00:00,32,30.0,158,Continuity (2-mould press)
2026-05-28 00:00:00,B,9202,1225221715115SSTL0,2026-05-28 15:00:00,2026-05-28 23:00:00,32,30.0,158,Continuity (2-mould press)
2026-05-28 00:00:00,C,9202,1225221715115SSTL0,2026-05-28 23:00:00,2026-05-29 07:00:00,32,30.0,158,Continuity (2-mould press)
2026-05-29 00:00:00,A,9202,1225221715115SSTL0,2026-05-29 07:00:00,2026-05-29 15:00:00,32,30.0,158,Continuity (2-mould press)
2026-05-29 00:00:00,B,9202,1225221715115SSTL0,2026-05-29 15:00:00,2026-05-29 23:00:00,32,30.0,158,Continuity (2-mould press)
2026-05-29 00:00:00,C,9202,1225221715115SSTL0,2026-05-29 23:00:00,2026-05-30 07:00:00,32,30.0,158,Continuity (2-mould press)
2026-05-30 00:00:00,A,9202,1225221715115SSTL0,2026-05-30 07:00:00,2026-05-30 15:00:00,32,30.0,158,Continuity (2-mould press)
2026-05-30 00:00:00,B,9202,1225221715115SSTL0,2026-05-30 15:00:00,2026-05-30 23:00:00,32,30.0,158,Continuity (2-mould press)
2026-05-30 00:00:00,C,9202,1225221715115SSTL0,2026-05-30 23:00:00,2026-05-31 07:00:00,32,30.0,158,Continuity (2-mould press)
2026-05-31 00:00:00,A,9202,1225221715115SSTL0,2026-05-31 07:00:00,2026-05-31 12:30:00,22,30.0,158,Continuity (2-mould press)
2026-05-28 00:00:00,A,9203,1D25212812074FXC10,2026-05-28 07:00:00,2026-05-28 15:00:00,53,18.0,331,Continuity (2-mould press)
2026-05-28 00:00:00,B,9203,1D25212812074FXC10,2026-05-28 15:00:00,2026-05-28 23:00:00,53,18.0,331,Continuity (2-mould press)
2026-05-28 00:00:00,C,9203,1D25212812074FXC10,2026-05-28 23:00:00,2026-05-29 07:00:00,53,18.0,331,Continuity (2-mould press)
2026-05-29 00:00:00,A,9203,1D25212812074FXC10,2026-05-29 07:00:00,2026-05-29 15:00:00,53,18.0,331,Continuity (2-mould press)
2026-05-29 00:00:00,B,9203,1D25212812074FXC10,2026-05-29 15:00:00,2026-05-29 23:00:00,53,18.0,331,Continuity (2-mould press)
2026-05-29 00:00:00,C,9203,1D25212812074FXC10,2026-05-29 23:00:00,2026-05-30 07:00:00,53,18.0,331,Continuity (2-mould press)
2026-05-30 00:00:00,A,9203,1D25212812074FXC10,2026-05-30 07:00:00,2026-05-30 15:00:00,53,18.0,331,Continuity (2-mould press)
2026-05-30 00:00:00,B,9203,1D25212812074FXC10,2026-05-30 15:00:00,2026-05-30 23:00:00,53,18.0,331,Continuity (2-mould press)
2026-05-30 00:00:00,C,9203,1D25212812074FXC10,2026-05-30 23:00:00,2026-05-30 23:48:00,5,18.0,331,Continuity (2-mould press)
2026-05-28 00:00:00,A,9401,1325214812074TUHL0,2026-05-28 07:00:00,2026-05-28 15:00:00,64,15.0,0,Continuity (2-mould press)
2026-05-28 00:00:00,B,9401,1325214812074TUHL0,2026-05-28 15:00:00,2026-05-28 23:00:00,64,15.0,0,Continuity (2-mould press)
2026-05-28 00:00:00,C,9401,1325214812074TUHL0,2026-05-28 23:00:00,2026-05-29 07:00:00,64,15.0,0,Continuity (2-mould press)
2026-05-29 00:00:00,A,9401,1325214812074TUHL0,2026-05-29 07:00:00,2026-05-29 15:00:00,64,15.0,0,Continuity (2-mould press)
2026-05-29 00:00:00,B,9401,1325214812074TUHL0,2026-05-29 15:00:00,2026-05-29 23:00:00,64,15.0,0,Continuity (2-mould press)
2026-05-29 00:00:00,C,9401,1325214812074TUHL0,2026-05-29 23:00:00,2026-05-30 07:00:00,64,15.0,0,Continuity (2-mould press)
2026-05-30 00:00:00,A,9401,1325214812074TUHL0,2026-05-30 07:00:00,2026-05-30 15:00:00,64,15.0,0,Continuity (2-mould press)
2026-05-30 00:00:00,B,9401,1325214812074TUHL0,2026-05-30 15:00:00,2026-05-30 23:00:00,64,15.0,0,Continuity (2-mould press)
2026-05-30 00:00:00,C,9401,1325214812074TUHL0,2026-05-30 23:00:00,2026-05-31 07:00:00,64,15.0,0,Continuity (2-mould press)
2026-05-31 00:00:00,A,9401,1325214812074TUHL0,2026-05-31 07:00:00,2026-05-31 15:00:00,64,15.0,0,Continuity (2-mould press)
2026-05-31 00:00:00,B,9401,1325214812074TUHL0,2026-05-31 15:00:00,2026-05-31 23:00:00,64,15.0,0,Continuity (2-mould press)
2026-05-31 00:00:00,C,9401,1325214812074TUHL0,2026-05-31 23:00:00,2026-06-01 07:00:00,64,15.0,0,Continuity (2-mould press)
2026-06-01 00:00:00,A,9401,1325214812074TUHL0,2026-06-01 07:00:00,2026-06-01 12:45:00,46,15.0,0,Continuity (2-mould press)
2026-05-28 00:00:00,A,9402,1325114812074TUHL0,2026-05-28 07:00:00,2026-05-28 15:00:00,64,15.0,148,Continuity (2-mould press)
2026-05-28 00:00:00,A,9403,1325214812074TUHL0,2026-05-28 07:00:00,2026-05-28 15:00:00,64,15.0,0,Continuity (2-mould press)
2026-05-28 00:00:00,B,9403,1325214812074TUHL0,2026-05-28 15:00:00,2026-05-28 23:00:00,64,15.0,0,Continuity (2-mould press)
2026-05-28 00:00:00,C,9403,1325214812074TUHL0,2026-05-28 23:00:00,2026-05-29 07:00:00,64,15.0,0,Continuity (2-mould press)
2026-05-29 00:00:00,A,9403,1325214812074TUHL0,2026-05-29 07:00:00,2026-05-29 15:00:00,64,15.0,0,Continuity (2-mould press)
2026-05-29 00:00:00,B,9403,1325214812074TUHL0,2026-05-29 15:00:00,2026-05-29 23:00:00,64,15.0,0,Continuity (2-mould press)
2026-05-29 00:00:00,C,9403,1325214812074TUHL0,2026-05-29 23:00:00,2026-05-30 07:00:00,64,15.0,0,Continuity (2-mould press)
2026-05-30 00:00:00,A,9403,1325214812074TUHL0,2026-05-30 07:00:00,2026-05-30 15:00:00,64,15.0,0,Continuity (2-mould press)
2026-05-30 00:00:00,B,9403,1325214812074TUHL0,2026-05-30 15:00:00,2026-05-30 23:00:00,64,15.0,0,Continuity (2-mould press)
2026-05-30 00:00:00,C,9403,1325214812074TUHL0,2026-05-30 23:00:00,2026-05-31 07:00:00,64,15.0,0,Continuity (2-mould press)
2026-05-31 00:00:00,A,9403,1325214812074TUHL0,2026-05-31 07:00:00,2026-05-31 15:00:00,64,15.0,0,Continuity (2-mould press)
2026-05-31 00:00:00,B,9403,1325214812074TUHL0,2026-05-31 15:00:00,2026-05-31 23:00:00,64,15.0,0,Continuity (2-mould press)
2026-05-31 00:00:00,C,9403,1325214812074TUHL0,2026-05-31 23:00:00,2026-06-01 07:00:00,64,15.0,0,Continuity (2-mould press)
2026-06-01 00:00:00,A,9403,1325214812074TUHL0,2026-06-01 07:00:00,2026-06-01 12:45:00,46,15.0,0,Continuity (2-mould press)
2026-05-28 00:00:00,A,9404,1225219015010QSTL0,2026-05-28 07:00:00,2026-05-28 15:00:00,31,31.0,0,Continuity (2-mould press)
2026-05-28 00:00:00,B,9404,1225219015010QSTL0,2026-05-28 15:00:00,2026-05-28 23:00:00,31,31.0,0,Continuity (2-mould press)
2026-05-28 00:00:00,C,9404,1225219015010QSTL0,2026-05-28 23:00:00,2026-05-29 07:00:00,31,31.0,0,Continuity (2-mould press)
2026-05-29 00:00:00,A,9404,1225219015010QSTL0,2026-05-29 07:00:00,2026-05-29 15:00:00,31,31.0,0,Continuity (2-mould press)
2026-05-29 00:00:00,B,9404,1225219015010QSTL0,2026-05-29 15:00:00,2026-05-29 23:00:00,31,31.0,0,Continuity (2-mould press)
2026-05-29 00:00:00,C,9404,1225219015010QSTL0,2026-05-29 23:00:00,2026-05-30 07:00:00,31,31.0,0,Continuity (2-mould press)
2026-05-30 00:00:00,A,9404,1225219015010QSTL0,2026-05-30 07:00:00,2026-05-30 15:00:00,31,31.0,0,Continuity (2-mould press)
2026-05-30 00:00:00,B,9404,1225219015010QSTL0,2026-05-30 15:00:00,2026-05-30 23:00:00,31,31.0,0,Continuity (2-mould press)
2026-05-30 00:00:00,C,9404,1225219015010QSTL0,2026-05-30 23:00:00,2026-05-31 07:00:00,31,31.0,0,Continuity (2-mould press)
2026-05-31 00:00:00,A,9404,1225219015010QSTL0,2026-05-31 07:00:00,2026-05-31 14:03:00,27,31.0,0,Continuity (2-mould press)
2026-05-28 00:00:00,A,9405,1325114812074TUHL0,2026-05-28 07:00:00,2026-05-28 15:00:00,64,15.0,148,Continuity (2-mould press)
2026-05-28 00:00:00,A,9406,1325114812074TUHL0,2026-05-28 07:00:00,2026-05-28 15:00:00,64,15.0,148,Continuity (2-mould press)
2026-05-28 00:00:00,A,9407,1325214812074TUHL0,2026-05-28 07:00:00,2026-05-28 15:00:00,64,15.0,0,Continuity (2-mould press)
2026-05-28 00:00:00,B,9407,1325214812074TUHL0,2026-05-28 15:00:00,2026-05-28 23:00:00,64,15.0,0,Continuity (2-mould press)
2026-05-28 00:00:00,C,9407,1325214812074TUHL0,2026-05-28 23:00:00,2026-05-29 07:00:00,64,15.0,0,Continuity (2-mould press)
2026-05-29 00:00:00,A,9407,1325214812074TUHL0,2026-05-29 07:00:00,2026-05-29 15:00:00,64,15.0,0,Continuity (2-mould press)
2026-05-29 00:00:00,B,9407,1325214812074TUHL0,2026-05-29 15:00:00,2026-05-29 23:00:00,64,15.0,0,Continuity (2-mould press)
2026-05-29 00:00:00,C,9407,1325214812074TUHL0,2026-05-29 23:00:00,2026-05-30 07:00:00,64,15.0,0,Continuity (2-mould press)
2026-05-30 00:00:00,A,9407,1325214812074TUHL0,2026-05-30 07:00:00,2026-05-30 15:00:00,64,15.0,0,Continuity (2-mould press)
2026-05-30 00:00:00,B,9407,1325214812074TUHL0,2026-05-30 15:00:00,2026-05-30 23:00:00,64,15.0,0,Continuity (2-mould press)
2026-05-30 00:00:00,C,9407,1325214812074TUHL0,2026-05-30 23:00:00,2026-05-31 07:00:00,64,15.0,0,Continuity (2-mould press)
2026-05-31 00:00:00,A,9407,1325214812074TUHL0,2026-05-31 07:00:00,2026-05-31 15:00:00,64,15.0,0,Continuity (2-mould press)
2026-05-31 00:00:00,B,9407,1325214812074TUHL0,2026-05-31 15:00:00,2026-05-31 23:00:00,64,15.0,0,Continuity (2-mould press)
2026-05-31 00:00:00,C,9407,1325214812074TUHL0,2026-05-31 23:00:00,2026-06-01 07:00:00,64,15.0,0,Continuity (2-mould press)
2026-06-01 00:00:00,A,9407,1325214812074TUHL0,2026-06-01 07:00:00,2026-06-01 12:45:00,46,15.0,0,Continuity (2-mould press)
2026-05-28 00:00:00,A,9408,1D25212812086FXPC0,2026-05-28 07:00:00,2026-05-28 15:00:00,51,19.0,332,Continuity (2-mould press)
2026-05-28 00:00:00,B,9408,1D25212812086FXPC0,2026-05-28 15:00:00,2026-05-28 23:00:00,51,19.0,332,Continuity (2-mould press)
2026-05-28 00:00:00,C,9408,1D25212812086FXPC0,2026-05-28 23:00:00,2026-05-29 07:00:00,51,19.0,332,Continuity (2-mould press)
2026-05-29 00:00:00,A,9408,1D25212812086FXPC0,2026-05-29 07:00:00,2026-05-29 15:00:00,51,19.0,332,Continuity (2-mould press)
2026-05-29 00:00:00,B,9408,1D25212812086FXPC0,2026-05-29 15:00:00,2026-05-29 23:00:00,51,19.0,332,Continuity (2-mould press)
2026-05-29 00:00:00,C,9408,1D25212812086FXPC0,2026-05-29 23:00:00,2026-05-30 07:00:00,51,19.0,332,Continuity (2-mould press)
2026-05-30 00:00:00,A,9408,1D25212812086FXPC0,2026-05-30 07:00:00,2026-05-30 15:00:00,51,19.0,332,Continuity (2-mould press)
2026-05-30 00:00:00,B,9408,1D25212812086FXPC0,2026-05-30 15:00:00,2026-05-30 21:23:00,40,19.0,332,Continuity (2-mould press)
2026-05-30 00:00:00,B,9408,MOULD_CLEAN,2026-05-30 21:23:00,2026-05-30 23:00:00,0,0.0,0,Mould cleaning (continuity)
2026-05-30 00:00:00,C,9408,MOULD_CLEAN,2026-05-30 23:00:00,2026-05-30 23:23:00,0,0.0,0,Mould cleaning (continuity)
2026-05-30 00:00:00,C,9408,1D25212812086FXPC0,2026-05-30 23:23:00,2026-05-31 07:00:00,48,19.0,332,Continuity (2-mould press)
2026-05-31 00:00:00,A,9408,1D25212812086FXPC0,2026-05-31 07:00:00,2026-05-31 15:00:00,51,19.0,332,Continuity (2-mould press)
2026-05-31 00:00:00,B,9408,1D25212812086FXPC0,2026-05-31 15:00:00,2026-05-31 23:00:00,51,19.0,332,Continuity (2-mould press)
2026-05-31 00:00:00,C,9408,1D25212812086FXPC0,2026-05-31 23:00:00,2026-06-01 06:06:00,45,19.0,332,Continuity (2-mould press)
2026-05-28 00:00:00,A,9409,1D25212812086FXPC0,2026-05-28 07:00:00,2026-05-28 15:00:00,51,19.0,332,Continuity (2-mould press)
2026-05-28 00:00:00,B,9409,1D25212812086FXPC0,2026-05-28 15:00:00,2026-05-28 23:00:00,51,19.0,332,Continuity (2-mould press)
2026-05-28 00:00:00,C,9409,1D25212812086FXPC0,2026-05-28 23:00:00,2026-05-29 07:00:00,51,19.0,332,Continuity (2-mould press)
2026-05-29 00:00:00,A,9409,1D25212812086FXPC0,2026-05-29 07:00:00,2026-05-29 15:00:00,51,19.0,332,Continuity (2-mould press)
2026-05-29 00:00:00,B,9409,1D25212812086FXPC0,2026-05-29 15:00:00,2026-05-29 23:00:00,51,19.0,332,Continuity (2-mould press)
2026-05-29 00:00:00,C,9409,1D25212812086FXPC0,2026-05-29 23:00:00,2026-05-30 07:00:00,51,19.0,332,Continuity (2-mould press)
2026-05-30 00:00:00,A,9409,1D25212812086FXPC0,2026-05-30 07:00:00,2026-05-30 15:00:00,51,19.0,332,Continuity (2-mould press)
2026-05-30 00:00:00,B,9409,1D25212812086FXPC0,2026-05-30 15:00:00,2026-05-30 23:00:00,51,19.0,332,Continuity (2-mould press)
2026-05-30 00:00:00,C,9409,1D25212812086FXPC0,2026-05-30 23:00:00,2026-05-31 07:00:00,51,19.0,332,Continuity (2-mould press)
2026-05-31 00:00:00,A,9409,1D25212812086FXPC0,2026-05-31 07:00:00,2026-05-31 15:00:00,51,19.0,332,Continuity (2-mould press)
2026-05-31 00:00:00,B,9409,1D25212812086FXPC0,2026-05-31 15:00:00,2026-05-31 23:00:00,51,19.0,332,Continuity (2-mould press)
2026-05-31 00:00:00,C,9409,1D25212812086FXPC0,2026-05-31 23:00:00,2026-06-01 04:06:00,32,19.0,332,Continuity (2-mould press)
2026-05-28 00:00:00,A,9410,1D25212812074FXC10,2026-05-28 07:00:00,2026-05-28 15:00:00,53,18.0,331,Continuity (2-mould press)
2026-05-28 00:00:00,B,9410,1D25212812074FXC10,2026-05-28 15:00:00,2026-05-28 23:00:00,53,18.0,331,Continuity (2-mould press)
2026-05-28 00:00:00,C,9410,1D25212812074FXC10,2026-05-28 23:00:00,2026-05-29 07:00:00,53,18.0,331,Continuity (2-mould press)
2026-05-29 00:00:00,A,9410,1D25212812074FXC10,2026-05-29 07:00:00,2026-05-29 15:00:00,53,18.0,331,Continuity (2-mould press)
2026-05-29 00:00:00,B,9410,1D25212812074FXC10,2026-05-29 15:00:00,2026-05-29 23:00:00,53,18.0,331,Continuity (2-mould press)
2026-05-29 00:00:00,C,9410,1D25212812074FXC10,2026-05-29 23:00:00,2026-05-30 07:00:00,53,18.0,331,Continuity (2-mould press)
2026-05-30 00:00:00,A,9410,1D25212812074FXC10,2026-05-30 07:00:00,2026-05-30 15:00:00,53,18.0,331,Continuity (2-mould press)
2026-05-30 00:00:00,B,9410,1D25212812074FXC10,2026-05-30 15:00:00,2026-05-30 23:00:00,53,18.0,331,Continuity (2-mould press)
2026-05-30 00:00:00,C,9410,1D25212812074FXC10,2026-05-30 23:00:00,2026-05-30 23:48:00,5,18.0,331,Continuity (2-mould press)
2026-05-28 00:00:00,A,9411,1D25212812086FXPC0,2026-05-28 07:00:00,2026-05-28 15:00:00,51,19.0,332,Continuity (2-mould press)
2026-05-28 00:00:00,B,9411,1D25212812086FXPC0,2026-05-28 15:00:00,2026-05-28 23:00:00,51,19.0,332,Continuity (2-mould press)
2026-05-28 00:00:00,C,9411,1D25212812086FXPC0,2026-05-28 23:00:00,2026-05-29 07:00:00,51,19.0,332,Continuity (2-mould press)
2026-05-29 00:00:00,A,9411,1D25212812086FXPC0,2026-05-29 07:00:00,2026-05-29 15:00:00,51,19.0,332,Continuity (2-mould press)
2026-05-29 00:00:00,B,9411,1D25212812086FXPC0,2026-05-29 15:00:00,2026-05-29 23:00:00,51,19.0,332,Continuity (2-mould press)
2026-05-29 00:00:00,C,9411,1D25212812086FXPC0,2026-05-29 23:00:00,2026-05-30 07:00:00,51,19.0,332,Continuity (2-mould press)
2026-05-30 00:00:00,A,9411,1D25212812086FXPC0,2026-05-30 07:00:00,2026-05-30 15:00:00,51,19.0,332,Continuity (2-mould press)
2026-05-30 00:00:00,B,9411,1D25212812086FXPC0,2026-05-30 15:00:00,2026-05-30 23:00:00,51,19.0,332,Continuity (2-mould press)
2026-05-30 00:00:00,C,9411,1D25212812086FXPC0,2026-05-30 23:00:00,2026-05-31 07:00:00,51,19.0,332,Continuity (2-mould press)
2026-05-31 00:00:00,A,9411,1D25212812086FXPC0,2026-05-31 07:00:00,2026-05-31 15:00:00,51,19.0,332,Continuity (2-mould press)
2026-05-31 00:00:00,B,9411,1D25212812086FXPC0,2026-05-31 15:00:00,2026-05-31 23:00:00,51,19.0,332,Continuity (2-mould press)
2026-05-31 00:00:00,C,9411,1D25212812086FXPC0,2026-05-31 23:00:00,2026-06-01 04:06:00,32,19.0,332,Continuity (2-mould press)
2026-05-28 00:00:00,A,9412,1325214812074TUHL0,2026-05-28 07:00:00,2026-05-28 15:00:00,64,15.0,0,Continuity (2-mould press)
2026-05-28 00:00:00,B,9412,1325214812074TUHL0,2026-05-28 15:00:00,2026-05-28 23:00:00,64,15.0,0,Continuity (2-mould press)
2026-05-28 00:00:00,C,9412,1325214812074TUHL0,2026-05-28 23:00:00,2026-05-29 07:00:00,64,15.0,0,Continuity (2-mould press)
2026-05-29 00:00:00,A,9412,1325214812074TUHL0,2026-05-29 07:00:00,2026-05-29 15:00:00,64,15.0,0,Continuity (2-mould press)
2026-05-29 00:00:00,B,9412,1325214812074TUHL0,2026-05-29 15:00:00,2026-05-29 23:00:00,64,15.0,0,Continuity (2-mould press)
2026-05-29 00:00:00,C,9412,1325214812074TUHL0,2026-05-29 23:00:00,2026-05-30 07:00:00,64,15.0,0,Continuity (2-mould press)
2026-05-30 00:00:00,A,9412,1325214812074TUHL0,2026-05-30 07:00:00,2026-05-30 15:00:00,64,15.0,0,Continuity (2-mould press)
2026-05-30 00:00:00,B,9412,1325214812074TUHL0,2026-05-30 15:00:00,2026-05-30 23:00:00,64,15.0,0,Continuity (2-mould press)
2026-05-30 00:00:00,C,9412,1325214812074TUHL0,2026-05-30 23:00:00,2026-05-31 07:00:00,64,15.0,0,Continuity (2-mould press)
2026-05-31 00:00:00,A,9412,1325214812074TUHL0,2026-05-31 07:00:00,2026-05-31 15:00:00,64,15.0,0,Continuity (2-mould press)
2026-05-31 00:00:00,B,9412,1325214812074TUHL0,2026-05-31 15:00:00,2026-05-31 23:00:00,64,15.0,0,Continuity (2-mould press)
2026-05-31 00:00:00,C,9412,1325214812074TUHL0,2026-05-31 23:00:00,2026-06-01 07:00:00,64,15.0,0,Continuity (2-mould press)
2026-06-01 00:00:00,A,9412,1325214812074TUHL0,2026-06-01 07:00:00,2026-06-01 12:45:00,46,15.0,0,Continuity (2-mould press)
2026-05-28 00:00:00,A,9413,1325121715100SRBT0,2026-05-28 07:00:00,2026-05-28 15:00:00,64,15.0,0,Continuity (2-mould press)
2026-05-28 00:00:00,B,9413,1325121715100SRBT0,2026-05-28 15:00:00,2026-05-28 23:00:00,64,15.0,0,Continuity (2-mould press)
2026-05-28 00:00:00,C,9413,1325121715100SRBT0,2026-05-28 23:00:00,2026-05-29 07:00:00,64,15.0,0,Continuity (2-mould press)
2026-05-29 00:00:00,A,9413,1325121715100SRBT0,2026-05-29 07:00:00,2026-05-29 15:00:00,64,15.0,0,Continuity (2-mould press)
2026-05-29 00:00:00,B,9413,1325121715100SRBT0,2026-05-29 15:00:00,2026-05-29 19:45:00,38,15.0,0,Continuity (2-mould press)
2026-05-28 00:00:00,A,9414,1325214812074TUHL0,2026-05-28 07:00:00,2026-05-28 15:00:00,64,15.0,0,Continuity (2-mould press)
2026-05-28 00:00:00,B,9414,1325214812074TUHL0,2026-05-28 15:00:00,2026-05-28 23:00:00,64,15.0,0,Continuity (2-mould press)
2026-05-28 00:00:00,C,9414,1325214812074TUHL0,2026-05-28 23:00:00,2026-05-29 07:00:00,64,15.0,0,Continuity (2-mould press)
2026-05-29 00:00:00,A,9414,1325214812074TUHL0,2026-05-29 07:00:00,2026-05-29 15:00:00,64,15.0,0,Continuity (2-mould press)
2026-05-29 00:00:00,B,9414,1325214812074TUHL0,2026-05-29 15:00:00,2026-05-29 23:00:00,64,15.0,0,Continuity (2-mould press)
2026-05-29 00:00:00,C,9414,1325214812074TUHL0,2026-05-29 23:00:00,2026-05-30 07:00:00,64,15.0,0,Continuity (2-mould press)
2026-05-30 00:00:00,A,9414,1325214812074TUHL0,2026-05-30 07:00:00,2026-05-30 15:00:00,64,15.0,0,Continuity (2-mould press)
2026-05-30 00:00:00,B,9414,1325214812074TUHL0,2026-05-30 15:00:00,2026-05-30 23:00:00,64,15.0,0,Continuity (2-mould press)
2026-05-30 00:00:00,C,9414,1325214812074TUHL0,2026-05-30 23:00:00,2026-05-31 07:00:00,64,15.0,0,Continuity (2-mould press)
2026-05-31 00:00:00,A,9414,1325214812074TUHL0,2026-05-31 07:00:00,2026-05-31 15:00:00,64,15.0,0,Continuity (2-mould press)
2026-05-31 00:00:00,B,9414,1325214812074TUHL0,2026-05-31 15:00:00,2026-05-31 23:00:00,64,15.0,0,Continuity (2-mould press)
2026-05-31 00:00:00,C,9414,1325214812074TUHL0,2026-05-31 23:00:00,2026-06-01 07:00:00,64,15.0,0,Continuity (2-mould press)
2026-06-01 00:00:00,A,9414,1325214812074TUHL0,2026-06-01 07:00:00,2026-06-01 12:30:00,44,15.0,0,Continuity (2-mould press)
2026-05-28 00:00:00,A,9502,1D25213812090FXPC0,2026-05-28 07:00:00,2026-05-28 15:00:00,56,17.0,255,Continuity (2-mould press)
2026-05-28 00:00:00,B,9502,1D25213812090FXPC0,2026-05-28 15:00:00,2026-05-28 23:00:00,56,17.0,255,Continuity (2-mould press)
2026-05-28 00:00:00,C,9502,1D25213812090FXPC0,2026-05-28 23:00:00,2026-05-29 07:00:00,56,17.0,255,Continuity (2-mould press)
2026-05-29 00:00:00,A,9502,1D25213812090FXPC0,2026-05-29 07:00:00,2026-05-29 15:00:00,56,17.0,255,Continuity (2-mould press)
2026-05-29 00:00:00,B,9502,1D25213812090FXPC0,2026-05-29 15:00:00,2026-05-29 23:00:00,56,17.0,255,Continuity (2-mould press)
2026-05-29 00:00:00,C,9502,1D25213812090FXPC0,2026-05-29 23:00:00,2026-05-30 07:00:00,56,17.0,255,Continuity (2-mould press)
2026-05-30 00:00:00,A,9502,1D25213812090FXPC0,2026-05-30 07:00:00,2026-05-30 15:00:00,56,17.0,255,Continuity (2-mould press)
2026-05-30 00:00:00,B,9502,1D25213812090FXPC0,2026-05-30 15:00:00,2026-05-30 23:00:00,56,17.0,255,Continuity (2-mould press)
2026-05-30 00:00:00,C,9502,1D25213812090FXPC0,2026-05-30 23:00:00,2026-05-31 07:00:00,56,17.0,255,Continuity (2-mould press)
2026-05-31 00:00:00,A,9502,1D25213812090FXPC0,2026-05-31 07:00:00,2026-05-31 09:48:00,20,17.0,255,Continuity (2-mould press)
2026-05-28 00:00:00,A,9503,1D25213812090FXPC0,2026-05-28 07:00:00,2026-05-28 15:00:00,56,17.0,255,Continuity (2-mould press)
2026-05-28 00:00:00,B,9503,1D25213812090FXPC0,2026-05-28 15:00:00,2026-05-28 23:00:00,56,17.0,255,Continuity (2-mould press)
2026-05-28 00:00:00,C,9503,1D25213812090FXPC0,2026-05-28 23:00:00,2026-05-29 07:00:00,56,17.0,255,Continuity (2-mould press)
2026-05-29 00:00:00,A,9503,1D25213812090FXPC0,2026-05-29 07:00:00,2026-05-29 15:00:00,56,17.0,255,Continuity (2-mould press)
2026-05-29 00:00:00,B,9503,1D25213812090FXPC0,2026-05-29 15:00:00,2026-05-29 23:00:00,56,17.0,255,Continuity (2-mould press)
2026-05-29 00:00:00,C,9503,1D25213812090FXPC0,2026-05-29 23:00:00,2026-05-30 07:00:00,56,17.0,255,Continuity (2-mould press)
2026-05-30 00:00:00,A,9503,1D25213812090FXPC0,2026-05-30 07:00:00,2026-05-30 15:00:00,56,17.0,255,Continuity (2-mould press)
2026-05-30 00:00:00,B,9503,1D25213812090FXPC0,2026-05-30 15:00:00,2026-05-30 23:00:00,56,17.0,255,Continuity (2-mould press)
2026-05-30 00:00:00,C,9503,1D25213812090FXPC0,2026-05-30 23:00:00,2026-05-31 07:00:00,56,17.0,255,Continuity (2-mould press)
2026-05-31 00:00:00,A,9503,1D25213812090FXPC0,2026-05-31 07:00:00,2026-05-31 09:48:00,20,17.0,255,Continuity (2-mould press)
2026-05-28 00:00:00,A,9504,1325114812074TUHL0,2026-05-28 07:00:00,2026-05-28 14:45:00,62,15.0,148,Continuity (2-mould press)
2026-05-28 00:00:00,A,9505,1D25212812074FXC10,2026-05-28 07:00:00,2026-05-28 15:00:00,53,18.0,331,Continuity (2-mould press)
2026-05-28 00:00:00,B,9505,1D25212812074FXC10,2026-05-28 15:00:00,2026-05-28 23:00:00,53,18.0,331,Continuity (2-mould press)
2026-05-28 00:00:00,C,9505,1D25212812074FXC10,2026-05-28 23:00:00,2026-05-29 07:00:00,53,18.0,331,Continuity (2-mould press)
2026-05-29 00:00:00,A,9505,1D25212812074FXC10,2026-05-29 07:00:00,2026-05-29 15:00:00,53,18.0,331,Continuity (2-mould press)
2026-05-29 00:00:00,B,9505,1D25212812074FXC10,2026-05-29 15:00:00,2026-05-29 23:00:00,53,18.0,331,Continuity (2-mould press)
2026-05-29 00:00:00,C,9505,1D25212812074FXC10,2026-05-29 23:00:00,2026-05-30 07:00:00,53,18.0,331,Continuity (2-mould press)
2026-05-30 00:00:00,A,9505,1D25212812074FXC10,2026-05-30 07:00:00,2026-05-30 15:00:00,53,18.0,331,Continuity (2-mould press)
2026-05-30 00:00:00,B,9505,1D25212812074FXC10,2026-05-30 15:00:00,2026-05-30 23:00:00,53,18.0,331,Continuity (2-mould press)
2026-05-30 00:00:00,C,9505,1D25212812074FXC10,2026-05-30 23:00:00,2026-05-30 23:48:00,5,18.0,331,Continuity (2-mould press)
2026-05-28 00:00:00,A,9506,1D25212812074FXC10,2026-05-28 07:00:00,2026-05-28 15:00:00,53,18.0,331,Continuity (2-mould press)
2026-05-28 00:00:00,B,9506,1D25212812074FXC10,2026-05-28 15:00:00,2026-05-28 23:00:00,53,18.0,331,Continuity (2-mould press)
2026-05-28 00:00:00,C,9506,1D25212812074FXC10,2026-05-28 23:00:00,2026-05-29 07:00:00,53,18.0,331,Continuity (2-mould press)
2026-05-29 00:00:00,A,9506,1D25212812074FXC10,2026-05-29 07:00:00,2026-05-29 15:00:00,53,18.0,331,Continuity (2-mould press)
2026-05-29 00:00:00,B,9506,1D25212812074FXC10,2026-05-29 15:00:00,2026-05-29 23:00:00,53,18.0,331,Continuity (2-mould press)
2026-05-29 00:00:00,C,9506,1D25212812074FXC10,2026-05-29 23:00:00,2026-05-30 07:00:00,53,18.0,331,Continuity (2-mould press)
2026-05-30 00:00:00,A,9506,1D25212812074FXC10,2026-05-30 07:00:00,2026-05-30 15:00:00,53,18.0,331,Continuity (2-mould press)
2026-05-30 00:00:00,B,9506,1D25212812074FXC10,2026-05-30 15:00:00,2026-05-30 23:00:00,53,18.0,331,Continuity (2-mould press)
2026-05-30 00:00:00,C,9506,1D25212812074FXC10,2026-05-30 23:00:00,2026-05-30 23:48:00,5,18.0,331,Continuity (2-mould press)
2026-05-28 00:00:00,A,9507,1D25212812074FXC10,2026-05-28 07:00:00,2026-05-28 15:00:00,53,18.0,331,Continuity (2-mould press)
2026-05-28 00:00:00,B,9507,1D25212812074FXC10,2026-05-28 15:00:00,2026-05-28 23:00:00,53,18.0,331,Continuity (2-mould press)
2026-05-28 00:00:00,C,9507,1D25212812074FXC10,2026-05-28 23:00:00,2026-05-29 07:00:00,53,18.0,331,Continuity (2-mould press)
2026-05-29 00:00:00,A,9507,1D25212812074FXC10,2026-05-29 07:00:00,2026-05-29 15:00:00,53,18.0,331,Continuity (2-mould press)
2026-05-29 00:00:00,B,9507,1D25212812074FXC10,2026-05-29 15:00:00,2026-05-29 23:00:00,53,18.0,331,Continuity (2-mould press)
2026-05-29 00:00:00,C,9507,1D25212812074FXC10,2026-05-29 23:00:00,2026-05-30 07:00:00,53,18.0,331,Continuity (2-mould press)
2026-05-30 00:00:00,A,9507,1D25212812074FXC10,2026-05-30 07:00:00,2026-05-30 15:00:00,53,18.0,331,Continuity (2-mould press)
2026-05-30 00:00:00,B,9507,1D25212812074FXC10,2026-05-30 15:00:00,2026-05-30 23:00:00,53,18.0,331,Continuity (2-mould press)
2026-05-30 00:00:00,C,9507,1D25212812074FXC10,2026-05-30 23:00:00,2026-05-30 23:30:00,3,18.0,331,Continuity (2-mould press)
2026-05-28 00:00:00,A,9701,1225121715115SSTL0,2026-05-28 07:00:00,2026-05-28 15:00:00,32,30.0,0,Continuity (2-mould press)
2026-05-28 00:00:00,B,9701,1225121715115SSTL0,2026-05-28 15:00:00,2026-05-28 23:00:00,32,30.0,0,Continuity (2-mould press)
2026-05-28 00:00:00,C,9701,1225121715115SSTL0,2026-05-28 23:00:00,2026-05-29 07:00:00,32,30.0,0,Continuity (2-mould press)
2026-05-29 00:00:00,A,9701,1225121715115SSTL0,2026-05-29 07:00:00,2026-05-29 15:00:00,32,30.0,0,Continuity (2-mould press)
2026-05-29 00:00:00,B,9701,1225121715115SSTL0,2026-05-29 15:00:00,2026-05-29 23:00:00,32,30.0,0,Continuity (2-mould press)
2026-05-29 00:00:00,C,9701,1225121715115SSTL0,2026-05-29 23:00:00,2026-05-30 07:00:00,32,30.0,0,Continuity (2-mould press)
2026-05-30 00:00:00,A,9701,1225121715115SSTL0,2026-05-30 07:00:00,2026-05-30 15:00:00,32,30.0,0,Continuity (2-mould press)
2026-05-30 00:00:00,B,9701,1225121715115SSTL0,2026-05-30 15:00:00,2026-05-30 23:00:00,32,30.0,0,Continuity (2-mould press)
2026-05-30 00:00:00,C,9701,1225121715115SSTL0,2026-05-30 23:00:00,2026-05-31 07:00:00,32,30.0,0,Continuity (2-mould press)
2026-05-31 00:00:00,A,9701,1225121715115SSTL0,2026-05-31 07:00:00,2026-05-31 15:00:00,32,30.0,0,Continuity (2-mould press)
2026-05-31 00:00:00,B,9701,1225121715115SSTL0,2026-05-31 15:00:00,2026-05-31 16:30:00,6,30.0,0,Continuity (2-mould press)
2026-05-28 00:00:00,A,9702,1225121Z14112LSTL0,2026-05-28 07:00:00,2026-05-28 15:00:00,29,33.0,0,Continuity (2-mould press)
2026-05-28 00:00:00,B,9702,1225121Z14112LSTL0,2026-05-28 15:00:00,2026-05-28 23:00:00,29,33.0,0,Continuity (2-mould press)
2026-05-28 00:00:00,C,9702,1225121Z14112LSTL0,2026-05-28 23:00:00,2026-05-29 07:00:00,29,33.0,0,Continuity (2-mould press)
2026-05-29 00:00:00,A,9702,1225121Z14112LSTL0,2026-05-29 07:00:00,2026-05-29 15:00:00,29,33.0,0,Continuity (2-mould press)
2026-05-29 00:00:00,B,9702,1225121Z14112LSTL0,2026-05-29 15:00:00,2026-05-29 23:00:00,29,33.0,0,Continuity (2-mould press)
2026-05-29 00:00:00,C,9702,1225121Z14112LSTL0,2026-05-29 23:00:00,2026-05-30 07:00:00,29,33.0,0,Continuity (2-mould press)
2026-05-30 00:00:00,A,9702,1225121Z14112LSTL0,2026-05-30 07:00:00,2026-05-30 15:00:00,29,33.0,0,Continuity (2-mould press)
2026-05-30 00:00:00,B,9702,1225121Z14112LSTL0,2026-05-30 15:00:00,2026-05-30 23:00:00,29,33.0,0,Continuity (2-mould press)
2026-05-30 00:00:00,C,9702,1225121Z14112LSTL0,2026-05-30 23:00:00,2026-05-31 07:00:00,29,33.0,0,Continuity (2-mould press)
2026-05-31 00:00:00,A,9702,1225121Z14112LSTL0,2026-05-31 07:00:00,2026-05-31 15:00:00,29,33.0,0,Continuity (2-mould press)
2026-05-31 00:00:00,B,9702,1225121Z14112LSTL0,2026-05-31 15:00:00,2026-05-31 23:00:00,29,33.0,0,Continuity (2-mould press)
2026-05-31 00:00:00,C,9702,1225121Z14112LSTL0,2026-05-31 23:00:00,2026-06-01 02:51:00,14,33.0,0,Continuity (2-mould press)
2026-05-28 00:00:00,A,9703,1225121715115SSTL0,2026-05-28 07:00:00,2026-05-28 15:00:00,32,30.0,0,Continuity (2-mould press)
2026-05-28 00:00:00,B,9703,1225121715115SSTL0,2026-05-28 15:00:00,2026-05-28 23:00:00,32,30.0,0,Continuity (2-mould press)
2026-05-28 00:00:00,C,9703,1225121715115SSTL0,2026-05-28 23:00:00,2026-05-29 07:00:00,32,30.0,0,Continuity (2-mould press)
2026-05-29 00:00:00,A,9703,1225121715115SSTL0,2026-05-29 07:00:00,2026-05-29 15:00:00,32,30.0,0,Continuity (2-mould press)
2026-05-29 00:00:00,B,9703,1225121715115SSTL0,2026-05-29 15:00:00,2026-05-29 23:00:00,32,30.0,0,Continuity (2-mould press)
2026-05-29 00:00:00,C,9703,1225121715115SSTL0,2026-05-29 23:00:00,2026-05-30 07:00:00,32,30.0,0,Continuity (2-mould press)
2026-05-30 00:00:00,A,9703,1225121715115SSTL0,2026-05-30 07:00:00,2026-05-30 15:00:00,32,30.0,0,Continuity (2-mould press)
2026-05-30 00:00:00,B,9703,1225121715115SSTL0,2026-05-30 15:00:00,2026-05-30 23:00:00,32,30.0,0,Continuity (2-mould press)
2026-05-30 00:00:00,C,9703,1225121715115SSTL0,2026-05-30 23:00:00,2026-05-31 07:00:00,32,30.0,0,Continuity (2-mould press)
2026-05-31 00:00:00,A,9703,1225121715115SSTL0,2026-05-31 07:00:00,2026-05-31 15:00:00,32,30.0,0,Continuity (2-mould press)
2026-05-31 00:00:00,B,9703,1225121715115SSTL0,2026-05-31 15:00:00,2026-05-31 16:00:00,4,30.0,0,Continuity (2-mould press)
2026-05-28 00:00:00,A,9704,1225121Z14112LSTL0,2026-05-28 07:00:00,2026-05-28 15:00:00,29,33.0,0,Continuity (2-mould press)
2026-05-28 00:00:00,B,9704,1225121Z14112LSTL0,2026-05-28 15:00:00,2026-05-28 23:00:00,29,33.0,0,Continuity (2-mould press)
2026-05-28 00:00:00,C,9704,1225121Z14112LSTL0,2026-05-28 23:00:00,2026-05-29 07:00:00,29,33.0,0,Continuity (2-mould press)
2026-05-29 00:00:00,A,9704,1225121Z14112LSTL0,2026-05-29 07:00:00,2026-05-29 15:00:00,29,33.0,0,Continuity (2-mould press)
2026-05-29 00:00:00,B,9704,1225121Z14112LSTL0,2026-05-29 15:00:00,2026-05-29 23:00:00,29,33.0,0,Continuity (2-mould press)
2026-05-29 00:00:00,C,9704,1225121Z14112LSTL0,2026-05-29 23:00:00,2026-05-30 07:00:00,29,33.0,0,Continuity (2-mould press)
2026-05-30 00:00:00,A,9704,1225121Z14112LSTL0,2026-05-30 07:00:00,2026-05-30 15:00:00,29,33.0,0,Continuity (2-mould press)
2026-05-30 00:00:00,B,9704,1225121Z14112LSTL0,2026-05-30 15:00:00,2026-05-30 23:00:00,29,33.0,0,Continuity (2-mould press)
2026-05-30 00:00:00,C,9704,1225121Z14112LSTL0,2026-05-30 23:00:00,2026-05-31 07:00:00,29,33.0,0,Continuity (2-mould press)
2026-05-31 00:00:00,A,9704,1225121Z14112LSTL0,2026-05-31 07:00:00,2026-05-31 15:00:00,29,33.0,0,Continuity (2-mould press)
2026-05-31 00:00:00,B,9704,1225121Z14112LSTL0,2026-05-31 15:00:00,2026-05-31 23:00:00,29,33.0,0,Continuity (2-mould press)
2026-05-31 00:00:00,C,9704,1225121Z14112LSTL0,2026-05-31 23:00:00,2026-06-01 02:51:00,14,33.0,0,Continuity (2-mould press)
2026-05-28 00:00:00,A,9802,1325216814085STMX0,2026-05-28 07:00:00,2026-05-28 15:00:00,60,16.0,256,Continuity (2-mould press)
2026-05-28 00:00:00,B,9802,1325216814085STMX0,2026-05-28 15:00:00,2026-05-28 23:00:00,60,16.0,256,Continuity (2-mould press)
2026-05-28 00:00:00,C,9802,1325216814085STMX0,2026-05-28 23:00:00,2026-05-29 07:00:00,60,16.0,256,Continuity (2-mould press)
2026-05-29 00:00:00,A,9802,1325216814085STMX0,2026-05-29 07:00:00,2026-05-29 15:00:00,60,16.0,256,Continuity (2-mould press)
2026-05-29 00:00:00,B,9802,1325216814085STMX0,2026-05-29 15:00:00,2026-05-29 23:00:00,60,16.0,256,Continuity (2-mould press)
2026-05-29 00:00:00,C,9802,1325216814085STMX0,2026-05-29 23:00:00,2026-05-30 07:00:00,60,16.0,256,Continuity (2-mould press)
2026-05-30 00:00:00,A,9802,1325216814085STMX0,2026-05-30 07:00:00,2026-05-30 15:00:00,60,16.0,256,Continuity (2-mould press)
2026-05-30 00:00:00,B,9802,1325216814085STMX0,2026-05-30 15:00:00,2026-05-30 23:00:00,60,16.0,256,Continuity (2-mould press)
2026-05-30 00:00:00,C,9802,1325216814085STMX0,2026-05-30 23:00:00,2026-05-31 07:00:00,60,16.0,256,Continuity (2-mould press)
2026-05-31 00:00:00,A,9802,1325216814085STMX0,2026-05-31 07:00:00,2026-05-31 07:16:00,2,16.0,256,Continuity (2-mould press)
2026-05-28 00:00:00,A,9804,1325216814085STMX0,2026-05-28 07:00:00,2026-05-28 15:00:00,60,16.0,256,Continuity (2-mould press)
2026-05-28 00:00:00,B,9804,1325216814085STMX0,2026-05-28 15:00:00,2026-05-28 23:00:00,60,16.0,256,Continuity (2-mould press)
2026-05-28 00:00:00,C,9804,1325216814085STMX0,2026-05-28 23:00:00,2026-05-29 07:00:00,60,16.0,256,Continuity (2-mould press)
2026-05-29 00:00:00,A,9804,1325216814085STMX0,2026-05-29 07:00:00,2026-05-29 15:00:00,60,16.0,256,Continuity (2-mould press)
2026-05-29 00:00:00,B,9804,1325216814085STMX0,2026-05-29 15:00:00,2026-05-29 23:00:00,60,16.0,256,Continuity (2-mould press)
2026-05-29 00:00:00,C,9804,1325216814085STMX0,2026-05-29 23:00:00,2026-05-30 07:00:00,60,16.0,256,Continuity (2-mould press)
2026-05-30 00:00:00,A,9804,1325216814085STMX0,2026-05-30 07:00:00,2026-05-30 15:00:00,60,16.0,256,Continuity (2-mould press)
2026-05-30 00:00:00,B,9804,1325216814085STMX0,2026-05-30 15:00:00,2026-05-30 23:00:00,60,16.0,256,Continuity (2-mould press)
2026-05-30 00:00:00,C,9804,1325216814085STMX0,2026-05-30 23:00:00,2026-05-31 07:00:00,60,16.0,256,Continuity (2-mould press)
2026-05-31 00:00:00,A,9804,1325216814085STMX0,2026-05-31 07:00:00,2026-05-31 07:16:00,2,16.0,256,Continuity (2-mould press)
