Date,Shift,Machine,SKUCode,StartTime,EndTime,Qty,CycleTime_min,GT_Inventory,Remarks
2026-04-19,C,3609,CHANGEOVER,2026-04-19 23:00:00,2026-04-20 05:00:00,0,0.0,0,C/O from 1D25214012008QXPCT to 1325224716111SELS0
2026-04-20,C,3609,1325224716111SELS0,2026-04-20 05:00:00,2026-04-20 07:00:00,12,19.0,0,LP Scheduled
2026-04-20,A,3609,1325224716111SELS0,2026-04-20 07:00:00,2026-04-20 15:00:00,50,19.0,0,LP Scheduled
2026-04-20,B,3609,1325224716111SELS0,2026-04-20 15:00:00,2026-04-20 23:00:00,50,19.0,0,LP Scheduled
2026-04-20,C,3609,1325224716111SELS0,2026-04-20 23:00:00,2026-04-21 07:00:00,50,19.0,0,LP Scheduled
2026-04-21,A,3609,1325224716111SELS0,2026-04-21 07:00:00,2026-04-21 15:00:00,50,19.0,0,LP Scheduled
2026-04-21,B,3609,1325224716111SELS0,2026-04-21 15:00:00,2026-04-21 23:00:00,50,19.0,0,LP Scheduled
2026-04-21,C,3609,1325224716111SELS0,2026-04-21 23:00:00,2026-04-22 07:00:00,50,19.0,0,LP Scheduled
2026-04-22,A,3609,1325224716111SELS0,2026-04-22 07:00:00,2026-04-22 15:00:00,50,19.0,0,LP Scheduled
2026-04-22,B,3609,1325224716111SELS0,2026-04-22 15:00:00,2026-04-22 23:00:00,50,19.0,0,LP Scheduled
2026-04-22,C,3609,1325224716111SELS0,2026-04-22 23:00:00,2026-04-23 07:00:00,50,19.0,0,LP Scheduled
2026-04-23,A,3609,1325224716111SELS0,2026-04-23 07:00:00,2026-04-23 15:00:00,50,19.0,0,LP Scheduled
2026-04-23,B,3609,1325224716111SELS0,2026-04-23 15:00:00,2026-04-23 23:00:00,50,19.0,0,LP Scheduled
2026-04-23,C,3609,1325224716111SELS0,2026-04-23 23:00:00,2026-04-24 07:00:00,50,19.0,0,LP Scheduled
2026-04-24,A,3609,1325224716111SELS0,2026-04-24 07:00:00,2026-04-24 15:00:00,50,19.0,0,LP Scheduled
2026-04-24,B,3609,1325224716111SELS0,2026-04-24 15:00:00,2026-04-24 23:00:00,50,19.0,0,LP Scheduled
2026-04-24,C,3609,1325224716111SELS0,2026-04-24 23:00:00,2026-04-25 07:00:00,50,19.0,0,LP Scheduled
2026-04-25,A,3609,1325224716111SELS0,2026-04-25 07:00:00,2026-04-25 15:00:00,50,19.0,0,LP Scheduled
2026-04-25,B,3609,1325224716111SELS0,2026-04-25 15:00:00,2026-04-25 23:00:00,50,19.0,0,LP Scheduled
2026-04-25,C,3609,1325224716111SELS0,2026-04-25 23:00:00,2026-04-26 07:00:00,50,19.0,0,LP Scheduled
2026-04-26,A,3609,1325224716111SELS0,2026-04-26 07:00:00,2026-04-26 15:00:00,50,19.0,0,LP Scheduled
2026-04-26,B,3609,1325224716111SELS0,2026-04-26 15:00:00,2026-04-26 23:00:00,50,19.0,0,LP Scheduled
2026-04-26,C,3609,1325224716111SELS0,2026-04-26 23:00:00,2026-04-27 07:00:00,50,19.0,0,LP Scheduled
2026-04-27,A,3609,1325224716111SELS0,2026-04-27 07:00:00,2026-04-27 15:00:00,50,19.0,0,LP Scheduled
2026-04-27,B,3609,1325224716111SELS0,2026-04-27 15:00:00,2026-04-27 23:00:00,50,19.0,0,LP Scheduled
2026-04-27,C,3609,1325224716111SELS0,2026-04-27 23:00:00,2026-04-28 07:00:00,50,19.0,0,LP Scheduled
2026-04-28,A,3609,1325224716111SELS0,2026-04-28 07:00:00,2026-04-28 15:00:00,50,19.0,0,LP Scheduled
2026-04-28,B,3609,1325224716111SELS0,2026-04-28 15:00:00,2026-04-28 23:00:00,50,19.0,0,LP Scheduled
2026-04-28,C,3609,1325224716111SELS0,2026-04-28 23:00:00,2026-04-29 07:00:00,50,19.0,0,LP Scheduled
2026-04-29,A,3609,1325224716111SELS0,2026-04-29 07:00:00,2026-04-29 15:00:00,50,19.0,0,LP Scheduled
2026-04-29,B,3609,1325224716111SELS0,2026-04-29 15:00:00,2026-04-29 23:00:00,50,19.0,0,LP Scheduled
2026-04-29,C,3609,1325224716111SELS0,2026-04-29 23:00:00,2026-04-30 07:00:00,50,19.0,0,LP Scheduled
2026-04-30,A,3609,1325224716111SELS0,2026-04-30 07:00:00,2026-04-30 15:00:00,50,19.0,0,LP Scheduled
2026-04-30,B,3609,1325224716111SELS0,2026-04-30 15:00:00,2026-04-30 23:00:00,50,19.0,0,LP Scheduled
2026-04-30,C,3609,1325224716111SELS0,2026-04-30 23:00:00,2026-05-01 07:00:00,50,19.0,0,LP Scheduled
2026-05-01,A,3609,1325224716111SELS0,2026-05-01 07:00:00,2026-05-01 13:58:00,62,19.0,0,LP Scheduled
2026-05-01,A,3609,CHANGEOVER,2026-05-01 13:58:00,2026-05-01 19:58:00,0,0.0,0,C/O from 1325224716111SELS0 to 1325226617118QRMT0
2026-05-01,B,3609,1325226617118QRMT0,2026-05-01 19:58:00,2026-05-01 23:00:00,14,26.0,0,LP Scheduled
2026-05-01,C,3609,1325226617118QRMT0,2026-05-01 23:00:00,2026-05-02 07:00:00,36,26.0,0,LP Scheduled
2026-05-02,A,3609,1325226617118QRMT0,2026-05-02 07:00:00,2026-05-02 15:00:00,36,26.0,0,LP Scheduled
2026-05-02,B,3609,1325226617118QRMT0,2026-05-02 15:00:00,2026-05-02 23:00:00,36,26.0,0,LP Scheduled
2026-05-02,C,3609,1325226617118QRMT0,2026-05-02 23:00:00,2026-05-03 07:00:00,36,26.0,0,LP Scheduled
2026-05-03,A,3609,1325226617118QRMT0,2026-05-03 07:00:00,2026-05-03 15:00:00,36,26.0,0,LP Scheduled
2026-05-03,B,3609,1325226617118QRMT0,2026-05-03 15:00:00,2026-05-03 23:00:00,36,26.0,0,LP Scheduled
2026-05-03,C,3609,1325226617118QRMT0,2026-05-03 23:00:00,2026-05-04 07:00:00,36,26.0,0,LP Scheduled
2026-05-04,A,3609,1325226617118QRMT0,2026-05-04 07:00:00,2026-05-04 11:14:00,26,26.0,0,LP Scheduled
2026-04-20,C,3610,CHANGEOVER,2026-04-20 00:40:00,2026-04-20 06:40:00,0,0.0,0,C/O from 1D25214012008QXPCT to 1325221715100SRAT0
2026-04-20,C,3610,1325221715100SRAT0,2026-04-20 06:40:00,2026-04-20 07:00:00,2,19.0,0,LP Scheduled
2026-04-20,A,3610,1325221715100SRAT0,2026-04-20 07:00:00,2026-04-20 15:00:00,50,19.0,0,LP Scheduled
2026-04-20,B,3610,1325221715100SRAT0,2026-04-20 15:00:00,2026-04-20 23:00:00,50,19.0,0,LP Scheduled
2026-04-20,C,3610,1325221715100SRAT0,2026-04-20 23:00:00,2026-04-21 07:00:00,50,19.0,0,LP Scheduled
2026-04-21,A,3610,1325221715100SRAT0,2026-04-21 07:00:00,2026-04-21 15:00:00,50,19.0,0,LP Scheduled
2026-04-21,B,3610,1325221715100SRAT0,2026-04-21 15:00:00,2026-04-21 23:00:00,50,19.0,0,LP Scheduled
2026-04-21,C,3610,1325221715100SRAT0,2026-04-21 23:00:00,2026-04-22 07:00:00,50,19.0,0,LP Scheduled
2026-04-22,A,3610,1325221715100SRAT0,2026-04-22 07:00:00,2026-04-22 15:00:00,50,19.0,0,LP Scheduled
2026-04-22,B,3610,1325221715100SRAT0,2026-04-22 15:00:00,2026-04-22 23:00:00,50,19.0,0,LP Scheduled
2026-04-22,C,3610,1325221715100SRAT0,2026-04-22 23:00:00,2026-04-23 07:00:00,50,19.0,0,LP Scheduled
2026-04-23,A,3610,1325221715100SRAT0,2026-04-23 07:00:00,2026-04-23 15:00:00,50,19.0,0,LP Scheduled
2026-04-23,B,3610,1325221715100SRAT0,2026-04-23 15:00:00,2026-04-23 23:00:00,50,19.0,0,LP Scheduled
2026-04-23,C,3610,1325221715100SRAT0,2026-04-23 23:00:00,2026-04-24 07:00:00,50,19.0,0,LP Scheduled
2026-04-24,A,3610,1325221715100SRAT0,2026-04-24 07:00:00,2026-04-24 15:00:00,50,19.0,0,LP Scheduled
2026-04-24,B,3610,1325221715100SRAT0,2026-04-24 15:00:00,2026-04-24 23:00:00,50,19.0,0,LP Scheduled
2026-04-24,C,3610,1325221715100SRAT0,2026-04-24 23:00:00,2026-04-25 07:00:00,50,19.0,0,LP Scheduled
2026-04-25,A,3610,1325221715100SRAT0,2026-04-25 07:00:00,2026-04-25 15:00:00,50,19.0,0,LP Scheduled
2026-04-25,B,3610,1325221715100SRAT0,2026-04-25 15:00:00,2026-04-25 23:00:00,50,19.0,0,LP Scheduled
2026-04-25,C,3610,1325221715100SRAT0,2026-04-25 23:00:00,2026-04-26 07:00:00,50,19.0,0,LP Scheduled
2026-04-26,A,3610,1325221715100SRAT0,2026-04-26 07:00:00,2026-04-26 15:00:00,50,19.0,0,LP Scheduled
2026-04-26,B,3610,1325221715100SRAT0,2026-04-26 15:00:00,2026-04-26 23:00:00,50,19.0,0,LP Scheduled
2026-04-26,C,3610,1325221715100SRAT0,2026-04-26 23:00:00,2026-04-27 07:00:00,50,19.0,0,LP Scheduled
2026-04-27,A,3610,1325221715100SRAT0,2026-04-27 07:00:00,2026-04-27 15:00:00,50,19.0,0,LP Scheduled
2026-04-27,B,3610,1325221715100SRAT0,2026-04-27 15:00:00,2026-04-27 23:00:00,50,19.0,0,LP Scheduled
2026-04-27,C,3610,1325221715100SRAT0,2026-04-27 23:00:00,2026-04-28 07:00:00,50,19.0,0,LP Scheduled
2026-04-28,A,3610,1325221715100SRAT0,2026-04-28 07:00:00,2026-04-28 15:00:00,50,19.0,0,LP Scheduled
2026-04-28,B,3610,1325221715100SRAT0,2026-04-28 15:00:00,2026-04-28 23:00:00,50,19.0,0,LP Scheduled
2026-04-28,C,3610,1325221715100SRAT0,2026-04-28 23:00:00,2026-04-29 07:00:00,50,19.0,0,LP Scheduled
2026-04-29,A,3610,1325221715100SRAT0,2026-04-29 07:00:00,2026-04-29 15:00:00,50,19.0,0,LP Scheduled
2026-04-29,B,3610,1325221715100SRAT0,2026-04-29 15:00:00,2026-04-29 23:00:00,50,19.0,0,LP Scheduled
2026-04-29,C,3610,1325221715100SRAT0,2026-04-29 23:00:00,2026-04-30 07:00:00,50,19.0,0,LP Scheduled
2026-04-30,A,3610,1325221715100SRAT0,2026-04-30 07:00:00,2026-04-30 15:00:00,50,19.0,0,LP Scheduled
2026-04-30,B,3610,1325221715100SRAT0,2026-04-30 15:00:00,2026-04-30 23:00:00,50,19.0,0,LP Scheduled
2026-04-30,C,3610,1325221715100SRAT0,2026-04-30 23:00:00,2026-05-01 07:00:00,50,19.0,0,LP Scheduled
2026-05-01,A,3610,1325221715100SRAT0,2026-05-01 07:00:00,2026-05-01 15:00:00,50,19.0,0,LP Scheduled
2026-05-01,B,3610,1325221715100SRAT0,2026-05-01 15:00:00,2026-05-01 23:00:00,50,19.0,0,LP Scheduled
2026-05-01,C,3610,1325221715100SRAT0,2026-05-01 23:00:00,2026-05-02 07:00:00,50,19.0,0,LP Scheduled
2026-05-02,A,3610,1325221715100SRAT0,2026-05-02 07:00:00,2026-05-02 15:00:00,50,19.0,0,LP Scheduled
2026-05-02,B,3610,1325221715100SRAT0,2026-05-02 15:00:00,2026-05-02 23:00:00,50,19.0,0,LP Scheduled
2026-05-02,C,3610,1325221715100SRAT0,2026-05-02 23:00:00,2026-05-03 07:00:00,50,19.0,0,LP Scheduled
2026-05-03,A,3610,1325221715100SRAT0,2026-05-03 07:00:00,2026-05-03 15:00:00,50,19.0,0,LP Scheduled
2026-05-03,B,3610,1325221715100SRAT0,2026-05-03 15:00:00,2026-05-03 23:00:00,50,19.0,0,LP Scheduled
2026-05-03,C,3610,1325221715100SRAT0,2026-05-03 23:00:00,2026-05-04 07:00:00,50,19.0,0,LP Scheduled
2026-05-04,A,3610,1325221715100SRAT0,2026-05-04 07:00:00,2026-05-04 15:00:00,50,19.0,0,LP Scheduled
2026-05-04,B,3610,1325221715100SRAT0,2026-05-04 15:00:00,2026-05-04 23:00:00,50,19.0,0,LP Scheduled
2026-05-04,C,3610,1325221715100SRAT0,2026-05-04 23:00:00,2026-05-05 07:00:00,50,19.0,0,LP Scheduled
2026-05-05,A,3610,1325221715100SRAT0,2026-05-05 07:00:00,2026-05-05 15:00:00,50,19.0,0,LP Scheduled
2026-05-05,B,3610,1325221715100SRAT0,2026-05-05 15:00:00,2026-05-05 23:00:00,50,19.0,0,LP Scheduled
2026-05-05,C,3610,1325221715100SRAT0,2026-05-05 23:00:00,2026-05-06 07:00:00,50,19.0,0,LP Scheduled
2026-05-06,A,3610,1325221715100SRAT0,2026-05-06 07:00:00,2026-05-06 15:00:00,50,19.0,0,LP Scheduled
2026-05-06,B,3610,1325221715100SRAT0,2026-05-06 15:00:00,2026-05-06 23:00:00,50,19.0,0,LP Scheduled
2026-05-06,C,3610,1325221715100SRAT0,2026-05-06 23:00:00,2026-05-07 07:00:00,50,19.0,0,LP Scheduled
2026-05-07,A,3610,1325221715100SRAT0,2026-05-07 07:00:00,2026-05-07 15:00:00,50,19.0,0,LP Scheduled
2026-05-07,B,3610,1325221715100SRAT0,2026-05-07 15:00:00,2026-05-07 23:00:00,50,19.0,0,LP Scheduled
2026-05-07,C,3610,1325221715100SRAT0,2026-05-07 23:00:00,2026-05-08 06:55:00,78,19.0,0,LP Scheduled
2026-04-19,C,3611,CHANGEOVER,2026-04-19 23:00:00,2026-04-20 05:00:00,0,0.0,0,C/O from 1D25214012008QXPCT to 1325223317103YLEV0
2026-04-20,C,3611,1325223317103YLEV0,2026-04-20 05:00:00,2026-04-20 07:00:00,10,21.0,0,LP Scheduled
2026-04-20,A,3611,1325223317103YLEV0,2026-04-20 07:00:00,2026-04-20 15:00:00,44,21.0,0,LP Scheduled
2026-04-20,B,3611,1325223317103YLEV0,2026-04-20 15:00:00,2026-04-20 23:00:00,44,21.0,0,LP Scheduled
2026-04-20,C,3611,1325223317103YLEV0,2026-04-20 23:00:00,2026-04-21 07:00:00,44,21.0,0,LP Scheduled
2026-04-21,A,3611,1325223317103YLEV0,2026-04-21 07:00:00,2026-04-21 15:00:00,44,21.0,0,LP Scheduled
2026-04-21,B,3611,1325223317103YLEV0,2026-04-21 15:00:00,2026-04-21 23:00:00,44,21.0,0,LP Scheduled
2026-04-21,C,3611,1325223317103YLEV0,2026-04-21 23:00:00,2026-04-22 07:00:00,44,21.0,0,LP Scheduled
2026-04-22,A,3611,1325223317103YLEV0,2026-04-22 07:00:00,2026-04-22 15:00:00,44,21.0,0,LP Scheduled
2026-04-22,B,3611,1325223317103YLEV0,2026-04-22 15:00:00,2026-04-22 23:00:00,44,21.0,0,LP Scheduled
2026-04-22,C,3611,1325223317103YLEV0,2026-04-22 23:00:00,2026-04-23 07:00:00,44,21.0,0,LP Scheduled
2026-04-23,A,3611,1325223317103YLEV0,2026-04-23 07:00:00,2026-04-23 15:00:00,44,21.0,0,LP Scheduled
2026-04-23,B,3611,1325223317103YLEV0,2026-04-23 15:00:00,2026-04-23 23:00:00,44,21.0,0,LP Scheduled
2026-04-23,C,3611,1325223317103YLEV0,2026-04-23 23:00:00,2026-04-24 07:00:00,44,21.0,0,LP Scheduled
2026-04-24,A,3611,1325223317103YLEV0,2026-04-24 07:00:00,2026-04-24 15:00:00,44,21.0,0,LP Scheduled
2026-04-24,B,3611,1325223317103YLEV0,2026-04-24 15:00:00,2026-04-24 20:39:00,56,21.0,0,LP Scheduled
2026-04-24,B,3611,CHANGEOVER,2026-04-24 20:39:00,2026-04-25 02:39:00,0,0.0,0,C/O from 1325223317103YLEV0 to 1325223418103VETR0
2026-04-25,C,3611,1325223418103VETR0,2026-04-25 02:39:00,2026-04-25 07:00:00,28,18.0,0,LP Scheduled
2026-04-25,A,3611,1325223418103VETR0,2026-04-25 07:00:00,2026-04-25 15:00:00,52,18.0,0,LP Scheduled
2026-04-25,B,3611,1325223418103VETR0,2026-04-25 15:00:00,2026-04-25 23:00:00,52,18.0,0,LP Scheduled
2026-04-25,C,3611,1325223418103VETR0,2026-04-25 23:00:00,2026-04-26 07:00:00,52,18.0,0,LP Scheduled
2026-04-26,A,3611,1325223418103VETR0,2026-04-26 07:00:00,2026-04-26 15:00:00,52,18.0,0,LP Scheduled
2026-04-26,B,3611,1325223418103VETR0,2026-04-26 15:00:00,2026-04-26 23:00:00,52,18.0,0,LP Scheduled
2026-04-26,C,3611,1325223418103VETR0,2026-04-26 23:00:00,2026-04-27 07:00:00,52,18.0,0,LP Scheduled
2026-04-27,A,3611,1325223418103VETR0,2026-04-27 07:00:00,2026-04-27 15:00:00,52,18.0,0,LP Scheduled
2026-04-27,B,3611,1325223418103VETR0,2026-04-27 15:00:00,2026-04-27 23:00:00,52,18.0,0,LP Scheduled
2026-04-27,C,3611,1325223418103VETR0,2026-04-27 23:00:00,2026-04-28 07:00:00,52,18.0,0,LP Scheduled
2026-04-28,A,3611,1325223418103VETR0,2026-04-28 07:00:00,2026-04-28 07:09:00,14,18.0,0,LP Scheduled
2026-04-28,A,3611,CHANGEOVER,2026-04-28 07:09:00,2026-04-28 13:09:00,0,0.0,0,C/O from 1325223418103VETR0 to 1325222418104HUX10
2026-04-28,A,3611,1325222418104HUX10,2026-04-28 13:09:00,2026-04-28 15:00:00,12,17.0,0,LP Scheduled
2026-04-28,B,3611,1325222418104HUX10,2026-04-28 15:00:00,2026-04-28 22:47:00,56,17.0,0,LP Scheduled
2026-04-28,B,3611,CHANGEOVER,2026-04-28 22:47:00,2026-04-29 04:47:00,0,0.0,0,C/O from 1325222418104HUX10 to 1325221516098HRHT0
2026-04-29,C,3611,1325221516098HRHT0,2026-04-29 04:47:00,2026-04-29 07:00:00,16,16.0,0,LP Scheduled
2026-04-29,A,3611,1325221516098HRHT0,2026-04-29 07:00:00,2026-04-29 15:00:00,60,16.0,0,LP Scheduled
2026-04-29,B,3611,1325221516098HRHT0,2026-04-29 15:00:00,2026-04-29 17:03:00,16,16.0,0,LP Scheduled
2026-04-19,B,3612,CHANGEOVER,2026-04-19 21:40:00,2026-04-20 03:40:00,0,0.0,0,C/O from 1D25214012008QXPCT to 1D25215013008SXC1T
2026-04-20,C,3612,1D25215013008SXC1T,2026-04-20 03:40:00,2026-04-20 07:00:00,20,20.0,0,LP Scheduled
2026-04-20,A,3612,1D25215013008SXC1T,2026-04-20 07:00:00,2026-04-20 15:00:00,48,20.0,0,LP Scheduled
2026-04-20,B,3612,1D25215013008SXC1T,2026-04-20 15:00:00,2026-04-20 23:00:00,48,20.0,0,LP Scheduled
2026-04-20,C,3612,1D25215013008SXC1T,2026-04-20 23:00:00,2026-04-21 07:00:00,48,20.0,0,LP Scheduled
2026-04-21,A,3612,1D25215013008SXC1T,2026-04-21 07:00:00,2026-04-21 15:00:00,48,20.0,0,LP Scheduled
2026-04-21,B,3612,1D25215013008SXC1T,2026-04-21 15:00:00,2026-04-21 23:00:00,48,20.0,0,LP Scheduled
2026-04-21,C,3612,1D25215013008SXC1T,2026-04-21 23:00:00,2026-04-22 07:00:00,48,20.0,0,LP Scheduled
2026-04-22,A,3612,1D25215013008SXC1T,2026-04-22 07:00:00,2026-04-22 15:00:00,48,20.0,0,LP Scheduled
2026-04-22,B,3612,1D25215013008SXC1T,2026-04-22 15:00:00,2026-04-22 23:00:00,48,20.0,0,LP Scheduled
2026-04-22,C,3612,1D25215013008SXC1T,2026-04-22 23:00:00,2026-04-23 07:00:00,48,20.0,0,LP Scheduled
2026-04-23,A,3612,1D25215013008SXC1T,2026-04-23 07:00:00,2026-04-23 15:00:00,48,20.0,0,LP Scheduled
2026-04-23,B,3612,1D25215013008SXC1T,2026-04-23 15:00:00,2026-04-23 23:00:00,48,20.0,0,LP Scheduled
2026-04-23,C,3612,1D25215013008SXC1T,2026-04-23 23:00:00,2026-04-24 07:00:00,48,20.0,0,LP Scheduled
2026-04-24,A,3612,1D25215013008SXC1T,2026-04-24 07:00:00,2026-04-24 15:00:00,48,20.0,0,LP Scheduled
2026-04-24,B,3612,1D25215013008SXC1T,2026-04-24 15:00:00,2026-04-24 23:00:00,48,20.0,0,LP Scheduled
2026-04-24,C,3612,1D25215013008SXC1T,2026-04-24 23:00:00,2026-04-25 07:00:00,48,20.0,0,LP Scheduled
2026-04-25,A,3612,1D25215013008SXC1T,2026-04-25 07:00:00,2026-04-25 15:00:00,48,20.0,0,LP Scheduled
2026-04-25,B,3612,1D25215013008SXC1T,2026-04-25 15:00:00,2026-04-25 23:00:00,48,20.0,0,LP Scheduled
2026-04-25,C,3612,1D25215013008SXC1T,2026-04-25 23:00:00,2026-04-26 07:00:00,48,20.0,0,LP Scheduled
2026-04-26,A,3612,1D25215013008SXC1T,2026-04-26 07:00:00,2026-04-26 15:00:00,48,20.0,0,LP Scheduled
2026-04-26,B,3612,1D25215013008SXC1T,2026-04-26 15:00:00,2026-04-26 23:00:00,48,20.0,0,LP Scheduled
2026-04-26,C,3612,1D25215013008SXC1T,2026-04-26 23:00:00,2026-04-27 07:00:00,48,20.0,0,LP Scheduled
2026-04-27,A,3612,1D25215013008SXC1T,2026-04-27 07:00:00,2026-04-27 15:00:00,48,20.0,0,LP Scheduled
2026-04-27,B,3612,1D25215013008SXC1T,2026-04-27 15:00:00,2026-04-27 23:00:00,48,20.0,0,LP Scheduled
2026-04-27,C,3612,1D25215013008SXC1T,2026-04-27 23:00:00,2026-04-28 07:00:00,48,20.0,0,LP Scheduled
2026-04-28,A,3612,1D25215013008SXC1T,2026-04-28 07:00:00,2026-04-28 15:00:00,48,20.0,0,LP Scheduled
2026-04-28,B,3612,1D25215013008SXC1T,2026-04-28 15:00:00,2026-04-28 23:00:00,48,20.0,0,LP Scheduled
2026-04-28,C,3612,1D25215013008SXC1T,2026-04-28 23:00:00,2026-04-29 07:00:00,48,20.0,0,LP Scheduled
2026-04-29,A,3612,1D25215013008SXC1T,2026-04-29 07:00:00,2026-04-29 15:00:00,48,20.0,0,LP Scheduled
2026-04-29,B,3612,1D25215013008SXC1T,2026-04-29 15:00:00,2026-04-29 23:00:00,48,20.0,0,LP Scheduled
2026-04-29,C,3612,1D25215013008SXC1T,2026-04-29 23:00:00,2026-04-30 07:00:00,48,20.0,0,LP Scheduled
2026-04-30,A,3612,1D25215013008SXC1T,2026-04-30 07:00:00,2026-04-30 15:00:00,48,20.0,0,LP Scheduled
2026-04-30,B,3612,1D25215013008SXC1T,2026-04-30 15:00:00,2026-04-30 23:00:00,48,20.0,0,LP Scheduled
2026-04-30,C,3612,1D25215013008SXC1T,2026-04-30 23:00:00,2026-05-01 07:00:00,48,20.0,0,LP Scheduled
2026-05-01,A,3612,1D25215013008SXC1T,2026-05-01 07:00:00,2026-05-01 15:00:00,48,20.0,0,LP Scheduled
2026-05-01,B,3612,1D25215013008SXC1T,2026-05-01 15:00:00,2026-05-01 23:00:00,48,20.0,0,LP Scheduled
2026-05-01,C,3612,1D25215013008SXC1T,2026-05-01 23:00:00,2026-05-02 07:00:00,48,20.0,0,LP Scheduled
2026-05-02,A,3612,1D25215013008SXC1T,2026-05-02 07:00:00,2026-05-02 15:00:00,48,20.0,0,LP Scheduled
2026-05-02,B,3612,1D25215013008SXC1T,2026-05-02 15:00:00,2026-05-02 23:00:00,48,20.0,0,LP Scheduled
2026-05-02,C,3612,1D25215013008SXC1T,2026-05-02 23:00:00,2026-05-03 07:00:00,48,20.0,0,LP Scheduled
2026-05-03,A,3612,1D25215013008SXC1T,2026-05-03 07:00:00,2026-05-03 15:00:00,48,20.0,0,LP Scheduled
2026-05-03,B,3612,1D25215013008SXC1T,2026-05-03 15:00:00,2026-05-03 23:00:00,48,20.0,0,LP Scheduled
2026-05-03,C,3612,1D25215013008SXC1T,2026-05-03 23:00:00,2026-05-04 07:00:00,48,20.0,0,LP Scheduled
2026-05-04,A,3612,1D25215013008SXC1T,2026-05-04 07:00:00,2026-05-04 15:00:00,48,20.0,0,LP Scheduled
2026-05-04,B,3612,1D25215013008SXC1T,2026-05-04 15:00:00,2026-05-04 23:00:00,48,20.0,0,LP Scheduled
2026-05-04,C,3612,1D25215013008SXC1T,2026-05-04 23:00:00,2026-05-05 07:00:00,48,20.0,0,LP Scheduled
2026-05-05,A,3612,1D25215013008SXC1T,2026-05-05 07:00:00,2026-05-05 15:00:00,48,20.0,0,LP Scheduled
2026-05-05,B,3612,1D25215013008SXC1T,2026-05-05 15:00:00,2026-05-05 23:00:00,48,20.0,0,LP Scheduled
2026-05-05,C,3612,1D25215013008SXC1T,2026-05-05 23:00:00,2026-05-06 07:00:00,48,20.0,0,LP Scheduled
2026-05-06,A,3612,1D25215013008SXC1T,2026-05-06 07:00:00,2026-05-06 15:00:00,48,20.0,0,LP Scheduled
2026-05-06,B,3612,1D25215013008SXC1T,2026-05-06 15:00:00,2026-05-06 23:00:00,48,20.0,0,LP Scheduled
2026-05-06,C,3612,1D25215013008SXC1T,2026-05-06 23:00:00,2026-05-07 07:00:00,48,20.0,0,LP Scheduled
2026-05-07,A,3612,1D25215013008SXC1T,2026-05-07 07:00:00,2026-05-07 15:00:00,48,20.0,0,LP Scheduled
2026-05-07,B,3612,1D25215013008SXC1T,2026-05-07 15:00:00,2026-05-07 23:00:00,48,20.0,0,LP Scheduled
2026-05-07,C,3612,1D25215013008SXC1T,2026-05-07 23:00:00,2026-05-08 07:00:00,48,20.0,0,LP Scheduled
2026-04-19,B,3613,CHANGEOVER,2026-04-19 21:40:00,2026-04-20 03:40:00,0,0.0,0,C/O from 1D25214012008QXPCT to 1D25215013008SXC1T
2026-04-20,C,3613,1D25215013008SXC1T,2026-04-20 03:40:00,2026-04-20 07:00:00,20,20.0,0,LP Scheduled
2026-04-20,A,3613,1D25215013008SXC1T,2026-04-20 07:00:00,2026-04-20 15:00:00,48,20.0,0,LP Scheduled
2026-04-20,B,3613,1D25215013008SXC1T,2026-04-20 15:00:00,2026-04-20 23:00:00,48,20.0,0,LP Scheduled
2026-04-20,C,3613,1D25215013008SXC1T,2026-04-20 23:00:00,2026-04-21 07:00:00,48,20.0,0,LP Scheduled
2026-04-21,A,3613,1D25215013008SXC1T,2026-04-21 07:00:00,2026-04-21 15:00:00,48,20.0,0,LP Scheduled
2026-04-21,B,3613,1D25215013008SXC1T,2026-04-21 15:00:00,2026-04-21 23:00:00,48,20.0,0,LP Scheduled
2026-04-21,C,3613,1D25215013008SXC1T,2026-04-21 23:00:00,2026-04-22 07:00:00,48,20.0,0,LP Scheduled
2026-04-22,A,3613,1D25215013008SXC1T,2026-04-22 07:00:00,2026-04-22 15:00:00,48,20.0,0,LP Scheduled
2026-04-22,B,3613,1D25215013008SXC1T,2026-04-22 15:00:00,2026-04-22 23:00:00,48,20.0,0,LP Scheduled
2026-04-22,C,3613,1D25215013008SXC1T,2026-04-22 23:00:00,2026-04-23 07:00:00,48,20.0,0,LP Scheduled
2026-04-23,A,3613,1D25215013008SXC1T,2026-04-23 07:00:00,2026-04-23 15:00:00,48,20.0,0,LP Scheduled
2026-04-23,B,3613,1D25215013008SXC1T,2026-04-23 15:00:00,2026-04-23 23:00:00,48,20.0,0,LP Scheduled
2026-04-23,C,3613,1D25215013008SXC1T,2026-04-23 23:00:00,2026-04-24 07:00:00,48,20.0,0,LP Scheduled
2026-04-24,A,3613,1D25215013008SXC1T,2026-04-24 07:00:00,2026-04-24 15:00:00,48,20.0,0,LP Scheduled
2026-04-24,B,3613,1D25215013008SXC1T,2026-04-24 15:00:00,2026-04-24 23:00:00,48,20.0,0,LP Scheduled
2026-04-24,C,3613,1D25215013008SXC1T,2026-04-24 23:00:00,2026-04-25 07:00:00,48,20.0,0,LP Scheduled
2026-04-25,A,3613,1D25215013008SXC1T,2026-04-25 07:00:00,2026-04-25 15:00:00,48,20.0,0,LP Scheduled
2026-04-25,B,3613,1D25215013008SXC1T,2026-04-25 15:00:00,2026-04-25 23:00:00,48,20.0,0,LP Scheduled
2026-04-25,C,3613,1D25215013008SXC1T,2026-04-25 23:00:00,2026-04-26 07:00:00,48,20.0,0,LP Scheduled
2026-04-26,A,3613,1D25215013008SXC1T,2026-04-26 07:00:00,2026-04-26 15:00:00,48,20.0,0,LP Scheduled
2026-04-26,B,3613,1D25215013008SXC1T,2026-04-26 15:00:00,2026-04-26 23:00:00,48,20.0,0,LP Scheduled
2026-04-26,C,3613,1D25215013008SXC1T,2026-04-26 23:00:00,2026-04-27 07:00:00,48,20.0,0,LP Scheduled
2026-04-27,A,3613,1D25215013008SXC1T,2026-04-27 07:00:00,2026-04-27 15:00:00,48,20.0,0,LP Scheduled
2026-04-27,B,3613,1D25215013008SXC1T,2026-04-27 15:00:00,2026-04-27 23:00:00,48,20.0,0,LP Scheduled
2026-04-27,C,3613,1D25215013008SXC1T,2026-04-27 23:00:00,2026-04-28 07:00:00,48,20.0,0,LP Scheduled
2026-04-28,A,3613,1D25215013008SXC1T,2026-04-28 07:00:00,2026-04-28 15:00:00,48,20.0,0,LP Scheduled
2026-04-28,B,3613,1D25215013008SXC1T,2026-04-28 15:00:00,2026-04-28 23:00:00,48,20.0,0,LP Scheduled
2026-04-28,C,3613,1D25215013008SXC1T,2026-04-28 23:00:00,2026-04-29 07:00:00,48,20.0,0,LP Scheduled
2026-04-29,A,3613,1D25215013008SXC1T,2026-04-29 07:00:00,2026-04-29 15:00:00,48,20.0,0,LP Scheduled
2026-04-29,B,3613,1D25215013008SXC1T,2026-04-29 15:00:00,2026-04-29 23:00:00,48,20.0,0,LP Scheduled
2026-04-29,C,3613,1D25215013008SXC1T,2026-04-29 23:00:00,2026-04-30 07:00:00,48,20.0,0,LP Scheduled
2026-04-30,A,3613,1D25215013008SXC1T,2026-04-30 07:00:00,2026-04-30 15:00:00,48,20.0,0,LP Scheduled
2026-04-30,B,3613,1D25215013008SXC1T,2026-04-30 15:00:00,2026-04-30 23:00:00,48,20.0,0,LP Scheduled
2026-04-30,C,3613,1D25215013008SXC1T,2026-04-30 23:00:00,2026-05-01 07:00:00,48,20.0,0,LP Scheduled
2026-05-01,A,3613,1D25215013008SXC1T,2026-05-01 07:00:00,2026-05-01 15:00:00,48,20.0,0,LP Scheduled
2026-05-01,B,3613,1D25215013008SXC1T,2026-05-01 15:00:00,2026-05-01 23:00:00,48,20.0,0,LP Scheduled
2026-05-01,C,3613,1D25215013008SXC1T,2026-05-01 23:00:00,2026-05-02 07:00:00,48,20.0,0,LP Scheduled
2026-05-02,A,3613,1D25215013008SXC1T,2026-05-02 07:00:00,2026-05-02 15:00:00,48,20.0,0,LP Scheduled
2026-05-02,B,3613,1D25215013008SXC1T,2026-05-02 15:00:00,2026-05-02 23:00:00,48,20.0,0,LP Scheduled
2026-05-02,C,3613,1D25215013008SXC1T,2026-05-02 23:00:00,2026-05-03 07:00:00,48,20.0,0,LP Scheduled
2026-05-03,A,3613,1D25215013008SXC1T,2026-05-03 07:00:00,2026-05-03 14:40:00,46,20.0,0,LP Scheduled
2026-05-03,A,3613,CHANGEOVER,2026-05-03 14:40:00,2026-05-03 20:40:00,0,0.0,0,C/O from 1D25215013008SXC1T to 1325223517104TRXT0
2026-05-03,B,3613,1325223517104TRXT0,2026-05-03 20:40:00,2026-05-03 23:00:00,14,20.0,0,LP Scheduled
2026-05-03,C,3613,1325223517104TRXT0,2026-05-03 23:00:00,2026-05-04 07:00:00,48,20.0,0,LP Scheduled
2026-05-04,A,3613,1325223517104TRXT0,2026-05-04 07:00:00,2026-05-04 15:00:00,48,20.0,0,LP Scheduled
2026-05-04,B,3613,1325223517104TRXT0,2026-05-04 15:00:00,2026-05-04 23:00:00,48,20.0,0,LP Scheduled
2026-05-04,C,3613,1325223517104TRXT0,2026-05-04 23:00:00,2026-05-05 07:00:00,48,20.0,0,LP Scheduled
2026-05-05,A,3613,1325223517104TRXT0,2026-05-05 07:00:00,2026-05-05 15:00:00,48,20.0,0,LP Scheduled
2026-05-05,B,3613,1325223517104TRXT0,2026-05-05 15:00:00,2026-05-05 23:00:00,48,20.0,0,LP Scheduled
2026-05-05,C,3613,1325223517104TRXT0,2026-05-05 23:00:00,2026-05-06 07:00:00,48,20.0,0,LP Scheduled
2026-05-06,A,3613,1325223517104TRXT0,2026-05-06 07:00:00,2026-05-06 15:00:00,48,20.0,0,LP Scheduled
2026-05-06,B,3613,1325223517104TRXT0,2026-05-06 15:00:00,2026-05-06 23:00:00,48,20.0,0,LP Scheduled
2026-05-06,C,3613,1325223517104TRXT0,2026-05-06 23:00:00,2026-05-07 07:00:00,48,20.0,0,LP Scheduled
2026-05-07,A,3613,1325223517104TRXT0,2026-05-07 07:00:00,2026-05-07 15:00:00,48,20.0,0,LP Scheduled
2026-05-07,B,3613,1325223517104TRXT0,2026-05-07 15:00:00,2026-05-07 23:00:00,48,20.0,0,LP Scheduled
2026-05-07,C,3613,1325223517104TRXT0,2026-05-07 23:00:00,2026-05-08 07:00:00,48,20.0,0,LP Scheduled
2026-04-20,C,3614,CHANGEOVER,2026-04-20 00:40:00,2026-04-20 06:40:00,0,0.0,0,C/O from 1D25214012008QXPCT to 1325223616105TRAT0
2026-04-20,C,3614,1325223616105TRAT0,2026-04-20 06:40:00,2026-04-20 07:00:00,2,20.0,0,LP Scheduled
2026-04-20,A,3614,1325223616105TRAT0,2026-04-20 07:00:00,2026-04-20 15:00:00,48,20.0,0,LP Scheduled
2026-04-20,B,3614,1325223616105TRAT0,2026-04-20 15:00:00,2026-04-20 23:00:00,48,20.0,0,LP Scheduled
2026-04-20,C,3614,1325223616105TRAT0,2026-04-20 23:00:00,2026-04-21 07:00:00,48,20.0,0,LP Scheduled
2026-04-21,A,3614,1325223616105TRAT0,2026-04-21 07:00:00,2026-04-21 15:00:00,48,20.0,0,LP Scheduled
2026-04-21,B,3614,1325223616105TRAT0,2026-04-21 15:00:00,2026-04-21 23:00:00,48,20.0,0,LP Scheduled
2026-04-21,C,3614,1325223616105TRAT0,2026-04-21 23:00:00,2026-04-22 07:00:00,48,20.0,0,LP Scheduled
2026-04-22,A,3614,1325223616105TRAT0,2026-04-22 07:00:00,2026-04-22 15:00:00,48,20.0,0,LP Scheduled
2026-04-22,B,3614,1325223616105TRAT0,2026-04-22 15:00:00,2026-04-22 23:00:00,48,20.0,0,LP Scheduled
2026-04-22,C,3614,1325223616105TRAT0,2026-04-22 23:00:00,2026-04-23 07:00:00,48,20.0,0,LP Scheduled
2026-04-23,A,3614,1325223616105TRAT0,2026-04-23 07:00:00,2026-04-23 15:00:00,48,20.0,0,LP Scheduled
2026-04-23,B,3614,1325223616105TRAT0,2026-04-23 15:00:00,2026-04-23 23:00:00,48,20.0,0,LP Scheduled
2026-04-23,C,3614,1325223616105TRAT0,2026-04-23 23:00:00,2026-04-24 07:00:00,48,20.0,0,LP Scheduled
2026-04-24,A,3614,1325223616105TRAT0,2026-04-24 07:00:00,2026-04-24 15:00:00,48,20.0,0,LP Scheduled
2026-04-24,B,3614,1325223616105TRAT0,2026-04-24 15:00:00,2026-04-24 23:00:00,48,20.0,0,LP Scheduled
2026-04-24,C,3614,1325223616105TRAT0,2026-04-24 23:00:00,2026-04-25 07:00:00,48,20.0,0,LP Scheduled
2026-04-25,A,3614,1325223616105TRAT0,2026-04-25 07:00:00,2026-04-25 15:00:00,48,20.0,0,LP Scheduled
2026-04-25,B,3614,1325223616105TRAT0,2026-04-25 15:00:00,2026-04-25 23:00:00,48,20.0,0,LP Scheduled
2026-04-25,C,3614,1325223616105TRAT0,2026-04-25 23:00:00,2026-04-26 07:00:00,48,20.0,0,LP Scheduled
2026-04-26,A,3614,1325223616105TRAT0,2026-04-26 07:00:00,2026-04-26 15:00:00,48,20.0,0,LP Scheduled
2026-04-26,B,3614,1325223616105TRAT0,2026-04-26 15:00:00,2026-04-26 23:00:00,48,20.0,0,LP Scheduled
2026-04-26,C,3614,1325223616105TRAT0,2026-04-26 23:00:00,2026-04-27 07:00:00,48,20.0,0,LP Scheduled
2026-04-27,A,3614,1325223616105TRAT0,2026-04-27 07:00:00,2026-04-27 15:00:00,48,20.0,0,LP Scheduled
2026-04-27,B,3614,1325223616105TRAT0,2026-04-27 15:00:00,2026-04-27 23:00:00,48,20.0,0,LP Scheduled
2026-04-27,C,3614,1325223616105TRAT0,2026-04-27 23:00:00,2026-04-28 07:00:00,48,20.0,0,LP Scheduled
2026-04-28,A,3614,1325223616105TRAT0,2026-04-28 07:00:00,2026-04-28 15:00:00,48,20.0,0,LP Scheduled
2026-04-28,B,3614,1325223616105TRAT0,2026-04-28 15:00:00,2026-04-28 23:00:00,48,20.0,0,LP Scheduled
2026-04-28,C,3614,1325223616105TRAT0,2026-04-28 23:00:00,2026-04-29 07:00:00,48,20.0,0,LP Scheduled
2026-04-29,A,3614,1325223616105TRAT0,2026-04-29 07:00:00,2026-04-29 15:00:00,48,20.0,0,LP Scheduled
2026-04-29,B,3614,1325223616105TRAT0,2026-04-29 15:00:00,2026-04-29 23:00:00,48,20.0,0,LP Scheduled
2026-04-29,C,3614,1325223616105TRAT0,2026-04-29 23:00:00,2026-04-30 07:00:00,48,20.0,0,LP Scheduled
2026-04-30,A,3614,1325223616105TRAT0,2026-04-30 07:00:00,2026-04-30 15:00:00,48,20.0,0,LP Scheduled
2026-04-30,B,3614,1325223616105TRAT0,2026-04-30 15:00:00,2026-04-30 23:00:00,48,20.0,0,LP Scheduled
2026-04-30,C,3614,1325223616105TRAT0,2026-04-30 23:00:00,2026-05-01 07:00:00,48,20.0,0,LP Scheduled
2026-05-01,A,3614,1325223616105TRAT0,2026-05-01 07:00:00,2026-05-01 15:00:00,48,20.0,0,LP Scheduled
2026-05-01,B,3614,1325223616105TRAT0,2026-05-01 15:00:00,2026-05-01 23:00:00,48,20.0,0,LP Scheduled
2026-05-01,C,3614,1325223616105TRAT0,2026-05-01 23:00:00,2026-05-02 07:00:00,48,20.0,0,LP Scheduled
2026-05-02,A,3614,1325223616105TRAT0,2026-05-02 07:00:00,2026-05-02 15:00:00,48,20.0,0,LP Scheduled
2026-05-02,B,3614,1325223616105TRAT0,2026-05-02 15:00:00,2026-05-02 23:00:00,48,20.0,0,LP Scheduled
2026-05-02,C,3614,1325223616105TRAT0,2026-05-02 23:00:00,2026-05-03 07:00:00,48,20.0,0,LP Scheduled
2026-05-03,A,3614,1325223616105TRAT0,2026-05-03 07:00:00,2026-05-03 15:00:00,48,20.0,0,LP Scheduled
2026-05-03,B,3614,1325223616105TRAT0,2026-05-03 15:00:00,2026-05-03 23:00:00,48,20.0,0,LP Scheduled
2026-05-03,C,3614,1325223616105TRAT0,2026-05-03 23:00:00,2026-05-04 07:00:00,48,20.0,0,LP Scheduled
2026-05-04,A,3614,1325223616105TRAT0,2026-05-04 07:00:00,2026-05-04 15:00:00,48,20.0,0,LP Scheduled
2026-05-04,B,3614,1325223616105TRAT0,2026-05-04 15:00:00,2026-05-04 23:00:00,48,20.0,0,LP Scheduled
2026-05-04,C,3614,1325223616105TRAT0,2026-05-04 23:00:00,2026-05-05 07:00:00,48,20.0,0,LP Scheduled
2026-05-05,A,3614,1325223616105TRAT0,2026-05-05 07:00:00,2026-05-05 15:00:00,48,20.0,0,LP Scheduled
2026-05-05,B,3614,1325223616105TRAT0,2026-05-05 15:00:00,2026-05-05 23:00:00,48,20.0,0,LP Scheduled
2026-05-05,C,3614,1325223616105TRAT0,2026-05-05 23:00:00,2026-05-06 07:00:00,48,20.0,0,LP Scheduled
2026-05-06,A,3614,1325223616105TRAT0,2026-05-06 07:00:00,2026-05-06 15:00:00,48,20.0,0,LP Scheduled
2026-05-06,B,3614,1325223616105TRAT0,2026-05-06 15:00:00,2026-05-06 23:00:00,48,20.0,0,LP Scheduled
2026-05-06,C,3614,1325223616105TRAT0,2026-05-06 23:00:00,2026-05-07 07:00:00,48,20.0,0,LP Scheduled
2026-05-07,A,3614,1325223616105TRAT0,2026-05-07 07:00:00,2026-05-07 15:00:00,48,20.0,0,LP Scheduled
2026-05-07,B,3614,1325223616105TRAT0,2026-05-07 15:00:00,2026-05-07 23:00:00,48,20.0,0,LP Scheduled
2026-05-07,C,3614,1325223616105TRAT0,2026-05-07 23:00:00,2026-05-08 07:00:00,48,20.0,0,LP Scheduled
2026-04-20,A,3615,CHANGEOVER,2026-04-20 07:00:00,2026-04-20 13:00:00,0,0.0,0,C/O from 1D25214012008QXPCT to 1325214813075SUHL0
2026-04-20,A,3615,1325214813075SUHL0,2026-04-20 13:00:00,2026-04-20 15:00:00,14,16.0,0,LP Scheduled
2026-04-20,B,3615,1325214813075SUHL0,2026-04-20 15:00:00,2026-04-20 23:00:00,60,16.0,0,LP Scheduled
2026-04-20,C,3615,1325214813075SUHL0,2026-04-20 23:00:00,2026-04-21 07:00:00,60,16.0,0,LP Scheduled
2026-04-21,A,3615,1325214813075SUHL0,2026-04-21 07:00:00,2026-04-21 15:00:00,60,16.0,0,LP Scheduled
2026-04-21,B,3615,1325214813075SUHL0,2026-04-21 15:00:00,2026-04-21 23:00:00,60,16.0,0,LP Scheduled
2026-04-21,C,3615,1325214813075SUHL0,2026-04-21 23:00:00,2026-04-22 07:00:00,60,16.0,0,LP Scheduled
2026-04-22,A,3615,1325214813075SUHL0,2026-04-22 07:00:00,2026-04-22 15:00:00,60,16.0,0,LP Scheduled
2026-04-22,B,3615,1325214813075SUHL0,2026-04-22 15:00:00,2026-04-22 23:00:00,60,16.0,0,LP Scheduled
2026-04-22,C,3615,1325214813075SUHL0,2026-04-22 23:00:00,2026-04-23 07:00:00,60,16.0,0,LP Scheduled
2026-04-23,A,3615,1325214813075SUHL0,2026-04-23 07:00:00,2026-04-23 15:00:00,60,16.0,0,LP Scheduled
2026-04-23,B,3615,1325214813075SUHL0,2026-04-23 15:00:00,2026-04-23 23:00:00,60,16.0,0,LP Scheduled
2026-04-23,C,3615,1325214813075SUHL0,2026-04-23 23:00:00,2026-04-24 07:00:00,60,16.0,0,LP Scheduled
2026-04-24,A,3615,1325214813075SUHL0,2026-04-24 07:00:00,2026-04-24 15:00:00,60,16.0,0,LP Scheduled
2026-04-24,B,3615,1325214813075SUHL0,2026-04-24 15:00:00,2026-04-24 23:00:00,60,16.0,0,LP Scheduled
2026-04-24,C,3615,1325214813075SUHL0,2026-04-24 23:00:00,2026-04-25 07:00:00,60,16.0,0,LP Scheduled
2026-04-25,A,3615,1325214813075SUHL0,2026-04-25 07:00:00,2026-04-25 15:00:00,60,16.0,0,LP Scheduled
2026-04-25,B,3615,1325214813075SUHL0,2026-04-25 15:00:00,2026-04-25 23:00:00,60,16.0,0,LP Scheduled
2026-04-25,C,3615,1325214813075SUHL0,2026-04-25 23:00:00,2026-04-26 07:00:00,60,16.0,0,LP Scheduled
2026-04-26,A,3615,1325214813075SUHL0,2026-04-26 07:00:00,2026-04-26 15:00:00,60,16.0,0,LP Scheduled
2026-04-26,B,3615,1325214813075SUHL0,2026-04-26 15:00:00,2026-04-26 23:00:00,60,16.0,0,LP Scheduled
2026-04-26,C,3615,1325214813075SUHL0,2026-04-26 23:00:00,2026-04-27 07:00:00,60,16.0,0,LP Scheduled
2026-04-27,A,3615,1325214813075SUHL0,2026-04-27 07:00:00,2026-04-27 15:00:00,60,16.0,0,LP Scheduled
2026-04-27,B,3615,1325214813075SUHL0,2026-04-27 15:00:00,2026-04-27 23:00:00,60,16.0,0,LP Scheduled
2026-04-27,C,3615,1325214813075SUHL0,2026-04-27 23:00:00,2026-04-28 07:00:00,60,16.0,0,LP Scheduled
2026-04-28,A,3615,1325214813075SUHL0,2026-04-28 07:00:00,2026-04-28 14:20:00,56,16.0,0,LP Scheduled
2026-04-28,A,3615,CHANGEOVER,2026-04-28 14:20:00,2026-04-28 20:20:00,0,0.0,0,C/O from 1325214813075SUHL0 to 1325223616105TRAT0
2026-04-28,B,3615,1325223616105TRAT0,2026-04-28 20:20:00,2026-04-28 23:00:00,16,20.0,0,LP Scheduled
2026-04-28,C,3615,1325223616105TRAT0,2026-04-28 23:00:00,2026-04-29 02:20:00,20,20.0,0,LP Scheduled
2026-04-29,C,3615,CHANGEOVER,2026-04-29 02:20:00,2026-04-29 08:20:00,0,0.0,0,C/O from 1325223616105TRAT0 to 1325223517104TRXT0
2026-04-29,A,3615,1325223517104TRXT0,2026-04-29 08:20:00,2026-04-29 15:00:00,40,20.0,0,LP Scheduled
2026-04-29,B,3615,1325223517104TRXT0,2026-04-29 15:00:00,2026-04-29 23:00:00,48,20.0,0,LP Scheduled
2026-04-29,C,3615,1325223517104TRXT0,2026-04-29 23:00:00,2026-04-30 07:00:00,48,20.0,0,LP Scheduled
2026-04-30,A,3615,1325223517104TRXT0,2026-04-30 07:00:00,2026-04-30 14:00:00,42,20.0,0,LP Scheduled
2026-04-20,C,3616,CHANGEOVER,2026-04-20 00:40:00,2026-04-20 06:40:00,0,0.0,0,C/O from 1D25214012008QXPCT to 1325225518111HRAT1
2026-04-20,C,3616,1325225518111HRAT1,2026-04-20 06:40:00,2026-04-20 07:00:00,2,19.0,0,LP Scheduled
2026-04-20,A,3616,1325225518111HRAT1,2026-04-20 07:00:00,2026-04-20 15:00:00,50,19.0,0,LP Scheduled
2026-04-20,B,3616,1325225518111HRAT1,2026-04-20 15:00:00,2026-04-20 23:00:00,50,19.0,0,LP Scheduled
2026-04-20,C,3616,1325225518111HRAT1,2026-04-20 23:00:00,2026-04-21 07:00:00,50,19.0,0,LP Scheduled
2026-04-21,A,3616,1325225518111HRAT1,2026-04-21 07:00:00,2026-04-21 15:00:00,50,19.0,0,LP Scheduled
2026-04-21,B,3616,1325225518111HRAT1,2026-04-21 15:00:00,2026-04-21 23:00:00,50,19.0,0,LP Scheduled
2026-04-21,C,3616,1325225518111HRAT1,2026-04-21 23:00:00,2026-04-22 07:00:00,50,19.0,0,LP Scheduled
2026-04-22,A,3616,1325225518111HRAT1,2026-04-22 07:00:00,2026-04-22 15:00:00,50,19.0,0,LP Scheduled
2026-04-22,B,3616,1325225518111HRAT1,2026-04-22 15:00:00,2026-04-22 22:38:00,52,19.0,0,LP Scheduled
2026-04-22,B,3616,CHANGEOVER,2026-04-22 22:38:00,2026-04-23 04:38:00,0,0.0,0,C/O from 1325225518111HRAT1 to 1325218514086HUTR0
2026-04-23,C,3616,1325218514086HUTR0,2026-04-23 04:38:00,2026-04-23 07:00:00,20,14.0,0,LP Scheduled
2026-04-23,A,3616,1325218514086HUTR0,2026-04-23 07:00:00,2026-04-23 15:00:00,68,14.0,0,LP Scheduled
2026-04-23,B,3616,1325218514086HUTR0,2026-04-23 15:00:00,2026-04-23 23:00:00,68,14.0,0,LP Scheduled
2026-04-23,C,3616,1325218514086HUTR0,2026-04-23 23:00:00,2026-04-24 07:00:00,68,14.0,0,LP Scheduled
2026-04-24,A,3616,1325218514086HUTR0,2026-04-24 07:00:00,2026-04-24 15:00:00,68,14.0,0,LP Scheduled
2026-04-24,B,3616,1325218514086HUTR0,2026-04-24 15:00:00,2026-04-24 23:00:00,68,14.0,0,LP Scheduled
2026-04-24,C,3616,1325218514086HUTR0,2026-04-24 23:00:00,2026-04-25 07:00:00,68,14.0,0,LP Scheduled
2026-04-25,A,3616,1325218514086HUTR0,2026-04-25 07:00:00,2026-04-25 15:00:00,68,14.0,0,LP Scheduled
2026-04-25,B,3616,1325218514086HUTR0,2026-04-25 15:00:00,2026-04-25 23:00:00,68,14.0,0,LP Scheduled
2026-04-25,C,3616,1325218514086HUTR0,2026-04-25 23:00:00,2026-04-26 07:00:00,68,14.0,0,LP Scheduled
2026-04-26,A,3616,1325218514086HUTR0,2026-04-26 07:00:00,2026-04-26 15:00:00,68,14.0,0,LP Scheduled
2026-04-26,B,3616,1325218514086HUTR0,2026-04-26 15:00:00,2026-04-26 23:00:00,68,14.0,0,LP Scheduled
2026-04-26,C,3616,1325218514086HUTR0,2026-04-26 23:00:00,2026-04-27 07:00:00,68,14.0,0,LP Scheduled
2026-04-27,A,3616,1325218514086HUTR0,2026-04-27 07:00:00,2026-04-27 15:00:00,68,14.0,0,LP Scheduled
2026-04-27,B,3616,1325218514086HUTR0,2026-04-27 15:00:00,2026-04-27 23:00:00,68,14.0,0,LP Scheduled
2026-04-27,C,3616,1325218514086HUTR0,2026-04-27 23:00:00,2026-04-28 07:00:00,68,14.0,0,LP Scheduled
2026-04-28,A,3616,1325218514086HUTR0,2026-04-28 07:00:00,2026-04-28 15:00:00,68,14.0,0,LP Scheduled
2026-04-28,B,3616,1325218514086HUTR0,2026-04-28 15:00:00,2026-04-28 23:00:00,68,14.0,0,LP Scheduled
2026-04-28,C,3616,1325218514086HUTR0,2026-04-28 23:00:00,2026-04-29 07:00:00,68,14.0,0,LP Scheduled
2026-04-29,A,3616,1325218514086HUTR0,2026-04-29 07:00:00,2026-04-29 15:00:00,68,14.0,0,LP Scheduled
2026-04-29,B,3616,1325218514086HUTR0,2026-04-29 15:00:00,2026-04-29 23:00:00,68,14.0,0,LP Scheduled
2026-04-29,C,3616,1325218514086HUTR0,2026-04-29 23:00:00,2026-04-30 07:00:00,68,14.0,0,LP Scheduled
2026-04-30,A,3616,1325218514086HUTR0,2026-04-30 07:00:00,2026-04-30 15:00:00,68,14.0,0,LP Scheduled
2026-04-30,B,3616,1325218514086HUTR0,2026-04-30 15:00:00,2026-04-30 23:00:00,68,14.0,0,LP Scheduled
2026-04-30,C,3616,1325218514086HUTR0,2026-04-30 23:00:00,2026-05-01 07:00:00,68,14.0,0,LP Scheduled
2026-05-01,A,3616,1325218514086HUTR0,2026-05-01 07:00:00,2026-05-01 15:00:00,68,14.0,0,LP Scheduled
2026-05-01,B,3616,1325218514086HUTR0,2026-05-01 15:00:00,2026-05-01 23:00:00,68,14.0,0,LP Scheduled
2026-05-01,C,3616,1325218514086HUTR0,2026-05-01 23:00:00,2026-05-02 07:00:00,68,14.0,0,LP Scheduled
2026-05-02,A,3616,1325218514086HUTR0,2026-05-02 07:00:00,2026-05-02 15:00:00,68,14.0,0,LP Scheduled
2026-05-02,B,3616,1325218514086HUTR0,2026-05-02 15:00:00,2026-05-02 23:00:00,68,14.0,0,LP Scheduled
2026-05-02,C,3616,1325218514086HUTR0,2026-05-02 23:00:00,2026-05-03 07:00:00,68,14.0,0,LP Scheduled
2026-05-03,A,3616,1325218514086HUTR0,2026-05-03 07:00:00,2026-05-03 15:00:00,68,14.0,0,LP Scheduled
2026-05-03,B,3616,1325218514086HUTR0,2026-05-03 15:00:00,2026-05-03 23:00:00,68,14.0,0,LP Scheduled
2026-05-03,C,3616,1325218514086HUTR0,2026-05-03 23:00:00,2026-05-04 07:00:00,68,14.0,0,LP Scheduled
2026-05-04,A,3616,1325218514086HUTR0,2026-05-04 07:00:00,2026-05-04 15:00:00,68,14.0,0,LP Scheduled
2026-05-04,B,3616,1325218514086HUTR0,2026-05-04 15:00:00,2026-05-04 23:00:00,68,14.0,0,LP Scheduled
2026-05-04,C,3616,1325218514086HUTR0,2026-05-04 23:00:00,2026-05-05 07:00:00,68,14.0,0,LP Scheduled
2026-05-05,A,3616,1325218514086HUTR0,2026-05-05 07:00:00,2026-05-05 15:00:00,68,14.0,0,LP Scheduled
2026-05-05,B,3616,1325218514086HUTR0,2026-05-05 15:00:00,2026-05-05 23:00:00,68,14.0,0,LP Scheduled
2026-05-05,C,3616,1325218514086HUTR0,2026-05-05 23:00:00,2026-05-06 07:00:00,68,14.0,0,LP Scheduled
2026-05-06,A,3616,1325218514086HUTR0,2026-05-06 07:00:00,2026-05-06 15:00:00,68,14.0,0,LP Scheduled
2026-05-06,B,3616,1325218514086HUTR0,2026-05-06 15:00:00,2026-05-06 23:00:00,68,14.0,0,LP Scheduled
2026-05-06,C,3616,1325218514086HUTR0,2026-05-06 23:00:00,2026-05-07 07:00:00,68,14.0,0,LP Scheduled
2026-05-07,A,3616,1325218514086HUTR0,2026-05-07 07:00:00,2026-05-07 15:00:00,68,14.0,0,LP Scheduled
2026-05-07,B,3616,1325218514086HUTR0,2026-05-07 15:00:00,2026-05-07 23:00:00,68,14.0,0,LP Scheduled
2026-05-07,C,3616,1325218514086HUTR0,2026-05-07 23:00:00,2026-05-08 07:00:00,94,14.0,0,LP Scheduled
2026-04-30,A,4501,CHANGEOVER,2026-04-30 07:31:00,2026-04-30 13:31:00,0,0.0,0,C/O from 1D25215013008SXC10 to 1D25215013008SXC1T
2026-04-30,A,4501,1D25215013008SXC1T,2026-04-30 13:31:00,2026-04-30 15:00:00,8,20.0,0,LP Scheduled
2026-04-30,B,4501,1D25215013008SXC1T,2026-04-30 15:00:00,2026-04-30 23:00:00,48,20.0,0,LP Scheduled
2026-04-30,C,4501,1D25215013008SXC1T,2026-04-30 23:00:00,2026-05-01 07:00:00,48,20.0,0,LP Scheduled
2026-05-01,A,4501,1D25215013008SXC1T,2026-05-01 07:00:00,2026-05-01 15:00:00,48,20.0,0,LP Scheduled
2026-05-01,B,4501,1D25215013008SXC1T,2026-05-01 15:00:00,2026-05-01 23:00:00,48,20.0,0,LP Scheduled
2026-05-01,C,4501,1D25215013008SXC1T,2026-05-01 23:00:00,2026-05-02 07:00:00,48,20.0,0,LP Scheduled
2026-05-02,A,4501,1D25215013008SXC1T,2026-05-02 07:00:00,2026-05-02 15:00:00,48,20.0,0,LP Scheduled
2026-05-02,B,4501,1D25215013008SXC1T,2026-05-02 15:00:00,2026-05-02 23:00:00,48,20.0,0,LP Scheduled
2026-05-02,C,4501,1D25215013008SXC1T,2026-05-02 23:00:00,2026-05-03 07:00:00,48,20.0,0,LP Scheduled
2026-05-03,A,4501,1D25215013008SXC1T,2026-05-03 07:00:00,2026-05-03 15:00:00,48,20.0,0,LP Scheduled
2026-05-03,B,4501,1D25215013008SXC1T,2026-05-03 15:00:00,2026-05-03 23:00:00,48,20.0,0,LP Scheduled
2026-05-03,C,4501,1D25215013008SXC1T,2026-05-03 23:00:00,2026-05-04 07:00:00,48,20.0,0,LP Scheduled
2026-05-04,A,4501,1D25215013008SXC1T,2026-05-04 07:00:00,2026-05-04 15:00:00,48,20.0,0,LP Scheduled
2026-05-04,B,4501,1D25215013008SXC1T,2026-05-04 15:00:00,2026-05-04 23:00:00,48,20.0,0,LP Scheduled
2026-05-04,C,4501,1D25215013008SXC1T,2026-05-04 23:00:00,2026-05-05 07:00:00,48,20.0,0,LP Scheduled
2026-05-05,A,4501,1D25215013008SXC1T,2026-05-05 07:00:00,2026-05-05 15:00:00,48,20.0,0,LP Scheduled
2026-05-05,B,4501,1D25215013008SXC1T,2026-05-05 15:00:00,2026-05-05 23:00:00,48,20.0,0,LP Scheduled
2026-05-05,C,4501,1D25215013008SXC1T,2026-05-05 23:00:00,2026-05-06 07:00:00,48,20.0,0,LP Scheduled
2026-05-06,A,4501,1D25215013008SXC1T,2026-05-06 07:00:00,2026-05-06 15:00:00,48,20.0,0,LP Scheduled
2026-05-06,B,4501,1D25215013008SXC1T,2026-05-06 15:00:00,2026-05-06 23:00:00,48,20.0,0,LP Scheduled
2026-05-06,C,4501,1D25215013008SXC1T,2026-05-06 23:00:00,2026-05-07 07:00:00,48,20.0,0,LP Scheduled
2026-05-07,A,4501,1D25215013008SXC1T,2026-05-07 07:00:00,2026-05-07 15:00:00,48,20.0,0,LP Scheduled
2026-05-07,B,4501,1D25215013008SXC1T,2026-05-07 15:00:00,2026-05-07 23:00:00,48,20.0,0,LP Scheduled
2026-05-07,C,4501,1D25215013008SXC1T,2026-05-07 23:00:00,2026-05-08 06:51:00,48,20.0,0,LP Scheduled
2026-04-27,A,4502,CHANGEOVER,2026-04-27 08:34:00,2026-04-27 14:34:00,0,0.0,0,C/O from 1325215813079TUNE3 to 1325222318098HRHE0
2026-04-27,A,4502,1325222318098HRHE0,2026-04-27 14:34:00,2026-04-27 15:00:00,2,18.0,0,LP Scheduled
2026-04-27,B,4502,1325222318098HRHE0,2026-04-27 15:00:00,2026-04-27 23:00:00,52,18.0,0,LP Scheduled
2026-04-27,C,4502,1325222318098HRHE0,2026-04-27 23:00:00,2026-04-28 07:00:00,52,18.0,0,LP Scheduled
2026-04-28,A,4502,1325222318098HRHE0,2026-04-28 07:00:00,2026-04-28 15:00:00,52,18.0,0,LP Scheduled
2026-04-28,B,4502,1325222318098HRHE0,2026-04-28 15:00:00,2026-04-28 23:00:00,52,18.0,0,LP Scheduled
2026-04-28,C,4502,1325222318098HRHE0,2026-04-28 23:00:00,2026-04-29 07:00:00,52,18.0,0,LP Scheduled
2026-04-29,A,4502,1325222318098HRHE0,2026-04-29 07:00:00,2026-04-29 15:00:00,52,18.0,0,LP Scheduled
2026-04-29,B,4502,1325222318098HRHE0,2026-04-29 15:00:00,2026-04-29 23:00:00,52,18.0,0,LP Scheduled
2026-04-29,C,4502,1325222318098HRHE0,2026-04-29 23:00:00,2026-04-30 07:00:00,52,18.0,0,LP Scheduled
2026-04-30,A,4502,1325222318098HRHE0,2026-04-30 07:00:00,2026-04-30 15:00:00,52,18.0,0,LP Scheduled
2026-04-30,B,4502,1325222318098HRHE0,2026-04-30 15:00:00,2026-04-30 23:00:00,52,18.0,0,LP Scheduled
2026-04-30,C,4502,1325222318098HRHE0,2026-04-30 23:00:00,2026-05-01 07:00:00,52,18.0,0,LP Scheduled
2026-05-01,A,4502,1325222318098HRHE0,2026-05-01 07:00:00,2026-05-01 15:00:00,52,18.0,0,LP Scheduled
2026-05-01,B,4502,1325222318098HRHE0,2026-05-01 15:00:00,2026-05-01 23:00:00,52,18.0,0,LP Scheduled
2026-05-01,C,4502,1325222318098HRHE0,2026-05-01 23:00:00,2026-05-02 07:00:00,52,18.0,0,LP Scheduled
2026-05-02,A,4502,1325222318098HRHE0,2026-05-02 07:00:00,2026-05-02 15:00:00,52,18.0,0,LP Scheduled
2026-05-02,B,4502,1325222318098HRHE0,2026-05-02 15:00:00,2026-05-02 23:00:00,52,18.0,0,LP Scheduled
2026-05-02,C,4502,1325222318098HRHE0,2026-05-02 23:00:00,2026-05-03 07:00:00,52,18.0,0,LP Scheduled
2026-05-03,A,4502,1325222318098HRHE0,2026-05-03 07:00:00,2026-05-03 15:00:00,52,18.0,0,LP Scheduled
2026-05-03,B,4502,1325222318098HRHE0,2026-05-03 15:00:00,2026-05-03 23:00:00,52,18.0,0,LP Scheduled
2026-05-03,C,4502,1325222318098HRHE0,2026-05-03 23:00:00,2026-05-04 07:00:00,52,18.0,0,LP Scheduled
2026-05-04,A,4502,1325222318098HRHE0,2026-05-04 07:00:00,2026-05-04 15:00:00,52,18.0,0,LP Scheduled
2026-05-04,B,4502,1325222318098HRHE0,2026-05-04 15:00:00,2026-05-04 23:00:00,52,18.0,0,LP Scheduled
2026-05-04,C,4502,1325222318098HRHE0,2026-05-04 23:00:00,2026-05-05 07:00:00,52,18.0,0,LP Scheduled
2026-05-05,A,4502,1325222318098HRHE0,2026-05-05 07:00:00,2026-05-05 15:00:00,52,18.0,0,LP Scheduled
2026-05-05,B,4502,1325222318098HRHE0,2026-05-05 15:00:00,2026-05-05 23:00:00,52,18.0,0,LP Scheduled
2026-05-05,C,4502,1325222318098HRHE0,2026-05-05 23:00:00,2026-05-06 07:00:00,52,18.0,0,LP Scheduled
2026-05-06,A,4502,1325222318098HRHE0,2026-05-06 07:00:00,2026-05-06 15:00:00,52,18.0,0,LP Scheduled
2026-05-06,B,4502,1325222318098HRHE0,2026-05-06 15:00:00,2026-05-06 23:00:00,52,18.0,0,LP Scheduled
2026-05-06,C,4502,1325222318098HRHE0,2026-05-06 23:00:00,2026-05-07 07:00:00,52,18.0,0,LP Scheduled
2026-05-07,A,4502,1325222318098HRHE0,2026-05-07 07:00:00,2026-05-07 15:00:00,52,18.0,0,LP Scheduled
2026-05-07,B,4502,1325222318098HRHE0,2026-05-07 15:00:00,2026-05-07 23:00:00,52,18.0,0,LP Scheduled
2026-05-07,C,4502,1325222318098HRHE0,2026-05-07 23:00:00,2026-05-08 06:46:00,94,18.0,0,LP Scheduled
2026-04-27,A,4503,CHANGEOVER,2026-04-27 11:34:00,2026-04-27 17:34:00,0,0.0,0,C/O from 1325215813079TUNE3 to 1D25215013008SXC1T
2026-04-27,B,4503,1D25215013008SXC1T,2026-04-27 17:34:00,2026-04-27 23:00:00,32,20.0,0,LP Scheduled
2026-04-27,C,4503,1D25215013008SXC1T,2026-04-27 23:00:00,2026-04-28 07:00:00,48,20.0,0,LP Scheduled
2026-04-28,A,4503,1D25215013008SXC1T,2026-04-28 07:00:00,2026-04-28 15:00:00,48,20.0,0,LP Scheduled
2026-04-28,B,4503,1D25215013008SXC1T,2026-04-28 15:00:00,2026-04-28 23:00:00,48,20.0,0,LP Scheduled
2026-04-28,C,4503,1D25215013008SXC1T,2026-04-28 23:00:00,2026-04-29 07:00:00,48,20.0,0,LP Scheduled
2026-04-29,A,4503,1D25215013008SXC1T,2026-04-29 07:00:00,2026-04-29 15:00:00,48,20.0,0,LP Scheduled
2026-04-29,B,4503,1D25215013008SXC1T,2026-04-29 15:00:00,2026-04-29 23:00:00,48,20.0,0,LP Scheduled
2026-04-29,C,4503,1D25215013008SXC1T,2026-04-29 23:00:00,2026-04-30 07:00:00,48,20.0,0,LP Scheduled
2026-04-30,A,4503,1D25215013008SXC1T,2026-04-30 07:00:00,2026-04-30 15:00:00,48,20.0,0,LP Scheduled
2026-04-30,B,4503,1D25215013008SXC1T,2026-04-30 15:00:00,2026-04-30 23:00:00,48,20.0,0,LP Scheduled
2026-04-30,C,4503,1D25215013008SXC1T,2026-04-30 23:00:00,2026-05-01 07:00:00,48,20.0,0,LP Scheduled
2026-05-01,A,4503,1D25215013008SXC1T,2026-05-01 07:00:00,2026-05-01 15:00:00,48,20.0,0,LP Scheduled
2026-05-01,B,4503,1D25215013008SXC1T,2026-05-01 15:00:00,2026-05-01 23:00:00,48,20.0,0,LP Scheduled
2026-05-01,C,4503,1D25215013008SXC1T,2026-05-01 23:00:00,2026-05-02 07:00:00,48,20.0,0,LP Scheduled
2026-05-02,A,4503,1D25215013008SXC1T,2026-05-02 07:00:00,2026-05-02 15:00:00,48,20.0,0,LP Scheduled
2026-05-02,B,4503,1D25215013008SXC1T,2026-05-02 15:00:00,2026-05-02 23:00:00,48,20.0,0,LP Scheduled
2026-05-02,C,4503,1D25215013008SXC1T,2026-05-02 23:00:00,2026-05-03 07:00:00,48,20.0,0,LP Scheduled
2026-05-03,A,4503,1D25215013008SXC1T,2026-05-03 07:00:00,2026-05-03 15:00:00,48,20.0,0,LP Scheduled
2026-05-03,B,4503,1D25215013008SXC1T,2026-05-03 15:00:00,2026-05-03 23:00:00,48,20.0,0,LP Scheduled
2026-05-03,C,4503,1D25215013008SXC1T,2026-05-03 23:00:00,2026-05-04 07:00:00,48,20.0,0,LP Scheduled
2026-05-04,A,4503,1D25215013008SXC1T,2026-05-04 07:00:00,2026-05-04 15:00:00,48,20.0,0,LP Scheduled
2026-05-04,B,4503,1D25215013008SXC1T,2026-05-04 15:00:00,2026-05-04 23:00:00,48,20.0,0,LP Scheduled
2026-05-04,C,4503,1D25215013008SXC1T,2026-05-04 23:00:00,2026-05-05 07:00:00,48,20.0,0,LP Scheduled
2026-05-05,A,4503,1D25215013008SXC1T,2026-05-05 07:00:00,2026-05-05 15:00:00,48,20.0,0,LP Scheduled
2026-05-05,B,4503,1D25215013008SXC1T,2026-05-05 15:00:00,2026-05-05 23:00:00,48,20.0,0,LP Scheduled
2026-05-05,C,4503,1D25215013008SXC1T,2026-05-05 23:00:00,2026-05-06 07:00:00,48,20.0,0,LP Scheduled
2026-05-06,A,4503,1D25215013008SXC1T,2026-05-06 07:00:00,2026-05-06 15:00:00,48,20.0,0,LP Scheduled
2026-05-06,B,4503,1D25215013008SXC1T,2026-05-06 15:00:00,2026-05-06 23:00:00,48,20.0,0,LP Scheduled
2026-05-06,C,4503,1D25215013008SXC1T,2026-05-06 23:00:00,2026-05-07 07:00:00,48,20.0,0,LP Scheduled
2026-05-07,A,4503,1D25215013008SXC1T,2026-05-07 07:00:00,2026-05-07 15:00:00,48,20.0,0,LP Scheduled
2026-05-07,B,4503,1D25215013008SXC1T,2026-05-07 15:00:00,2026-05-07 23:00:00,48,20.0,0,LP Scheduled
2026-05-07,C,4503,1D25215013008SXC1T,2026-05-07 23:00:00,2026-05-08 06:54:00,48,20.0,0,LP Scheduled
2026-04-27,B,4504,CHANGEOVER,2026-04-27 15:00:00,2026-04-27 21:00:00,0,0.0,0,C/O from 1325215813079TUNE3 to 1325224716111SELS0
2026-04-27,B,4504,1325224716111SELS0,2026-04-27 21:00:00,2026-04-27 23:00:00,12,19.0,0,LP Scheduled
2026-04-27,C,4504,1325224716111SELS0,2026-04-27 23:00:00,2026-04-28 07:00:00,50,19.0,0,LP Scheduled
2026-04-28,A,4504,1325224716111SELS0,2026-04-28 07:00:00,2026-04-28 15:00:00,50,19.0,0,LP Scheduled
2026-04-28,B,4504,1325224716111SELS0,2026-04-28 15:00:00,2026-04-28 23:00:00,50,19.0,0,LP Scheduled
2026-04-28,C,4504,1325224716111SELS0,2026-04-28 23:00:00,2026-04-29 07:00:00,50,19.0,0,LP Scheduled
2026-04-29,A,4504,1325224716111SELS0,2026-04-29 07:00:00,2026-04-29 15:00:00,50,19.0,0,LP Scheduled
2026-04-29,B,4504,1325224716111SELS0,2026-04-29 15:00:00,2026-04-29 23:00:00,50,19.0,0,LP Scheduled
2026-04-29,C,4504,1325224716111SELS0,2026-04-29 23:00:00,2026-04-30 07:00:00,50,19.0,0,LP Scheduled
2026-04-30,A,4504,1325224716111SELS0,2026-04-30 07:00:00,2026-04-30 15:00:00,50,19.0,0,LP Scheduled
2026-04-30,B,4504,1325224716111SELS0,2026-04-30 15:00:00,2026-04-30 23:00:00,50,19.0,0,LP Scheduled
2026-04-30,C,4504,1325224716111SELS0,2026-04-30 23:00:00,2026-05-01 07:00:00,50,19.0,0,LP Scheduled
2026-05-01,A,4504,1325224716111SELS0,2026-05-01 07:00:00,2026-05-01 15:00:00,50,19.0,0,LP Scheduled
2026-05-01,B,4504,1325224716111SELS0,2026-05-01 15:00:00,2026-05-01 23:00:00,50,19.0,0,LP Scheduled
2026-05-01,C,4504,1325224716111SELS0,2026-05-01 23:00:00,2026-05-02 07:00:00,50,19.0,0,LP Scheduled
2026-05-02,A,4504,1325224716111SELS0,2026-05-02 07:00:00,2026-05-02 15:00:00,50,19.0,0,LP Scheduled
2026-05-02,B,4504,1325224716111SELS0,2026-05-02 15:00:00,2026-05-02 23:00:00,50,19.0,0,LP Scheduled
2026-05-02,C,4504,1325224716111SELS0,2026-05-02 23:00:00,2026-05-03 07:00:00,50,19.0,0,LP Scheduled
2026-05-03,A,4504,1325224716111SELS0,2026-05-03 07:00:00,2026-05-03 15:00:00,50,19.0,0,LP Scheduled
2026-05-03,B,4504,1325224716111SELS0,2026-05-03 15:00:00,2026-05-03 23:00:00,50,19.0,0,LP Scheduled
2026-05-03,C,4504,1325224716111SELS0,2026-05-03 23:00:00,2026-05-04 07:00:00,50,19.0,0,LP Scheduled
2026-05-04,A,4504,1325224716111SELS0,2026-05-04 07:00:00,2026-05-04 15:00:00,50,19.0,0,LP Scheduled
2026-05-04,B,4504,1325224716111SELS0,2026-05-04 15:00:00,2026-05-04 23:00:00,50,19.0,0,LP Scheduled
2026-05-04,C,4504,1325224716111SELS0,2026-05-04 23:00:00,2026-05-05 07:00:00,50,19.0,0,LP Scheduled
2026-05-05,A,4504,1325224716111SELS0,2026-05-05 07:00:00,2026-05-05 15:00:00,50,19.0,0,LP Scheduled
2026-05-05,B,4504,1325224716111SELS0,2026-05-05 15:00:00,2026-05-05 23:00:00,50,19.0,0,LP Scheduled
2026-05-05,C,4504,1325224716111SELS0,2026-05-05 23:00:00,2026-05-06 07:00:00,50,19.0,0,LP Scheduled
2026-05-06,A,4504,1325224716111SELS0,2026-05-06 07:00:00,2026-05-06 15:00:00,50,19.0,0,LP Scheduled
2026-05-06,B,4504,1325224716111SELS0,2026-05-06 15:00:00,2026-05-06 23:00:00,50,19.0,0,LP Scheduled
2026-05-06,C,4504,1325224716111SELS0,2026-05-06 23:00:00,2026-05-07 00:46:00,26,19.0,0,LP Scheduled
2026-05-07,C,4504,CHANGEOVER,2026-05-07 00:46:00,2026-05-07 06:46:00,0,0.0,0,C/O from 1325224716111SELS0 to 1325221715100SRAT0
2026-05-07,C,4504,1325221715100SRAT0,2026-05-07 06:46:00,2026-05-07 07:00:00,0,19.0,0,LP Scheduled
2026-05-07,A,4504,1325221715100SRAT0,2026-05-07 07:00:00,2026-05-07 15:00:00,50,19.0,0,LP Scheduled
2026-05-07,B,4504,1325221715100SRAT0,2026-05-07 15:00:00,2026-05-07 23:00:00,50,19.0,0,LP Scheduled
2026-05-07,C,4504,1325221715100SRAT0,2026-05-07 23:00:00,2026-05-08 06:50:00,52,19.0,0,LP Scheduled
2026-05-05,A,4505,CHANGEOVER,2026-05-05 11:07:00,2026-05-05 17:07:00,0,0.0,0,C/O from 1325215813079TUNE5 to 1325221715100SRAT0
2026-05-05,B,4505,1325221715100SRAT0,2026-05-05 17:07:00,2026-05-05 23:00:00,36,19.0,0,LP Scheduled
2026-05-05,C,4505,1325221715100SRAT0,2026-05-05 23:00:00,2026-05-06 07:00:00,50,19.0,0,LP Scheduled
2026-05-06,A,4505,1325221715100SRAT0,2026-05-06 07:00:00,2026-05-06 15:00:00,50,19.0,0,LP Scheduled
2026-05-06,B,4505,1325221715100SRAT0,2026-05-06 15:00:00,2026-05-06 23:00:00,50,19.0,0,LP Scheduled
2026-05-06,C,4505,1325221715100SRAT0,2026-05-06 23:00:00,2026-05-07 07:00:00,50,19.0,0,LP Scheduled
2026-05-07,A,4505,1325221715100SRAT0,2026-05-07 07:00:00,2026-05-07 15:00:00,50,19.0,0,LP Scheduled
2026-05-07,B,4505,1325221715100SRAT0,2026-05-07 15:00:00,2026-05-07 23:00:00,50,19.0,0,LP Scheduled
2026-05-07,C,4505,1325221715100SRAT0,2026-05-07 23:00:00,2026-05-08 06:52:00,54,19.0,0,LP Scheduled
2026-04-30,B,4506,CHANGEOVER,2026-04-30 15:00:00,2026-04-30 21:00:00,0,0.0,0,C/O from 1D25215013008SXC10 to 1325221715100SRAT0
2026-04-30,B,4506,1325221715100SRAT0,2026-04-30 21:00:00,2026-04-30 23:00:00,12,19.0,0,LP Scheduled
2026-04-30,C,4506,1325221715100SRAT0,2026-04-30 23:00:00,2026-05-01 07:00:00,50,19.0,0,LP Scheduled
2026-05-01,A,4506,1325221715100SRAT0,2026-05-01 07:00:00,2026-05-01 15:00:00,50,19.0,0,LP Scheduled
2026-05-01,B,4506,1325221715100SRAT0,2026-05-01 15:00:00,2026-05-01 23:00:00,50,19.0,0,LP Scheduled
2026-05-01,C,4506,1325221715100SRAT0,2026-05-01 23:00:00,2026-05-02 07:00:00,50,19.0,0,LP Scheduled
2026-05-02,A,4506,1325221715100SRAT0,2026-05-02 07:00:00,2026-05-02 15:00:00,50,19.0,0,LP Scheduled
2026-05-02,B,4506,1325221715100SRAT0,2026-05-02 15:00:00,2026-05-02 23:00:00,50,19.0,0,LP Scheduled
2026-05-02,C,4506,1325221715100SRAT0,2026-05-02 23:00:00,2026-05-03 07:00:00,50,19.0,0,LP Scheduled
2026-05-03,A,4506,1325221715100SRAT0,2026-05-03 07:00:00,2026-05-03 15:00:00,50,19.0,0,LP Scheduled
2026-05-03,B,4506,1325221715100SRAT0,2026-05-03 15:00:00,2026-05-03 23:00:00,50,19.0,0,LP Scheduled
2026-05-03,C,4506,1325221715100SRAT0,2026-05-03 23:00:00,2026-05-04 07:00:00,50,19.0,0,LP Scheduled
2026-05-04,A,4506,1325221715100SRAT0,2026-05-04 07:00:00,2026-05-04 15:00:00,50,19.0,0,LP Scheduled
2026-05-04,B,4506,1325221715100SRAT0,2026-05-04 15:00:00,2026-05-04 23:00:00,50,19.0,0,LP Scheduled
2026-05-04,C,4506,1325221715100SRAT0,2026-05-04 23:00:00,2026-05-05 07:00:00,50,19.0,0,LP Scheduled
2026-05-05,A,4506,1325221715100SRAT0,2026-05-05 07:00:00,2026-05-05 15:00:00,50,19.0,0,LP Scheduled
2026-05-05,B,4506,1325221715100SRAT0,2026-05-05 15:00:00,2026-05-05 23:00:00,50,19.0,0,LP Scheduled
2026-05-05,C,4506,1325221715100SRAT0,2026-05-05 23:00:00,2026-05-06 07:00:00,50,19.0,0,LP Scheduled
2026-05-06,A,4506,1325221715100SRAT0,2026-05-06 07:00:00,2026-05-06 15:00:00,50,19.0,0,LP Scheduled
2026-05-06,B,4506,1325221715100SRAT0,2026-05-06 15:00:00,2026-05-06 21:05:00,48,19.0,0,LP Scheduled
2026-05-06,B,4506,CHANGEOVER,2026-05-06 21:05:00,2026-05-07 03:05:00,0,0.0,0,C/O from 1325221715100SRAT0 to 1325223517104TRXT0
2026-05-07,C,4506,1325223517104TRXT0,2026-05-07 03:05:00,2026-05-07 07:00:00,22,20.0,0,LP Scheduled
2026-05-07,A,4506,1325223517104TRXT0,2026-05-07 07:00:00,2026-05-07 15:00:00,48,20.0,0,LP Scheduled
2026-05-07,B,4506,1325223517104TRXT0,2026-05-07 15:00:00,2026-05-07 23:00:00,48,20.0,0,LP Scheduled
2026-05-07,C,4506,1325223517104TRXT0,2026-05-07 23:00:00,2026-05-08 06:45:00,48,20.0,0,LP Scheduled
2026-04-10,C,4507,CHANGEOVER,2026-04-10 00:15:00,2026-04-10 06:15:00,0,0.0,0,C/O from 1325215514075TUNE0 to 1325225518111HRAT1
2026-04-10,C,4507,1325225518111HRAT1,2026-04-10 06:15:00,2026-04-10 07:00:00,4,19.0,0,LP Scheduled
2026-04-10,A,4507,1325225518111HRAT1,2026-04-10 07:00:00,2026-04-10 15:00:00,50,19.0,0,LP Scheduled
2026-04-10,B,4507,1325225518111HRAT1,2026-04-10 15:00:00,2026-04-10 23:00:00,50,19.0,0,LP Scheduled
2026-04-10,C,4507,1325225518111HRAT1,2026-04-10 23:00:00,2026-04-11 07:00:00,50,19.0,0,LP Scheduled
2026-04-11,A,4507,1325225518111HRAT1,2026-04-11 07:00:00,2026-04-11 15:00:00,50,19.0,0,LP Scheduled
2026-04-11,B,4507,1325225518111HRAT1,2026-04-11 15:00:00,2026-04-11 23:00:00,50,19.0,0,LP Scheduled
2026-04-11,C,4507,1325225518111HRAT1,2026-04-11 23:00:00,2026-04-12 07:00:00,50,19.0,0,LP Scheduled
2026-04-12,A,4507,1325225518111HRAT1,2026-04-12 07:00:00,2026-04-12 15:00:00,50,19.0,0,LP Scheduled
2026-04-12,B,4507,1325225518111HRAT1,2026-04-12 15:00:00,2026-04-12 16:31:00,14,19.0,0,LP Scheduled
2026-04-12,B,4507,CHANGEOVER,2026-04-12 16:31:00,2026-04-12 22:31:00,0,0.0,0,C/O from 1325225518111HRAT1 to 1325224716111SELS0
2026-04-12,B,4507,1325224716111SELS0,2026-04-12 22:31:00,2026-04-12 23:00:00,2,19.0,0,LP Scheduled
2026-04-12,C,4507,1325224716111SELS0,2026-04-12 23:00:00,2026-04-13 07:00:00,50,19.0,0,LP Scheduled
2026-04-13,A,4507,1325224716111SELS0,2026-04-13 07:00:00,2026-04-13 15:00:00,50,19.0,0,LP Scheduled
2026-04-13,B,4507,1325224716111SELS0,2026-04-13 15:00:00,2026-04-13 23:00:00,50,19.0,0,LP Scheduled
2026-04-13,C,4507,1325224716111SELS0,2026-04-13 23:00:00,2026-04-14 07:00:00,50,19.0,0,LP Scheduled
2026-04-14,A,4507,1325224716111SELS0,2026-04-14 07:00:00,2026-04-14 15:00:00,50,19.0,0,LP Scheduled
2026-04-14,B,4507,1325224716111SELS0,2026-04-14 15:00:00,2026-04-14 23:00:00,50,19.0,0,LP Scheduled
2026-04-14,C,4507,1325224716111SELS0,2026-04-14 23:00:00,2026-04-15 07:00:00,50,19.0,0,LP Scheduled
2026-04-15,A,4507,1325224716111SELS0,2026-04-15 07:00:00,2026-04-15 15:00:00,50,19.0,0,LP Scheduled
2026-04-15,B,4507,1325224716111SELS0,2026-04-15 15:00:00,2026-04-15 23:00:00,50,19.0,0,LP Scheduled
2026-04-15,C,4507,1325224716111SELS0,2026-04-15 23:00:00,2026-04-16 07:00:00,50,19.0,0,LP Scheduled
2026-04-16,A,4507,1325224716111SELS0,2026-04-16 07:00:00,2026-04-16 15:00:00,50,19.0,0,LP Scheduled
2026-04-16,B,4507,1325224716111SELS0,2026-04-16 15:00:00,2026-04-16 23:00:00,50,19.0,0,LP Scheduled
2026-04-16,C,4507,1325224716111SELS0,2026-04-16 23:00:00,2026-04-17 07:00:00,50,19.0,0,LP Scheduled
2026-04-17,A,4507,1325224716111SELS0,2026-04-17 07:00:00,2026-04-17 15:00:00,50,19.0,0,LP Scheduled
2026-04-17,B,4507,1325224716111SELS0,2026-04-17 15:00:00,2026-04-17 23:00:00,50,19.0,0,LP Scheduled
2026-04-17,C,4507,1325224716111SELS0,2026-04-17 23:00:00,2026-04-18 07:00:00,50,19.0,0,LP Scheduled
2026-04-18,A,4507,1325224716111SELS0,2026-04-18 07:00:00,2026-04-18 15:00:00,50,19.0,0,LP Scheduled
2026-04-18,B,4507,1325224716111SELS0,2026-04-18 15:00:00,2026-04-18 23:00:00,50,19.0,0,LP Scheduled
2026-04-18,C,4507,1325224716111SELS0,2026-04-18 23:00:00,2026-04-19 07:00:00,50,19.0,0,LP Scheduled
2026-04-19,A,4507,1325224716111SELS0,2026-04-19 07:00:00,2026-04-19 15:00:00,50,19.0,0,LP Scheduled
2026-04-19,B,4507,1325224716111SELS0,2026-04-19 15:00:00,2026-04-19 23:00:00,50,19.0,0,LP Scheduled
2026-04-19,C,4507,1325224716111SELS0,2026-04-19 23:00:00,2026-04-20 07:00:00,50,19.0,0,LP Scheduled
2026-04-20,A,4507,1325224716111SELS0,2026-04-20 07:00:00,2026-04-20 15:00:00,50,19.0,0,LP Scheduled
2026-04-20,B,4507,1325224716111SELS0,2026-04-20 15:00:00,2026-04-20 23:00:00,50,19.0,0,LP Scheduled
2026-04-20,C,4507,1325224716111SELS0,2026-04-20 23:00:00,2026-04-21 07:00:00,50,19.0,0,LP Scheduled
2026-04-21,A,4507,1325224716111SELS0,2026-04-21 07:00:00,2026-04-21 15:00:00,50,19.0,0,LP Scheduled
2026-04-21,B,4507,1325224716111SELS0,2026-04-21 15:00:00,2026-04-21 23:00:00,50,19.0,0,LP Scheduled
2026-04-21,C,4507,1325224716111SELS0,2026-04-21 23:00:00,2026-04-22 07:00:00,50,19.0,0,LP Scheduled
2026-04-22,A,4507,1325224716111SELS0,2026-04-22 07:00:00,2026-04-22 15:00:00,50,19.0,0,LP Scheduled
2026-04-22,B,4507,1325224716111SELS0,2026-04-22 15:00:00,2026-04-22 23:00:00,50,19.0,0,LP Scheduled
2026-04-22,C,4507,1325224716111SELS0,2026-04-22 23:00:00,2026-04-23 07:00:00,50,19.0,0,LP Scheduled
2026-04-23,A,4507,1325224716111SELS0,2026-04-23 07:00:00,2026-04-23 15:00:00,50,19.0,0,LP Scheduled
2026-04-23,B,4507,1325224716111SELS0,2026-04-23 15:00:00,2026-04-23 23:00:00,50,19.0,0,LP Scheduled
2026-04-23,C,4507,1325224716111SELS0,2026-04-23 23:00:00,2026-04-24 07:00:00,50,19.0,0,LP Scheduled
2026-04-24,A,4507,1325224716111SELS0,2026-04-24 07:00:00,2026-04-24 15:00:00,50,19.0,0,LP Scheduled
2026-04-24,B,4507,1325224716111SELS0,2026-04-24 15:00:00,2026-04-24 23:00:00,50,19.0,0,LP Scheduled
2026-04-24,C,4507,1325224716111SELS0,2026-04-24 23:00:00,2026-04-25 07:00:00,50,19.0,0,LP Scheduled
2026-04-25,A,4507,1325224716111SELS0,2026-04-25 07:00:00,2026-04-25 15:00:00,50,19.0,0,LP Scheduled
2026-04-25,B,4507,1325224716111SELS0,2026-04-25 15:00:00,2026-04-25 23:00:00,50,19.0,0,LP Scheduled
2026-04-25,C,4507,1325224716111SELS0,2026-04-25 23:00:00,2026-04-26 07:00:00,50,19.0,0,LP Scheduled
2026-04-26,A,4507,1325224716111SELS0,2026-04-26 07:00:00,2026-04-26 15:00:00,50,19.0,0,LP Scheduled
2026-04-26,B,4507,1325224716111SELS0,2026-04-26 15:00:00,2026-04-26 23:00:00,50,19.0,0,LP Scheduled
2026-04-26,C,4507,1325224716111SELS0,2026-04-26 23:00:00,2026-04-27 07:00:00,50,19.0,0,LP Scheduled
2026-04-27,A,4507,1325224716111SELS0,2026-04-27 07:00:00,2026-04-27 15:00:00,50,19.0,0,LP Scheduled
2026-04-27,B,4507,1325224716111SELS0,2026-04-27 15:00:00,2026-04-27 23:00:00,50,19.0,0,LP Scheduled
2026-04-27,C,4507,1325224716111SELS0,2026-04-27 23:00:00,2026-04-28 07:00:00,50,19.0,0,LP Scheduled
2026-04-28,A,4507,1325224716111SELS0,2026-04-28 07:00:00,2026-04-28 15:00:00,50,19.0,0,LP Scheduled
2026-04-28,B,4507,1325224716111SELS0,2026-04-28 15:00:00,2026-04-28 23:00:00,50,19.0,0,LP Scheduled
2026-04-28,C,4507,1325224716111SELS0,2026-04-28 23:00:00,2026-04-29 07:00:00,50,19.0,0,LP Scheduled
2026-04-29,A,4507,1325224716111SELS0,2026-04-29 07:00:00,2026-04-29 15:00:00,50,19.0,0,LP Scheduled
2026-04-29,B,4507,1325224716111SELS0,2026-04-29 15:00:00,2026-04-29 23:00:00,50,19.0,0,LP Scheduled
2026-04-29,C,4507,1325224716111SELS0,2026-04-29 23:00:00,2026-04-30 07:00:00,50,19.0,0,LP Scheduled
2026-04-30,A,4507,1325224716111SELS0,2026-04-30 07:00:00,2026-04-30 15:00:00,50,19.0,0,LP Scheduled
2026-04-30,B,4507,1325224716111SELS0,2026-04-30 15:00:00,2026-04-30 23:00:00,50,19.0,0,LP Scheduled
2026-04-30,C,4507,1325224716111SELS0,2026-04-30 23:00:00,2026-05-01 07:00:00,50,19.0,0,LP Scheduled
2026-05-01,A,4507,1325224716111SELS0,2026-05-01 07:00:00,2026-05-01 15:00:00,50,19.0,0,LP Scheduled
2026-05-01,B,4507,1325224716111SELS0,2026-05-01 15:00:00,2026-05-01 23:00:00,50,19.0,0,LP Scheduled
2026-05-01,C,4507,1325224716111SELS0,2026-05-01 23:00:00,2026-05-02 07:00:00,50,19.0,0,LP Scheduled
2026-05-02,A,4507,1325224716111SELS0,2026-05-02 07:00:00,2026-05-02 15:00:00,50,19.0,0,LP Scheduled
2026-05-02,B,4507,1325224716111SELS0,2026-05-02 15:00:00,2026-05-02 23:00:00,50,19.0,0,LP Scheduled
2026-05-02,C,4507,1325224716111SELS0,2026-05-02 23:00:00,2026-05-03 07:00:00,50,19.0,0,LP Scheduled
2026-05-03,A,4507,1325224716111SELS0,2026-05-03 07:00:00,2026-05-03 15:00:00,50,19.0,0,LP Scheduled
2026-05-03,B,4507,1325224716111SELS0,2026-05-03 15:00:00,2026-05-03 23:00:00,50,19.0,0,LP Scheduled
2026-05-03,C,4507,1325224716111SELS0,2026-05-03 23:00:00,2026-05-04 07:00:00,50,19.0,0,LP Scheduled
2026-05-04,A,4507,1325224716111SELS0,2026-05-04 07:00:00,2026-05-04 15:00:00,50,19.0,0,LP Scheduled
2026-05-04,B,4507,1325224716111SELS0,2026-05-04 15:00:00,2026-05-04 23:00:00,50,19.0,0,LP Scheduled
2026-05-04,C,4507,1325224716111SELS0,2026-05-04 23:00:00,2026-05-05 07:00:00,50,19.0,0,LP Scheduled
2026-05-05,A,4507,1325224716111SELS0,2026-05-05 07:00:00,2026-05-05 15:00:00,50,19.0,0,LP Scheduled
2026-05-05,B,4507,1325224716111SELS0,2026-05-05 15:00:00,2026-05-05 23:00:00,50,19.0,0,LP Scheduled
2026-05-05,C,4507,1325224716111SELS0,2026-05-05 23:00:00,2026-05-06 07:00:00,50,19.0,0,LP Scheduled
2026-05-06,A,4507,1325224716111SELS0,2026-05-06 07:00:00,2026-05-06 15:00:00,50,19.0,0,LP Scheduled
2026-05-06,B,4507,1325224716111SELS0,2026-05-06 15:00:00,2026-05-06 23:00:00,50,19.0,0,LP Scheduled
2026-05-06,C,4507,1325224716111SELS0,2026-05-06 23:00:00,2026-05-07 07:00:00,50,19.0,0,LP Scheduled
2026-05-07,A,4507,1325224716111SELS0,2026-05-07 07:00:00,2026-05-07 15:00:00,50,19.0,0,LP Scheduled
2026-05-07,B,4507,1325224716111SELS0,2026-05-07 15:00:00,2026-05-07 23:00:00,50,19.0,0,LP Scheduled
2026-05-07,C,4507,1325224716111SELS0,2026-05-07 23:00:00,2026-05-08 06:50:00,90,19.0,0,LP Scheduled
2026-05-05,A,4508,CHANGEOVER,2026-05-05 11:07:00,2026-05-05 17:07:00,0,0.0,0,C/O from 1325215813079TUNE5 to 1325224716111SELS0
2026-05-05,B,4508,1325224716111SELS0,2026-05-05 17:07:00,2026-05-05 23:00:00,36,19.0,0,LP Scheduled
2026-05-05,C,4508,1325224716111SELS0,2026-05-05 23:00:00,2026-05-06 01:02:00,14,19.0,0,LP Scheduled
2026-05-06,C,4508,CHANGEOVER,2026-05-06 01:02:00,2026-05-06 07:02:00,0,0.0,0,C/O from 1325224716111SELS0 to 1325221516098HRHT0
2026-05-06,A,4508,1325221516098HRHT0,2026-05-06 07:02:00,2026-05-06 15:00:00,58,16.0,0,LP Scheduled
2026-05-06,B,4508,1325221516098HRHT0,2026-05-06 15:00:00,2026-05-06 23:00:00,60,16.0,0,LP Scheduled
2026-05-06,C,4508,1325221516098HRHT0,2026-05-06 23:00:00,2026-05-07 07:00:00,60,16.0,0,LP Scheduled
2026-05-07,A,4508,1325221516098HRHT0,2026-05-07 07:00:00,2026-05-07 15:00:00,60,16.0,0,LP Scheduled
2026-05-07,B,4508,1325221516098HRHT0,2026-05-07 15:00:00,2026-05-07 23:00:00,60,16.0,0,LP Scheduled
2026-05-07,C,4508,1325221516098HRHT0,2026-05-07 23:00:00,2026-05-08 06:46:00,60,16.0,0,LP Scheduled
2026-04-27,B,4509,CHANGEOVER,2026-04-27 15:00:00,2026-04-27 21:00:00,0,0.0,0,C/O from 1325215813079TUNE3 to 1325221715100SRAT0
2026-04-27,B,4509,1325221715100SRAT0,2026-04-27 21:00:00,2026-04-27 23:00:00,12,19.0,0,LP Scheduled
2026-04-27,C,4509,1325221715100SRAT0,2026-04-27 23:00:00,2026-04-28 07:00:00,50,19.0,0,LP Scheduled
2026-04-28,A,4509,1325221715100SRAT0,2026-04-28 07:00:00,2026-04-28 15:00:00,50,19.0,0,LP Scheduled
2026-04-28,B,4509,1325221715100SRAT0,2026-04-28 15:00:00,2026-04-28 23:00:00,50,19.0,0,LP Scheduled
2026-04-28,C,4509,1325221715100SRAT0,2026-04-28 23:00:00,2026-04-29 07:00:00,50,19.0,0,LP Scheduled
2026-04-29,A,4509,1325221715100SRAT0,2026-04-29 07:00:00,2026-04-29 15:00:00,50,19.0,0,LP Scheduled
2026-04-29,B,4509,1325221715100SRAT0,2026-04-29 15:00:00,2026-04-29 23:00:00,50,19.0,0,LP Scheduled
2026-04-29,C,4509,1325221715100SRAT0,2026-04-29 23:00:00,2026-04-30 07:00:00,50,19.0,0,LP Scheduled
2026-04-30,A,4509,1325221715100SRAT0,2026-04-30 07:00:00,2026-04-30 15:00:00,50,19.0,0,LP Scheduled
2026-04-30,B,4509,1325221715100SRAT0,2026-04-30 15:00:00,2026-04-30 23:00:00,50,19.0,0,LP Scheduled
2026-04-30,C,4509,1325221715100SRAT0,2026-04-30 23:00:00,2026-05-01 07:00:00,50,19.0,0,LP Scheduled
2026-05-01,A,4509,1325221715100SRAT0,2026-05-01 07:00:00,2026-05-01 15:00:00,50,19.0,0,LP Scheduled
2026-05-01,B,4509,1325221715100SRAT0,2026-05-01 15:00:00,2026-05-01 23:00:00,50,19.0,0,LP Scheduled
2026-05-01,C,4509,1325221715100SRAT0,2026-05-01 23:00:00,2026-05-02 07:00:00,50,19.0,0,LP Scheduled
2026-05-02,A,4509,1325221715100SRAT0,2026-05-02 07:00:00,2026-05-02 15:00:00,50,19.0,0,LP Scheduled
2026-05-02,B,4509,1325221715100SRAT0,2026-05-02 15:00:00,2026-05-02 23:00:00,50,19.0,0,LP Scheduled
2026-05-02,C,4509,1325221715100SRAT0,2026-05-02 23:00:00,2026-05-03 07:00:00,50,19.0,0,LP Scheduled
2026-05-03,A,4509,1325221715100SRAT0,2026-05-03 07:00:00,2026-05-03 15:00:00,50,19.0,0,LP Scheduled
2026-05-03,B,4509,1325221715100SRAT0,2026-05-03 15:00:00,2026-05-03 23:00:00,50,19.0,0,LP Scheduled
2026-05-03,C,4509,1325221715100SRAT0,2026-05-03 23:00:00,2026-05-04 07:00:00,50,19.0,0,LP Scheduled
2026-05-04,A,4509,1325221715100SRAT0,2026-05-04 07:00:00,2026-05-04 15:00:00,50,19.0,0,LP Scheduled
2026-05-04,B,4509,1325221715100SRAT0,2026-05-04 15:00:00,2026-05-04 23:00:00,50,19.0,0,LP Scheduled
2026-05-04,C,4509,1325221715100SRAT0,2026-05-04 23:00:00,2026-05-05 07:00:00,50,19.0,0,LP Scheduled
2026-05-05,A,4509,1325221715100SRAT0,2026-05-05 07:00:00,2026-05-05 15:00:00,50,19.0,0,LP Scheduled
2026-05-05,B,4509,1325221715100SRAT0,2026-05-05 15:00:00,2026-05-05 23:00:00,50,19.0,0,LP Scheduled
2026-05-05,C,4509,1325221715100SRAT0,2026-05-05 23:00:00,2026-05-06 07:00:00,50,19.0,0,LP Scheduled
2026-05-06,A,4509,1325221715100SRAT0,2026-05-06 07:00:00,2026-05-06 15:00:00,50,19.0,0,LP Scheduled
2026-05-06,B,4509,1325221715100SRAT0,2026-05-06 15:00:00,2026-05-06 23:00:00,50,19.0,0,LP Scheduled
2026-05-06,C,4509,1325221715100SRAT0,2026-05-06 23:00:00,2026-05-07 07:00:00,50,19.0,0,LP Scheduled
2026-05-07,A,4509,1325221715100SRAT0,2026-05-07 07:00:00,2026-05-07 15:00:00,50,19.0,0,LP Scheduled
2026-05-07,B,4509,1325221715100SRAT0,2026-05-07 15:00:00,2026-05-07 23:00:00,50,19.0,0,LP Scheduled
2026-05-07,C,4509,1325221715100SRAT0,2026-05-07 23:00:00,2026-05-08 06:51:00,66,19.0,0,LP Scheduled
2026-04-30,C,4510,CHANGEOVER,2026-04-30 23:00:00,2026-05-01 05:00:00,0,0.0,0,C/O from 1D25215013008SXC10 to 1325221715100SRAT0
2026-05-01,C,4510,1325221715100SRAT0,2026-05-01 05:00:00,2026-05-01 07:00:00,12,19.0,0,LP Scheduled
2026-05-01,A,4510,1325221715100SRAT0,2026-05-01 07:00:00,2026-05-01 15:00:00,50,19.0,0,LP Scheduled
2026-05-01,B,4510,1325221715100SRAT0,2026-05-01 15:00:00,2026-05-01 23:00:00,50,19.0,0,LP Scheduled
2026-05-01,C,4510,1325221715100SRAT0,2026-05-01 23:00:00,2026-05-02 07:00:00,50,19.0,0,LP Scheduled
2026-05-02,A,4510,1325221715100SRAT0,2026-05-02 07:00:00,2026-05-02 15:00:00,50,19.0,0,LP Scheduled
2026-05-02,B,4510,1325221715100SRAT0,2026-05-02 15:00:00,2026-05-02 23:00:00,50,19.0,0,LP Scheduled
2026-05-02,C,4510,1325221715100SRAT0,2026-05-02 23:00:00,2026-05-03 07:00:00,50,19.0,0,LP Scheduled
2026-05-03,A,4510,1325221715100SRAT0,2026-05-03 07:00:00,2026-05-03 15:00:00,50,19.0,0,LP Scheduled
2026-05-03,B,4510,1325221715100SRAT0,2026-05-03 15:00:00,2026-05-03 23:00:00,50,19.0,0,LP Scheduled
2026-05-03,C,4510,1325221715100SRAT0,2026-05-03 23:00:00,2026-05-04 07:00:00,50,19.0,0,LP Scheduled
2026-05-04,A,4510,1325221715100SRAT0,2026-05-04 07:00:00,2026-05-04 15:00:00,50,19.0,0,LP Scheduled
2026-05-04,B,4510,1325221715100SRAT0,2026-05-04 15:00:00,2026-05-04 23:00:00,50,19.0,0,LP Scheduled
2026-05-04,C,4510,1325221715100SRAT0,2026-05-04 23:00:00,2026-05-05 07:00:00,50,19.0,0,LP Scheduled
2026-05-05,A,4510,1325221715100SRAT0,2026-05-05 07:00:00,2026-05-05 15:00:00,50,19.0,0,LP Scheduled
2026-05-05,B,4510,1325221715100SRAT0,2026-05-05 15:00:00,2026-05-05 23:00:00,50,19.0,0,LP Scheduled
2026-05-05,C,4510,1325221715100SRAT0,2026-05-05 23:00:00,2026-05-06 07:00:00,50,19.0,0,LP Scheduled
2026-05-06,A,4510,1325221715100SRAT0,2026-05-06 07:00:00,2026-05-06 15:00:00,50,19.0,0,LP Scheduled
2026-05-06,B,4510,1325221715100SRAT0,2026-05-06 15:00:00,2026-05-06 23:00:00,50,19.0,0,LP Scheduled
2026-05-06,C,4510,1325221715100SRAT0,2026-05-06 23:00:00,2026-05-07 07:00:00,50,19.0,0,LP Scheduled
2026-05-07,A,4510,1325221715100SRAT0,2026-05-07 07:00:00,2026-05-07 15:00:00,50,19.0,0,LP Scheduled
2026-05-07,B,4510,1325221715100SRAT0,2026-05-07 15:00:00,2026-05-07 23:00:00,50,19.0,0,LP Scheduled
2026-05-07,C,4510,1325221715100SRAT0,2026-05-07 23:00:00,2026-05-08 06:44:00,60,19.0,0,LP Scheduled
2026-04-27,C,4511,CHANGEOVER,2026-04-27 23:00:00,2026-04-28 05:00:00,0,0.0,0,C/O from 1325215813079TUNE3 to 1325223616105TRAT0
2026-04-28,C,4511,1325223616105TRAT0,2026-04-28 05:00:00,2026-04-28 07:00:00,12,20.0,0,LP Scheduled
2026-04-28,A,4511,1325223616105TRAT0,2026-04-28 07:00:00,2026-04-28 15:00:00,48,20.0,0,LP Scheduled
2026-04-28,B,4511,1325223616105TRAT0,2026-04-28 15:00:00,2026-04-28 23:00:00,48,20.0,0,LP Scheduled
2026-04-28,C,4511,1325223616105TRAT0,2026-04-28 23:00:00,2026-04-29 07:00:00,48,20.0,0,LP Scheduled
2026-04-29,A,4511,1325223616105TRAT0,2026-04-29 07:00:00,2026-04-29 15:00:00,48,20.0,0,LP Scheduled
2026-04-29,B,4511,1325223616105TRAT0,2026-04-29 15:00:00,2026-04-29 23:00:00,48,20.0,0,LP Scheduled
2026-04-29,C,4511,1325223616105TRAT0,2026-04-29 23:00:00,2026-04-30 07:00:00,48,20.0,0,LP Scheduled
2026-04-30,A,4511,1325223616105TRAT0,2026-04-30 07:00:00,2026-04-30 15:00:00,48,20.0,0,LP Scheduled
2026-04-30,B,4511,1325223616105TRAT0,2026-04-30 15:00:00,2026-04-30 23:00:00,48,20.0,0,LP Scheduled
2026-04-30,C,4511,1325223616105TRAT0,2026-04-30 23:00:00,2026-05-01 07:00:00,48,20.0,0,LP Scheduled
2026-05-01,A,4511,1325223616105TRAT0,2026-05-01 07:00:00,2026-05-01 15:00:00,48,20.0,0,LP Scheduled
2026-05-01,B,4511,1325223616105TRAT0,2026-05-01 15:00:00,2026-05-01 23:00:00,48,20.0,0,LP Scheduled
2026-05-01,C,4511,1325223616105TRAT0,2026-05-01 23:00:00,2026-05-02 07:00:00,48,20.0,0,LP Scheduled
2026-05-02,A,4511,1325223616105TRAT0,2026-05-02 07:00:00,2026-05-02 15:00:00,48,20.0,0,LP Scheduled
2026-05-02,B,4511,1325223616105TRAT0,2026-05-02 15:00:00,2026-05-02 23:00:00,48,20.0,0,LP Scheduled
2026-05-02,C,4511,1325223616105TRAT0,2026-05-02 23:00:00,2026-05-03 07:00:00,48,20.0,0,LP Scheduled
2026-05-03,A,4511,1325223616105TRAT0,2026-05-03 07:00:00,2026-05-03 15:00:00,48,20.0,0,LP Scheduled
2026-05-03,B,4511,1325223616105TRAT0,2026-05-03 15:00:00,2026-05-03 23:00:00,48,20.0,0,LP Scheduled
2026-05-03,C,4511,1325223616105TRAT0,2026-05-03 23:00:00,2026-05-04 07:00:00,48,20.0,0,LP Scheduled
2026-05-04,A,4511,1325223616105TRAT0,2026-05-04 07:00:00,2026-05-04 15:00:00,48,20.0,0,LP Scheduled
2026-05-04,B,4511,1325223616105TRAT0,2026-05-04 15:00:00,2026-05-04 17:40:00,16,20.0,0,LP Scheduled
2026-04-27,C,4513,CHANGEOVER,2026-04-27 23:00:00,2026-04-28 05:00:00,0,0.0,0,C/O from 1325215813079TUNE3 to 1325221715100SRAT0
2026-04-28,C,4513,1325221715100SRAT0,2026-04-28 05:00:00,2026-04-28 07:00:00,12,19.0,0,LP Scheduled
2026-04-28,A,4513,1325221715100SRAT0,2026-04-28 07:00:00,2026-04-28 15:00:00,50,19.0,0,LP Scheduled
2026-04-28,B,4513,1325221715100SRAT0,2026-04-28 15:00:00,2026-04-28 23:00:00,50,19.0,0,LP Scheduled
2026-04-28,C,4513,1325221715100SRAT0,2026-04-28 23:00:00,2026-04-29 07:00:00,50,19.0,0,LP Scheduled
2026-04-29,A,4513,1325221715100SRAT0,2026-04-29 07:00:00,2026-04-29 15:00:00,50,19.0,0,LP Scheduled
2026-04-29,B,4513,1325221715100SRAT0,2026-04-29 15:00:00,2026-04-29 17:44:00,20,19.0,0,LP Scheduled
2026-04-30,A,4514,CHANGEOVER,2026-04-30 10:31:00,2026-04-30 16:31:00,0,0.0,0,C/O from 1D25215013008SXC10 to 1325222318098HRHE0
2026-04-30,B,4514,1325222318098HRHE0,2026-04-30 16:31:00,2026-04-30 23:00:00,42,18.0,0,LP Scheduled
2026-04-30,C,4514,1325222318098HRHE0,2026-04-30 23:00:00,2026-05-01 07:00:00,52,18.0,0,LP Scheduled
2026-05-01,A,4514,1325222318098HRHE0,2026-05-01 07:00:00,2026-05-01 15:00:00,52,18.0,0,LP Scheduled
2026-05-01,B,4514,1325222318098HRHE0,2026-05-01 15:00:00,2026-05-01 23:00:00,52,18.0,0,LP Scheduled
2026-05-01,C,4514,1325222318098HRHE0,2026-05-01 23:00:00,2026-05-02 07:00:00,52,18.0,0,LP Scheduled
2026-05-02,A,4514,1325222318098HRHE0,2026-05-02 07:00:00,2026-05-02 15:00:00,52,18.0,0,LP Scheduled
2026-05-02,B,4514,1325222318098HRHE0,2026-05-02 15:00:00,2026-05-02 23:00:00,52,18.0,0,LP Scheduled
2026-05-02,C,4514,1325222318098HRHE0,2026-05-02 23:00:00,2026-05-03 07:00:00,52,18.0,0,LP Scheduled
2026-05-03,A,4514,1325222318098HRHE0,2026-05-03 07:00:00,2026-05-03 15:00:00,52,18.0,0,LP Scheduled
2026-05-03,B,4514,1325222318098HRHE0,2026-05-03 15:00:00,2026-05-03 23:00:00,52,18.0,0,LP Scheduled
2026-05-03,C,4514,1325222318098HRHE0,2026-05-03 23:00:00,2026-05-04 07:00:00,52,18.0,0,LP Scheduled
2026-05-04,A,4514,1325222318098HRHE0,2026-05-04 07:00:00,2026-05-04 15:00:00,52,18.0,0,LP Scheduled
2026-05-04,B,4514,1325222318098HRHE0,2026-05-04 15:00:00,2026-05-04 23:00:00,52,18.0,0,LP Scheduled
2026-05-04,C,4514,1325222318098HRHE0,2026-05-04 23:00:00,2026-05-05 07:00:00,52,18.0,0,LP Scheduled
2026-05-05,A,4514,1325222318098HRHE0,2026-05-05 07:00:00,2026-05-05 15:00:00,52,18.0,0,LP Scheduled
2026-05-05,B,4514,1325222318098HRHE0,2026-05-05 15:00:00,2026-05-05 23:00:00,52,18.0,0,LP Scheduled
2026-05-05,C,4514,1325222318098HRHE0,2026-05-05 23:00:00,2026-05-06 07:00:00,52,18.0,0,LP Scheduled
2026-05-06,A,4514,1325222318098HRHE0,2026-05-06 07:00:00,2026-05-06 15:00:00,52,18.0,0,LP Scheduled
2026-05-06,B,4514,1325222318098HRHE0,2026-05-06 15:00:00,2026-05-06 23:00:00,52,18.0,0,LP Scheduled
2026-05-06,C,4514,1325222318098HRHE0,2026-05-06 23:00:00,2026-05-07 07:00:00,52,18.0,0,LP Scheduled
2026-05-07,A,4514,1325222318098HRHE0,2026-05-07 07:00:00,2026-05-07 15:00:00,52,18.0,0,LP Scheduled
2026-05-07,B,4514,1325222318098HRHE0,2026-05-07 15:00:00,2026-05-07 23:00:00,52,18.0,0,LP Scheduled
2026-05-07,C,4514,1325222318098HRHE0,2026-05-07 23:00:00,2026-05-08 06:55:00,82,18.0,0,LP Scheduled
2026-04-27,B,4515,CHANGEOVER,2026-04-27 15:00:00,2026-04-27 21:00:00,0,0.0,0,C/O from 1325215813079TUNE3 to 1325222318098HRHE0
2026-04-27,B,4515,1325222318098HRHE0,2026-04-27 21:00:00,2026-04-27 23:00:00,12,18.0,0,LP Scheduled
2026-04-27,C,4515,1325222318098HRHE0,2026-04-27 23:00:00,2026-04-28 07:00:00,52,18.0,0,LP Scheduled
2026-04-28,A,4515,1325222318098HRHE0,2026-04-28 07:00:00,2026-04-28 15:00:00,52,18.0,0,LP Scheduled
2026-04-28,B,4515,1325222318098HRHE0,2026-04-28 15:00:00,2026-04-28 23:00:00,52,18.0,0,LP Scheduled
2026-04-28,C,4515,1325222318098HRHE0,2026-04-28 23:00:00,2026-04-29 07:00:00,52,18.0,0,LP Scheduled
2026-04-29,A,4515,1325222318098HRHE0,2026-04-29 07:00:00,2026-04-29 15:00:00,52,18.0,0,LP Scheduled
2026-04-29,B,4515,1325222318098HRHE0,2026-04-29 15:00:00,2026-04-29 23:00:00,52,18.0,0,LP Scheduled
2026-04-29,C,4515,1325222318098HRHE0,2026-04-29 23:00:00,2026-04-30 07:00:00,52,18.0,0,LP Scheduled
2026-04-30,A,4515,1325222318098HRHE0,2026-04-30 07:00:00,2026-04-30 11:06:00,38,18.0,0,LP Scheduled
2026-04-30,B,4515,CHANGEOVER,2026-04-30 15:00:00,2026-04-30 21:00:00,0,0.0,0,C/O from 1325222318098HRHE0 to 1325224716111SELS0
2026-04-30,B,4515,1325224716111SELS0,2026-04-30 21:00:00,2026-04-30 23:00:00,12,19.0,0,LP Scheduled
2026-04-30,C,4515,1325224716111SELS0,2026-04-30 23:00:00,2026-05-01 07:00:00,50,19.0,0,LP Scheduled
2026-05-01,A,4515,1325224716111SELS0,2026-05-01 07:00:00,2026-05-01 15:00:00,50,19.0,0,LP Scheduled
2026-05-01,B,4515,1325224716111SELS0,2026-05-01 15:00:00,2026-05-01 23:00:00,50,19.0,0,LP Scheduled
2026-05-01,C,4515,1325224716111SELS0,2026-05-01 23:00:00,2026-05-02 07:00:00,50,19.0,0,LP Scheduled
2026-05-02,A,4515,1325224716111SELS0,2026-05-02 07:00:00,2026-05-02 15:00:00,50,19.0,0,LP Scheduled
2026-05-02,B,4515,1325224716111SELS0,2026-05-02 15:00:00,2026-05-02 23:00:00,50,19.0,0,LP Scheduled
2026-05-02,C,4515,1325224716111SELS0,2026-05-02 23:00:00,2026-05-03 07:00:00,50,19.0,0,LP Scheduled
2026-05-03,A,4515,1325224716111SELS0,2026-05-03 07:00:00,2026-05-03 15:00:00,50,19.0,0,LP Scheduled
2026-05-03,B,4515,1325224716111SELS0,2026-05-03 15:00:00,2026-05-03 23:00:00,50,19.0,0,LP Scheduled
2026-05-03,C,4515,1325224716111SELS0,2026-05-03 23:00:00,2026-05-04 07:00:00,50,19.0,0,LP Scheduled
2026-05-04,A,4515,1325224716111SELS0,2026-05-04 07:00:00,2026-05-04 15:00:00,50,19.0,0,LP Scheduled
2026-05-04,B,4515,1325224716111SELS0,2026-05-04 15:00:00,2026-05-04 23:00:00,50,19.0,0,LP Scheduled
2026-05-04,C,4515,1325224716111SELS0,2026-05-04 23:00:00,2026-05-05 07:00:00,50,19.0,0,LP Scheduled
2026-05-05,A,4515,1325224716111SELS0,2026-05-05 07:00:00,2026-05-05 15:00:00,50,19.0,0,LP Scheduled
2026-05-05,B,4515,1325224716111SELS0,2026-05-05 15:00:00,2026-05-05 23:00:00,50,19.0,0,LP Scheduled
2026-05-05,C,4515,1325224716111SELS0,2026-05-05 23:00:00,2026-05-06 07:00:00,50,19.0,0,LP Scheduled
2026-05-06,A,4515,1325224716111SELS0,2026-05-06 07:00:00,2026-05-06 15:00:00,50,19.0,0,LP Scheduled
2026-05-06,B,4515,1325224716111SELS0,2026-05-06 15:00:00,2026-05-06 23:00:00,50,19.0,0,LP Scheduled
2026-05-06,C,4515,1325224716111SELS0,2026-05-06 23:00:00,2026-05-07 07:00:00,50,19.0,0,LP Scheduled
2026-05-07,A,4515,1325224716111SELS0,2026-05-07 07:00:00,2026-05-07 15:00:00,50,19.0,0,LP Scheduled
2026-05-07,B,4515,1325224716111SELS0,2026-05-07 15:00:00,2026-05-07 23:00:00,50,19.0,0,LP Scheduled
2026-05-07,C,4515,1325224716111SELS0,2026-05-07 23:00:00,2026-05-08 06:58:00,62,19.0,0,LP Scheduled
2026-04-10,C,4603,CHANGEOVER,2026-04-10 00:15:00,2026-04-10 06:15:00,0,0.0,0,C/O from 1325215514075TUNE0 to 1D25215013008SXC1T
2026-04-10,C,4603,1D25215013008SXC1T,2026-04-10 06:15:00,2026-04-10 07:00:00,4,20.0,0,LP Scheduled
2026-04-10,A,4603,1D25215013008SXC1T,2026-04-10 07:00:00,2026-04-10 15:00:00,48,20.0,0,LP Scheduled
2026-04-10,B,4603,1D25215013008SXC1T,2026-04-10 15:00:00,2026-04-10 23:00:00,48,20.0,0,LP Scheduled
2026-04-10,C,4603,1D25215013008SXC1T,2026-04-10 23:00:00,2026-04-11 07:00:00,48,20.0,0,LP Scheduled
2026-04-11,A,4603,1D25215013008SXC1T,2026-04-11 07:00:00,2026-04-11 15:00:00,48,20.0,0,LP Scheduled
2026-04-11,B,4603,1D25215013008SXC1T,2026-04-11 15:00:00,2026-04-11 23:00:00,48,20.0,0,LP Scheduled
2026-04-11,C,4603,1D25215013008SXC1T,2026-04-11 23:00:00,2026-04-12 01:15:00,14,20.0,0,LP Scheduled
2026-04-12,C,4603,CHANGEOVER,2026-04-12 01:15:00,2026-04-12 07:15:00,0,0.0,0,C/O from 1D25215013008SXC1T to 1325223616109SELZ0
2026-04-12,A,4603,1325223616109SELZ0,2026-04-12 07:15:00,2026-04-12 15:00:00,40,23.0,0,LP Scheduled
2026-04-12,B,4603,1325223616109SELZ0,2026-04-12 15:00:00,2026-04-12 19:08:00,22,23.0,0,LP Scheduled
2026-04-30,B,4604,CHANGEOVER,2026-04-30 18:30:00,2026-05-01 00:30:00,0,0.0,0,C/O from 1325214617107MSXT0 to 1D25215013008SXC1T
2026-05-01,C,4604,1D25215013008SXC1T,2026-05-01 00:30:00,2026-05-01 07:00:00,38,20.0,0,LP Scheduled
2026-05-01,A,4604,1D25215013008SXC1T,2026-05-01 07:00:00,2026-05-01 15:00:00,48,20.0,0,LP Scheduled
2026-05-01,B,4604,1D25215013008SXC1T,2026-05-01 15:00:00,2026-05-01 23:00:00,48,20.0,0,LP Scheduled
2026-05-01,C,4604,1D25215013008SXC1T,2026-05-01 23:00:00,2026-05-02 07:00:00,48,20.0,0,LP Scheduled
2026-05-02,A,4604,1D25215013008SXC1T,2026-05-02 07:00:00,2026-05-02 15:00:00,48,20.0,0,LP Scheduled
2026-05-02,B,4604,1D25215013008SXC1T,2026-05-02 15:00:00,2026-05-02 23:00:00,48,20.0,0,LP Scheduled
2026-05-02,C,4604,1D25215013008SXC1T,2026-05-02 23:00:00,2026-05-03 07:00:00,48,20.0,0,LP Scheduled
2026-05-03,A,4604,1D25215013008SXC1T,2026-05-03 07:00:00,2026-05-03 15:00:00,48,20.0,0,LP Scheduled
2026-05-03,B,4604,1D25215013008SXC1T,2026-05-03 15:00:00,2026-05-03 23:00:00,48,20.0,0,LP Scheduled
2026-05-03,C,4604,1D25215013008SXC1T,2026-05-03 23:00:00,2026-05-04 07:00:00,48,20.0,0,LP Scheduled
2026-05-04,A,4604,1D25215013008SXC1T,2026-05-04 07:00:00,2026-05-04 15:00:00,48,20.0,0,LP Scheduled
2026-05-04,B,4604,1D25215013008SXC1T,2026-05-04 15:00:00,2026-05-04 23:00:00,48,20.0,0,LP Scheduled
2026-05-04,C,4604,1D25215013008SXC1T,2026-05-04 23:00:00,2026-05-05 07:00:00,48,20.0,0,LP Scheduled
2026-05-05,A,4604,1D25215013008SXC1T,2026-05-05 07:00:00,2026-05-05 15:00:00,48,20.0,0,LP Scheduled
2026-05-05,B,4604,1D25215013008SXC1T,2026-05-05 15:00:00,2026-05-05 23:00:00,48,20.0,0,LP Scheduled
2026-05-05,C,4604,1D25215013008SXC1T,2026-05-05 23:00:00,2026-05-06 07:00:00,48,20.0,0,LP Scheduled
2026-05-06,A,4604,1D25215013008SXC1T,2026-05-06 07:00:00,2026-05-06 15:00:00,48,20.0,0,LP Scheduled
2026-05-06,B,4604,1D25215013008SXC1T,2026-05-06 15:00:00,2026-05-06 23:00:00,48,20.0,0,LP Scheduled
2026-05-06,C,4604,1D25215013008SXC1T,2026-05-06 23:00:00,2026-05-07 07:00:00,48,20.0,0,LP Scheduled
2026-05-07,A,4604,1D25215013008SXC1T,2026-05-07 07:00:00,2026-05-07 15:00:00,48,20.0,0,LP Scheduled
2026-05-07,B,4604,1D25215013008SXC1T,2026-05-07 15:00:00,2026-05-07 23:00:00,48,20.0,0,LP Scheduled
2026-05-07,C,4604,1D25215013008SXC1T,2026-05-07 23:00:00,2026-05-08 06:50:00,48,20.0,0,LP Scheduled
2026-04-19,B,4606,CHANGEOVER,2026-04-19 21:40:00,2026-04-20 03:40:00,0,0.0,0,C/O from 1D25214012008QXPCT to 1325225518111HRHB0
2026-04-20,C,4606,1325225518111HRHB0,2026-04-20 03:40:00,2026-04-20 07:00:00,22,18.0,0,LP Scheduled
2026-04-20,A,4606,1325225518111HRHB0,2026-04-20 07:00:00,2026-04-20 15:00:00,52,18.0,0,LP Scheduled
2026-04-20,B,4606,1325225518111HRHB0,2026-04-20 15:00:00,2026-04-20 23:00:00,52,18.0,0,LP Scheduled
2026-04-20,C,4606,1325225518111HRHB0,2026-04-20 23:00:00,2026-04-21 07:00:00,52,18.0,0,LP Scheduled
2026-04-21,A,4606,1325225518111HRHB0,2026-04-21 07:00:00,2026-04-21 15:00:00,52,18.0,0,LP Scheduled
2026-04-21,B,4606,1325225518111HRHB0,2026-04-21 15:00:00,2026-04-21 23:00:00,52,18.0,0,LP Scheduled
2026-04-21,C,4606,1325225518111HRHB0,2026-04-21 23:00:00,2026-04-22 07:00:00,52,18.0,0,LP Scheduled
2026-04-22,A,4606,1325225518111HRHB0,2026-04-22 07:00:00,2026-04-22 15:00:00,52,18.0,0,LP Scheduled
2026-04-22,B,4606,1325225518111HRHB0,2026-04-22 15:00:00,2026-04-22 23:00:00,52,18.0,0,LP Scheduled
2026-04-22,C,4606,1325225518111HRHB0,2026-04-22 23:00:00,2026-04-23 07:00:00,52,18.0,0,LP Scheduled
2026-04-23,A,4606,1325225518111HRHB0,2026-04-23 07:00:00,2026-04-23 15:00:00,52,18.0,0,LP Scheduled
2026-04-23,B,4606,1325225518111HRHB0,2026-04-23 15:00:00,2026-04-23 23:00:00,52,18.0,0,LP Scheduled
2026-04-23,C,4606,1325225518111HRHB0,2026-04-23 23:00:00,2026-04-24 07:00:00,52,18.0,0,LP Scheduled
2026-04-24,A,4606,1325225518111HRHB0,2026-04-24 07:00:00,2026-04-24 15:00:00,52,18.0,0,LP Scheduled
2026-04-24,B,4606,1325225518111HRHB0,2026-04-24 15:00:00,2026-04-24 23:00:00,52,18.0,0,LP Scheduled
2026-04-24,C,4606,1325225518111HRHB0,2026-04-24 23:00:00,2026-04-25 07:00:00,52,18.0,0,LP Scheduled
2026-04-25,A,4606,1325225518111HRHB0,2026-04-25 07:00:00,2026-04-25 15:00:00,52,18.0,0,LP Scheduled
2026-04-25,B,4606,1325225518111HRHB0,2026-04-25 15:00:00,2026-04-25 23:00:00,52,18.0,0,LP Scheduled
2026-04-25,C,4606,1325225518111HRHB0,2026-04-25 23:00:00,2026-04-26 07:00:00,52,18.0,0,LP Scheduled
2026-04-26,A,4606,1325225518111HRHB0,2026-04-26 07:00:00,2026-04-26 15:00:00,52,18.0,0,LP Scheduled
2026-04-26,B,4606,1325225518111HRHB0,2026-04-26 15:00:00,2026-04-26 23:00:00,52,18.0,0,LP Scheduled
2026-04-26,C,4606,1325225518111HRHB0,2026-04-26 23:00:00,2026-04-27 07:00:00,52,18.0,0,LP Scheduled
2026-04-27,A,4606,1325225518111HRHB0,2026-04-27 07:00:00,2026-04-27 15:00:00,52,18.0,0,LP Scheduled
2026-04-27,B,4606,1325225518111HRHB0,2026-04-27 15:00:00,2026-04-27 23:00:00,52,18.0,0,LP Scheduled
2026-04-27,C,4606,1325225518111HRHB0,2026-04-27 23:00:00,2026-04-28 07:00:00,52,18.0,0,LP Scheduled
2026-04-28,A,4606,1325225518111HRHB0,2026-04-28 07:00:00,2026-04-28 15:00:00,52,18.0,0,LP Scheduled
2026-04-28,B,4606,1325225518111HRHB0,2026-04-28 15:00:00,2026-04-28 23:00:00,52,18.0,0,LP Scheduled
2026-04-28,C,4606,1325225518111HRHB0,2026-04-28 23:00:00,2026-04-29 07:00:00,52,18.0,0,LP Scheduled
2026-04-29,A,4606,1325225518111HRHB0,2026-04-29 07:00:00,2026-04-29 15:00:00,52,18.0,0,LP Scheduled
2026-04-29,B,4606,1325225518111HRHB0,2026-04-29 15:00:00,2026-04-29 23:00:00,52,18.0,0,LP Scheduled
2026-04-29,C,4606,1325225518111HRHB0,2026-04-29 23:00:00,2026-04-30 07:00:00,52,18.0,0,LP Scheduled
2026-04-30,A,4606,1325225518111HRHB0,2026-04-30 07:00:00,2026-04-30 15:00:00,52,18.0,0,LP Scheduled
2026-04-30,B,4606,1325225518111HRHB0,2026-04-30 15:00:00,2026-04-30 23:00:00,52,18.0,0,LP Scheduled
2026-04-30,C,4606,1325225518111HRHB0,2026-04-30 23:00:00,2026-05-01 07:00:00,52,18.0,0,LP Scheduled
2026-05-01,A,4606,1325225518111HRHB0,2026-05-01 07:00:00,2026-05-01 15:00:00,52,18.0,0,LP Scheduled
2026-05-01,B,4606,1325225518111HRHB0,2026-05-01 15:00:00,2026-05-01 23:00:00,52,18.0,0,LP Scheduled
2026-05-01,C,4606,1325225518111HRHB0,2026-05-01 23:00:00,2026-05-02 07:00:00,52,18.0,0,LP Scheduled
2026-05-02,A,4606,1325225518111HRHB0,2026-05-02 07:00:00,2026-05-02 15:00:00,52,18.0,0,LP Scheduled
2026-05-02,B,4606,1325225518111HRHB0,2026-05-02 15:00:00,2026-05-02 23:00:00,52,18.0,0,LP Scheduled
2026-05-02,C,4606,1325225518111HRHB0,2026-05-02 23:00:00,2026-05-03 07:00:00,52,18.0,0,LP Scheduled
2026-05-03,A,4606,1325225518111HRHB0,2026-05-03 07:00:00,2026-05-03 15:00:00,52,18.0,0,LP Scheduled
2026-05-03,B,4606,1325225518111HRHB0,2026-05-03 15:00:00,2026-05-03 20:10:00,88,18.0,0,LP Scheduled
2026-04-19,C,4609,CHANGEOVER,2026-04-19 23:00:00,2026-04-20 05:00:00,0,0.0,0,C/O from 1D25214012008QXPCT to 1D25215013008SXC1T
2026-04-20,C,4609,1D25215013008SXC1T,2026-04-20 05:00:00,2026-04-20 07:00:00,12,20.0,0,LP Scheduled
2026-04-20,A,4609,1D25215013008SXC1T,2026-04-20 07:00:00,2026-04-20 15:00:00,48,20.0,0,LP Scheduled
2026-04-20,B,4609,1D25215013008SXC1T,2026-04-20 15:00:00,2026-04-20 23:00:00,48,20.0,0,LP Scheduled
2026-04-20,C,4609,1D25215013008SXC1T,2026-04-20 23:00:00,2026-04-21 07:00:00,48,20.0,0,LP Scheduled
2026-04-21,A,4609,1D25215013008SXC1T,2026-04-21 07:00:00,2026-04-21 15:00:00,48,20.0,0,LP Scheduled
2026-04-21,B,4609,1D25215013008SXC1T,2026-04-21 15:00:00,2026-04-21 23:00:00,48,20.0,0,LP Scheduled
2026-04-21,C,4609,1D25215013008SXC1T,2026-04-21 23:00:00,2026-04-22 07:00:00,48,20.0,0,LP Scheduled
2026-04-22,A,4609,1D25215013008SXC1T,2026-04-22 07:00:00,2026-04-22 15:00:00,48,20.0,0,LP Scheduled
2026-04-22,B,4609,1D25215013008SXC1T,2026-04-22 15:00:00,2026-04-22 23:00:00,48,20.0,0,LP Scheduled
2026-04-22,C,4609,1D25215013008SXC1T,2026-04-22 23:00:00,2026-04-23 07:00:00,48,20.0,0,LP Scheduled
2026-04-23,A,4609,1D25215013008SXC1T,2026-04-23 07:00:00,2026-04-23 15:00:00,48,20.0,0,LP Scheduled
2026-04-23,B,4609,1D25215013008SXC1T,2026-04-23 15:00:00,2026-04-23 23:00:00,48,20.0,0,LP Scheduled
2026-04-23,C,4609,1D25215013008SXC1T,2026-04-23 23:00:00,2026-04-24 07:00:00,48,20.0,0,LP Scheduled
2026-04-24,A,4609,1D25215013008SXC1T,2026-04-24 07:00:00,2026-04-24 15:00:00,48,20.0,0,LP Scheduled
2026-04-24,B,4609,1D25215013008SXC1T,2026-04-24 15:00:00,2026-04-24 23:00:00,48,20.0,0,LP Scheduled
2026-04-24,C,4609,1D25215013008SXC1T,2026-04-24 23:00:00,2026-04-25 07:00:00,48,20.0,0,LP Scheduled
2026-04-25,A,4609,1D25215013008SXC1T,2026-04-25 07:00:00,2026-04-25 15:00:00,48,20.0,0,LP Scheduled
2026-04-25,B,4609,1D25215013008SXC1T,2026-04-25 15:00:00,2026-04-25 23:00:00,48,20.0,0,LP Scheduled
2026-04-25,C,4609,1D25215013008SXC1T,2026-04-25 23:00:00,2026-04-26 07:00:00,48,20.0,0,LP Scheduled
2026-04-26,A,4609,1D25215013008SXC1T,2026-04-26 07:00:00,2026-04-26 15:00:00,48,20.0,0,LP Scheduled
2026-04-26,B,4609,1D25215013008SXC1T,2026-04-26 15:00:00,2026-04-26 23:00:00,48,20.0,0,LP Scheduled
2026-04-26,C,4609,1D25215013008SXC1T,2026-04-26 23:00:00,2026-04-27 07:00:00,48,20.0,0,LP Scheduled
2026-04-27,A,4609,1D25215013008SXC1T,2026-04-27 07:00:00,2026-04-27 15:00:00,48,20.0,0,LP Scheduled
2026-04-27,B,4609,1D25215013008SXC1T,2026-04-27 15:00:00,2026-04-27 23:00:00,48,20.0,0,LP Scheduled
2026-04-27,C,4609,1D25215013008SXC1T,2026-04-27 23:00:00,2026-04-28 07:00:00,48,20.0,0,LP Scheduled
2026-04-28,A,4609,1D25215013008SXC1T,2026-04-28 07:00:00,2026-04-28 15:00:00,48,20.0,0,LP Scheduled
2026-04-28,B,4609,1D25215013008SXC1T,2026-04-28 15:00:00,2026-04-28 23:00:00,48,20.0,0,LP Scheduled
2026-04-28,C,4609,1D25215013008SXC1T,2026-04-28 23:00:00,2026-04-29 07:00:00,48,20.0,0,LP Scheduled
2026-04-29,A,4609,1D25215013008SXC1T,2026-04-29 07:00:00,2026-04-29 15:00:00,48,20.0,0,LP Scheduled
2026-04-29,B,4609,1D25215013008SXC1T,2026-04-29 15:00:00,2026-04-29 23:00:00,48,20.0,0,LP Scheduled
2026-04-29,C,4609,1D25215013008SXC1T,2026-04-29 23:00:00,2026-04-30 07:00:00,48,20.0,0,LP Scheduled
2026-04-30,A,4609,1D25215013008SXC1T,2026-04-30 07:00:00,2026-04-30 15:00:00,48,20.0,0,LP Scheduled
2026-04-30,B,4609,1D25215013008SXC1T,2026-04-30 15:00:00,2026-04-30 23:00:00,48,20.0,0,LP Scheduled
2026-04-30,C,4609,1D25215013008SXC1T,2026-04-30 23:00:00,2026-05-01 07:00:00,48,20.0,0,LP Scheduled
2026-05-01,A,4609,1D25215013008SXC1T,2026-05-01 07:00:00,2026-05-01 15:00:00,48,20.0,0,LP Scheduled
2026-05-01,B,4609,1D25215013008SXC1T,2026-05-01 15:00:00,2026-05-01 23:00:00,48,20.0,0,LP Scheduled
2026-05-01,C,4609,1D25215013008SXC1T,2026-05-01 23:00:00,2026-05-02 07:00:00,48,20.0,0,LP Scheduled
2026-05-02,A,4609,1D25215013008SXC1T,2026-05-02 07:00:00,2026-05-02 15:00:00,48,20.0,0,LP Scheduled
2026-05-02,B,4609,1D25215013008SXC1T,2026-05-02 15:00:00,2026-05-02 23:00:00,48,20.0,0,LP Scheduled
2026-05-02,C,4609,1D25215013008SXC1T,2026-05-02 23:00:00,2026-05-03 07:00:00,48,20.0,0,LP Scheduled
2026-05-03,A,4609,1D25215013008SXC1T,2026-05-03 07:00:00,2026-05-03 15:00:00,48,20.0,0,LP Scheduled
2026-05-03,B,4609,1D25215013008SXC1T,2026-05-03 15:00:00,2026-05-03 23:00:00,48,20.0,0,LP Scheduled
2026-05-03,C,4609,1D25215013008SXC1T,2026-05-03 23:00:00,2026-05-04 07:00:00,48,20.0,0,LP Scheduled
2026-05-04,A,4609,1D25215013008SXC1T,2026-05-04 07:00:00,2026-05-04 15:00:00,48,20.0,0,LP Scheduled
2026-05-04,B,4609,1D25215013008SXC1T,2026-05-04 15:00:00,2026-05-04 23:00:00,48,20.0,0,LP Scheduled
2026-05-04,C,4609,1D25215013008SXC1T,2026-05-04 23:00:00,2026-05-05 07:00:00,48,20.0,0,LP Scheduled
2026-05-05,A,4609,1D25215013008SXC1T,2026-05-05 07:00:00,2026-05-05 15:00:00,48,20.0,0,LP Scheduled
2026-05-05,B,4609,1D25215013008SXC1T,2026-05-05 15:00:00,2026-05-05 23:00:00,48,20.0,0,LP Scheduled
2026-05-05,C,4609,1D25215013008SXC1T,2026-05-05 23:00:00,2026-05-06 07:00:00,48,20.0,0,LP Scheduled
2026-05-06,A,4609,1D25215013008SXC1T,2026-05-06 07:00:00,2026-05-06 15:00:00,48,20.0,0,LP Scheduled
2026-05-06,B,4609,1D25215013008SXC1T,2026-05-06 15:00:00,2026-05-06 23:00:00,48,20.0,0,LP Scheduled
2026-05-06,C,4609,1D25215013008SXC1T,2026-05-06 23:00:00,2026-05-07 07:00:00,48,20.0,0,LP Scheduled
2026-05-07,A,4609,1D25215013008SXC1T,2026-05-07 07:00:00,2026-05-07 15:00:00,48,20.0,0,LP Scheduled
2026-05-07,B,4609,1D25215013008SXC1T,2026-05-07 15:00:00,2026-05-07 23:00:00,48,20.0,0,LP Scheduled
2026-05-07,C,4609,1D25215013008SXC1T,2026-05-07 23:00:00,2026-05-08 07:00:00,48,20.0,0,LP Scheduled
2026-04-10,B,4610,CHANGEOVER,2026-04-10 19:00:00,2026-04-11 01:00:00,0,0.0,0,C/O from 1325218316083HURL0 to 1325222318098HRHE0
2026-04-11,C,4610,1325222318098HRHE0,2026-04-11 01:00:00,2026-04-11 07:00:00,40,18.0,0,LP Scheduled
2026-04-11,A,4610,1325222318098HRHE0,2026-04-11 07:00:00,2026-04-11 15:00:00,52,18.0,0,LP Scheduled
2026-04-11,B,4610,1325222318098HRHE0,2026-04-11 15:00:00,2026-04-11 19:36:00,32,18.0,0,LP Scheduled
2026-04-11,B,4610,CHANGEOVER,2026-04-11 19:36:00,2026-04-12 01:36:00,0,0.0,0,C/O from 1325222318098HRHE0 to 1325225518111HRAT1
2026-04-12,C,4610,1325225518111HRAT1,2026-04-12 01:36:00,2026-04-12 01:55:00,2,19.0,0,LP Scheduled
2026-04-12,C,4610,CHANGEOVER,2026-04-12 01:55:00,2026-04-12 07:55:00,0,0.0,0,C/O from 1325225518111HRAT1 to 1325224716111SELS0
2026-04-12,A,4610,1325224716111SELS0,2026-04-12 07:55:00,2026-04-12 15:00:00,44,19.0,0,LP Scheduled
2026-04-12,B,4610,1325224716111SELS0,2026-04-12 15:00:00,2026-04-12 23:00:00,50,19.0,0,LP Scheduled
2026-04-12,C,4610,1325224716111SELS0,2026-04-12 23:00:00,2026-04-13 07:00:00,50,19.0,0,LP Scheduled
2026-04-13,A,4610,1325224716111SELS0,2026-04-13 07:00:00,2026-04-13 14:00:00,46,19.0,0,LP Scheduled
2026-04-23,A,4801,CHANGEOVER,2026-04-23 08:48:00,2026-04-23 14:48:00,0,0.0,0,C/O from 1225219Z15008SXC11 to 1325222318098HRHE0
2026-04-23,A,4801,1325222318098HRHE0,2026-04-23 14:48:00,2026-04-23 15:00:00,0,18.0,0,LP Scheduled
2026-04-23,B,4801,1325222318098HRHE0,2026-04-23 15:00:00,2026-04-23 23:00:00,52,18.0,0,LP Scheduled
2026-04-23,C,4801,1325222318098HRHE0,2026-04-23 23:00:00,2026-04-24 07:00:00,52,18.0,0,LP Scheduled
2026-04-24,A,4801,1325222318098HRHE0,2026-04-24 07:00:00,2026-04-24 15:00:00,52,18.0,0,LP Scheduled
2026-04-24,B,4801,1325222318098HRHE0,2026-04-24 15:00:00,2026-04-24 23:00:00,52,18.0,0,LP Scheduled
2026-04-24,C,4801,1325222318098HRHE0,2026-04-24 23:00:00,2026-04-25 07:00:00,52,18.0,0,LP Scheduled
2026-04-25,A,4801,1325222318098HRHE0,2026-04-25 07:00:00,2026-04-25 15:00:00,52,18.0,0,LP Scheduled
2026-04-25,B,4801,1325222318098HRHE0,2026-04-25 15:00:00,2026-04-25 23:00:00,52,18.0,0,LP Scheduled
2026-04-25,C,4801,1325222318098HRHE0,2026-04-25 23:00:00,2026-04-26 07:00:00,52,18.0,0,LP Scheduled
2026-04-26,A,4801,1325222318098HRHE0,2026-04-26 07:00:00,2026-04-26 15:00:00,52,18.0,0,LP Scheduled
2026-04-26,B,4801,1325222318098HRHE0,2026-04-26 15:00:00,2026-04-26 23:00:00,52,18.0,0,LP Scheduled
2026-04-26,C,4801,1325222318098HRHE0,2026-04-26 23:00:00,2026-04-27 07:00:00,52,18.0,0,LP Scheduled
2026-04-27,A,4801,1325222318098HRHE0,2026-04-27 07:00:00,2026-04-27 15:00:00,52,18.0,0,LP Scheduled
2026-04-27,B,4801,1325222318098HRHE0,2026-04-27 15:00:00,2026-04-27 23:00:00,52,18.0,0,LP Scheduled
2026-04-27,C,4801,1325222318098HRHE0,2026-04-27 23:00:00,2026-04-28 07:00:00,52,18.0,0,LP Scheduled
2026-04-28,A,4801,1325222318098HRHE0,2026-04-28 07:00:00,2026-04-28 15:00:00,52,18.0,0,LP Scheduled
2026-04-28,B,4801,1325222318098HRHE0,2026-04-28 15:00:00,2026-04-28 23:00:00,52,18.0,0,LP Scheduled
2026-04-28,C,4801,1325222318098HRHE0,2026-04-28 23:00:00,2026-04-29 07:00:00,52,18.0,0,LP Scheduled
2026-04-29,A,4801,1325222318098HRHE0,2026-04-29 07:00:00,2026-04-29 15:00:00,52,18.0,0,LP Scheduled
2026-04-29,B,4801,1325222318098HRHE0,2026-04-29 15:00:00,2026-04-29 23:00:00,52,18.0,0,LP Scheduled
2026-04-29,C,4801,1325222318098HRHE0,2026-04-29 23:00:00,2026-04-30 07:00:00,52,18.0,0,LP Scheduled
2026-04-30,A,4801,1325222318098HRHE0,2026-04-30 07:00:00,2026-04-30 15:00:00,52,18.0,0,LP Scheduled
2026-04-30,B,4801,1325222318098HRHE0,2026-04-30 15:00:00,2026-04-30 23:00:00,52,18.0,0,LP Scheduled
2026-04-30,C,4801,1325222318098HRHE0,2026-04-30 23:00:00,2026-05-01 07:00:00,52,18.0,0,LP Scheduled
2026-05-01,A,4801,1325222318098HRHE0,2026-05-01 07:00:00,2026-05-01 15:00:00,52,18.0,0,LP Scheduled
2026-05-01,B,4801,1325222318098HRHE0,2026-05-01 15:00:00,2026-05-01 23:00:00,52,18.0,0,LP Scheduled
2026-05-01,C,4801,1325222318098HRHE0,2026-05-01 23:00:00,2026-05-02 07:00:00,52,18.0,0,LP Scheduled
2026-05-02,A,4801,1325222318098HRHE0,2026-05-02 07:00:00,2026-05-02 15:00:00,52,18.0,0,LP Scheduled
2026-05-02,B,4801,1325222318098HRHE0,2026-05-02 15:00:00,2026-05-02 23:00:00,52,18.0,0,LP Scheduled
2026-05-02,C,4801,1325222318098HRHE0,2026-05-02 23:00:00,2026-05-03 07:00:00,52,18.0,0,LP Scheduled
2026-05-03,A,4801,1325222318098HRHE0,2026-05-03 07:00:00,2026-05-03 15:00:00,52,18.0,0,LP Scheduled
2026-05-03,B,4801,1325222318098HRHE0,2026-05-03 15:00:00,2026-05-03 23:00:00,52,18.0,0,LP Scheduled
2026-05-03,C,4801,1325222318098HRHE0,2026-05-03 23:00:00,2026-05-04 07:00:00,52,18.0,0,LP Scheduled
2026-05-04,A,4801,1325222318098HRHE0,2026-05-04 07:00:00,2026-05-04 15:00:00,52,18.0,0,LP Scheduled
2026-05-04,B,4801,1325222318098HRHE0,2026-05-04 15:00:00,2026-05-04 23:00:00,52,18.0,0,LP Scheduled
2026-05-04,C,4801,1325222318098HRHE0,2026-05-04 23:00:00,2026-05-05 07:00:00,52,18.0,0,LP Scheduled
2026-05-05,A,4801,1325222318098HRHE0,2026-05-05 07:00:00,2026-05-05 15:00:00,52,18.0,0,LP Scheduled
2026-05-05,B,4801,1325222318098HRHE0,2026-05-05 15:00:00,2026-05-05 23:00:00,52,18.0,0,LP Scheduled
2026-05-05,C,4801,1325222318098HRHE0,2026-05-05 23:00:00,2026-05-06 07:00:00,52,18.0,0,LP Scheduled
2026-05-06,A,4801,1325222318098HRHE0,2026-05-06 07:00:00,2026-05-06 15:00:00,52,18.0,0,LP Scheduled
2026-05-06,B,4801,1325222318098HRHE0,2026-05-06 15:00:00,2026-05-06 23:00:00,52,18.0,0,LP Scheduled
2026-05-06,C,4801,1325222318098HRHE0,2026-05-06 23:00:00,2026-05-07 07:00:00,52,18.0,0,LP Scheduled
2026-05-07,A,4801,1325222318098HRHE0,2026-05-07 07:00:00,2026-05-07 15:00:00,52,18.0,0,LP Scheduled
2026-05-07,B,4801,1325222318098HRHE0,2026-05-07 15:00:00,2026-05-07 23:00:00,52,18.0,0,LP Scheduled
2026-05-07,C,4801,1325222318098HRHE0,2026-05-07 23:00:00,2026-05-08 07:00:00,112,18.0,0,LP Scheduled
2026-05-04,A,4802,CHANGEOVER,2026-05-04 07:00:00,2026-05-04 13:00:00,0,0.0,0,C/O from 1D25216814008QXPC0 to 1325223517104TRXT0
2026-05-04,A,4802,1325223517104TRXT0,2026-05-04 13:00:00,2026-05-04 15:00:00,12,20.0,0,LP Scheduled
2026-05-04,B,4802,1325223517104TRXT0,2026-05-04 15:00:00,2026-05-04 23:00:00,48,20.0,0,LP Scheduled
2026-05-04,C,4802,1325223517104TRXT0,2026-05-04 23:00:00,2026-05-05 07:00:00,48,20.0,0,LP Scheduled
2026-05-05,A,4802,1325223517104TRXT0,2026-05-05 07:00:00,2026-05-05 15:00:00,48,20.0,0,LP Scheduled
2026-05-05,B,4802,1325223517104TRXT0,2026-05-05 15:00:00,2026-05-05 23:00:00,48,20.0,0,LP Scheduled
2026-05-05,C,4802,1325223517104TRXT0,2026-05-05 23:00:00,2026-05-06 07:00:00,48,20.0,0,LP Scheduled
2026-05-06,A,4802,1325223517104TRXT0,2026-05-06 07:00:00,2026-05-06 15:00:00,48,20.0,0,LP Scheduled
2026-05-06,B,4802,1325223517104TRXT0,2026-05-06 15:00:00,2026-05-06 23:00:00,48,20.0,0,LP Scheduled
2026-05-06,C,4802,1325223517104TRXT0,2026-05-06 23:00:00,2026-05-07 07:00:00,48,20.0,0,LP Scheduled
2026-05-07,A,4802,1325223517104TRXT0,2026-05-07 07:00:00,2026-05-07 15:00:00,48,20.0,0,LP Scheduled
2026-05-07,B,4802,1325223517104TRXT0,2026-05-07 15:00:00,2026-05-07 23:00:00,48,20.0,0,LP Scheduled
2026-05-07,C,4802,1325223517104TRXT0,2026-05-07 23:00:00,2026-05-08 07:00:00,48,20.0,0,LP Scheduled
2026-04-23,A,4803,CHANGEOVER,2026-04-23 08:48:00,2026-04-23 14:48:00,0,0.0,0,C/O from 1225219Z15008SXC11 to 1325221516098HRHT0
2026-04-23,A,4803,1325221516098HRHT0,2026-04-23 14:48:00,2026-04-23 15:00:00,0,16.0,0,LP Scheduled
2026-04-23,B,4803,1325221516098HRHT0,2026-04-23 15:00:00,2026-04-23 23:00:00,60,16.0,0,LP Scheduled
2026-04-23,C,4803,1325221516098HRHT0,2026-04-23 23:00:00,2026-04-24 07:00:00,60,16.0,0,LP Scheduled
2026-04-24,A,4803,1325221516098HRHT0,2026-04-24 07:00:00,2026-04-24 15:00:00,60,16.0,0,LP Scheduled
2026-04-24,B,4803,1325221516098HRHT0,2026-04-24 15:00:00,2026-04-24 23:00:00,60,16.0,0,LP Scheduled
2026-04-24,C,4803,1325221516098HRHT0,2026-04-24 23:00:00,2026-04-25 07:00:00,60,16.0,0,LP Scheduled
2026-04-25,A,4803,1325221516098HRHT0,2026-04-25 07:00:00,2026-04-25 15:00:00,60,16.0,0,LP Scheduled
2026-04-25,B,4803,1325221516098HRHT0,2026-04-25 15:00:00,2026-04-25 23:00:00,60,16.0,0,LP Scheduled
2026-04-25,C,4803,1325221516098HRHT0,2026-04-25 23:00:00,2026-04-26 07:00:00,60,16.0,0,LP Scheduled
2026-04-26,A,4803,1325221516098HRHT0,2026-04-26 07:00:00,2026-04-26 15:00:00,60,16.0,0,LP Scheduled
2026-04-26,B,4803,1325221516098HRHT0,2026-04-26 15:00:00,2026-04-26 23:00:00,60,16.0,0,LP Scheduled
2026-04-26,C,4803,1325221516098HRHT0,2026-04-26 23:00:00,2026-04-27 07:00:00,60,16.0,0,LP Scheduled
2026-04-27,A,4803,1325221516098HRHT0,2026-04-27 07:00:00,2026-04-27 15:00:00,60,16.0,0,LP Scheduled
2026-04-27,B,4803,1325221516098HRHT0,2026-04-27 15:00:00,2026-04-27 23:00:00,60,16.0,0,LP Scheduled
2026-04-27,C,4803,1325221516098HRHT0,2026-04-27 23:00:00,2026-04-28 07:00:00,60,16.0,0,LP Scheduled
2026-04-28,A,4803,1325221516098HRHT0,2026-04-28 07:00:00,2026-04-28 15:00:00,60,16.0,0,LP Scheduled
2026-04-28,B,4803,1325221516098HRHT0,2026-04-28 15:00:00,2026-04-28 23:00:00,60,16.0,0,LP Scheduled
2026-04-28,C,4803,1325221516098HRHT0,2026-04-28 23:00:00,2026-04-29 04:08:00,40,16.0,0,LP Scheduled
2026-04-29,C,4803,CHANGEOVER,2026-04-29 04:08:00,2026-04-29 10:08:00,0,0.0,0,C/O from 1325221516098HRHT0 to 1325223616109SELZ0
2026-04-29,A,4803,1325223616109SELZ0,2026-04-29 10:08:00,2026-04-29 15:00:00,24,23.0,0,LP Scheduled
2026-04-29,B,4803,1325223616109SELZ0,2026-04-29 15:00:00,2026-04-29 23:00:00,40,23.0,0,LP Scheduled
2026-04-29,C,4803,1325223616109SELZ0,2026-04-29 23:00:00,2026-04-30 07:00:00,40,23.0,0,LP Scheduled
2026-04-30,A,4803,1325223616109SELZ0,2026-04-30 07:00:00,2026-04-30 15:00:00,40,23.0,0,LP Scheduled
2026-04-30,B,4803,1325223616109SELZ0,2026-04-30 15:00:00,2026-04-30 23:00:00,40,23.0,0,LP Scheduled
2026-04-30,C,4803,1325223616109SELZ0,2026-04-30 23:00:00,2026-05-01 07:00:00,40,23.0,0,LP Scheduled
2026-05-01,A,4803,1325223616109SELZ0,2026-05-01 07:00:00,2026-05-01 15:00:00,40,23.0,0,LP Scheduled
2026-05-01,B,4803,1325223616109SELZ0,2026-05-01 15:00:00,2026-05-01 23:00:00,40,23.0,0,LP Scheduled
2026-05-01,C,4803,1325223616109SELZ0,2026-05-01 23:00:00,2026-05-02 07:00:00,40,23.0,0,LP Scheduled
2026-05-02,A,4803,1325223616109SELZ0,2026-05-02 07:00:00,2026-05-02 15:00:00,40,23.0,0,LP Scheduled
2026-05-02,B,4803,1325223616109SELZ0,2026-05-02 15:00:00,2026-05-02 23:00:00,40,23.0,0,LP Scheduled
2026-05-02,C,4803,1325223616109SELZ0,2026-05-02 23:00:00,2026-05-03 07:00:00,40,23.0,0,LP Scheduled
2026-05-03,A,4803,1325223616109SELZ0,2026-05-03 07:00:00,2026-05-03 15:00:00,40,23.0,0,LP Scheduled
2026-05-03,B,4803,1325223616109SELZ0,2026-05-03 15:00:00,2026-05-03 23:00:00,40,23.0,0,LP Scheduled
2026-05-03,C,4803,1325223616109SELZ0,2026-05-03 23:00:00,2026-05-04 07:00:00,40,23.0,0,LP Scheduled
2026-05-04,A,4803,1325223616109SELZ0,2026-05-04 07:00:00,2026-05-04 15:00:00,40,23.0,0,LP Scheduled
2026-05-04,B,4803,1325223616109SELZ0,2026-05-04 15:00:00,2026-05-04 23:00:00,40,23.0,0,LP Scheduled
2026-05-04,C,4803,1325223616109SELZ0,2026-05-04 23:00:00,2026-05-05 07:00:00,40,23.0,0,LP Scheduled
2026-05-05,A,4803,1325223616109SELZ0,2026-05-05 07:00:00,2026-05-05 15:00:00,40,23.0,0,LP Scheduled
2026-05-05,B,4803,1325223616109SELZ0,2026-05-05 15:00:00,2026-05-05 23:00:00,40,23.0,0,LP Scheduled
2026-05-05,C,4803,1325223616109SELZ0,2026-05-05 23:00:00,2026-05-06 07:00:00,40,23.0,0,LP Scheduled
2026-05-06,A,4803,1325223616109SELZ0,2026-05-06 07:00:00,2026-05-06 15:00:00,40,23.0,0,LP Scheduled
2026-05-06,B,4803,1325223616109SELZ0,2026-05-06 15:00:00,2026-05-06 23:00:00,40,23.0,0,LP Scheduled
2026-05-06,C,4803,1325223616109SELZ0,2026-05-06 23:00:00,2026-05-07 07:00:00,40,23.0,0,LP Scheduled
2026-05-07,A,4803,1325223616109SELZ0,2026-05-07 07:00:00,2026-05-07 15:00:00,40,23.0,0,LP Scheduled
2026-05-07,B,4803,1325223616109SELZ0,2026-05-07 15:00:00,2026-05-07 23:00:00,40,23.0,0,LP Scheduled
2026-05-07,C,4803,1325223616109SELZ0,2026-05-07 23:00:00,2026-05-08 06:53:00,86,23.0,0,LP Scheduled
2026-04-23,A,4804,CHANGEOVER,2026-04-23 08:48:00,2026-04-23 14:48:00,0,0.0,0,C/O from 1225219Z15008SXC11 to 1325224716111SELS0
2026-04-23,A,4804,1325224716111SELS0,2026-04-23 14:48:00,2026-04-23 15:00:00,0,19.0,0,LP Scheduled
2026-04-23,B,4804,1325224716111SELS0,2026-04-23 15:00:00,2026-04-23 23:00:00,50,19.0,0,LP Scheduled
2026-04-23,C,4804,1325224716111SELS0,2026-04-23 23:00:00,2026-04-24 07:00:00,50,19.0,0,LP Scheduled
2026-04-24,A,4804,1325224716111SELS0,2026-04-24 07:00:00,2026-04-24 15:00:00,50,19.0,0,LP Scheduled
2026-04-24,B,4804,1325224716111SELS0,2026-04-24 15:00:00,2026-04-24 23:00:00,50,19.0,0,LP Scheduled
2026-04-24,C,4804,1325224716111SELS0,2026-04-24 23:00:00,2026-04-25 07:00:00,50,19.0,0,LP Scheduled
2026-04-25,A,4804,1325224716111SELS0,2026-04-25 07:00:00,2026-04-25 15:00:00,50,19.0,0,LP Scheduled
2026-04-25,B,4804,1325224716111SELS0,2026-04-25 15:00:00,2026-04-25 23:00:00,50,19.0,0,LP Scheduled
2026-04-25,C,4804,1325224716111SELS0,2026-04-25 23:00:00,2026-04-26 07:00:00,50,19.0,0,LP Scheduled
2026-04-26,A,4804,1325224716111SELS0,2026-04-26 07:00:00,2026-04-26 15:00:00,50,19.0,0,LP Scheduled
2026-04-26,B,4804,1325224716111SELS0,2026-04-26 15:00:00,2026-04-26 23:00:00,50,19.0,0,LP Scheduled
2026-04-26,C,4804,1325224716111SELS0,2026-04-26 23:00:00,2026-04-27 07:00:00,50,19.0,0,LP Scheduled
2026-04-27,A,4804,1325224716111SELS0,2026-04-27 07:00:00,2026-04-27 15:00:00,50,19.0,0,LP Scheduled
2026-04-27,B,4804,1325224716111SELS0,2026-04-27 15:00:00,2026-04-27 23:00:00,50,19.0,0,LP Scheduled
2026-04-27,C,4804,1325224716111SELS0,2026-04-27 23:00:00,2026-04-28 07:00:00,50,19.0,0,LP Scheduled
2026-04-28,A,4804,1325224716111SELS0,2026-04-28 07:00:00,2026-04-28 15:00:00,50,19.0,0,LP Scheduled
2026-04-28,B,4804,1325224716111SELS0,2026-04-28 15:00:00,2026-04-28 23:00:00,50,19.0,0,LP Scheduled
2026-04-28,C,4804,1325224716111SELS0,2026-04-28 23:00:00,2026-04-29 07:00:00,50,19.0,0,LP Scheduled
2026-04-29,A,4804,1325224716111SELS0,2026-04-29 07:00:00,2026-04-29 15:00:00,50,19.0,0,LP Scheduled
2026-04-29,B,4804,1325224716111SELS0,2026-04-29 15:00:00,2026-04-29 23:00:00,50,19.0,0,LP Scheduled
2026-04-29,C,4804,1325224716111SELS0,2026-04-29 23:00:00,2026-04-30 07:00:00,50,19.0,0,LP Scheduled
2026-04-30,A,4804,1325224716111SELS0,2026-04-30 07:00:00,2026-04-30 15:00:00,50,19.0,0,LP Scheduled
2026-04-30,B,4804,1325224716111SELS0,2026-04-30 15:00:00,2026-04-30 23:00:00,50,19.0,0,LP Scheduled
2026-04-30,C,4804,1325224716111SELS0,2026-04-30 23:00:00,2026-05-01 07:00:00,50,19.0,0,LP Scheduled
2026-05-01,A,4804,1325224716111SELS0,2026-05-01 07:00:00,2026-05-01 15:00:00,50,19.0,0,LP Scheduled
2026-05-01,B,4804,1325224716111SELS0,2026-05-01 15:00:00,2026-05-01 23:00:00,50,19.0,0,LP Scheduled
2026-05-01,C,4804,1325224716111SELS0,2026-05-01 23:00:00,2026-05-02 07:00:00,50,19.0,0,LP Scheduled
2026-05-02,A,4804,1325224716111SELS0,2026-05-02 07:00:00,2026-05-02 15:00:00,50,19.0,0,LP Scheduled
2026-05-02,B,4804,1325224716111SELS0,2026-05-02 15:00:00,2026-05-02 23:00:00,50,19.0,0,LP Scheduled
2026-05-02,C,4804,1325224716111SELS0,2026-05-02 23:00:00,2026-05-03 07:00:00,50,19.0,0,LP Scheduled
2026-05-03,A,4804,1325224716111SELS0,2026-05-03 07:00:00,2026-05-03 15:00:00,50,19.0,0,LP Scheduled
2026-05-03,B,4804,1325224716111SELS0,2026-05-03 15:00:00,2026-05-03 23:00:00,50,19.0,0,LP Scheduled
2026-05-03,C,4804,1325224716111SELS0,2026-05-03 23:00:00,2026-05-04 07:00:00,50,19.0,0,LP Scheduled
2026-05-04,A,4804,1325224716111SELS0,2026-05-04 07:00:00,2026-05-04 15:00:00,50,19.0,0,LP Scheduled
2026-05-04,B,4804,1325224716111SELS0,2026-05-04 15:00:00,2026-05-04 23:00:00,50,19.0,0,LP Scheduled
2026-05-04,C,4804,1325224716111SELS0,2026-05-04 23:00:00,2026-05-05 07:00:00,50,19.0,0,LP Scheduled
2026-05-05,A,4804,1325224716111SELS0,2026-05-05 07:00:00,2026-05-05 15:00:00,50,19.0,0,LP Scheduled
2026-05-05,B,4804,1325224716111SELS0,2026-05-05 15:00:00,2026-05-05 23:00:00,50,19.0,0,LP Scheduled
2026-05-05,C,4804,1325224716111SELS0,2026-05-05 23:00:00,2026-05-06 07:00:00,50,19.0,0,LP Scheduled
2026-05-06,A,4804,1325224716111SELS0,2026-05-06 07:00:00,2026-05-06 15:00:00,50,19.0,0,LP Scheduled
2026-05-06,B,4804,1325224716111SELS0,2026-05-06 15:00:00,2026-05-06 23:00:00,50,19.0,0,LP Scheduled
2026-05-06,C,4804,1325224716111SELS0,2026-05-06 23:00:00,2026-05-07 07:00:00,50,19.0,0,LP Scheduled
2026-05-07,A,4804,1325224716111SELS0,2026-05-07 07:00:00,2026-05-07 15:00:00,50,19.0,0,LP Scheduled
2026-05-07,B,4804,1325224716111SELS0,2026-05-07 15:00:00,2026-05-07 23:00:00,50,19.0,0,LP Scheduled
2026-05-07,C,4804,1325224716111SELS0,2026-05-07 23:00:00,2026-05-08 06:56:00,74,19.0,0,LP Scheduled
2026-05-01,A,4814,CHANGEOVER,2026-05-01 07:00:00,2026-05-01 13:00:00,0,0.0,0,C/O from 1D25215013008SXC10 to 1325216612077TUSP0
2026-05-01,A,4814,1325216612077TUSP0,2026-05-01 13:00:00,2026-05-01 15:00:00,14,16.0,0,LP Scheduled
2026-05-01,B,4814,1325216612077TUSP0,2026-05-01 15:00:00,2026-05-01 23:00:00,60,16.0,0,LP Scheduled
2026-05-01,C,4814,1325216612077TUSP0,2026-05-01 23:00:00,2026-05-02 07:00:00,60,16.0,0,LP Scheduled
2026-05-02,A,4814,1325216612077TUSP0,2026-05-02 07:00:00,2026-05-02 15:00:00,60,16.0,0,LP Scheduled
2026-05-02,B,4814,1325216612077TUSP0,2026-05-02 15:00:00,2026-05-02 23:00:00,60,16.0,0,LP Scheduled
2026-05-02,C,4814,1325216612077TUSP0,2026-05-02 23:00:00,2026-05-03 07:00:00,60,16.0,0,LP Scheduled
2026-05-03,A,4814,1325216612077TUSP0,2026-05-03 07:00:00,2026-05-03 15:00:00,60,16.0,0,LP Scheduled
2026-05-03,B,4814,1325216612077TUSP0,2026-05-03 15:00:00,2026-05-03 23:00:00,60,16.0,0,LP Scheduled
2026-05-03,C,4814,1325216612077TUSP0,2026-05-03 23:00:00,2026-05-04 07:00:00,60,16.0,0,LP Scheduled
2026-05-04,A,4814,1325216612077TUSP0,2026-05-04 07:00:00,2026-05-04 15:00:00,60,16.0,0,LP Scheduled
2026-05-04,B,4814,1325216612077TUSP0,2026-05-04 15:00:00,2026-05-04 23:00:00,60,16.0,0,LP Scheduled
2026-05-04,C,4814,1325216612077TUSP0,2026-05-04 23:00:00,2026-05-05 07:00:00,60,16.0,0,LP Scheduled
2026-05-05,A,4814,1325216612077TUSP0,2026-05-05 07:00:00,2026-05-05 15:00:00,60,16.0,0,LP Scheduled
2026-05-05,B,4814,1325216612077TUSP0,2026-05-05 15:00:00,2026-05-05 23:00:00,60,16.0,0,LP Scheduled
2026-05-05,C,4814,1325216612077TUSP0,2026-05-05 23:00:00,2026-05-06 07:00:00,60,16.0,0,LP Scheduled
2026-05-06,A,4814,1325216612077TUSP0,2026-05-06 07:00:00,2026-05-06 15:00:00,60,16.0,0,LP Scheduled
2026-05-06,B,4814,1325216612077TUSP0,2026-05-06 15:00:00,2026-05-06 23:00:00,60,16.0,0,LP Scheduled
2026-05-06,C,4814,1325216612077TUSP0,2026-05-06 23:00:00,2026-05-07 04:12:00,40,16.0,0,LP Scheduled
2026-04-29,B,4829,CHANGEOVER,2026-04-29 20:20:00,2026-04-30 02:20:00,0,0.0,0,C/O from 1325221417096HURL0 to 1325221416095VURP0
2026-04-30,C,4829,1325221416095VURP0,2026-04-30 02:20:00,2026-04-30 07:00:00,36,15.0,0,LP Scheduled
2026-04-30,A,4829,1325221416095VURP0,2026-04-30 07:00:00,2026-04-30 15:00:00,64,15.0,0,LP Scheduled
2026-04-30,B,4829,1325221416095VURP0,2026-04-30 15:00:00,2026-04-30 23:00:00,64,15.0,0,LP Scheduled
2026-04-30,C,4829,1325221416095VURP0,2026-04-30 23:00:00,2026-05-01 07:00:00,64,15.0,0,LP Scheduled
2026-05-01,A,4829,1325221416095VURP0,2026-05-01 07:00:00,2026-05-01 15:00:00,64,15.0,0,LP Scheduled
2026-05-01,B,4829,1325221416095VURP0,2026-05-01 15:00:00,2026-05-01 23:00:00,64,15.0,0,LP Scheduled
2026-05-01,C,4829,1325221416095VURP0,2026-05-01 23:00:00,2026-05-02 07:00:00,64,15.0,0,LP Scheduled
2026-05-02,A,4829,1325221416095VURP0,2026-05-02 07:00:00,2026-05-02 15:00:00,64,15.0,0,LP Scheduled
2026-05-02,B,4829,1325221416095VURP0,2026-05-02 15:00:00,2026-05-02 23:00:00,64,15.0,0,LP Scheduled
2026-05-02,C,4829,1325221416095VURP0,2026-05-02 23:00:00,2026-05-03 07:00:00,64,15.0,0,LP Scheduled
2026-05-03,A,4829,1325221416095VURP0,2026-05-03 07:00:00,2026-05-03 15:00:00,64,15.0,0,LP Scheduled
2026-05-03,B,4829,1325221416095VURP0,2026-05-03 15:00:00,2026-05-03 23:00:00,64,15.0,0,LP Scheduled
2026-05-03,C,4829,1325221416095VURP0,2026-05-03 23:00:00,2026-05-04 07:00:00,64,15.0,0,LP Scheduled
2026-05-04,A,4829,1325221416095VURP0,2026-05-04 07:00:00,2026-05-04 15:00:00,64,15.0,0,LP Scheduled
2026-05-04,B,4829,1325221416095VURP0,2026-05-04 15:00:00,2026-05-04 23:00:00,64,15.0,0,LP Scheduled
2026-05-04,C,4829,1325221416095VURP0,2026-05-04 23:00:00,2026-05-05 07:00:00,64,15.0,0,LP Scheduled
2026-05-05,A,4829,1325221416095VURP0,2026-05-05 07:00:00,2026-05-05 15:00:00,64,15.0,0,LP Scheduled
2026-05-05,B,4829,1325221416095VURP0,2026-05-05 15:00:00,2026-05-05 23:00:00,64,15.0,0,LP Scheduled
2026-05-05,C,4829,1325221416095VURP0,2026-05-05 23:00:00,2026-05-06 00:20:00,12,15.0,0,LP Scheduled
2026-04-30,C,4831,CHANGEOVER,2026-04-30 23:00:00,2026-05-01 05:00:00,0,0.0,0,C/O from 1D25215013008SXC10 to 1D25218Z14008QXPC0
2026-05-01,C,4831,1D25218Z14008QXPC0,2026-05-01 05:00:00,2026-05-01 07:00:00,8,25.0,0,LP Scheduled
2026-05-01,A,4831,1D25218Z14008QXPC0,2026-05-01 07:00:00,2026-05-01 15:00:00,38,25.0,0,LP Scheduled
2026-05-01,B,4831,1D25218Z14008QXPC0,2026-05-01 15:00:00,2026-05-01 23:00:00,38,25.0,0,LP Scheduled
2026-05-01,C,4831,1D25218Z14008QXPC0,2026-05-01 23:00:00,2026-05-02 07:00:00,38,25.0,0,LP Scheduled
2026-05-02,A,4831,1D25218Z14008QXPC0,2026-05-02 07:00:00,2026-05-02 15:00:00,38,25.0,0,LP Scheduled
2026-05-02,B,4831,1D25218Z14008QXPC0,2026-05-02 15:00:00,2026-05-02 23:00:00,38,25.0,0,LP Scheduled
2026-05-02,C,4831,1D25218Z14008QXPC0,2026-05-02 23:00:00,2026-05-03 07:00:00,38,25.0,0,LP Scheduled
2026-05-03,A,4831,1D25218Z14008QXPC0,2026-05-03 07:00:00,2026-05-03 15:00:00,38,25.0,0,LP Scheduled
2026-05-03,B,4831,1D25218Z14008QXPC0,2026-05-03 15:00:00,2026-05-03 23:00:00,38,25.0,0,LP Scheduled
2026-05-03,C,4831,1D25218Z14008QXPC0,2026-05-03 23:00:00,2026-05-04 07:00:00,38,25.0,0,LP Scheduled
2026-05-04,A,4831,1D25218Z14008QXPC0,2026-05-04 07:00:00,2026-05-04 15:00:00,38,25.0,0,LP Scheduled
2026-05-04,B,4831,1D25218Z14008QXPC0,2026-05-04 15:00:00,2026-05-04 23:00:00,38,25.0,0,LP Scheduled
2026-05-04,C,4831,1D25218Z14008QXPC0,2026-05-04 23:00:00,2026-05-05 07:00:00,38,25.0,0,LP Scheduled
2026-05-05,A,4831,1D25218Z14008QXPC0,2026-05-05 07:00:00,2026-05-05 15:00:00,38,25.0,0,LP Scheduled
2026-05-05,B,4831,1D25218Z14008QXPC0,2026-05-05 15:00:00,2026-05-05 23:00:00,38,25.0,0,LP Scheduled
2026-05-05,C,4831,1D25218Z14008QXPC0,2026-05-05 23:00:00,2026-05-06 07:00:00,38,25.0,0,LP Scheduled
2026-05-06,A,4831,1D25218Z14008QXPC0,2026-05-06 07:00:00,2026-05-06 15:00:00,38,25.0,0,LP Scheduled
2026-05-06,B,4831,1D25218Z14008QXPC0,2026-05-06 15:00:00,2026-05-06 23:00:00,38,25.0,0,LP Scheduled
2026-05-06,C,4831,1D25218Z14008QXPC0,2026-05-06 23:00:00,2026-05-07 07:00:00,38,25.0,0,LP Scheduled
2026-05-07,A,4831,1D25218Z14008QXPC0,2026-05-07 07:00:00,2026-05-07 15:00:00,38,25.0,0,LP Scheduled
2026-05-07,B,4831,1D25218Z14008QXPC0,2026-05-07 15:00:00,2026-05-07 23:00:00,38,25.0,0,LP Scheduled
2026-05-07,C,4831,1D25218Z14008QXPC0,2026-05-07 23:00:00,2026-05-08 07:00:00,48,25.0,0,LP Scheduled
2026-04-09,A,4833,CHANGEOVER,2026-04-09 12:20:00,2026-04-09 18:20:00,0,0.0,0,C/O from 1325220416092HRHT0 to 1D25218Z14008QXPC0
2026-04-09,B,4833,1D25218Z14008QXPC0,2026-04-09 18:20:00,2026-04-09 23:00:00,22,25.0,0,LP Scheduled
2026-04-09,C,4833,1D25218Z14008QXPC0,2026-04-09 23:00:00,2026-04-10 06:50:00,38,25.0,0,LP Scheduled
2026-04-30,C,4844,CHANGEOVER,2026-04-30 23:00:00,2026-05-01 05:00:00,0,0.0,0,C/O from 1D25215013008SXC10 to 1D25218Z14008QXPC0
2026-05-01,C,4844,1D25218Z14008QXPC0,2026-05-01 05:00:00,2026-05-01 07:00:00,8,25.0,0,LP Scheduled
2026-05-01,A,4844,1D25218Z14008QXPC0,2026-05-01 07:00:00,2026-05-01 15:00:00,38,25.0,0,LP Scheduled
2026-05-01,B,4844,1D25218Z14008QXPC0,2026-05-01 15:00:00,2026-05-01 23:00:00,38,25.0,0,LP Scheduled
2026-05-01,C,4844,1D25218Z14008QXPC0,2026-05-01 23:00:00,2026-05-02 07:00:00,38,25.0,0,LP Scheduled
2026-05-02,A,4844,1D25218Z14008QXPC0,2026-05-02 07:00:00,2026-05-02 15:00:00,38,25.0,0,LP Scheduled
2026-05-02,B,4844,1D25218Z14008QXPC0,2026-05-02 15:00:00,2026-05-02 23:00:00,38,25.0,0,LP Scheduled
2026-05-02,C,4844,1D25218Z14008QXPC0,2026-05-02 23:00:00,2026-05-03 07:00:00,38,25.0,0,LP Scheduled
2026-05-03,A,4844,1D25218Z14008QXPC0,2026-05-03 07:00:00,2026-05-03 15:00:00,38,25.0,0,LP Scheduled
2026-05-03,B,4844,1D25218Z14008QXPC0,2026-05-03 15:00:00,2026-05-03 23:00:00,38,25.0,0,LP Scheduled
2026-05-03,C,4844,1D25218Z14008QXPC0,2026-05-03 23:00:00,2026-05-04 07:00:00,38,25.0,0,LP Scheduled
2026-05-04,A,4844,1D25218Z14008QXPC0,2026-05-04 07:00:00,2026-05-04 15:00:00,38,25.0,0,LP Scheduled
2026-05-04,B,4844,1D25218Z14008QXPC0,2026-05-04 15:00:00,2026-05-04 23:00:00,38,25.0,0,LP Scheduled
2026-05-04,C,4844,1D25218Z14008QXPC0,2026-05-04 23:00:00,2026-05-05 07:00:00,38,25.0,0,LP Scheduled
2026-05-05,A,4844,1D25218Z14008QXPC0,2026-05-05 07:00:00,2026-05-05 15:00:00,38,25.0,0,LP Scheduled
2026-05-05,B,4844,1D25218Z14008QXPC0,2026-05-05 15:00:00,2026-05-05 23:00:00,38,25.0,0,LP Scheduled
2026-05-05,C,4844,1D25218Z14008QXPC0,2026-05-05 23:00:00,2026-05-06 07:00:00,38,25.0,0,LP Scheduled
2026-05-06,A,4844,1D25218Z14008QXPC0,2026-05-06 07:00:00,2026-05-06 15:00:00,38,25.0,0,LP Scheduled
2026-05-06,B,4844,1D25218Z14008QXPC0,2026-05-06 15:00:00,2026-05-06 23:00:00,38,25.0,0,LP Scheduled
2026-05-06,C,4844,1D25218Z14008QXPC0,2026-05-06 23:00:00,2026-05-07 07:00:00,38,25.0,0,LP Scheduled
2026-05-07,A,4844,1D25218Z14008QXPC0,2026-05-07 07:00:00,2026-05-07 15:00:00,38,25.0,0,LP Scheduled
2026-05-07,B,4844,1D25218Z14008QXPC0,2026-05-07 15:00:00,2026-05-07 23:00:00,38,25.0,0,LP Scheduled
2026-05-07,C,4844,1D25218Z14008QXPC0,2026-05-07 23:00:00,2026-05-08 07:00:00,48,25.0,0,LP Scheduled
2026-04-30,A,4845,CHANGEOVER,2026-04-30 07:31:00,2026-04-30 13:31:00,0,0.0,0,C/O from 1D25215013008SXC10 to 1D25215013008SXC1T
2026-04-30,A,4845,1D25215013008SXC1T,2026-04-30 13:31:00,2026-04-30 15:00:00,8,20.0,0,LP Scheduled
2026-04-30,B,4845,1D25215013008SXC1T,2026-04-30 15:00:00,2026-04-30 23:00:00,48,20.0,0,LP Scheduled
2026-04-30,C,4845,1D25215013008SXC1T,2026-04-30 23:00:00,2026-05-01 07:00:00,48,20.0,0,LP Scheduled
2026-05-01,A,4845,1D25215013008SXC1T,2026-05-01 07:00:00,2026-05-01 15:00:00,48,20.0,0,LP Scheduled
2026-05-01,B,4845,1D25215013008SXC1T,2026-05-01 15:00:00,2026-05-01 23:00:00,48,20.0,0,LP Scheduled
2026-05-01,C,4845,1D25215013008SXC1T,2026-05-01 23:00:00,2026-05-02 07:00:00,48,20.0,0,LP Scheduled
2026-05-02,A,4845,1D25215013008SXC1T,2026-05-02 07:00:00,2026-05-02 15:00:00,48,20.0,0,LP Scheduled
2026-05-02,B,4845,1D25215013008SXC1T,2026-05-02 15:00:00,2026-05-02 23:00:00,48,20.0,0,LP Scheduled
2026-05-02,C,4845,1D25215013008SXC1T,2026-05-02 23:00:00,2026-05-03 07:00:00,48,20.0,0,LP Scheduled
2026-05-03,A,4845,1D25215013008SXC1T,2026-05-03 07:00:00,2026-05-03 15:00:00,48,20.0,0,LP Scheduled
2026-05-03,B,4845,1D25215013008SXC1T,2026-05-03 15:00:00,2026-05-03 23:00:00,48,20.0,0,LP Scheduled
2026-05-03,C,4845,1D25215013008SXC1T,2026-05-03 23:00:00,2026-05-04 07:00:00,48,20.0,0,LP Scheduled
2026-05-04,A,4845,1D25215013008SXC1T,2026-05-04 07:00:00,2026-05-04 15:00:00,48,20.0,0,LP Scheduled
2026-05-04,B,4845,1D25215013008SXC1T,2026-05-04 15:00:00,2026-05-04 23:00:00,48,20.0,0,LP Scheduled
2026-05-04,C,4845,1D25215013008SXC1T,2026-05-04 23:00:00,2026-05-05 07:00:00,48,20.0,0,LP Scheduled
2026-05-05,A,4845,1D25215013008SXC1T,2026-05-05 07:00:00,2026-05-05 15:00:00,48,20.0,0,LP Scheduled
2026-05-05,B,4845,1D25215013008SXC1T,2026-05-05 15:00:00,2026-05-05 23:00:00,48,20.0,0,LP Scheduled
2026-05-05,C,4845,1D25215013008SXC1T,2026-05-05 23:00:00,2026-05-06 07:00:00,48,20.0,0,LP Scheduled
2026-05-06,A,4845,1D25215013008SXC1T,2026-05-06 07:00:00,2026-05-06 15:00:00,48,20.0,0,LP Scheduled
2026-05-06,B,4845,1D25215013008SXC1T,2026-05-06 15:00:00,2026-05-06 23:00:00,48,20.0,0,LP Scheduled
2026-05-06,C,4845,1D25215013008SXC1T,2026-05-06 23:00:00,2026-05-07 07:00:00,48,20.0,0,LP Scheduled
2026-05-07,A,4845,1D25215013008SXC1T,2026-05-07 07:00:00,2026-05-07 15:00:00,48,20.0,0,LP Scheduled
2026-05-07,B,4845,1D25215013008SXC1T,2026-05-07 15:00:00,2026-05-07 23:00:00,48,20.0,0,LP Scheduled
2026-05-07,C,4845,1D25215013008SXC1T,2026-05-07 23:00:00,2026-05-08 06:51:00,48,20.0,0,LP Scheduled
2026-05-02,C,4850,CHANGEOVER,2026-05-02 00:41:00,2026-05-02 06:41:00,0,0.0,0,C/O from 1D25114012008QXPC0 to 1D25218Z14008QXPC0
2026-05-02,C,4850,1D25218Z14008QXPC0,2026-05-02 06:41:00,2026-05-02 07:00:00,0,25.0,0,LP Scheduled
2026-05-02,A,4850,1D25218Z14008QXPC0,2026-05-02 07:00:00,2026-05-02 15:00:00,38,25.0,0,LP Scheduled
2026-05-02,B,4850,1D25218Z14008QXPC0,2026-05-02 15:00:00,2026-05-02 23:00:00,38,25.0,0,LP Scheduled
2026-05-02,C,4850,1D25218Z14008QXPC0,2026-05-02 23:00:00,2026-05-03 07:00:00,38,25.0,0,LP Scheduled
2026-05-03,A,4850,1D25218Z14008QXPC0,2026-05-03 07:00:00,2026-05-03 15:00:00,38,25.0,0,LP Scheduled
2026-05-03,B,4850,1D25218Z14008QXPC0,2026-05-03 15:00:00,2026-05-03 16:26:00,10,25.0,0,LP Scheduled
2026-04-10,B,5201,CHANGEOVER,2026-04-10 19:00:00,2026-04-11 01:00:00,0,0.0,0,C/O from 1325218316083HURL0 to 1325218514086HUTR0
2026-04-11,C,5201,1325218514086HUTR0,2026-04-11 01:00:00,2026-04-11 07:00:00,50,14.0,0,LP Scheduled
2026-04-11,A,5201,1325218514086HUTR0,2026-04-11 07:00:00,2026-04-11 12:54:00,52,14.0,0,LP Scheduled
2026-04-27,A,5203,CHANGEOVER,2026-04-27 13:15:00,2026-04-27 19:15:00,0,0.0,0,C/O from 1325217515084HURL2 to 1D25215013008SXC1T
2026-04-27,B,5203,1D25215013008SXC1T,2026-04-27 19:15:00,2026-04-27 23:00:00,22,20.0,0,LP Scheduled
2026-04-27,C,5203,1D25215013008SXC1T,2026-04-27 23:00:00,2026-04-28 07:00:00,48,20.0,0,LP Scheduled
2026-04-28,A,5203,1D25215013008SXC1T,2026-04-28 07:00:00,2026-04-28 15:00:00,48,20.0,0,LP Scheduled
2026-04-28,B,5203,1D25215013008SXC1T,2026-04-28 15:00:00,2026-04-28 23:00:00,48,20.0,0,LP Scheduled
2026-04-28,C,5203,1D25215013008SXC1T,2026-04-28 23:00:00,2026-04-29 07:00:00,48,20.0,0,LP Scheduled
2026-04-29,A,5203,1D25215013008SXC1T,2026-04-29 07:00:00,2026-04-29 15:00:00,48,20.0,0,LP Scheduled
2026-04-29,B,5203,1D25215013008SXC1T,2026-04-29 15:00:00,2026-04-29 23:00:00,48,20.0,0,LP Scheduled
2026-04-29,C,5203,1D25215013008SXC1T,2026-04-29 23:00:00,2026-04-30 07:00:00,48,20.0,0,LP Scheduled
2026-04-30,A,5203,1D25215013008SXC1T,2026-04-30 07:00:00,2026-04-30 15:00:00,48,20.0,0,LP Scheduled
2026-04-30,B,5203,1D25215013008SXC1T,2026-04-30 15:00:00,2026-04-30 23:00:00,48,20.0,0,LP Scheduled
2026-04-30,C,5203,1D25215013008SXC1T,2026-04-30 23:00:00,2026-05-01 07:00:00,48,20.0,0,LP Scheduled
2026-05-01,A,5203,1D25215013008SXC1T,2026-05-01 07:00:00,2026-05-01 15:00:00,48,20.0,0,LP Scheduled
2026-05-01,B,5203,1D25215013008SXC1T,2026-05-01 15:00:00,2026-05-01 23:00:00,48,20.0,0,LP Scheduled
2026-05-01,C,5203,1D25215013008SXC1T,2026-05-01 23:00:00,2026-05-02 07:00:00,48,20.0,0,LP Scheduled
2026-05-02,A,5203,1D25215013008SXC1T,2026-05-02 07:00:00,2026-05-02 15:00:00,48,20.0,0,LP Scheduled
2026-05-02,B,5203,1D25215013008SXC1T,2026-05-02 15:00:00,2026-05-02 23:00:00,48,20.0,0,LP Scheduled
2026-05-02,C,5203,1D25215013008SXC1T,2026-05-02 23:00:00,2026-05-03 07:00:00,48,20.0,0,LP Scheduled
2026-05-03,A,5203,1D25215013008SXC1T,2026-05-03 07:00:00,2026-05-03 15:00:00,48,20.0,0,LP Scheduled
2026-05-03,B,5203,1D25215013008SXC1T,2026-05-03 15:00:00,2026-05-03 23:00:00,48,20.0,0,LP Scheduled
2026-05-03,C,5203,1D25215013008SXC1T,2026-05-03 23:00:00,2026-05-04 07:00:00,48,20.0,0,LP Scheduled
2026-05-04,A,5203,1D25215013008SXC1T,2026-05-04 07:00:00,2026-05-04 15:00:00,48,20.0,0,LP Scheduled
2026-05-04,B,5203,1D25215013008SXC1T,2026-05-04 15:00:00,2026-05-04 23:00:00,48,20.0,0,LP Scheduled
2026-05-04,C,5203,1D25215013008SXC1T,2026-05-04 23:00:00,2026-05-05 07:00:00,48,20.0,0,LP Scheduled
2026-05-05,A,5203,1D25215013008SXC1T,2026-05-05 07:00:00,2026-05-05 15:00:00,48,20.0,0,LP Scheduled
2026-05-05,B,5203,1D25215013008SXC1T,2026-05-05 15:00:00,2026-05-05 23:00:00,48,20.0,0,LP Scheduled
2026-05-05,C,5203,1D25215013008SXC1T,2026-05-05 23:00:00,2026-05-06 07:00:00,48,20.0,0,LP Scheduled
2026-05-06,A,5203,1D25215013008SXC1T,2026-05-06 07:00:00,2026-05-06 15:00:00,48,20.0,0,LP Scheduled
2026-05-06,B,5203,1D25215013008SXC1T,2026-05-06 15:00:00,2026-05-06 23:00:00,48,20.0,0,LP Scheduled
2026-05-06,C,5203,1D25215013008SXC1T,2026-05-06 23:00:00,2026-05-07 07:00:00,48,20.0,0,LP Scheduled
2026-05-07,A,5203,1D25215013008SXC1T,2026-05-07 07:00:00,2026-05-07 15:00:00,48,20.0,0,LP Scheduled
2026-05-07,B,5203,1D25215013008SXC1T,2026-05-07 15:00:00,2026-05-07 23:00:00,48,20.0,0,LP Scheduled
2026-05-07,C,5203,1D25215013008SXC1T,2026-05-07 23:00:00,2026-05-08 06:55:00,48,20.0,0,LP Scheduled
2026-04-08 00:00:00,A,3609,1D25214012008QXPCT,2026-04-08 07:00:00,2026-04-08 15:00:00,44,22.0,0,Continuity (2-mould press)
2026-04-08 00:00:00,B,3609,1D25214012008QXPCT,2026-04-08 15:00:00,2026-04-08 23:00:00,44,22.0,0,Continuity (2-mould press)
2026-04-08 00:00:00,C,3609,1D25214012008QXPCT,2026-04-08 23:00:00,2026-04-09 07:00:00,44,22.0,0,Continuity (2-mould press)
2026-04-09 00:00:00,A,3609,1D25214012008QXPCT,2026-04-09 07:00:00,2026-04-09 15:00:00,44,22.0,0,Continuity (2-mould press)
2026-04-09 00:00:00,B,3609,1D25214012008QXPCT,2026-04-09 15:00:00,2026-04-09 23:00:00,44,22.0,0,Continuity (2-mould press)
2026-04-09 00:00:00,C,3609,1D25214012008QXPCT,2026-04-09 23:00:00,2026-04-10 07:00:00,44,22.0,0,Continuity (2-mould press)
2026-04-10 00:00:00,A,3609,1D25214012008QXPCT,2026-04-10 07:00:00,2026-04-10 15:00:00,44,22.0,0,Continuity (2-mould press)
2026-04-10 00:00:00,B,3609,1D25214012008QXPCT,2026-04-10 15:00:00,2026-04-10 23:00:00,44,22.0,0,Continuity (2-mould press)
2026-04-10 00:00:00,C,3609,1D25214012008QXPCT,2026-04-10 23:00:00,2026-04-11 07:00:00,44,22.0,0,Continuity (2-mould press)
2026-04-11 00:00:00,A,3609,1D25214012008QXPCT,2026-04-11 07:00:00,2026-04-11 15:00:00,44,22.0,0,Continuity (2-mould press)
2026-04-11 00:00:00,B,3609,1D25214012008QXPCT,2026-04-11 15:00:00,2026-04-11 23:00:00,44,22.0,0,Continuity (2-mould press)
2026-04-11 00:00:00,C,3609,1D25214012008QXPCT,2026-04-11 23:00:00,2026-04-12 07:00:00,44,22.0,0,Continuity (2-mould press)
2026-04-12 00:00:00,A,3609,1D25214012008QXPCT,2026-04-12 07:00:00,2026-04-12 15:00:00,44,22.0,0,Continuity (2-mould press)
2026-04-12 00:00:00,B,3609,1D25214012008QXPCT,2026-04-12 15:00:00,2026-04-12 23:00:00,44,22.0,0,Continuity (2-mould press)
2026-04-12 00:00:00,C,3609,1D25214012008QXPCT,2026-04-12 23:00:00,2026-04-13 07:00:00,44,22.0,0,Continuity (2-mould press)
2026-04-13 00:00:00,A,3609,1D25214012008QXPCT,2026-04-13 07:00:00,2026-04-13 15:00:00,44,22.0,0,Continuity (2-mould press)
2026-04-13 00:00:00,B,3609,1D25214012008QXPCT,2026-04-13 15:00:00,2026-04-13 23:00:00,44,22.0,0,Continuity (2-mould press)
2026-04-13 00:00:00,C,3609,1D25214012008QXPCT,2026-04-13 23:00:00,2026-04-14 07:00:00,44,22.0,0,Continuity (2-mould press)
2026-04-14 00:00:00,A,3609,1D25214012008QXPCT,2026-04-14 07:00:00,2026-04-14 15:00:00,44,22.0,0,Continuity (2-mould press)
2026-04-14 00:00:00,B,3609,1D25214012008QXPCT,2026-04-14 15:00:00,2026-04-14 23:00:00,44,22.0,0,Continuity (2-mould press)
2026-04-14 00:00:00,C,3609,1D25214012008QXPCT,2026-04-14 23:00:00,2026-04-15 07:00:00,44,22.0,0,Continuity (2-mould press)
2026-04-15 00:00:00,A,3609,1D25214012008QXPCT,2026-04-15 07:00:00,2026-04-15 15:00:00,44,22.0,0,Continuity (2-mould press)
2026-04-15 00:00:00,B,3609,1D25214012008QXPCT,2026-04-15 15:00:00,2026-04-15 23:00:00,44,22.0,0,Continuity (2-mould press)
2026-04-15 00:00:00,C,3609,1D25214012008QXPCT,2026-04-15 23:00:00,2026-04-16 07:00:00,44,22.0,0,Continuity (2-mould press)
2026-04-16 00:00:00,A,3609,1D25214012008QXPCT,2026-04-16 07:00:00,2026-04-16 15:00:00,44,22.0,0,Continuity (2-mould press)
2026-04-16 00:00:00,B,3609,1D25214012008QXPCT,2026-04-16 15:00:00,2026-04-16 23:00:00,44,22.0,0,Continuity (2-mould press)
2026-04-16 00:00:00,C,3609,1D25214012008QXPCT,2026-04-16 23:00:00,2026-04-17 07:00:00,44,22.0,0,Continuity (2-mould press)
2026-04-17 00:00:00,A,3609,1D25214012008QXPCT,2026-04-17 07:00:00,2026-04-17 15:00:00,44,22.0,0,Continuity (2-mould press)
2026-04-17 00:00:00,B,3609,1D25214012008QXPCT,2026-04-17 15:00:00,2026-04-17 23:00:00,44,22.0,0,Continuity (2-mould press)
2026-04-17 00:00:00,C,3609,1D25214012008QXPCT,2026-04-17 23:00:00,2026-04-18 07:00:00,44,22.0,0,Continuity (2-mould press)
2026-04-18 00:00:00,A,3609,1D25214012008QXPCT,2026-04-18 07:00:00,2026-04-18 15:00:00,44,22.0,0,Continuity (2-mould press)
2026-04-18 00:00:00,B,3609,1D25214012008QXPCT,2026-04-18 15:00:00,2026-04-18 23:00:00,44,22.0,0,Continuity (2-mould press)
2026-04-18 00:00:00,C,3609,1D25214012008QXPCT,2026-04-18 23:00:00,2026-04-19 07:00:00,44,22.0,0,Continuity (2-mould press)
2026-04-19 00:00:00,A,3609,1D25214012008QXPCT,2026-04-19 07:00:00,2026-04-19 15:00:00,44,22.0,0,Continuity (2-mould press)
2026-04-19 00:00:00,B,3609,1D25214012008QXPCT,2026-04-19 15:00:00,2026-04-19 21:40:00,36,22.0,0,Continuity (2-mould press)
2026-04-08 00:00:00,A,3610,1D25214012008QXPCT,2026-04-08 07:00:00,2026-04-08 15:00:00,44,22.0,0,Continuity (2-mould press)
2026-04-08 00:00:00,B,3610,1D25214012008QXPCT,2026-04-08 15:00:00,2026-04-08 23:00:00,44,22.0,0,Continuity (2-mould press)
2026-04-08 00:00:00,C,3610,1D25214012008QXPCT,2026-04-08 23:00:00,2026-04-09 07:00:00,44,22.0,0,Continuity (2-mould press)
2026-04-09 00:00:00,A,3610,1D25214012008QXPCT,2026-04-09 07:00:00,2026-04-09 15:00:00,44,22.0,0,Continuity (2-mould press)
2026-04-09 00:00:00,B,3610,1D25214012008QXPCT,2026-04-09 15:00:00,2026-04-09 23:00:00,44,22.0,0,Continuity (2-mould press)
2026-04-09 00:00:00,C,3610,1D25214012008QXPCT,2026-04-09 23:00:00,2026-04-10 07:00:00,44,22.0,0,Continuity (2-mould press)
2026-04-10 00:00:00,A,3610,1D25214012008QXPCT,2026-04-10 07:00:00,2026-04-10 15:00:00,44,22.0,0,Continuity (2-mould press)
2026-04-10 00:00:00,B,3610,1D25214012008QXPCT,2026-04-10 15:00:00,2026-04-10 23:00:00,44,22.0,0,Continuity (2-mould press)
2026-04-10 00:00:00,C,3610,1D25214012008QXPCT,2026-04-10 23:00:00,2026-04-11 07:00:00,44,22.0,0,Continuity (2-mould press)
2026-04-11 00:00:00,A,3610,1D25214012008QXPCT,2026-04-11 07:00:00,2026-04-11 15:00:00,44,22.0,0,Continuity (2-mould press)
2026-04-11 00:00:00,B,3610,1D25214012008QXPCT,2026-04-11 15:00:00,2026-04-11 23:00:00,44,22.0,0,Continuity (2-mould press)
2026-04-11 00:00:00,C,3610,1D25214012008QXPCT,2026-04-11 23:00:00,2026-04-12 07:00:00,44,22.0,0,Continuity (2-mould press)
2026-04-12 00:00:00,A,3610,1D25214012008QXPCT,2026-04-12 07:00:00,2026-04-12 15:00:00,44,22.0,0,Continuity (2-mould press)
2026-04-12 00:00:00,B,3610,1D25214012008QXPCT,2026-04-12 15:00:00,2026-04-12 23:00:00,44,22.0,0,Continuity (2-mould press)
2026-04-12 00:00:00,C,3610,1D25214012008QXPCT,2026-04-12 23:00:00,2026-04-13 07:00:00,44,22.0,0,Continuity (2-mould press)
2026-04-13 00:00:00,A,3610,1D25214012008QXPCT,2026-04-13 07:00:00,2026-04-13 15:00:00,44,22.0,0,Continuity (2-mould press)
2026-04-13 00:00:00,B,3610,1D25214012008QXPCT,2026-04-13 15:00:00,2026-04-13 23:00:00,44,22.0,0,Continuity (2-mould press)
2026-04-13 00:00:00,C,3610,1D25214012008QXPCT,2026-04-13 23:00:00,2026-04-14 07:00:00,44,22.0,0,Continuity (2-mould press)
2026-04-14 00:00:00,A,3610,1D25214012008QXPCT,2026-04-14 07:00:00,2026-04-14 15:00:00,44,22.0,0,Continuity (2-mould press)
2026-04-14 00:00:00,B,3610,1D25214012008QXPCT,2026-04-14 15:00:00,2026-04-14 23:00:00,44,22.0,0,Continuity (2-mould press)
2026-04-14 00:00:00,C,3610,1D25214012008QXPCT,2026-04-14 23:00:00,2026-04-15 07:00:00,44,22.0,0,Continuity (2-mould press)
2026-04-15 00:00:00,A,3610,1D25214012008QXPCT,2026-04-15 07:00:00,2026-04-15 15:00:00,44,22.0,0,Continuity (2-mould press)
2026-04-15 00:00:00,B,3610,1D25214012008QXPCT,2026-04-15 15:00:00,2026-04-15 23:00:00,44,22.0,0,Continuity (2-mould press)
2026-04-15 00:00:00,C,3610,1D25214012008QXPCT,2026-04-15 23:00:00,2026-04-16 07:00:00,44,22.0,0,Continuity (2-mould press)
2026-04-16 00:00:00,A,3610,1D25214012008QXPCT,2026-04-16 07:00:00,2026-04-16 15:00:00,44,22.0,0,Continuity (2-mould press)
2026-04-16 00:00:00,B,3610,1D25214012008QXPCT,2026-04-16 15:00:00,2026-04-16 23:00:00,44,22.0,0,Continuity (2-mould press)
2026-04-16 00:00:00,C,3610,1D25214012008QXPCT,2026-04-16 23:00:00,2026-04-17 07:00:00,44,22.0,0,Continuity (2-mould press)
2026-04-17 00:00:00,A,3610,1D25214012008QXPCT,2026-04-17 07:00:00,2026-04-17 15:00:00,44,22.0,0,Continuity (2-mould press)
2026-04-17 00:00:00,B,3610,1D25214012008QXPCT,2026-04-17 15:00:00,2026-04-17 23:00:00,44,22.0,0,Continuity (2-mould press)
2026-04-17 00:00:00,C,3610,1D25214012008QXPCT,2026-04-17 23:00:00,2026-04-18 07:00:00,44,22.0,0,Continuity (2-mould press)
2026-04-18 00:00:00,A,3610,1D25214012008QXPCT,2026-04-18 07:00:00,2026-04-18 15:00:00,44,22.0,0,Continuity (2-mould press)
2026-04-18 00:00:00,B,3610,1D25214012008QXPCT,2026-04-18 15:00:00,2026-04-18 23:00:00,44,22.0,0,Continuity (2-mould press)
2026-04-18 00:00:00,C,3610,1D25214012008QXPCT,2026-04-18 23:00:00,2026-04-19 07:00:00,44,22.0,0,Continuity (2-mould press)
2026-04-19 00:00:00,A,3610,1D25214012008QXPCT,2026-04-19 07:00:00,2026-04-19 15:00:00,44,22.0,0,Continuity (2-mould press)
2026-04-19 00:00:00,B,3610,1D25214012008QXPCT,2026-04-19 15:00:00,2026-04-19 21:18:00,34,22.0,0,Continuity (2-mould press)
2026-04-19 00:00:00,B,3610,MOULD_CLEAN,2026-04-19 21:18:00,2026-04-19 23:00:00,0,0.0,0,Mould cleaning (continuity)
2026-04-19 00:00:00,C,3610,MOULD_CLEAN,2026-04-19 23:00:00,2026-04-20 00:18:00,0,0.0,0,Mould cleaning (continuity)
2026-04-19 00:00:00,C,3610,1D25214012008QXPCT,2026-04-20 00:18:00,2026-04-20 00:40:00,2,22.0,0,Continuity (2-mould press)
2026-04-08 00:00:00,A,3611,1D25214012008QXPCT,2026-04-08 07:00:00,2026-04-08 15:00:00,44,22.0,0,Continuity (2-mould press)
2026-04-08 00:00:00,B,3611,1D25214012008QXPCT,2026-04-08 15:00:00,2026-04-08 23:00:00,44,22.0,0,Continuity (2-mould press)
2026-04-08 00:00:00,C,3611,1D25214012008QXPCT,2026-04-08 23:00:00,2026-04-09 07:00:00,44,22.0,0,Continuity (2-mould press)
2026-04-09 00:00:00,A,3611,1D25214012008QXPCT,2026-04-09 07:00:00,2026-04-09 15:00:00,44,22.0,0,Continuity (2-mould press)
2026-04-09 00:00:00,B,3611,1D25214012008QXPCT,2026-04-09 15:00:00,2026-04-09 23:00:00,44,22.0,0,Continuity (2-mould press)
2026-04-09 00:00:00,C,3611,1D25214012008QXPCT,2026-04-09 23:00:00,2026-04-10 07:00:00,44,22.0,0,Continuity (2-mould press)
2026-04-10 00:00:00,A,3611,1D25214012008QXPCT,2026-04-10 07:00:00,2026-04-10 15:00:00,44,22.0,0,Continuity (2-mould press)
2026-04-10 00:00:00,B,3611,1D25214012008QXPCT,2026-04-10 15:00:00,2026-04-10 23:00:00,44,22.0,0,Continuity (2-mould press)
2026-04-10 00:00:00,C,3611,1D25214012008QXPCT,2026-04-10 23:00:00,2026-04-11 07:00:00,44,22.0,0,Continuity (2-mould press)
2026-04-11 00:00:00,A,3611,1D25214012008QXPCT,2026-04-11 07:00:00,2026-04-11 15:00:00,44,22.0,0,Continuity (2-mould press)
2026-04-11 00:00:00,B,3611,1D25214012008QXPCT,2026-04-11 15:00:00,2026-04-11 23:00:00,44,22.0,0,Continuity (2-mould press)
2026-04-11 00:00:00,C,3611,1D25214012008QXPCT,2026-04-11 23:00:00,2026-04-12 07:00:00,44,22.0,0,Continuity (2-mould press)
2026-04-12 00:00:00,A,3611,1D25214012008QXPCT,2026-04-12 07:00:00,2026-04-12 15:00:00,44,22.0,0,Continuity (2-mould press)
2026-04-12 00:00:00,B,3611,1D25214012008QXPCT,2026-04-12 15:00:00,2026-04-12 23:00:00,44,22.0,0,Continuity (2-mould press)
2026-04-12 00:00:00,C,3611,1D25214012008QXPCT,2026-04-12 23:00:00,2026-04-13 07:00:00,44,22.0,0,Continuity (2-mould press)
2026-04-13 00:00:00,A,3611,1D25214012008QXPCT,2026-04-13 07:00:00,2026-04-13 15:00:00,44,22.0,0,Continuity (2-mould press)
2026-04-13 00:00:00,B,3611,1D25214012008QXPCT,2026-04-13 15:00:00,2026-04-13 23:00:00,44,22.0,0,Continuity (2-mould press)
2026-04-13 00:00:00,C,3611,1D25214012008QXPCT,2026-04-13 23:00:00,2026-04-14 07:00:00,44,22.0,0,Continuity (2-mould press)
2026-04-14 00:00:00,A,3611,1D25214012008QXPCT,2026-04-14 07:00:00,2026-04-14 15:00:00,44,22.0,0,Continuity (2-mould press)
2026-04-14 00:00:00,B,3611,1D25214012008QXPCT,2026-04-14 15:00:00,2026-04-14 23:00:00,44,22.0,0,Continuity (2-mould press)
2026-04-14 00:00:00,C,3611,1D25214012008QXPCT,2026-04-14 23:00:00,2026-04-15 07:00:00,44,22.0,0,Continuity (2-mould press)
2026-04-15 00:00:00,A,3611,1D25214012008QXPCT,2026-04-15 07:00:00,2026-04-15 15:00:00,44,22.0,0,Continuity (2-mould press)
2026-04-15 00:00:00,B,3611,1D25214012008QXPCT,2026-04-15 15:00:00,2026-04-15 23:00:00,44,22.0,0,Continuity (2-mould press)
2026-04-15 00:00:00,C,3611,1D25214012008QXPCT,2026-04-15 23:00:00,2026-04-16 07:00:00,44,22.0,0,Continuity (2-mould press)
2026-04-16 00:00:00,A,3611,1D25214012008QXPCT,2026-04-16 07:00:00,2026-04-16 15:00:00,44,22.0,0,Continuity (2-mould press)
2026-04-16 00:00:00,B,3611,1D25214012008QXPCT,2026-04-16 15:00:00,2026-04-16 23:00:00,44,22.0,0,Continuity (2-mould press)
2026-04-16 00:00:00,C,3611,1D25214012008QXPCT,2026-04-16 23:00:00,2026-04-17 07:00:00,44,22.0,0,Continuity (2-mould press)
2026-04-17 00:00:00,A,3611,1D25214012008QXPCT,2026-04-17 07:00:00,2026-04-17 15:00:00,44,22.0,0,Continuity (2-mould press)
2026-04-17 00:00:00,B,3611,1D25214012008QXPCT,2026-04-17 15:00:00,2026-04-17 23:00:00,44,22.0,0,Continuity (2-mould press)
2026-04-17 00:00:00,C,3611,1D25214012008QXPCT,2026-04-17 23:00:00,2026-04-18 07:00:00,44,22.0,0,Continuity (2-mould press)
2026-04-18 00:00:00,A,3611,1D25214012008QXPCT,2026-04-18 07:00:00,2026-04-18 15:00:00,44,22.0,0,Continuity (2-mould press)
2026-04-18 00:00:00,B,3611,1D25214012008QXPCT,2026-04-18 15:00:00,2026-04-18 23:00:00,44,22.0,0,Continuity (2-mould press)
2026-04-18 00:00:00,C,3611,1D25214012008QXPCT,2026-04-18 23:00:00,2026-04-19 07:00:00,44,22.0,0,Continuity (2-mould press)
2026-04-19 00:00:00,A,3611,1D25214012008QXPCT,2026-04-19 07:00:00,2026-04-19 15:00:00,44,22.0,0,Continuity (2-mould press)
2026-04-19 00:00:00,B,3611,1D25214012008QXPCT,2026-04-19 15:00:00,2026-04-19 21:40:00,36,22.0,0,Continuity (2-mould press)
2026-04-08 00:00:00,A,3612,1D25214012008QXPCT,2026-04-08 07:00:00,2026-04-08 15:00:00,44,22.0,0,Continuity (2-mould press)
2026-04-08 00:00:00,B,3612,1D25214012008QXPCT,2026-04-08 15:00:00,2026-04-08 23:00:00,44,22.0,0,Continuity (2-mould press)
2026-04-08 00:00:00,C,3612,1D25214012008QXPCT,2026-04-08 23:00:00,2026-04-09 07:00:00,44,22.0,0,Continuity (2-mould press)
2026-04-09 00:00:00,A,3612,1D25214012008QXPCT,2026-04-09 07:00:00,2026-04-09 15:00:00,44,22.0,0,Continuity (2-mould press)
2026-04-09 00:00:00,B,3612,1D25214012008QXPCT,2026-04-09 15:00:00,2026-04-09 23:00:00,44,22.0,0,Continuity (2-mould press)
2026-04-09 00:00:00,C,3612,1D25214012008QXPCT,2026-04-09 23:00:00,2026-04-10 07:00:00,44,22.0,0,Continuity (2-mould press)
2026-04-10 00:00:00,A,3612,1D25214012008QXPCT,2026-04-10 07:00:00,2026-04-10 15:00:00,44,22.0,0,Continuity (2-mould press)
2026-04-10 00:00:00,B,3612,1D25214012008QXPCT,2026-04-10 15:00:00,2026-04-10 23:00:00,44,22.0,0,Continuity (2-mould press)
2026-04-10 00:00:00,C,3612,1D25214012008QXPCT,2026-04-10 23:00:00,2026-04-11 07:00:00,44,22.0,0,Continuity (2-mould press)
2026-04-11 00:00:00,A,3612,1D25214012008QXPCT,2026-04-11 07:00:00,2026-04-11 15:00:00,44,22.0,0,Continuity (2-mould press)
2026-04-11 00:00:00,B,3612,1D25214012008QXPCT,2026-04-11 15:00:00,2026-04-11 23:00:00,44,22.0,0,Continuity (2-mould press)
2026-04-11 00:00:00,C,3612,1D25214012008QXPCT,2026-04-11 23:00:00,2026-04-12 07:00:00,44,22.0,0,Continuity (2-mould press)
2026-04-12 00:00:00,A,3612,1D25214012008QXPCT,2026-04-12 07:00:00,2026-04-12 15:00:00,44,22.0,0,Continuity (2-mould press)
2026-04-12 00:00:00,B,3612,1D25214012008QXPCT,2026-04-12 15:00:00,2026-04-12 23:00:00,44,22.0,0,Continuity (2-mould press)
2026-04-12 00:00:00,C,3612,1D25214012008QXPCT,2026-04-12 23:00:00,2026-04-13 07:00:00,44,22.0,0,Continuity (2-mould press)
2026-04-13 00:00:00,A,3612,1D25214012008QXPCT,2026-04-13 07:00:00,2026-04-13 15:00:00,44,22.0,0,Continuity (2-mould press)
2026-04-13 00:00:00,B,3612,1D25214012008QXPCT,2026-04-13 15:00:00,2026-04-13 23:00:00,44,22.0,0,Continuity (2-mould press)
2026-04-13 00:00:00,C,3612,1D25214012008QXPCT,2026-04-13 23:00:00,2026-04-14 07:00:00,44,22.0,0,Continuity (2-mould press)
2026-04-14 00:00:00,A,3612,1D25214012008QXPCT,2026-04-14 07:00:00,2026-04-14 15:00:00,44,22.0,0,Continuity (2-mould press)
2026-04-14 00:00:00,B,3612,1D25214012008QXPCT,2026-04-14 15:00:00,2026-04-14 23:00:00,44,22.0,0,Continuity (2-mould press)
2026-04-14 00:00:00,C,3612,1D25214012008QXPCT,2026-04-14 23:00:00,2026-04-15 07:00:00,44,22.0,0,Continuity (2-mould press)
2026-04-15 00:00:00,A,3612,1D25214012008QXPCT,2026-04-15 07:00:00,2026-04-15 15:00:00,44,22.0,0,Continuity (2-mould press)
2026-04-15 00:00:00,B,3612,1D25214012008QXPCT,2026-04-15 15:00:00,2026-04-15 23:00:00,44,22.0,0,Continuity (2-mould press)
2026-04-15 00:00:00,C,3612,1D25214012008QXPCT,2026-04-15 23:00:00,2026-04-16 07:00:00,44,22.0,0,Continuity (2-mould press)
2026-04-16 00:00:00,A,3612,1D25214012008QXPCT,2026-04-16 07:00:00,2026-04-16 15:00:00,44,22.0,0,Continuity (2-mould press)
2026-04-16 00:00:00,B,3612,1D25214012008QXPCT,2026-04-16 15:00:00,2026-04-16 23:00:00,44,22.0,0,Continuity (2-mould press)
2026-04-16 00:00:00,C,3612,1D25214012008QXPCT,2026-04-16 23:00:00,2026-04-17 07:00:00,44,22.0,0,Continuity (2-mould press)
2026-04-17 00:00:00,A,3612,1D25214012008QXPCT,2026-04-17 07:00:00,2026-04-17 15:00:00,44,22.0,0,Continuity (2-mould press)
2026-04-17 00:00:00,B,3612,1D25214012008QXPCT,2026-04-17 15:00:00,2026-04-17 23:00:00,44,22.0,0,Continuity (2-mould press)
2026-04-17 00:00:00,C,3612,1D25214012008QXPCT,2026-04-17 23:00:00,2026-04-18 07:00:00,44,22.0,0,Continuity (2-mould press)
2026-04-18 00:00:00,A,3612,1D25214012008QXPCT,2026-04-18 07:00:00,2026-04-18 15:00:00,44,22.0,0,Continuity (2-mould press)
2026-04-18 00:00:00,B,3612,1D25214012008QXPCT,2026-04-18 15:00:00,2026-04-18 23:00:00,44,22.0,0,Continuity (2-mould press)
2026-04-18 00:00:00,C,3612,1D25214012008QXPCT,2026-04-18 23:00:00,2026-04-19 07:00:00,44,22.0,0,Continuity (2-mould press)
2026-04-19 00:00:00,A,3612,1D25214012008QXPCT,2026-04-19 07:00:00,2026-04-19 15:00:00,44,22.0,0,Continuity (2-mould press)
2026-04-19 00:00:00,B,3612,1D25214012008QXPCT,2026-04-19 15:00:00,2026-04-19 21:40:00,36,22.0,0,Continuity (2-mould press)
2026-04-08 00:00:00,A,3613,1D25214012008QXPCT,2026-04-08 07:00:00,2026-04-08 15:00:00,44,22.0,0,Continuity (2-mould press)
2026-04-08 00:00:00,B,3613,1D25214012008QXPCT,2026-04-08 15:00:00,2026-04-08 23:00:00,44,22.0,0,Continuity (2-mould press)
2026-04-08 00:00:00,C,3613,1D25214012008QXPCT,2026-04-08 23:00:00,2026-04-09 07:00:00,44,22.0,0,Continuity (2-mould press)
2026-04-09 00:00:00,A,3613,1D25214012008QXPCT,2026-04-09 07:00:00,2026-04-09 15:00:00,44,22.0,0,Continuity (2-mould press)
2026-04-09 00:00:00,B,3613,1D25214012008QXPCT,2026-04-09 15:00:00,2026-04-09 23:00:00,44,22.0,0,Continuity (2-mould press)
2026-04-09 00:00:00,C,3613,1D25214012008QXPCT,2026-04-09 23:00:00,2026-04-10 07:00:00,44,22.0,0,Continuity (2-mould press)
2026-04-10 00:00:00,A,3613,1D25214012008QXPCT,2026-04-10 07:00:00,2026-04-10 15:00:00,44,22.0,0,Continuity (2-mould press)
2026-04-10 00:00:00,B,3613,1D25214012008QXPCT,2026-04-10 15:00:00,2026-04-10 23:00:00,44,22.0,0,Continuity (2-mould press)
2026-04-10 00:00:00,C,3613,1D25214012008QXPCT,2026-04-10 23:00:00,2026-04-11 07:00:00,44,22.0,0,Continuity (2-mould press)
2026-04-11 00:00:00,A,3613,1D25214012008QXPCT,2026-04-11 07:00:00,2026-04-11 15:00:00,44,22.0,0,Continuity (2-mould press)
2026-04-11 00:00:00,B,3613,1D25214012008QXPCT,2026-04-11 15:00:00,2026-04-11 23:00:00,44,22.0,0,Continuity (2-mould press)
2026-04-11 00:00:00,C,3613,1D25214012008QXPCT,2026-04-11 23:00:00,2026-04-12 07:00:00,44,22.0,0,Continuity (2-mould press)
2026-04-12 00:00:00,A,3613,1D25214012008QXPCT,2026-04-12 07:00:00,2026-04-12 15:00:00,44,22.0,0,Continuity (2-mould press)
2026-04-12 00:00:00,B,3613,1D25214012008QXPCT,2026-04-12 15:00:00,2026-04-12 23:00:00,44,22.0,0,Continuity (2-mould press)
2026-04-12 00:00:00,C,3613,1D25214012008QXPCT,2026-04-12 23:00:00,2026-04-13 07:00:00,44,22.0,0,Continuity (2-mould press)
2026-04-13 00:00:00,A,3613,1D25214012008QXPCT,2026-04-13 07:00:00,2026-04-13 15:00:00,44,22.0,0,Continuity (2-mould press)
2026-04-13 00:00:00,B,3613,1D25214012008QXPCT,2026-04-13 15:00:00,2026-04-13 23:00:00,44,22.0,0,Continuity (2-mould press)
2026-04-13 00:00:00,C,3613,1D25214012008QXPCT,2026-04-13 23:00:00,2026-04-14 07:00:00,44,22.0,0,Continuity (2-mould press)
2026-04-14 00:00:00,A,3613,1D25214012008QXPCT,2026-04-14 07:00:00,2026-04-14 15:00:00,44,22.0,0,Continuity (2-mould press)
2026-04-14 00:00:00,B,3613,1D25214012008QXPCT,2026-04-14 15:00:00,2026-04-14 23:00:00,44,22.0,0,Continuity (2-mould press)
2026-04-14 00:00:00,C,3613,1D25214012008QXPCT,2026-04-14 23:00:00,2026-04-15 07:00:00,44,22.0,0,Continuity (2-mould press)
2026-04-15 00:00:00,A,3613,1D25214012008QXPCT,2026-04-15 07:00:00,2026-04-15 15:00:00,44,22.0,0,Continuity (2-mould press)
2026-04-15 00:00:00,B,3613,1D25214012008QXPCT,2026-04-15 15:00:00,2026-04-15 23:00:00,44,22.0,0,Continuity (2-mould press)
2026-04-15 00:00:00,C,3613,1D25214012008QXPCT,2026-04-15 23:00:00,2026-04-16 07:00:00,44,22.0,0,Continuity (2-mould press)
2026-04-16 00:00:00,A,3613,1D25214012008QXPCT,2026-04-16 07:00:00,2026-04-16 15:00:00,44,22.0,0,Continuity (2-mould press)
2026-04-16 00:00:00,B,3613,1D25214012008QXPCT,2026-04-16 15:00:00,2026-04-16 23:00:00,44,22.0,0,Continuity (2-mould press)
2026-04-16 00:00:00,C,3613,1D25214012008QXPCT,2026-04-16 23:00:00,2026-04-17 07:00:00,44,22.0,0,Continuity (2-mould press)
2026-04-17 00:00:00,A,3613,1D25214012008QXPCT,2026-04-17 07:00:00,2026-04-17 15:00:00,44,22.0,0,Continuity (2-mould press)
2026-04-17 00:00:00,B,3613,1D25214012008QXPCT,2026-04-17 15:00:00,2026-04-17 23:00:00,44,22.0,0,Continuity (2-mould press)
2026-04-17 00:00:00,C,3613,1D25214012008QXPCT,2026-04-17 23:00:00,2026-04-18 07:00:00,44,22.0,0,Continuity (2-mould press)
2026-04-18 00:00:00,A,3613,1D25214012008QXPCT,2026-04-18 07:00:00,2026-04-18 15:00:00,44,22.0,0,Continuity (2-mould press)
2026-04-18 00:00:00,B,3613,1D25214012008QXPCT,2026-04-18 15:00:00,2026-04-18 23:00:00,44,22.0,0,Continuity (2-mould press)
2026-04-18 00:00:00,C,3613,1D25214012008QXPCT,2026-04-18 23:00:00,2026-04-19 07:00:00,44,22.0,0,Continuity (2-mould press)
2026-04-19 00:00:00,A,3613,1D25214012008QXPCT,2026-04-19 07:00:00,2026-04-19 15:00:00,44,22.0,0,Continuity (2-mould press)
2026-04-19 00:00:00,B,3613,1D25214012008QXPCT,2026-04-19 15:00:00,2026-04-19 21:40:00,36,22.0,0,Continuity (2-mould press)
2026-04-08 00:00:00,A,3614,1D25214012008QXPCT,2026-04-08 07:00:00,2026-04-08 15:00:00,44,22.0,0,Continuity (2-mould press)
2026-04-08 00:00:00,B,3614,1D25214012008QXPCT,2026-04-08 15:00:00,2026-04-08 23:00:00,44,22.0,0,Continuity (2-mould press)
2026-04-08 00:00:00,C,3614,1D25214012008QXPCT,2026-04-08 23:00:00,2026-04-09 07:00:00,44,22.0,0,Continuity (2-mould press)
2026-04-09 00:00:00,A,3614,1D25214012008QXPCT,2026-04-09 07:00:00,2026-04-09 15:00:00,44,22.0,0,Continuity (2-mould press)
2026-04-09 00:00:00,B,3614,1D25214012008QXPCT,2026-04-09 15:00:00,2026-04-09 23:00:00,44,22.0,0,Continuity (2-mould press)
2026-04-09 00:00:00,C,3614,1D25214012008QXPCT,2026-04-09 23:00:00,2026-04-10 07:00:00,44,22.0,0,Continuity (2-mould press)
2026-04-10 00:00:00,A,3614,1D25214012008QXPCT,2026-04-10 07:00:00,2026-04-10 15:00:00,44,22.0,0,Continuity (2-mould press)
2026-04-10 00:00:00,B,3614,1D25214012008QXPCT,2026-04-10 15:00:00,2026-04-10 23:00:00,44,22.0,0,Continuity (2-mould press)
2026-04-10 00:00:00,C,3614,1D25214012008QXPCT,2026-04-10 23:00:00,2026-04-11 07:00:00,44,22.0,0,Continuity (2-mould press)
2026-04-11 00:00:00,A,3614,1D25214012008QXPCT,2026-04-11 07:00:00,2026-04-11 15:00:00,44,22.0,0,Continuity (2-mould press)
2026-04-11 00:00:00,B,3614,1D25214012008QXPCT,2026-04-11 15:00:00,2026-04-11 23:00:00,44,22.0,0,Continuity (2-mould press)
2026-04-11 00:00:00,C,3614,1D25214012008QXPCT,2026-04-11 23:00:00,2026-04-12 07:00:00,44,22.0,0,Continuity (2-mould press)
2026-04-12 00:00:00,A,3614,1D25214012008QXPCT,2026-04-12 07:00:00,2026-04-12 15:00:00,44,22.0,0,Continuity (2-mould press)
2026-04-12 00:00:00,B,3614,1D25214012008QXPCT,2026-04-12 15:00:00,2026-04-12 23:00:00,44,22.0,0,Continuity (2-mould press)
2026-04-12 00:00:00,C,3614,1D25214012008QXPCT,2026-04-12 23:00:00,2026-04-13 07:00:00,44,22.0,0,Continuity (2-mould press)
2026-04-13 00:00:00,A,3614,1D25214012008QXPCT,2026-04-13 07:00:00,2026-04-13 15:00:00,44,22.0,0,Continuity (2-mould press)
2026-04-13 00:00:00,B,3614,1D25214012008QXPCT,2026-04-13 15:00:00,2026-04-13 22:18:00,40,22.0,0,Continuity (2-mould press)
2026-04-13 00:00:00,B,3614,MOULD_CLEAN,2026-04-13 22:18:00,2026-04-13 23:00:00,0,0.0,0,Mould cleaning (continuity)
2026-04-13 00:00:00,C,3614,MOULD_CLEAN,2026-04-13 23:00:00,2026-04-14 01:18:00,0,0.0,0,Mould cleaning (continuity)
2026-04-13 00:00:00,C,3614,1D25214012008QXPCT,2026-04-14 01:18:00,2026-04-14 07:00:00,31,22.0,0,Continuity (2-mould press)
2026-04-14 00:00:00,A,3614,1D25214012008QXPCT,2026-04-14 07:00:00,2026-04-14 15:00:00,44,22.0,0,Continuity (2-mould press)
2026-04-14 00:00:00,B,3614,1D25214012008QXPCT,2026-04-14 15:00:00,2026-04-14 23:00:00,44,22.0,0,Continuity (2-mould press)
2026-04-14 00:00:00,C,3614,1D25214012008QXPCT,2026-04-14 23:00:00,2026-04-15 07:00:00,44,22.0,0,Continuity (2-mould press)
2026-04-15 00:00:00,A,3614,1D25214012008QXPCT,2026-04-15 07:00:00,2026-04-15 15:00:00,44,22.0,0,Continuity (2-mould press)
2026-04-15 00:00:00,B,3614,1D25214012008QXPCT,2026-04-15 15:00:00,2026-04-15 23:00:00,44,22.0,0,Continuity (2-mould press)
2026-04-15 00:00:00,C,3614,1D25214012008QXPCT,2026-04-15 23:00:00,2026-04-16 07:00:00,44,22.0,0,Continuity (2-mould press)
2026-04-16 00:00:00,A,3614,1D25214012008QXPCT,2026-04-16 07:00:00,2026-04-16 15:00:00,44,22.0,0,Continuity (2-mould press)
2026-04-16 00:00:00,B,3614,1D25214012008QXPCT,2026-04-16 15:00:00,2026-04-16 23:00:00,44,22.0,0,Continuity (2-mould press)
2026-04-16 00:00:00,C,3614,1D25214012008QXPCT,2026-04-16 23:00:00,2026-04-17 07:00:00,44,22.0,0,Continuity (2-mould press)
2026-04-17 00:00:00,A,3614,1D25214012008QXPCT,2026-04-17 07:00:00,2026-04-17 15:00:00,44,22.0,0,Continuity (2-mould press)
2026-04-17 00:00:00,B,3614,1D25214012008QXPCT,2026-04-17 15:00:00,2026-04-17 23:00:00,44,22.0,0,Continuity (2-mould press)
2026-04-17 00:00:00,C,3614,1D25214012008QXPCT,2026-04-17 23:00:00,2026-04-18 07:00:00,44,22.0,0,Continuity (2-mould press)
2026-04-18 00:00:00,A,3614,1D25214012008QXPCT,2026-04-18 07:00:00,2026-04-18 15:00:00,44,22.0,0,Continuity (2-mould press)
2026-04-18 00:00:00,B,3614,1D25214012008QXPCT,2026-04-18 15:00:00,2026-04-18 23:00:00,44,22.0,0,Continuity (2-mould press)
2026-04-18 00:00:00,C,3614,1D25214012008QXPCT,2026-04-18 23:00:00,2026-04-19 07:00:00,44,22.0,0,Continuity (2-mould press)
2026-04-19 00:00:00,A,3614,1D25214012008QXPCT,2026-04-19 07:00:00,2026-04-19 15:00:00,44,22.0,0,Continuity (2-mould press)
2026-04-19 00:00:00,B,3614,1D25214012008QXPCT,2026-04-19 15:00:00,2026-04-19 23:00:00,44,22.0,0,Continuity (2-mould press)
2026-04-19 00:00:00,C,3614,1D25214012008QXPCT,2026-04-19 23:00:00,2026-04-20 00:40:00,9,22.0,0,Continuity (2-mould press)
2026-04-08 00:00:00,A,3615,1D25214012008QXPCT,2026-04-08 07:00:00,2026-04-08 15:00:00,44,22.0,0,Continuity (2-mould press)
2026-04-08 00:00:00,B,3615,1D25214012008QXPCT,2026-04-08 15:00:00,2026-04-08 23:00:00,44,22.0,0,Continuity (2-mould press)
2026-04-08 00:00:00,C,3615,1D25214012008QXPCT,2026-04-08 23:00:00,2026-04-09 07:00:00,44,22.0,0,Continuity (2-mould press)
2026-04-09 00:00:00,A,3615,1D25214012008QXPCT,2026-04-09 07:00:00,2026-04-09 15:00:00,44,22.0,0,Continuity (2-mould press)
2026-04-09 00:00:00,B,3615,1D25214012008QXPCT,2026-04-09 15:00:00,2026-04-09 23:00:00,44,22.0,0,Continuity (2-mould press)
2026-04-09 00:00:00,C,3615,1D25214012008QXPCT,2026-04-09 23:00:00,2026-04-10 07:00:00,44,22.0,0,Continuity (2-mould press)
2026-04-10 00:00:00,A,3615,1D25214012008QXPCT,2026-04-10 07:00:00,2026-04-10 15:00:00,44,22.0,0,Continuity (2-mould press)
2026-04-10 00:00:00,B,3615,1D25214012008QXPCT,2026-04-10 15:00:00,2026-04-10 23:00:00,44,22.0,0,Continuity (2-mould press)
2026-04-10 00:00:00,C,3615,1D25214012008QXPCT,2026-04-10 23:00:00,2026-04-11 07:00:00,44,22.0,0,Continuity (2-mould press)
2026-04-11 00:00:00,A,3615,1D25214012008QXPCT,2026-04-11 07:00:00,2026-04-11 15:00:00,44,22.0,0,Continuity (2-mould press)
2026-04-11 00:00:00,B,3615,1D25214012008QXPCT,2026-04-11 15:00:00,2026-04-11 23:00:00,44,22.0,0,Continuity (2-mould press)
2026-04-11 00:00:00,C,3615,1D25214012008QXPCT,2026-04-11 23:00:00,2026-04-12 07:00:00,44,22.0,0,Continuity (2-mould press)
2026-04-12 00:00:00,A,3615,1D25214012008QXPCT,2026-04-12 07:00:00,2026-04-12 15:00:00,44,22.0,0,Continuity (2-mould press)
2026-04-12 00:00:00,B,3615,1D25214012008QXPCT,2026-04-12 15:00:00,2026-04-12 23:00:00,44,22.0,0,Continuity (2-mould press)
2026-04-12 00:00:00,C,3615,1D25214012008QXPCT,2026-04-12 23:00:00,2026-04-13 07:00:00,44,22.0,0,Continuity (2-mould press)
2026-04-13 00:00:00,A,3615,1D25214012008QXPCT,2026-04-13 07:00:00,2026-04-13 15:00:00,44,22.0,0,Continuity (2-mould press)
2026-04-13 00:00:00,B,3615,1D25214012008QXPCT,2026-04-13 15:00:00,2026-04-13 23:00:00,44,22.0,0,Continuity (2-mould press)
2026-04-13 00:00:00,C,3615,1D25214012008QXPCT,2026-04-13 23:00:00,2026-04-14 07:00:00,44,22.0,0,Continuity (2-mould press)
2026-04-14 00:00:00,A,3615,1D25214012008QXPCT,2026-04-14 07:00:00,2026-04-14 15:00:00,44,22.0,0,Continuity (2-mould press)
2026-04-14 00:00:00,B,3615,1D25214012008QXPCT,2026-04-14 15:00:00,2026-04-14 23:00:00,44,22.0,0,Continuity (2-mould press)
2026-04-14 00:00:00,C,3615,1D25214012008QXPCT,2026-04-14 23:00:00,2026-04-15 07:00:00,44,22.0,0,Continuity (2-mould press)
2026-04-15 00:00:00,A,3615,1D25214012008QXPCT,2026-04-15 07:00:00,2026-04-15 15:00:00,44,22.0,0,Continuity (2-mould press)
2026-04-15 00:00:00,B,3615,1D25214012008QXPCT,2026-04-15 15:00:00,2026-04-15 23:00:00,44,22.0,0,Continuity (2-mould press)
2026-04-15 00:00:00,C,3615,1D25214012008QXPCT,2026-04-15 23:00:00,2026-04-16 07:00:00,44,22.0,0,Continuity (2-mould press)
2026-04-16 00:00:00,A,3615,1D25214012008QXPCT,2026-04-16 07:00:00,2026-04-16 15:00:00,44,22.0,0,Continuity (2-mould press)
2026-04-16 00:00:00,B,3615,1D25214012008QXPCT,2026-04-16 15:00:00,2026-04-16 23:00:00,44,22.0,0,Continuity (2-mould press)
2026-04-16 00:00:00,C,3615,1D25214012008QXPCT,2026-04-16 23:00:00,2026-04-17 07:00:00,44,22.0,0,Continuity (2-mould press)
2026-04-17 00:00:00,A,3615,1D25214012008QXPCT,2026-04-17 07:00:00,2026-04-17 15:00:00,44,22.0,0,Continuity (2-mould press)
2026-04-17 00:00:00,B,3615,1D25214012008QXPCT,2026-04-17 15:00:00,2026-04-17 23:00:00,44,22.0,0,Continuity (2-mould press)
2026-04-17 00:00:00,C,3615,1D25214012008QXPCT,2026-04-17 23:00:00,2026-04-18 07:00:00,44,22.0,0,Continuity (2-mould press)
2026-04-18 00:00:00,A,3615,1D25214012008QXPCT,2026-04-18 07:00:00,2026-04-18 15:00:00,44,22.0,0,Continuity (2-mould press)
2026-04-18 00:00:00,B,3615,1D25214012008QXPCT,2026-04-18 15:00:00,2026-04-18 23:00:00,44,22.0,0,Continuity (2-mould press)
2026-04-18 00:00:00,C,3615,1D25214012008QXPCT,2026-04-18 23:00:00,2026-04-19 07:00:00,44,22.0,0,Continuity (2-mould press)
2026-04-19 00:00:00,A,3615,1D25214012008QXPCT,2026-04-19 07:00:00,2026-04-19 15:00:00,44,22.0,0,Continuity (2-mould press)
2026-04-19 00:00:00,B,3615,1D25214012008QXPCT,2026-04-19 15:00:00,2026-04-19 21:40:00,36,22.0,0,Continuity (2-mould press)
2026-04-08 00:00:00,A,3616,1D25214012008QXPCT,2026-04-08 07:00:00,2026-04-08 15:00:00,44,22.0,0,Continuity (2-mould press)
2026-04-08 00:00:00,B,3616,1D25214012008QXPCT,2026-04-08 15:00:00,2026-04-08 23:00:00,44,22.0,0,Continuity (2-mould press)
2026-04-08 00:00:00,C,3616,1D25214012008QXPCT,2026-04-08 23:00:00,2026-04-09 07:00:00,44,22.0,0,Continuity (2-mould press)
2026-04-09 00:00:00,A,3616,1D25214012008QXPCT,2026-04-09 07:00:00,2026-04-09 15:00:00,44,22.0,0,Continuity (2-mould press)
2026-04-09 00:00:00,B,3616,1D25214012008QXPCT,2026-04-09 15:00:00,2026-04-09 23:00:00,44,22.0,0,Continuity (2-mould press)
2026-04-09 00:00:00,C,3616,1D25214012008QXPCT,2026-04-09 23:00:00,2026-04-10 07:00:00,44,22.0,0,Continuity (2-mould press)
2026-04-10 00:00:00,A,3616,1D25214012008QXPCT,2026-04-10 07:00:00,2026-04-10 15:00:00,44,22.0,0,Continuity (2-mould press)
2026-04-10 00:00:00,B,3616,1D25214012008QXPCT,2026-04-10 15:00:00,2026-04-10 23:00:00,44,22.0,0,Continuity (2-mould press)
2026-04-10 00:00:00,C,3616,1D25214012008QXPCT,2026-04-10 23:00:00,2026-04-11 07:00:00,44,22.0,0,Continuity (2-mould press)
2026-04-11 00:00:00,A,3616,1D25214012008QXPCT,2026-04-11 07:00:00,2026-04-11 15:00:00,44,22.0,0,Continuity (2-mould press)
2026-04-11 00:00:00,B,3616,1D25214012008QXPCT,2026-04-11 15:00:00,2026-04-11 23:00:00,44,22.0,0,Continuity (2-mould press)
2026-04-11 00:00:00,C,3616,1D25214012008QXPCT,2026-04-11 23:00:00,2026-04-12 07:00:00,44,22.0,0,Continuity (2-mould press)
2026-04-12 00:00:00,A,3616,1D25214012008QXPCT,2026-04-12 07:00:00,2026-04-12 15:00:00,44,22.0,0,Continuity (2-mould press)
2026-04-12 00:00:00,B,3616,1D25214012008QXPCT,2026-04-12 15:00:00,2026-04-12 23:00:00,44,22.0,0,Continuity (2-mould press)
2026-04-12 00:00:00,C,3616,1D25214012008QXPCT,2026-04-12 23:00:00,2026-04-13 07:00:00,44,22.0,0,Continuity (2-mould press)
2026-04-13 00:00:00,A,3616,1D25214012008QXPCT,2026-04-13 07:00:00,2026-04-13 15:00:00,44,22.0,0,Continuity (2-mould press)
2026-04-13 00:00:00,B,3616,1D25214012008QXPCT,2026-04-13 15:00:00,2026-04-13 23:00:00,44,22.0,0,Continuity (2-mould press)
2026-04-13 00:00:00,C,3616,1D25214012008QXPCT,2026-04-13 23:00:00,2026-04-14 07:00:00,44,22.0,0,Continuity (2-mould press)
2026-04-14 00:00:00,A,3616,1D25214012008QXPCT,2026-04-14 07:00:00,2026-04-14 15:00:00,44,22.0,0,Continuity (2-mould press)
2026-04-14 00:00:00,B,3616,1D25214012008QXPCT,2026-04-14 15:00:00,2026-04-14 23:00:00,44,22.0,0,Continuity (2-mould press)
2026-04-14 00:00:00,C,3616,1D25214012008QXPCT,2026-04-14 23:00:00,2026-04-15 07:00:00,44,22.0,0,Continuity (2-mould press)
2026-04-15 00:00:00,A,3616,1D25214012008QXPCT,2026-04-15 07:00:00,2026-04-15 15:00:00,44,22.0,0,Continuity (2-mould press)
2026-04-15 00:00:00,B,3616,1D25214012008QXPCT,2026-04-15 15:00:00,2026-04-15 23:00:00,44,22.0,0,Continuity (2-mould press)
2026-04-15 00:00:00,C,3616,1D25214012008QXPCT,2026-04-15 23:00:00,2026-04-16 07:00:00,44,22.0,0,Continuity (2-mould press)
2026-04-16 00:00:00,A,3616,1D25214012008QXPCT,2026-04-16 07:00:00,2026-04-16 15:00:00,44,22.0,0,Continuity (2-mould press)
2026-04-16 00:00:00,B,3616,1D25214012008QXPCT,2026-04-16 15:00:00,2026-04-16 23:00:00,44,22.0,0,Continuity (2-mould press)
2026-04-16 00:00:00,C,3616,1D25214012008QXPCT,2026-04-16 23:00:00,2026-04-17 07:00:00,44,22.0,0,Continuity (2-mould press)
2026-04-17 00:00:00,A,3616,1D25214012008QXPCT,2026-04-17 07:00:00,2026-04-17 15:00:00,44,22.0,0,Continuity (2-mould press)
2026-04-17 00:00:00,B,3616,1D25214012008QXPCT,2026-04-17 15:00:00,2026-04-17 23:00:00,44,22.0,0,Continuity (2-mould press)
2026-04-17 00:00:00,C,3616,1D25214012008QXPCT,2026-04-17 23:00:00,2026-04-18 00:34:00,9,22.0,0,Continuity (2-mould press)
2026-04-17 00:00:00,C,3616,MOULD_CLEAN,2026-04-18 00:34:00,2026-04-18 03:34:00,0,0.0,0,Mould cleaning (continuity)
2026-04-17 00:00:00,C,3616,1D25214012008QXPCT,2026-04-18 03:34:00,2026-04-18 07:00:00,19,22.0,0,Continuity (2-mould press)
2026-04-18 00:00:00,A,3616,1D25214012008QXPCT,2026-04-18 07:00:00,2026-04-18 15:00:00,44,22.0,0,Continuity (2-mould press)
2026-04-18 00:00:00,B,3616,1D25214012008QXPCT,2026-04-18 15:00:00,2026-04-18 23:00:00,44,22.0,0,Continuity (2-mould press)
2026-04-18 00:00:00,C,3616,1D25214012008QXPCT,2026-04-18 23:00:00,2026-04-19 07:00:00,44,22.0,0,Continuity (2-mould press)
2026-04-19 00:00:00,A,3616,1D25214012008QXPCT,2026-04-19 07:00:00,2026-04-19 15:00:00,44,22.0,0,Continuity (2-mould press)
2026-04-19 00:00:00,B,3616,1D25214012008QXPCT,2026-04-19 15:00:00,2026-04-19 23:00:00,44,22.0,0,Continuity (2-mould press)
2026-04-19 00:00:00,C,3616,1D25214012008QXPCT,2026-04-19 23:00:00,2026-04-20 00:40:00,9,22.0,0,Continuity (2-mould press)
2026-04-08 00:00:00,A,4501,1D25215013008SXC10,2026-04-08 07:00:00,2026-04-08 15:00:00,51,19.0,0,Continuity (2-mould press)
2026-04-08 00:00:00,B,4501,1D25215013008SXC10,2026-04-08 15:00:00,2026-04-08 23:00:00,51,19.0,0,Continuity (2-mould press)
2026-04-08 00:00:00,C,4501,1D25215013008SXC10,2026-04-08 23:00:00,2026-04-09 07:00:00,51,19.0,0,Continuity (2-mould press)
2026-04-09 00:00:00,A,4501,1D25215013008SXC10,2026-04-09 07:00:00,2026-04-09 15:00:00,51,19.0,0,Continuity (2-mould press)
2026-04-09 00:00:00,B,4501,1D25215013008SXC10,2026-04-09 15:00:00,2026-04-09 23:00:00,51,19.0,0,Continuity (2-mould press)
2026-04-09 00:00:00,C,4501,1D25215013008SXC10,2026-04-09 23:00:00,2026-04-10 07:00:00,51,19.0,0,Continuity (2-mould press)
2026-04-10 00:00:00,A,4501,1D25215013008SXC10,2026-04-10 07:00:00,2026-04-10 15:00:00,51,19.0,0,Continuity (2-mould press)
2026-04-10 00:00:00,B,4501,1D25215013008SXC10,2026-04-10 15:00:00,2026-04-10 23:00:00,51,19.0,0,Continuity (2-mould press)
2026-04-10 00:00:00,C,4501,1D25215013008SXC10,2026-04-10 23:00:00,2026-04-11 07:00:00,51,19.0,0,Continuity (2-mould press)
2026-04-11 00:00:00,A,4501,1D25215013008SXC10,2026-04-11 07:00:00,2026-04-11 15:00:00,51,19.0,0,Continuity (2-mould press)
2026-04-11 00:00:00,B,4501,1D25215013008SXC10,2026-04-11 15:00:00,2026-04-11 23:00:00,51,19.0,0,Continuity (2-mould press)
2026-04-11 00:00:00,C,4501,1D25215013008SXC10,2026-04-11 23:00:00,2026-04-12 07:00:00,51,19.0,0,Continuity (2-mould press)
2026-04-12 00:00:00,A,4501,1D25215013008SXC10,2026-04-12 07:00:00,2026-04-12 15:00:00,51,19.0,0,Continuity (2-mould press)
2026-04-12 00:00:00,B,4501,1D25215013008SXC10,2026-04-12 15:00:00,2026-04-12 23:00:00,51,19.0,0,Continuity (2-mould press)
2026-04-12 00:00:00,C,4501,1D25215013008SXC10,2026-04-12 23:00:00,2026-04-13 07:00:00,51,19.0,0,Continuity (2-mould press)
2026-04-13 00:00:00,A,4501,1D25215013008SXC10,2026-04-13 07:00:00,2026-04-13 15:00:00,51,19.0,0,Continuity (2-mould press)
2026-04-13 00:00:00,B,4501,1D25215013008SXC10,2026-04-13 15:00:00,2026-04-13 23:00:00,51,19.0,0,Continuity (2-mould press)
2026-04-13 00:00:00,C,4501,1D25215013008SXC10,2026-04-13 23:00:00,2026-04-14 07:00:00,51,19.0,0,Continuity (2-mould press)
2026-04-14 00:00:00,A,4501,1D25215013008SXC10,2026-04-14 07:00:00,2026-04-14 15:00:00,51,19.0,0,Continuity (2-mould press)
2026-04-14 00:00:00,B,4501,1D25215013008SXC10,2026-04-14 15:00:00,2026-04-14 23:00:00,51,19.0,0,Continuity (2-mould press)
2026-04-14 00:00:00,C,4501,1D25215013008SXC10,2026-04-14 23:00:00,2026-04-15 07:00:00,51,19.0,0,Continuity (2-mould press)
2026-04-15 00:00:00,A,4501,1D25215013008SXC10,2026-04-15 07:00:00,2026-04-15 15:00:00,51,19.0,0,Continuity (2-mould press)
2026-04-15 00:00:00,B,4501,1D25215013008SXC10,2026-04-15 15:00:00,2026-04-15 23:00:00,51,19.0,0,Continuity (2-mould press)
2026-04-15 00:00:00,C,4501,1D25215013008SXC10,2026-04-15 23:00:00,2026-04-16 07:00:00,51,19.0,0,Continuity (2-mould press)
2026-04-16 00:00:00,A,4501,1D25215013008SXC10,2026-04-16 07:00:00,2026-04-16 15:00:00,51,19.0,0,Continuity (2-mould press)
2026-04-16 00:00:00,B,4501,1D25215013008SXC10,2026-04-16 15:00:00,2026-04-16 23:00:00,51,19.0,0,Continuity (2-mould press)
2026-04-16 00:00:00,C,4501,1D25215013008SXC10,2026-04-16 23:00:00,2026-04-17 07:00:00,51,19.0,0,Continuity (2-mould press)
2026-04-17 00:00:00,A,4501,1D25215013008SXC10,2026-04-17 07:00:00,2026-04-17 15:00:00,51,19.0,0,Continuity (2-mould press)
2026-04-17 00:00:00,B,4501,1D25215013008SXC10,2026-04-17 15:00:00,2026-04-17 23:00:00,51,19.0,0,Continuity (2-mould press)
2026-04-17 00:00:00,C,4501,1D25215013008SXC10,2026-04-17 23:00:00,2026-04-18 07:00:00,51,19.0,0,Continuity (2-mould press)
2026-04-18 00:00:00,A,4501,1D25215013008SXC10,2026-04-18 07:00:00,2026-04-18 15:00:00,51,19.0,0,Continuity (2-mould press)
2026-04-18 00:00:00,B,4501,1D25215013008SXC10,2026-04-18 15:00:00,2026-04-18 23:00:00,51,19.0,0,Continuity (2-mould press)
2026-04-18 00:00:00,C,4501,1D25215013008SXC10,2026-04-18 23:00:00,2026-04-19 07:00:00,51,19.0,0,Continuity (2-mould press)
2026-04-19 00:00:00,A,4501,1D25215013008SXC10,2026-04-19 07:00:00,2026-04-19 15:00:00,51,19.0,0,Continuity (2-mould press)
2026-04-19 00:00:00,B,4501,1D25215013008SXC10,2026-04-19 15:00:00,2026-04-19 23:00:00,51,19.0,0,Continuity (2-mould press)
2026-04-19 00:00:00,C,4501,1D25215013008SXC10,2026-04-19 23:00:00,2026-04-20 07:00:00,51,19.0,0,Continuity (2-mould press)
2026-04-20 00:00:00,A,4501,1D25215013008SXC10,2026-04-20 07:00:00,2026-04-20 15:00:00,51,19.0,0,Continuity (2-mould press)
2026-04-20 00:00:00,B,4501,1D25215013008SXC10,2026-04-20 15:00:00,2026-04-20 23:00:00,51,19.0,0,Continuity (2-mould press)
2026-04-20 00:00:00,C,4501,1D25215013008SXC10,2026-04-20 23:00:00,2026-04-21 07:00:00,51,19.0,0,Continuity (2-mould press)
2026-04-21 00:00:00,A,4501,1D25215013008SXC10,2026-04-21 07:00:00,2026-04-21 15:00:00,51,19.0,0,Continuity (2-mould press)
2026-04-21 00:00:00,B,4501,1D25215013008SXC10,2026-04-21 15:00:00,2026-04-21 23:00:00,51,19.0,0,Continuity (2-mould press)
2026-04-21 00:00:00,C,4501,1D25215013008SXC10,2026-04-21 23:00:00,2026-04-22 07:00:00,51,19.0,0,Continuity (2-mould press)
2026-04-22 00:00:00,A,4501,1D25215013008SXC10,2026-04-22 07:00:00,2026-04-22 15:00:00,51,19.0,0,Continuity (2-mould press)
2026-04-22 00:00:00,B,4501,1D25215013008SXC10,2026-04-22 15:00:00,2026-04-22 23:00:00,51,19.0,0,Continuity (2-mould press)
2026-04-22 00:00:00,C,4501,1D25215013008SXC10,2026-04-22 23:00:00,2026-04-23 07:00:00,51,19.0,0,Continuity (2-mould press)
2026-04-23 00:00:00,A,4501,1D25215013008SXC10,2026-04-23 07:00:00,2026-04-23 15:00:00,51,19.0,0,Continuity (2-mould press)
2026-04-23 00:00:00,B,4501,1D25215013008SXC10,2026-04-23 15:00:00,2026-04-23 23:00:00,51,19.0,0,Continuity (2-mould press)
2026-04-23 00:00:00,C,4501,1D25215013008SXC10,2026-04-23 23:00:00,2026-04-24 07:00:00,51,19.0,0,Continuity (2-mould press)
2026-04-24 00:00:00,A,4501,1D25215013008SXC10,2026-04-24 07:00:00,2026-04-24 15:00:00,51,19.0,0,Continuity (2-mould press)
2026-04-24 00:00:00,B,4501,1D25215013008SXC10,2026-04-24 15:00:00,2026-04-24 23:00:00,51,19.0,0,Continuity (2-mould press)
2026-04-24 00:00:00,C,4501,1D25215013008SXC10,2026-04-24 23:00:00,2026-04-25 07:00:00,51,19.0,0,Continuity (2-mould press)
2026-04-25 00:00:00,A,4501,1D25215013008SXC10,2026-04-25 07:00:00,2026-04-25 15:00:00,51,19.0,0,Continuity (2-mould press)
2026-04-25 00:00:00,B,4501,1D25215013008SXC10,2026-04-25 15:00:00,2026-04-25 23:00:00,51,19.0,0,Continuity (2-mould press)
2026-04-25 00:00:00,C,4501,1D25215013008SXC10,2026-04-25 23:00:00,2026-04-26 07:00:00,51,19.0,0,Continuity (2-mould press)
2026-04-26 00:00:00,A,4501,1D25215013008SXC10,2026-04-26 07:00:00,2026-04-26 15:00:00,51,19.0,0,Continuity (2-mould press)
2026-04-26 00:00:00,B,4501,1D25215013008SXC10,2026-04-26 15:00:00,2026-04-26 23:00:00,51,19.0,0,Continuity (2-mould press)
2026-04-26 00:00:00,C,4501,1D25215013008SXC10,2026-04-26 23:00:00,2026-04-27 07:00:00,51,19.0,0,Continuity (2-mould press)
2026-04-27 00:00:00,A,4501,1D25215013008SXC10,2026-04-27 07:00:00,2026-04-27 15:00:00,51,19.0,0,Continuity (2-mould press)
2026-04-27 00:00:00,B,4501,1D25215013008SXC10,2026-04-27 15:00:00,2026-04-27 23:00:00,51,19.0,0,Continuity (2-mould press)
2026-04-27 00:00:00,C,4501,1D25215013008SXC10,2026-04-27 23:00:00,2026-04-28 07:00:00,51,19.0,0,Continuity (2-mould press)
2026-04-28 00:00:00,A,4501,1D25215013008SXC10,2026-04-28 07:00:00,2026-04-28 15:00:00,51,19.0,0,Continuity (2-mould press)
2026-04-28 00:00:00,B,4501,1D25215013008SXC10,2026-04-28 15:00:00,2026-04-28 23:00:00,51,19.0,0,Continuity (2-mould press)
2026-04-28 00:00:00,C,4501,1D25215013008SXC10,2026-04-28 23:00:00,2026-04-29 07:00:00,51,19.0,0,Continuity (2-mould press)
2026-04-29 00:00:00,A,4501,1D25215013008SXC10,2026-04-29 07:00:00,2026-04-29 15:00:00,51,19.0,0,Continuity (2-mould press)
2026-04-29 00:00:00,B,4501,1D25215013008SXC10,2026-04-29 15:00:00,2026-04-29 23:00:00,51,19.0,0,Continuity (2-mould press)
2026-04-29 00:00:00,C,4501,1D25215013008SXC10,2026-04-29 23:00:00,2026-04-30 07:00:00,51,19.0,0,Continuity (2-mould press)
2026-04-30 00:00:00,A,4501,1D25215013008SXC10,2026-04-30 07:00:00,2026-04-30 07:31:00,3,19.0,0,Continuity (2-mould press)
2026-04-08 00:00:00,A,4502,1325215813079TUNE3,2026-04-08 07:00:00,2026-04-08 15:00:00,69,14.0,0,Continuity (2-mould press)
2026-04-08 00:00:00,B,4502,1325215813079TUNE3,2026-04-08 15:00:00,2026-04-08 23:00:00,69,14.0,0,Continuity (2-mould press)
2026-04-08 00:00:00,C,4502,1325215813079TUNE3,2026-04-08 23:00:00,2026-04-09 07:00:00,69,14.0,0,Continuity (2-mould press)
2026-04-09 00:00:00,A,4502,1325215813079TUNE3,2026-04-09 07:00:00,2026-04-09 15:00:00,69,14.0,0,Continuity (2-mould press)
2026-04-09 00:00:00,B,4502,1325215813079TUNE3,2026-04-09 15:00:00,2026-04-09 23:00:00,69,14.0,0,Continuity (2-mould press)
2026-04-09 00:00:00,C,4502,1325215813079TUNE3,2026-04-09 23:00:00,2026-04-10 07:00:00,69,14.0,0,Continuity (2-mould press)
2026-04-10 00:00:00,A,4502,1325215813079TUNE3,2026-04-10 07:00:00,2026-04-10 15:00:00,69,14.0,0,Continuity (2-mould press)
2026-04-10 00:00:00,B,4502,1325215813079TUNE3,2026-04-10 15:00:00,2026-04-10 23:00:00,69,14.0,0,Continuity (2-mould press)
2026-04-10 00:00:00,C,4502,1325215813079TUNE3,2026-04-10 23:00:00,2026-04-11 07:00:00,69,14.0,0,Continuity (2-mould press)
2026-04-11 00:00:00,A,4502,1325215813079TUNE3,2026-04-11 07:00:00,2026-04-11 15:00:00,69,14.0,0,Continuity (2-mould press)
2026-04-11 00:00:00,B,4502,1325215813079TUNE3,2026-04-11 15:00:00,2026-04-11 23:00:00,69,14.0,0,Continuity (2-mould press)
2026-04-11 00:00:00,C,4502,1325215813079TUNE3,2026-04-11 23:00:00,2026-04-12 07:00:00,69,14.0,0,Continuity (2-mould press)
2026-04-12 00:00:00,A,4502,1325215813079TUNE3,2026-04-12 07:00:00,2026-04-12 15:00:00,69,14.0,0,Continuity (2-mould press)
2026-04-12 00:00:00,B,4502,1325215813079TUNE3,2026-04-12 15:00:00,2026-04-12 23:00:00,69,14.0,0,Continuity (2-mould press)
2026-04-12 00:00:00,C,4502,1325215813079TUNE3,2026-04-12 23:00:00,2026-04-13 07:00:00,69,14.0,0,Continuity (2-mould press)
2026-04-13 00:00:00,A,4502,1325215813079TUNE3,2026-04-13 07:00:00,2026-04-13 15:00:00,69,14.0,0,Continuity (2-mould press)
2026-04-13 00:00:00,B,4502,1325215813079TUNE3,2026-04-13 15:00:00,2026-04-13 23:00:00,69,14.0,0,Continuity (2-mould press)
2026-04-13 00:00:00,C,4502,1325215813079TUNE3,2026-04-13 23:00:00,2026-04-14 07:00:00,69,14.0,0,Continuity (2-mould press)
2026-04-14 00:00:00,A,4502,1325215813079TUNE3,2026-04-14 07:00:00,2026-04-14 15:00:00,69,14.0,0,Continuity (2-mould press)
2026-04-14 00:00:00,B,4502,1325215813079TUNE3,2026-04-14 15:00:00,2026-04-14 23:00:00,69,14.0,0,Continuity (2-mould press)
2026-04-14 00:00:00,C,4502,1325215813079TUNE3,2026-04-14 23:00:00,2026-04-15 07:00:00,69,14.0,0,Continuity (2-mould press)
2026-04-15 00:00:00,A,4502,1325215813079TUNE3,2026-04-15 07:00:00,2026-04-15 15:00:00,69,14.0,0,Continuity (2-mould press)
2026-04-15 00:00:00,B,4502,1325215813079TUNE3,2026-04-15 15:00:00,2026-04-15 23:00:00,69,14.0,0,Continuity (2-mould press)
2026-04-15 00:00:00,C,4502,1325215813079TUNE3,2026-04-15 23:00:00,2026-04-16 07:00:00,69,14.0,0,Continuity (2-mould press)
2026-04-16 00:00:00,A,4502,1325215813079TUNE3,2026-04-16 07:00:00,2026-04-16 15:00:00,69,14.0,0,Continuity (2-mould press)
2026-04-16 00:00:00,B,4502,1325215813079TUNE3,2026-04-16 15:00:00,2026-04-16 23:00:00,69,14.0,0,Continuity (2-mould press)
2026-04-16 00:00:00,C,4502,1325215813079TUNE3,2026-04-16 23:00:00,2026-04-17 07:00:00,69,14.0,0,Continuity (2-mould press)
2026-04-17 00:00:00,A,4502,1325215813079TUNE3,2026-04-17 07:00:00,2026-04-17 15:00:00,69,14.0,0,Continuity (2-mould press)
2026-04-17 00:00:00,B,4502,1325215813079TUNE3,2026-04-17 15:00:00,2026-04-17 23:00:00,69,14.0,0,Continuity (2-mould press)
2026-04-17 00:00:00,C,4502,1325215813079TUNE3,2026-04-17 23:00:00,2026-04-18 07:00:00,69,14.0,0,Continuity (2-mould press)
2026-04-18 00:00:00,A,4502,1325215813079TUNE3,2026-04-18 07:00:00,2026-04-18 15:00:00,69,14.0,0,Continuity (2-mould press)
2026-04-18 00:00:00,B,4502,1325215813079TUNE3,2026-04-18 15:00:00,2026-04-18 23:00:00,69,14.0,0,Continuity (2-mould press)
2026-04-18 00:00:00,C,4502,1325215813079TUNE3,2026-04-18 23:00:00,2026-04-19 07:00:00,69,14.0,0,Continuity (2-mould press)
2026-04-19 00:00:00,A,4502,1325215813079TUNE3,2026-04-19 07:00:00,2026-04-19 15:00:00,69,14.0,0,Continuity (2-mould press)
2026-04-19 00:00:00,B,4502,1325215813079TUNE3,2026-04-19 15:00:00,2026-04-19 23:00:00,69,14.0,0,Continuity (2-mould press)
2026-04-19 00:00:00,C,4502,1325215813079TUNE3,2026-04-19 23:00:00,2026-04-20 07:00:00,69,14.0,0,Continuity (2-mould press)
2026-04-20 00:00:00,A,4502,1325215813079TUNE3,2026-04-20 07:00:00,2026-04-20 15:00:00,69,14.0,0,Continuity (2-mould press)
2026-04-20 00:00:00,B,4502,1325215813079TUNE3,2026-04-20 15:00:00,2026-04-20 23:00:00,69,14.0,0,Continuity (2-mould press)
2026-04-20 00:00:00,C,4502,1325215813079TUNE3,2026-04-20 23:00:00,2026-04-21 07:00:00,69,14.0,0,Continuity (2-mould press)
2026-04-21 00:00:00,A,4502,1325215813079TUNE3,2026-04-21 07:00:00,2026-04-21 15:00:00,69,14.0,0,Continuity (2-mould press)
2026-04-21 00:00:00,B,4502,1325215813079TUNE3,2026-04-21 15:00:00,2026-04-21 23:00:00,69,14.0,0,Continuity (2-mould press)
2026-04-21 00:00:00,C,4502,1325215813079TUNE3,2026-04-21 23:00:00,2026-04-22 07:00:00,69,14.0,0,Continuity (2-mould press)
2026-04-22 00:00:00,A,4502,1325215813079TUNE3,2026-04-22 07:00:00,2026-04-22 15:00:00,69,14.0,0,Continuity (2-mould press)
2026-04-22 00:00:00,B,4502,1325215813079TUNE3,2026-04-22 15:00:00,2026-04-22 23:00:00,69,14.0,0,Continuity (2-mould press)
2026-04-22 00:00:00,C,4502,1325215813079TUNE3,2026-04-22 23:00:00,2026-04-23 07:00:00,69,14.0,0,Continuity (2-mould press)
2026-04-23 00:00:00,A,4502,1325215813079TUNE3,2026-04-23 07:00:00,2026-04-23 15:00:00,69,14.0,0,Continuity (2-mould press)
2026-04-23 00:00:00,B,4502,1325215813079TUNE3,2026-04-23 15:00:00,2026-04-23 23:00:00,69,14.0,0,Continuity (2-mould press)
2026-04-23 00:00:00,C,4502,1325215813079TUNE3,2026-04-23 23:00:00,2026-04-24 07:00:00,69,14.0,0,Continuity (2-mould press)
2026-04-24 00:00:00,A,4502,1325215813079TUNE3,2026-04-24 07:00:00,2026-04-24 15:00:00,69,14.0,0,Continuity (2-mould press)
2026-04-24 00:00:00,B,4502,1325215813079TUNE3,2026-04-24 15:00:00,2026-04-24 23:00:00,69,14.0,0,Continuity (2-mould press)
2026-04-24 00:00:00,C,4502,1325215813079TUNE3,2026-04-24 23:00:00,2026-04-25 07:00:00,69,14.0,0,Continuity (2-mould press)
2026-04-25 00:00:00,A,4502,1325215813079TUNE3,2026-04-25 07:00:00,2026-04-25 15:00:00,69,14.0,0,Continuity (2-mould press)
2026-04-25 00:00:00,B,4502,1325215813079TUNE3,2026-04-25 15:00:00,2026-04-25 23:00:00,69,14.0,0,Continuity (2-mould press)
2026-04-25 00:00:00,C,4502,1325215813079TUNE3,2026-04-25 23:00:00,2026-04-26 07:00:00,69,14.0,0,Continuity (2-mould press)
2026-04-26 00:00:00,A,4502,1325215813079TUNE3,2026-04-26 07:00:00,2026-04-26 15:00:00,69,14.0,0,Continuity (2-mould press)
2026-04-26 00:00:00,B,4502,1325215813079TUNE3,2026-04-26 15:00:00,2026-04-26 23:00:00,69,14.0,0,Continuity (2-mould press)
2026-04-26 00:00:00,C,4502,1325215813079TUNE3,2026-04-26 23:00:00,2026-04-27 07:00:00,69,14.0,0,Continuity (2-mould press)
2026-04-27 00:00:00,A,4502,1325215813079TUNE3,2026-04-27 07:00:00,2026-04-27 08:34:00,13,14.0,0,Continuity (2-mould press)
2026-04-08 00:00:00,A,4503,1325215813079TUNE3,2026-04-08 07:00:00,2026-04-08 15:00:00,69,14.0,0,Continuity (2-mould press)
2026-04-08 00:00:00,B,4503,1325215813079TUNE3,2026-04-08 15:00:00,2026-04-08 19:08:00,35,14.0,0,Continuity (2-mould press)
2026-04-08 00:00:00,B,4503,MOULD_CLEAN,2026-04-08 19:08:00,2026-04-08 22:08:00,0,0.0,0,Mould cleaning (continuity)
2026-04-08 00:00:00,B,4503,1325215813079TUNE3,2026-04-08 22:08:00,2026-04-08 23:00:00,7,14.0,0,Continuity (2-mould press)
2026-04-08 00:00:00,C,4503,1325215813079TUNE3,2026-04-08 23:00:00,2026-04-09 07:00:00,69,14.0,0,Continuity (2-mould press)
2026-04-09 00:00:00,A,4503,1325215813079TUNE3,2026-04-09 07:00:00,2026-04-09 15:00:00,69,14.0,0,Continuity (2-mould press)
2026-04-09 00:00:00,B,4503,1325215813079TUNE3,2026-04-09 15:00:00,2026-04-09 23:00:00,69,14.0,0,Continuity (2-mould press)
2026-04-09 00:00:00,C,4503,1325215813079TUNE3,2026-04-09 23:00:00,2026-04-10 07:00:00,69,14.0,0,Continuity (2-mould press)
2026-04-10 00:00:00,A,4503,1325215813079TUNE3,2026-04-10 07:00:00,2026-04-10 15:00:00,69,14.0,0,Continuity (2-mould press)
2026-04-10 00:00:00,B,4503,1325215813079TUNE3,2026-04-10 15:00:00,2026-04-10 23:00:00,69,14.0,0,Continuity (2-mould press)
2026-04-10 00:00:00,C,4503,1325215813079TUNE3,2026-04-10 23:00:00,2026-04-11 07:00:00,69,14.0,0,Continuity (2-mould press)
2026-04-11 00:00:00,A,4503,1325215813079TUNE3,2026-04-11 07:00:00,2026-04-11 15:00:00,69,14.0,0,Continuity (2-mould press)
2026-04-11 00:00:00,B,4503,1325215813079TUNE3,2026-04-11 15:00:00,2026-04-11 23:00:00,69,14.0,0,Continuity (2-mould press)
2026-04-11 00:00:00,C,4503,1325215813079TUNE3,2026-04-11 23:00:00,2026-04-12 07:00:00,69,14.0,0,Continuity (2-mould press)
2026-04-12 00:00:00,A,4503,1325215813079TUNE3,2026-04-12 07:00:00,2026-04-12 15:00:00,69,14.0,0,Continuity (2-mould press)
2026-04-12 00:00:00,B,4503,1325215813079TUNE3,2026-04-12 15:00:00,2026-04-12 23:00:00,69,14.0,0,Continuity (2-mould press)
2026-04-12 00:00:00,C,4503,1325215813079TUNE3,2026-04-12 23:00:00,2026-04-13 07:00:00,69,14.0,0,Continuity (2-mould press)
2026-04-13 00:00:00,A,4503,1325215813079TUNE3,2026-04-13 07:00:00,2026-04-13 15:00:00,69,14.0,0,Continuity (2-mould press)
2026-04-13 00:00:00,B,4503,1325215813079TUNE3,2026-04-13 15:00:00,2026-04-13 23:00:00,69,14.0,0,Continuity (2-mould press)
2026-04-13 00:00:00,C,4503,1325215813079TUNE3,2026-04-13 23:00:00,2026-04-14 07:00:00,69,14.0,0,Continuity (2-mould press)
2026-04-14 00:00:00,A,4503,1325215813079TUNE3,2026-04-14 07:00:00,2026-04-14 15:00:00,69,14.0,0,Continuity (2-mould press)
2026-04-14 00:00:00,B,4503,1325215813079TUNE3,2026-04-14 15:00:00,2026-04-14 23:00:00,69,14.0,0,Continuity (2-mould press)
2026-04-14 00:00:00,C,4503,1325215813079TUNE3,2026-04-14 23:00:00,2026-04-15 07:00:00,69,14.0,0,Continuity (2-mould press)
2026-04-15 00:00:00,A,4503,1325215813079TUNE3,2026-04-15 07:00:00,2026-04-15 15:00:00,69,14.0,0,Continuity (2-mould press)
2026-04-15 00:00:00,B,4503,1325215813079TUNE3,2026-04-15 15:00:00,2026-04-15 23:00:00,69,14.0,0,Continuity (2-mould press)
2026-04-15 00:00:00,C,4503,1325215813079TUNE3,2026-04-15 23:00:00,2026-04-16 07:00:00,69,14.0,0,Continuity (2-mould press)
2026-04-16 00:00:00,A,4503,1325215813079TUNE3,2026-04-16 07:00:00,2026-04-16 15:00:00,69,14.0,0,Continuity (2-mould press)
2026-04-16 00:00:00,B,4503,1325215813079TUNE3,2026-04-16 15:00:00,2026-04-16 23:00:00,69,14.0,0,Continuity (2-mould press)
2026-04-16 00:00:00,C,4503,1325215813079TUNE3,2026-04-16 23:00:00,2026-04-17 07:00:00,69,14.0,0,Continuity (2-mould press)
2026-04-17 00:00:00,A,4503,1325215813079TUNE3,2026-04-17 07:00:00,2026-04-17 15:00:00,69,14.0,0,Continuity (2-mould press)
2026-04-17 00:00:00,B,4503,1325215813079TUNE3,2026-04-17 15:00:00,2026-04-17 23:00:00,69,14.0,0,Continuity (2-mould press)
2026-04-17 00:00:00,C,4503,1325215813079TUNE3,2026-04-17 23:00:00,2026-04-18 07:00:00,69,14.0,0,Continuity (2-mould press)
2026-04-18 00:00:00,A,4503,1325215813079TUNE3,2026-04-18 07:00:00,2026-04-18 15:00:00,69,14.0,0,Continuity (2-mould press)
2026-04-18 00:00:00,B,4503,1325215813079TUNE3,2026-04-18 15:00:00,2026-04-18 23:00:00,69,14.0,0,Continuity (2-mould press)
2026-04-18 00:00:00,C,4503,1325215813079TUNE3,2026-04-18 23:00:00,2026-04-19 07:00:00,69,14.0,0,Continuity (2-mould press)
2026-04-19 00:00:00,A,4503,1325215813079TUNE3,2026-04-19 07:00:00,2026-04-19 15:00:00,69,14.0,0,Continuity (2-mould press)
2026-04-19 00:00:00,B,4503,1325215813079TUNE3,2026-04-19 15:00:00,2026-04-19 23:00:00,69,14.0,0,Continuity (2-mould press)
2026-04-19 00:00:00,C,4503,1325215813079TUNE3,2026-04-19 23:00:00,2026-04-20 07:00:00,69,14.0,0,Continuity (2-mould press)
2026-04-20 00:00:00,A,4503,1325215813079TUNE3,2026-04-20 07:00:00,2026-04-20 15:00:00,69,14.0,0,Continuity (2-mould press)
2026-04-20 00:00:00,B,4503,1325215813079TUNE3,2026-04-20 15:00:00,2026-04-20 23:00:00,69,14.0,0,Continuity (2-mould press)
2026-04-20 00:00:00,C,4503,1325215813079TUNE3,2026-04-20 23:00:00,2026-04-21 07:00:00,69,14.0,0,Continuity (2-mould press)
2026-04-21 00:00:00,A,4503,1325215813079TUNE3,2026-04-21 07:00:00,2026-04-21 15:00:00,69,14.0,0,Continuity (2-mould press)
2026-04-21 00:00:00,B,4503,1325215813079TUNE3,2026-04-21 15:00:00,2026-04-21 23:00:00,69,14.0,0,Continuity (2-mould press)
2026-04-21 00:00:00,C,4503,1325215813079TUNE3,2026-04-21 23:00:00,2026-04-22 07:00:00,69,14.0,0,Continuity (2-mould press)
2026-04-22 00:00:00,A,4503,1325215813079TUNE3,2026-04-22 07:00:00,2026-04-22 15:00:00,69,14.0,0,Continuity (2-mould press)
2026-04-22 00:00:00,B,4503,1325215813079TUNE3,2026-04-22 15:00:00,2026-04-22 23:00:00,69,14.0,0,Continuity (2-mould press)
2026-04-22 00:00:00,C,4503,1325215813079TUNE3,2026-04-22 23:00:00,2026-04-23 07:00:00,69,14.0,0,Continuity (2-mould press)
2026-04-23 00:00:00,A,4503,1325215813079TUNE3,2026-04-23 07:00:00,2026-04-23 15:00:00,69,14.0,0,Continuity (2-mould press)
2026-04-23 00:00:00,B,4503,1325215813079TUNE3,2026-04-23 15:00:00,2026-04-23 23:00:00,69,14.0,0,Continuity (2-mould press)
2026-04-23 00:00:00,C,4503,1325215813079TUNE3,2026-04-23 23:00:00,2026-04-24 07:00:00,69,14.0,0,Continuity (2-mould press)
2026-04-24 00:00:00,A,4503,1325215813079TUNE3,2026-04-24 07:00:00,2026-04-24 15:00:00,69,14.0,0,Continuity (2-mould press)
2026-04-24 00:00:00,B,4503,1325215813079TUNE3,2026-04-24 15:00:00,2026-04-24 23:00:00,69,14.0,0,Continuity (2-mould press)
2026-04-24 00:00:00,C,4503,1325215813079TUNE3,2026-04-24 23:00:00,2026-04-25 07:00:00,69,14.0,0,Continuity (2-mould press)
2026-04-25 00:00:00,A,4503,1325215813079TUNE3,2026-04-25 07:00:00,2026-04-25 15:00:00,69,14.0,0,Continuity (2-mould press)
2026-04-25 00:00:00,B,4503,1325215813079TUNE3,2026-04-25 15:00:00,2026-04-25 23:00:00,69,14.0,0,Continuity (2-mould press)
2026-04-25 00:00:00,C,4503,1325215813079TUNE3,2026-04-25 23:00:00,2026-04-26 07:00:00,69,14.0,0,Continuity (2-mould press)
2026-04-26 00:00:00,A,4503,1325215813079TUNE3,2026-04-26 07:00:00,2026-04-26 15:00:00,69,14.0,0,Continuity (2-mould press)
2026-04-26 00:00:00,B,4503,1325215813079TUNE3,2026-04-26 15:00:00,2026-04-26 23:00:00,69,14.0,0,Continuity (2-mould press)
2026-04-26 00:00:00,C,4503,1325215813079TUNE3,2026-04-26 23:00:00,2026-04-27 07:00:00,69,14.0,0,Continuity (2-mould press)
2026-04-27 00:00:00,A,4503,1325215813079TUNE3,2026-04-27 07:00:00,2026-04-27 11:34:00,39,14.0,0,Continuity (2-mould press)
2026-04-08 00:00:00,A,4504,1325215813079TUNE3,2026-04-08 07:00:00,2026-04-08 15:00:00,69,14.0,0,Continuity (2-mould press)
2026-04-08 00:00:00,B,4504,1325215813079TUNE3,2026-04-08 15:00:00,2026-04-08 23:00:00,69,14.0,0,Continuity (2-mould press)
2026-04-08 00:00:00,C,4504,1325215813079TUNE3,2026-04-08 23:00:00,2026-04-08 23:48:00,7,14.0,0,Continuity (2-mould press)
2026-04-08 00:00:00,C,4504,MOULD_CLEAN,2026-04-08 23:48:00,2026-04-09 02:48:00,0,0.0,0,Mould cleaning (continuity)
2026-04-08 00:00:00,C,4504,1325215813079TUNE3,2026-04-09 02:48:00,2026-04-09 07:00:00,36,14.0,0,Continuity (2-mould press)
2026-04-09 00:00:00,A,4504,1325215813079TUNE3,2026-04-09 07:00:00,2026-04-09 15:00:00,69,14.0,0,Continuity (2-mould press)
2026-04-09 00:00:00,B,4504,1325215813079TUNE3,2026-04-09 15:00:00,2026-04-09 23:00:00,69,14.0,0,Continuity (2-mould press)
2026-04-09 00:00:00,C,4504,1325215813079TUNE3,2026-04-09 23:00:00,2026-04-10 07:00:00,69,14.0,0,Continuity (2-mould press)
2026-04-10 00:00:00,A,4504,1325215813079TUNE3,2026-04-10 07:00:00,2026-04-10 15:00:00,69,14.0,0,Continuity (2-mould press)
2026-04-10 00:00:00,B,4504,1325215813079TUNE3,2026-04-10 15:00:00,2026-04-10 23:00:00,69,14.0,0,Continuity (2-mould press)
2026-04-10 00:00:00,C,4504,1325215813079TUNE3,2026-04-10 23:00:00,2026-04-11 07:00:00,69,14.0,0,Continuity (2-mould press)
2026-04-11 00:00:00,A,4504,1325215813079TUNE3,2026-04-11 07:00:00,2026-04-11 15:00:00,69,14.0,0,Continuity (2-mould press)
2026-04-11 00:00:00,B,4504,1325215813079TUNE3,2026-04-11 15:00:00,2026-04-11 23:00:00,69,14.0,0,Continuity (2-mould press)
2026-04-11 00:00:00,C,4504,1325215813079TUNE3,2026-04-11 23:00:00,2026-04-12 07:00:00,69,14.0,0,Continuity (2-mould press)
2026-04-12 00:00:00,A,4504,1325215813079TUNE3,2026-04-12 07:00:00,2026-04-12 15:00:00,69,14.0,0,Continuity (2-mould press)
2026-04-12 00:00:00,B,4504,1325215813079TUNE3,2026-04-12 15:00:00,2026-04-12 23:00:00,69,14.0,0,Continuity (2-mould press)
2026-04-12 00:00:00,C,4504,1325215813079TUNE3,2026-04-12 23:00:00,2026-04-13 07:00:00,69,14.0,0,Continuity (2-mould press)
2026-04-13 00:00:00,A,4504,1325215813079TUNE3,2026-04-13 07:00:00,2026-04-13 15:00:00,69,14.0,0,Continuity (2-mould press)
2026-04-13 00:00:00,B,4504,1325215813079TUNE3,2026-04-13 15:00:00,2026-04-13 23:00:00,69,14.0,0,Continuity (2-mould press)
2026-04-13 00:00:00,C,4504,1325215813079TUNE3,2026-04-13 23:00:00,2026-04-14 07:00:00,69,14.0,0,Continuity (2-mould press)
2026-04-14 00:00:00,A,4504,1325215813079TUNE3,2026-04-14 07:00:00,2026-04-14 15:00:00,69,14.0,0,Continuity (2-mould press)
2026-04-14 00:00:00,B,4504,1325215813079TUNE3,2026-04-14 15:00:00,2026-04-14 23:00:00,69,14.0,0,Continuity (2-mould press)
2026-04-14 00:00:00,C,4504,1325215813079TUNE3,2026-04-14 23:00:00,2026-04-15 07:00:00,69,14.0,0,Continuity (2-mould press)
2026-04-15 00:00:00,A,4504,1325215813079TUNE3,2026-04-15 07:00:00,2026-04-15 15:00:00,69,14.0,0,Continuity (2-mould press)
2026-04-15 00:00:00,B,4504,1325215813079TUNE3,2026-04-15 15:00:00,2026-04-15 23:00:00,69,14.0,0,Continuity (2-mould press)
2026-04-15 00:00:00,C,4504,1325215813079TUNE3,2026-04-15 23:00:00,2026-04-16 07:00:00,69,14.0,0,Continuity (2-mould press)
2026-04-16 00:00:00,A,4504,1325215813079TUNE3,2026-04-16 07:00:00,2026-04-16 15:00:00,69,14.0,0,Continuity (2-mould press)
2026-04-16 00:00:00,B,4504,1325215813079TUNE3,2026-04-16 15:00:00,2026-04-16 23:00:00,69,14.0,0,Continuity (2-mould press)
2026-04-16 00:00:00,C,4504,1325215813079TUNE3,2026-04-16 23:00:00,2026-04-17 07:00:00,69,14.0,0,Continuity (2-mould press)
2026-04-17 00:00:00,A,4504,1325215813079TUNE3,2026-04-17 07:00:00,2026-04-17 15:00:00,69,14.0,0,Continuity (2-mould press)
2026-04-17 00:00:00,B,4504,1325215813079TUNE3,2026-04-17 15:00:00,2026-04-17 23:00:00,69,14.0,0,Continuity (2-mould press)
2026-04-17 00:00:00,C,4504,1325215813079TUNE3,2026-04-17 23:00:00,2026-04-18 07:00:00,69,14.0,0,Continuity (2-mould press)
2026-04-18 00:00:00,A,4504,1325215813079TUNE3,2026-04-18 07:00:00,2026-04-18 15:00:00,69,14.0,0,Continuity (2-mould press)
2026-04-18 00:00:00,B,4504,1325215813079TUNE3,2026-04-18 15:00:00,2026-04-18 23:00:00,69,14.0,0,Continuity (2-mould press)
2026-04-18 00:00:00,C,4504,1325215813079TUNE3,2026-04-18 23:00:00,2026-04-19 07:00:00,69,14.0,0,Continuity (2-mould press)
2026-04-19 00:00:00,A,4504,1325215813079TUNE3,2026-04-19 07:00:00,2026-04-19 15:00:00,69,14.0,0,Continuity (2-mould press)
2026-04-19 00:00:00,B,4504,1325215813079TUNE3,2026-04-19 15:00:00,2026-04-19 23:00:00,69,14.0,0,Continuity (2-mould press)
2026-04-19 00:00:00,C,4504,1325215813079TUNE3,2026-04-19 23:00:00,2026-04-20 07:00:00,69,14.0,0,Continuity (2-mould press)
2026-04-20 00:00:00,A,4504,1325215813079TUNE3,2026-04-20 07:00:00,2026-04-20 15:00:00,69,14.0,0,Continuity (2-mould press)
2026-04-20 00:00:00,B,4504,1325215813079TUNE3,2026-04-20 15:00:00,2026-04-20 23:00:00,69,14.0,0,Continuity (2-mould press)
2026-04-20 00:00:00,C,4504,1325215813079TUNE3,2026-04-20 23:00:00,2026-04-21 07:00:00,69,14.0,0,Continuity (2-mould press)
2026-04-21 00:00:00,A,4504,1325215813079TUNE3,2026-04-21 07:00:00,2026-04-21 15:00:00,69,14.0,0,Continuity (2-mould press)
2026-04-21 00:00:00,B,4504,1325215813079TUNE3,2026-04-21 15:00:00,2026-04-21 23:00:00,69,14.0,0,Continuity (2-mould press)
2026-04-21 00:00:00,C,4504,1325215813079TUNE3,2026-04-21 23:00:00,2026-04-22 07:00:00,69,14.0,0,Continuity (2-mould press)
2026-04-22 00:00:00,A,4504,1325215813079TUNE3,2026-04-22 07:00:00,2026-04-22 15:00:00,69,14.0,0,Continuity (2-mould press)
2026-04-22 00:00:00,B,4504,1325215813079TUNE3,2026-04-22 15:00:00,2026-04-22 23:00:00,69,14.0,0,Continuity (2-mould press)
2026-04-22 00:00:00,C,4504,1325215813079TUNE3,2026-04-22 23:00:00,2026-04-23 07:00:00,69,14.0,0,Continuity (2-mould press)
2026-04-23 00:00:00,A,4504,1325215813079TUNE3,2026-04-23 07:00:00,2026-04-23 15:00:00,69,14.0,0,Continuity (2-mould press)
2026-04-23 00:00:00,B,4504,1325215813079TUNE3,2026-04-23 15:00:00,2026-04-23 23:00:00,69,14.0,0,Continuity (2-mould press)
2026-04-23 00:00:00,C,4504,1325215813079TUNE3,2026-04-23 23:00:00,2026-04-24 07:00:00,69,14.0,0,Continuity (2-mould press)
2026-04-24 00:00:00,A,4504,1325215813079TUNE3,2026-04-24 07:00:00,2026-04-24 15:00:00,69,14.0,0,Continuity (2-mould press)
2026-04-24 00:00:00,B,4504,1325215813079TUNE3,2026-04-24 15:00:00,2026-04-24 23:00:00,69,14.0,0,Continuity (2-mould press)
2026-04-24 00:00:00,C,4504,1325215813079TUNE3,2026-04-24 23:00:00,2026-04-25 07:00:00,69,14.0,0,Continuity (2-mould press)
2026-04-25 00:00:00,A,4504,1325215813079TUNE3,2026-04-25 07:00:00,2026-04-25 15:00:00,69,14.0,0,Continuity (2-mould press)
2026-04-25 00:00:00,B,4504,1325215813079TUNE3,2026-04-25 15:00:00,2026-04-25 23:00:00,69,14.0,0,Continuity (2-mould press)
2026-04-25 00:00:00,C,4504,1325215813079TUNE3,2026-04-25 23:00:00,2026-04-26 07:00:00,69,14.0,0,Continuity (2-mould press)
2026-04-26 00:00:00,A,4504,1325215813079TUNE3,2026-04-26 07:00:00,2026-04-26 15:00:00,69,14.0,0,Continuity (2-mould press)
2026-04-26 00:00:00,B,4504,1325215813079TUNE3,2026-04-26 15:00:00,2026-04-26 23:00:00,69,14.0,0,Continuity (2-mould press)
2026-04-26 00:00:00,C,4504,1325215813079TUNE3,2026-04-26 23:00:00,2026-04-27 07:00:00,69,14.0,0,Continuity (2-mould press)
2026-04-27 00:00:00,A,4504,1325215813079TUNE3,2026-04-27 07:00:00,2026-04-27 11:34:00,39,14.0,0,Continuity (2-mould press)
2026-04-08 00:00:00,A,4505,1325215813079TUNE5,2026-04-08 07:00:00,2026-04-08 15:00:00,56,17.0,0,Continuity (2-mould press)
2026-04-08 00:00:00,B,4505,1325215813079TUNE5,2026-04-08 15:00:00,2026-04-08 23:00:00,56,17.0,0,Continuity (2-mould press)
2026-04-08 00:00:00,C,4505,1325215813079TUNE5,2026-04-08 23:00:00,2026-04-09 07:00:00,56,17.0,0,Continuity (2-mould press)
2026-04-09 00:00:00,A,4505,1325215813079TUNE5,2026-04-09 07:00:00,2026-04-09 15:00:00,56,17.0,0,Continuity (2-mould press)
2026-04-09 00:00:00,B,4505,1325215813079TUNE5,2026-04-09 15:00:00,2026-04-09 23:00:00,56,17.0,0,Continuity (2-mould press)
2026-04-09 00:00:00,C,4505,1325215813079TUNE5,2026-04-09 23:00:00,2026-04-10 07:00:00,56,17.0,0,Continuity (2-mould press)
2026-04-10 00:00:00,A,4505,1325215813079TUNE5,2026-04-10 07:00:00,2026-04-10 15:00:00,56,17.0,0,Continuity (2-mould press)
2026-04-10 00:00:00,B,4505,1325215813079TUNE5,2026-04-10 15:00:00,2026-04-10 23:00:00,56,17.0,0,Continuity (2-mould press)
2026-04-10 00:00:00,C,4505,1325215813079TUNE5,2026-04-10 23:00:00,2026-04-11 07:00:00,56,17.0,0,Continuity (2-mould press)
2026-04-11 00:00:00,A,4505,1325215813079TUNE5,2026-04-11 07:00:00,2026-04-11 15:00:00,56,17.0,0,Continuity (2-mould press)
2026-04-11 00:00:00,B,4505,1325215813079TUNE5,2026-04-11 15:00:00,2026-04-11 23:00:00,56,17.0,0,Continuity (2-mould press)
2026-04-11 00:00:00,C,4505,1325215813079TUNE5,2026-04-11 23:00:00,2026-04-12 07:00:00,56,17.0,0,Continuity (2-mould press)
2026-04-12 00:00:00,A,4505,1325215813079TUNE5,2026-04-12 07:00:00,2026-04-12 15:00:00,56,17.0,0,Continuity (2-mould press)
2026-04-12 00:00:00,B,4505,1325215813079TUNE5,2026-04-12 15:00:00,2026-04-12 23:00:00,56,17.0,0,Continuity (2-mould press)
2026-04-12 00:00:00,C,4505,1325215813079TUNE5,2026-04-12 23:00:00,2026-04-13 07:00:00,56,17.0,0,Continuity (2-mould press)
2026-04-13 00:00:00,A,4505,1325215813079TUNE5,2026-04-13 07:00:00,2026-04-13 15:00:00,56,17.0,0,Continuity (2-mould press)
2026-04-13 00:00:00,B,4505,1325215813079TUNE5,2026-04-13 15:00:00,2026-04-13 23:00:00,56,17.0,0,Continuity (2-mould press)
2026-04-13 00:00:00,C,4505,1325215813079TUNE5,2026-04-13 23:00:00,2026-04-14 07:00:00,56,17.0,0,Continuity (2-mould press)
2026-04-14 00:00:00,A,4505,1325215813079TUNE5,2026-04-14 07:00:00,2026-04-14 15:00:00,56,17.0,0,Continuity (2-mould press)
2026-04-14 00:00:00,B,4505,1325215813079TUNE5,2026-04-14 15:00:00,2026-04-14 23:00:00,56,17.0,0,Continuity (2-mould press)
2026-04-14 00:00:00,C,4505,1325215813079TUNE5,2026-04-14 23:00:00,2026-04-15 07:00:00,56,17.0,0,Continuity (2-mould press)
2026-04-15 00:00:00,A,4505,1325215813079TUNE5,2026-04-15 07:00:00,2026-04-15 15:00:00,56,17.0,0,Continuity (2-mould press)
2026-04-15 00:00:00,B,4505,1325215813079TUNE5,2026-04-15 15:00:00,2026-04-15 23:00:00,56,17.0,0,Continuity (2-mould press)
2026-04-15 00:00:00,C,4505,1325215813079TUNE5,2026-04-15 23:00:00,2026-04-16 07:00:00,56,17.0,0,Continuity (2-mould press)
2026-04-16 00:00:00,A,4505,1325215813079TUNE5,2026-04-16 07:00:00,2026-04-16 15:00:00,56,17.0,0,Continuity (2-mould press)
2026-04-16 00:00:00,B,4505,1325215813079TUNE5,2026-04-16 15:00:00,2026-04-16 23:00:00,56,17.0,0,Continuity (2-mould press)
2026-04-16 00:00:00,C,4505,1325215813079TUNE5,2026-04-16 23:00:00,2026-04-17 07:00:00,56,17.0,0,Continuity (2-mould press)
2026-04-17 00:00:00,A,4505,1325215813079TUNE5,2026-04-17 07:00:00,2026-04-17 15:00:00,56,17.0,0,Continuity (2-mould press)
2026-04-17 00:00:00,B,4505,1325215813079TUNE5,2026-04-17 15:00:00,2026-04-17 23:00:00,56,17.0,0,Continuity (2-mould press)
2026-04-17 00:00:00,C,4505,1325215813079TUNE5,2026-04-17 23:00:00,2026-04-18 07:00:00,56,17.0,0,Continuity (2-mould press)
2026-04-18 00:00:00,A,4505,1325215813079TUNE5,2026-04-18 07:00:00,2026-04-18 15:00:00,56,17.0,0,Continuity (2-mould press)
2026-04-18 00:00:00,B,4505,1325215813079TUNE5,2026-04-18 15:00:00,2026-04-18 23:00:00,56,17.0,0,Continuity (2-mould press)
2026-04-18 00:00:00,C,4505,1325215813079TUNE5,2026-04-18 23:00:00,2026-04-19 07:00:00,56,17.0,0,Continuity (2-mould press)
2026-04-19 00:00:00,A,4505,1325215813079TUNE5,2026-04-19 07:00:00,2026-04-19 15:00:00,56,17.0,0,Continuity (2-mould press)
2026-04-19 00:00:00,B,4505,1325215813079TUNE5,2026-04-19 15:00:00,2026-04-19 23:00:00,56,17.0,0,Continuity (2-mould press)
2026-04-19 00:00:00,C,4505,1325215813079TUNE5,2026-04-19 23:00:00,2026-04-20 07:00:00,56,17.0,0,Continuity (2-mould press)
2026-04-20 00:00:00,A,4505,1325215813079TUNE5,2026-04-20 07:00:00,2026-04-20 15:00:00,56,17.0,0,Continuity (2-mould press)
2026-04-20 00:00:00,B,4505,1325215813079TUNE5,2026-04-20 15:00:00,2026-04-20 23:00:00,56,17.0,0,Continuity (2-mould press)
2026-04-20 00:00:00,C,4505,1325215813079TUNE5,2026-04-20 23:00:00,2026-04-21 07:00:00,56,17.0,0,Continuity (2-mould press)
2026-04-21 00:00:00,A,4505,1325215813079TUNE5,2026-04-21 07:00:00,2026-04-21 15:00:00,56,17.0,0,Continuity (2-mould press)
2026-04-21 00:00:00,B,4505,1325215813079TUNE5,2026-04-21 15:00:00,2026-04-21 23:00:00,56,17.0,0,Continuity (2-mould press)
2026-04-21 00:00:00,C,4505,1325215813079TUNE5,2026-04-21 23:00:00,2026-04-22 07:00:00,56,17.0,0,Continuity (2-mould press)
2026-04-22 00:00:00,A,4505,1325215813079TUNE5,2026-04-22 07:00:00,2026-04-22 15:00:00,56,17.0,0,Continuity (2-mould press)
2026-04-22 00:00:00,B,4505,1325215813079TUNE5,2026-04-22 15:00:00,2026-04-22 23:00:00,56,17.0,0,Continuity (2-mould press)
2026-04-22 00:00:00,C,4505,1325215813079TUNE5,2026-04-22 23:00:00,2026-04-23 07:00:00,56,17.0,0,Continuity (2-mould press)
2026-04-23 00:00:00,A,4505,1325215813079TUNE5,2026-04-23 07:00:00,2026-04-23 15:00:00,56,17.0,0,Continuity (2-mould press)
2026-04-23 00:00:00,B,4505,1325215813079TUNE5,2026-04-23 15:00:00,2026-04-23 23:00:00,56,17.0,0,Continuity (2-mould press)
2026-04-23 00:00:00,C,4505,1325215813079TUNE5,2026-04-23 23:00:00,2026-04-24 07:00:00,56,17.0,0,Continuity (2-mould press)
2026-04-24 00:00:00,A,4505,1325215813079TUNE5,2026-04-24 07:00:00,2026-04-24 15:00:00,56,17.0,0,Continuity (2-mould press)
2026-04-24 00:00:00,B,4505,1325215813079TUNE5,2026-04-24 15:00:00,2026-04-24 23:00:00,56,17.0,0,Continuity (2-mould press)
2026-04-24 00:00:00,C,4505,1325215813079TUNE5,2026-04-24 23:00:00,2026-04-25 07:00:00,56,17.0,0,Continuity (2-mould press)
2026-04-25 00:00:00,A,4505,1325215813079TUNE5,2026-04-25 07:00:00,2026-04-25 15:00:00,56,17.0,0,Continuity (2-mould press)
2026-04-25 00:00:00,B,4505,1325215813079TUNE5,2026-04-25 15:00:00,2026-04-25 23:00:00,56,17.0,0,Continuity (2-mould press)
2026-04-25 00:00:00,C,4505,1325215813079TUNE5,2026-04-25 23:00:00,2026-04-26 07:00:00,56,17.0,0,Continuity (2-mould press)
2026-04-26 00:00:00,A,4505,1325215813079TUNE5,2026-04-26 07:00:00,2026-04-26 15:00:00,56,17.0,0,Continuity (2-mould press)
2026-04-26 00:00:00,B,4505,1325215813079TUNE5,2026-04-26 15:00:00,2026-04-26 23:00:00,56,17.0,0,Continuity (2-mould press)
2026-04-26 00:00:00,C,4505,1325215813079TUNE5,2026-04-26 23:00:00,2026-04-27 07:00:00,56,17.0,0,Continuity (2-mould press)
2026-04-27 00:00:00,A,4505,1325215813079TUNE5,2026-04-27 07:00:00,2026-04-27 15:00:00,56,17.0,0,Continuity (2-mould press)
2026-04-27 00:00:00,B,4505,1325215813079TUNE5,2026-04-27 15:00:00,2026-04-27 23:00:00,56,17.0,0,Continuity (2-mould press)
2026-04-27 00:00:00,C,4505,1325215813079TUNE5,2026-04-27 23:00:00,2026-04-28 07:00:00,56,17.0,0,Continuity (2-mould press)
2026-04-28 00:00:00,A,4505,1325215813079TUNE5,2026-04-28 07:00:00,2026-04-28 09:31:00,18,17.0,0,Continuity (2-mould press)
2026-04-28 00:00:00,A,4505,MOULD_CLEAN,2026-04-28 09:31:00,2026-04-28 12:31:00,0,0.0,0,Mould cleaning (continuity)
2026-04-28 00:00:00,A,4505,1325215813079TUNE5,2026-04-28 12:31:00,2026-04-28 15:00:00,18,17.0,0,Continuity (2-mould press)
2026-04-28 00:00:00,B,4505,1325215813079TUNE5,2026-04-28 15:00:00,2026-04-28 23:00:00,56,17.0,0,Continuity (2-mould press)
2026-04-28 00:00:00,C,4505,1325215813079TUNE5,2026-04-28 23:00:00,2026-04-29 07:00:00,56,17.0,0,Continuity (2-mould press)
2026-04-29 00:00:00,A,4505,1325215813079TUNE5,2026-04-29 07:00:00,2026-04-29 15:00:00,56,17.0,0,Continuity (2-mould press)
2026-04-29 00:00:00,B,4505,1325215813079TUNE5,2026-04-29 15:00:00,2026-04-29 23:00:00,56,17.0,0,Continuity (2-mould press)
2026-04-29 00:00:00,C,4505,1325215813079TUNE5,2026-04-29 23:00:00,2026-04-30 07:00:00,56,17.0,0,Continuity (2-mould press)
2026-04-30 00:00:00,A,4505,1325215813079TUNE5,2026-04-30 07:00:00,2026-04-30 15:00:00,56,17.0,0,Continuity (2-mould press)
2026-04-30 00:00:00,B,4505,1325215813079TUNE5,2026-04-30 15:00:00,2026-04-30 23:00:00,56,17.0,0,Continuity (2-mould press)
2026-04-30 00:00:00,C,4505,1325215813079TUNE5,2026-04-30 23:00:00,2026-05-01 07:00:00,56,17.0,0,Continuity (2-mould press)
2026-05-01 00:00:00,A,4505,1325215813079TUNE5,2026-05-01 07:00:00,2026-05-01 15:00:00,56,17.0,0,Continuity (2-mould press)
2026-05-01 00:00:00,B,4505,1325215813079TUNE5,2026-05-01 15:00:00,2026-05-01 23:00:00,56,17.0,0,Continuity (2-mould press)
2026-05-01 00:00:00,C,4505,1325215813079TUNE5,2026-05-01 23:00:00,2026-05-02 07:00:00,56,17.0,0,Continuity (2-mould press)
2026-05-02 00:00:00,A,4505,1325215813079TUNE5,2026-05-02 07:00:00,2026-05-02 15:00:00,56,17.0,0,Continuity (2-mould press)
2026-05-02 00:00:00,B,4505,1325215813079TUNE5,2026-05-02 15:00:00,2026-05-02 23:00:00,56,17.0,0,Continuity (2-mould press)
2026-05-02 00:00:00,C,4505,1325215813079TUNE5,2026-05-02 23:00:00,2026-05-03 07:00:00,56,17.0,0,Continuity (2-mould press)
2026-05-03 00:00:00,A,4505,1325215813079TUNE5,2026-05-03 07:00:00,2026-05-03 15:00:00,56,17.0,0,Continuity (2-mould press)
2026-05-03 00:00:00,B,4505,1325215813079TUNE5,2026-05-03 15:00:00,2026-05-03 23:00:00,56,17.0,0,Continuity (2-mould press)
2026-05-03 00:00:00,C,4505,1325215813079TUNE5,2026-05-03 23:00:00,2026-05-04 07:00:00,56,17.0,0,Continuity (2-mould press)
2026-05-04 00:00:00,A,4505,1325215813079TUNE5,2026-05-04 07:00:00,2026-05-04 15:00:00,56,17.0,0,Continuity (2-mould press)
2026-05-04 00:00:00,B,4505,1325215813079TUNE5,2026-05-04 15:00:00,2026-05-04 23:00:00,56,17.0,0,Continuity (2-mould press)
2026-05-04 00:00:00,C,4505,1325215813079TUNE5,2026-05-04 23:00:00,2026-05-05 07:00:00,56,17.0,0,Continuity (2-mould press)
2026-05-05 00:00:00,A,4505,1325215813079TUNE5,2026-05-05 07:00:00,2026-05-05 11:07:00,29,17.0,0,Continuity (2-mould press)
2026-04-08 00:00:00,A,4506,1D25215013008SXC10,2026-04-08 07:00:00,2026-04-08 15:00:00,51,19.0,0,Continuity (2-mould press)
2026-04-08 00:00:00,B,4506,1D25215013008SXC10,2026-04-08 15:00:00,2026-04-08 23:00:00,51,19.0,0,Continuity (2-mould press)
2026-04-08 00:00:00,C,4506,1D25215013008SXC10,2026-04-08 23:00:00,2026-04-09 07:00:00,51,19.0,0,Continuity (2-mould press)
2026-04-09 00:00:00,A,4506,1D25215013008SXC10,2026-04-09 07:00:00,2026-04-09 15:00:00,51,19.0,0,Continuity (2-mould press)
2026-04-09 00:00:00,B,4506,1D25215013008SXC10,2026-04-09 15:00:00,2026-04-09 23:00:00,51,19.0,0,Continuity (2-mould press)
2026-04-09 00:00:00,C,4506,1D25215013008SXC10,2026-04-09 23:00:00,2026-04-10 07:00:00,51,19.0,0,Continuity (2-mould press)
2026-04-10 00:00:00,A,4506,1D25215013008SXC10,2026-04-10 07:00:00,2026-04-10 15:00:00,51,19.0,0,Continuity (2-mould press)
2026-04-10 00:00:00,B,4506,1D25215013008SXC10,2026-04-10 15:00:00,2026-04-10 23:00:00,51,19.0,0,Continuity (2-mould press)
2026-04-10 00:00:00,C,4506,1D25215013008SXC10,2026-04-10 23:00:00,2026-04-11 07:00:00,51,19.0,0,Continuity (2-mould press)
2026-04-11 00:00:00,A,4506,1D25215013008SXC10,2026-04-11 07:00:00,2026-04-11 15:00:00,51,19.0,0,Continuity (2-mould press)
2026-04-11 00:00:00,B,4506,1D25215013008SXC10,2026-04-11 15:00:00,2026-04-11 23:00:00,51,19.0,0,Continuity (2-mould press)
2026-04-11 00:00:00,C,4506,1D25215013008SXC10,2026-04-11 23:00:00,2026-04-12 07:00:00,51,19.0,0,Continuity (2-mould press)
2026-04-12 00:00:00,A,4506,1D25215013008SXC10,2026-04-12 07:00:00,2026-04-12 15:00:00,51,19.0,0,Continuity (2-mould press)
2026-04-12 00:00:00,B,4506,1D25215013008SXC10,2026-04-12 15:00:00,2026-04-12 23:00:00,51,19.0,0,Continuity (2-mould press)
2026-04-12 00:00:00,C,4506,1D25215013008SXC10,2026-04-12 23:00:00,2026-04-13 07:00:00,51,19.0,0,Continuity (2-mould press)
2026-04-13 00:00:00,A,4506,1D25215013008SXC10,2026-04-13 07:00:00,2026-04-13 15:00:00,51,19.0,0,Continuity (2-mould press)
2026-04-13 00:00:00,B,4506,1D25215013008SXC10,2026-04-13 15:00:00,2026-04-13 23:00:00,51,19.0,0,Continuity (2-mould press)
2026-04-13 00:00:00,C,4506,1D25215013008SXC10,2026-04-13 23:00:00,2026-04-14 07:00:00,51,19.0,0,Continuity (2-mould press)
2026-04-14 00:00:00,A,4506,1D25215013008SXC10,2026-04-14 07:00:00,2026-04-14 15:00:00,51,19.0,0,Continuity (2-mould press)
2026-04-14 00:00:00,B,4506,1D25215013008SXC10,2026-04-14 15:00:00,2026-04-14 23:00:00,51,19.0,0,Continuity (2-mould press)
2026-04-14 00:00:00,C,4506,1D25215013008SXC10,2026-04-14 23:00:00,2026-04-15 07:00:00,51,19.0,0,Continuity (2-mould press)
2026-04-15 00:00:00,A,4506,1D25215013008SXC10,2026-04-15 07:00:00,2026-04-15 15:00:00,51,19.0,0,Continuity (2-mould press)
2026-04-15 00:00:00,B,4506,1D25215013008SXC10,2026-04-15 15:00:00,2026-04-15 23:00:00,51,19.0,0,Continuity (2-mould press)
2026-04-15 00:00:00,C,4506,1D25215013008SXC10,2026-04-15 23:00:00,2026-04-16 07:00:00,51,19.0,0,Continuity (2-mould press)
2026-04-16 00:00:00,A,4506,1D25215013008SXC10,2026-04-16 07:00:00,2026-04-16 15:00:00,51,19.0,0,Continuity (2-mould press)
2026-04-16 00:00:00,B,4506,1D25215013008SXC10,2026-04-16 15:00:00,2026-04-16 23:00:00,51,19.0,0,Continuity (2-mould press)
2026-04-16 00:00:00,C,4506,1D25215013008SXC10,2026-04-16 23:00:00,2026-04-17 07:00:00,51,19.0,0,Continuity (2-mould press)
2026-04-17 00:00:00,A,4506,1D25215013008SXC10,2026-04-17 07:00:00,2026-04-17 15:00:00,51,19.0,0,Continuity (2-mould press)
2026-04-17 00:00:00,B,4506,1D25215013008SXC10,2026-04-17 15:00:00,2026-04-17 23:00:00,51,19.0,0,Continuity (2-mould press)
2026-04-17 00:00:00,C,4506,1D25215013008SXC10,2026-04-17 23:00:00,2026-04-18 07:00:00,51,19.0,0,Continuity (2-mould press)
2026-04-18 00:00:00,A,4506,1D25215013008SXC10,2026-04-18 07:00:00,2026-04-18 15:00:00,51,19.0,0,Continuity (2-mould press)
2026-04-18 00:00:00,B,4506,1D25215013008SXC10,2026-04-18 15:00:00,2026-04-18 23:00:00,51,19.0,0,Continuity (2-mould press)
2026-04-18 00:00:00,C,4506,1D25215013008SXC10,2026-04-18 23:00:00,2026-04-19 07:00:00,51,19.0,0,Continuity (2-mould press)
2026-04-19 00:00:00,A,4506,1D25215013008SXC10,2026-04-19 07:00:00,2026-04-19 15:00:00,51,19.0,0,Continuity (2-mould press)
2026-04-19 00:00:00,B,4506,1D25215013008SXC10,2026-04-19 15:00:00,2026-04-19 23:00:00,51,19.0,0,Continuity (2-mould press)
2026-04-19 00:00:00,C,4506,1D25215013008SXC10,2026-04-19 23:00:00,2026-04-20 07:00:00,51,19.0,0,Continuity (2-mould press)
2026-04-20 00:00:00,A,4506,1D25215013008SXC10,2026-04-20 07:00:00,2026-04-20 15:00:00,51,19.0,0,Continuity (2-mould press)
2026-04-20 00:00:00,B,4506,1D25215013008SXC10,2026-04-20 15:00:00,2026-04-20 23:00:00,51,19.0,0,Continuity (2-mould press)
2026-04-20 00:00:00,C,4506,1D25215013008SXC10,2026-04-20 23:00:00,2026-04-21 07:00:00,51,19.0,0,Continuity (2-mould press)
2026-04-21 00:00:00,A,4506,1D25215013008SXC10,2026-04-21 07:00:00,2026-04-21 15:00:00,51,19.0,0,Continuity (2-mould press)
2026-04-21 00:00:00,B,4506,1D25215013008SXC10,2026-04-21 15:00:00,2026-04-21 23:00:00,51,19.0,0,Continuity (2-mould press)
2026-04-21 00:00:00,C,4506,1D25215013008SXC10,2026-04-21 23:00:00,2026-04-22 07:00:00,51,19.0,0,Continuity (2-mould press)
2026-04-22 00:00:00,A,4506,1D25215013008SXC10,2026-04-22 07:00:00,2026-04-22 15:00:00,51,19.0,0,Continuity (2-mould press)
2026-04-22 00:00:00,B,4506,1D25215013008SXC10,2026-04-22 15:00:00,2026-04-22 23:00:00,51,19.0,0,Continuity (2-mould press)
2026-04-22 00:00:00,C,4506,1D25215013008SXC10,2026-04-22 23:00:00,2026-04-23 07:00:00,51,19.0,0,Continuity (2-mould press)
2026-04-23 00:00:00,A,4506,1D25215013008SXC10,2026-04-23 07:00:00,2026-04-23 15:00:00,51,19.0,0,Continuity (2-mould press)
2026-04-23 00:00:00,B,4506,1D25215013008SXC10,2026-04-23 15:00:00,2026-04-23 23:00:00,51,19.0,0,Continuity (2-mould press)
2026-04-23 00:00:00,C,4506,1D25215013008SXC10,2026-04-23 23:00:00,2026-04-24 07:00:00,51,19.0,0,Continuity (2-mould press)
2026-04-24 00:00:00,A,4506,1D25215013008SXC10,2026-04-24 07:00:00,2026-04-24 15:00:00,51,19.0,0,Continuity (2-mould press)
2026-04-24 00:00:00,B,4506,1D25215013008SXC10,2026-04-24 15:00:00,2026-04-24 23:00:00,51,19.0,0,Continuity (2-mould press)
2026-04-24 00:00:00,C,4506,1D25215013008SXC10,2026-04-24 23:00:00,2026-04-25 07:00:00,51,19.0,0,Continuity (2-mould press)
2026-04-25 00:00:00,A,4506,1D25215013008SXC10,2026-04-25 07:00:00,2026-04-25 15:00:00,51,19.0,0,Continuity (2-mould press)
2026-04-25 00:00:00,B,4506,1D25215013008SXC10,2026-04-25 15:00:00,2026-04-25 23:00:00,51,19.0,0,Continuity (2-mould press)
2026-04-25 00:00:00,C,4506,1D25215013008SXC10,2026-04-25 23:00:00,2026-04-26 07:00:00,51,19.0,0,Continuity (2-mould press)
2026-04-26 00:00:00,A,4506,1D25215013008SXC10,2026-04-26 07:00:00,2026-04-26 15:00:00,51,19.0,0,Continuity (2-mould press)
2026-04-26 00:00:00,B,4506,1D25215013008SXC10,2026-04-26 15:00:00,2026-04-26 23:00:00,51,19.0,0,Continuity (2-mould press)
2026-04-26 00:00:00,C,4506,1D25215013008SXC10,2026-04-26 23:00:00,2026-04-27 07:00:00,51,19.0,0,Continuity (2-mould press)
2026-04-27 00:00:00,A,4506,1D25215013008SXC10,2026-04-27 07:00:00,2026-04-27 15:00:00,51,19.0,0,Continuity (2-mould press)
2026-04-27 00:00:00,B,4506,1D25215013008SXC10,2026-04-27 15:00:00,2026-04-27 23:00:00,51,19.0,0,Continuity (2-mould press)
2026-04-27 00:00:00,C,4506,1D25215013008SXC10,2026-04-27 23:00:00,2026-04-28 07:00:00,51,19.0,0,Continuity (2-mould press)
2026-04-28 00:00:00,A,4506,1D25215013008SXC10,2026-04-28 07:00:00,2026-04-28 15:00:00,51,19.0,0,Continuity (2-mould press)
2026-04-28 00:00:00,B,4506,1D25215013008SXC10,2026-04-28 15:00:00,2026-04-28 23:00:00,51,19.0,0,Continuity (2-mould press)
2026-04-28 00:00:00,C,4506,1D25215013008SXC10,2026-04-28 23:00:00,2026-04-29 07:00:00,51,19.0,0,Continuity (2-mould press)
2026-04-29 00:00:00,A,4506,1D25215013008SXC10,2026-04-29 07:00:00,2026-04-29 09:40:00,17,19.0,0,Continuity (2-mould press)
2026-04-29 00:00:00,A,4506,MOULD_CLEAN,2026-04-29 09:40:00,2026-04-29 12:40:00,0,0.0,0,Mould cleaning (continuity)
2026-04-29 00:00:00,A,4506,1D25215013008SXC10,2026-04-29 12:40:00,2026-04-29 15:00:00,15,19.0,0,Continuity (2-mould press)
2026-04-29 00:00:00,B,4506,1D25215013008SXC10,2026-04-29 15:00:00,2026-04-29 23:00:00,51,19.0,0,Continuity (2-mould press)
2026-04-29 00:00:00,C,4506,1D25215013008SXC10,2026-04-29 23:00:00,2026-04-30 07:00:00,51,19.0,0,Continuity (2-mould press)
2026-04-30 00:00:00,A,4506,1D25215013008SXC10,2026-04-30 07:00:00,2026-04-30 10:31:00,22,19.0,0,Continuity (2-mould press)
2026-04-08 00:00:00,A,4507,1325215514075TUNE0,2026-04-08 07:00:00,2026-04-08 15:00:00,64,15.0,0,Continuity (2-mould press)
2026-04-08 00:00:00,B,4507,1325215514075TUNE0,2026-04-08 15:00:00,2026-04-08 23:00:00,64,15.0,0,Continuity (2-mould press)
2026-04-08 00:00:00,C,4507,1325215514075TUNE0,2026-04-08 23:00:00,2026-04-09 07:00:00,64,15.0,0,Continuity (2-mould press)
2026-04-09 00:00:00,A,4507,1325215514075TUNE0,2026-04-09 07:00:00,2026-04-09 15:00:00,64,15.0,0,Continuity (2-mould press)
2026-04-09 00:00:00,B,4507,1325215514075TUNE0,2026-04-09 15:00:00,2026-04-09 23:00:00,64,15.0,0,Continuity (2-mould press)
2026-04-09 00:00:00,C,4507,1325215514075TUNE0,2026-04-09 23:00:00,2026-04-10 00:15:00,10,15.0,0,Continuity (2-mould press)
2026-04-08 00:00:00,A,4508,1325215813079TUNE5,2026-04-08 07:00:00,2026-04-08 15:00:00,56,17.0,0,Continuity (2-mould press)
2026-04-08 00:00:00,B,4508,1325215813079TUNE5,2026-04-08 15:00:00,2026-04-08 23:00:00,56,17.0,0,Continuity (2-mould press)
2026-04-08 00:00:00,C,4508,1325215813079TUNE5,2026-04-08 23:00:00,2026-04-09 07:00:00,56,17.0,0,Continuity (2-mould press)
2026-04-09 00:00:00,A,4508,1325215813079TUNE5,2026-04-09 07:00:00,2026-04-09 15:00:00,56,17.0,0,Continuity (2-mould press)
2026-04-09 00:00:00,B,4508,1325215813079TUNE5,2026-04-09 15:00:00,2026-04-09 23:00:00,56,17.0,0,Continuity (2-mould press)
2026-04-09 00:00:00,C,4508,1325215813079TUNE5,2026-04-09 23:00:00,2026-04-10 07:00:00,56,17.0,0,Continuity (2-mould press)
2026-04-10 00:00:00,A,4508,1325215813079TUNE5,2026-04-10 07:00:00,2026-04-10 15:00:00,56,17.0,0,Continuity (2-mould press)
2026-04-10 00:00:00,B,4508,1325215813079TUNE5,2026-04-10 15:00:00,2026-04-10 23:00:00,56,17.0,0,Continuity (2-mould press)
2026-04-10 00:00:00,C,4508,1325215813079TUNE5,2026-04-10 23:00:00,2026-04-11 07:00:00,56,17.0,0,Continuity (2-mould press)
2026-04-11 00:00:00,A,4508,1325215813079TUNE5,2026-04-11 07:00:00,2026-04-11 15:00:00,56,17.0,0,Continuity (2-mould press)
2026-04-11 00:00:00,B,4508,1325215813079TUNE5,2026-04-11 15:00:00,2026-04-11 23:00:00,56,17.0,0,Continuity (2-mould press)
2026-04-11 00:00:00,C,4508,1325215813079TUNE5,2026-04-11 23:00:00,2026-04-12 07:00:00,56,17.0,0,Continuity (2-mould press)
2026-04-12 00:00:00,A,4508,1325215813079TUNE5,2026-04-12 07:00:00,2026-04-12 15:00:00,56,17.0,0,Continuity (2-mould press)
2026-04-12 00:00:00,B,4508,1325215813079TUNE5,2026-04-12 15:00:00,2026-04-12 23:00:00,56,17.0,0,Continuity (2-mould press)
2026-04-12 00:00:00,C,4508,1325215813079TUNE5,2026-04-12 23:00:00,2026-04-13 07:00:00,56,17.0,0,Continuity (2-mould press)
2026-04-13 00:00:00,A,4508,1325215813079TUNE5,2026-04-13 07:00:00,2026-04-13 15:00:00,56,17.0,0,Continuity (2-mould press)
2026-04-13 00:00:00,B,4508,1325215813079TUNE5,2026-04-13 15:00:00,2026-04-13 23:00:00,56,17.0,0,Continuity (2-mould press)
2026-04-13 00:00:00,C,4508,1325215813079TUNE5,2026-04-13 23:00:00,2026-04-14 07:00:00,56,17.0,0,Continuity (2-mould press)
2026-04-14 00:00:00,A,4508,1325215813079TUNE5,2026-04-14 07:00:00,2026-04-14 15:00:00,56,17.0,0,Continuity (2-mould press)
2026-04-14 00:00:00,B,4508,1325215813079TUNE5,2026-04-14 15:00:00,2026-04-14 23:00:00,56,17.0,0,Continuity (2-mould press)
2026-04-14 00:00:00,C,4508,1325215813079TUNE5,2026-04-14 23:00:00,2026-04-15 07:00:00,56,17.0,0,Continuity (2-mould press)
2026-04-15 00:00:00,A,4508,1325215813079TUNE5,2026-04-15 07:00:00,2026-04-15 15:00:00,56,17.0,0,Continuity (2-mould press)
2026-04-15 00:00:00,B,4508,1325215813079TUNE5,2026-04-15 15:00:00,2026-04-15 23:00:00,56,17.0,0,Continuity (2-mould press)
2026-04-15 00:00:00,C,4508,1325215813079TUNE5,2026-04-15 23:00:00,2026-04-16 07:00:00,56,17.0,0,Continuity (2-mould press)
2026-04-16 00:00:00,A,4508,1325215813079TUNE5,2026-04-16 07:00:00,2026-04-16 15:00:00,56,17.0,0,Continuity (2-mould press)
2026-04-16 00:00:00,B,4508,1325215813079TUNE5,2026-04-16 15:00:00,2026-04-16 23:00:00,56,17.0,0,Continuity (2-mould press)
2026-04-16 00:00:00,C,4508,1325215813079TUNE5,2026-04-16 23:00:00,2026-04-17 07:00:00,56,17.0,0,Continuity (2-mould press)
2026-04-17 00:00:00,A,4508,1325215813079TUNE5,2026-04-17 07:00:00,2026-04-17 15:00:00,56,17.0,0,Continuity (2-mould press)
2026-04-17 00:00:00,B,4508,1325215813079TUNE5,2026-04-17 15:00:00,2026-04-17 23:00:00,56,17.0,0,Continuity (2-mould press)
2026-04-17 00:00:00,C,4508,1325215813079TUNE5,2026-04-17 23:00:00,2026-04-18 07:00:00,56,17.0,0,Continuity (2-mould press)
2026-04-18 00:00:00,A,4508,1325215813079TUNE5,2026-04-18 07:00:00,2026-04-18 15:00:00,56,17.0,0,Continuity (2-mould press)
2026-04-18 00:00:00,B,4508,1325215813079TUNE5,2026-04-18 15:00:00,2026-04-18 23:00:00,56,17.0,0,Continuity (2-mould press)
2026-04-18 00:00:00,C,4508,1325215813079TUNE5,2026-04-18 23:00:00,2026-04-19 06:30:00,53,17.0,0,Continuity (2-mould press)
2026-04-18 00:00:00,C,4508,MOULD_CLEAN,2026-04-19 06:30:00,2026-04-19 07:00:00,0,0.0,0,Mould cleaning (continuity)
2026-04-19 00:00:00,A,4508,MOULD_CLEAN,2026-04-19 07:00:00,2026-04-19 09:30:00,0,0.0,0,Mould cleaning (continuity)
2026-04-19 00:00:00,A,4508,1325215813079TUNE5,2026-04-19 09:30:00,2026-04-19 15:00:00,39,17.0,0,Continuity (2-mould press)
2026-04-19 00:00:00,B,4508,1325215813079TUNE5,2026-04-19 15:00:00,2026-04-19 23:00:00,56,17.0,0,Continuity (2-mould press)
2026-04-19 00:00:00,C,4508,1325215813079TUNE5,2026-04-19 23:00:00,2026-04-20 07:00:00,56,17.0,0,Continuity (2-mould press)
2026-04-20 00:00:00,A,4508,1325215813079TUNE5,2026-04-20 07:00:00,2026-04-20 15:00:00,56,17.0,0,Continuity (2-mould press)
2026-04-20 00:00:00,B,4508,1325215813079TUNE5,2026-04-20 15:00:00,2026-04-20 23:00:00,56,17.0,0,Continuity (2-mould press)
2026-04-20 00:00:00,C,4508,1325215813079TUNE5,2026-04-20 23:00:00,2026-04-21 07:00:00,56,17.0,0,Continuity (2-mould press)
2026-04-21 00:00:00,A,4508,1325215813079TUNE5,2026-04-21 07:00:00,2026-04-21 15:00:00,56,17.0,0,Continuity (2-mould press)
2026-04-21 00:00:00,B,4508,1325215813079TUNE5,2026-04-21 15:00:00,2026-04-21 23:00:00,56,17.0,0,Continuity (2-mould press)
2026-04-21 00:00:00,C,4508,1325215813079TUNE5,2026-04-21 23:00:00,2026-04-22 07:00:00,56,17.0,0,Continuity (2-mould press)
2026-04-22 00:00:00,A,4508,1325215813079TUNE5,2026-04-22 07:00:00,2026-04-22 15:00:00,56,17.0,0,Continuity (2-mould press)
2026-04-22 00:00:00,B,4508,1325215813079TUNE5,2026-04-22 15:00:00,2026-04-22 23:00:00,56,17.0,0,Continuity (2-mould press)
2026-04-22 00:00:00,C,4508,1325215813079TUNE5,2026-04-22 23:00:00,2026-04-23 07:00:00,56,17.0,0,Continuity (2-mould press)
2026-04-23 00:00:00,A,4508,1325215813079TUNE5,2026-04-23 07:00:00,2026-04-23 15:00:00,56,17.0,0,Continuity (2-mould press)
2026-04-23 00:00:00,B,4508,1325215813079TUNE5,2026-04-23 15:00:00,2026-04-23 23:00:00,56,17.0,0,Continuity (2-mould press)
2026-04-23 00:00:00,C,4508,1325215813079TUNE5,2026-04-23 23:00:00,2026-04-24 07:00:00,56,17.0,0,Continuity (2-mould press)
2026-04-24 00:00:00,A,4508,1325215813079TUNE5,2026-04-24 07:00:00,2026-04-24 15:00:00,56,17.0,0,Continuity (2-mould press)
2026-04-24 00:00:00,B,4508,1325215813079TUNE5,2026-04-24 15:00:00,2026-04-24 23:00:00,56,17.0,0,Continuity (2-mould press)
2026-04-24 00:00:00,C,4508,1325215813079TUNE5,2026-04-24 23:00:00,2026-04-25 07:00:00,56,17.0,0,Continuity (2-mould press)
2026-04-25 00:00:00,A,4508,1325215813079TUNE5,2026-04-25 07:00:00,2026-04-25 15:00:00,56,17.0,0,Continuity (2-mould press)
2026-04-25 00:00:00,B,4508,1325215813079TUNE5,2026-04-25 15:00:00,2026-04-25 23:00:00,56,17.0,0,Continuity (2-mould press)
2026-04-25 00:00:00,C,4508,1325215813079TUNE5,2026-04-25 23:00:00,2026-04-26 07:00:00,56,17.0,0,Continuity (2-mould press)
2026-04-26 00:00:00,A,4508,1325215813079TUNE5,2026-04-26 07:00:00,2026-04-26 15:00:00,56,17.0,0,Continuity (2-mould press)
2026-04-26 00:00:00,B,4508,1325215813079TUNE5,2026-04-26 15:00:00,2026-04-26 23:00:00,56,17.0,0,Continuity (2-mould press)
2026-04-26 00:00:00,C,4508,1325215813079TUNE5,2026-04-26 23:00:00,2026-04-27 07:00:00,56,17.0,0,Continuity (2-mould press)
2026-04-27 00:00:00,A,4508,1325215813079TUNE5,2026-04-27 07:00:00,2026-04-27 15:00:00,56,17.0,0,Continuity (2-mould press)
2026-04-27 00:00:00,B,4508,1325215813079TUNE5,2026-04-27 15:00:00,2026-04-27 23:00:00,56,17.0,0,Continuity (2-mould press)
2026-04-27 00:00:00,C,4508,1325215813079TUNE5,2026-04-27 23:00:00,2026-04-28 07:00:00,56,17.0,0,Continuity (2-mould press)
2026-04-28 00:00:00,A,4508,1325215813079TUNE5,2026-04-28 07:00:00,2026-04-28 15:00:00,56,17.0,0,Continuity (2-mould press)
2026-04-28 00:00:00,B,4508,1325215813079TUNE5,2026-04-28 15:00:00,2026-04-28 23:00:00,56,17.0,0,Continuity (2-mould press)
2026-04-28 00:00:00,C,4508,1325215813079TUNE5,2026-04-28 23:00:00,2026-04-29 07:00:00,56,17.0,0,Continuity (2-mould press)
2026-04-29 00:00:00,A,4508,1325215813079TUNE5,2026-04-29 07:00:00,2026-04-29 15:00:00,56,17.0,0,Continuity (2-mould press)
2026-04-29 00:00:00,B,4508,1325215813079TUNE5,2026-04-29 15:00:00,2026-04-29 23:00:00,56,17.0,0,Continuity (2-mould press)
2026-04-29 00:00:00,C,4508,1325215813079TUNE5,2026-04-29 23:00:00,2026-04-30 07:00:00,56,17.0,0,Continuity (2-mould press)
2026-04-30 00:00:00,A,4508,1325215813079TUNE5,2026-04-30 07:00:00,2026-04-30 15:00:00,56,17.0,0,Continuity (2-mould press)
2026-04-30 00:00:00,B,4508,1325215813079TUNE5,2026-04-30 15:00:00,2026-04-30 23:00:00,56,17.0,0,Continuity (2-mould press)
2026-04-30 00:00:00,C,4508,1325215813079TUNE5,2026-04-30 23:00:00,2026-05-01 07:00:00,56,17.0,0,Continuity (2-mould press)
2026-05-01 00:00:00,A,4508,1325215813079TUNE5,2026-05-01 07:00:00,2026-05-01 15:00:00,56,17.0,0,Continuity (2-mould press)
2026-05-01 00:00:00,B,4508,1325215813079TUNE5,2026-05-01 15:00:00,2026-05-01 23:00:00,56,17.0,0,Continuity (2-mould press)
2026-05-01 00:00:00,C,4508,1325215813079TUNE5,2026-05-01 23:00:00,2026-05-02 07:00:00,56,17.0,0,Continuity (2-mould press)
2026-05-02 00:00:00,A,4508,1325215813079TUNE5,2026-05-02 07:00:00,2026-05-02 15:00:00,56,17.0,0,Continuity (2-mould press)
2026-05-02 00:00:00,B,4508,1325215813079TUNE5,2026-05-02 15:00:00,2026-05-02 23:00:00,56,17.0,0,Continuity (2-mould press)
2026-05-02 00:00:00,C,4508,1325215813079TUNE5,2026-05-02 23:00:00,2026-05-03 07:00:00,56,17.0,0,Continuity (2-mould press)
2026-05-03 00:00:00,A,4508,1325215813079TUNE5,2026-05-03 07:00:00,2026-05-03 15:00:00,56,17.0,0,Continuity (2-mould press)
2026-05-03 00:00:00,B,4508,1325215813079TUNE5,2026-05-03 15:00:00,2026-05-03 23:00:00,56,17.0,0,Continuity (2-mould press)
2026-05-03 00:00:00,C,4508,1325215813079TUNE5,2026-05-03 23:00:00,2026-05-04 07:00:00,56,17.0,0,Continuity (2-mould press)
2026-05-04 00:00:00,A,4508,1325215813079TUNE5,2026-05-04 07:00:00,2026-05-04 15:00:00,56,17.0,0,Continuity (2-mould press)
2026-05-04 00:00:00,B,4508,1325215813079TUNE5,2026-05-04 15:00:00,2026-05-04 23:00:00,56,17.0,0,Continuity (2-mould press)
2026-05-04 00:00:00,C,4508,1325215813079TUNE5,2026-05-04 23:00:00,2026-05-05 07:00:00,56,17.0,0,Continuity (2-mould press)
2026-05-05 00:00:00,A,4508,1325215813079TUNE5,2026-05-05 07:00:00,2026-05-05 11:07:00,29,17.0,0,Continuity (2-mould press)
2026-04-08 00:00:00,A,4509,1325215813079TUNE3,2026-04-08 07:00:00,2026-04-08 15:00:00,69,14.0,0,Continuity (2-mould press)
2026-04-08 00:00:00,B,4509,1325215813079TUNE3,2026-04-08 15:00:00,2026-04-08 23:00:00,69,14.0,0,Continuity (2-mould press)
2026-04-08 00:00:00,C,4509,1325215813079TUNE3,2026-04-08 23:00:00,2026-04-09 07:00:00,69,14.0,0,Continuity (2-mould press)
2026-04-09 00:00:00,A,4509,1325215813079TUNE3,2026-04-09 07:00:00,2026-04-09 15:00:00,69,14.0,0,Continuity (2-mould press)
2026-04-09 00:00:00,B,4509,1325215813079TUNE3,2026-04-09 15:00:00,2026-04-09 23:00:00,69,14.0,0,Continuity (2-mould press)
2026-04-09 00:00:00,C,4509,1325215813079TUNE3,2026-04-09 23:00:00,2026-04-10 07:00:00,69,14.0,0,Continuity (2-mould press)
2026-04-10 00:00:00,A,4509,1325215813079TUNE3,2026-04-10 07:00:00,2026-04-10 15:00:00,69,14.0,0,Continuity (2-mould press)
2026-04-10 00:00:00,B,4509,1325215813079TUNE3,2026-04-10 15:00:00,2026-04-10 23:00:00,69,14.0,0,Continuity (2-mould press)
2026-04-10 00:00:00,C,4509,1325215813079TUNE3,2026-04-10 23:00:00,2026-04-11 07:00:00,69,14.0,0,Continuity (2-mould press)
2026-04-11 00:00:00,A,4509,1325215813079TUNE3,2026-04-11 07:00:00,2026-04-11 15:00:00,69,14.0,0,Continuity (2-mould press)
2026-04-11 00:00:00,B,4509,1325215813079TUNE3,2026-04-11 15:00:00,2026-04-11 23:00:00,69,14.0,0,Continuity (2-mould press)
2026-04-11 00:00:00,C,4509,1325215813079TUNE3,2026-04-11 23:00:00,2026-04-12 07:00:00,69,14.0,0,Continuity (2-mould press)
2026-04-12 00:00:00,A,4509,1325215813079TUNE3,2026-04-12 07:00:00,2026-04-12 15:00:00,69,14.0,0,Continuity (2-mould press)
2026-04-12 00:00:00,B,4509,1325215813079TUNE3,2026-04-12 15:00:00,2026-04-12 23:00:00,69,14.0,0,Continuity (2-mould press)
2026-04-12 00:00:00,C,4509,1325215813079TUNE3,2026-04-12 23:00:00,2026-04-13 07:00:00,69,14.0,0,Continuity (2-mould press)
2026-04-13 00:00:00,A,4509,1325215813079TUNE3,2026-04-13 07:00:00,2026-04-13 15:00:00,69,14.0,0,Continuity (2-mould press)
2026-04-13 00:00:00,B,4509,1325215813079TUNE3,2026-04-13 15:00:00,2026-04-13 23:00:00,69,14.0,0,Continuity (2-mould press)
2026-04-13 00:00:00,C,4509,1325215813079TUNE3,2026-04-13 23:00:00,2026-04-14 07:00:00,69,14.0,0,Continuity (2-mould press)
2026-04-14 00:00:00,A,4509,1325215813079TUNE3,2026-04-14 07:00:00,2026-04-14 15:00:00,69,14.0,0,Continuity (2-mould press)
2026-04-14 00:00:00,B,4509,1325215813079TUNE3,2026-04-14 15:00:00,2026-04-14 23:00:00,69,14.0,0,Continuity (2-mould press)
2026-04-14 00:00:00,C,4509,1325215813079TUNE3,2026-04-14 23:00:00,2026-04-15 07:00:00,69,14.0,0,Continuity (2-mould press)
2026-04-15 00:00:00,A,4509,1325215813079TUNE3,2026-04-15 07:00:00,2026-04-15 15:00:00,69,14.0,0,Continuity (2-mould press)
2026-04-15 00:00:00,B,4509,1325215813079TUNE3,2026-04-15 15:00:00,2026-04-15 23:00:00,69,14.0,0,Continuity (2-mould press)
2026-04-15 00:00:00,C,4509,1325215813079TUNE3,2026-04-15 23:00:00,2026-04-16 07:00:00,69,14.0,0,Continuity (2-mould press)
2026-04-16 00:00:00,A,4509,1325215813079TUNE3,2026-04-16 07:00:00,2026-04-16 15:00:00,69,14.0,0,Continuity (2-mould press)
2026-04-16 00:00:00,B,4509,1325215813079TUNE3,2026-04-16 15:00:00,2026-04-16 23:00:00,69,14.0,0,Continuity (2-mould press)
2026-04-16 00:00:00,C,4509,1325215813079TUNE3,2026-04-16 23:00:00,2026-04-17 07:00:00,69,14.0,0,Continuity (2-mould press)
2026-04-17 00:00:00,A,4509,1325215813079TUNE3,2026-04-17 07:00:00,2026-04-17 15:00:00,69,14.0,0,Continuity (2-mould press)
2026-04-17 00:00:00,B,4509,1325215813079TUNE3,2026-04-17 15:00:00,2026-04-17 23:00:00,69,14.0,0,Continuity (2-mould press)
2026-04-17 00:00:00,C,4509,1325215813079TUNE3,2026-04-17 23:00:00,2026-04-18 07:00:00,69,14.0,0,Continuity (2-mould press)
2026-04-18 00:00:00,A,4509,1325215813079TUNE3,2026-04-18 07:00:00,2026-04-18 15:00:00,69,14.0,0,Continuity (2-mould press)
2026-04-18 00:00:00,B,4509,1325215813079TUNE3,2026-04-18 15:00:00,2026-04-18 23:00:00,69,14.0,0,Continuity (2-mould press)
2026-04-18 00:00:00,C,4509,1325215813079TUNE3,2026-04-18 23:00:00,2026-04-19 07:00:00,69,14.0,0,Continuity (2-mould press)
2026-04-19 00:00:00,A,4509,1325215813079TUNE3,2026-04-19 07:00:00,2026-04-19 15:00:00,69,14.0,0,Continuity (2-mould press)
2026-04-19 00:00:00,B,4509,1325215813079TUNE3,2026-04-19 15:00:00,2026-04-19 23:00:00,69,14.0,0,Continuity (2-mould press)
2026-04-19 00:00:00,C,4509,1325215813079TUNE3,2026-04-19 23:00:00,2026-04-20 07:00:00,69,14.0,0,Continuity (2-mould press)
2026-04-20 00:00:00,A,4509,1325215813079TUNE3,2026-04-20 07:00:00,2026-04-20 15:00:00,69,14.0,0,Continuity (2-mould press)
2026-04-20 00:00:00,B,4509,1325215813079TUNE3,2026-04-20 15:00:00,2026-04-20 23:00:00,69,14.0,0,Continuity (2-mould press)
2026-04-20 00:00:00,C,4509,1325215813079TUNE3,2026-04-20 23:00:00,2026-04-21 07:00:00,69,14.0,0,Continuity (2-mould press)
2026-04-21 00:00:00,A,4509,1325215813079TUNE3,2026-04-21 07:00:00,2026-04-21 15:00:00,69,14.0,0,Continuity (2-mould press)
2026-04-21 00:00:00,B,4509,1325215813079TUNE3,2026-04-21 15:00:00,2026-04-21 23:00:00,69,14.0,0,Continuity (2-mould press)
2026-04-21 00:00:00,C,4509,1325215813079TUNE3,2026-04-21 23:00:00,2026-04-22 07:00:00,69,14.0,0,Continuity (2-mould press)
2026-04-22 00:00:00,A,4509,1325215813079TUNE3,2026-04-22 07:00:00,2026-04-22 15:00:00,69,14.0,0,Continuity (2-mould press)
2026-04-22 00:00:00,B,4509,1325215813079TUNE3,2026-04-22 15:00:00,2026-04-22 23:00:00,69,14.0,0,Continuity (2-mould press)
2026-04-22 00:00:00,C,4509,1325215813079TUNE3,2026-04-22 23:00:00,2026-04-23 07:00:00,69,14.0,0,Continuity (2-mould press)
2026-04-23 00:00:00,A,4509,1325215813079TUNE3,2026-04-23 07:00:00,2026-04-23 15:00:00,69,14.0,0,Continuity (2-mould press)
2026-04-23 00:00:00,B,4509,1325215813079TUNE3,2026-04-23 15:00:00,2026-04-23 23:00:00,69,14.0,0,Continuity (2-mould press)
2026-04-23 00:00:00,C,4509,1325215813079TUNE3,2026-04-23 23:00:00,2026-04-24 07:00:00,69,14.0,0,Continuity (2-mould press)
2026-04-24 00:00:00,A,4509,1325215813079TUNE3,2026-04-24 07:00:00,2026-04-24 15:00:00,69,14.0,0,Continuity (2-mould press)
2026-04-24 00:00:00,B,4509,1325215813079TUNE3,2026-04-24 15:00:00,2026-04-24 23:00:00,69,14.0,0,Continuity (2-mould press)
2026-04-24 00:00:00,C,4509,1325215813079TUNE3,2026-04-24 23:00:00,2026-04-25 07:00:00,69,14.0,0,Continuity (2-mould press)
2026-04-25 00:00:00,A,4509,1325215813079TUNE3,2026-04-25 07:00:00,2026-04-25 15:00:00,69,14.0,0,Continuity (2-mould press)
2026-04-25 00:00:00,B,4509,1325215813079TUNE3,2026-04-25 15:00:00,2026-04-25 23:00:00,69,14.0,0,Continuity (2-mould press)
2026-04-25 00:00:00,C,4509,1325215813079TUNE3,2026-04-25 23:00:00,2026-04-26 07:00:00,69,14.0,0,Continuity (2-mould press)
2026-04-26 00:00:00,A,4509,1325215813079TUNE3,2026-04-26 07:00:00,2026-04-26 15:00:00,69,14.0,0,Continuity (2-mould press)
2026-04-26 00:00:00,B,4509,1325215813079TUNE3,2026-04-26 15:00:00,2026-04-26 23:00:00,69,14.0,0,Continuity (2-mould press)
2026-04-26 00:00:00,C,4509,1325215813079TUNE3,2026-04-26 23:00:00,2026-04-27 07:00:00,69,14.0,0,Continuity (2-mould press)
2026-04-27 00:00:00,A,4509,1325215813079TUNE3,2026-04-27 07:00:00,2026-04-27 08:34:00,13,14.0,0,Continuity (2-mould press)
2026-04-08 00:00:00,A,4510,1D25215013008SXC10,2026-04-08 07:00:00,2026-04-08 15:00:00,51,19.0,0,Continuity (2-mould press)
2026-04-08 00:00:00,B,4510,1D25215013008SXC10,2026-04-08 15:00:00,2026-04-08 23:00:00,51,19.0,0,Continuity (2-mould press)
2026-04-08 00:00:00,C,4510,1D25215013008SXC10,2026-04-08 23:00:00,2026-04-09 07:00:00,51,19.0,0,Continuity (2-mould press)
2026-04-09 00:00:00,A,4510,1D25215013008SXC10,2026-04-09 07:00:00,2026-04-09 15:00:00,51,19.0,0,Continuity (2-mould press)
2026-04-09 00:00:00,B,4510,1D25215013008SXC10,2026-04-09 15:00:00,2026-04-09 23:00:00,51,19.0,0,Continuity (2-mould press)
2026-04-09 00:00:00,C,4510,1D25215013008SXC10,2026-04-09 23:00:00,2026-04-10 07:00:00,51,19.0,0,Continuity (2-mould press)
2026-04-10 00:00:00,A,4510,1D25215013008SXC10,2026-04-10 07:00:00,2026-04-10 15:00:00,51,19.0,0,Continuity (2-mould press)
2026-04-10 00:00:00,B,4510,1D25215013008SXC10,2026-04-10 15:00:00,2026-04-10 23:00:00,51,19.0,0,Continuity (2-mould press)
2026-04-10 00:00:00,C,4510,1D25215013008SXC10,2026-04-10 23:00:00,2026-04-11 07:00:00,51,19.0,0,Continuity (2-mould press)
2026-04-11 00:00:00,A,4510,1D25215013008SXC10,2026-04-11 07:00:00,2026-04-11 15:00:00,51,19.0,0,Continuity (2-mould press)
2026-04-11 00:00:00,B,4510,1D25215013008SXC10,2026-04-11 15:00:00,2026-04-11 23:00:00,51,19.0,0,Continuity (2-mould press)
2026-04-11 00:00:00,C,4510,1D25215013008SXC10,2026-04-11 23:00:00,2026-04-12 07:00:00,51,19.0,0,Continuity (2-mould press)
2026-04-12 00:00:00,A,4510,1D25215013008SXC10,2026-04-12 07:00:00,2026-04-12 15:00:00,51,19.0,0,Continuity (2-mould press)
2026-04-12 00:00:00,B,4510,1D25215013008SXC10,2026-04-12 15:00:00,2026-04-12 23:00:00,51,19.0,0,Continuity (2-mould press)
2026-04-12 00:00:00,C,4510,1D25215013008SXC10,2026-04-12 23:00:00,2026-04-13 07:00:00,51,19.0,0,Continuity (2-mould press)
2026-04-13 00:00:00,A,4510,1D25215013008SXC10,2026-04-13 07:00:00,2026-04-13 15:00:00,51,19.0,0,Continuity (2-mould press)
2026-04-13 00:00:00,B,4510,1D25215013008SXC10,2026-04-13 15:00:00,2026-04-13 23:00:00,51,19.0,0,Continuity (2-mould press)
2026-04-13 00:00:00,C,4510,1D25215013008SXC10,2026-04-13 23:00:00,2026-04-14 07:00:00,51,19.0,0,Continuity (2-mould press)
2026-04-14 00:00:00,A,4510,1D25215013008SXC10,2026-04-14 07:00:00,2026-04-14 15:00:00,51,19.0,0,Continuity (2-mould press)
2026-04-14 00:00:00,B,4510,1D25215013008SXC10,2026-04-14 15:00:00,2026-04-14 23:00:00,51,19.0,0,Continuity (2-mould press)
2026-04-14 00:00:00,C,4510,1D25215013008SXC10,2026-04-14 23:00:00,2026-04-15 07:00:00,51,19.0,0,Continuity (2-mould press)
2026-04-15 00:00:00,A,4510,1D25215013008SXC10,2026-04-15 07:00:00,2026-04-15 15:00:00,51,19.0,0,Continuity (2-mould press)
2026-04-15 00:00:00,B,4510,1D25215013008SXC10,2026-04-15 15:00:00,2026-04-15 23:00:00,51,19.0,0,Continuity (2-mould press)
2026-04-15 00:00:00,C,4510,1D25215013008SXC10,2026-04-15 23:00:00,2026-04-16 07:00:00,51,19.0,0,Continuity (2-mould press)
2026-04-16 00:00:00,A,4510,1D25215013008SXC10,2026-04-16 07:00:00,2026-04-16 15:00:00,51,19.0,0,Continuity (2-mould press)
2026-04-16 00:00:00,B,4510,1D25215013008SXC10,2026-04-16 15:00:00,2026-04-16 23:00:00,51,19.0,0,Continuity (2-mould press)
2026-04-16 00:00:00,C,4510,1D25215013008SXC10,2026-04-16 23:00:00,2026-04-17 07:00:00,51,19.0,0,Continuity (2-mould press)
2026-04-17 00:00:00,A,4510,1D25215013008SXC10,2026-04-17 07:00:00,2026-04-17 15:00:00,51,19.0,0,Continuity (2-mould press)
2026-04-17 00:00:00,B,4510,1D25215013008SXC10,2026-04-17 15:00:00,2026-04-17 23:00:00,51,19.0,0,Continuity (2-mould press)
2026-04-17 00:00:00,C,4510,1D25215013008SXC10,2026-04-17 23:00:00,2026-04-18 07:00:00,51,19.0,0,Continuity (2-mould press)
2026-04-18 00:00:00,A,4510,1D25215013008SXC10,2026-04-18 07:00:00,2026-04-18 15:00:00,51,19.0,0,Continuity (2-mould press)
2026-04-18 00:00:00,B,4510,1D25215013008SXC10,2026-04-18 15:00:00,2026-04-18 23:00:00,51,19.0,0,Continuity (2-mould press)
2026-04-18 00:00:00,C,4510,1D25215013008SXC10,2026-04-18 23:00:00,2026-04-19 07:00:00,51,19.0,0,Continuity (2-mould press)
2026-04-19 00:00:00,A,4510,1D25215013008SXC10,2026-04-19 07:00:00,2026-04-19 15:00:00,51,19.0,0,Continuity (2-mould press)
2026-04-19 00:00:00,B,4510,1D25215013008SXC10,2026-04-19 15:00:00,2026-04-19 23:00:00,51,19.0,0,Continuity (2-mould press)
2026-04-19 00:00:00,C,4510,1D25215013008SXC10,2026-04-19 23:00:00,2026-04-20 07:00:00,51,19.0,0,Continuity (2-mould press)
2026-04-20 00:00:00,A,4510,1D25215013008SXC10,2026-04-20 07:00:00,2026-04-20 15:00:00,51,19.0,0,Continuity (2-mould press)
2026-04-20 00:00:00,B,4510,1D25215013008SXC10,2026-04-20 15:00:00,2026-04-20 23:00:00,51,19.0,0,Continuity (2-mould press)
2026-04-20 00:00:00,C,4510,1D25215013008SXC10,2026-04-20 23:00:00,2026-04-21 07:00:00,51,19.0,0,Continuity (2-mould press)
2026-04-21 00:00:00,A,4510,1D25215013008SXC10,2026-04-21 07:00:00,2026-04-21 15:00:00,51,19.0,0,Continuity (2-mould press)
2026-04-21 00:00:00,B,4510,1D25215013008SXC10,2026-04-21 15:00:00,2026-04-21 23:00:00,51,19.0,0,Continuity (2-mould press)
2026-04-21 00:00:00,C,4510,1D25215013008SXC10,2026-04-21 23:00:00,2026-04-22 07:00:00,51,19.0,0,Continuity (2-mould press)
2026-04-22 00:00:00,A,4510,1D25215013008SXC10,2026-04-22 07:00:00,2026-04-22 15:00:00,51,19.0,0,Continuity (2-mould press)
2026-04-22 00:00:00,B,4510,1D25215013008SXC10,2026-04-22 15:00:00,2026-04-22 23:00:00,51,19.0,0,Continuity (2-mould press)
2026-04-22 00:00:00,C,4510,1D25215013008SXC10,2026-04-22 23:00:00,2026-04-23 07:00:00,51,19.0,0,Continuity (2-mould press)
2026-04-23 00:00:00,A,4510,1D25215013008SXC10,2026-04-23 07:00:00,2026-04-23 15:00:00,51,19.0,0,Continuity (2-mould press)
2026-04-23 00:00:00,B,4510,1D25215013008SXC10,2026-04-23 15:00:00,2026-04-23 23:00:00,51,19.0,0,Continuity (2-mould press)
2026-04-23 00:00:00,C,4510,1D25215013008SXC10,2026-04-23 23:00:00,2026-04-24 07:00:00,51,19.0,0,Continuity (2-mould press)
2026-04-24 00:00:00,A,4510,1D25215013008SXC10,2026-04-24 07:00:00,2026-04-24 15:00:00,51,19.0,0,Continuity (2-mould press)
2026-04-24 00:00:00,B,4510,1D25215013008SXC10,2026-04-24 15:00:00,2026-04-24 23:00:00,51,19.0,0,Continuity (2-mould press)
2026-04-24 00:00:00,C,4510,1D25215013008SXC10,2026-04-24 23:00:00,2026-04-25 07:00:00,51,19.0,0,Continuity (2-mould press)
2026-04-25 00:00:00,A,4510,1D25215013008SXC10,2026-04-25 07:00:00,2026-04-25 15:00:00,51,19.0,0,Continuity (2-mould press)
2026-04-25 00:00:00,B,4510,1D25215013008SXC10,2026-04-25 15:00:00,2026-04-25 23:00:00,51,19.0,0,Continuity (2-mould press)
2026-04-25 00:00:00,C,4510,1D25215013008SXC10,2026-04-25 23:00:00,2026-04-26 07:00:00,51,19.0,0,Continuity (2-mould press)
2026-04-26 00:00:00,A,4510,1D25215013008SXC10,2026-04-26 07:00:00,2026-04-26 15:00:00,51,19.0,0,Continuity (2-mould press)
2026-04-26 00:00:00,B,4510,1D25215013008SXC10,2026-04-26 15:00:00,2026-04-26 23:00:00,51,19.0,0,Continuity (2-mould press)
2026-04-26 00:00:00,C,4510,1D25215013008SXC10,2026-04-26 23:00:00,2026-04-27 07:00:00,51,19.0,0,Continuity (2-mould press)
2026-04-27 00:00:00,A,4510,1D25215013008SXC10,2026-04-27 07:00:00,2026-04-27 15:00:00,51,19.0,0,Continuity (2-mould press)
2026-04-27 00:00:00,B,4510,1D25215013008SXC10,2026-04-27 15:00:00,2026-04-27 23:00:00,51,19.0,0,Continuity (2-mould press)
2026-04-27 00:00:00,C,4510,1D25215013008SXC10,2026-04-27 23:00:00,2026-04-28 07:00:00,51,19.0,0,Continuity (2-mould press)
2026-04-28 00:00:00,A,4510,1D25215013008SXC10,2026-04-28 07:00:00,2026-04-28 15:00:00,51,19.0,0,Continuity (2-mould press)
2026-04-28 00:00:00,B,4510,1D25215013008SXC10,2026-04-28 15:00:00,2026-04-28 23:00:00,51,19.0,0,Continuity (2-mould press)
2026-04-28 00:00:00,C,4510,1D25215013008SXC10,2026-04-28 23:00:00,2026-04-29 07:00:00,51,19.0,0,Continuity (2-mould press)
2026-04-29 00:00:00,A,4510,1D25215013008SXC10,2026-04-29 07:00:00,2026-04-29 07:08:00,1,19.0,0,Continuity (2-mould press)
2026-04-29 00:00:00,A,4510,MOULD_CLEAN,2026-04-29 07:08:00,2026-04-29 10:08:00,0,0.0,0,Mould cleaning (continuity)
2026-04-29 00:00:00,A,4510,1D25215013008SXC10,2026-04-29 10:08:00,2026-04-29 15:00:00,31,19.0,0,Continuity (2-mould press)
2026-04-29 00:00:00,B,4510,1D25215013008SXC10,2026-04-29 15:00:00,2026-04-29 23:00:00,51,19.0,0,Continuity (2-mould press)
2026-04-29 00:00:00,C,4510,1D25215013008SXC10,2026-04-29 23:00:00,2026-04-30 07:00:00,51,19.0,0,Continuity (2-mould press)
2026-04-30 00:00:00,A,4510,1D25215013008SXC10,2026-04-30 07:00:00,2026-04-30 10:31:00,22,19.0,0,Continuity (2-mould press)
2026-04-08 00:00:00,A,4511,1325215813079TUNE3,2026-04-08 07:00:00,2026-04-08 15:00:00,69,14.0,0,Continuity (2-mould press)
2026-04-08 00:00:00,B,4511,1325215813079TUNE3,2026-04-08 15:00:00,2026-04-08 23:00:00,69,14.0,0,Continuity (2-mould press)
2026-04-08 00:00:00,C,4511,1325215813079TUNE3,2026-04-08 23:00:00,2026-04-08 23:48:00,7,14.0,0,Continuity (2-mould press)
2026-04-08 00:00:00,C,4511,MOULD_CLEAN,2026-04-08 23:48:00,2026-04-09 02:48:00,0,0.0,0,Mould cleaning (continuity)
2026-04-08 00:00:00,C,4511,1325215813079TUNE3,2026-04-09 02:48:00,2026-04-09 07:00:00,36,14.0,0,Continuity (2-mould press)
2026-04-09 00:00:00,A,4511,1325215813079TUNE3,2026-04-09 07:00:00,2026-04-09 15:00:00,69,14.0,0,Continuity (2-mould press)
2026-04-09 00:00:00,B,4511,1325215813079TUNE3,2026-04-09 15:00:00,2026-04-09 23:00:00,69,14.0,0,Continuity (2-mould press)
2026-04-09 00:00:00,C,4511,1325215813079TUNE3,2026-04-09 23:00:00,2026-04-10 07:00:00,69,14.0,0,Continuity (2-mould press)
2026-04-10 00:00:00,A,4511,1325215813079TUNE3,2026-04-10 07:00:00,2026-04-10 15:00:00,69,14.0,0,Continuity (2-mould press)
2026-04-10 00:00:00,B,4511,1325215813079TUNE3,2026-04-10 15:00:00,2026-04-10 23:00:00,69,14.0,0,Continuity (2-mould press)
2026-04-10 00:00:00,C,4511,1325215813079TUNE3,2026-04-10 23:00:00,2026-04-11 07:00:00,69,14.0,0,Continuity (2-mould press)
2026-04-11 00:00:00,A,4511,1325215813079TUNE3,2026-04-11 07:00:00,2026-04-11 15:00:00,69,14.0,0,Continuity (2-mould press)
2026-04-11 00:00:00,B,4511,1325215813079TUNE3,2026-04-11 15:00:00,2026-04-11 23:00:00,69,14.0,0,Continuity (2-mould press)
2026-04-11 00:00:00,C,4511,1325215813079TUNE3,2026-04-11 23:00:00,2026-04-12 07:00:00,69,14.0,0,Continuity (2-mould press)
2026-04-12 00:00:00,A,4511,1325215813079TUNE3,2026-04-12 07:00:00,2026-04-12 15:00:00,69,14.0,0,Continuity (2-mould press)
2026-04-12 00:00:00,B,4511,1325215813079TUNE3,2026-04-12 15:00:00,2026-04-12 23:00:00,69,14.0,0,Continuity (2-mould press)
2026-04-12 00:00:00,C,4511,1325215813079TUNE3,2026-04-12 23:00:00,2026-04-13 07:00:00,69,14.0,0,Continuity (2-mould press)
2026-04-13 00:00:00,A,4511,1325215813079TUNE3,2026-04-13 07:00:00,2026-04-13 15:00:00,69,14.0,0,Continuity (2-mould press)
2026-04-13 00:00:00,B,4511,1325215813079TUNE3,2026-04-13 15:00:00,2026-04-13 23:00:00,69,14.0,0,Continuity (2-mould press)
2026-04-13 00:00:00,C,4511,1325215813079TUNE3,2026-04-13 23:00:00,2026-04-14 07:00:00,69,14.0,0,Continuity (2-mould press)
2026-04-14 00:00:00,A,4511,1325215813079TUNE3,2026-04-14 07:00:00,2026-04-14 15:00:00,69,14.0,0,Continuity (2-mould press)
2026-04-14 00:00:00,B,4511,1325215813079TUNE3,2026-04-14 15:00:00,2026-04-14 23:00:00,69,14.0,0,Continuity (2-mould press)
2026-04-14 00:00:00,C,4511,1325215813079TUNE3,2026-04-14 23:00:00,2026-04-15 07:00:00,69,14.0,0,Continuity (2-mould press)
2026-04-15 00:00:00,A,4511,1325215813079TUNE3,2026-04-15 07:00:00,2026-04-15 15:00:00,69,14.0,0,Continuity (2-mould press)
2026-04-15 00:00:00,B,4511,1325215813079TUNE3,2026-04-15 15:00:00,2026-04-15 23:00:00,69,14.0,0,Continuity (2-mould press)
2026-04-15 00:00:00,C,4511,1325215813079TUNE3,2026-04-15 23:00:00,2026-04-16 07:00:00,69,14.0,0,Continuity (2-mould press)
2026-04-16 00:00:00,A,4511,1325215813079TUNE3,2026-04-16 07:00:00,2026-04-16 15:00:00,69,14.0,0,Continuity (2-mould press)
2026-04-16 00:00:00,B,4511,1325215813079TUNE3,2026-04-16 15:00:00,2026-04-16 23:00:00,69,14.0,0,Continuity (2-mould press)
2026-04-16 00:00:00,C,4511,1325215813079TUNE3,2026-04-16 23:00:00,2026-04-17 07:00:00,69,14.0,0,Continuity (2-mould press)
2026-04-17 00:00:00,A,4511,1325215813079TUNE3,2026-04-17 07:00:00,2026-04-17 15:00:00,69,14.0,0,Continuity (2-mould press)
2026-04-17 00:00:00,B,4511,1325215813079TUNE3,2026-04-17 15:00:00,2026-04-17 23:00:00,69,14.0,0,Continuity (2-mould press)
2026-04-17 00:00:00,C,4511,1325215813079TUNE3,2026-04-17 23:00:00,2026-04-18 07:00:00,69,14.0,0,Continuity (2-mould press)
2026-04-18 00:00:00,A,4511,1325215813079TUNE3,2026-04-18 07:00:00,2026-04-18 15:00:00,69,14.0,0,Continuity (2-mould press)
2026-04-18 00:00:00,B,4511,1325215813079TUNE3,2026-04-18 15:00:00,2026-04-18 23:00:00,69,14.0,0,Continuity (2-mould press)
2026-04-18 00:00:00,C,4511,1325215813079TUNE3,2026-04-18 23:00:00,2026-04-19 07:00:00,69,14.0,0,Continuity (2-mould press)
2026-04-19 00:00:00,A,4511,1325215813079TUNE3,2026-04-19 07:00:00,2026-04-19 15:00:00,69,14.0,0,Continuity (2-mould press)
2026-04-19 00:00:00,B,4511,1325215813079TUNE3,2026-04-19 15:00:00,2026-04-19 23:00:00,69,14.0,0,Continuity (2-mould press)
2026-04-19 00:00:00,C,4511,1325215813079TUNE3,2026-04-19 23:00:00,2026-04-20 07:00:00,69,14.0,0,Continuity (2-mould press)
2026-04-20 00:00:00,A,4511,1325215813079TUNE3,2026-04-20 07:00:00,2026-04-20 15:00:00,69,14.0,0,Continuity (2-mould press)
2026-04-20 00:00:00,B,4511,1325215813079TUNE3,2026-04-20 15:00:00,2026-04-20 23:00:00,69,14.0,0,Continuity (2-mould press)
2026-04-20 00:00:00,C,4511,1325215813079TUNE3,2026-04-20 23:00:00,2026-04-21 07:00:00,69,14.0,0,Continuity (2-mould press)
2026-04-21 00:00:00,A,4511,1325215813079TUNE3,2026-04-21 07:00:00,2026-04-21 15:00:00,69,14.0,0,Continuity (2-mould press)
2026-04-21 00:00:00,B,4511,1325215813079TUNE3,2026-04-21 15:00:00,2026-04-21 23:00:00,69,14.0,0,Continuity (2-mould press)
2026-04-21 00:00:00,C,4511,1325215813079TUNE3,2026-04-21 23:00:00,2026-04-22 07:00:00,69,14.0,0,Continuity (2-mould press)
2026-04-22 00:00:00,A,4511,1325215813079TUNE3,2026-04-22 07:00:00,2026-04-22 15:00:00,69,14.0,0,Continuity (2-mould press)
2026-04-22 00:00:00,B,4511,1325215813079TUNE3,2026-04-22 15:00:00,2026-04-22 23:00:00,69,14.0,0,Continuity (2-mould press)
2026-04-22 00:00:00,C,4511,1325215813079TUNE3,2026-04-22 23:00:00,2026-04-23 07:00:00,69,14.0,0,Continuity (2-mould press)
2026-04-23 00:00:00,A,4511,1325215813079TUNE3,2026-04-23 07:00:00,2026-04-23 15:00:00,69,14.0,0,Continuity (2-mould press)
2026-04-23 00:00:00,B,4511,1325215813079TUNE3,2026-04-23 15:00:00,2026-04-23 23:00:00,69,14.0,0,Continuity (2-mould press)
2026-04-23 00:00:00,C,4511,1325215813079TUNE3,2026-04-23 23:00:00,2026-04-24 07:00:00,69,14.0,0,Continuity (2-mould press)
2026-04-24 00:00:00,A,4511,1325215813079TUNE3,2026-04-24 07:00:00,2026-04-24 15:00:00,69,14.0,0,Continuity (2-mould press)
2026-04-24 00:00:00,B,4511,1325215813079TUNE3,2026-04-24 15:00:00,2026-04-24 23:00:00,69,14.0,0,Continuity (2-mould press)
2026-04-24 00:00:00,C,4511,1325215813079TUNE3,2026-04-24 23:00:00,2026-04-25 07:00:00,69,14.0,0,Continuity (2-mould press)
2026-04-25 00:00:00,A,4511,1325215813079TUNE3,2026-04-25 07:00:00,2026-04-25 15:00:00,69,14.0,0,Continuity (2-mould press)
2026-04-25 00:00:00,B,4511,1325215813079TUNE3,2026-04-25 15:00:00,2026-04-25 23:00:00,69,14.0,0,Continuity (2-mould press)
2026-04-25 00:00:00,C,4511,1325215813079TUNE3,2026-04-25 23:00:00,2026-04-26 07:00:00,69,14.0,0,Continuity (2-mould press)
2026-04-26 00:00:00,A,4511,1325215813079TUNE3,2026-04-26 07:00:00,2026-04-26 15:00:00,69,14.0,0,Continuity (2-mould press)
2026-04-26 00:00:00,B,4511,1325215813079TUNE3,2026-04-26 15:00:00,2026-04-26 23:00:00,69,14.0,0,Continuity (2-mould press)
2026-04-26 00:00:00,C,4511,1325215813079TUNE3,2026-04-26 23:00:00,2026-04-27 07:00:00,69,14.0,0,Continuity (2-mould press)
2026-04-27 00:00:00,A,4511,1325215813079TUNE3,2026-04-27 07:00:00,2026-04-27 11:34:00,39,14.0,0,Continuity (2-mould press)
2026-04-08 00:00:00,A,4512,1D25215013008SXC10,2026-04-08 07:00:00,2026-04-08 15:00:00,51,19.0,0,Continuity (2-mould press)
2026-04-08 00:00:00,B,4512,1D25215013008SXC10,2026-04-08 15:00:00,2026-04-08 23:00:00,51,19.0,0,Continuity (2-mould press)
2026-04-08 00:00:00,C,4512,1D25215013008SXC10,2026-04-08 23:00:00,2026-04-09 07:00:00,51,19.0,0,Continuity (2-mould press)
2026-04-09 00:00:00,A,4512,1D25215013008SXC10,2026-04-09 07:00:00,2026-04-09 15:00:00,51,19.0,0,Continuity (2-mould press)
2026-04-09 00:00:00,B,4512,1D25215013008SXC10,2026-04-09 15:00:00,2026-04-09 23:00:00,51,19.0,0,Continuity (2-mould press)
2026-04-09 00:00:00,C,4512,1D25215013008SXC10,2026-04-09 23:00:00,2026-04-10 07:00:00,51,19.0,0,Continuity (2-mould press)
2026-04-10 00:00:00,A,4512,1D25215013008SXC10,2026-04-10 07:00:00,2026-04-10 15:00:00,51,19.0,0,Continuity (2-mould press)
2026-04-10 00:00:00,B,4512,1D25215013008SXC10,2026-04-10 15:00:00,2026-04-10 23:00:00,51,19.0,0,Continuity (2-mould press)
2026-04-10 00:00:00,C,4512,1D25215013008SXC10,2026-04-10 23:00:00,2026-04-11 07:00:00,51,19.0,0,Continuity (2-mould press)
2026-04-11 00:00:00,A,4512,1D25215013008SXC10,2026-04-11 07:00:00,2026-04-11 15:00:00,51,19.0,0,Continuity (2-mould press)
2026-04-11 00:00:00,B,4512,1D25215013008SXC10,2026-04-11 15:00:00,2026-04-11 23:00:00,51,19.0,0,Continuity (2-mould press)
2026-04-11 00:00:00,C,4512,1D25215013008SXC10,2026-04-11 23:00:00,2026-04-12 07:00:00,51,19.0,0,Continuity (2-mould press)
2026-04-12 00:00:00,A,4512,1D25215013008SXC10,2026-04-12 07:00:00,2026-04-12 15:00:00,51,19.0,0,Continuity (2-mould press)
2026-04-12 00:00:00,B,4512,1D25215013008SXC10,2026-04-12 15:00:00,2026-04-12 23:00:00,51,19.0,0,Continuity (2-mould press)
2026-04-12 00:00:00,C,4512,1D25215013008SXC10,2026-04-12 23:00:00,2026-04-13 07:00:00,51,19.0,0,Continuity (2-mould press)
2026-04-13 00:00:00,A,4512,1D25215013008SXC10,2026-04-13 07:00:00,2026-04-13 15:00:00,51,19.0,0,Continuity (2-mould press)
2026-04-13 00:00:00,B,4512,1D25215013008SXC10,2026-04-13 15:00:00,2026-04-13 23:00:00,51,19.0,0,Continuity (2-mould press)
2026-04-13 00:00:00,C,4512,1D25215013008SXC10,2026-04-13 23:00:00,2026-04-14 07:00:00,51,19.0,0,Continuity (2-mould press)
2026-04-14 00:00:00,A,4512,1D25215013008SXC10,2026-04-14 07:00:00,2026-04-14 15:00:00,51,19.0,0,Continuity (2-mould press)
2026-04-14 00:00:00,B,4512,1D25215013008SXC10,2026-04-14 15:00:00,2026-04-14 23:00:00,51,19.0,0,Continuity (2-mould press)
2026-04-14 00:00:00,C,4512,1D25215013008SXC10,2026-04-14 23:00:00,2026-04-15 07:00:00,51,19.0,0,Continuity (2-mould press)
2026-04-15 00:00:00,A,4512,1D25215013008SXC10,2026-04-15 07:00:00,2026-04-15 15:00:00,51,19.0,0,Continuity (2-mould press)
2026-04-15 00:00:00,B,4512,1D25215013008SXC10,2026-04-15 15:00:00,2026-04-15 23:00:00,51,19.0,0,Continuity (2-mould press)
2026-04-15 00:00:00,C,4512,1D25215013008SXC10,2026-04-15 23:00:00,2026-04-16 07:00:00,51,19.0,0,Continuity (2-mould press)
2026-04-16 00:00:00,A,4512,1D25215013008SXC10,2026-04-16 07:00:00,2026-04-16 15:00:00,51,19.0,0,Continuity (2-mould press)
2026-04-16 00:00:00,B,4512,1D25215013008SXC10,2026-04-16 15:00:00,2026-04-16 23:00:00,51,19.0,0,Continuity (2-mould press)
2026-04-16 00:00:00,C,4512,1D25215013008SXC10,2026-04-16 23:00:00,2026-04-17 07:00:00,51,19.0,0,Continuity (2-mould press)
2026-04-17 00:00:00,A,4512,1D25215013008SXC10,2026-04-17 07:00:00,2026-04-17 15:00:00,51,19.0,0,Continuity (2-mould press)
2026-04-17 00:00:00,B,4512,1D25215013008SXC10,2026-04-17 15:00:00,2026-04-17 23:00:00,51,19.0,0,Continuity (2-mould press)
2026-04-17 00:00:00,C,4512,1D25215013008SXC10,2026-04-17 23:00:00,2026-04-18 07:00:00,51,19.0,0,Continuity (2-mould press)
2026-04-18 00:00:00,A,4512,1D25215013008SXC10,2026-04-18 07:00:00,2026-04-18 15:00:00,51,19.0,0,Continuity (2-mould press)
2026-04-18 00:00:00,B,4512,1D25215013008SXC10,2026-04-18 15:00:00,2026-04-18 23:00:00,51,19.0,0,Continuity (2-mould press)
2026-04-18 00:00:00,C,4512,1D25215013008SXC10,2026-04-18 23:00:00,2026-04-19 07:00:00,51,19.0,0,Continuity (2-mould press)
2026-04-19 00:00:00,A,4512,1D25215013008SXC10,2026-04-19 07:00:00,2026-04-19 15:00:00,51,19.0,0,Continuity (2-mould press)
2026-04-19 00:00:00,B,4512,1D25215013008SXC10,2026-04-19 15:00:00,2026-04-19 23:00:00,51,19.0,0,Continuity (2-mould press)
2026-04-19 00:00:00,C,4512,1D25215013008SXC10,2026-04-19 23:00:00,2026-04-20 07:00:00,51,19.0,0,Continuity (2-mould press)
2026-04-20 00:00:00,A,4512,1D25215013008SXC10,2026-04-20 07:00:00,2026-04-20 15:00:00,51,19.0,0,Continuity (2-mould press)
2026-04-20 00:00:00,B,4512,1D25215013008SXC10,2026-04-20 15:00:00,2026-04-20 23:00:00,51,19.0,0,Continuity (2-mould press)
2026-04-20 00:00:00,C,4512,1D25215013008SXC10,2026-04-20 23:00:00,2026-04-21 07:00:00,51,19.0,0,Continuity (2-mould press)
2026-04-21 00:00:00,A,4512,1D25215013008SXC10,2026-04-21 07:00:00,2026-04-21 15:00:00,51,19.0,0,Continuity (2-mould press)
2026-04-21 00:00:00,B,4512,1D25215013008SXC10,2026-04-21 15:00:00,2026-04-21 23:00:00,51,19.0,0,Continuity (2-mould press)
2026-04-21 00:00:00,C,4512,1D25215013008SXC10,2026-04-21 23:00:00,2026-04-22 07:00:00,51,19.0,0,Continuity (2-mould press)
2026-04-22 00:00:00,A,4512,1D25215013008SXC10,2026-04-22 07:00:00,2026-04-22 15:00:00,51,19.0,0,Continuity (2-mould press)
2026-04-22 00:00:00,B,4512,1D25215013008SXC10,2026-04-22 15:00:00,2026-04-22 23:00:00,51,19.0,0,Continuity (2-mould press)
2026-04-22 00:00:00,C,4512,1D25215013008SXC10,2026-04-22 23:00:00,2026-04-23 07:00:00,51,19.0,0,Continuity (2-mould press)
2026-04-23 00:00:00,A,4512,1D25215013008SXC10,2026-04-23 07:00:00,2026-04-23 15:00:00,51,19.0,0,Continuity (2-mould press)
2026-04-23 00:00:00,B,4512,1D25215013008SXC10,2026-04-23 15:00:00,2026-04-23 23:00:00,51,19.0,0,Continuity (2-mould press)
2026-04-23 00:00:00,C,4512,1D25215013008SXC10,2026-04-23 23:00:00,2026-04-24 07:00:00,51,19.0,0,Continuity (2-mould press)
2026-04-24 00:00:00,A,4512,1D25215013008SXC10,2026-04-24 07:00:00,2026-04-24 15:00:00,51,19.0,0,Continuity (2-mould press)
2026-04-24 00:00:00,B,4512,1D25215013008SXC10,2026-04-24 15:00:00,2026-04-24 23:00:00,51,19.0,0,Continuity (2-mould press)
2026-04-24 00:00:00,C,4512,1D25215013008SXC10,2026-04-24 23:00:00,2026-04-25 07:00:00,51,19.0,0,Continuity (2-mould press)
2026-04-25 00:00:00,A,4512,1D25215013008SXC10,2026-04-25 07:00:00,2026-04-25 15:00:00,51,19.0,0,Continuity (2-mould press)
2026-04-25 00:00:00,B,4512,1D25215013008SXC10,2026-04-25 15:00:00,2026-04-25 23:00:00,51,19.0,0,Continuity (2-mould press)
2026-04-25 00:00:00,C,4512,1D25215013008SXC10,2026-04-25 23:00:00,2026-04-26 07:00:00,51,19.0,0,Continuity (2-mould press)
2026-04-26 00:00:00,A,4512,1D25215013008SXC10,2026-04-26 07:00:00,2026-04-26 15:00:00,51,19.0,0,Continuity (2-mould press)
2026-04-26 00:00:00,B,4512,1D25215013008SXC10,2026-04-26 15:00:00,2026-04-26 23:00:00,51,19.0,0,Continuity (2-mould press)
2026-04-26 00:00:00,C,4512,1D25215013008SXC10,2026-04-26 23:00:00,2026-04-27 07:00:00,51,19.0,0,Continuity (2-mould press)
2026-04-27 00:00:00,A,4512,1D25215013008SXC10,2026-04-27 07:00:00,2026-04-27 15:00:00,51,19.0,0,Continuity (2-mould press)
2026-04-27 00:00:00,B,4512,1D25215013008SXC10,2026-04-27 15:00:00,2026-04-27 23:00:00,51,19.0,0,Continuity (2-mould press)
2026-04-27 00:00:00,C,4512,1D25215013008SXC10,2026-04-27 23:00:00,2026-04-28 07:00:00,51,19.0,0,Continuity (2-mould press)
2026-04-28 00:00:00,A,4512,1D25215013008SXC10,2026-04-28 07:00:00,2026-04-28 15:00:00,51,19.0,0,Continuity (2-mould press)
2026-04-28 00:00:00,B,4512,1D25215013008SXC10,2026-04-28 15:00:00,2026-04-28 23:00:00,51,19.0,0,Continuity (2-mould press)
2026-04-28 00:00:00,C,4512,1D25215013008SXC10,2026-04-28 23:00:00,2026-04-29 07:00:00,51,19.0,0,Continuity (2-mould press)
2026-04-29 00:00:00,A,4512,1D25215013008SXC10,2026-04-29 07:00:00,2026-04-29 07:08:00,1,19.0,0,Continuity (2-mould press)
2026-04-29 00:00:00,A,4512,MOULD_CLEAN,2026-04-29 07:08:00,2026-04-29 10:08:00,0,0.0,0,Mould cleaning (continuity)
2026-04-29 00:00:00,A,4512,1D25215013008SXC10,2026-04-29 10:08:00,2026-04-29 15:00:00,31,19.0,0,Continuity (2-mould press)
2026-04-29 00:00:00,B,4512,1D25215013008SXC10,2026-04-29 15:00:00,2026-04-29 23:00:00,51,19.0,0,Continuity (2-mould press)
2026-04-29 00:00:00,C,4512,1D25215013008SXC10,2026-04-29 23:00:00,2026-04-30 07:00:00,51,19.0,0,Continuity (2-mould press)
2026-04-30 00:00:00,A,4512,1D25215013008SXC10,2026-04-30 07:00:00,2026-04-30 10:31:00,22,19.0,0,Continuity (2-mould press)
2026-04-08 00:00:00,A,4513,1325215813079TUNE3,2026-04-08 07:00:00,2026-04-08 15:00:00,69,14.0,0,Continuity (2-mould press)
2026-04-08 00:00:00,B,4513,1325215813079TUNE3,2026-04-08 15:00:00,2026-04-08 23:00:00,69,14.0,0,Continuity (2-mould press)
2026-04-08 00:00:00,C,4513,1325215813079TUNE3,2026-04-08 23:00:00,2026-04-09 07:00:00,69,14.0,0,Continuity (2-mould press)
2026-04-09 00:00:00,A,4513,1325215813079TUNE3,2026-04-09 07:00:00,2026-04-09 15:00:00,69,14.0,0,Continuity (2-mould press)
2026-04-09 00:00:00,B,4513,1325215813079TUNE3,2026-04-09 15:00:00,2026-04-09 23:00:00,69,14.0,0,Continuity (2-mould press)
2026-04-09 00:00:00,C,4513,1325215813079TUNE3,2026-04-09 23:00:00,2026-04-10 07:00:00,69,14.0,0,Continuity (2-mould press)
2026-04-10 00:00:00,A,4513,1325215813079TUNE3,2026-04-10 07:00:00,2026-04-10 15:00:00,69,14.0,0,Continuity (2-mould press)
2026-04-10 00:00:00,B,4513,1325215813079TUNE3,2026-04-10 15:00:00,2026-04-10 23:00:00,69,14.0,0,Continuity (2-mould press)
2026-04-10 00:00:00,C,4513,1325215813079TUNE3,2026-04-10 23:00:00,2026-04-11 07:00:00,69,14.0,0,Continuity (2-mould press)
2026-04-11 00:00:00,A,4513,1325215813079TUNE3,2026-04-11 07:00:00,2026-04-11 15:00:00,69,14.0,0,Continuity (2-mould press)
2026-04-11 00:00:00,B,4513,1325215813079TUNE3,2026-04-11 15:00:00,2026-04-11 23:00:00,69,14.0,0,Continuity (2-mould press)
2026-04-11 00:00:00,C,4513,1325215813079TUNE3,2026-04-11 23:00:00,2026-04-12 07:00:00,69,14.0,0,Continuity (2-mould press)
2026-04-12 00:00:00,A,4513,1325215813079TUNE3,2026-04-12 07:00:00,2026-04-12 15:00:00,69,14.0,0,Continuity (2-mould press)
2026-04-12 00:00:00,B,4513,1325215813079TUNE3,2026-04-12 15:00:00,2026-04-12 23:00:00,69,14.0,0,Continuity (2-mould press)
2026-04-12 00:00:00,C,4513,1325215813079TUNE3,2026-04-12 23:00:00,2026-04-13 07:00:00,69,14.0,0,Continuity (2-mould press)
2026-04-13 00:00:00,A,4513,1325215813079TUNE3,2026-04-13 07:00:00,2026-04-13 15:00:00,69,14.0,0,Continuity (2-mould press)
2026-04-13 00:00:00,B,4513,1325215813079TUNE3,2026-04-13 15:00:00,2026-04-13 23:00:00,69,14.0,0,Continuity (2-mould press)
2026-04-13 00:00:00,C,4513,1325215813079TUNE3,2026-04-13 23:00:00,2026-04-14 07:00:00,69,14.0,0,Continuity (2-mould press)
2026-04-14 00:00:00,A,4513,1325215813079TUNE3,2026-04-14 07:00:00,2026-04-14 15:00:00,69,14.0,0,Continuity (2-mould press)
2026-04-14 00:00:00,B,4513,1325215813079TUNE3,2026-04-14 15:00:00,2026-04-14 23:00:00,69,14.0,0,Continuity (2-mould press)
2026-04-14 00:00:00,C,4513,1325215813079TUNE3,2026-04-14 23:00:00,2026-04-15 07:00:00,69,14.0,0,Continuity (2-mould press)
2026-04-15 00:00:00,A,4513,1325215813079TUNE3,2026-04-15 07:00:00,2026-04-15 15:00:00,69,14.0,0,Continuity (2-mould press)
2026-04-15 00:00:00,B,4513,1325215813079TUNE3,2026-04-15 15:00:00,2026-04-15 23:00:00,69,14.0,0,Continuity (2-mould press)
2026-04-15 00:00:00,C,4513,1325215813079TUNE3,2026-04-15 23:00:00,2026-04-16 07:00:00,69,14.0,0,Continuity (2-mould press)
2026-04-16 00:00:00,A,4513,1325215813079TUNE3,2026-04-16 07:00:00,2026-04-16 15:00:00,69,14.0,0,Continuity (2-mould press)
2026-04-16 00:00:00,B,4513,1325215813079TUNE3,2026-04-16 15:00:00,2026-04-16 23:00:00,69,14.0,0,Continuity (2-mould press)
2026-04-16 00:00:00,C,4513,1325215813079TUNE3,2026-04-16 23:00:00,2026-04-17 07:00:00,69,14.0,0,Continuity (2-mould press)
2026-04-17 00:00:00,A,4513,1325215813079TUNE3,2026-04-17 07:00:00,2026-04-17 15:00:00,69,14.0,0,Continuity (2-mould press)
2026-04-17 00:00:00,B,4513,1325215813079TUNE3,2026-04-17 15:00:00,2026-04-17 23:00:00,69,14.0,0,Continuity (2-mould press)
2026-04-17 00:00:00,C,4513,1325215813079TUNE3,2026-04-17 23:00:00,2026-04-18 07:00:00,69,14.0,0,Continuity (2-mould press)
2026-04-18 00:00:00,A,4513,1325215813079TUNE3,2026-04-18 07:00:00,2026-04-18 15:00:00,69,14.0,0,Continuity (2-mould press)
2026-04-18 00:00:00,B,4513,1325215813079TUNE3,2026-04-18 15:00:00,2026-04-18 23:00:00,69,14.0,0,Continuity (2-mould press)
2026-04-18 00:00:00,C,4513,1325215813079TUNE3,2026-04-18 23:00:00,2026-04-19 07:00:00,69,14.0,0,Continuity (2-mould press)
2026-04-19 00:00:00,A,4513,1325215813079TUNE3,2026-04-19 07:00:00,2026-04-19 15:00:00,69,14.0,0,Continuity (2-mould press)
2026-04-19 00:00:00,B,4513,1325215813079TUNE3,2026-04-19 15:00:00,2026-04-19 23:00:00,69,14.0,0,Continuity (2-mould press)
2026-04-19 00:00:00,C,4513,1325215813079TUNE3,2026-04-19 23:00:00,2026-04-20 07:00:00,69,14.0,0,Continuity (2-mould press)
2026-04-20 00:00:00,A,4513,1325215813079TUNE3,2026-04-20 07:00:00,2026-04-20 15:00:00,69,14.0,0,Continuity (2-mould press)
2026-04-20 00:00:00,B,4513,1325215813079TUNE3,2026-04-20 15:00:00,2026-04-20 23:00:00,69,14.0,0,Continuity (2-mould press)
2026-04-20 00:00:00,C,4513,1325215813079TUNE3,2026-04-20 23:00:00,2026-04-21 07:00:00,69,14.0,0,Continuity (2-mould press)
2026-04-21 00:00:00,A,4513,1325215813079TUNE3,2026-04-21 07:00:00,2026-04-21 15:00:00,69,14.0,0,Continuity (2-mould press)
2026-04-21 00:00:00,B,4513,1325215813079TUNE3,2026-04-21 15:00:00,2026-04-21 23:00:00,69,14.0,0,Continuity (2-mould press)
2026-04-21 00:00:00,C,4513,1325215813079TUNE3,2026-04-21 23:00:00,2026-04-22 07:00:00,69,14.0,0,Continuity (2-mould press)
2026-04-22 00:00:00,A,4513,1325215813079TUNE3,2026-04-22 07:00:00,2026-04-22 15:00:00,69,14.0,0,Continuity (2-mould press)
2026-04-22 00:00:00,B,4513,1325215813079TUNE3,2026-04-22 15:00:00,2026-04-22 23:00:00,69,14.0,0,Continuity (2-mould press)
2026-04-22 00:00:00,C,4513,1325215813079TUNE3,2026-04-22 23:00:00,2026-04-23 07:00:00,69,14.0,0,Continuity (2-mould press)
2026-04-23 00:00:00,A,4513,1325215813079TUNE3,2026-04-23 07:00:00,2026-04-23 15:00:00,69,14.0,0,Continuity (2-mould press)
2026-04-23 00:00:00,B,4513,1325215813079TUNE3,2026-04-23 15:00:00,2026-04-23 23:00:00,69,14.0,0,Continuity (2-mould press)
2026-04-23 00:00:00,C,4513,1325215813079TUNE3,2026-04-23 23:00:00,2026-04-24 07:00:00,69,14.0,0,Continuity (2-mould press)
2026-04-24 00:00:00,A,4513,1325215813079TUNE3,2026-04-24 07:00:00,2026-04-24 15:00:00,69,14.0,0,Continuity (2-mould press)
2026-04-24 00:00:00,B,4513,1325215813079TUNE3,2026-04-24 15:00:00,2026-04-24 23:00:00,69,14.0,0,Continuity (2-mould press)
2026-04-24 00:00:00,C,4513,1325215813079TUNE3,2026-04-24 23:00:00,2026-04-25 07:00:00,69,14.0,0,Continuity (2-mould press)
2026-04-25 00:00:00,A,4513,1325215813079TUNE3,2026-04-25 07:00:00,2026-04-25 15:00:00,69,14.0,0,Continuity (2-mould press)
2026-04-25 00:00:00,B,4513,1325215813079TUNE3,2026-04-25 15:00:00,2026-04-25 23:00:00,69,14.0,0,Continuity (2-mould press)
2026-04-25 00:00:00,C,4513,1325215813079TUNE3,2026-04-25 23:00:00,2026-04-26 07:00:00,69,14.0,0,Continuity (2-mould press)
2026-04-26 00:00:00,A,4513,1325215813079TUNE3,2026-04-26 07:00:00,2026-04-26 15:00:00,69,14.0,0,Continuity (2-mould press)
2026-04-26 00:00:00,B,4513,1325215813079TUNE3,2026-04-26 15:00:00,2026-04-26 23:00:00,69,14.0,0,Continuity (2-mould press)
2026-04-26 00:00:00,C,4513,1325215813079TUNE3,2026-04-26 23:00:00,2026-04-27 07:00:00,69,14.0,0,Continuity (2-mould press)
2026-04-27 00:00:00,A,4513,1325215813079TUNE3,2026-04-27 07:00:00,2026-04-27 08:34:00,13,14.0,0,Continuity (2-mould press)
2026-04-08 00:00:00,A,4514,1D25215013008SXC10,2026-04-08 07:00:00,2026-04-08 15:00:00,51,19.0,0,Continuity (2-mould press)
2026-04-08 00:00:00,B,4514,1D25215013008SXC10,2026-04-08 15:00:00,2026-04-08 23:00:00,51,19.0,0,Continuity (2-mould press)
2026-04-08 00:00:00,C,4514,1D25215013008SXC10,2026-04-08 23:00:00,2026-04-09 07:00:00,51,19.0,0,Continuity (2-mould press)
2026-04-09 00:00:00,A,4514,1D25215013008SXC10,2026-04-09 07:00:00,2026-04-09 15:00:00,51,19.0,0,Continuity (2-mould press)
2026-04-09 00:00:00,B,4514,1D25215013008SXC10,2026-04-09 15:00:00,2026-04-09 23:00:00,51,19.0,0,Continuity (2-mould press)
2026-04-09 00:00:00,C,4514,1D25215013008SXC10,2026-04-09 23:00:00,2026-04-10 07:00:00,51,19.0,0,Continuity (2-mould press)
2026-04-10 00:00:00,A,4514,1D25215013008SXC10,2026-04-10 07:00:00,2026-04-10 15:00:00,51,19.0,0,Continuity (2-mould press)
2026-04-10 00:00:00,B,4514,1D25215013008SXC10,2026-04-10 15:00:00,2026-04-10 23:00:00,51,19.0,0,Continuity (2-mould press)
2026-04-10 00:00:00,C,4514,1D25215013008SXC10,2026-04-10 23:00:00,2026-04-11 07:00:00,51,19.0,0,Continuity (2-mould press)
2026-04-11 00:00:00,A,4514,1D25215013008SXC10,2026-04-11 07:00:00,2026-04-11 15:00:00,51,19.0,0,Continuity (2-mould press)
2026-04-11 00:00:00,B,4514,1D25215013008SXC10,2026-04-11 15:00:00,2026-04-11 23:00:00,51,19.0,0,Continuity (2-mould press)
2026-04-11 00:00:00,C,4514,1D25215013008SXC10,2026-04-11 23:00:00,2026-04-12 07:00:00,51,19.0,0,Continuity (2-mould press)
2026-04-12 00:00:00,A,4514,1D25215013008SXC10,2026-04-12 07:00:00,2026-04-12 15:00:00,51,19.0,0,Continuity (2-mould press)
2026-04-12 00:00:00,B,4514,1D25215013008SXC10,2026-04-12 15:00:00,2026-04-12 23:00:00,51,19.0,0,Continuity (2-mould press)
2026-04-12 00:00:00,C,4514,1D25215013008SXC10,2026-04-12 23:00:00,2026-04-13 07:00:00,51,19.0,0,Continuity (2-mould press)
2026-04-13 00:00:00,A,4514,1D25215013008SXC10,2026-04-13 07:00:00,2026-04-13 15:00:00,51,19.0,0,Continuity (2-mould press)
2026-04-13 00:00:00,B,4514,1D25215013008SXC10,2026-04-13 15:00:00,2026-04-13 23:00:00,51,19.0,0,Continuity (2-mould press)
2026-04-13 00:00:00,C,4514,1D25215013008SXC10,2026-04-13 23:00:00,2026-04-14 07:00:00,51,19.0,0,Continuity (2-mould press)
2026-04-14 00:00:00,A,4514,1D25215013008SXC10,2026-04-14 07:00:00,2026-04-14 15:00:00,51,19.0,0,Continuity (2-mould press)
2026-04-14 00:00:00,B,4514,1D25215013008SXC10,2026-04-14 15:00:00,2026-04-14 23:00:00,51,19.0,0,Continuity (2-mould press)
2026-04-14 00:00:00,C,4514,1D25215013008SXC10,2026-04-14 23:00:00,2026-04-15 07:00:00,51,19.0,0,Continuity (2-mould press)
2026-04-15 00:00:00,A,4514,1D25215013008SXC10,2026-04-15 07:00:00,2026-04-15 15:00:00,51,19.0,0,Continuity (2-mould press)
2026-04-15 00:00:00,B,4514,1D25215013008SXC10,2026-04-15 15:00:00,2026-04-15 23:00:00,51,19.0,0,Continuity (2-mould press)
2026-04-15 00:00:00,C,4514,1D25215013008SXC10,2026-04-15 23:00:00,2026-04-16 07:00:00,51,19.0,0,Continuity (2-mould press)
2026-04-16 00:00:00,A,4514,1D25215013008SXC10,2026-04-16 07:00:00,2026-04-16 15:00:00,51,19.0,0,Continuity (2-mould press)
2026-04-16 00:00:00,B,4514,1D25215013008SXC10,2026-04-16 15:00:00,2026-04-16 23:00:00,51,19.0,0,Continuity (2-mould press)
2026-04-16 00:00:00,C,4514,1D25215013008SXC10,2026-04-16 23:00:00,2026-04-17 07:00:00,51,19.0,0,Continuity (2-mould press)
2026-04-17 00:00:00,A,4514,1D25215013008SXC10,2026-04-17 07:00:00,2026-04-17 15:00:00,51,19.0,0,Continuity (2-mould press)
2026-04-17 00:00:00,B,4514,1D25215013008SXC10,2026-04-17 15:00:00,2026-04-17 23:00:00,51,19.0,0,Continuity (2-mould press)
2026-04-17 00:00:00,C,4514,1D25215013008SXC10,2026-04-17 23:00:00,2026-04-18 07:00:00,51,19.0,0,Continuity (2-mould press)
2026-04-18 00:00:00,A,4514,1D25215013008SXC10,2026-04-18 07:00:00,2026-04-18 15:00:00,51,19.0,0,Continuity (2-mould press)
2026-04-18 00:00:00,B,4514,1D25215013008SXC10,2026-04-18 15:00:00,2026-04-18 23:00:00,51,19.0,0,Continuity (2-mould press)
2026-04-18 00:00:00,C,4514,1D25215013008SXC10,2026-04-18 23:00:00,2026-04-19 07:00:00,51,19.0,0,Continuity (2-mould press)
2026-04-19 00:00:00,A,4514,1D25215013008SXC10,2026-04-19 07:00:00,2026-04-19 15:00:00,51,19.0,0,Continuity (2-mould press)
2026-04-19 00:00:00,B,4514,1D25215013008SXC10,2026-04-19 15:00:00,2026-04-19 23:00:00,51,19.0,0,Continuity (2-mould press)
2026-04-19 00:00:00,C,4514,1D25215013008SXC10,2026-04-19 23:00:00,2026-04-20 07:00:00,51,19.0,0,Continuity (2-mould press)
2026-04-20 00:00:00,A,4514,1D25215013008SXC10,2026-04-20 07:00:00,2026-04-20 15:00:00,51,19.0,0,Continuity (2-mould press)
2026-04-20 00:00:00,B,4514,1D25215013008SXC10,2026-04-20 15:00:00,2026-04-20 23:00:00,51,19.0,0,Continuity (2-mould press)
2026-04-20 00:00:00,C,4514,1D25215013008SXC10,2026-04-20 23:00:00,2026-04-21 07:00:00,51,19.0,0,Continuity (2-mould press)
2026-04-21 00:00:00,A,4514,1D25215013008SXC10,2026-04-21 07:00:00,2026-04-21 15:00:00,51,19.0,0,Continuity (2-mould press)
2026-04-21 00:00:00,B,4514,1D25215013008SXC10,2026-04-21 15:00:00,2026-04-21 23:00:00,51,19.0,0,Continuity (2-mould press)
2026-04-21 00:00:00,C,4514,1D25215013008SXC10,2026-04-21 23:00:00,2026-04-22 07:00:00,51,19.0,0,Continuity (2-mould press)
2026-04-22 00:00:00,A,4514,1D25215013008SXC10,2026-04-22 07:00:00,2026-04-22 15:00:00,51,19.0,0,Continuity (2-mould press)
2026-04-22 00:00:00,B,4514,1D25215013008SXC10,2026-04-22 15:00:00,2026-04-22 23:00:00,51,19.0,0,Continuity (2-mould press)
2026-04-22 00:00:00,C,4514,1D25215013008SXC10,2026-04-22 23:00:00,2026-04-23 07:00:00,51,19.0,0,Continuity (2-mould press)
2026-04-23 00:00:00,A,4514,1D25215013008SXC10,2026-04-23 07:00:00,2026-04-23 15:00:00,51,19.0,0,Continuity (2-mould press)
2026-04-23 00:00:00,B,4514,1D25215013008SXC10,2026-04-23 15:00:00,2026-04-23 23:00:00,51,19.0,0,Continuity (2-mould press)
2026-04-23 00:00:00,C,4514,1D25215013008SXC10,2026-04-23 23:00:00,2026-04-24 07:00:00,51,19.0,0,Continuity (2-mould press)
2026-04-24 00:00:00,A,4514,1D25215013008SXC10,2026-04-24 07:00:00,2026-04-24 15:00:00,51,19.0,0,Continuity (2-mould press)
2026-04-24 00:00:00,B,4514,1D25215013008SXC10,2026-04-24 15:00:00,2026-04-24 23:00:00,51,19.0,0,Continuity (2-mould press)
2026-04-24 00:00:00,C,4514,1D25215013008SXC10,2026-04-24 23:00:00,2026-04-25 07:00:00,51,19.0,0,Continuity (2-mould press)
2026-04-25 00:00:00,A,4514,1D25215013008SXC10,2026-04-25 07:00:00,2026-04-25 15:00:00,51,19.0,0,Continuity (2-mould press)
2026-04-25 00:00:00,B,4514,1D25215013008SXC10,2026-04-25 15:00:00,2026-04-25 23:00:00,51,19.0,0,Continuity (2-mould press)
2026-04-25 00:00:00,C,4514,1D25215013008SXC10,2026-04-25 23:00:00,2026-04-26 07:00:00,51,19.0,0,Continuity (2-mould press)
2026-04-26 00:00:00,A,4514,1D25215013008SXC10,2026-04-26 07:00:00,2026-04-26 15:00:00,51,19.0,0,Continuity (2-mould press)
2026-04-26 00:00:00,B,4514,1D25215013008SXC10,2026-04-26 15:00:00,2026-04-26 23:00:00,51,19.0,0,Continuity (2-mould press)
2026-04-26 00:00:00,C,4514,1D25215013008SXC10,2026-04-26 23:00:00,2026-04-27 07:00:00,51,19.0,0,Continuity (2-mould press)
2026-04-27 00:00:00,A,4514,1D25215013008SXC10,2026-04-27 07:00:00,2026-04-27 15:00:00,51,19.0,0,Continuity (2-mould press)
2026-04-27 00:00:00,B,4514,1D25215013008SXC10,2026-04-27 15:00:00,2026-04-27 23:00:00,51,19.0,0,Continuity (2-mould press)
2026-04-27 00:00:00,C,4514,1D25215013008SXC10,2026-04-27 23:00:00,2026-04-28 07:00:00,51,19.0,0,Continuity (2-mould press)
2026-04-28 00:00:00,A,4514,1D25215013008SXC10,2026-04-28 07:00:00,2026-04-28 15:00:00,51,19.0,0,Continuity (2-mould press)
2026-04-28 00:00:00,B,4514,1D25215013008SXC10,2026-04-28 15:00:00,2026-04-28 23:00:00,51,19.0,0,Continuity (2-mould press)
2026-04-28 00:00:00,C,4514,1D25215013008SXC10,2026-04-28 23:00:00,2026-04-29 06:49:00,49,19.0,0,Continuity (2-mould press)
2026-04-28 00:00:00,C,4514,MOULD_CLEAN,2026-04-29 06:49:00,2026-04-29 07:00:00,0,0.0,0,Mould cleaning (continuity)
2026-04-29 00:00:00,A,4514,MOULD_CLEAN,2026-04-29 07:00:00,2026-04-29 09:49:00,0,0.0,0,Mould cleaning (continuity)
2026-04-29 00:00:00,A,4514,1D25215013008SXC10,2026-04-29 09:49:00,2026-04-29 15:00:00,33,19.0,0,Continuity (2-mould press)
2026-04-29 00:00:00,B,4514,1D25215013008SXC10,2026-04-29 15:00:00,2026-04-29 23:00:00,51,19.0,0,Continuity (2-mould press)
2026-04-29 00:00:00,C,4514,1D25215013008SXC10,2026-04-29 23:00:00,2026-04-30 07:00:00,51,19.0,0,Continuity (2-mould press)
2026-04-30 00:00:00,A,4514,1D25215013008SXC10,2026-04-30 07:00:00,2026-04-30 10:31:00,22,19.0,0,Continuity (2-mould press)
2026-04-08 00:00:00,A,4515,1325215813079TUNE3,2026-04-08 07:00:00,2026-04-08 15:00:00,69,14.0,0,Continuity (2-mould press)
2026-04-08 00:00:00,B,4515,1325215813079TUNE3,2026-04-08 15:00:00,2026-04-08 23:00:00,69,14.0,0,Continuity (2-mould press)
2026-04-08 00:00:00,C,4515,1325215813079TUNE3,2026-04-08 23:00:00,2026-04-09 07:00:00,69,14.0,0,Continuity (2-mould press)
2026-04-09 00:00:00,A,4515,1325215813079TUNE3,2026-04-09 07:00:00,2026-04-09 15:00:00,69,14.0,0,Continuity (2-mould press)
2026-04-09 00:00:00,B,4515,1325215813079TUNE3,2026-04-09 15:00:00,2026-04-09 23:00:00,69,14.0,0,Continuity (2-mould press)
2026-04-09 00:00:00,C,4515,1325215813079TUNE3,2026-04-09 23:00:00,2026-04-10 07:00:00,69,14.0,0,Continuity (2-mould press)
2026-04-10 00:00:00,A,4515,1325215813079TUNE3,2026-04-10 07:00:00,2026-04-10 15:00:00,69,14.0,0,Continuity (2-mould press)
2026-04-10 00:00:00,B,4515,1325215813079TUNE3,2026-04-10 15:00:00,2026-04-10 23:00:00,69,14.0,0,Continuity (2-mould press)
2026-04-10 00:00:00,C,4515,1325215813079TUNE3,2026-04-10 23:00:00,2026-04-11 07:00:00,69,14.0,0,Continuity (2-mould press)
2026-04-11 00:00:00,A,4515,1325215813079TUNE3,2026-04-11 07:00:00,2026-04-11 15:00:00,69,14.0,0,Continuity (2-mould press)
2026-04-11 00:00:00,B,4515,1325215813079TUNE3,2026-04-11 15:00:00,2026-04-11 23:00:00,69,14.0,0,Continuity (2-mould press)
2026-04-11 00:00:00,C,4515,1325215813079TUNE3,2026-04-11 23:00:00,2026-04-12 07:00:00,69,14.0,0,Continuity (2-mould press)
2026-04-12 00:00:00,A,4515,1325215813079TUNE3,2026-04-12 07:00:00,2026-04-12 15:00:00,69,14.0,0,Continuity (2-mould press)
2026-04-12 00:00:00,B,4515,1325215813079TUNE3,2026-04-12 15:00:00,2026-04-12 23:00:00,69,14.0,0,Continuity (2-mould press)
2026-04-12 00:00:00,C,4515,1325215813079TUNE3,2026-04-12 23:00:00,2026-04-12 23:42:00,6,14.0,0,Continuity (2-mould press)
2026-04-12 00:00:00,C,4515,MOULD_CLEAN,2026-04-12 23:42:00,2026-04-13 02:42:00,0,0.0,0,Mould cleaning (continuity)
2026-04-12 00:00:00,C,4515,1325215813079TUNE3,2026-04-13 02:42:00,2026-04-13 07:00:00,37,14.0,0,Continuity (2-mould press)
2026-04-13 00:00:00,A,4515,1325215813079TUNE3,2026-04-13 07:00:00,2026-04-13 15:00:00,69,14.0,0,Continuity (2-mould press)
2026-04-13 00:00:00,B,4515,1325215813079TUNE3,2026-04-13 15:00:00,2026-04-13 23:00:00,69,14.0,0,Continuity (2-mould press)
2026-04-13 00:00:00,C,4515,1325215813079TUNE3,2026-04-13 23:00:00,2026-04-14 07:00:00,69,14.0,0,Continuity (2-mould press)
2026-04-14 00:00:00,A,4515,1325215813079TUNE3,2026-04-14 07:00:00,2026-04-14 15:00:00,69,14.0,0,Continuity (2-mould press)
2026-04-14 00:00:00,B,4515,1325215813079TUNE3,2026-04-14 15:00:00,2026-04-14 23:00:00,69,14.0,0,Continuity (2-mould press)
2026-04-14 00:00:00,C,4515,1325215813079TUNE3,2026-04-14 23:00:00,2026-04-15 07:00:00,69,14.0,0,Continuity (2-mould press)
2026-04-15 00:00:00,A,4515,1325215813079TUNE3,2026-04-15 07:00:00,2026-04-15 15:00:00,69,14.0,0,Continuity (2-mould press)
2026-04-15 00:00:00,B,4515,1325215813079TUNE3,2026-04-15 15:00:00,2026-04-15 23:00:00,69,14.0,0,Continuity (2-mould press)
2026-04-15 00:00:00,C,4515,1325215813079TUNE3,2026-04-15 23:00:00,2026-04-16 07:00:00,69,14.0,0,Continuity (2-mould press)
2026-04-16 00:00:00,A,4515,1325215813079TUNE3,2026-04-16 07:00:00,2026-04-16 15:00:00,69,14.0,0,Continuity (2-mould press)
2026-04-16 00:00:00,B,4515,1325215813079TUNE3,2026-04-16 15:00:00,2026-04-16 23:00:00,69,14.0,0,Continuity (2-mould press)
2026-04-16 00:00:00,C,4515,1325215813079TUNE3,2026-04-16 23:00:00,2026-04-17 07:00:00,69,14.0,0,Continuity (2-mould press)
2026-04-17 00:00:00,A,4515,1325215813079TUNE3,2026-04-17 07:00:00,2026-04-17 15:00:00,69,14.0,0,Continuity (2-mould press)
2026-04-17 00:00:00,B,4515,1325215813079TUNE3,2026-04-17 15:00:00,2026-04-17 23:00:00,69,14.0,0,Continuity (2-mould press)
2026-04-17 00:00:00,C,4515,1325215813079TUNE3,2026-04-17 23:00:00,2026-04-18 07:00:00,69,14.0,0,Continuity (2-mould press)
2026-04-18 00:00:00,A,4515,1325215813079TUNE3,2026-04-18 07:00:00,2026-04-18 15:00:00,69,14.0,0,Continuity (2-mould press)
2026-04-18 00:00:00,B,4515,1325215813079TUNE3,2026-04-18 15:00:00,2026-04-18 23:00:00,69,14.0,0,Continuity (2-mould press)
2026-04-18 00:00:00,C,4515,1325215813079TUNE3,2026-04-18 23:00:00,2026-04-19 07:00:00,69,14.0,0,Continuity (2-mould press)
2026-04-19 00:00:00,A,4515,1325215813079TUNE3,2026-04-19 07:00:00,2026-04-19 15:00:00,69,14.0,0,Continuity (2-mould press)
2026-04-19 00:00:00,B,4515,1325215813079TUNE3,2026-04-19 15:00:00,2026-04-19 23:00:00,69,14.0,0,Continuity (2-mould press)
2026-04-19 00:00:00,C,4515,1325215813079TUNE3,2026-04-19 23:00:00,2026-04-20 07:00:00,69,14.0,0,Continuity (2-mould press)
2026-04-20 00:00:00,A,4515,1325215813079TUNE3,2026-04-20 07:00:00,2026-04-20 15:00:00,69,14.0,0,Continuity (2-mould press)
2026-04-20 00:00:00,B,4515,1325215813079TUNE3,2026-04-20 15:00:00,2026-04-20 23:00:00,69,14.0,0,Continuity (2-mould press)
2026-04-20 00:00:00,C,4515,1325215813079TUNE3,2026-04-20 23:00:00,2026-04-21 07:00:00,69,14.0,0,Continuity (2-mould press)
2026-04-21 00:00:00,A,4515,1325215813079TUNE3,2026-04-21 07:00:00,2026-04-21 15:00:00,69,14.0,0,Continuity (2-mould press)
2026-04-21 00:00:00,B,4515,1325215813079TUNE3,2026-04-21 15:00:00,2026-04-21 23:00:00,69,14.0,0,Continuity (2-mould press)
2026-04-21 00:00:00,C,4515,1325215813079TUNE3,2026-04-21 23:00:00,2026-04-22 07:00:00,69,14.0,0,Continuity (2-mould press)
2026-04-22 00:00:00,A,4515,1325215813079TUNE3,2026-04-22 07:00:00,2026-04-22 15:00:00,69,14.0,0,Continuity (2-mould press)
2026-04-22 00:00:00,B,4515,1325215813079TUNE3,2026-04-22 15:00:00,2026-04-22 23:00:00,69,14.0,0,Continuity (2-mould press)
2026-04-22 00:00:00,C,4515,1325215813079TUNE3,2026-04-22 23:00:00,2026-04-23 07:00:00,69,14.0,0,Continuity (2-mould press)
2026-04-23 00:00:00,A,4515,1325215813079TUNE3,2026-04-23 07:00:00,2026-04-23 15:00:00,69,14.0,0,Continuity (2-mould press)
2026-04-23 00:00:00,B,4515,1325215813079TUNE3,2026-04-23 15:00:00,2026-04-23 23:00:00,69,14.0,0,Continuity (2-mould press)
2026-04-23 00:00:00,C,4515,1325215813079TUNE3,2026-04-23 23:00:00,2026-04-24 07:00:00,69,14.0,0,Continuity (2-mould press)
2026-04-24 00:00:00,A,4515,1325215813079TUNE3,2026-04-24 07:00:00,2026-04-24 15:00:00,69,14.0,0,Continuity (2-mould press)
2026-04-24 00:00:00,B,4515,1325215813079TUNE3,2026-04-24 15:00:00,2026-04-24 23:00:00,69,14.0,0,Continuity (2-mould press)
2026-04-24 00:00:00,C,4515,1325215813079TUNE3,2026-04-24 23:00:00,2026-04-25 07:00:00,69,14.0,0,Continuity (2-mould press)
2026-04-25 00:00:00,A,4515,1325215813079TUNE3,2026-04-25 07:00:00,2026-04-25 15:00:00,69,14.0,0,Continuity (2-mould press)
2026-04-25 00:00:00,B,4515,1325215813079TUNE3,2026-04-25 15:00:00,2026-04-25 23:00:00,69,14.0,0,Continuity (2-mould press)
2026-04-25 00:00:00,C,4515,1325215813079TUNE3,2026-04-25 23:00:00,2026-04-26 07:00:00,69,14.0,0,Continuity (2-mould press)
2026-04-26 00:00:00,A,4515,1325215813079TUNE3,2026-04-26 07:00:00,2026-04-26 15:00:00,69,14.0,0,Continuity (2-mould press)
2026-04-26 00:00:00,B,4515,1325215813079TUNE3,2026-04-26 15:00:00,2026-04-26 23:00:00,69,14.0,0,Continuity (2-mould press)
2026-04-26 00:00:00,C,4515,1325215813079TUNE3,2026-04-26 23:00:00,2026-04-27 07:00:00,69,14.0,0,Continuity (2-mould press)
2026-04-27 00:00:00,A,4515,1325215813079TUNE3,2026-04-27 07:00:00,2026-04-27 11:34:00,39,14.0,0,Continuity (2-mould press)
2026-04-08 00:00:00,A,4601,1325218614088TTMX0,2026-04-08 07:00:00,2026-04-08 15:00:00,64,15.0,0,Continuity (2-mould press)
2026-04-08 00:00:00,B,4601,1325218614088TTMX0,2026-04-08 15:00:00,2026-04-08 23:00:00,64,15.0,0,Continuity (2-mould press)
2026-04-08 00:00:00,C,4601,1325218614088TTMX0,2026-04-08 23:00:00,2026-04-09 07:00:00,64,15.0,0,Continuity (2-mould press)
2026-04-09 00:00:00,A,4601,1325218614088TTMX0,2026-04-09 07:00:00,2026-04-09 15:00:00,64,15.0,0,Continuity (2-mould press)
2026-04-09 00:00:00,B,4601,1325218614088TTMX0,2026-04-09 15:00:00,2026-04-09 23:00:00,64,15.0,0,Continuity (2-mould press)
2026-04-09 00:00:00,C,4601,1325218614088TTMX0,2026-04-09 23:00:00,2026-04-10 07:00:00,64,15.0,0,Continuity (2-mould press)
2026-04-10 00:00:00,A,4601,1325218614088TTMX0,2026-04-10 07:00:00,2026-04-10 15:00:00,64,15.0,0,Continuity (2-mould press)
2026-04-10 00:00:00,B,4601,1325218614088TTMX0,2026-04-10 15:00:00,2026-04-10 23:00:00,64,15.0,0,Continuity (2-mould press)
2026-04-10 00:00:00,C,4601,1325218614088TTMX0,2026-04-10 23:00:00,2026-04-11 07:00:00,64,15.0,0,Continuity (2-mould press)
2026-04-11 00:00:00,A,4601,1325218614088TTMX0,2026-04-11 07:00:00,2026-04-11 15:00:00,64,15.0,0,Continuity (2-mould press)
2026-04-11 00:00:00,B,4601,1325218614088TTMX0,2026-04-11 15:00:00,2026-04-11 23:00:00,64,15.0,0,Continuity (2-mould press)
2026-04-11 00:00:00,C,4601,1325218614088TTMX0,2026-04-11 23:00:00,2026-04-12 07:00:00,64,15.0,0,Continuity (2-mould press)
2026-04-12 00:00:00,A,4601,1325218614088TTMX0,2026-04-12 07:00:00,2026-04-12 15:00:00,64,15.0,0,Continuity (2-mould press)
2026-04-12 00:00:00,B,4601,1325218614088TTMX0,2026-04-12 15:00:00,2026-04-12 23:00:00,64,15.0,0,Continuity (2-mould press)
2026-04-12 00:00:00,C,4601,1325218614088TTMX0,2026-04-12 23:00:00,2026-04-13 07:00:00,64,15.0,0,Continuity (2-mould press)
2026-04-13 00:00:00,A,4601,1325218614088TTMX0,2026-04-13 07:00:00,2026-04-13 15:00:00,64,15.0,0,Continuity (2-mould press)
2026-04-13 00:00:00,B,4601,1325218614088TTMX0,2026-04-13 15:00:00,2026-04-13 23:00:00,64,15.0,0,Continuity (2-mould press)
2026-04-13 00:00:00,C,4601,1325218614088TTMX0,2026-04-13 23:00:00,2026-04-14 07:00:00,64,15.0,0,Continuity (2-mould press)
2026-04-14 00:00:00,A,4601,1325218614088TTMX0,2026-04-14 07:00:00,2026-04-14 15:00:00,64,15.0,0,Continuity (2-mould press)
2026-04-14 00:00:00,B,4601,1325218614088TTMX0,2026-04-14 15:00:00,2026-04-14 23:00:00,64,15.0,0,Continuity (2-mould press)
2026-04-14 00:00:00,C,4601,1325218614088TTMX0,2026-04-14 23:00:00,2026-04-15 07:00:00,64,15.0,0,Continuity (2-mould press)
2026-04-15 00:00:00,A,4601,1325218614088TTMX0,2026-04-15 07:00:00,2026-04-15 15:00:00,64,15.0,0,Continuity (2-mould press)
2026-04-15 00:00:00,B,4601,1325218614088TTMX0,2026-04-15 15:00:00,2026-04-15 23:00:00,64,15.0,0,Continuity (2-mould press)
2026-04-15 00:00:00,C,4601,1325218614088TTMX0,2026-04-15 23:00:00,2026-04-16 07:00:00,64,15.0,0,Continuity (2-mould press)
2026-04-16 00:00:00,A,4601,1325218614088TTMX0,2026-04-16 07:00:00,2026-04-16 15:00:00,64,15.0,0,Continuity (2-mould press)
2026-04-16 00:00:00,B,4601,1325218614088TTMX0,2026-04-16 15:00:00,2026-04-16 23:00:00,64,15.0,0,Continuity (2-mould press)
2026-04-16 00:00:00,C,4601,1325218614088TTMX0,2026-04-16 23:00:00,2026-04-17 07:00:00,64,15.0,0,Continuity (2-mould press)
2026-04-17 00:00:00,A,4601,1325218614088TTMX0,2026-04-17 07:00:00,2026-04-17 15:00:00,64,15.0,0,Continuity (2-mould press)
2026-04-17 00:00:00,B,4601,1325218614088TTMX0,2026-04-17 15:00:00,2026-04-17 23:00:00,64,15.0,0,Continuity (2-mould press)
2026-04-17 00:00:00,C,4601,1325218614088TTMX0,2026-04-17 23:00:00,2026-04-18 07:00:00,64,15.0,0,Continuity (2-mould press)
2026-04-18 00:00:00,A,4601,1325218614088TTMX0,2026-04-18 07:00:00,2026-04-18 10:15:00,26,15.0,0,Continuity (2-mould press)
2026-04-08 00:00:00,A,4602,1325214812074TTMX0,2026-04-08 07:00:00,2026-04-08 15:00:00,60,16.0,0,Continuity (2-mould press)
2026-04-08 00:00:00,B,4602,1325214812074TTMX0,2026-04-08 15:00:00,2026-04-08 23:00:00,60,16.0,0,Continuity (2-mould press)
2026-04-08 00:00:00,C,4602,1325214812074TTMX0,2026-04-08 23:00:00,2026-04-09 07:00:00,60,16.0,0,Continuity (2-mould press)
2026-04-09 00:00:00,A,4602,1325214812074TTMX0,2026-04-09 07:00:00,2026-04-09 15:00:00,60,16.0,0,Continuity (2-mould press)
2026-04-09 00:00:00,B,4602,1325214812074TTMX0,2026-04-09 15:00:00,2026-04-09 23:00:00,60,16.0,0,Continuity (2-mould press)
2026-04-09 00:00:00,C,4602,1325214812074TTMX0,2026-04-09 23:00:00,2026-04-10 07:00:00,60,16.0,0,Continuity (2-mould press)
2026-04-10 00:00:00,A,4602,1325214812074TTMX0,2026-04-10 07:00:00,2026-04-10 15:00:00,60,16.0,0,Continuity (2-mould press)
2026-04-10 00:00:00,B,4602,1325214812074TTMX0,2026-04-10 15:00:00,2026-04-10 23:00:00,60,16.0,0,Continuity (2-mould press)
2026-04-10 00:00:00,C,4602,1325214812074TTMX0,2026-04-10 23:00:00,2026-04-11 07:00:00,60,16.0,0,Continuity (2-mould press)
2026-04-11 00:00:00,A,4602,1325214812074TTMX0,2026-04-11 07:00:00,2026-04-11 15:00:00,60,16.0,0,Continuity (2-mould press)
2026-04-11 00:00:00,B,4602,1325214812074TTMX0,2026-04-11 15:00:00,2026-04-11 23:00:00,60,16.0,0,Continuity (2-mould press)
2026-04-11 00:00:00,C,4602,1325214812074TTMX0,2026-04-11 23:00:00,2026-04-12 07:00:00,60,16.0,0,Continuity (2-mould press)
2026-04-12 00:00:00,A,4602,1325214812074TTMX0,2026-04-12 07:00:00,2026-04-12 15:00:00,60,16.0,0,Continuity (2-mould press)
2026-04-12 00:00:00,B,4602,1325214812074TTMX0,2026-04-12 15:00:00,2026-04-12 23:00:00,60,16.0,0,Continuity (2-mould press)
2026-04-12 00:00:00,C,4602,1325214812074TTMX0,2026-04-12 23:00:00,2026-04-13 07:00:00,60,16.0,0,Continuity (2-mould press)
2026-04-13 00:00:00,A,4602,1325214812074TTMX0,2026-04-13 07:00:00,2026-04-13 15:00:00,60,16.0,0,Continuity (2-mould press)
2026-04-13 00:00:00,B,4602,1325214812074TTMX0,2026-04-13 15:00:00,2026-04-13 23:00:00,60,16.0,0,Continuity (2-mould press)
2026-04-13 00:00:00,C,4602,1325214812074TTMX0,2026-04-13 23:00:00,2026-04-14 07:00:00,60,16.0,0,Continuity (2-mould press)
2026-04-14 00:00:00,A,4602,1325214812074TTMX0,2026-04-14 07:00:00,2026-04-14 15:00:00,60,16.0,0,Continuity (2-mould press)
2026-04-14 00:00:00,B,4602,1325214812074TTMX0,2026-04-14 15:00:00,2026-04-14 23:00:00,60,16.0,0,Continuity (2-mould press)
2026-04-14 00:00:00,C,4602,1325214812074TTMX0,2026-04-14 23:00:00,2026-04-15 07:00:00,60,16.0,0,Continuity (2-mould press)
2026-04-15 00:00:00,A,4602,1325214812074TTMX0,2026-04-15 07:00:00,2026-04-15 15:00:00,60,16.0,0,Continuity (2-mould press)
2026-04-15 00:00:00,B,4602,1325214812074TTMX0,2026-04-15 15:00:00,2026-04-15 18:12:00,24,16.0,0,Continuity (2-mould press)
2026-04-08 00:00:00,A,4603,1325215514075TUNE0,2026-04-08 07:00:00,2026-04-08 15:00:00,64,15.0,0,Continuity (2-mould press)
2026-04-08 00:00:00,B,4603,1325215514075TUNE0,2026-04-08 15:00:00,2026-04-08 23:00:00,64,15.0,0,Continuity (2-mould press)
2026-04-08 00:00:00,C,4603,1325215514075TUNE0,2026-04-08 23:00:00,2026-04-09 07:00:00,64,15.0,0,Continuity (2-mould press)
2026-04-09 00:00:00,A,4603,1325215514075TUNE0,2026-04-09 07:00:00,2026-04-09 15:00:00,64,15.0,0,Continuity (2-mould press)
2026-04-09 00:00:00,B,4603,1325215514075TUNE0,2026-04-09 15:00:00,2026-04-09 23:00:00,64,15.0,0,Continuity (2-mould press)
2026-04-09 00:00:00,C,4603,1325215514075TUNE0,2026-04-09 23:00:00,2026-04-10 00:15:00,10,15.0,0,Continuity (2-mould press)
2026-04-08 00:00:00,A,4604,1325214617107MSXT0,2026-04-08 07:00:00,2026-04-08 15:00:00,64,15.0,0,Continuity (2-mould press)
2026-04-08 00:00:00,B,4604,1325214617107MSXT0,2026-04-08 15:00:00,2026-04-08 23:00:00,64,15.0,0,Continuity (2-mould press)
2026-04-08 00:00:00,C,4604,1325214617107MSXT0,2026-04-08 23:00:00,2026-04-09 07:00:00,64,15.0,0,Continuity (2-mould press)
2026-04-09 00:00:00,A,4604,1325214617107MSXT0,2026-04-09 07:00:00,2026-04-09 15:00:00,64,15.0,0,Continuity (2-mould press)
2026-04-09 00:00:00,B,4604,1325214617107MSXT0,2026-04-09 15:00:00,2026-04-09 16:15:00,10,15.0,0,Continuity (2-mould press)
2026-04-09 00:00:00,B,4604,MOULD_CLEAN,2026-04-09 16:15:00,2026-04-09 19:15:00,0,0.0,0,Mould cleaning (continuity)
2026-04-09 00:00:00,B,4604,1325214617107MSXT0,2026-04-09 19:15:00,2026-04-09 23:00:00,30,15.0,0,Continuity (2-mould press)
2026-04-09 00:00:00,C,4604,1325214617107MSXT0,2026-04-09 23:00:00,2026-04-10 07:00:00,64,15.0,0,Continuity (2-mould press)
2026-04-10 00:00:00,A,4604,1325214617107MSXT0,2026-04-10 07:00:00,2026-04-10 15:00:00,64,15.0,0,Continuity (2-mould press)
2026-04-10 00:00:00,B,4604,1325214617107MSXT0,2026-04-10 15:00:00,2026-04-10 23:00:00,64,15.0,0,Continuity (2-mould press)
2026-04-10 00:00:00,C,4604,1325214617107MSXT0,2026-04-10 23:00:00,2026-04-11 07:00:00,64,15.0,0,Continuity (2-mould press)
2026-04-11 00:00:00,A,4604,1325214617107MSXT0,2026-04-11 07:00:00,2026-04-11 15:00:00,64,15.0,0,Continuity (2-mould press)
2026-04-11 00:00:00,B,4604,1325214617107MSXT0,2026-04-11 15:00:00,2026-04-11 23:00:00,64,15.0,0,Continuity (2-mould press)
2026-04-11 00:00:00,C,4604,1325214617107MSXT0,2026-04-11 23:00:00,2026-04-12 07:00:00,64,15.0,0,Continuity (2-mould press)
2026-04-12 00:00:00,A,4604,1325214617107MSXT0,2026-04-12 07:00:00,2026-04-12 15:00:00,64,15.0,0,Continuity (2-mould press)
2026-04-12 00:00:00,B,4604,1325214617107MSXT0,2026-04-12 15:00:00,2026-04-12 23:00:00,64,15.0,0,Continuity (2-mould press)
2026-04-12 00:00:00,C,4604,1325214617107MSXT0,2026-04-12 23:00:00,2026-04-13 07:00:00,64,15.0,0,Continuity (2-mould press)
2026-04-13 00:00:00,A,4604,1325214617107MSXT0,2026-04-13 07:00:00,2026-04-13 15:00:00,64,15.0,0,Continuity (2-mould press)
2026-04-13 00:00:00,B,4604,1325214617107MSXT0,2026-04-13 15:00:00,2026-04-13 23:00:00,64,15.0,0,Continuity (2-mould press)
2026-04-13 00:00:00,C,4604,1325214617107MSXT0,2026-04-13 23:00:00,2026-04-14 07:00:00,64,15.0,0,Continuity (2-mould press)
2026-04-14 00:00:00,A,4604,1325214617107MSXT0,2026-04-14 07:00:00,2026-04-14 15:00:00,64,15.0,0,Continuity (2-mould press)
2026-04-14 00:00:00,B,4604,1325214617107MSXT0,2026-04-14 15:00:00,2026-04-14 23:00:00,64,15.0,0,Continuity (2-mould press)
2026-04-14 00:00:00,C,4604,1325214617107MSXT0,2026-04-14 23:00:00,2026-04-15 07:00:00,64,15.0,0,Continuity (2-mould press)
2026-04-15 00:00:00,A,4604,1325214617107MSXT0,2026-04-15 07:00:00,2026-04-15 15:00:00,64,15.0,0,Continuity (2-mould press)
2026-04-15 00:00:00,B,4604,1325214617107MSXT0,2026-04-15 15:00:00,2026-04-15 23:00:00,64,15.0,0,Continuity (2-mould press)
2026-04-15 00:00:00,C,4604,1325214617107MSXT0,2026-04-15 23:00:00,2026-04-16 07:00:00,64,15.0,0,Continuity (2-mould press)
2026-04-16 00:00:00,A,4604,1325214617107MSXT0,2026-04-16 07:00:00,2026-04-16 15:00:00,64,15.0,0,Continuity (2-mould press)
2026-04-16 00:00:00,B,4604,1325214617107MSXT0,2026-04-16 15:00:00,2026-04-16 23:00:00,64,15.0,0,Continuity (2-mould press)
2026-04-16 00:00:00,C,4604,1325214617107MSXT0,2026-04-16 23:00:00,2026-04-17 07:00:00,64,15.0,0,Continuity (2-mould press)
2026-04-17 00:00:00,A,4604,1325214617107MSXT0,2026-04-17 07:00:00,2026-04-17 15:00:00,64,15.0,0,Continuity (2-mould press)
2026-04-17 00:00:00,B,4604,1325214617107MSXT0,2026-04-17 15:00:00,2026-04-17 23:00:00,64,15.0,0,Continuity (2-mould press)
2026-04-17 00:00:00,C,4604,1325214617107MSXT0,2026-04-17 23:00:00,2026-04-18 07:00:00,64,15.0,0,Continuity (2-mould press)
2026-04-18 00:00:00,A,4604,1325214617107MSXT0,2026-04-18 07:00:00,2026-04-18 15:00:00,64,15.0,0,Continuity (2-mould press)
2026-04-18 00:00:00,B,4604,1325214617107MSXT0,2026-04-18 15:00:00,2026-04-18 23:00:00,64,15.0,0,Continuity (2-mould press)
2026-04-18 00:00:00,C,4604,1325214617107MSXT0,2026-04-18 23:00:00,2026-04-19 07:00:00,64,15.0,0,Continuity (2-mould press)
2026-04-19 00:00:00,A,4604,1325214617107MSXT0,2026-04-19 07:00:00,2026-04-19 15:00:00,64,15.0,0,Continuity (2-mould press)
2026-04-19 00:00:00,B,4604,1325214617107MSXT0,2026-04-19 15:00:00,2026-04-19 23:00:00,64,15.0,0,Continuity (2-mould press)
2026-04-19 00:00:00,C,4604,1325214617107MSXT0,2026-04-19 23:00:00,2026-04-20 07:00:00,64,15.0,0,Continuity (2-mould press)
2026-04-20 00:00:00,A,4604,1325214617107MSXT0,2026-04-20 07:00:00,2026-04-20 15:00:00,64,15.0,0,Continuity (2-mould press)
2026-04-20 00:00:00,B,4604,1325214617107MSXT0,2026-04-20 15:00:00,2026-04-20 23:00:00,64,15.0,0,Continuity (2-mould press)
2026-04-20 00:00:00,C,4604,1325214617107MSXT0,2026-04-20 23:00:00,2026-04-21 07:00:00,64,15.0,0,Continuity (2-mould press)
2026-04-21 00:00:00,A,4604,1325214617107MSXT0,2026-04-21 07:00:00,2026-04-21 15:00:00,64,15.0,0,Continuity (2-mould press)
2026-04-21 00:00:00,B,4604,1325214617107MSXT0,2026-04-21 15:00:00,2026-04-21 23:00:00,64,15.0,0,Continuity (2-mould press)
2026-04-21 00:00:00,C,4604,1325214617107MSXT0,2026-04-21 23:00:00,2026-04-22 07:00:00,64,15.0,0,Continuity (2-mould press)
2026-04-22 00:00:00,A,4604,1325214617107MSXT0,2026-04-22 07:00:00,2026-04-22 15:00:00,64,15.0,0,Continuity (2-mould press)
2026-04-22 00:00:00,B,4604,1325214617107MSXT0,2026-04-22 15:00:00,2026-04-22 23:00:00,64,15.0,0,Continuity (2-mould press)
2026-04-22 00:00:00,C,4604,1325214617107MSXT0,2026-04-22 23:00:00,2026-04-23 07:00:00,64,15.0,0,Continuity (2-mould press)
2026-04-23 00:00:00,A,4604,1325214617107MSXT0,2026-04-23 07:00:00,2026-04-23 15:00:00,64,15.0,0,Continuity (2-mould press)
2026-04-23 00:00:00,B,4604,1325214617107MSXT0,2026-04-23 15:00:00,2026-04-23 23:00:00,64,15.0,0,Continuity (2-mould press)
2026-04-23 00:00:00,C,4604,1325214617107MSXT0,2026-04-23 23:00:00,2026-04-24 07:00:00,64,15.0,0,Continuity (2-mould press)
2026-04-24 00:00:00,A,4604,1325214617107MSXT0,2026-04-24 07:00:00,2026-04-24 15:00:00,64,15.0,0,Continuity (2-mould press)
2026-04-24 00:00:00,B,4604,1325214617107MSXT0,2026-04-24 15:00:00,2026-04-24 23:00:00,64,15.0,0,Continuity (2-mould press)
2026-04-24 00:00:00,C,4604,1325214617107MSXT0,2026-04-24 23:00:00,2026-04-25 07:00:00,64,15.0,0,Continuity (2-mould press)
2026-04-25 00:00:00,A,4604,1325214617107MSXT0,2026-04-25 07:00:00,2026-04-25 15:00:00,64,15.0,0,Continuity (2-mould press)
2026-04-25 00:00:00,B,4604,1325214617107MSXT0,2026-04-25 15:00:00,2026-04-25 23:00:00,64,15.0,0,Continuity (2-mould press)
2026-04-25 00:00:00,C,4604,1325214617107MSXT0,2026-04-25 23:00:00,2026-04-26 07:00:00,64,15.0,0,Continuity (2-mould press)
2026-04-26 00:00:00,A,4604,1325214617107MSXT0,2026-04-26 07:00:00,2026-04-26 15:00:00,64,15.0,0,Continuity (2-mould press)
2026-04-26 00:00:00,B,4604,1325214617107MSXT0,2026-04-26 15:00:00,2026-04-26 23:00:00,64,15.0,0,Continuity (2-mould press)
2026-04-26 00:00:00,C,4604,1325214617107MSXT0,2026-04-26 23:00:00,2026-04-27 07:00:00,64,15.0,0,Continuity (2-mould press)
2026-04-27 00:00:00,A,4604,1325214617107MSXT0,2026-04-27 07:00:00,2026-04-27 15:00:00,64,15.0,0,Continuity (2-mould press)
2026-04-27 00:00:00,B,4604,1325214617107MSXT0,2026-04-27 15:00:00,2026-04-27 23:00:00,64,15.0,0,Continuity (2-mould press)
2026-04-27 00:00:00,C,4604,1325214617107MSXT0,2026-04-27 23:00:00,2026-04-28 07:00:00,64,15.0,0,Continuity (2-mould press)
2026-04-28 00:00:00,A,4604,1325214617107MSXT0,2026-04-28 07:00:00,2026-04-28 15:00:00,64,15.0,0,Continuity (2-mould press)
2026-04-28 00:00:00,B,4604,1325214617107MSXT0,2026-04-28 15:00:00,2026-04-28 23:00:00,64,15.0,0,Continuity (2-mould press)
2026-04-28 00:00:00,C,4604,1325214617107MSXT0,2026-04-28 23:00:00,2026-04-29 07:00:00,64,15.0,0,Continuity (2-mould press)
2026-04-29 00:00:00,A,4604,1325214617107MSXT0,2026-04-29 07:00:00,2026-04-29 15:00:00,64,15.0,0,Continuity (2-mould press)
2026-04-29 00:00:00,B,4604,1325214617107MSXT0,2026-04-29 15:00:00,2026-04-29 23:00:00,64,15.0,0,Continuity (2-mould press)
2026-04-29 00:00:00,C,4604,1325214617107MSXT0,2026-04-29 23:00:00,2026-04-30 07:00:00,64,15.0,0,Continuity (2-mould press)
2026-04-30 00:00:00,A,4604,1325214617107MSXT0,2026-04-30 07:00:00,2026-04-30 15:00:00,64,15.0,0,Continuity (2-mould press)
2026-04-30 00:00:00,B,4604,1325214617107MSXT0,2026-04-30 15:00:00,2026-04-30 18:30:00,28,15.0,0,Continuity (2-mould press)
2026-04-08 00:00:00,A,4605,1325214812074TUHL0,2026-04-08 07:00:00,2026-04-08 15:00:00,64,15.0,0,Continuity (2-mould press)
2026-04-08 00:00:00,B,4605,1325214812074TUHL0,2026-04-08 15:00:00,2026-04-08 23:00:00,64,15.0,0,Continuity (2-mould press)
2026-04-08 00:00:00,C,4605,1325214812074TUHL0,2026-04-08 23:00:00,2026-04-09 07:00:00,64,15.0,0,Continuity (2-mould press)
2026-04-09 00:00:00,A,4605,1325214812074TUHL0,2026-04-09 07:00:00,2026-04-09 15:00:00,64,15.0,0,Continuity (2-mould press)
2026-04-09 00:00:00,B,4605,1325214812074TUHL0,2026-04-09 15:00:00,2026-04-09 23:00:00,64,15.0,0,Continuity (2-mould press)
2026-04-09 00:00:00,C,4605,1325214812074TUHL0,2026-04-09 23:00:00,2026-04-10 07:00:00,64,15.0,0,Continuity (2-mould press)
2026-04-10 00:00:00,A,4605,1325214812074TUHL0,2026-04-10 07:00:00,2026-04-10 15:00:00,64,15.0,0,Continuity (2-mould press)
2026-04-10 00:00:00,B,4605,1325214812074TUHL0,2026-04-10 15:00:00,2026-04-10 23:00:00,64,15.0,0,Continuity (2-mould press)
2026-04-10 00:00:00,C,4605,1325214812074TUHL0,2026-04-10 23:00:00,2026-04-11 07:00:00,64,15.0,0,Continuity (2-mould press)
2026-04-11 00:00:00,A,4605,1325214812074TUHL0,2026-04-11 07:00:00,2026-04-11 15:00:00,64,15.0,0,Continuity (2-mould press)
2026-04-11 00:00:00,B,4605,1325214812074TUHL0,2026-04-11 15:00:00,2026-04-11 23:00:00,64,15.0,0,Continuity (2-mould press)
2026-04-11 00:00:00,C,4605,1325214812074TUHL0,2026-04-11 23:00:00,2026-04-12 07:00:00,64,15.0,0,Continuity (2-mould press)
2026-04-12 00:00:00,A,4605,1325214812074TUHL0,2026-04-12 07:00:00,2026-04-12 15:00:00,64,15.0,0,Continuity (2-mould press)
2026-04-12 00:00:00,B,4605,1325214812074TUHL0,2026-04-12 15:00:00,2026-04-12 23:00:00,64,15.0,0,Continuity (2-mould press)
2026-04-12 00:00:00,C,4605,1325214812074TUHL0,2026-04-12 23:00:00,2026-04-13 07:00:00,64,15.0,0,Continuity (2-mould press)
2026-04-13 00:00:00,A,4605,1325214812074TUHL0,2026-04-13 07:00:00,2026-04-13 15:00:00,64,15.0,0,Continuity (2-mould press)
2026-04-13 00:00:00,B,4605,1325214812074TUHL0,2026-04-13 15:00:00,2026-04-13 23:00:00,64,15.0,0,Continuity (2-mould press)
2026-04-13 00:00:00,C,4605,1325214812074TUHL0,2026-04-13 23:00:00,2026-04-14 07:00:00,64,15.0,0,Continuity (2-mould press)
2026-04-14 00:00:00,A,4605,1325214812074TUHL0,2026-04-14 07:00:00,2026-04-14 15:00:00,64,15.0,0,Continuity (2-mould press)
2026-04-14 00:00:00,B,4605,1325214812074TUHL0,2026-04-14 15:00:00,2026-04-14 23:00:00,64,15.0,0,Continuity (2-mould press)
2026-04-14 00:00:00,C,4605,1325214812074TUHL0,2026-04-14 23:00:00,2026-04-15 07:00:00,64,15.0,0,Continuity (2-mould press)
2026-04-15 00:00:00,A,4605,1325214812074TUHL0,2026-04-15 07:00:00,2026-04-15 15:00:00,64,15.0,0,Continuity (2-mould press)
2026-04-15 00:00:00,B,4605,1325214812074TUHL0,2026-04-15 15:00:00,2026-04-15 23:00:00,64,15.0,0,Continuity (2-mould press)
2026-04-15 00:00:00,C,4605,1325214812074TUHL0,2026-04-15 23:00:00,2026-04-16 07:00:00,64,15.0,0,Continuity (2-mould press)
2026-04-16 00:00:00,A,4605,1325214812074TUHL0,2026-04-16 07:00:00,2026-04-16 15:00:00,64,15.0,0,Continuity (2-mould press)
2026-04-16 00:00:00,B,4605,1325214812074TUHL0,2026-04-16 15:00:00,2026-04-16 23:00:00,64,15.0,0,Continuity (2-mould press)
2026-04-16 00:00:00,C,4605,1325214812074TUHL0,2026-04-16 23:00:00,2026-04-17 07:00:00,64,15.0,0,Continuity (2-mould press)
2026-04-17 00:00:00,A,4605,1325214812074TUHL0,2026-04-17 07:00:00,2026-04-17 15:00:00,64,15.0,0,Continuity (2-mould press)
2026-04-17 00:00:00,B,4605,1325214812074TUHL0,2026-04-17 15:00:00,2026-04-17 23:00:00,64,15.0,0,Continuity (2-mould press)
2026-04-17 00:00:00,C,4605,1325214812074TUHL0,2026-04-17 23:00:00,2026-04-18 07:00:00,64,15.0,0,Continuity (2-mould press)
2026-04-18 00:00:00,A,4605,1325214812074TUHL0,2026-04-18 07:00:00,2026-04-18 15:00:00,64,15.0,0,Continuity (2-mould press)
2026-04-18 00:00:00,B,4605,1325214812074TUHL0,2026-04-18 15:00:00,2026-04-18 23:00:00,64,15.0,0,Continuity (2-mould press)
2026-04-18 00:00:00,C,4605,1325214812074TUHL0,2026-04-18 23:00:00,2026-04-19 07:00:00,64,15.0,0,Continuity (2-mould press)
2026-04-19 00:00:00,A,4605,1325214812074TUHL0,2026-04-19 07:00:00,2026-04-19 15:00:00,64,15.0,0,Continuity (2-mould press)
2026-04-19 00:00:00,B,4605,1325214812074TUHL0,2026-04-19 15:00:00,2026-04-19 23:00:00,64,15.0,0,Continuity (2-mould press)
2026-04-19 00:00:00,C,4605,1325214812074TUHL0,2026-04-19 23:00:00,2026-04-20 07:00:00,64,15.0,0,Continuity (2-mould press)
2026-04-20 00:00:00,A,4605,1325214812074TUHL0,2026-04-20 07:00:00,2026-04-20 15:00:00,64,15.0,0,Continuity (2-mould press)
2026-04-20 00:00:00,B,4605,1325214812074TUHL0,2026-04-20 15:00:00,2026-04-20 16:00:00,8,15.0,0,Continuity (2-mould press)
2026-04-20 00:00:00,B,4605,MOULD_CLEAN,2026-04-20 16:00:00,2026-04-20 19:00:00,0,0.0,0,Mould cleaning (continuity)
2026-04-20 00:00:00,B,4605,1325214812074TUHL0,2026-04-20 19:00:00,2026-04-20 23:00:00,32,15.0,0,Continuity (2-mould press)
2026-04-20 00:00:00,C,4605,1325214812074TUHL0,2026-04-20 23:00:00,2026-04-21 07:00:00,64,15.0,0,Continuity (2-mould press)
2026-04-21 00:00:00,A,4605,1325214812074TUHL0,2026-04-21 07:00:00,2026-04-21 15:00:00,64,15.0,0,Continuity (2-mould press)
2026-04-21 00:00:00,B,4605,1325214812074TUHL0,2026-04-21 15:00:00,2026-04-21 23:00:00,64,15.0,0,Continuity (2-mould press)
2026-04-21 00:00:00,C,4605,1325214812074TUHL0,2026-04-21 23:00:00,2026-04-22 07:00:00,64,15.0,0,Continuity (2-mould press)
2026-04-22 00:00:00,A,4605,1325214812074TUHL0,2026-04-22 07:00:00,2026-04-22 15:00:00,64,15.0,0,Continuity (2-mould press)
2026-04-22 00:00:00,B,4605,1325214812074TUHL0,2026-04-22 15:00:00,2026-04-22 23:00:00,64,15.0,0,Continuity (2-mould press)
2026-04-22 00:00:00,C,4605,1325214812074TUHL0,2026-04-22 23:00:00,2026-04-23 07:00:00,64,15.0,0,Continuity (2-mould press)
2026-04-23 00:00:00,A,4605,1325214812074TUHL0,2026-04-23 07:00:00,2026-04-23 15:00:00,64,15.0,0,Continuity (2-mould press)
2026-04-23 00:00:00,B,4605,1325214812074TUHL0,2026-04-23 15:00:00,2026-04-23 23:00:00,64,15.0,0,Continuity (2-mould press)
2026-04-23 00:00:00,C,4605,1325214812074TUHL0,2026-04-23 23:00:00,2026-04-24 07:00:00,64,15.0,0,Continuity (2-mould press)
2026-04-24 00:00:00,A,4605,1325214812074TUHL0,2026-04-24 07:00:00,2026-04-24 15:00:00,64,15.0,0,Continuity (2-mould press)
2026-04-24 00:00:00,B,4605,1325214812074TUHL0,2026-04-24 15:00:00,2026-04-24 23:00:00,64,15.0,0,Continuity (2-mould press)
2026-04-24 00:00:00,C,4605,1325214812074TUHL0,2026-04-24 23:00:00,2026-04-25 07:00:00,64,15.0,0,Continuity (2-mould press)
2026-04-25 00:00:00,A,4605,1325214812074TUHL0,2026-04-25 07:00:00,2026-04-25 15:00:00,64,15.0,0,Continuity (2-mould press)
2026-04-25 00:00:00,B,4605,1325214812074TUHL0,2026-04-25 15:00:00,2026-04-25 23:00:00,64,15.0,0,Continuity (2-mould press)
2026-04-25 00:00:00,C,4605,1325214812074TUHL0,2026-04-25 23:00:00,2026-04-26 07:00:00,64,15.0,0,Continuity (2-mould press)
2026-04-26 00:00:00,A,4605,1325214812074TUHL0,2026-04-26 07:00:00,2026-04-26 15:00:00,64,15.0,0,Continuity (2-mould press)
2026-04-26 00:00:00,B,4605,1325214812074TUHL0,2026-04-26 15:00:00,2026-04-26 23:00:00,64,15.0,0,Continuity (2-mould press)
2026-04-26 00:00:00,C,4605,1325214812074TUHL0,2026-04-26 23:00:00,2026-04-27 07:00:00,64,15.0,0,Continuity (2-mould press)
2026-04-27 00:00:00,A,4605,1325214812074TUHL0,2026-04-27 07:00:00,2026-04-27 15:00:00,64,15.0,0,Continuity (2-mould press)
2026-04-27 00:00:00,B,4605,1325214812074TUHL0,2026-04-27 15:00:00,2026-04-27 23:00:00,64,15.0,0,Continuity (2-mould press)
2026-04-27 00:00:00,C,4605,1325214812074TUHL0,2026-04-27 23:00:00,2026-04-28 07:00:00,64,15.0,0,Continuity (2-mould press)
2026-04-28 00:00:00,A,4605,1325214812074TUHL0,2026-04-28 07:00:00,2026-04-28 15:00:00,64,15.0,0,Continuity (2-mould press)
2026-04-28 00:00:00,B,4605,1325214812074TUHL0,2026-04-28 15:00:00,2026-04-28 23:00:00,64,15.0,0,Continuity (2-mould press)
2026-04-28 00:00:00,C,4605,1325214812074TUHL0,2026-04-28 23:00:00,2026-04-29 07:00:00,64,15.0,0,Continuity (2-mould press)
2026-04-29 00:00:00,A,4605,1325214812074TUHL0,2026-04-29 07:00:00,2026-04-29 15:00:00,64,15.0,0,Continuity (2-mould press)
2026-04-29 00:00:00,B,4605,1325214812074TUHL0,2026-04-29 15:00:00,2026-04-29 23:00:00,64,15.0,0,Continuity (2-mould press)
2026-04-29 00:00:00,C,4605,1325214812074TUHL0,2026-04-29 23:00:00,2026-04-30 07:00:00,64,15.0,0,Continuity (2-mould press)
2026-04-30 00:00:00,A,4605,1325214812074TUHL0,2026-04-30 07:00:00,2026-04-30 15:00:00,64,15.0,0,Continuity (2-mould press)
2026-04-30 00:00:00,B,4605,1325214812074TUHL0,2026-04-30 15:00:00,2026-04-30 19:00:00,32,15.0,0,Continuity (2-mould press)
2026-04-08 00:00:00,A,4606,1D25214012008QXPCT,2026-04-08 07:00:00,2026-04-08 15:00:00,44,22.0,0,Continuity (2-mould press)
2026-04-08 00:00:00,B,4606,1D25214012008QXPCT,2026-04-08 15:00:00,2026-04-08 23:00:00,44,22.0,0,Continuity (2-mould press)
2026-04-08 00:00:00,C,4606,1D25214012008QXPCT,2026-04-08 23:00:00,2026-04-09 07:00:00,44,22.0,0,Continuity (2-mould press)
2026-04-09 00:00:00,A,4606,1D25214012008QXPCT,2026-04-09 07:00:00,2026-04-09 15:00:00,44,22.0,0,Continuity (2-mould press)
2026-04-09 00:00:00,B,4606,1D25214012008QXPCT,2026-04-09 15:00:00,2026-04-09 23:00:00,44,22.0,0,Continuity (2-mould press)
2026-04-09 00:00:00,C,4606,1D25214012008QXPCT,2026-04-09 23:00:00,2026-04-10 07:00:00,44,22.0,0,Continuity (2-mould press)
2026-04-10 00:00:00,A,4606,1D25214012008QXPCT,2026-04-10 07:00:00,2026-04-10 15:00:00,44,22.0,0,Continuity (2-mould press)
2026-04-10 00:00:00,B,4606,1D25214012008QXPCT,2026-04-10 15:00:00,2026-04-10 23:00:00,44,22.0,0,Continuity (2-mould press)
2026-04-10 00:00:00,C,4606,1D25214012008QXPCT,2026-04-10 23:00:00,2026-04-11 07:00:00,44,22.0,0,Continuity (2-mould press)
2026-04-11 00:00:00,A,4606,1D25214012008QXPCT,2026-04-11 07:00:00,2026-04-11 15:00:00,44,22.0,0,Continuity (2-mould press)
2026-04-11 00:00:00,B,4606,1D25214012008QXPCT,2026-04-11 15:00:00,2026-04-11 23:00:00,44,22.0,0,Continuity (2-mould press)
2026-04-11 00:00:00,C,4606,1D25214012008QXPCT,2026-04-11 23:00:00,2026-04-12 07:00:00,44,22.0,0,Continuity (2-mould press)
2026-04-12 00:00:00,A,4606,1D25214012008QXPCT,2026-04-12 07:00:00,2026-04-12 15:00:00,44,22.0,0,Continuity (2-mould press)
2026-04-12 00:00:00,B,4606,1D25214012008QXPCT,2026-04-12 15:00:00,2026-04-12 23:00:00,44,22.0,0,Continuity (2-mould press)
2026-04-12 00:00:00,C,4606,1D25214012008QXPCT,2026-04-12 23:00:00,2026-04-13 07:00:00,44,22.0,0,Continuity (2-mould press)
2026-04-13 00:00:00,A,4606,1D25214012008QXPCT,2026-04-13 07:00:00,2026-04-13 15:00:00,44,22.0,0,Continuity (2-mould press)
2026-04-13 00:00:00,B,4606,1D25214012008QXPCT,2026-04-13 15:00:00,2026-04-13 23:00:00,44,22.0,0,Continuity (2-mould press)
2026-04-13 00:00:00,C,4606,1D25214012008QXPCT,2026-04-13 23:00:00,2026-04-14 07:00:00,44,22.0,0,Continuity (2-mould press)
2026-04-14 00:00:00,A,4606,1D25214012008QXPCT,2026-04-14 07:00:00,2026-04-14 15:00:00,44,22.0,0,Continuity (2-mould press)
2026-04-14 00:00:00,B,4606,1D25214012008QXPCT,2026-04-14 15:00:00,2026-04-14 23:00:00,44,22.0,0,Continuity (2-mould press)
2026-04-14 00:00:00,C,4606,1D25214012008QXPCT,2026-04-14 23:00:00,2026-04-15 07:00:00,44,22.0,0,Continuity (2-mould press)
2026-04-15 00:00:00,A,4606,1D25214012008QXPCT,2026-04-15 07:00:00,2026-04-15 15:00:00,44,22.0,0,Continuity (2-mould press)
2026-04-15 00:00:00,B,4606,1D25214012008QXPCT,2026-04-15 15:00:00,2026-04-15 23:00:00,44,22.0,0,Continuity (2-mould press)
2026-04-15 00:00:00,C,4606,1D25214012008QXPCT,2026-04-15 23:00:00,2026-04-16 07:00:00,44,22.0,0,Continuity (2-mould press)
2026-04-16 00:00:00,A,4606,1D25214012008QXPCT,2026-04-16 07:00:00,2026-04-16 15:00:00,44,22.0,0,Continuity (2-mould press)
2026-04-16 00:00:00,B,4606,1D25214012008QXPCT,2026-04-16 15:00:00,2026-04-16 23:00:00,44,22.0,0,Continuity (2-mould press)
2026-04-16 00:00:00,C,4606,1D25214012008QXPCT,2026-04-16 23:00:00,2026-04-17 07:00:00,44,22.0,0,Continuity (2-mould press)
2026-04-17 00:00:00,A,4606,1D25214012008QXPCT,2026-04-17 07:00:00,2026-04-17 15:00:00,44,22.0,0,Continuity (2-mould press)
2026-04-17 00:00:00,B,4606,1D25214012008QXPCT,2026-04-17 15:00:00,2026-04-17 23:00:00,44,22.0,0,Continuity (2-mould press)
2026-04-17 00:00:00,C,4606,1D25214012008QXPCT,2026-04-17 23:00:00,2026-04-18 07:00:00,44,22.0,0,Continuity (2-mould press)
2026-04-18 00:00:00,A,4606,1D25214012008QXPCT,2026-04-18 07:00:00,2026-04-18 15:00:00,44,22.0,0,Continuity (2-mould press)
2026-04-18 00:00:00,B,4606,1D25214012008QXPCT,2026-04-18 15:00:00,2026-04-18 23:00:00,44,22.0,0,Continuity (2-mould press)
2026-04-18 00:00:00,C,4606,1D25214012008QXPCT,2026-04-18 23:00:00,2026-04-19 07:00:00,44,22.0,0,Continuity (2-mould press)
2026-04-19 00:00:00,A,4606,1D25214012008QXPCT,2026-04-19 07:00:00,2026-04-19 15:00:00,44,22.0,0,Continuity (2-mould press)
2026-04-19 00:00:00,B,4606,1D25214012008QXPCT,2026-04-19 15:00:00,2026-04-19 21:40:00,36,22.0,0,Continuity (2-mould press)
2026-04-08 00:00:00,A,4607,1D25214012008QXPCT,2026-04-08 07:00:00,2026-04-08 15:00:00,44,22.0,0,Continuity (2-mould press)
2026-04-08 00:00:00,B,4607,1D25214012008QXPCT,2026-04-08 15:00:00,2026-04-08 23:00:00,44,22.0,0,Continuity (2-mould press)
2026-04-08 00:00:00,C,4607,1D25214012008QXPCT,2026-04-08 23:00:00,2026-04-09 07:00:00,44,22.0,0,Continuity (2-mould press)
2026-04-09 00:00:00,A,4607,1D25214012008QXPCT,2026-04-09 07:00:00,2026-04-09 15:00:00,44,22.0,0,Continuity (2-mould press)
2026-04-09 00:00:00,B,4607,1D25214012008QXPCT,2026-04-09 15:00:00,2026-04-09 23:00:00,44,22.0,0,Continuity (2-mould press)
2026-04-09 00:00:00,C,4607,1D25214012008QXPCT,2026-04-09 23:00:00,2026-04-10 07:00:00,44,22.0,0,Continuity (2-mould press)
2026-04-10 00:00:00,A,4607,1D25214012008QXPCT,2026-04-10 07:00:00,2026-04-10 15:00:00,44,22.0,0,Continuity (2-mould press)
2026-04-10 00:00:00,B,4607,1D25214012008QXPCT,2026-04-10 15:00:00,2026-04-10 23:00:00,44,22.0,0,Continuity (2-mould press)
2026-04-10 00:00:00,C,4607,1D25214012008QXPCT,2026-04-10 23:00:00,2026-04-11 07:00:00,44,22.0,0,Continuity (2-mould press)
2026-04-11 00:00:00,A,4607,1D25214012008QXPCT,2026-04-11 07:00:00,2026-04-11 15:00:00,44,22.0,0,Continuity (2-mould press)
2026-04-11 00:00:00,B,4607,1D25214012008QXPCT,2026-04-11 15:00:00,2026-04-11 23:00:00,44,22.0,0,Continuity (2-mould press)
2026-04-11 00:00:00,C,4607,1D25214012008QXPCT,2026-04-11 23:00:00,2026-04-12 07:00:00,44,22.0,0,Continuity (2-mould press)
2026-04-12 00:00:00,A,4607,1D25214012008QXPCT,2026-04-12 07:00:00,2026-04-12 15:00:00,44,22.0,0,Continuity (2-mould press)
2026-04-12 00:00:00,B,4607,1D25214012008QXPCT,2026-04-12 15:00:00,2026-04-12 23:00:00,44,22.0,0,Continuity (2-mould press)
2026-04-12 00:00:00,C,4607,1D25214012008QXPCT,2026-04-12 23:00:00,2026-04-13 07:00:00,44,22.0,0,Continuity (2-mould press)
2026-04-13 00:00:00,A,4607,1D25214012008QXPCT,2026-04-13 07:00:00,2026-04-13 15:00:00,44,22.0,0,Continuity (2-mould press)
2026-04-13 00:00:00,B,4607,1D25214012008QXPCT,2026-04-13 15:00:00,2026-04-13 23:00:00,44,22.0,0,Continuity (2-mould press)
2026-04-13 00:00:00,C,4607,1D25214012008QXPCT,2026-04-13 23:00:00,2026-04-14 07:00:00,44,22.0,0,Continuity (2-mould press)
2026-04-14 00:00:00,A,4607,1D25214012008QXPCT,2026-04-14 07:00:00,2026-04-14 15:00:00,44,22.0,0,Continuity (2-mould press)
2026-04-14 00:00:00,B,4607,1D25214012008QXPCT,2026-04-14 15:00:00,2026-04-14 23:00:00,44,22.0,0,Continuity (2-mould press)
2026-04-14 00:00:00,C,4607,1D25214012008QXPCT,2026-04-14 23:00:00,2026-04-15 07:00:00,44,22.0,0,Continuity (2-mould press)
2026-04-15 00:00:00,A,4607,1D25214012008QXPCT,2026-04-15 07:00:00,2026-04-15 15:00:00,44,22.0,0,Continuity (2-mould press)
2026-04-15 00:00:00,B,4607,1D25214012008QXPCT,2026-04-15 15:00:00,2026-04-15 23:00:00,44,22.0,0,Continuity (2-mould press)
2026-04-15 00:00:00,C,4607,1D25214012008QXPCT,2026-04-15 23:00:00,2026-04-16 07:00:00,44,22.0,0,Continuity (2-mould press)
2026-04-16 00:00:00,A,4607,1D25214012008QXPCT,2026-04-16 07:00:00,2026-04-16 15:00:00,44,22.0,0,Continuity (2-mould press)
2026-04-16 00:00:00,B,4607,1D25214012008QXPCT,2026-04-16 15:00:00,2026-04-16 23:00:00,44,22.0,0,Continuity (2-mould press)
2026-04-16 00:00:00,C,4607,1D25214012008QXPCT,2026-04-16 23:00:00,2026-04-17 07:00:00,44,22.0,0,Continuity (2-mould press)
2026-04-17 00:00:00,A,4607,1D25214012008QXPCT,2026-04-17 07:00:00,2026-04-17 15:00:00,44,22.0,0,Continuity (2-mould press)
2026-04-17 00:00:00,B,4607,1D25214012008QXPCT,2026-04-17 15:00:00,2026-04-17 23:00:00,44,22.0,0,Continuity (2-mould press)
2026-04-17 00:00:00,C,4607,1D25214012008QXPCT,2026-04-17 23:00:00,2026-04-18 07:00:00,44,22.0,0,Continuity (2-mould press)
2026-04-18 00:00:00,A,4607,1D25214012008QXPCT,2026-04-18 07:00:00,2026-04-18 15:00:00,44,22.0,0,Continuity (2-mould press)
2026-04-18 00:00:00,B,4607,1D25214012008QXPCT,2026-04-18 15:00:00,2026-04-18 23:00:00,44,22.0,0,Continuity (2-mould press)
2026-04-18 00:00:00,C,4607,1D25214012008QXPCT,2026-04-18 23:00:00,2026-04-19 07:00:00,44,22.0,0,Continuity (2-mould press)
2026-04-19 00:00:00,A,4607,1D25214012008QXPCT,2026-04-19 07:00:00,2026-04-19 15:00:00,44,22.0,0,Continuity (2-mould press)
2026-04-19 00:00:00,B,4607,1D25214012008QXPCT,2026-04-19 15:00:00,2026-04-19 21:40:00,36,22.0,0,Continuity (2-mould press)
2026-04-08 00:00:00,A,4608,1325214812074TUHL0,2026-04-08 07:00:00,2026-04-08 15:00:00,64,15.0,0,Continuity (2-mould press)
2026-04-08 00:00:00,B,4608,1325214812074TUHL0,2026-04-08 15:00:00,2026-04-08 23:00:00,64,15.0,0,Continuity (2-mould press)
2026-04-08 00:00:00,C,4608,1325214812074TUHL0,2026-04-08 23:00:00,2026-04-09 07:00:00,64,15.0,0,Continuity (2-mould press)
2026-04-09 00:00:00,A,4608,1325214812074TUHL0,2026-04-09 07:00:00,2026-04-09 15:00:00,64,15.0,0,Continuity (2-mould press)
2026-04-09 00:00:00,B,4608,1325214812074TUHL0,2026-04-09 15:00:00,2026-04-09 23:00:00,64,15.0,0,Continuity (2-mould press)
2026-04-09 00:00:00,C,4608,1325214812074TUHL0,2026-04-09 23:00:00,2026-04-10 07:00:00,64,15.0,0,Continuity (2-mould press)
2026-04-10 00:00:00,A,4608,1325214812074TUHL0,2026-04-10 07:00:00,2026-04-10 15:00:00,64,15.0,0,Continuity (2-mould press)
2026-04-10 00:00:00,B,4608,1325214812074TUHL0,2026-04-10 15:00:00,2026-04-10 23:00:00,64,15.0,0,Continuity (2-mould press)
2026-04-10 00:00:00,C,4608,1325214812074TUHL0,2026-04-10 23:00:00,2026-04-11 07:00:00,64,15.0,0,Continuity (2-mould press)
2026-04-11 00:00:00,A,4608,1325214812074TUHL0,2026-04-11 07:00:00,2026-04-11 15:00:00,64,15.0,0,Continuity (2-mould press)
2026-04-11 00:00:00,B,4608,1325214812074TUHL0,2026-04-11 15:00:00,2026-04-11 23:00:00,64,15.0,0,Continuity (2-mould press)
2026-04-11 00:00:00,C,4608,1325214812074TUHL0,2026-04-11 23:00:00,2026-04-12 07:00:00,64,15.0,0,Continuity (2-mould press)
2026-04-12 00:00:00,A,4608,1325214812074TUHL0,2026-04-12 07:00:00,2026-04-12 15:00:00,64,15.0,0,Continuity (2-mould press)
2026-04-12 00:00:00,B,4608,1325214812074TUHL0,2026-04-12 15:00:00,2026-04-12 23:00:00,64,15.0,0,Continuity (2-mould press)
2026-04-12 00:00:00,C,4608,1325214812074TUHL0,2026-04-12 23:00:00,2026-04-13 07:00:00,64,15.0,0,Continuity (2-mould press)
2026-04-13 00:00:00,A,4608,1325214812074TUHL0,2026-04-13 07:00:00,2026-04-13 15:00:00,64,15.0,0,Continuity (2-mould press)
2026-04-13 00:00:00,B,4608,1325214812074TUHL0,2026-04-13 15:00:00,2026-04-13 23:00:00,64,15.0,0,Continuity (2-mould press)
2026-04-13 00:00:00,C,4608,1325214812074TUHL0,2026-04-13 23:00:00,2026-04-14 07:00:00,64,15.0,0,Continuity (2-mould press)
2026-04-14 00:00:00,A,4608,1325214812074TUHL0,2026-04-14 07:00:00,2026-04-14 15:00:00,64,15.0,0,Continuity (2-mould press)
2026-04-14 00:00:00,B,4608,1325214812074TUHL0,2026-04-14 15:00:00,2026-04-14 23:00:00,64,15.0,0,Continuity (2-mould press)
2026-04-14 00:00:00,C,4608,1325214812074TUHL0,2026-04-14 23:00:00,2026-04-15 07:00:00,64,15.0,0,Continuity (2-mould press)
2026-04-15 00:00:00,A,4608,1325214812074TUHL0,2026-04-15 07:00:00,2026-04-15 15:00:00,64,15.0,0,Continuity (2-mould press)
2026-04-15 00:00:00,B,4608,1325214812074TUHL0,2026-04-15 15:00:00,2026-04-15 23:00:00,64,15.0,0,Continuity (2-mould press)
2026-04-15 00:00:00,C,4608,1325214812074TUHL0,2026-04-15 23:00:00,2026-04-16 07:00:00,64,15.0,0,Continuity (2-mould press)
2026-04-16 00:00:00,A,4608,1325214812074TUHL0,2026-04-16 07:00:00,2026-04-16 15:00:00,64,15.0,0,Continuity (2-mould press)
2026-04-16 00:00:00,B,4608,1325214812074TUHL0,2026-04-16 15:00:00,2026-04-16 23:00:00,64,15.0,0,Continuity (2-mould press)
2026-04-16 00:00:00,C,4608,1325214812074TUHL0,2026-04-16 23:00:00,2026-04-17 07:00:00,64,15.0,0,Continuity (2-mould press)
2026-04-17 00:00:00,A,4608,1325214812074TUHL0,2026-04-17 07:00:00,2026-04-17 15:00:00,64,15.0,0,Continuity (2-mould press)
2026-04-17 00:00:00,B,4608,1325214812074TUHL0,2026-04-17 15:00:00,2026-04-17 23:00:00,64,15.0,0,Continuity (2-mould press)
2026-04-17 00:00:00,C,4608,1325214812074TUHL0,2026-04-17 23:00:00,2026-04-18 07:00:00,64,15.0,0,Continuity (2-mould press)
2026-04-18 00:00:00,A,4608,1325214812074TUHL0,2026-04-18 07:00:00,2026-04-18 15:00:00,64,15.0,0,Continuity (2-mould press)
2026-04-18 00:00:00,B,4608,1325214812074TUHL0,2026-04-18 15:00:00,2026-04-18 23:00:00,64,15.0,0,Continuity (2-mould press)
2026-04-18 00:00:00,C,4608,1325214812074TUHL0,2026-04-18 23:00:00,2026-04-19 07:00:00,64,15.0,0,Continuity (2-mould press)
2026-04-19 00:00:00,A,4608,1325214812074TUHL0,2026-04-19 07:00:00,2026-04-19 15:00:00,64,15.0,0,Continuity (2-mould press)
2026-04-19 00:00:00,B,4608,1325214812074TUHL0,2026-04-19 15:00:00,2026-04-19 23:00:00,64,15.0,0,Continuity (2-mould press)
2026-04-19 00:00:00,C,4608,1325214812074TUHL0,2026-04-19 23:00:00,2026-04-20 07:00:00,64,15.0,0,Continuity (2-mould press)
2026-04-20 00:00:00,A,4608,1325214812074TUHL0,2026-04-20 07:00:00,2026-04-20 15:00:00,64,15.0,0,Continuity (2-mould press)
2026-04-20 00:00:00,B,4608,1325214812074TUHL0,2026-04-20 15:00:00,2026-04-20 23:00:00,64,15.0,0,Continuity (2-mould press)
2026-04-20 00:00:00,C,4608,1325214812074TUHL0,2026-04-20 23:00:00,2026-04-21 07:00:00,64,15.0,0,Continuity (2-mould press)
2026-04-21 00:00:00,A,4608,1325214812074TUHL0,2026-04-21 07:00:00,2026-04-21 15:00:00,64,15.0,0,Continuity (2-mould press)
2026-04-21 00:00:00,B,4608,1325214812074TUHL0,2026-04-21 15:00:00,2026-04-21 23:00:00,64,15.0,0,Continuity (2-mould press)
2026-04-21 00:00:00,C,4608,1325214812074TUHL0,2026-04-21 23:00:00,2026-04-22 07:00:00,64,15.0,0,Continuity (2-mould press)
2026-04-22 00:00:00,A,4608,1325214812074TUHL0,2026-04-22 07:00:00,2026-04-22 15:00:00,64,15.0,0,Continuity (2-mould press)
2026-04-22 00:00:00,B,4608,1325214812074TUHL0,2026-04-22 15:00:00,2026-04-22 23:00:00,64,15.0,0,Continuity (2-mould press)
2026-04-22 00:00:00,C,4608,1325214812074TUHL0,2026-04-22 23:00:00,2026-04-23 07:00:00,64,15.0,0,Continuity (2-mould press)
2026-04-23 00:00:00,A,4608,1325214812074TUHL0,2026-04-23 07:00:00,2026-04-23 15:00:00,64,15.0,0,Continuity (2-mould press)
2026-04-23 00:00:00,B,4608,1325214812074TUHL0,2026-04-23 15:00:00,2026-04-23 23:00:00,64,15.0,0,Continuity (2-mould press)
2026-04-23 00:00:00,C,4608,1325214812074TUHL0,2026-04-23 23:00:00,2026-04-24 07:00:00,64,15.0,0,Continuity (2-mould press)
2026-04-24 00:00:00,A,4608,1325214812074TUHL0,2026-04-24 07:00:00,2026-04-24 15:00:00,64,15.0,0,Continuity (2-mould press)
2026-04-24 00:00:00,B,4608,1325214812074TUHL0,2026-04-24 15:00:00,2026-04-24 23:00:00,64,15.0,0,Continuity (2-mould press)
2026-04-24 00:00:00,C,4608,1325214812074TUHL0,2026-04-24 23:00:00,2026-04-25 07:00:00,64,15.0,0,Continuity (2-mould press)
2026-04-25 00:00:00,A,4608,1325214812074TUHL0,2026-04-25 07:00:00,2026-04-25 15:00:00,64,15.0,0,Continuity (2-mould press)
2026-04-25 00:00:00,B,4608,1325214812074TUHL0,2026-04-25 15:00:00,2026-04-25 23:00:00,64,15.0,0,Continuity (2-mould press)
2026-04-25 00:00:00,C,4608,1325214812074TUHL0,2026-04-25 23:00:00,2026-04-26 07:00:00,64,15.0,0,Continuity (2-mould press)
2026-04-26 00:00:00,A,4608,1325214812074TUHL0,2026-04-26 07:00:00,2026-04-26 15:00:00,64,15.0,0,Continuity (2-mould press)
2026-04-26 00:00:00,B,4608,1325214812074TUHL0,2026-04-26 15:00:00,2026-04-26 23:00:00,64,15.0,0,Continuity (2-mould press)
2026-04-26 00:00:00,C,4608,1325214812074TUHL0,2026-04-26 23:00:00,2026-04-27 07:00:00,64,15.0,0,Continuity (2-mould press)
2026-04-27 00:00:00,A,4608,1325214812074TUHL0,2026-04-27 07:00:00,2026-04-27 15:00:00,64,15.0,0,Continuity (2-mould press)
2026-04-27 00:00:00,B,4608,1325214812074TUHL0,2026-04-27 15:00:00,2026-04-27 23:00:00,64,15.0,0,Continuity (2-mould press)
2026-04-27 00:00:00,C,4608,1325214812074TUHL0,2026-04-27 23:00:00,2026-04-28 07:00:00,64,15.0,0,Continuity (2-mould press)
2026-04-28 00:00:00,A,4608,1325214812074TUHL0,2026-04-28 07:00:00,2026-04-28 15:00:00,64,15.0,0,Continuity (2-mould press)
2026-04-28 00:00:00,B,4608,1325214812074TUHL0,2026-04-28 15:00:00,2026-04-28 23:00:00,64,15.0,0,Continuity (2-mould press)
2026-04-28 00:00:00,C,4608,1325214812074TUHL0,2026-04-28 23:00:00,2026-04-29 07:00:00,64,15.0,0,Continuity (2-mould press)
2026-04-29 00:00:00,A,4608,1325214812074TUHL0,2026-04-29 07:00:00,2026-04-29 15:00:00,64,15.0,0,Continuity (2-mould press)
2026-04-29 00:00:00,B,4608,1325214812074TUHL0,2026-04-29 15:00:00,2026-04-29 23:00:00,64,15.0,0,Continuity (2-mould press)
2026-04-29 00:00:00,C,4608,1325214812074TUHL0,2026-04-29 23:00:00,2026-04-30 07:00:00,64,15.0,0,Continuity (2-mould press)
2026-04-30 00:00:00,A,4608,1325214812074TUHL0,2026-04-30 07:00:00,2026-04-30 15:00:00,64,15.0,0,Continuity (2-mould press)
2026-04-30 00:00:00,B,4608,1325214812074TUHL0,2026-04-30 15:00:00,2026-04-30 16:00:00,8,15.0,0,Continuity (2-mould press)
2026-04-08 00:00:00,A,4609,1D25214012008QXPCT,2026-04-08 07:00:00,2026-04-08 15:00:00,44,22.0,0,Continuity (2-mould press)
2026-04-08 00:00:00,B,4609,1D25214012008QXPCT,2026-04-08 15:00:00,2026-04-08 23:00:00,44,22.0,0,Continuity (2-mould press)
2026-04-08 00:00:00,C,4609,1D25214012008QXPCT,2026-04-08 23:00:00,2026-04-09 07:00:00,44,22.0,0,Continuity (2-mould press)
2026-04-09 00:00:00,A,4609,1D25214012008QXPCT,2026-04-09 07:00:00,2026-04-09 15:00:00,44,22.0,0,Continuity (2-mould press)
2026-04-09 00:00:00,B,4609,1D25214012008QXPCT,2026-04-09 15:00:00,2026-04-09 23:00:00,44,22.0,0,Continuity (2-mould press)
2026-04-09 00:00:00,C,4609,1D25214012008QXPCT,2026-04-09 23:00:00,2026-04-10 07:00:00,44,22.0,0,Continuity (2-mould press)
2026-04-10 00:00:00,A,4609,1D25214012008QXPCT,2026-04-10 07:00:00,2026-04-10 15:00:00,44,22.0,0,Continuity (2-mould press)
2026-04-10 00:00:00,B,4609,1D25214012008QXPCT,2026-04-10 15:00:00,2026-04-10 23:00:00,44,22.0,0,Continuity (2-mould press)
2026-04-10 00:00:00,C,4609,1D25214012008QXPCT,2026-04-10 23:00:00,2026-04-11 07:00:00,44,22.0,0,Continuity (2-mould press)
2026-04-11 00:00:00,A,4609,1D25214012008QXPCT,2026-04-11 07:00:00,2026-04-11 15:00:00,44,22.0,0,Continuity (2-mould press)
2026-04-11 00:00:00,B,4609,1D25214012008QXPCT,2026-04-11 15:00:00,2026-04-11 23:00:00,44,22.0,0,Continuity (2-mould press)
2026-04-11 00:00:00,C,4609,1D25214012008QXPCT,2026-04-11 23:00:00,2026-04-12 07:00:00,44,22.0,0,Continuity (2-mould press)
2026-04-12 00:00:00,A,4609,1D25214012008QXPCT,2026-04-12 07:00:00,2026-04-12 15:00:00,44,22.0,0,Continuity (2-mould press)
2026-04-12 00:00:00,B,4609,1D25214012008QXPCT,2026-04-12 15:00:00,2026-04-12 23:00:00,44,22.0,0,Continuity (2-mould press)
2026-04-12 00:00:00,C,4609,1D25214012008QXPCT,2026-04-12 23:00:00,2026-04-13 07:00:00,44,22.0,0,Continuity (2-mould press)
2026-04-13 00:00:00,A,4609,1D25214012008QXPCT,2026-04-13 07:00:00,2026-04-13 15:00:00,44,22.0,0,Continuity (2-mould press)
2026-04-13 00:00:00,B,4609,1D25214012008QXPCT,2026-04-13 15:00:00,2026-04-13 23:00:00,44,22.0,0,Continuity (2-mould press)
2026-04-13 00:00:00,C,4609,1D25214012008QXPCT,2026-04-13 23:00:00,2026-04-14 07:00:00,44,22.0,0,Continuity (2-mould press)
2026-04-14 00:00:00,A,4609,1D25214012008QXPCT,2026-04-14 07:00:00,2026-04-14 15:00:00,44,22.0,0,Continuity (2-mould press)
2026-04-14 00:00:00,B,4609,1D25214012008QXPCT,2026-04-14 15:00:00,2026-04-14 23:00:00,44,22.0,0,Continuity (2-mould press)
2026-04-14 00:00:00,C,4609,1D25214012008QXPCT,2026-04-14 23:00:00,2026-04-15 07:00:00,44,22.0,0,Continuity (2-mould press)
2026-04-15 00:00:00,A,4609,1D25214012008QXPCT,2026-04-15 07:00:00,2026-04-15 15:00:00,44,22.0,0,Continuity (2-mould press)
2026-04-15 00:00:00,B,4609,1D25214012008QXPCT,2026-04-15 15:00:00,2026-04-15 23:00:00,44,22.0,0,Continuity (2-mould press)
2026-04-15 00:00:00,C,4609,1D25214012008QXPCT,2026-04-15 23:00:00,2026-04-16 07:00:00,44,22.0,0,Continuity (2-mould press)
2026-04-16 00:00:00,A,4609,1D25214012008QXPCT,2026-04-16 07:00:00,2026-04-16 15:00:00,44,22.0,0,Continuity (2-mould press)
2026-04-16 00:00:00,B,4609,1D25214012008QXPCT,2026-04-16 15:00:00,2026-04-16 23:00:00,44,22.0,0,Continuity (2-mould press)
2026-04-16 00:00:00,C,4609,1D25214012008QXPCT,2026-04-16 23:00:00,2026-04-17 07:00:00,44,22.0,0,Continuity (2-mould press)
2026-04-17 00:00:00,A,4609,1D25214012008QXPCT,2026-04-17 07:00:00,2026-04-17 15:00:00,44,22.0,0,Continuity (2-mould press)
2026-04-17 00:00:00,B,4609,1D25214012008QXPCT,2026-04-17 15:00:00,2026-04-17 23:00:00,44,22.0,0,Continuity (2-mould press)
2026-04-17 00:00:00,C,4609,1D25214012008QXPCT,2026-04-17 23:00:00,2026-04-18 07:00:00,44,22.0,0,Continuity (2-mould press)
2026-04-18 00:00:00,A,4609,1D25214012008QXPCT,2026-04-18 07:00:00,2026-04-18 15:00:00,44,22.0,0,Continuity (2-mould press)
2026-04-18 00:00:00,B,4609,1D25214012008QXPCT,2026-04-18 15:00:00,2026-04-18 23:00:00,44,22.0,0,Continuity (2-mould press)
2026-04-18 00:00:00,C,4609,1D25214012008QXPCT,2026-04-18 23:00:00,2026-04-19 07:00:00,44,22.0,0,Continuity (2-mould press)
2026-04-19 00:00:00,A,4609,1D25214012008QXPCT,2026-04-19 07:00:00,2026-04-19 15:00:00,44,22.0,0,Continuity (2-mould press)
2026-04-19 00:00:00,B,4609,1D25214012008QXPCT,2026-04-19 15:00:00,2026-04-19 20:56:00,32,22.0,0,Continuity (2-mould press)
2026-04-08 00:00:00,A,4610,1325218316083HURL0,2026-04-08 07:00:00,2026-04-08 15:00:00,48,20.0,0,Continuity (2-mould press)
2026-04-08 00:00:00,B,4610,1325218316083HURL0,2026-04-08 15:00:00,2026-04-08 23:00:00,48,20.0,0,Continuity (2-mould press)
2026-04-08 00:00:00,C,4610,1325218316083HURL0,2026-04-08 23:00:00,2026-04-09 07:00:00,48,20.0,0,Continuity (2-mould press)
2026-04-09 00:00:00,A,4610,1325218316083HURL0,2026-04-09 07:00:00,2026-04-09 15:00:00,48,20.0,0,Continuity (2-mould press)
2026-04-09 00:00:00,B,4610,1325218316083HURL0,2026-04-09 15:00:00,2026-04-09 23:00:00,48,20.0,0,Continuity (2-mould press)
2026-04-09 00:00:00,C,4610,1325218316083HURL0,2026-04-09 23:00:00,2026-04-10 07:00:00,48,20.0,0,Continuity (2-mould press)
2026-04-10 00:00:00,A,4610,1325218316083HURL0,2026-04-10 07:00:00,2026-04-10 15:00:00,48,20.0,0,Continuity (2-mould press)
2026-04-10 00:00:00,B,4610,1325218316083HURL0,2026-04-10 15:00:00,2026-04-10 19:00:00,24,20.0,0,Continuity (2-mould press)
2026-04-08 00:00:00,A,4801,1225219Z15008SXC11,2026-04-08 07:00:00,2026-04-08 15:00:00,36,27.0,0,Continuity (2-mould press)
2026-04-08 00:00:00,B,4801,1225219Z15008SXC11,2026-04-08 15:00:00,2026-04-08 23:00:00,36,27.0,0,Continuity (2-mould press)
2026-04-08 00:00:00,C,4801,1225219Z15008SXC11,2026-04-08 23:00:00,2026-04-09 07:00:00,36,27.0,0,Continuity (2-mould press)
2026-04-09 00:00:00,A,4801,1225219Z15008SXC11,2026-04-09 07:00:00,2026-04-09 15:00:00,36,27.0,0,Continuity (2-mould press)
2026-04-09 00:00:00,B,4801,1225219Z15008SXC11,2026-04-09 15:00:00,2026-04-09 23:00:00,36,27.0,0,Continuity (2-mould press)
2026-04-09 00:00:00,C,4801,1225219Z15008SXC11,2026-04-09 23:00:00,2026-04-10 07:00:00,36,27.0,0,Continuity (2-mould press)
2026-04-10 00:00:00,A,4801,1225219Z15008SXC11,2026-04-10 07:00:00,2026-04-10 15:00:00,36,27.0,0,Continuity (2-mould press)
2026-04-10 00:00:00,B,4801,1225219Z15008SXC11,2026-04-10 15:00:00,2026-04-10 23:00:00,36,27.0,0,Continuity (2-mould press)
2026-04-10 00:00:00,C,4801,1225219Z15008SXC11,2026-04-10 23:00:00,2026-04-11 07:00:00,36,27.0,0,Continuity (2-mould press)
2026-04-11 00:00:00,A,4801,1225219Z15008SXC11,2026-04-11 07:00:00,2026-04-11 15:00:00,36,27.0,0,Continuity (2-mould press)
2026-04-11 00:00:00,B,4801,1225219Z15008SXC11,2026-04-11 15:00:00,2026-04-11 23:00:00,36,27.0,0,Continuity (2-mould press)
2026-04-11 00:00:00,C,4801,1225219Z15008SXC11,2026-04-11 23:00:00,2026-04-12 07:00:00,36,27.0,0,Continuity (2-mould press)
2026-04-12 00:00:00,A,4801,1225219Z15008SXC11,2026-04-12 07:00:00,2026-04-12 15:00:00,36,27.0,0,Continuity (2-mould press)
2026-04-12 00:00:00,B,4801,1225219Z15008SXC11,2026-04-12 15:00:00,2026-04-12 23:00:00,36,27.0,0,Continuity (2-mould press)
2026-04-12 00:00:00,C,4801,1225219Z15008SXC11,2026-04-12 23:00:00,2026-04-13 07:00:00,36,27.0,0,Continuity (2-mould press)
2026-04-13 00:00:00,A,4801,1225219Z15008SXC11,2026-04-13 07:00:00,2026-04-13 15:00:00,36,27.0,0,Continuity (2-mould press)
2026-04-13 00:00:00,B,4801,1225219Z15008SXC11,2026-04-13 15:00:00,2026-04-13 23:00:00,36,27.0,0,Continuity (2-mould press)
2026-04-13 00:00:00,C,4801,1225219Z15008SXC11,2026-04-13 23:00:00,2026-04-14 07:00:00,36,27.0,0,Continuity (2-mould press)
2026-04-14 00:00:00,A,4801,1225219Z15008SXC11,2026-04-14 07:00:00,2026-04-14 15:00:00,36,27.0,0,Continuity (2-mould press)
2026-04-14 00:00:00,B,4801,1225219Z15008SXC11,2026-04-14 15:00:00,2026-04-14 23:00:00,36,27.0,0,Continuity (2-mould press)
2026-04-14 00:00:00,C,4801,1225219Z15008SXC11,2026-04-14 23:00:00,2026-04-15 07:00:00,36,27.0,0,Continuity (2-mould press)
2026-04-15 00:00:00,A,4801,1225219Z15008SXC11,2026-04-15 07:00:00,2026-04-15 15:00:00,36,27.0,0,Continuity (2-mould press)
2026-04-15 00:00:00,B,4801,1225219Z15008SXC11,2026-04-15 15:00:00,2026-04-15 23:00:00,36,27.0,0,Continuity (2-mould press)
2026-04-15 00:00:00,C,4801,1225219Z15008SXC11,2026-04-15 23:00:00,2026-04-16 07:00:00,36,27.0,0,Continuity (2-mould press)
2026-04-16 00:00:00,A,4801,1225219Z15008SXC11,2026-04-16 07:00:00,2026-04-16 15:00:00,36,27.0,0,Continuity (2-mould press)
2026-04-16 00:00:00,B,4801,1225219Z15008SXC11,2026-04-16 15:00:00,2026-04-16 23:00:00,36,27.0,0,Continuity (2-mould press)
2026-04-16 00:00:00,C,4801,1225219Z15008SXC11,2026-04-16 23:00:00,2026-04-17 07:00:00,36,27.0,0,Continuity (2-mould press)
2026-04-17 00:00:00,A,4801,1225219Z15008SXC11,2026-04-17 07:00:00,2026-04-17 15:00:00,36,27.0,0,Continuity (2-mould press)
2026-04-17 00:00:00,B,4801,1225219Z15008SXC11,2026-04-17 15:00:00,2026-04-17 23:00:00,36,27.0,0,Continuity (2-mould press)
2026-04-17 00:00:00,C,4801,1225219Z15008SXC11,2026-04-17 23:00:00,2026-04-18 07:00:00,36,27.0,0,Continuity (2-mould press)
2026-04-18 00:00:00,A,4801,1225219Z15008SXC11,2026-04-18 07:00:00,2026-04-18 15:00:00,36,27.0,0,Continuity (2-mould press)
2026-04-18 00:00:00,B,4801,1225219Z15008SXC11,2026-04-18 15:00:00,2026-04-18 23:00:00,36,27.0,0,Continuity (2-mould press)
2026-04-18 00:00:00,C,4801,1225219Z15008SXC11,2026-04-18 23:00:00,2026-04-19 07:00:00,36,27.0,0,Continuity (2-mould press)
2026-04-19 00:00:00,A,4801,1225219Z15008SXC11,2026-04-19 07:00:00,2026-04-19 15:00:00,36,27.0,0,Continuity (2-mould press)
2026-04-19 00:00:00,B,4801,1225219Z15008SXC11,2026-04-19 15:00:00,2026-04-19 23:00:00,36,27.0,0,Continuity (2-mould press)
2026-04-19 00:00:00,C,4801,1225219Z15008SXC11,2026-04-19 23:00:00,2026-04-20 07:00:00,36,27.0,0,Continuity (2-mould press)
2026-04-20 00:00:00,A,4801,1225219Z15008SXC11,2026-04-20 07:00:00,2026-04-20 15:00:00,36,27.0,0,Continuity (2-mould press)
2026-04-20 00:00:00,B,4801,1225219Z15008SXC11,2026-04-20 15:00:00,2026-04-20 23:00:00,36,27.0,0,Continuity (2-mould press)
2026-04-20 00:00:00,C,4801,1225219Z15008SXC11,2026-04-20 23:00:00,2026-04-21 07:00:00,36,27.0,0,Continuity (2-mould press)
2026-04-21 00:00:00,A,4801,1225219Z15008SXC11,2026-04-21 07:00:00,2026-04-21 15:00:00,36,27.0,0,Continuity (2-mould press)
2026-04-21 00:00:00,B,4801,1225219Z15008SXC11,2026-04-21 15:00:00,2026-04-21 23:00:00,36,27.0,0,Continuity (2-mould press)
2026-04-21 00:00:00,C,4801,1225219Z15008SXC11,2026-04-21 23:00:00,2026-04-22 07:00:00,36,27.0,0,Continuity (2-mould press)
2026-04-22 00:00:00,A,4801,1225219Z15008SXC11,2026-04-22 07:00:00,2026-04-22 15:00:00,36,27.0,0,Continuity (2-mould press)
2026-04-22 00:00:00,B,4801,1225219Z15008SXC11,2026-04-22 15:00:00,2026-04-22 23:00:00,36,27.0,0,Continuity (2-mould press)
2026-04-22 00:00:00,C,4801,1225219Z15008SXC11,2026-04-22 23:00:00,2026-04-23 07:00:00,36,27.0,0,Continuity (2-mould press)
2026-04-23 00:00:00,A,4801,1225219Z15008SXC11,2026-04-23 07:00:00,2026-04-23 08:48:00,8,27.0,0,Continuity (2-mould press)
2026-04-08 00:00:00,A,4802,1D25216814008QXPC0,2026-04-08 07:00:00,2026-04-08 15:00:00,48,20.0,0,Continuity (2-mould press)
2026-04-08 00:00:00,B,4802,1D25216814008QXPC0,2026-04-08 15:00:00,2026-04-08 23:00:00,48,20.0,0,Continuity (2-mould press)
2026-04-08 00:00:00,C,4802,1D25216814008QXPC0,2026-04-08 23:00:00,2026-04-09 07:00:00,48,20.0,0,Continuity (2-mould press)
2026-04-09 00:00:00,A,4802,1D25216814008QXPC0,2026-04-09 07:00:00,2026-04-09 15:00:00,48,20.0,0,Continuity (2-mould press)
2026-04-09 00:00:00,B,4802,1D25216814008QXPC0,2026-04-09 15:00:00,2026-04-09 23:00:00,48,20.0,0,Continuity (2-mould press)
2026-04-09 00:00:00,C,4802,1D25216814008QXPC0,2026-04-09 23:00:00,2026-04-10 07:00:00,48,20.0,0,Continuity (2-mould press)
2026-04-10 00:00:00,A,4802,1D25216814008QXPC0,2026-04-10 07:00:00,2026-04-10 15:00:00,48,20.0,0,Continuity (2-mould press)
2026-04-10 00:00:00,B,4802,1D25216814008QXPC0,2026-04-10 15:00:00,2026-04-10 23:00:00,48,20.0,0,Continuity (2-mould press)
2026-04-10 00:00:00,C,4802,1D25216814008QXPC0,2026-04-10 23:00:00,2026-04-11 07:00:00,48,20.0,0,Continuity (2-mould press)
2026-04-11 00:00:00,A,4802,1D25216814008QXPC0,2026-04-11 07:00:00,2026-04-11 15:00:00,48,20.0,0,Continuity (2-mould press)
2026-04-11 00:00:00,B,4802,1D25216814008QXPC0,2026-04-11 15:00:00,2026-04-11 23:00:00,48,20.0,0,Continuity (2-mould press)
2026-04-11 00:00:00,C,4802,1D25216814008QXPC0,2026-04-11 23:00:00,2026-04-12 07:00:00,48,20.0,0,Continuity (2-mould press)
2026-04-12 00:00:00,A,4802,1D25216814008QXPC0,2026-04-12 07:00:00,2026-04-12 15:00:00,48,20.0,0,Continuity (2-mould press)
2026-04-12 00:00:00,B,4802,1D25216814008QXPC0,2026-04-12 15:00:00,2026-04-12 23:00:00,48,20.0,0,Continuity (2-mould press)
2026-04-12 00:00:00,C,4802,1D25216814008QXPC0,2026-04-12 23:00:00,2026-04-13 07:00:00,48,20.0,0,Continuity (2-mould press)
2026-04-13 00:00:00,A,4802,1D25216814008QXPC0,2026-04-13 07:00:00,2026-04-13 15:00:00,48,20.0,0,Continuity (2-mould press)
2026-04-13 00:00:00,B,4802,1D25216814008QXPC0,2026-04-13 15:00:00,2026-04-13 23:00:00,48,20.0,0,Continuity (2-mould press)
2026-04-13 00:00:00,C,4802,1D25216814008QXPC0,2026-04-13 23:00:00,2026-04-14 07:00:00,48,20.0,0,Continuity (2-mould press)
2026-04-14 00:00:00,A,4802,1D25216814008QXPC0,2026-04-14 07:00:00,2026-04-14 15:00:00,48,20.0,0,Continuity (2-mould press)
2026-04-14 00:00:00,B,4802,1D25216814008QXPC0,2026-04-14 15:00:00,2026-04-14 23:00:00,48,20.0,0,Continuity (2-mould press)
2026-04-14 00:00:00,C,4802,1D25216814008QXPC0,2026-04-14 23:00:00,2026-04-15 07:00:00,48,20.0,0,Continuity (2-mould press)
2026-04-15 00:00:00,A,4802,1D25216814008QXPC0,2026-04-15 07:00:00,2026-04-15 15:00:00,48,20.0,0,Continuity (2-mould press)
2026-04-15 00:00:00,B,4802,1D25216814008QXPC0,2026-04-15 15:00:00,2026-04-15 23:00:00,48,20.0,0,Continuity (2-mould press)
2026-04-15 00:00:00,C,4802,1D25216814008QXPC0,2026-04-15 23:00:00,2026-04-16 07:00:00,48,20.0,0,Continuity (2-mould press)
2026-04-16 00:00:00,A,4802,1D25216814008QXPC0,2026-04-16 07:00:00,2026-04-16 15:00:00,48,20.0,0,Continuity (2-mould press)
2026-04-16 00:00:00,B,4802,1D25216814008QXPC0,2026-04-16 15:00:00,2026-04-16 23:00:00,48,20.0,0,Continuity (2-mould press)
2026-04-16 00:00:00,C,4802,1D25216814008QXPC0,2026-04-16 23:00:00,2026-04-17 07:00:00,48,20.0,0,Continuity (2-mould press)
2026-04-17 00:00:00,A,4802,1D25216814008QXPC0,2026-04-17 07:00:00,2026-04-17 15:00:00,48,20.0,0,Continuity (2-mould press)
2026-04-17 00:00:00,B,4802,1D25216814008QXPC0,2026-04-17 15:00:00,2026-04-17 23:00:00,48,20.0,0,Continuity (2-mould press)
2026-04-17 00:00:00,C,4802,1D25216814008QXPC0,2026-04-17 23:00:00,2026-04-18 07:00:00,48,20.0,0,Continuity (2-mould press)
2026-04-18 00:00:00,A,4802,1D25216814008QXPC0,2026-04-18 07:00:00,2026-04-18 15:00:00,48,20.0,0,Continuity (2-mould press)
2026-04-18 00:00:00,B,4802,1D25216814008QXPC0,2026-04-18 15:00:00,2026-04-18 23:00:00,48,20.0,0,Continuity (2-mould press)
2026-04-18 00:00:00,C,4802,1D25216814008QXPC0,2026-04-18 23:00:00,2026-04-19 07:00:00,48,20.0,0,Continuity (2-mould press)
2026-04-19 00:00:00,A,4802,1D25216814008QXPC0,2026-04-19 07:00:00,2026-04-19 08:40:00,10,20.0,0,Continuity (2-mould press)
2026-04-19 00:00:00,A,4802,MOULD_CLEAN,2026-04-19 08:40:00,2026-04-19 11:40:00,0,0.0,0,Mould cleaning (continuity)
2026-04-19 00:00:00,A,4802,1D25216814008QXPC0,2026-04-19 11:40:00,2026-04-19 15:00:00,20,20.0,0,Continuity (2-mould press)
2026-04-19 00:00:00,B,4802,1D25216814008QXPC0,2026-04-19 15:00:00,2026-04-19 23:00:00,48,20.0,0,Continuity (2-mould press)
2026-04-19 00:00:00,C,4802,1D25216814008QXPC0,2026-04-19 23:00:00,2026-04-20 07:00:00,48,20.0,0,Continuity (2-mould press)
2026-04-20 00:00:00,A,4802,1D25216814008QXPC0,2026-04-20 07:00:00,2026-04-20 15:00:00,48,20.0,0,Continuity (2-mould press)
2026-04-20 00:00:00,B,4802,1D25216814008QXPC0,2026-04-20 15:00:00,2026-04-20 23:00:00,48,20.0,0,Continuity (2-mould press)
2026-04-20 00:00:00,C,4802,1D25216814008QXPC0,2026-04-20 23:00:00,2026-04-21 07:00:00,48,20.0,0,Continuity (2-mould press)
2026-04-21 00:00:00,A,4802,1D25216814008QXPC0,2026-04-21 07:00:00,2026-04-21 15:00:00,48,20.0,0,Continuity (2-mould press)
2026-04-21 00:00:00,B,4802,1D25216814008QXPC0,2026-04-21 15:00:00,2026-04-21 23:00:00,48,20.0,0,Continuity (2-mould press)
2026-04-21 00:00:00,C,4802,1D25216814008QXPC0,2026-04-21 23:00:00,2026-04-22 07:00:00,48,20.0,0,Continuity (2-mould press)
2026-04-22 00:00:00,A,4802,1D25216814008QXPC0,2026-04-22 07:00:00,2026-04-22 15:00:00,48,20.0,0,Continuity (2-mould press)
2026-04-22 00:00:00,B,4802,1D25216814008QXPC0,2026-04-22 15:00:00,2026-04-22 23:00:00,48,20.0,0,Continuity (2-mould press)
2026-04-22 00:00:00,C,4802,1D25216814008QXPC0,2026-04-22 23:00:00,2026-04-23 07:00:00,48,20.0,0,Continuity (2-mould press)
2026-04-23 00:00:00,A,4802,1D25216814008QXPC0,2026-04-23 07:00:00,2026-04-23 15:00:00,48,20.0,0,Continuity (2-mould press)
2026-04-23 00:00:00,B,4802,1D25216814008QXPC0,2026-04-23 15:00:00,2026-04-23 23:00:00,48,20.0,0,Continuity (2-mould press)
2026-04-23 00:00:00,C,4802,1D25216814008QXPC0,2026-04-23 23:00:00,2026-04-24 07:00:00,48,20.0,0,Continuity (2-mould press)
2026-04-24 00:00:00,A,4802,1D25216814008QXPC0,2026-04-24 07:00:00,2026-04-24 15:00:00,48,20.0,0,Continuity (2-mould press)
2026-04-24 00:00:00,B,4802,1D25216814008QXPC0,2026-04-24 15:00:00,2026-04-24 23:00:00,48,20.0,0,Continuity (2-mould press)
2026-04-24 00:00:00,C,4802,1D25216814008QXPC0,2026-04-24 23:00:00,2026-04-25 07:00:00,48,20.0,0,Continuity (2-mould press)
2026-04-25 00:00:00,A,4802,1D25216814008QXPC0,2026-04-25 07:00:00,2026-04-25 15:00:00,48,20.0,0,Continuity (2-mould press)
2026-04-25 00:00:00,B,4802,1D25216814008QXPC0,2026-04-25 15:00:00,2026-04-25 23:00:00,48,20.0,0,Continuity (2-mould press)
2026-04-25 00:00:00,C,4802,1D25216814008QXPC0,2026-04-25 23:00:00,2026-04-26 07:00:00,48,20.0,0,Continuity (2-mould press)
2026-04-26 00:00:00,A,4802,1D25216814008QXPC0,2026-04-26 07:00:00,2026-04-26 15:00:00,48,20.0,0,Continuity (2-mould press)
2026-04-26 00:00:00,B,4802,1D25216814008QXPC0,2026-04-26 15:00:00,2026-04-26 23:00:00,48,20.0,0,Continuity (2-mould press)
2026-04-26 00:00:00,C,4802,1D25216814008QXPC0,2026-04-26 23:00:00,2026-04-27 07:00:00,48,20.0,0,Continuity (2-mould press)
2026-04-27 00:00:00,A,4802,1D25216814008QXPC0,2026-04-27 07:00:00,2026-04-27 15:00:00,48,20.0,0,Continuity (2-mould press)
2026-04-27 00:00:00,B,4802,1D25216814008QXPC0,2026-04-27 15:00:00,2026-04-27 23:00:00,48,20.0,0,Continuity (2-mould press)
2026-04-27 00:00:00,C,4802,1D25216814008QXPC0,2026-04-27 23:00:00,2026-04-28 07:00:00,48,20.0,0,Continuity (2-mould press)
2026-04-28 00:00:00,A,4802,1D25216814008QXPC0,2026-04-28 07:00:00,2026-04-28 15:00:00,48,20.0,0,Continuity (2-mould press)
2026-04-28 00:00:00,B,4802,1D25216814008QXPC0,2026-04-28 15:00:00,2026-04-28 23:00:00,48,20.0,0,Continuity (2-mould press)
2026-04-28 00:00:00,C,4802,1D25216814008QXPC0,2026-04-28 23:00:00,2026-04-29 07:00:00,48,20.0,0,Continuity (2-mould press)
2026-04-29 00:00:00,A,4802,1D25216814008QXPC0,2026-04-29 07:00:00,2026-04-29 15:00:00,48,20.0,0,Continuity (2-mould press)
2026-04-29 00:00:00,B,4802,1D25216814008QXPC0,2026-04-29 15:00:00,2026-04-29 23:00:00,48,20.0,0,Continuity (2-mould press)
2026-04-29 00:00:00,C,4802,1D25216814008QXPC0,2026-04-29 23:00:00,2026-04-30 07:00:00,48,20.0,0,Continuity (2-mould press)
2026-04-30 00:00:00,A,4802,1D25216814008QXPC0,2026-04-30 07:00:00,2026-04-30 15:00:00,48,20.0,0,Continuity (2-mould press)
2026-04-30 00:00:00,B,4802,1D25216814008QXPC0,2026-04-30 15:00:00,2026-04-30 23:00:00,48,20.0,0,Continuity (2-mould press)
2026-04-30 00:00:00,C,4802,1D25216814008QXPC0,2026-04-30 23:00:00,2026-05-01 07:00:00,48,20.0,0,Continuity (2-mould press)
2026-05-01 00:00:00,A,4802,1D25216814008QXPC0,2026-05-01 07:00:00,2026-05-01 15:00:00,48,20.0,0,Continuity (2-mould press)
2026-05-01 00:00:00,B,4802,1D25216814008QXPC0,2026-05-01 15:00:00,2026-05-01 23:00:00,48,20.0,0,Continuity (2-mould press)
2026-05-01 00:00:00,C,4802,1D25216814008QXPC0,2026-05-01 23:00:00,2026-05-02 07:00:00,48,20.0,0,Continuity (2-mould press)
2026-05-02 00:00:00,A,4802,1D25216814008QXPC0,2026-05-02 07:00:00,2026-05-02 15:00:00,48,20.0,0,Continuity (2-mould press)
2026-05-02 00:00:00,B,4802,1D25216814008QXPC0,2026-05-02 15:00:00,2026-05-02 23:00:00,48,20.0,0,Continuity (2-mould press)
2026-05-02 00:00:00,C,4802,1D25216814008QXPC0,2026-05-02 23:00:00,2026-05-03 07:00:00,48,20.0,0,Continuity (2-mould press)
2026-05-03 00:00:00,A,4802,1D25216814008QXPC0,2026-05-03 07:00:00,2026-05-03 15:00:00,48,20.0,0,Continuity (2-mould press)
2026-05-03 00:00:00,B,4802,1D25216814008QXPC0,2026-05-03 15:00:00,2026-05-03 23:00:00,48,20.0,0,Continuity (2-mould press)
2026-05-03 00:00:00,C,4802,1D25216814008QXPC0,2026-05-03 23:00:00,2026-05-04 07:00:00,48,20.0,0,Continuity (2-mould press)
2026-04-08 00:00:00,A,4803,1225219Z15008SXC11,2026-04-08 07:00:00,2026-04-08 15:00:00,36,27.0,0,Continuity (2-mould press)
2026-04-08 00:00:00,B,4803,1225219Z15008SXC11,2026-04-08 15:00:00,2026-04-08 23:00:00,36,27.0,0,Continuity (2-mould press)
2026-04-08 00:00:00,C,4803,1225219Z15008SXC11,2026-04-08 23:00:00,2026-04-09 07:00:00,36,27.0,0,Continuity (2-mould press)
2026-04-09 00:00:00,A,4803,1225219Z15008SXC11,2026-04-09 07:00:00,2026-04-09 15:00:00,36,27.0,0,Continuity (2-mould press)
2026-04-09 00:00:00,B,4803,1225219Z15008SXC11,2026-04-09 15:00:00,2026-04-09 23:00:00,36,27.0,0,Continuity (2-mould press)
2026-04-09 00:00:00,C,4803,1225219Z15008SXC11,2026-04-09 23:00:00,2026-04-10 07:00:00,36,27.0,0,Continuity (2-mould press)
2026-04-10 00:00:00,A,4803,1225219Z15008SXC11,2026-04-10 07:00:00,2026-04-10 15:00:00,36,27.0,0,Continuity (2-mould press)
2026-04-10 00:00:00,B,4803,1225219Z15008SXC11,2026-04-10 15:00:00,2026-04-10 23:00:00,36,27.0,0,Continuity (2-mould press)
2026-04-10 00:00:00,C,4803,1225219Z15008SXC11,2026-04-10 23:00:00,2026-04-11 07:00:00,36,27.0,0,Continuity (2-mould press)
2026-04-11 00:00:00,A,4803,1225219Z15008SXC11,2026-04-11 07:00:00,2026-04-11 15:00:00,36,27.0,0,Continuity (2-mould press)
2026-04-11 00:00:00,B,4803,1225219Z15008SXC11,2026-04-11 15:00:00,2026-04-11 23:00:00,36,27.0,0,Continuity (2-mould press)
2026-04-11 00:00:00,C,4803,1225219Z15008SXC11,2026-04-11 23:00:00,2026-04-12 07:00:00,36,27.0,0,Continuity (2-mould press)
2026-04-12 00:00:00,A,4803,1225219Z15008SXC11,2026-04-12 07:00:00,2026-04-12 15:00:00,36,27.0,0,Continuity (2-mould press)
2026-04-12 00:00:00,B,4803,1225219Z15008SXC11,2026-04-12 15:00:00,2026-04-12 23:00:00,36,27.0,0,Continuity (2-mould press)
2026-04-12 00:00:00,C,4803,1225219Z15008SXC11,2026-04-12 23:00:00,2026-04-13 07:00:00,36,27.0,0,Continuity (2-mould press)
2026-04-13 00:00:00,A,4803,1225219Z15008SXC11,2026-04-13 07:00:00,2026-04-13 15:00:00,36,27.0,0,Continuity (2-mould press)
2026-04-13 00:00:00,B,4803,1225219Z15008SXC11,2026-04-13 15:00:00,2026-04-13 23:00:00,36,27.0,0,Continuity (2-mould press)
2026-04-13 00:00:00,C,4803,1225219Z15008SXC11,2026-04-13 23:00:00,2026-04-14 07:00:00,36,27.0,0,Continuity (2-mould press)
2026-04-14 00:00:00,A,4803,1225219Z15008SXC11,2026-04-14 07:00:00,2026-04-14 15:00:00,36,27.0,0,Continuity (2-mould press)
2026-04-14 00:00:00,B,4803,1225219Z15008SXC11,2026-04-14 15:00:00,2026-04-14 23:00:00,36,27.0,0,Continuity (2-mould press)
2026-04-14 00:00:00,C,4803,1225219Z15008SXC11,2026-04-14 23:00:00,2026-04-15 07:00:00,36,27.0,0,Continuity (2-mould press)
2026-04-15 00:00:00,A,4803,1225219Z15008SXC11,2026-04-15 07:00:00,2026-04-15 15:00:00,36,27.0,0,Continuity (2-mould press)
2026-04-15 00:00:00,B,4803,1225219Z15008SXC11,2026-04-15 15:00:00,2026-04-15 23:00:00,36,27.0,0,Continuity (2-mould press)
2026-04-15 00:00:00,C,4803,1225219Z15008SXC11,2026-04-15 23:00:00,2026-04-16 07:00:00,36,27.0,0,Continuity (2-mould press)
2026-04-16 00:00:00,A,4803,1225219Z15008SXC11,2026-04-16 07:00:00,2026-04-16 15:00:00,36,27.0,0,Continuity (2-mould press)
2026-04-16 00:00:00,B,4803,1225219Z15008SXC11,2026-04-16 15:00:00,2026-04-16 23:00:00,36,27.0,0,Continuity (2-mould press)
2026-04-16 00:00:00,C,4803,1225219Z15008SXC11,2026-04-16 23:00:00,2026-04-17 07:00:00,36,27.0,0,Continuity (2-mould press)
2026-04-17 00:00:00,A,4803,1225219Z15008SXC11,2026-04-17 07:00:00,2026-04-17 15:00:00,36,27.0,0,Continuity (2-mould press)
2026-04-17 00:00:00,B,4803,1225219Z15008SXC11,2026-04-17 15:00:00,2026-04-17 23:00:00,36,27.0,0,Continuity (2-mould press)
2026-04-17 00:00:00,C,4803,1225219Z15008SXC11,2026-04-17 23:00:00,2026-04-18 07:00:00,36,27.0,0,Continuity (2-mould press)
2026-04-18 00:00:00,A,4803,1225219Z15008SXC11,2026-04-18 07:00:00,2026-04-18 15:00:00,36,27.0,0,Continuity (2-mould press)
2026-04-18 00:00:00,B,4803,1225219Z15008SXC11,2026-04-18 15:00:00,2026-04-18 23:00:00,36,27.0,0,Continuity (2-mould press)
2026-04-18 00:00:00,C,4803,1225219Z15008SXC11,2026-04-18 23:00:00,2026-04-19 07:00:00,36,27.0,0,Continuity (2-mould press)
2026-04-19 00:00:00,A,4803,1225219Z15008SXC11,2026-04-19 07:00:00,2026-04-19 15:00:00,36,27.0,0,Continuity (2-mould press)
2026-04-19 00:00:00,B,4803,1225219Z15008SXC11,2026-04-19 15:00:00,2026-04-19 23:00:00,36,27.0,0,Continuity (2-mould press)
2026-04-19 00:00:00,C,4803,1225219Z15008SXC11,2026-04-19 23:00:00,2026-04-20 07:00:00,36,27.0,0,Continuity (2-mould press)
2026-04-20 00:00:00,A,4803,1225219Z15008SXC11,2026-04-20 07:00:00,2026-04-20 15:00:00,36,27.0,0,Continuity (2-mould press)
2026-04-20 00:00:00,B,4803,1225219Z15008SXC11,2026-04-20 15:00:00,2026-04-20 23:00:00,36,27.0,0,Continuity (2-mould press)
2026-04-20 00:00:00,C,4803,1225219Z15008SXC11,2026-04-20 23:00:00,2026-04-21 07:00:00,36,27.0,0,Continuity (2-mould press)
2026-04-21 00:00:00,A,4803,1225219Z15008SXC11,2026-04-21 07:00:00,2026-04-21 15:00:00,36,27.0,0,Continuity (2-mould press)
2026-04-21 00:00:00,B,4803,1225219Z15008SXC11,2026-04-21 15:00:00,2026-04-21 23:00:00,36,27.0,0,Continuity (2-mould press)
2026-04-21 00:00:00,C,4803,1225219Z15008SXC11,2026-04-21 23:00:00,2026-04-22 07:00:00,36,27.0,0,Continuity (2-mould press)
2026-04-22 00:00:00,A,4803,1225219Z15008SXC11,2026-04-22 07:00:00,2026-04-22 15:00:00,36,27.0,0,Continuity (2-mould press)
2026-04-22 00:00:00,B,4803,1225219Z15008SXC11,2026-04-22 15:00:00,2026-04-22 23:00:00,36,27.0,0,Continuity (2-mould press)
2026-04-22 00:00:00,C,4803,1225219Z15008SXC11,2026-04-22 23:00:00,2026-04-23 07:00:00,36,27.0,0,Continuity (2-mould press)
2026-04-23 00:00:00,A,4803,1225219Z15008SXC11,2026-04-23 07:00:00,2026-04-23 08:48:00,8,27.0,0,Continuity (2-mould press)
2026-04-08 00:00:00,A,4804,1225219Z15008SXC11,2026-04-08 07:00:00,2026-04-08 15:00:00,36,27.0,0,Continuity (2-mould press)
2026-04-08 00:00:00,B,4804,1225219Z15008SXC11,2026-04-08 15:00:00,2026-04-08 23:00:00,36,27.0,0,Continuity (2-mould press)
2026-04-08 00:00:00,C,4804,1225219Z15008SXC11,2026-04-08 23:00:00,2026-04-09 07:00:00,36,27.0,0,Continuity (2-mould press)
2026-04-09 00:00:00,A,4804,1225219Z15008SXC11,2026-04-09 07:00:00,2026-04-09 15:00:00,36,27.0,0,Continuity (2-mould press)
2026-04-09 00:00:00,B,4804,1225219Z15008SXC11,2026-04-09 15:00:00,2026-04-09 23:00:00,36,27.0,0,Continuity (2-mould press)
2026-04-09 00:00:00,C,4804,1225219Z15008SXC11,2026-04-09 23:00:00,2026-04-10 07:00:00,36,27.0,0,Continuity (2-mould press)
2026-04-10 00:00:00,A,4804,1225219Z15008SXC11,2026-04-10 07:00:00,2026-04-10 15:00:00,36,27.0,0,Continuity (2-mould press)
2026-04-10 00:00:00,B,4804,1225219Z15008SXC11,2026-04-10 15:00:00,2026-04-10 23:00:00,36,27.0,0,Continuity (2-mould press)
2026-04-10 00:00:00,C,4804,1225219Z15008SXC11,2026-04-10 23:00:00,2026-04-11 07:00:00,36,27.0,0,Continuity (2-mould press)
2026-04-11 00:00:00,A,4804,1225219Z15008SXC11,2026-04-11 07:00:00,2026-04-11 15:00:00,36,27.0,0,Continuity (2-mould press)
2026-04-11 00:00:00,B,4804,1225219Z15008SXC11,2026-04-11 15:00:00,2026-04-11 23:00:00,36,27.0,0,Continuity (2-mould press)
2026-04-11 00:00:00,C,4804,1225219Z15008SXC11,2026-04-11 23:00:00,2026-04-12 07:00:00,36,27.0,0,Continuity (2-mould press)
2026-04-12 00:00:00,A,4804,1225219Z15008SXC11,2026-04-12 07:00:00,2026-04-12 15:00:00,36,27.0,0,Continuity (2-mould press)
2026-04-12 00:00:00,B,4804,1225219Z15008SXC11,2026-04-12 15:00:00,2026-04-12 23:00:00,36,27.0,0,Continuity (2-mould press)
2026-04-12 00:00:00,C,4804,1225219Z15008SXC11,2026-04-12 23:00:00,2026-04-13 07:00:00,36,27.0,0,Continuity (2-mould press)
2026-04-13 00:00:00,A,4804,1225219Z15008SXC11,2026-04-13 07:00:00,2026-04-13 15:00:00,36,27.0,0,Continuity (2-mould press)
2026-04-13 00:00:00,B,4804,1225219Z15008SXC11,2026-04-13 15:00:00,2026-04-13 23:00:00,36,27.0,0,Continuity (2-mould press)
2026-04-13 00:00:00,C,4804,1225219Z15008SXC11,2026-04-13 23:00:00,2026-04-14 07:00:00,36,27.0,0,Continuity (2-mould press)
2026-04-14 00:00:00,A,4804,1225219Z15008SXC11,2026-04-14 07:00:00,2026-04-14 15:00:00,36,27.0,0,Continuity (2-mould press)
2026-04-14 00:00:00,B,4804,1225219Z15008SXC11,2026-04-14 15:00:00,2026-04-14 23:00:00,36,27.0,0,Continuity (2-mould press)
2026-04-14 00:00:00,C,4804,1225219Z15008SXC11,2026-04-14 23:00:00,2026-04-15 07:00:00,36,27.0,0,Continuity (2-mould press)
2026-04-15 00:00:00,A,4804,1225219Z15008SXC11,2026-04-15 07:00:00,2026-04-15 15:00:00,36,27.0,0,Continuity (2-mould press)
2026-04-15 00:00:00,B,4804,1225219Z15008SXC11,2026-04-15 15:00:00,2026-04-15 23:00:00,36,27.0,0,Continuity (2-mould press)
2026-04-15 00:00:00,C,4804,1225219Z15008SXC11,2026-04-15 23:00:00,2026-04-16 07:00:00,36,27.0,0,Continuity (2-mould press)
2026-04-16 00:00:00,A,4804,1225219Z15008SXC11,2026-04-16 07:00:00,2026-04-16 15:00:00,36,27.0,0,Continuity (2-mould press)
2026-04-16 00:00:00,B,4804,1225219Z15008SXC11,2026-04-16 15:00:00,2026-04-16 23:00:00,36,27.0,0,Continuity (2-mould press)
2026-04-16 00:00:00,C,4804,1225219Z15008SXC11,2026-04-16 23:00:00,2026-04-17 07:00:00,36,27.0,0,Continuity (2-mould press)
2026-04-17 00:00:00,A,4804,1225219Z15008SXC11,2026-04-17 07:00:00,2026-04-17 15:00:00,36,27.0,0,Continuity (2-mould press)
2026-04-17 00:00:00,B,4804,1225219Z15008SXC11,2026-04-17 15:00:00,2026-04-17 23:00:00,36,27.0,0,Continuity (2-mould press)
2026-04-17 00:00:00,C,4804,1225219Z15008SXC11,2026-04-17 23:00:00,2026-04-18 07:00:00,36,27.0,0,Continuity (2-mould press)
2026-04-18 00:00:00,A,4804,1225219Z15008SXC11,2026-04-18 07:00:00,2026-04-18 15:00:00,36,27.0,0,Continuity (2-mould press)
2026-04-18 00:00:00,B,4804,1225219Z15008SXC11,2026-04-18 15:00:00,2026-04-18 23:00:00,36,27.0,0,Continuity (2-mould press)
2026-04-18 00:00:00,C,4804,1225219Z15008SXC11,2026-04-18 23:00:00,2026-04-19 07:00:00,36,27.0,0,Continuity (2-mould press)
2026-04-19 00:00:00,A,4804,1225219Z15008SXC11,2026-04-19 07:00:00,2026-04-19 15:00:00,36,27.0,0,Continuity (2-mould press)
2026-04-19 00:00:00,B,4804,1225219Z15008SXC11,2026-04-19 15:00:00,2026-04-19 23:00:00,36,27.0,0,Continuity (2-mould press)
2026-04-19 00:00:00,C,4804,1225219Z15008SXC11,2026-04-19 23:00:00,2026-04-20 07:00:00,36,27.0,0,Continuity (2-mould press)
2026-04-20 00:00:00,A,4804,1225219Z15008SXC11,2026-04-20 07:00:00,2026-04-20 15:00:00,36,27.0,0,Continuity (2-mould press)
2026-04-20 00:00:00,B,4804,1225219Z15008SXC11,2026-04-20 15:00:00,2026-04-20 23:00:00,36,27.0,0,Continuity (2-mould press)
2026-04-20 00:00:00,C,4804,1225219Z15008SXC11,2026-04-20 23:00:00,2026-04-21 07:00:00,36,27.0,0,Continuity (2-mould press)
2026-04-21 00:00:00,A,4804,1225219Z15008SXC11,2026-04-21 07:00:00,2026-04-21 15:00:00,36,27.0,0,Continuity (2-mould press)
2026-04-21 00:00:00,B,4804,1225219Z15008SXC11,2026-04-21 15:00:00,2026-04-21 23:00:00,36,27.0,0,Continuity (2-mould press)
2026-04-21 00:00:00,C,4804,1225219Z15008SXC11,2026-04-21 23:00:00,2026-04-22 07:00:00,36,27.0,0,Continuity (2-mould press)
2026-04-22 00:00:00,A,4804,1225219Z15008SXC11,2026-04-22 07:00:00,2026-04-22 15:00:00,36,27.0,0,Continuity (2-mould press)
2026-04-22 00:00:00,B,4804,1225219Z15008SXC11,2026-04-22 15:00:00,2026-04-22 23:00:00,36,27.0,0,Continuity (2-mould press)
2026-04-22 00:00:00,C,4804,1225219Z15008SXC11,2026-04-22 23:00:00,2026-04-23 07:00:00,36,27.0,0,Continuity (2-mould press)
2026-04-23 00:00:00,A,4804,1225219Z15008SXC11,2026-04-23 07:00:00,2026-04-23 08:48:00,8,27.0,0,Continuity (2-mould press)
2026-04-08 00:00:00,A,4805,1225219Z15008SXC11,2026-04-08 07:00:00,2026-04-08 15:00:00,36,27.0,0,Continuity (2-mould press)
2026-04-08 00:00:00,B,4805,1225219Z15008SXC11,2026-04-08 15:00:00,2026-04-08 23:00:00,36,27.0,0,Continuity (2-mould press)
2026-04-08 00:00:00,C,4805,1225219Z15008SXC11,2026-04-08 23:00:00,2026-04-09 07:00:00,36,27.0,0,Continuity (2-mould press)
2026-04-09 00:00:00,A,4805,1225219Z15008SXC11,2026-04-09 07:00:00,2026-04-09 15:00:00,36,27.0,0,Continuity (2-mould press)
2026-04-09 00:00:00,B,4805,1225219Z15008SXC11,2026-04-09 15:00:00,2026-04-09 23:00:00,36,27.0,0,Continuity (2-mould press)
2026-04-09 00:00:00,C,4805,1225219Z15008SXC11,2026-04-09 23:00:00,2026-04-10 07:00:00,36,27.0,0,Continuity (2-mould press)
2026-04-10 00:00:00,A,4805,1225219Z15008SXC11,2026-04-10 07:00:00,2026-04-10 15:00:00,36,27.0,0,Continuity (2-mould press)
2026-04-10 00:00:00,B,4805,1225219Z15008SXC11,2026-04-10 15:00:00,2026-04-10 23:00:00,36,27.0,0,Continuity (2-mould press)
2026-04-10 00:00:00,C,4805,1225219Z15008SXC11,2026-04-10 23:00:00,2026-04-11 07:00:00,36,27.0,0,Continuity (2-mould press)
2026-04-11 00:00:00,A,4805,1225219Z15008SXC11,2026-04-11 07:00:00,2026-04-11 15:00:00,36,27.0,0,Continuity (2-mould press)
2026-04-11 00:00:00,B,4805,1225219Z15008SXC11,2026-04-11 15:00:00,2026-04-11 23:00:00,36,27.0,0,Continuity (2-mould press)
2026-04-11 00:00:00,C,4805,1225219Z15008SXC11,2026-04-11 23:00:00,2026-04-12 07:00:00,36,27.0,0,Continuity (2-mould press)
2026-04-12 00:00:00,A,4805,1225219Z15008SXC11,2026-04-12 07:00:00,2026-04-12 15:00:00,36,27.0,0,Continuity (2-mould press)
2026-04-12 00:00:00,B,4805,1225219Z15008SXC11,2026-04-12 15:00:00,2026-04-12 23:00:00,36,27.0,0,Continuity (2-mould press)
2026-04-12 00:00:00,C,4805,1225219Z15008SXC11,2026-04-12 23:00:00,2026-04-13 07:00:00,36,27.0,0,Continuity (2-mould press)
2026-04-13 00:00:00,A,4805,1225219Z15008SXC11,2026-04-13 07:00:00,2026-04-13 15:00:00,36,27.0,0,Continuity (2-mould press)
2026-04-13 00:00:00,B,4805,1225219Z15008SXC11,2026-04-13 15:00:00,2026-04-13 23:00:00,36,27.0,0,Continuity (2-mould press)
2026-04-13 00:00:00,C,4805,1225219Z15008SXC11,2026-04-13 23:00:00,2026-04-14 07:00:00,36,27.0,0,Continuity (2-mould press)
2026-04-14 00:00:00,A,4805,1225219Z15008SXC11,2026-04-14 07:00:00,2026-04-14 15:00:00,36,27.0,0,Continuity (2-mould press)
2026-04-14 00:00:00,B,4805,1225219Z15008SXC11,2026-04-14 15:00:00,2026-04-14 23:00:00,36,27.0,0,Continuity (2-mould press)
2026-04-14 00:00:00,C,4805,1225219Z15008SXC11,2026-04-14 23:00:00,2026-04-15 07:00:00,36,27.0,0,Continuity (2-mould press)
2026-04-15 00:00:00,A,4805,1225219Z15008SXC11,2026-04-15 07:00:00,2026-04-15 15:00:00,36,27.0,0,Continuity (2-mould press)
2026-04-15 00:00:00,B,4805,1225219Z15008SXC11,2026-04-15 15:00:00,2026-04-15 23:00:00,36,27.0,0,Continuity (2-mould press)
2026-04-15 00:00:00,C,4805,1225219Z15008SXC11,2026-04-15 23:00:00,2026-04-16 07:00:00,36,27.0,0,Continuity (2-mould press)
2026-04-16 00:00:00,A,4805,1225219Z15008SXC11,2026-04-16 07:00:00,2026-04-16 15:00:00,36,27.0,0,Continuity (2-mould press)
2026-04-16 00:00:00,B,4805,1225219Z15008SXC11,2026-04-16 15:00:00,2026-04-16 23:00:00,36,27.0,0,Continuity (2-mould press)
2026-04-16 00:00:00,C,4805,1225219Z15008SXC11,2026-04-16 23:00:00,2026-04-17 07:00:00,36,27.0,0,Continuity (2-mould press)
2026-04-17 00:00:00,A,4805,1225219Z15008SXC11,2026-04-17 07:00:00,2026-04-17 15:00:00,36,27.0,0,Continuity (2-mould press)
2026-04-17 00:00:00,B,4805,1225219Z15008SXC11,2026-04-17 15:00:00,2026-04-17 23:00:00,36,27.0,0,Continuity (2-mould press)
2026-04-17 00:00:00,C,4805,1225219Z15008SXC11,2026-04-17 23:00:00,2026-04-18 07:00:00,36,27.0,0,Continuity (2-mould press)
2026-04-18 00:00:00,A,4805,1225219Z15008SXC11,2026-04-18 07:00:00,2026-04-18 15:00:00,36,27.0,0,Continuity (2-mould press)
2026-04-18 00:00:00,B,4805,1225219Z15008SXC11,2026-04-18 15:00:00,2026-04-18 23:00:00,36,27.0,0,Continuity (2-mould press)
2026-04-18 00:00:00,C,4805,1225219Z15008SXC11,2026-04-18 23:00:00,2026-04-19 07:00:00,36,27.0,0,Continuity (2-mould press)
2026-04-19 00:00:00,A,4805,1225219Z15008SXC11,2026-04-19 07:00:00,2026-04-19 15:00:00,36,27.0,0,Continuity (2-mould press)
2026-04-19 00:00:00,B,4805,1225219Z15008SXC11,2026-04-19 15:00:00,2026-04-19 23:00:00,36,27.0,0,Continuity (2-mould press)
2026-04-19 00:00:00,C,4805,1225219Z15008SXC11,2026-04-19 23:00:00,2026-04-20 07:00:00,36,27.0,0,Continuity (2-mould press)
2026-04-20 00:00:00,A,4805,1225219Z15008SXC11,2026-04-20 07:00:00,2026-04-20 15:00:00,36,27.0,0,Continuity (2-mould press)
2026-04-20 00:00:00,B,4805,1225219Z15008SXC11,2026-04-20 15:00:00,2026-04-20 23:00:00,36,27.0,0,Continuity (2-mould press)
2026-04-20 00:00:00,C,4805,1225219Z15008SXC11,2026-04-20 23:00:00,2026-04-21 07:00:00,36,27.0,0,Continuity (2-mould press)
2026-04-21 00:00:00,A,4805,1225219Z15008SXC11,2026-04-21 07:00:00,2026-04-21 15:00:00,36,27.0,0,Continuity (2-mould press)
2026-04-21 00:00:00,B,4805,1225219Z15008SXC11,2026-04-21 15:00:00,2026-04-21 23:00:00,36,27.0,0,Continuity (2-mould press)
2026-04-21 00:00:00,C,4805,1225219Z15008SXC11,2026-04-21 23:00:00,2026-04-22 07:00:00,36,27.0,0,Continuity (2-mould press)
2026-04-22 00:00:00,A,4805,1225219Z15008SXC11,2026-04-22 07:00:00,2026-04-22 15:00:00,36,27.0,0,Continuity (2-mould press)
2026-04-22 00:00:00,B,4805,1225219Z15008SXC11,2026-04-22 15:00:00,2026-04-22 23:00:00,36,27.0,0,Continuity (2-mould press)
2026-04-22 00:00:00,C,4805,1225219Z15008SXC11,2026-04-22 23:00:00,2026-04-23 07:00:00,36,27.0,0,Continuity (2-mould press)
2026-04-23 00:00:00,A,4805,1225219Z15008SXC11,2026-04-23 07:00:00,2026-04-23 08:48:00,8,27.0,0,Continuity (2-mould press)
2026-04-08 00:00:00,A,4806,1325218614088TTMX0,2026-04-08 07:00:00,2026-04-08 15:00:00,64,15.0,0,Continuity (2-mould press)
2026-04-08 00:00:00,B,4806,1325218614088TTMX0,2026-04-08 15:00:00,2026-04-08 23:00:00,64,15.0,0,Continuity (2-mould press)
2026-04-08 00:00:00,C,4806,1325218614088TTMX0,2026-04-08 23:00:00,2026-04-09 07:00:00,64,15.0,0,Continuity (2-mould press)
2026-04-09 00:00:00,A,4806,1325218614088TTMX0,2026-04-09 07:00:00,2026-04-09 15:00:00,64,15.0,0,Continuity (2-mould press)
2026-04-09 00:00:00,B,4806,1325218614088TTMX0,2026-04-09 15:00:00,2026-04-09 23:00:00,64,15.0,0,Continuity (2-mould press)
2026-04-09 00:00:00,C,4806,1325218614088TTMX0,2026-04-09 23:00:00,2026-04-10 07:00:00,64,15.0,0,Continuity (2-mould press)
2026-04-10 00:00:00,A,4806,1325218614088TTMX0,2026-04-10 07:00:00,2026-04-10 15:00:00,64,15.0,0,Continuity (2-mould press)
2026-04-10 00:00:00,B,4806,1325218614088TTMX0,2026-04-10 15:00:00,2026-04-10 23:00:00,64,15.0,0,Continuity (2-mould press)
2026-04-10 00:00:00,C,4806,1325218614088TTMX0,2026-04-10 23:00:00,2026-04-11 07:00:00,64,15.0,0,Continuity (2-mould press)
2026-04-11 00:00:00,A,4806,1325218614088TTMX0,2026-04-11 07:00:00,2026-04-11 15:00:00,64,15.0,0,Continuity (2-mould press)
2026-04-11 00:00:00,B,4806,1325218614088TTMX0,2026-04-11 15:00:00,2026-04-11 23:00:00,64,15.0,0,Continuity (2-mould press)
2026-04-11 00:00:00,C,4806,1325218614088TTMX0,2026-04-11 23:00:00,2026-04-12 07:00:00,64,15.0,0,Continuity (2-mould press)
2026-04-12 00:00:00,A,4806,1325218614088TTMX0,2026-04-12 07:00:00,2026-04-12 15:00:00,64,15.0,0,Continuity (2-mould press)
2026-04-12 00:00:00,B,4806,1325218614088TTMX0,2026-04-12 15:00:00,2026-04-12 23:00:00,64,15.0,0,Continuity (2-mould press)
2026-04-12 00:00:00,C,4806,1325218614088TTMX0,2026-04-12 23:00:00,2026-04-13 07:00:00,64,15.0,0,Continuity (2-mould press)
2026-04-13 00:00:00,A,4806,1325218614088TTMX0,2026-04-13 07:00:00,2026-04-13 15:00:00,64,15.0,0,Continuity (2-mould press)
2026-04-13 00:00:00,B,4806,1325218614088TTMX0,2026-04-13 15:00:00,2026-04-13 23:00:00,64,15.0,0,Continuity (2-mould press)
2026-04-13 00:00:00,C,4806,1325218614088TTMX0,2026-04-13 23:00:00,2026-04-14 07:00:00,64,15.0,0,Continuity (2-mould press)
2026-04-14 00:00:00,A,4806,1325218614088TTMX0,2026-04-14 07:00:00,2026-04-14 15:00:00,64,15.0,0,Continuity (2-mould press)
2026-04-14 00:00:00,B,4806,1325218614088TTMX0,2026-04-14 15:00:00,2026-04-14 23:00:00,64,15.0,0,Continuity (2-mould press)
2026-04-14 00:00:00,C,4806,1325218614088TTMX0,2026-04-14 23:00:00,2026-04-15 07:00:00,64,15.0,0,Continuity (2-mould press)
2026-04-15 00:00:00,A,4806,1325218614088TTMX0,2026-04-15 07:00:00,2026-04-15 15:00:00,64,15.0,0,Continuity (2-mould press)
2026-04-15 00:00:00,B,4806,1325218614088TTMX0,2026-04-15 15:00:00,2026-04-15 23:00:00,64,15.0,0,Continuity (2-mould press)
2026-04-15 00:00:00,C,4806,1325218614088TTMX0,2026-04-15 23:00:00,2026-04-16 07:00:00,64,15.0,0,Continuity (2-mould press)
2026-04-16 00:00:00,A,4806,1325218614088TTMX0,2026-04-16 07:00:00,2026-04-16 15:00:00,64,15.0,0,Continuity (2-mould press)
2026-04-16 00:00:00,B,4806,1325218614088TTMX0,2026-04-16 15:00:00,2026-04-16 23:00:00,64,15.0,0,Continuity (2-mould press)
2026-04-16 00:00:00,C,4806,1325218614088TTMX0,2026-04-16 23:00:00,2026-04-17 07:00:00,64,15.0,0,Continuity (2-mould press)
2026-04-17 00:00:00,A,4806,1325218614088TTMX0,2026-04-17 07:00:00,2026-04-17 15:00:00,64,15.0,0,Continuity (2-mould press)
2026-04-17 00:00:00,B,4806,1325218614088TTMX0,2026-04-17 15:00:00,2026-04-17 23:00:00,64,15.0,0,Continuity (2-mould press)
2026-04-17 00:00:00,C,4806,1325218614088TTMX0,2026-04-17 23:00:00,2026-04-18 07:00:00,64,15.0,0,Continuity (2-mould press)
2026-04-18 00:00:00,A,4806,1325218614088TTMX0,2026-04-18 07:00:00,2026-04-18 10:15:00,26,15.0,0,Continuity (2-mould press)
2026-04-08 00:00:00,A,4807,1D25118014010RXPC0,2026-04-08 07:00:00,2026-04-08 15:00:00,64,15.0,0,Continuity (2-mould press)
2026-04-08 00:00:00,B,4807,1D25118014010RXPC0,2026-04-08 15:00:00,2026-04-08 23:00:00,64,15.0,0,Continuity (2-mould press)
2026-04-08 00:00:00,C,4807,1D25118014010RXPC0,2026-04-08 23:00:00,2026-04-09 07:00:00,64,15.0,0,Continuity (2-mould press)
2026-04-09 00:00:00,A,4807,1D25118014010RXPC0,2026-04-09 07:00:00,2026-04-09 15:00:00,64,15.0,0,Continuity (2-mould press)
2026-04-09 00:00:00,B,4807,1D25118014010RXPC0,2026-04-09 15:00:00,2026-04-09 23:00:00,64,15.0,0,Continuity (2-mould press)
2026-04-09 00:00:00,C,4807,1D25118014010RXPC0,2026-04-09 23:00:00,2026-04-10 07:00:00,64,15.0,0,Continuity (2-mould press)
2026-04-10 00:00:00,A,4807,1D25118014010RXPC0,2026-04-10 07:00:00,2026-04-10 15:00:00,64,15.0,0,Continuity (2-mould press)
2026-04-10 00:00:00,B,4807,1D25118014010RXPC0,2026-04-10 15:00:00,2026-04-10 23:00:00,64,15.0,0,Continuity (2-mould press)
2026-04-10 00:00:00,C,4807,1D25118014010RXPC0,2026-04-10 23:00:00,2026-04-11 07:00:00,64,15.0,0,Continuity (2-mould press)
2026-04-11 00:00:00,A,4807,1D25118014010RXPC0,2026-04-11 07:00:00,2026-04-11 15:00:00,64,15.0,0,Continuity (2-mould press)
2026-04-11 00:00:00,B,4807,1D25118014010RXPC0,2026-04-11 15:00:00,2026-04-11 23:00:00,64,15.0,0,Continuity (2-mould press)
2026-04-11 00:00:00,C,4807,1D25118014010RXPC0,2026-04-11 23:00:00,2026-04-12 07:00:00,64,15.0,0,Continuity (2-mould press)
2026-04-12 00:00:00,A,4807,1D25118014010RXPC0,2026-04-12 07:00:00,2026-04-12 14:00:00,56,15.0,0,Continuity (2-mould press)
2026-04-08 00:00:00,A,4808,1325214812074TUHL0,2026-04-08 07:00:00,2026-04-08 15:00:00,64,15.0,0,Continuity (2-mould press)
2026-04-08 00:00:00,B,4808,1325214812074TUHL0,2026-04-08 15:00:00,2026-04-08 23:00:00,64,15.0,0,Continuity (2-mould press)
2026-04-08 00:00:00,C,4808,1325214812074TUHL0,2026-04-08 23:00:00,2026-04-09 07:00:00,64,15.0,0,Continuity (2-mould press)
2026-04-09 00:00:00,A,4808,1325214812074TUHL0,2026-04-09 07:00:00,2026-04-09 15:00:00,64,15.0,0,Continuity (2-mould press)
2026-04-09 00:00:00,B,4808,1325214812074TUHL0,2026-04-09 15:00:00,2026-04-09 23:00:00,64,15.0,0,Continuity (2-mould press)
2026-04-09 00:00:00,C,4808,1325214812074TUHL0,2026-04-09 23:00:00,2026-04-10 07:00:00,64,15.0,0,Continuity (2-mould press)
2026-04-10 00:00:00,A,4808,1325214812074TUHL0,2026-04-10 07:00:00,2026-04-10 15:00:00,64,15.0,0,Continuity (2-mould press)
2026-04-10 00:00:00,B,4808,1325214812074TUHL0,2026-04-10 15:00:00,2026-04-10 23:00:00,64,15.0,0,Continuity (2-mould press)
2026-04-10 00:00:00,C,4808,1325214812074TUHL0,2026-04-10 23:00:00,2026-04-11 07:00:00,64,15.0,0,Continuity (2-mould press)
2026-04-11 00:00:00,A,4808,1325214812074TUHL0,2026-04-11 07:00:00,2026-04-11 15:00:00,64,15.0,0,Continuity (2-mould press)
2026-04-11 00:00:00,B,4808,1325214812074TUHL0,2026-04-11 15:00:00,2026-04-11 23:00:00,64,15.0,0,Continuity (2-mould press)
2026-04-11 00:00:00,C,4808,1325214812074TUHL0,2026-04-11 23:00:00,2026-04-12 07:00:00,64,15.0,0,Continuity (2-mould press)
2026-04-12 00:00:00,A,4808,1325214812074TUHL0,2026-04-12 07:00:00,2026-04-12 15:00:00,64,15.0,0,Continuity (2-mould press)
2026-04-12 00:00:00,B,4808,1325214812074TUHL0,2026-04-12 15:00:00,2026-04-12 23:00:00,64,15.0,0,Continuity (2-mould press)
2026-04-12 00:00:00,C,4808,1325214812074TUHL0,2026-04-12 23:00:00,2026-04-13 07:00:00,64,15.0,0,Continuity (2-mould press)
2026-04-13 00:00:00,A,4808,1325214812074TUHL0,2026-04-13 07:00:00,2026-04-13 15:00:00,64,15.0,0,Continuity (2-mould press)
2026-04-13 00:00:00,B,4808,1325214812074TUHL0,2026-04-13 15:00:00,2026-04-13 23:00:00,64,15.0,0,Continuity (2-mould press)
2026-04-13 00:00:00,C,4808,1325214812074TUHL0,2026-04-13 23:00:00,2026-04-14 07:00:00,64,15.0,0,Continuity (2-mould press)
2026-04-14 00:00:00,A,4808,1325214812074TUHL0,2026-04-14 07:00:00,2026-04-14 15:00:00,64,15.0,0,Continuity (2-mould press)
2026-04-14 00:00:00,B,4808,1325214812074TUHL0,2026-04-14 15:00:00,2026-04-14 23:00:00,64,15.0,0,Continuity (2-mould press)
2026-04-14 00:00:00,C,4808,1325214812074TUHL0,2026-04-14 23:00:00,2026-04-15 07:00:00,64,15.0,0,Continuity (2-mould press)
2026-04-15 00:00:00,A,4808,1325214812074TUHL0,2026-04-15 07:00:00,2026-04-15 15:00:00,64,15.0,0,Continuity (2-mould press)
2026-04-15 00:00:00,B,4808,1325214812074TUHL0,2026-04-15 15:00:00,2026-04-15 23:00:00,64,15.0,0,Continuity (2-mould press)
2026-04-15 00:00:00,C,4808,1325214812074TUHL0,2026-04-15 23:00:00,2026-04-16 07:00:00,64,15.0,0,Continuity (2-mould press)
2026-04-16 00:00:00,A,4808,1325214812074TUHL0,2026-04-16 07:00:00,2026-04-16 15:00:00,64,15.0,0,Continuity (2-mould press)
2026-04-16 00:00:00,B,4808,1325214812074TUHL0,2026-04-16 15:00:00,2026-04-16 23:00:00,64,15.0,0,Continuity (2-mould press)
2026-04-16 00:00:00,C,4808,1325214812074TUHL0,2026-04-16 23:00:00,2026-04-17 07:00:00,64,15.0,0,Continuity (2-mould press)
2026-04-17 00:00:00,A,4808,1325214812074TUHL0,2026-04-17 07:00:00,2026-04-17 15:00:00,64,15.0,0,Continuity (2-mould press)
2026-04-17 00:00:00,B,4808,1325214812074TUHL0,2026-04-17 15:00:00,2026-04-17 23:00:00,64,15.0,0,Continuity (2-mould press)
2026-04-17 00:00:00,C,4808,1325214812074TUHL0,2026-04-17 23:00:00,2026-04-18 07:00:00,64,15.0,0,Continuity (2-mould press)
2026-04-18 00:00:00,A,4808,1325214812074TUHL0,2026-04-18 07:00:00,2026-04-18 15:00:00,64,15.0,0,Continuity (2-mould press)
2026-04-18 00:00:00,B,4808,1325214812074TUHL0,2026-04-18 15:00:00,2026-04-18 23:00:00,64,15.0,0,Continuity (2-mould press)
2026-04-18 00:00:00,C,4808,1325214812074TUHL0,2026-04-18 23:00:00,2026-04-19 07:00:00,64,15.0,0,Continuity (2-mould press)
2026-04-19 00:00:00,A,4808,1325214812074TUHL0,2026-04-19 07:00:00,2026-04-19 15:00:00,64,15.0,0,Continuity (2-mould press)
2026-04-19 00:00:00,B,4808,1325214812074TUHL0,2026-04-19 15:00:00,2026-04-19 23:00:00,64,15.0,0,Continuity (2-mould press)
2026-04-19 00:00:00,C,4808,1325214812074TUHL0,2026-04-19 23:00:00,2026-04-20 07:00:00,64,15.0,0,Continuity (2-mould press)
2026-04-20 00:00:00,A,4808,1325214812074TUHL0,2026-04-20 07:00:00,2026-04-20 15:00:00,64,15.0,0,Continuity (2-mould press)
2026-04-20 00:00:00,B,4808,1325214812074TUHL0,2026-04-20 15:00:00,2026-04-20 23:00:00,64,15.0,0,Continuity (2-mould press)
2026-04-20 00:00:00,C,4808,1325214812074TUHL0,2026-04-20 23:00:00,2026-04-21 07:00:00,64,15.0,0,Continuity (2-mould press)
2026-04-21 00:00:00,A,4808,1325214812074TUHL0,2026-04-21 07:00:00,2026-04-21 15:00:00,64,15.0,0,Continuity (2-mould press)
2026-04-21 00:00:00,B,4808,1325214812074TUHL0,2026-04-21 15:00:00,2026-04-21 23:00:00,64,15.0,0,Continuity (2-mould press)
2026-04-21 00:00:00,C,4808,1325214812074TUHL0,2026-04-21 23:00:00,2026-04-22 07:00:00,64,15.0,0,Continuity (2-mould press)
2026-04-22 00:00:00,A,4808,1325214812074TUHL0,2026-04-22 07:00:00,2026-04-22 15:00:00,64,15.0,0,Continuity (2-mould press)
2026-04-22 00:00:00,B,4808,1325214812074TUHL0,2026-04-22 15:00:00,2026-04-22 23:00:00,64,15.0,0,Continuity (2-mould press)
2026-04-22 00:00:00,C,4808,1325214812074TUHL0,2026-04-22 23:00:00,2026-04-23 07:00:00,64,15.0,0,Continuity (2-mould press)
2026-04-23 00:00:00,A,4808,1325214812074TUHL0,2026-04-23 07:00:00,2026-04-23 15:00:00,64,15.0,0,Continuity (2-mould press)
2026-04-23 00:00:00,B,4808,1325214812074TUHL0,2026-04-23 15:00:00,2026-04-23 23:00:00,64,15.0,0,Continuity (2-mould press)
2026-04-23 00:00:00,C,4808,1325214812074TUHL0,2026-04-23 23:00:00,2026-04-24 07:00:00,64,15.0,0,Continuity (2-mould press)
2026-04-24 00:00:00,A,4808,1325214812074TUHL0,2026-04-24 07:00:00,2026-04-24 15:00:00,64,15.0,0,Continuity (2-mould press)
2026-04-24 00:00:00,B,4808,1325214812074TUHL0,2026-04-24 15:00:00,2026-04-24 23:00:00,64,15.0,0,Continuity (2-mould press)
2026-04-24 00:00:00,C,4808,1325214812074TUHL0,2026-04-24 23:00:00,2026-04-25 07:00:00,64,15.0,0,Continuity (2-mould press)
2026-04-25 00:00:00,A,4808,1325214812074TUHL0,2026-04-25 07:00:00,2026-04-25 15:00:00,64,15.0,0,Continuity (2-mould press)
2026-04-25 00:00:00,B,4808,1325214812074TUHL0,2026-04-25 15:00:00,2026-04-25 23:00:00,64,15.0,0,Continuity (2-mould press)
2026-04-25 00:00:00,C,4808,1325214812074TUHL0,2026-04-25 23:00:00,2026-04-26 07:00:00,64,15.0,0,Continuity (2-mould press)
2026-04-26 00:00:00,A,4808,1325214812074TUHL0,2026-04-26 07:00:00,2026-04-26 15:00:00,64,15.0,0,Continuity (2-mould press)
2026-04-26 00:00:00,B,4808,1325214812074TUHL0,2026-04-26 15:00:00,2026-04-26 23:00:00,64,15.0,0,Continuity (2-mould press)
2026-04-26 00:00:00,C,4808,1325214812074TUHL0,2026-04-26 23:00:00,2026-04-27 07:00:00,64,15.0,0,Continuity (2-mould press)
2026-04-27 00:00:00,A,4808,1325214812074TUHL0,2026-04-27 07:00:00,2026-04-27 15:00:00,64,15.0,0,Continuity (2-mould press)
2026-04-27 00:00:00,B,4808,1325214812074TUHL0,2026-04-27 15:00:00,2026-04-27 23:00:00,64,15.0,0,Continuity (2-mould press)
2026-04-27 00:00:00,C,4808,1325214812074TUHL0,2026-04-27 23:00:00,2026-04-28 07:00:00,64,15.0,0,Continuity (2-mould press)
2026-04-28 00:00:00,A,4808,1325214812074TUHL0,2026-04-28 07:00:00,2026-04-28 15:00:00,64,15.0,0,Continuity (2-mould press)
2026-04-28 00:00:00,B,4808,1325214812074TUHL0,2026-04-28 15:00:00,2026-04-28 23:00:00,64,15.0,0,Continuity (2-mould press)
2026-04-28 00:00:00,C,4808,1325214812074TUHL0,2026-04-28 23:00:00,2026-04-29 07:00:00,64,15.0,0,Continuity (2-mould press)
2026-04-29 00:00:00,A,4808,1325214812074TUHL0,2026-04-29 07:00:00,2026-04-29 15:00:00,64,15.0,0,Continuity (2-mould press)
2026-04-29 00:00:00,B,4808,1325214812074TUHL0,2026-04-29 15:00:00,2026-04-29 23:00:00,64,15.0,0,Continuity (2-mould press)
2026-04-29 00:00:00,C,4808,1325214812074TUHL0,2026-04-29 23:00:00,2026-04-30 07:00:00,64,15.0,0,Continuity (2-mould press)
2026-04-30 00:00:00,A,4808,1325214812074TUHL0,2026-04-30 07:00:00,2026-04-30 15:00:00,64,15.0,0,Continuity (2-mould press)
2026-04-30 00:00:00,B,4808,1325214812074TUHL0,2026-04-30 15:00:00,2026-04-30 15:45:00,6,15.0,0,Continuity (2-mould press)
2026-04-08 00:00:00,A,4809,1325221417096HURL0,2026-04-08 07:00:00,2026-04-08 15:00:00,60,16.0,0,Continuity (2-mould press)
2026-04-08 00:00:00,B,4809,1325221417096HURL0,2026-04-08 15:00:00,2026-04-08 23:00:00,60,16.0,0,Continuity (2-mould press)
2026-04-08 00:00:00,C,4809,1325221417096HURL0,2026-04-08 23:00:00,2026-04-09 07:00:00,60,16.0,0,Continuity (2-mould press)
2026-04-09 00:00:00,A,4809,1325221417096HURL0,2026-04-09 07:00:00,2026-04-09 15:00:00,60,16.0,0,Continuity (2-mould press)
2026-04-09 00:00:00,B,4809,1325221417096HURL0,2026-04-09 15:00:00,2026-04-09 23:00:00,60,16.0,0,Continuity (2-mould press)
2026-04-09 00:00:00,C,4809,1325221417096HURL0,2026-04-09 23:00:00,2026-04-10 07:00:00,60,16.0,0,Continuity (2-mould press)
2026-04-10 00:00:00,A,4809,1325221417096HURL0,2026-04-10 07:00:00,2026-04-10 15:00:00,60,16.0,0,Continuity (2-mould press)
2026-04-10 00:00:00,B,4809,1325221417096HURL0,2026-04-10 15:00:00,2026-04-10 23:00:00,60,16.0,0,Continuity (2-mould press)
2026-04-10 00:00:00,C,4809,1325221417096HURL0,2026-04-10 23:00:00,2026-04-11 07:00:00,60,16.0,0,Continuity (2-mould press)
2026-04-11 00:00:00,A,4809,1325221417096HURL0,2026-04-11 07:00:00,2026-04-11 15:00:00,60,16.0,0,Continuity (2-mould press)
2026-04-11 00:00:00,B,4809,1325221417096HURL0,2026-04-11 15:00:00,2026-04-11 23:00:00,60,16.0,0,Continuity (2-mould press)
2026-04-11 00:00:00,C,4809,1325221417096HURL0,2026-04-11 23:00:00,2026-04-12 07:00:00,60,16.0,0,Continuity (2-mould press)
2026-04-12 00:00:00,A,4809,1325221417096HURL0,2026-04-12 07:00:00,2026-04-12 15:00:00,60,16.0,0,Continuity (2-mould press)
2026-04-12 00:00:00,B,4809,1325221417096HURL0,2026-04-12 15:00:00,2026-04-12 23:00:00,60,16.0,0,Continuity (2-mould press)
2026-04-12 00:00:00,C,4809,1325221417096HURL0,2026-04-12 23:00:00,2026-04-13 07:00:00,60,16.0,0,Continuity (2-mould press)
2026-04-13 00:00:00,A,4809,1325221417096HURL0,2026-04-13 07:00:00,2026-04-13 15:00:00,60,16.0,0,Continuity (2-mould press)
2026-04-13 00:00:00,B,4809,1325221417096HURL0,2026-04-13 15:00:00,2026-04-13 23:00:00,60,16.0,0,Continuity (2-mould press)
2026-04-13 00:00:00,C,4809,1325221417096HURL0,2026-04-13 23:00:00,2026-04-14 07:00:00,60,16.0,0,Continuity (2-mould press)
2026-04-14 00:00:00,A,4809,1325221417096HURL0,2026-04-14 07:00:00,2026-04-14 15:00:00,60,16.0,0,Continuity (2-mould press)
2026-04-14 00:00:00,B,4809,1325221417096HURL0,2026-04-14 15:00:00,2026-04-14 23:00:00,60,16.0,0,Continuity (2-mould press)
2026-04-14 00:00:00,C,4809,1325221417096HURL0,2026-04-14 23:00:00,2026-04-15 07:00:00,60,16.0,0,Continuity (2-mould press)
2026-04-15 00:00:00,A,4809,1325221417096HURL0,2026-04-15 07:00:00,2026-04-15 15:00:00,60,16.0,0,Continuity (2-mould press)
2026-04-15 00:00:00,B,4809,1325221417096HURL0,2026-04-15 15:00:00,2026-04-15 23:00:00,60,16.0,0,Continuity (2-mould press)
2026-04-15 00:00:00,C,4809,1325221417096HURL0,2026-04-15 23:00:00,2026-04-16 07:00:00,60,16.0,0,Continuity (2-mould press)
2026-04-16 00:00:00,A,4809,1325221417096HURL0,2026-04-16 07:00:00,2026-04-16 15:00:00,60,16.0,0,Continuity (2-mould press)
2026-04-16 00:00:00,B,4809,1325221417096HURL0,2026-04-16 15:00:00,2026-04-16 23:00:00,60,16.0,0,Continuity (2-mould press)
2026-04-16 00:00:00,C,4809,1325221417096HURL0,2026-04-16 23:00:00,2026-04-17 07:00:00,60,16.0,0,Continuity (2-mould press)
2026-04-17 00:00:00,A,4809,1325221417096HURL0,2026-04-17 07:00:00,2026-04-17 15:00:00,60,16.0,0,Continuity (2-mould press)
2026-04-17 00:00:00,B,4809,1325221417096HURL0,2026-04-17 15:00:00,2026-04-17 23:00:00,60,16.0,0,Continuity (2-mould press)
2026-04-17 00:00:00,C,4809,1325221417096HURL0,2026-04-17 23:00:00,2026-04-18 07:00:00,60,16.0,0,Continuity (2-mould press)
2026-04-18 00:00:00,A,4809,1325221417096HURL0,2026-04-18 07:00:00,2026-04-18 15:00:00,60,16.0,0,Continuity (2-mould press)
2026-04-18 00:00:00,B,4809,1325221417096HURL0,2026-04-18 15:00:00,2026-04-18 23:00:00,60,16.0,0,Continuity (2-mould press)
2026-04-18 00:00:00,C,4809,1325221417096HURL0,2026-04-18 23:00:00,2026-04-19 07:00:00,60,16.0,0,Continuity (2-mould press)
2026-04-19 00:00:00,A,4809,1325221417096HURL0,2026-04-19 07:00:00,2026-04-19 15:00:00,60,16.0,0,Continuity (2-mould press)
2026-04-19 00:00:00,B,4809,1325221417096HURL0,2026-04-19 15:00:00,2026-04-19 23:00:00,60,16.0,0,Continuity (2-mould press)
2026-04-19 00:00:00,C,4809,1325221417096HURL0,2026-04-19 23:00:00,2026-04-20 07:00:00,60,16.0,0,Continuity (2-mould press)
2026-04-20 00:00:00,A,4809,1325221417096HURL0,2026-04-20 07:00:00,2026-04-20 15:00:00,60,16.0,0,Continuity (2-mould press)
2026-04-20 00:00:00,B,4809,1325221417096HURL0,2026-04-20 15:00:00,2026-04-20 23:00:00,60,16.0,0,Continuity (2-mould press)
2026-04-20 00:00:00,C,4809,1325221417096HURL0,2026-04-20 23:00:00,2026-04-21 07:00:00,60,16.0,0,Continuity (2-mould press)
2026-04-21 00:00:00,A,4809,1325221417096HURL0,2026-04-21 07:00:00,2026-04-21 15:00:00,60,16.0,0,Continuity (2-mould press)
2026-04-21 00:00:00,B,4809,1325221417096HURL0,2026-04-21 15:00:00,2026-04-21 23:00:00,60,16.0,0,Continuity (2-mould press)
2026-04-21 00:00:00,C,4809,1325221417096HURL0,2026-04-21 23:00:00,2026-04-22 07:00:00,60,16.0,0,Continuity (2-mould press)
2026-04-22 00:00:00,A,4809,1325221417096HURL0,2026-04-22 07:00:00,2026-04-22 15:00:00,60,16.0,0,Continuity (2-mould press)
2026-04-22 00:00:00,B,4809,1325221417096HURL0,2026-04-22 15:00:00,2026-04-22 23:00:00,60,16.0,0,Continuity (2-mould press)
2026-04-22 00:00:00,C,4809,1325221417096HURL0,2026-04-22 23:00:00,2026-04-23 07:00:00,60,16.0,0,Continuity (2-mould press)
2026-04-23 00:00:00,A,4809,1325221417096HURL0,2026-04-23 07:00:00,2026-04-23 15:00:00,60,16.0,0,Continuity (2-mould press)
2026-04-23 00:00:00,B,4809,1325221417096HURL0,2026-04-23 15:00:00,2026-04-23 23:00:00,60,16.0,0,Continuity (2-mould press)
2026-04-23 00:00:00,C,4809,1325221417096HURL0,2026-04-23 23:00:00,2026-04-24 07:00:00,60,16.0,0,Continuity (2-mould press)
2026-04-24 00:00:00,A,4809,1325221417096HURL0,2026-04-24 07:00:00,2026-04-24 15:00:00,60,16.0,0,Continuity (2-mould press)
2026-04-24 00:00:00,B,4809,1325221417096HURL0,2026-04-24 15:00:00,2026-04-24 23:00:00,60,16.0,0,Continuity (2-mould press)
2026-04-24 00:00:00,C,4809,1325221417096HURL0,2026-04-24 23:00:00,2026-04-25 07:00:00,60,16.0,0,Continuity (2-mould press)
2026-04-25 00:00:00,A,4809,1325221417096HURL0,2026-04-25 07:00:00,2026-04-25 15:00:00,60,16.0,0,Continuity (2-mould press)
2026-04-25 00:00:00,B,4809,1325221417096HURL0,2026-04-25 15:00:00,2026-04-25 23:00:00,60,16.0,0,Continuity (2-mould press)
2026-04-25 00:00:00,C,4809,1325221417096HURL0,2026-04-25 23:00:00,2026-04-26 07:00:00,60,16.0,0,Continuity (2-mould press)
2026-04-26 00:00:00,A,4809,1325221417096HURL0,2026-04-26 07:00:00,2026-04-26 15:00:00,60,16.0,0,Continuity (2-mould press)
2026-04-26 00:00:00,B,4809,1325221417096HURL0,2026-04-26 15:00:00,2026-04-26 23:00:00,60,16.0,0,Continuity (2-mould press)
2026-04-26 00:00:00,C,4809,1325221417096HURL0,2026-04-26 23:00:00,2026-04-27 07:00:00,60,16.0,0,Continuity (2-mould press)
2026-04-27 00:00:00,A,4809,1325221417096HURL0,2026-04-27 07:00:00,2026-04-27 15:00:00,60,16.0,0,Continuity (2-mould press)
2026-04-27 00:00:00,B,4809,1325221417096HURL0,2026-04-27 15:00:00,2026-04-27 23:00:00,60,16.0,0,Continuity (2-mould press)
2026-04-27 00:00:00,C,4809,1325221417096HURL0,2026-04-27 23:00:00,2026-04-28 07:00:00,60,16.0,0,Continuity (2-mould press)
2026-04-28 00:00:00,A,4809,1325221417096HURL0,2026-04-28 07:00:00,2026-04-28 15:00:00,60,16.0,0,Continuity (2-mould press)
2026-04-28 00:00:00,B,4809,1325221417096HURL0,2026-04-28 15:00:00,2026-04-28 23:00:00,60,16.0,0,Continuity (2-mould press)
2026-04-28 00:00:00,C,4809,1325221417096HURL0,2026-04-28 23:00:00,2026-04-29 07:00:00,60,16.0,0,Continuity (2-mould press)
2026-04-29 00:00:00,A,4809,1325221417096HURL0,2026-04-29 07:00:00,2026-04-29 15:00:00,60,16.0,0,Continuity (2-mould press)
2026-04-29 00:00:00,B,4809,1325221417096HURL0,2026-04-29 15:00:00,2026-04-29 20:20:00,40,16.0,0,Continuity (2-mould press)
2026-04-08 00:00:00,A,4810,1325216613079HUNE0,2026-04-08 07:00:00,2026-04-08 15:00:00,64,15.0,0,Continuity (2-mould press)
2026-04-08 00:00:00,B,4810,1325216613079HUNE0,2026-04-08 15:00:00,2026-04-08 23:00:00,64,15.0,0,Continuity (2-mould press)
2026-04-08 00:00:00,C,4810,1325216613079HUNE0,2026-04-08 23:00:00,2026-04-09 07:00:00,64,15.0,0,Continuity (2-mould press)
2026-04-09 00:00:00,A,4810,1325216613079HUNE0,2026-04-09 07:00:00,2026-04-09 15:00:00,64,15.0,0,Continuity (2-mould press)
2026-04-09 00:00:00,B,4810,1325216613079HUNE0,2026-04-09 15:00:00,2026-04-09 23:00:00,64,15.0,0,Continuity (2-mould press)
2026-04-09 00:00:00,C,4810,1325216613079HUNE0,2026-04-09 23:00:00,2026-04-10 07:00:00,64,15.0,0,Continuity (2-mould press)
2026-04-10 00:00:00,A,4810,1325216613079HUNE0,2026-04-10 07:00:00,2026-04-10 15:00:00,64,15.0,0,Continuity (2-mould press)
2026-04-10 00:00:00,B,4810,1325216613079HUNE0,2026-04-10 15:00:00,2026-04-10 23:00:00,64,15.0,0,Continuity (2-mould press)
2026-04-10 00:00:00,C,4810,1325216613079HUNE0,2026-04-10 23:00:00,2026-04-11 07:00:00,64,15.0,0,Continuity (2-mould press)
2026-04-11 00:00:00,A,4810,1325216613079HUNE0,2026-04-11 07:00:00,2026-04-11 15:00:00,64,15.0,0,Continuity (2-mould press)
2026-04-11 00:00:00,B,4810,1325216613079HUNE0,2026-04-11 15:00:00,2026-04-11 23:00:00,64,15.0,0,Continuity (2-mould press)
2026-04-11 00:00:00,C,4810,1325216613079HUNE0,2026-04-11 23:00:00,2026-04-12 07:00:00,64,15.0,0,Continuity (2-mould press)
2026-04-12 00:00:00,A,4810,1325216613079HUNE0,2026-04-12 07:00:00,2026-04-12 15:00:00,64,15.0,0,Continuity (2-mould press)
2026-04-12 00:00:00,B,4810,1325216613079HUNE0,2026-04-12 15:00:00,2026-04-12 23:00:00,64,15.0,0,Continuity (2-mould press)
2026-04-12 00:00:00,C,4810,1325216613079HUNE0,2026-04-12 23:00:00,2026-04-13 07:00:00,64,15.0,0,Continuity (2-mould press)
2026-04-13 00:00:00,A,4810,1325216613079HUNE0,2026-04-13 07:00:00,2026-04-13 15:00:00,64,15.0,0,Continuity (2-mould press)
2026-04-13 00:00:00,B,4810,1325216613079HUNE0,2026-04-13 15:00:00,2026-04-13 23:00:00,64,15.0,0,Continuity (2-mould press)
2026-04-13 00:00:00,C,4810,1325216613079HUNE0,2026-04-13 23:00:00,2026-04-14 07:00:00,64,15.0,0,Continuity (2-mould press)
2026-04-14 00:00:00,A,4810,1325216613079HUNE0,2026-04-14 07:00:00,2026-04-14 15:00:00,64,15.0,0,Continuity (2-mould press)
2026-04-14 00:00:00,B,4810,1325216613079HUNE0,2026-04-14 15:00:00,2026-04-14 23:00:00,64,15.0,0,Continuity (2-mould press)
2026-04-14 00:00:00,C,4810,1325216613079HUNE0,2026-04-14 23:00:00,2026-04-15 07:00:00,64,15.0,0,Continuity (2-mould press)
2026-04-15 00:00:00,A,4810,1325216613079HUNE0,2026-04-15 07:00:00,2026-04-15 15:00:00,64,15.0,0,Continuity (2-mould press)
2026-04-15 00:00:00,B,4810,1325216613079HUNE0,2026-04-15 15:00:00,2026-04-15 23:00:00,64,15.0,0,Continuity (2-mould press)
2026-04-15 00:00:00,C,4810,1325216613079HUNE0,2026-04-15 23:00:00,2026-04-16 07:00:00,64,15.0,0,Continuity (2-mould press)
2026-04-16 00:00:00,A,4810,1325216613079HUNE0,2026-04-16 07:00:00,2026-04-16 15:00:00,64,15.0,0,Continuity (2-mould press)
2026-04-16 00:00:00,B,4810,1325216613079HUNE0,2026-04-16 15:00:00,2026-04-16 23:00:00,64,15.0,0,Continuity (2-mould press)
2026-04-16 00:00:00,C,4810,1325216613079HUNE0,2026-04-16 23:00:00,2026-04-17 07:00:00,64,15.0,0,Continuity (2-mould press)
2026-04-17 00:00:00,A,4810,1325216613079HUNE0,2026-04-17 07:00:00,2026-04-17 15:00:00,64,15.0,0,Continuity (2-mould press)
2026-04-17 00:00:00,B,4810,1325216613079HUNE0,2026-04-17 15:00:00,2026-04-17 23:00:00,64,15.0,0,Continuity (2-mould press)
2026-04-17 00:00:00,C,4810,1325216613079HUNE0,2026-04-17 23:00:00,2026-04-18 07:00:00,64,15.0,0,Continuity (2-mould press)
2026-04-18 00:00:00,A,4810,1325216613079HUNE0,2026-04-18 07:00:00,2026-04-18 15:00:00,64,15.0,0,Continuity (2-mould press)
2026-04-18 00:00:00,B,4810,1325216613079HUNE0,2026-04-18 15:00:00,2026-04-18 23:00:00,64,15.0,0,Continuity (2-mould press)
2026-04-18 00:00:00,C,4810,1325216613079HUNE0,2026-04-18 23:00:00,2026-04-19 07:00:00,64,15.0,0,Continuity (2-mould press)
2026-04-19 00:00:00,A,4810,1325216613079HUNE0,2026-04-19 07:00:00,2026-04-19 15:00:00,64,15.0,0,Continuity (2-mould press)
2026-04-19 00:00:00,B,4810,1325216613079HUNE0,2026-04-19 15:00:00,2026-04-19 23:00:00,64,15.0,0,Continuity (2-mould press)
2026-04-19 00:00:00,C,4810,1325216613079HUNE0,2026-04-19 23:00:00,2026-04-20 07:00:00,64,15.0,0,Continuity (2-mould press)
2026-04-20 00:00:00,A,4810,1325216613079HUNE0,2026-04-20 07:00:00,2026-04-20 15:00:00,64,15.0,0,Continuity (2-mould press)
2026-04-20 00:00:00,B,4810,1325216613079HUNE0,2026-04-20 15:00:00,2026-04-20 23:00:00,64,15.0,0,Continuity (2-mould press)
2026-04-20 00:00:00,C,4810,1325216613079HUNE0,2026-04-20 23:00:00,2026-04-21 07:00:00,64,15.0,0,Continuity (2-mould press)
2026-04-21 00:00:00,A,4810,1325216613079HUNE0,2026-04-21 07:00:00,2026-04-21 15:00:00,64,15.0,0,Continuity (2-mould press)
2026-04-21 00:00:00,B,4810,1325216613079HUNE0,2026-04-21 15:00:00,2026-04-21 23:00:00,64,15.0,0,Continuity (2-mould press)
2026-04-21 00:00:00,C,4810,1325216613079HUNE0,2026-04-21 23:00:00,2026-04-22 07:00:00,64,15.0,0,Continuity (2-mould press)
2026-04-22 00:00:00,A,4810,1325216613079HUNE0,2026-04-22 07:00:00,2026-04-22 15:00:00,64,15.0,0,Continuity (2-mould press)
2026-04-22 00:00:00,B,4810,1325216613079HUNE0,2026-04-22 15:00:00,2026-04-22 23:00:00,64,15.0,0,Continuity (2-mould press)
2026-04-22 00:00:00,C,4810,1325216613079HUNE0,2026-04-22 23:00:00,2026-04-23 07:00:00,64,15.0,0,Continuity (2-mould press)
2026-04-23 00:00:00,A,4810,1325216613079HUNE0,2026-04-23 07:00:00,2026-04-23 15:00:00,64,15.0,0,Continuity (2-mould press)
2026-04-23 00:00:00,B,4810,1325216613079HUNE0,2026-04-23 15:00:00,2026-04-23 23:00:00,64,15.0,0,Continuity (2-mould press)
2026-04-23 00:00:00,C,4810,1325216613079HUNE0,2026-04-23 23:00:00,2026-04-24 07:00:00,64,15.0,0,Continuity (2-mould press)
2026-04-24 00:00:00,A,4810,1325216613079HUNE0,2026-04-24 07:00:00,2026-04-24 15:00:00,64,15.0,0,Continuity (2-mould press)
2026-04-24 00:00:00,B,4810,1325216613079HUNE0,2026-04-24 15:00:00,2026-04-24 23:00:00,64,15.0,0,Continuity (2-mould press)
2026-04-24 00:00:00,C,4810,1325216613079HUNE0,2026-04-24 23:00:00,2026-04-25 07:00:00,64,15.0,0,Continuity (2-mould press)
2026-04-25 00:00:00,A,4810,1325216613079HUNE0,2026-04-25 07:00:00,2026-04-25 15:00:00,64,15.0,0,Continuity (2-mould press)
2026-04-25 00:00:00,B,4810,1325216613079HUNE0,2026-04-25 15:00:00,2026-04-25 23:00:00,64,15.0,0,Continuity (2-mould press)
2026-04-25 00:00:00,C,4810,1325216613079HUNE0,2026-04-25 23:00:00,2026-04-26 07:00:00,64,15.0,0,Continuity (2-mould press)
2026-04-26 00:00:00,A,4810,1325216613079HUNE0,2026-04-26 07:00:00,2026-04-26 15:00:00,64,15.0,0,Continuity (2-mould press)
2026-04-26 00:00:00,B,4810,1325216613079HUNE0,2026-04-26 15:00:00,2026-04-26 20:30:00,44,15.0,0,Continuity (2-mould press)
2026-04-08 00:00:00,A,4811,1225219Z15008SXC11,2026-04-08 07:00:00,2026-04-08 15:00:00,36,27.0,0,Continuity (2-mould press)
2026-04-08 00:00:00,B,4811,1225219Z15008SXC11,2026-04-08 15:00:00,2026-04-08 23:00:00,36,27.0,0,Continuity (2-mould press)
2026-04-08 00:00:00,C,4811,1225219Z15008SXC11,2026-04-08 23:00:00,2026-04-09 07:00:00,36,27.0,0,Continuity (2-mould press)
2026-04-09 00:00:00,A,4811,1225219Z15008SXC11,2026-04-09 07:00:00,2026-04-09 15:00:00,36,27.0,0,Continuity (2-mould press)
2026-04-09 00:00:00,B,4811,1225219Z15008SXC11,2026-04-09 15:00:00,2026-04-09 23:00:00,36,27.0,0,Continuity (2-mould press)
2026-04-09 00:00:00,C,4811,1225219Z15008SXC11,2026-04-09 23:00:00,2026-04-10 07:00:00,36,27.0,0,Continuity (2-mould press)
2026-04-10 00:00:00,A,4811,1225219Z15008SXC11,2026-04-10 07:00:00,2026-04-10 15:00:00,36,27.0,0,Continuity (2-mould press)
2026-04-10 00:00:00,B,4811,1225219Z15008SXC11,2026-04-10 15:00:00,2026-04-10 23:00:00,36,27.0,0,Continuity (2-mould press)
2026-04-10 00:00:00,C,4811,1225219Z15008SXC11,2026-04-10 23:00:00,2026-04-11 07:00:00,36,27.0,0,Continuity (2-mould press)
2026-04-11 00:00:00,A,4811,1225219Z15008SXC11,2026-04-11 07:00:00,2026-04-11 15:00:00,36,27.0,0,Continuity (2-mould press)
2026-04-11 00:00:00,B,4811,1225219Z15008SXC11,2026-04-11 15:00:00,2026-04-11 23:00:00,36,27.0,0,Continuity (2-mould press)
2026-04-11 00:00:00,C,4811,1225219Z15008SXC11,2026-04-11 23:00:00,2026-04-12 07:00:00,36,27.0,0,Continuity (2-mould press)
2026-04-12 00:00:00,A,4811,1225219Z15008SXC11,2026-04-12 07:00:00,2026-04-12 15:00:00,36,27.0,0,Continuity (2-mould press)
2026-04-12 00:00:00,B,4811,1225219Z15008SXC11,2026-04-12 15:00:00,2026-04-12 23:00:00,36,27.0,0,Continuity (2-mould press)
2026-04-12 00:00:00,C,4811,1225219Z15008SXC11,2026-04-12 23:00:00,2026-04-13 07:00:00,36,27.0,0,Continuity (2-mould press)
2026-04-13 00:00:00,A,4811,1225219Z15008SXC11,2026-04-13 07:00:00,2026-04-13 15:00:00,36,27.0,0,Continuity (2-mould press)
2026-04-13 00:00:00,B,4811,1225219Z15008SXC11,2026-04-13 15:00:00,2026-04-13 23:00:00,36,27.0,0,Continuity (2-mould press)
2026-04-13 00:00:00,C,4811,1225219Z15008SXC11,2026-04-13 23:00:00,2026-04-14 07:00:00,36,27.0,0,Continuity (2-mould press)
2026-04-14 00:00:00,A,4811,1225219Z15008SXC11,2026-04-14 07:00:00,2026-04-14 15:00:00,36,27.0,0,Continuity (2-mould press)
2026-04-14 00:00:00,B,4811,1225219Z15008SXC11,2026-04-14 15:00:00,2026-04-14 23:00:00,36,27.0,0,Continuity (2-mould press)
2026-04-14 00:00:00,C,4811,1225219Z15008SXC11,2026-04-14 23:00:00,2026-04-15 07:00:00,36,27.0,0,Continuity (2-mould press)
2026-04-15 00:00:00,A,4811,1225219Z15008SXC11,2026-04-15 07:00:00,2026-04-15 15:00:00,36,27.0,0,Continuity (2-mould press)
2026-04-15 00:00:00,B,4811,1225219Z15008SXC11,2026-04-15 15:00:00,2026-04-15 23:00:00,36,27.0,0,Continuity (2-mould press)
2026-04-15 00:00:00,C,4811,1225219Z15008SXC11,2026-04-15 23:00:00,2026-04-16 07:00:00,36,27.0,0,Continuity (2-mould press)
2026-04-16 00:00:00,A,4811,1225219Z15008SXC11,2026-04-16 07:00:00,2026-04-16 15:00:00,36,27.0,0,Continuity (2-mould press)
2026-04-16 00:00:00,B,4811,1225219Z15008SXC11,2026-04-16 15:00:00,2026-04-16 23:00:00,36,27.0,0,Continuity (2-mould press)
2026-04-16 00:00:00,C,4811,1225219Z15008SXC11,2026-04-16 23:00:00,2026-04-17 07:00:00,36,27.0,0,Continuity (2-mould press)
2026-04-17 00:00:00,A,4811,1225219Z15008SXC11,2026-04-17 07:00:00,2026-04-17 15:00:00,36,27.0,0,Continuity (2-mould press)
2026-04-17 00:00:00,B,4811,1225219Z15008SXC11,2026-04-17 15:00:00,2026-04-17 23:00:00,36,27.0,0,Continuity (2-mould press)
2026-04-17 00:00:00,C,4811,1225219Z15008SXC11,2026-04-17 23:00:00,2026-04-18 07:00:00,36,27.0,0,Continuity (2-mould press)
2026-04-18 00:00:00,A,4811,1225219Z15008SXC11,2026-04-18 07:00:00,2026-04-18 15:00:00,36,27.0,0,Continuity (2-mould press)
2026-04-18 00:00:00,B,4811,1225219Z15008SXC11,2026-04-18 15:00:00,2026-04-18 23:00:00,36,27.0,0,Continuity (2-mould press)
2026-04-18 00:00:00,C,4811,1225219Z15008SXC11,2026-04-18 23:00:00,2026-04-19 07:00:00,36,27.0,0,Continuity (2-mould press)
2026-04-19 00:00:00,A,4811,1225219Z15008SXC11,2026-04-19 07:00:00,2026-04-19 15:00:00,36,27.0,0,Continuity (2-mould press)
2026-04-19 00:00:00,B,4811,1225219Z15008SXC11,2026-04-19 15:00:00,2026-04-19 23:00:00,36,27.0,0,Continuity (2-mould press)
2026-04-19 00:00:00,C,4811,1225219Z15008SXC11,2026-04-19 23:00:00,2026-04-20 07:00:00,36,27.0,0,Continuity (2-mould press)
2026-04-20 00:00:00,A,4811,1225219Z15008SXC11,2026-04-20 07:00:00,2026-04-20 15:00:00,36,27.0,0,Continuity (2-mould press)
2026-04-20 00:00:00,B,4811,1225219Z15008SXC11,2026-04-20 15:00:00,2026-04-20 23:00:00,36,27.0,0,Continuity (2-mould press)
2026-04-20 00:00:00,C,4811,1225219Z15008SXC11,2026-04-20 23:00:00,2026-04-21 07:00:00,36,27.0,0,Continuity (2-mould press)
2026-04-21 00:00:00,A,4811,1225219Z15008SXC11,2026-04-21 07:00:00,2026-04-21 15:00:00,36,27.0,0,Continuity (2-mould press)
2026-04-21 00:00:00,B,4811,1225219Z15008SXC11,2026-04-21 15:00:00,2026-04-21 23:00:00,36,27.0,0,Continuity (2-mould press)
2026-04-21 00:00:00,C,4811,1225219Z15008SXC11,2026-04-21 23:00:00,2026-04-22 07:00:00,36,27.0,0,Continuity (2-mould press)
2026-04-22 00:00:00,A,4811,1225219Z15008SXC11,2026-04-22 07:00:00,2026-04-22 15:00:00,36,27.0,0,Continuity (2-mould press)
2026-04-22 00:00:00,B,4811,1225219Z15008SXC11,2026-04-22 15:00:00,2026-04-22 23:00:00,36,27.0,0,Continuity (2-mould press)
2026-04-22 00:00:00,C,4811,1225219Z15008SXC11,2026-04-22 23:00:00,2026-04-23 07:00:00,36,27.0,0,Continuity (2-mould press)
2026-04-23 00:00:00,A,4811,1225219Z15008SXC11,2026-04-23 07:00:00,2026-04-23 08:48:00,8,27.0,0,Continuity (2-mould press)
2026-04-08 00:00:00,A,4812,1D25218014010RXPCT,2026-04-08 07:00:00,2026-04-08 15:00:00,42,23.0,0,Continuity (2-mould press)
2026-04-08 00:00:00,B,4812,1D25218014010RXPCT,2026-04-08 15:00:00,2026-04-08 23:00:00,42,23.0,0,Continuity (2-mould press)
2026-04-08 00:00:00,C,4812,1D25218014010RXPCT,2026-04-08 23:00:00,2026-04-09 07:00:00,42,23.0,0,Continuity (2-mould press)
2026-04-09 00:00:00,A,4812,1D25218014010RXPCT,2026-04-09 07:00:00,2026-04-09 15:00:00,42,23.0,0,Continuity (2-mould press)
2026-04-09 00:00:00,B,4812,1D25218014010RXPCT,2026-04-09 15:00:00,2026-04-09 23:00:00,42,23.0,0,Continuity (2-mould press)
2026-04-09 00:00:00,C,4812,1D25218014010RXPCT,2026-04-09 23:00:00,2026-04-10 07:00:00,42,23.0,0,Continuity (2-mould press)
2026-04-10 00:00:00,A,4812,1D25218014010RXPCT,2026-04-10 07:00:00,2026-04-10 15:00:00,42,23.0,0,Continuity (2-mould press)
2026-04-10 00:00:00,B,4812,1D25218014010RXPCT,2026-04-10 15:00:00,2026-04-10 23:00:00,42,23.0,0,Continuity (2-mould press)
2026-04-10 00:00:00,C,4812,1D25218014010RXPCT,2026-04-10 23:00:00,2026-04-11 07:00:00,42,23.0,0,Continuity (2-mould press)
2026-04-11 00:00:00,A,4812,1D25218014010RXPCT,2026-04-11 07:00:00,2026-04-11 15:00:00,42,23.0,0,Continuity (2-mould press)
2026-04-11 00:00:00,B,4812,1D25218014010RXPCT,2026-04-11 15:00:00,2026-04-11 23:00:00,42,23.0,0,Continuity (2-mould press)
2026-04-11 00:00:00,C,4812,1D25218014010RXPCT,2026-04-11 23:00:00,2026-04-12 07:00:00,42,23.0,0,Continuity (2-mould press)
2026-04-12 00:00:00,A,4812,1D25218014010RXPCT,2026-04-12 07:00:00,2026-04-12 15:00:00,42,23.0,0,Continuity (2-mould press)
2026-04-12 00:00:00,B,4812,1D25218014010RXPCT,2026-04-12 15:00:00,2026-04-12 23:00:00,42,23.0,0,Continuity (2-mould press)
2026-04-12 00:00:00,C,4812,1D25218014010RXPCT,2026-04-12 23:00:00,2026-04-13 07:00:00,42,23.0,0,Continuity (2-mould press)
2026-04-13 00:00:00,A,4812,1D25218014010RXPCT,2026-04-13 07:00:00,2026-04-13 15:00:00,42,23.0,0,Continuity (2-mould press)
2026-04-13 00:00:00,B,4812,1D25218014010RXPCT,2026-04-13 15:00:00,2026-04-13 23:00:00,42,23.0,0,Continuity (2-mould press)
2026-04-13 00:00:00,C,4812,1D25218014010RXPCT,2026-04-13 23:00:00,2026-04-14 07:00:00,42,23.0,0,Continuity (2-mould press)
2026-04-14 00:00:00,A,4812,1D25218014010RXPCT,2026-04-14 07:00:00,2026-04-14 15:00:00,42,23.0,0,Continuity (2-mould press)
2026-04-14 00:00:00,B,4812,1D25218014010RXPCT,2026-04-14 15:00:00,2026-04-14 23:00:00,42,23.0,0,Continuity (2-mould press)
2026-04-14 00:00:00,C,4812,1D25218014010RXPCT,2026-04-14 23:00:00,2026-04-15 07:00:00,42,23.0,0,Continuity (2-mould press)
2026-04-15 00:00:00,A,4812,1D25218014010RXPCT,2026-04-15 07:00:00,2026-04-15 15:00:00,42,23.0,0,Continuity (2-mould press)
2026-04-15 00:00:00,B,4812,1D25218014010RXPCT,2026-04-15 15:00:00,2026-04-15 23:00:00,42,23.0,0,Continuity (2-mould press)
2026-04-15 00:00:00,C,4812,1D25218014010RXPCT,2026-04-15 23:00:00,2026-04-16 02:50:00,20,23.0,0,Continuity (2-mould press)
2026-04-15 00:00:00,C,4812,MOULD_CLEAN,2026-04-16 02:50:00,2026-04-16 05:50:00,0,0.0,0,Mould cleaning (continuity)
2026-04-15 00:00:00,C,4812,1D25218014010RXPCT,2026-04-16 05:50:00,2026-04-16 07:00:00,6,23.0,0,Continuity (2-mould press)
2026-04-16 00:00:00,A,4812,1D25218014010RXPCT,2026-04-16 07:00:00,2026-04-16 15:00:00,42,23.0,0,Continuity (2-mould press)
2026-04-16 00:00:00,B,4812,1D25218014010RXPCT,2026-04-16 15:00:00,2026-04-16 23:00:00,42,23.0,0,Continuity (2-mould press)
2026-04-16 00:00:00,C,4812,1D25218014010RXPCT,2026-04-16 23:00:00,2026-04-17 07:00:00,42,23.0,0,Continuity (2-mould press)
2026-04-17 00:00:00,A,4812,1D25218014010RXPCT,2026-04-17 07:00:00,2026-04-17 15:00:00,42,23.0,0,Continuity (2-mould press)
2026-04-17 00:00:00,B,4812,1D25218014010RXPCT,2026-04-17 15:00:00,2026-04-17 23:00:00,42,23.0,0,Continuity (2-mould press)
2026-04-17 00:00:00,C,4812,1D25218014010RXPCT,2026-04-17 23:00:00,2026-04-18 07:00:00,42,23.0,0,Continuity (2-mould press)
2026-04-18 00:00:00,A,4812,1D25218014010RXPCT,2026-04-18 07:00:00,2026-04-18 15:00:00,42,23.0,0,Continuity (2-mould press)
2026-04-18 00:00:00,B,4812,1D25218014010RXPCT,2026-04-18 15:00:00,2026-04-18 23:00:00,42,23.0,0,Continuity (2-mould press)
2026-04-18 00:00:00,C,4812,1D25218014010RXPCT,2026-04-18 23:00:00,2026-04-19 07:00:00,42,23.0,0,Continuity (2-mould press)
2026-04-19 00:00:00,A,4812,1D25218014010RXPCT,2026-04-19 07:00:00,2026-04-19 15:00:00,42,23.0,0,Continuity (2-mould press)
2026-04-19 00:00:00,B,4812,1D25218014010RXPCT,2026-04-19 15:00:00,2026-04-19 23:00:00,42,23.0,0,Continuity (2-mould press)
2026-04-19 00:00:00,C,4812,1D25218014010RXPCT,2026-04-19 23:00:00,2026-04-20 07:00:00,42,23.0,0,Continuity (2-mould press)
2026-04-20 00:00:00,A,4812,1D25218014010RXPCT,2026-04-20 07:00:00,2026-04-20 15:00:00,42,23.0,0,Continuity (2-mould press)
2026-04-20 00:00:00,B,4812,1D25218014010RXPCT,2026-04-20 15:00:00,2026-04-20 23:00:00,42,23.0,0,Continuity (2-mould press)
2026-04-20 00:00:00,C,4812,1D25218014010RXPCT,2026-04-20 23:00:00,2026-04-21 07:00:00,42,23.0,0,Continuity (2-mould press)
2026-04-21 00:00:00,A,4812,1D25218014010RXPCT,2026-04-21 07:00:00,2026-04-21 15:00:00,42,23.0,0,Continuity (2-mould press)
2026-04-21 00:00:00,B,4812,1D25218014010RXPCT,2026-04-21 15:00:00,2026-04-21 23:00:00,42,23.0,0,Continuity (2-mould press)
2026-04-21 00:00:00,C,4812,1D25218014010RXPCT,2026-04-21 23:00:00,2026-04-22 07:00:00,42,23.0,0,Continuity (2-mould press)
2026-04-22 00:00:00,A,4812,1D25218014010RXPCT,2026-04-22 07:00:00,2026-04-22 15:00:00,42,23.0,0,Continuity (2-mould press)
2026-04-22 00:00:00,B,4812,1D25218014010RXPCT,2026-04-22 15:00:00,2026-04-22 23:00:00,42,23.0,0,Continuity (2-mould press)
2026-04-22 00:00:00,C,4812,1D25218014010RXPCT,2026-04-22 23:00:00,2026-04-23 07:00:00,42,23.0,0,Continuity (2-mould press)
2026-04-23 00:00:00,A,4812,1D25218014010RXPCT,2026-04-23 07:00:00,2026-04-23 15:00:00,42,23.0,0,Continuity (2-mould press)
2026-04-23 00:00:00,B,4812,1D25218014010RXPCT,2026-04-23 15:00:00,2026-04-23 23:00:00,42,23.0,0,Continuity (2-mould press)
2026-04-23 00:00:00,C,4812,1D25218014010RXPCT,2026-04-23 23:00:00,2026-04-24 07:00:00,42,23.0,0,Continuity (2-mould press)
2026-04-24 00:00:00,A,4812,1D25218014010RXPCT,2026-04-24 07:00:00,2026-04-24 15:00:00,42,23.0,0,Continuity (2-mould press)
2026-04-24 00:00:00,B,4812,1D25218014010RXPCT,2026-04-24 15:00:00,2026-04-24 23:00:00,42,23.0,0,Continuity (2-mould press)
2026-04-24 00:00:00,C,4812,1D25218014010RXPCT,2026-04-24 23:00:00,2026-04-25 07:00:00,42,23.0,0,Continuity (2-mould press)
2026-04-25 00:00:00,A,4812,1D25218014010RXPCT,2026-04-25 07:00:00,2026-04-25 15:00:00,42,23.0,0,Continuity (2-mould press)
2026-04-25 00:00:00,B,4812,1D25218014010RXPCT,2026-04-25 15:00:00,2026-04-25 23:00:00,42,23.0,0,Continuity (2-mould press)
2026-04-25 00:00:00,C,4812,1D25218014010RXPCT,2026-04-25 23:00:00,2026-04-26 07:00:00,42,23.0,0,Continuity (2-mould press)
2026-04-26 00:00:00,A,4812,1D25218014010RXPCT,2026-04-26 07:00:00,2026-04-26 15:00:00,42,23.0,0,Continuity (2-mould press)
2026-04-26 00:00:00,B,4812,1D25218014010RXPCT,2026-04-26 15:00:00,2026-04-26 23:00:00,42,23.0,0,Continuity (2-mould press)
2026-04-26 00:00:00,C,4812,1D25218014010RXPCT,2026-04-26 23:00:00,2026-04-27 07:00:00,42,23.0,0,Continuity (2-mould press)
2026-04-27 00:00:00,A,4812,1D25218014010RXPCT,2026-04-27 07:00:00,2026-04-27 15:00:00,42,23.0,0,Continuity (2-mould press)
2026-04-27 00:00:00,B,4812,1D25218014010RXPCT,2026-04-27 15:00:00,2026-04-27 23:00:00,42,23.0,0,Continuity (2-mould press)
2026-04-27 00:00:00,C,4812,1D25218014010RXPCT,2026-04-27 23:00:00,2026-04-28 07:00:00,42,23.0,0,Continuity (2-mould press)
2026-04-28 00:00:00,A,4812,1D25218014010RXPCT,2026-04-28 07:00:00,2026-04-28 15:00:00,42,23.0,0,Continuity (2-mould press)
2026-04-28 00:00:00,B,4812,1D25218014010RXPCT,2026-04-28 15:00:00,2026-04-28 23:00:00,42,23.0,0,Continuity (2-mould press)
2026-04-28 00:00:00,C,4812,1D25218014010RXPCT,2026-04-28 23:00:00,2026-04-29 07:00:00,42,23.0,0,Continuity (2-mould press)
2026-04-29 00:00:00,A,4812,1D25218014010RXPCT,2026-04-29 07:00:00,2026-04-29 15:00:00,42,23.0,0,Continuity (2-mould press)
2026-04-29 00:00:00,B,4812,1D25218014010RXPCT,2026-04-29 15:00:00,2026-04-29 23:00:00,42,23.0,0,Continuity (2-mould press)
2026-04-29 00:00:00,C,4812,1D25218014010RXPCT,2026-04-29 23:00:00,2026-04-30 07:00:00,42,23.0,0,Continuity (2-mould press)
2026-04-30 00:00:00,A,4812,1D25218014010RXPCT,2026-04-30 07:00:00,2026-04-30 15:00:00,42,23.0,0,Continuity (2-mould press)
2026-04-30 00:00:00,B,4812,1D25218014010RXPCT,2026-04-30 15:00:00,2026-04-30 23:00:00,42,23.0,0,Continuity (2-mould press)
2026-04-30 00:00:00,C,4812,1D25218014010RXPCT,2026-04-30 23:00:00,2026-05-01 07:00:00,42,23.0,0,Continuity (2-mould press)
2026-05-01 00:00:00,A,4812,1D25218014010RXPCT,2026-05-01 07:00:00,2026-05-01 15:00:00,42,23.0,0,Continuity (2-mould press)
2026-05-01 00:00:00,B,4812,1D25218014010RXPCT,2026-05-01 15:00:00,2026-05-01 23:00:00,42,23.0,0,Continuity (2-mould press)
2026-05-01 00:00:00,C,4812,1D25218014010RXPCT,2026-05-01 23:00:00,2026-05-02 07:00:00,42,23.0,0,Continuity (2-mould press)
2026-05-02 00:00:00,A,4812,1D25218014010RXPCT,2026-05-02 07:00:00,2026-05-02 15:00:00,42,23.0,0,Continuity (2-mould press)
2026-05-02 00:00:00,B,4812,1D25218014010RXPCT,2026-05-02 15:00:00,2026-05-02 23:00:00,42,23.0,0,Continuity (2-mould press)
2026-05-02 00:00:00,C,4812,1D25218014010RXPCT,2026-05-02 23:00:00,2026-05-03 07:00:00,42,23.0,0,Continuity (2-mould press)
2026-05-03 00:00:00,A,4812,1D25218014010RXPCT,2026-05-03 07:00:00,2026-05-03 15:00:00,42,23.0,0,Continuity (2-mould press)
2026-05-03 00:00:00,B,4812,1D25218014010RXPCT,2026-05-03 15:00:00,2026-05-03 23:00:00,42,23.0,0,Continuity (2-mould press)
2026-05-03 00:00:00,C,4812,1D25218014010RXPCT,2026-05-03 23:00:00,2026-05-04 07:00:00,42,23.0,0,Continuity (2-mould press)
2026-05-04 00:00:00,A,4812,1D25218014010RXPCT,2026-05-04 07:00:00,2026-05-04 14:40:00,40,23.0,0,Continuity (2-mould press)
2026-04-08 00:00:00,A,4813,1D25218014010RXPCT,2026-04-08 07:00:00,2026-04-08 15:00:00,42,23.0,0,Continuity (2-mould press)
2026-04-08 00:00:00,B,4813,1D25218014010RXPCT,2026-04-08 15:00:00,2026-04-08 23:00:00,42,23.0,0,Continuity (2-mould press)
2026-04-08 00:00:00,C,4813,1D25218014010RXPCT,2026-04-08 23:00:00,2026-04-09 07:00:00,42,23.0,0,Continuity (2-mould press)
2026-04-09 00:00:00,A,4813,1D25218014010RXPCT,2026-04-09 07:00:00,2026-04-09 15:00:00,42,23.0,0,Continuity (2-mould press)
2026-04-09 00:00:00,B,4813,1D25218014010RXPCT,2026-04-09 15:00:00,2026-04-09 23:00:00,42,23.0,0,Continuity (2-mould press)
2026-04-09 00:00:00,C,4813,1D25218014010RXPCT,2026-04-09 23:00:00,2026-04-10 07:00:00,42,23.0,0,Continuity (2-mould press)
2026-04-10 00:00:00,A,4813,1D25218014010RXPCT,2026-04-10 07:00:00,2026-04-10 15:00:00,42,23.0,0,Continuity (2-mould press)
2026-04-10 00:00:00,B,4813,1D25218014010RXPCT,2026-04-10 15:00:00,2026-04-10 23:00:00,42,23.0,0,Continuity (2-mould press)
2026-04-10 00:00:00,C,4813,1D25218014010RXPCT,2026-04-10 23:00:00,2026-04-11 07:00:00,42,23.0,0,Continuity (2-mould press)
2026-04-11 00:00:00,A,4813,1D25218014010RXPCT,2026-04-11 07:00:00,2026-04-11 15:00:00,42,23.0,0,Continuity (2-mould press)
2026-04-11 00:00:00,B,4813,1D25218014010RXPCT,2026-04-11 15:00:00,2026-04-11 23:00:00,42,23.0,0,Continuity (2-mould press)
2026-04-11 00:00:00,C,4813,1D25218014010RXPCT,2026-04-11 23:00:00,2026-04-12 07:00:00,42,23.0,0,Continuity (2-mould press)
2026-04-12 00:00:00,A,4813,1D25218014010RXPCT,2026-04-12 07:00:00,2026-04-12 15:00:00,42,23.0,0,Continuity (2-mould press)
2026-04-12 00:00:00,B,4813,1D25218014010RXPCT,2026-04-12 15:00:00,2026-04-12 23:00:00,42,23.0,0,Continuity (2-mould press)
2026-04-12 00:00:00,C,4813,1D25218014010RXPCT,2026-04-12 23:00:00,2026-04-13 07:00:00,42,23.0,0,Continuity (2-mould press)
2026-04-13 00:00:00,A,4813,1D25218014010RXPCT,2026-04-13 07:00:00,2026-04-13 15:00:00,42,23.0,0,Continuity (2-mould press)
2026-04-13 00:00:00,B,4813,1D25218014010RXPCT,2026-04-13 15:00:00,2026-04-13 23:00:00,42,23.0,0,Continuity (2-mould press)
2026-04-13 00:00:00,C,4813,1D25218014010RXPCT,2026-04-13 23:00:00,2026-04-14 07:00:00,42,23.0,0,Continuity (2-mould press)
2026-04-14 00:00:00,A,4813,1D25218014010RXPCT,2026-04-14 07:00:00,2026-04-14 15:00:00,42,23.0,0,Continuity (2-mould press)
2026-04-14 00:00:00,B,4813,1D25218014010RXPCT,2026-04-14 15:00:00,2026-04-14 23:00:00,42,23.0,0,Continuity (2-mould press)
2026-04-14 00:00:00,C,4813,1D25218014010RXPCT,2026-04-14 23:00:00,2026-04-15 07:00:00,42,23.0,0,Continuity (2-mould press)
2026-04-15 00:00:00,A,4813,1D25218014010RXPCT,2026-04-15 07:00:00,2026-04-15 15:00:00,42,23.0,0,Continuity (2-mould press)
2026-04-15 00:00:00,B,4813,1D25218014010RXPCT,2026-04-15 15:00:00,2026-04-15 23:00:00,42,23.0,0,Continuity (2-mould press)
2026-04-15 00:00:00,C,4813,1D25218014010RXPCT,2026-04-15 23:00:00,2026-04-16 07:00:00,42,23.0,0,Continuity (2-mould press)
2026-04-16 00:00:00,A,4813,1D25218014010RXPCT,2026-04-16 07:00:00,2026-04-16 15:00:00,42,23.0,0,Continuity (2-mould press)
2026-04-16 00:00:00,B,4813,1D25218014010RXPCT,2026-04-16 15:00:00,2026-04-16 23:00:00,42,23.0,0,Continuity (2-mould press)
2026-04-16 00:00:00,C,4813,1D25218014010RXPCT,2026-04-16 23:00:00,2026-04-17 07:00:00,42,23.0,0,Continuity (2-mould press)
2026-04-17 00:00:00,A,4813,1D25218014010RXPCT,2026-04-17 07:00:00,2026-04-17 15:00:00,42,23.0,0,Continuity (2-mould press)
2026-04-17 00:00:00,B,4813,1D25218014010RXPCT,2026-04-17 15:00:00,2026-04-17 23:00:00,42,23.0,0,Continuity (2-mould press)
2026-04-17 00:00:00,C,4813,1D25218014010RXPCT,2026-04-17 23:00:00,2026-04-18 07:00:00,42,23.0,0,Continuity (2-mould press)
2026-04-18 00:00:00,A,4813,1D25218014010RXPCT,2026-04-18 07:00:00,2026-04-18 15:00:00,42,23.0,0,Continuity (2-mould press)
2026-04-18 00:00:00,B,4813,1D25218014010RXPCT,2026-04-18 15:00:00,2026-04-18 23:00:00,42,23.0,0,Continuity (2-mould press)
2026-04-18 00:00:00,C,4813,1D25218014010RXPCT,2026-04-18 23:00:00,2026-04-19 07:00:00,42,23.0,0,Continuity (2-mould press)
2026-04-19 00:00:00,A,4813,1D25218014010RXPCT,2026-04-19 07:00:00,2026-04-19 15:00:00,42,23.0,0,Continuity (2-mould press)
2026-04-19 00:00:00,B,4813,1D25218014010RXPCT,2026-04-19 15:00:00,2026-04-19 23:00:00,42,23.0,0,Continuity (2-mould press)
2026-04-19 00:00:00,C,4813,1D25218014010RXPCT,2026-04-19 23:00:00,2026-04-20 07:00:00,42,23.0,0,Continuity (2-mould press)
2026-04-20 00:00:00,A,4813,1D25218014010RXPCT,2026-04-20 07:00:00,2026-04-20 15:00:00,42,23.0,0,Continuity (2-mould press)
2026-04-20 00:00:00,B,4813,1D25218014010RXPCT,2026-04-20 15:00:00,2026-04-20 23:00:00,42,23.0,0,Continuity (2-mould press)
2026-04-20 00:00:00,C,4813,1D25218014010RXPCT,2026-04-20 23:00:00,2026-04-21 07:00:00,42,23.0,0,Continuity (2-mould press)
2026-04-21 00:00:00,A,4813,1D25218014010RXPCT,2026-04-21 07:00:00,2026-04-21 15:00:00,42,23.0,0,Continuity (2-mould press)
2026-04-21 00:00:00,B,4813,1D25218014010RXPCT,2026-04-21 15:00:00,2026-04-21 23:00:00,42,23.0,0,Continuity (2-mould press)
2026-04-21 00:00:00,C,4813,1D25218014010RXPCT,2026-04-21 23:00:00,2026-04-22 07:00:00,42,23.0,0,Continuity (2-mould press)
2026-04-22 00:00:00,A,4813,1D25218014010RXPCT,2026-04-22 07:00:00,2026-04-22 15:00:00,42,23.0,0,Continuity (2-mould press)
2026-04-22 00:00:00,B,4813,1D25218014010RXPCT,2026-04-22 15:00:00,2026-04-22 23:00:00,42,23.0,0,Continuity (2-mould press)
2026-04-22 00:00:00,C,4813,1D25218014010RXPCT,2026-04-22 23:00:00,2026-04-23 07:00:00,42,23.0,0,Continuity (2-mould press)
2026-04-23 00:00:00,A,4813,1D25218014010RXPCT,2026-04-23 07:00:00,2026-04-23 15:00:00,42,23.0,0,Continuity (2-mould press)
2026-04-23 00:00:00,B,4813,1D25218014010RXPCT,2026-04-23 15:00:00,2026-04-23 23:00:00,42,23.0,0,Continuity (2-mould press)
2026-04-23 00:00:00,C,4813,1D25218014010RXPCT,2026-04-23 23:00:00,2026-04-24 07:00:00,42,23.0,0,Continuity (2-mould press)
2026-04-24 00:00:00,A,4813,1D25218014010RXPCT,2026-04-24 07:00:00,2026-04-24 15:00:00,42,23.0,0,Continuity (2-mould press)
2026-04-24 00:00:00,B,4813,1D25218014010RXPCT,2026-04-24 15:00:00,2026-04-24 23:00:00,42,23.0,0,Continuity (2-mould press)
2026-04-24 00:00:00,C,4813,1D25218014010RXPCT,2026-04-24 23:00:00,2026-04-25 07:00:00,42,23.0,0,Continuity (2-mould press)
2026-04-25 00:00:00,A,4813,1D25218014010RXPCT,2026-04-25 07:00:00,2026-04-25 15:00:00,42,23.0,0,Continuity (2-mould press)
2026-04-25 00:00:00,B,4813,1D25218014010RXPCT,2026-04-25 15:00:00,2026-04-25 23:00:00,42,23.0,0,Continuity (2-mould press)
2026-04-25 00:00:00,C,4813,1D25218014010RXPCT,2026-04-25 23:00:00,2026-04-26 07:00:00,42,23.0,0,Continuity (2-mould press)
2026-04-26 00:00:00,A,4813,1D25218014010RXPCT,2026-04-26 07:00:00,2026-04-26 15:00:00,42,23.0,0,Continuity (2-mould press)
2026-04-26 00:00:00,B,4813,1D25218014010RXPCT,2026-04-26 15:00:00,2026-04-26 23:00:00,42,23.0,0,Continuity (2-mould press)
2026-04-26 00:00:00,C,4813,1D25218014010RXPCT,2026-04-26 23:00:00,2026-04-27 07:00:00,42,23.0,0,Continuity (2-mould press)
2026-04-27 00:00:00,A,4813,1D25218014010RXPCT,2026-04-27 07:00:00,2026-04-27 15:00:00,42,23.0,0,Continuity (2-mould press)
2026-04-27 00:00:00,B,4813,1D25218014010RXPCT,2026-04-27 15:00:00,2026-04-27 23:00:00,42,23.0,0,Continuity (2-mould press)
2026-04-27 00:00:00,C,4813,1D25218014010RXPCT,2026-04-27 23:00:00,2026-04-28 07:00:00,42,23.0,0,Continuity (2-mould press)
2026-04-28 00:00:00,A,4813,1D25218014010RXPCT,2026-04-28 07:00:00,2026-04-28 15:00:00,42,23.0,0,Continuity (2-mould press)
2026-04-28 00:00:00,B,4813,1D25218014010RXPCT,2026-04-28 15:00:00,2026-04-28 23:00:00,42,23.0,0,Continuity (2-mould press)
2026-04-28 00:00:00,C,4813,1D25218014010RXPCT,2026-04-28 23:00:00,2026-04-29 07:00:00,42,23.0,0,Continuity (2-mould press)
2026-04-29 00:00:00,A,4813,1D25218014010RXPCT,2026-04-29 07:00:00,2026-04-29 15:00:00,42,23.0,0,Continuity (2-mould press)
2026-04-29 00:00:00,B,4813,1D25218014010RXPCT,2026-04-29 15:00:00,2026-04-29 23:00:00,42,23.0,0,Continuity (2-mould press)
2026-04-29 00:00:00,C,4813,1D25218014010RXPCT,2026-04-29 23:00:00,2026-04-30 07:00:00,42,23.0,0,Continuity (2-mould press)
2026-04-30 00:00:00,A,4813,1D25218014010RXPCT,2026-04-30 07:00:00,2026-04-30 15:00:00,42,23.0,0,Continuity (2-mould press)
2026-04-30 00:00:00,B,4813,1D25218014010RXPCT,2026-04-30 15:00:00,2026-04-30 23:00:00,42,23.0,0,Continuity (2-mould press)
2026-04-30 00:00:00,C,4813,1D25218014010RXPCT,2026-04-30 23:00:00,2026-05-01 07:00:00,42,23.0,0,Continuity (2-mould press)
2026-05-01 00:00:00,A,4813,MOULD_CLEAN,2026-05-01 07:00:00,2026-05-01 10:00:00,0,0.0,0,Mould cleaning (continuity)
2026-05-01 00:00:00,A,4813,1D25218014010RXPCT,2026-05-01 10:00:00,2026-05-01 15:00:00,26,23.0,0,Continuity (2-mould press)
2026-05-01 00:00:00,B,4813,1D25218014010RXPCT,2026-05-01 15:00:00,2026-05-01 23:00:00,42,23.0,0,Continuity (2-mould press)
2026-05-01 00:00:00,C,4813,1D25218014010RXPCT,2026-05-01 23:00:00,2026-05-02 07:00:00,42,23.0,0,Continuity (2-mould press)
2026-05-02 00:00:00,A,4813,1D25218014010RXPCT,2026-05-02 07:00:00,2026-05-02 15:00:00,42,23.0,0,Continuity (2-mould press)
2026-05-02 00:00:00,B,4813,1D25218014010RXPCT,2026-05-02 15:00:00,2026-05-02 23:00:00,42,23.0,0,Continuity (2-mould press)
2026-05-02 00:00:00,C,4813,1D25218014010RXPCT,2026-05-02 23:00:00,2026-05-03 07:00:00,42,23.0,0,Continuity (2-mould press)
2026-05-03 00:00:00,A,4813,1D25218014010RXPCT,2026-05-03 07:00:00,2026-05-03 15:00:00,42,23.0,0,Continuity (2-mould press)
2026-05-03 00:00:00,B,4813,1D25218014010RXPCT,2026-05-03 15:00:00,2026-05-03 23:00:00,42,23.0,0,Continuity (2-mould press)
2026-05-03 00:00:00,C,4813,1D25218014010RXPCT,2026-05-03 23:00:00,2026-05-04 07:00:00,42,23.0,0,Continuity (2-mould press)
2026-05-04 00:00:00,A,4813,1D25218014010RXPCT,2026-05-04 07:00:00,2026-05-04 14:40:00,40,23.0,0,Continuity (2-mould press)
2026-04-08 00:00:00,A,4814,1D25215013008SXC10,2026-04-08 07:00:00,2026-04-08 15:00:00,51,19.0,0,Continuity (2-mould press)
2026-04-08 00:00:00,B,4814,1D25215013008SXC10,2026-04-08 15:00:00,2026-04-08 23:00:00,51,19.0,0,Continuity (2-mould press)
2026-04-08 00:00:00,C,4814,1D25215013008SXC10,2026-04-08 23:00:00,2026-04-09 07:00:00,51,19.0,0,Continuity (2-mould press)
2026-04-09 00:00:00,A,4814,1D25215013008SXC10,2026-04-09 07:00:00,2026-04-09 15:00:00,51,19.0,0,Continuity (2-mould press)
2026-04-09 00:00:00,B,4814,1D25215013008SXC10,2026-04-09 15:00:00,2026-04-09 23:00:00,51,19.0,0,Continuity (2-mould press)
2026-04-09 00:00:00,C,4814,1D25215013008SXC10,2026-04-09 23:00:00,2026-04-10 07:00:00,51,19.0,0,Continuity (2-mould press)
2026-04-10 00:00:00,A,4814,1D25215013008SXC10,2026-04-10 07:00:00,2026-04-10 15:00:00,51,19.0,0,Continuity (2-mould press)
2026-04-10 00:00:00,B,4814,1D25215013008SXC10,2026-04-10 15:00:00,2026-04-10 23:00:00,51,19.0,0,Continuity (2-mould press)
2026-04-10 00:00:00,C,4814,1D25215013008SXC10,2026-04-10 23:00:00,2026-04-11 07:00:00,51,19.0,0,Continuity (2-mould press)
2026-04-11 00:00:00,A,4814,1D25215013008SXC10,2026-04-11 07:00:00,2026-04-11 15:00:00,51,19.0,0,Continuity (2-mould press)
2026-04-11 00:00:00,B,4814,1D25215013008SXC10,2026-04-11 15:00:00,2026-04-11 23:00:00,51,19.0,0,Continuity (2-mould press)
2026-04-11 00:00:00,C,4814,1D25215013008SXC10,2026-04-11 23:00:00,2026-04-12 07:00:00,51,19.0,0,Continuity (2-mould press)
2026-04-12 00:00:00,A,4814,1D25215013008SXC10,2026-04-12 07:00:00,2026-04-12 15:00:00,51,19.0,0,Continuity (2-mould press)
2026-04-12 00:00:00,B,4814,1D25215013008SXC10,2026-04-12 15:00:00,2026-04-12 23:00:00,51,19.0,0,Continuity (2-mould press)
2026-04-12 00:00:00,C,4814,1D25215013008SXC10,2026-04-12 23:00:00,2026-04-13 07:00:00,51,19.0,0,Continuity (2-mould press)
2026-04-13 00:00:00,A,4814,1D25215013008SXC10,2026-04-13 07:00:00,2026-04-13 15:00:00,51,19.0,0,Continuity (2-mould press)
2026-04-13 00:00:00,B,4814,1D25215013008SXC10,2026-04-13 15:00:00,2026-04-13 23:00:00,51,19.0,0,Continuity (2-mould press)
2026-04-13 00:00:00,C,4814,1D25215013008SXC10,2026-04-13 23:00:00,2026-04-14 07:00:00,51,19.0,0,Continuity (2-mould press)
2026-04-14 00:00:00,A,4814,1D25215013008SXC10,2026-04-14 07:00:00,2026-04-14 15:00:00,51,19.0,0,Continuity (2-mould press)
2026-04-14 00:00:00,B,4814,1D25215013008SXC10,2026-04-14 15:00:00,2026-04-14 23:00:00,51,19.0,0,Continuity (2-mould press)
2026-04-14 00:00:00,C,4814,1D25215013008SXC10,2026-04-14 23:00:00,2026-04-15 07:00:00,51,19.0,0,Continuity (2-mould press)
2026-04-15 00:00:00,A,4814,1D25215013008SXC10,2026-04-15 07:00:00,2026-04-15 15:00:00,51,19.0,0,Continuity (2-mould press)
2026-04-15 00:00:00,B,4814,1D25215013008SXC10,2026-04-15 15:00:00,2026-04-15 23:00:00,51,19.0,0,Continuity (2-mould press)
2026-04-15 00:00:00,C,4814,1D25215013008SXC10,2026-04-15 23:00:00,2026-04-16 07:00:00,51,19.0,0,Continuity (2-mould press)
2026-04-16 00:00:00,A,4814,1D25215013008SXC10,2026-04-16 07:00:00,2026-04-16 15:00:00,51,19.0,0,Continuity (2-mould press)
2026-04-16 00:00:00,B,4814,1D25215013008SXC10,2026-04-16 15:00:00,2026-04-16 23:00:00,51,19.0,0,Continuity (2-mould press)
2026-04-16 00:00:00,C,4814,1D25215013008SXC10,2026-04-16 23:00:00,2026-04-17 07:00:00,51,19.0,0,Continuity (2-mould press)
2026-04-17 00:00:00,A,4814,1D25215013008SXC10,2026-04-17 07:00:00,2026-04-17 15:00:00,51,19.0,0,Continuity (2-mould press)
2026-04-17 00:00:00,B,4814,1D25215013008SXC10,2026-04-17 15:00:00,2026-04-17 23:00:00,51,19.0,0,Continuity (2-mould press)
2026-04-17 00:00:00,C,4814,1D25215013008SXC10,2026-04-17 23:00:00,2026-04-18 07:00:00,51,19.0,0,Continuity (2-mould press)
2026-04-18 00:00:00,A,4814,1D25215013008SXC10,2026-04-18 07:00:00,2026-04-18 15:00:00,51,19.0,0,Continuity (2-mould press)
2026-04-18 00:00:00,B,4814,1D25215013008SXC10,2026-04-18 15:00:00,2026-04-18 23:00:00,51,19.0,0,Continuity (2-mould press)
2026-04-18 00:00:00,C,4814,1D25215013008SXC10,2026-04-18 23:00:00,2026-04-19 07:00:00,51,19.0,0,Continuity (2-mould press)
2026-04-19 00:00:00,A,4814,1D25215013008SXC10,2026-04-19 07:00:00,2026-04-19 15:00:00,51,19.0,0,Continuity (2-mould press)
2026-04-19 00:00:00,B,4814,1D25215013008SXC10,2026-04-19 15:00:00,2026-04-19 23:00:00,51,19.0,0,Continuity (2-mould press)
2026-04-19 00:00:00,C,4814,1D25215013008SXC10,2026-04-19 23:00:00,2026-04-20 07:00:00,51,19.0,0,Continuity (2-mould press)
2026-04-20 00:00:00,A,4814,1D25215013008SXC10,2026-04-20 07:00:00,2026-04-20 15:00:00,51,19.0,0,Continuity (2-mould press)
2026-04-20 00:00:00,B,4814,1D25215013008SXC10,2026-04-20 15:00:00,2026-04-20 23:00:00,51,19.0,0,Continuity (2-mould press)
2026-04-20 00:00:00,C,4814,1D25215013008SXC10,2026-04-20 23:00:00,2026-04-21 07:00:00,51,19.0,0,Continuity (2-mould press)
2026-04-21 00:00:00,A,4814,1D25215013008SXC10,2026-04-21 07:00:00,2026-04-21 15:00:00,51,19.0,0,Continuity (2-mould press)
2026-04-21 00:00:00,B,4814,1D25215013008SXC10,2026-04-21 15:00:00,2026-04-21 23:00:00,51,19.0,0,Continuity (2-mould press)
2026-04-21 00:00:00,C,4814,1D25215013008SXC10,2026-04-21 23:00:00,2026-04-22 07:00:00,51,19.0,0,Continuity (2-mould press)
2026-04-22 00:00:00,A,4814,1D25215013008SXC10,2026-04-22 07:00:00,2026-04-22 15:00:00,51,19.0,0,Continuity (2-mould press)
2026-04-22 00:00:00,B,4814,1D25215013008SXC10,2026-04-22 15:00:00,2026-04-22 23:00:00,51,19.0,0,Continuity (2-mould press)
2026-04-22 00:00:00,C,4814,1D25215013008SXC10,2026-04-22 23:00:00,2026-04-23 07:00:00,51,19.0,0,Continuity (2-mould press)
2026-04-23 00:00:00,A,4814,1D25215013008SXC10,2026-04-23 07:00:00,2026-04-23 15:00:00,51,19.0,0,Continuity (2-mould press)
2026-04-23 00:00:00,B,4814,1D25215013008SXC10,2026-04-23 15:00:00,2026-04-23 23:00:00,51,19.0,0,Continuity (2-mould press)
2026-04-23 00:00:00,C,4814,1D25215013008SXC10,2026-04-23 23:00:00,2026-04-24 07:00:00,51,19.0,0,Continuity (2-mould press)
2026-04-24 00:00:00,A,4814,1D25215013008SXC10,2026-04-24 07:00:00,2026-04-24 15:00:00,51,19.0,0,Continuity (2-mould press)
2026-04-24 00:00:00,B,4814,1D25215013008SXC10,2026-04-24 15:00:00,2026-04-24 23:00:00,51,19.0,0,Continuity (2-mould press)
2026-04-24 00:00:00,C,4814,1D25215013008SXC10,2026-04-24 23:00:00,2026-04-25 07:00:00,51,19.0,0,Continuity (2-mould press)
2026-04-25 00:00:00,A,4814,1D25215013008SXC10,2026-04-25 07:00:00,2026-04-25 15:00:00,51,19.0,0,Continuity (2-mould press)
2026-04-25 00:00:00,B,4814,1D25215013008SXC10,2026-04-25 15:00:00,2026-04-25 23:00:00,51,19.0,0,Continuity (2-mould press)
2026-04-25 00:00:00,C,4814,1D25215013008SXC10,2026-04-25 23:00:00,2026-04-26 07:00:00,51,19.0,0,Continuity (2-mould press)
2026-04-26 00:00:00,A,4814,1D25215013008SXC10,2026-04-26 07:00:00,2026-04-26 15:00:00,51,19.0,0,Continuity (2-mould press)
2026-04-26 00:00:00,B,4814,1D25215013008SXC10,2026-04-26 15:00:00,2026-04-26 23:00:00,51,19.0,0,Continuity (2-mould press)
2026-04-26 00:00:00,C,4814,1D25215013008SXC10,2026-04-26 23:00:00,2026-04-27 07:00:00,51,19.0,0,Continuity (2-mould press)
2026-04-27 00:00:00,A,4814,1D25215013008SXC10,2026-04-27 07:00:00,2026-04-27 15:00:00,51,19.0,0,Continuity (2-mould press)
2026-04-27 00:00:00,B,4814,1D25215013008SXC10,2026-04-27 15:00:00,2026-04-27 23:00:00,51,19.0,0,Continuity (2-mould press)
2026-04-27 00:00:00,C,4814,1D25215013008SXC10,2026-04-27 23:00:00,2026-04-28 07:00:00,51,19.0,0,Continuity (2-mould press)
2026-04-28 00:00:00,A,4814,1D25215013008SXC10,2026-04-28 07:00:00,2026-04-28 15:00:00,51,19.0,0,Continuity (2-mould press)
2026-04-28 00:00:00,B,4814,1D25215013008SXC10,2026-04-28 15:00:00,2026-04-28 23:00:00,51,19.0,0,Continuity (2-mould press)
2026-04-28 00:00:00,C,4814,1D25215013008SXC10,2026-04-28 23:00:00,2026-04-29 07:00:00,51,19.0,0,Continuity (2-mould press)
2026-04-29 00:00:00,A,4814,1D25215013008SXC10,2026-04-29 07:00:00,2026-04-29 15:00:00,51,19.0,0,Continuity (2-mould press)
2026-04-29 00:00:00,B,4814,1D25215013008SXC10,2026-04-29 15:00:00,2026-04-29 23:00:00,51,19.0,0,Continuity (2-mould press)
2026-04-29 00:00:00,C,4814,1D25215013008SXC10,2026-04-29 23:00:00,2026-04-30 07:00:00,51,19.0,0,Continuity (2-mould press)
2026-04-30 00:00:00,A,4814,1D25215013008SXC10,2026-04-30 07:00:00,2026-04-30 07:31:00,3,19.0,0,Continuity (2-mould press)
2026-04-08 00:00:00,A,4815,1325219416089VRHE0,2026-04-08 07:00:00,2026-04-08 15:00:00,56,17.0,0,Continuity (2-mould press)
2026-04-08 00:00:00,B,4815,1325219416089VRHE0,2026-04-08 15:00:00,2026-04-08 23:00:00,56,17.0,0,Continuity (2-mould press)
2026-04-08 00:00:00,C,4815,1325219416089VRHE0,2026-04-08 23:00:00,2026-04-09 07:00:00,56,17.0,0,Continuity (2-mould press)
2026-04-09 00:00:00,A,4815,1325219416089VRHE0,2026-04-09 07:00:00,2026-04-09 15:00:00,56,17.0,0,Continuity (2-mould press)
2026-04-09 00:00:00,B,4815,1325219416089VRHE0,2026-04-09 15:00:00,2026-04-09 16:43:00,12,17.0,0,Continuity (2-mould press)
2026-04-08 00:00:00,A,4816,1325221417096HURL0,2026-04-08 07:00:00,2026-04-08 15:00:00,60,16.0,0,Continuity (2-mould press)
2026-04-08 00:00:00,B,4816,1325221417096HURL0,2026-04-08 15:00:00,2026-04-08 23:00:00,60,16.0,0,Continuity (2-mould press)
2026-04-08 00:00:00,C,4816,1325221417096HURL0,2026-04-08 23:00:00,2026-04-09 07:00:00,60,16.0,0,Continuity (2-mould press)
2026-04-09 00:00:00,A,4816,1325221417096HURL0,2026-04-09 07:00:00,2026-04-09 15:00:00,60,16.0,0,Continuity (2-mould press)
2026-04-09 00:00:00,B,4816,1325221417096HURL0,2026-04-09 15:00:00,2026-04-09 23:00:00,60,16.0,0,Continuity (2-mould press)
2026-04-09 00:00:00,C,4816,1325221417096HURL0,2026-04-09 23:00:00,2026-04-10 07:00:00,60,16.0,0,Continuity (2-mould press)
2026-04-10 00:00:00,A,4816,1325221417096HURL0,2026-04-10 07:00:00,2026-04-10 15:00:00,60,16.0,0,Continuity (2-mould press)
2026-04-10 00:00:00,B,4816,1325221417096HURL0,2026-04-10 15:00:00,2026-04-10 23:00:00,60,16.0,0,Continuity (2-mould press)
2026-04-10 00:00:00,C,4816,1325221417096HURL0,2026-04-10 23:00:00,2026-04-11 07:00:00,60,16.0,0,Continuity (2-mould press)
2026-04-11 00:00:00,A,4816,1325221417096HURL0,2026-04-11 07:00:00,2026-04-11 15:00:00,60,16.0,0,Continuity (2-mould press)
2026-04-11 00:00:00,B,4816,1325221417096HURL0,2026-04-11 15:00:00,2026-04-11 23:00:00,60,16.0,0,Continuity (2-mould press)
2026-04-11 00:00:00,C,4816,1325221417096HURL0,2026-04-11 23:00:00,2026-04-12 07:00:00,60,16.0,0,Continuity (2-mould press)
2026-04-12 00:00:00,A,4816,1325221417096HURL0,2026-04-12 07:00:00,2026-04-12 15:00:00,60,16.0,0,Continuity (2-mould press)
2026-04-12 00:00:00,B,4816,1325221417096HURL0,2026-04-12 15:00:00,2026-04-12 23:00:00,60,16.0,0,Continuity (2-mould press)
2026-04-12 00:00:00,C,4816,1325221417096HURL0,2026-04-12 23:00:00,2026-04-13 07:00:00,60,16.0,0,Continuity (2-mould press)
2026-04-13 00:00:00,A,4816,1325221417096HURL0,2026-04-13 07:00:00,2026-04-13 15:00:00,60,16.0,0,Continuity (2-mould press)
2026-04-13 00:00:00,B,4816,1325221417096HURL0,2026-04-13 15:00:00,2026-04-13 23:00:00,60,16.0,0,Continuity (2-mould press)
2026-04-13 00:00:00,C,4816,1325221417096HURL0,2026-04-13 23:00:00,2026-04-14 07:00:00,60,16.0,0,Continuity (2-mould press)
2026-04-14 00:00:00,A,4816,1325221417096HURL0,2026-04-14 07:00:00,2026-04-14 15:00:00,60,16.0,0,Continuity (2-mould press)
2026-04-14 00:00:00,B,4816,1325221417096HURL0,2026-04-14 15:00:00,2026-04-14 23:00:00,60,16.0,0,Continuity (2-mould press)
2026-04-14 00:00:00,C,4816,1325221417096HURL0,2026-04-14 23:00:00,2026-04-15 07:00:00,60,16.0,0,Continuity (2-mould press)
2026-04-15 00:00:00,A,4816,1325221417096HURL0,2026-04-15 07:00:00,2026-04-15 15:00:00,60,16.0,0,Continuity (2-mould press)
2026-04-15 00:00:00,B,4816,1325221417096HURL0,2026-04-15 15:00:00,2026-04-15 23:00:00,60,16.0,0,Continuity (2-mould press)
2026-04-15 00:00:00,C,4816,1325221417096HURL0,2026-04-15 23:00:00,2026-04-16 07:00:00,60,16.0,0,Continuity (2-mould press)
2026-04-16 00:00:00,A,4816,1325221417096HURL0,2026-04-16 07:00:00,2026-04-16 13:08:00,46,16.0,0,Continuity (2-mould press)
2026-04-16 00:00:00,A,4816,MOULD_CLEAN,2026-04-16 13:08:00,2026-04-16 15:00:00,0,0.0,0,Mould cleaning (continuity)
2026-04-16 00:00:00,B,4816,MOULD_CLEAN,2026-04-16 15:00:00,2026-04-16 16:08:00,0,0.0,0,Mould cleaning (continuity)
2026-04-16 00:00:00,B,4816,1325221417096HURL0,2026-04-16 16:08:00,2026-04-16 23:00:00,52,16.0,0,Continuity (2-mould press)
2026-04-16 00:00:00,C,4816,1325221417096HURL0,2026-04-16 23:00:00,2026-04-17 07:00:00,60,16.0,0,Continuity (2-mould press)
2026-04-17 00:00:00,A,4816,1325221417096HURL0,2026-04-17 07:00:00,2026-04-17 15:00:00,60,16.0,0,Continuity (2-mould press)
2026-04-17 00:00:00,B,4816,1325221417096HURL0,2026-04-17 15:00:00,2026-04-17 23:00:00,60,16.0,0,Continuity (2-mould press)
2026-04-17 00:00:00,C,4816,1325221417096HURL0,2026-04-17 23:00:00,2026-04-18 07:00:00,60,16.0,0,Continuity (2-mould press)
2026-04-18 00:00:00,A,4816,1325221417096HURL0,2026-04-18 07:00:00,2026-04-18 15:00:00,60,16.0,0,Continuity (2-mould press)
2026-04-18 00:00:00,B,4816,1325221417096HURL0,2026-04-18 15:00:00,2026-04-18 23:00:00,60,16.0,0,Continuity (2-mould press)
2026-04-18 00:00:00,C,4816,1325221417096HURL0,2026-04-18 23:00:00,2026-04-19 07:00:00,60,16.0,0,Continuity (2-mould press)
2026-04-19 00:00:00,A,4816,1325221417096HURL0,2026-04-19 07:00:00,2026-04-19 15:00:00,60,16.0,0,Continuity (2-mould press)
2026-04-19 00:00:00,B,4816,1325221417096HURL0,2026-04-19 15:00:00,2026-04-19 23:00:00,60,16.0,0,Continuity (2-mould press)
2026-04-19 00:00:00,C,4816,1325221417096HURL0,2026-04-19 23:00:00,2026-04-20 07:00:00,60,16.0,0,Continuity (2-mould press)
2026-04-20 00:00:00,A,4816,1325221417096HURL0,2026-04-20 07:00:00,2026-04-20 15:00:00,60,16.0,0,Continuity (2-mould press)
2026-04-20 00:00:00,B,4816,1325221417096HURL0,2026-04-20 15:00:00,2026-04-20 23:00:00,60,16.0,0,Continuity (2-mould press)
2026-04-20 00:00:00,C,4816,1325221417096HURL0,2026-04-20 23:00:00,2026-04-21 07:00:00,60,16.0,0,Continuity (2-mould press)
2026-04-21 00:00:00,A,4816,1325221417096HURL0,2026-04-21 07:00:00,2026-04-21 15:00:00,60,16.0,0,Continuity (2-mould press)
2026-04-21 00:00:00,B,4816,1325221417096HURL0,2026-04-21 15:00:00,2026-04-21 23:00:00,60,16.0,0,Continuity (2-mould press)
2026-04-21 00:00:00,C,4816,1325221417096HURL0,2026-04-21 23:00:00,2026-04-22 07:00:00,60,16.0,0,Continuity (2-mould press)
2026-04-22 00:00:00,A,4816,1325221417096HURL0,2026-04-22 07:00:00,2026-04-22 15:00:00,60,16.0,0,Continuity (2-mould press)
2026-04-22 00:00:00,B,4816,1325221417096HURL0,2026-04-22 15:00:00,2026-04-22 23:00:00,60,16.0,0,Continuity (2-mould press)
2026-04-22 00:00:00,C,4816,1325221417096HURL0,2026-04-22 23:00:00,2026-04-23 07:00:00,60,16.0,0,Continuity (2-mould press)
2026-04-23 00:00:00,A,4816,1325221417096HURL0,2026-04-23 07:00:00,2026-04-23 15:00:00,60,16.0,0,Continuity (2-mould press)
2026-04-23 00:00:00,B,4816,1325221417096HURL0,2026-04-23 15:00:00,2026-04-23 23:00:00,60,16.0,0,Continuity (2-mould press)
2026-04-23 00:00:00,C,4816,1325221417096HURL0,2026-04-23 23:00:00,2026-04-24 07:00:00,60,16.0,0,Continuity (2-mould press)
2026-04-24 00:00:00,A,4816,1325221417096HURL0,2026-04-24 07:00:00,2026-04-24 15:00:00,60,16.0,0,Continuity (2-mould press)
2026-04-24 00:00:00,B,4816,1325221417096HURL0,2026-04-24 15:00:00,2026-04-24 23:00:00,60,16.0,0,Continuity (2-mould press)
2026-04-24 00:00:00,C,4816,1325221417096HURL0,2026-04-24 23:00:00,2026-04-25 07:00:00,60,16.0,0,Continuity (2-mould press)
2026-04-25 00:00:00,A,4816,1325221417096HURL0,2026-04-25 07:00:00,2026-04-25 15:00:00,60,16.0,0,Continuity (2-mould press)
2026-04-25 00:00:00,B,4816,1325221417096HURL0,2026-04-25 15:00:00,2026-04-25 23:00:00,60,16.0,0,Continuity (2-mould press)
2026-04-25 00:00:00,C,4816,1325221417096HURL0,2026-04-25 23:00:00,2026-04-26 07:00:00,60,16.0,0,Continuity (2-mould press)
2026-04-26 00:00:00,A,4816,1325221417096HURL0,2026-04-26 07:00:00,2026-04-26 15:00:00,60,16.0,0,Continuity (2-mould press)
2026-04-26 00:00:00,B,4816,1325221417096HURL0,2026-04-26 15:00:00,2026-04-26 23:00:00,60,16.0,0,Continuity (2-mould press)
2026-04-26 00:00:00,C,4816,1325221417096HURL0,2026-04-26 23:00:00,2026-04-27 07:00:00,60,16.0,0,Continuity (2-mould press)
2026-04-27 00:00:00,A,4816,1325221417096HURL0,2026-04-27 07:00:00,2026-04-27 15:00:00,60,16.0,0,Continuity (2-mould press)
2026-04-27 00:00:00,B,4816,1325221417096HURL0,2026-04-27 15:00:00,2026-04-27 23:00:00,60,16.0,0,Continuity (2-mould press)
2026-04-27 00:00:00,C,4816,1325221417096HURL0,2026-04-27 23:00:00,2026-04-28 07:00:00,60,16.0,0,Continuity (2-mould press)
2026-04-28 00:00:00,A,4816,1325221417096HURL0,2026-04-28 07:00:00,2026-04-28 15:00:00,60,16.0,0,Continuity (2-mould press)
2026-04-28 00:00:00,B,4816,1325221417096HURL0,2026-04-28 15:00:00,2026-04-28 23:00:00,60,16.0,0,Continuity (2-mould press)
2026-04-28 00:00:00,C,4816,1325221417096HURL0,2026-04-28 23:00:00,2026-04-29 07:00:00,60,16.0,0,Continuity (2-mould press)
2026-04-29 00:00:00,A,4816,1325221417096HURL0,2026-04-29 07:00:00,2026-04-29 15:00:00,60,16.0,0,Continuity (2-mould press)
2026-04-29 00:00:00,B,4816,1325221417096HURL0,2026-04-29 15:00:00,2026-04-29 23:00:00,60,16.0,0,Continuity (2-mould press)
2026-04-29 00:00:00,C,4816,1325221417096HURL0,2026-04-29 23:00:00,2026-04-29 23:20:00,2,16.0,0,Continuity (2-mould press)
2026-04-08 00:00:00,A,4817,1325224716111SELS0,2026-04-08 07:00:00,2026-04-08 15:00:00,51,19.0,0,Continuity (2-mould press)
2026-04-08 00:00:00,B,4817,1325224716111SELS0,2026-04-08 15:00:00,2026-04-08 23:00:00,51,19.0,0,Continuity (2-mould press)
2026-04-08 00:00:00,C,4817,1325224716111SELS0,2026-04-08 23:00:00,2026-04-09 07:00:00,51,19.0,0,Continuity (2-mould press)
2026-04-09 00:00:00,A,4817,1325224716111SELS0,2026-04-09 07:00:00,2026-04-09 15:00:00,51,19.0,0,Continuity (2-mould press)
2026-04-09 00:00:00,B,4817,1325224716111SELS0,2026-04-09 15:00:00,2026-04-09 23:00:00,51,19.0,0,Continuity (2-mould press)
2026-04-09 00:00:00,C,4817,1325224716111SELS0,2026-04-09 23:00:00,2026-04-10 07:00:00,51,19.0,0,Continuity (2-mould press)
2026-04-10 00:00:00,A,4817,1325224716111SELS0,2026-04-10 07:00:00,2026-04-10 15:00:00,51,19.0,0,Continuity (2-mould press)
2026-04-10 00:00:00,B,4817,1325224716111SELS0,2026-04-10 15:00:00,2026-04-10 23:00:00,51,19.0,0,Continuity (2-mould press)
2026-04-10 00:00:00,C,4817,1325224716111SELS0,2026-04-10 23:00:00,2026-04-11 07:00:00,51,19.0,0,Continuity (2-mould press)
2026-04-11 00:00:00,A,4817,1325224716111SELS0,2026-04-11 07:00:00,2026-04-11 15:00:00,51,19.0,0,Continuity (2-mould press)
2026-04-11 00:00:00,B,4817,1325224716111SELS0,2026-04-11 15:00:00,2026-04-11 23:00:00,51,19.0,0,Continuity (2-mould press)
2026-04-11 00:00:00,C,4817,1325224716111SELS0,2026-04-11 23:00:00,2026-04-12 07:00:00,51,19.0,0,Continuity (2-mould press)
2026-04-12 00:00:00,A,4817,1325224716111SELS0,2026-04-12 07:00:00,2026-04-12 15:00:00,51,19.0,0,Continuity (2-mould press)
2026-04-12 00:00:00,B,4817,1325224716111SELS0,2026-04-12 15:00:00,2026-04-12 23:00:00,51,19.0,0,Continuity (2-mould press)
2026-04-12 00:00:00,C,4817,1325224716111SELS0,2026-04-12 23:00:00,2026-04-13 07:00:00,51,19.0,0,Continuity (2-mould press)
2026-04-13 00:00:00,A,4817,1325224716111SELS0,2026-04-13 07:00:00,2026-04-13 15:00:00,51,19.0,0,Continuity (2-mould press)
2026-04-13 00:00:00,B,4817,1325224716111SELS0,2026-04-13 15:00:00,2026-04-13 23:00:00,51,19.0,0,Continuity (2-mould press)
2026-04-13 00:00:00,C,4817,1325224716111SELS0,2026-04-13 23:00:00,2026-04-14 07:00:00,51,19.0,0,Continuity (2-mould press)
2026-04-14 00:00:00,A,4817,1325224716111SELS0,2026-04-14 07:00:00,2026-04-14 15:00:00,51,19.0,0,Continuity (2-mould press)
2026-04-14 00:00:00,B,4817,1325224716111SELS0,2026-04-14 15:00:00,2026-04-14 23:00:00,51,19.0,0,Continuity (2-mould press)
2026-04-14 00:00:00,C,4817,1325224716111SELS0,2026-04-14 23:00:00,2026-04-15 07:00:00,51,19.0,0,Continuity (2-mould press)
2026-04-15 00:00:00,A,4817,1325224716111SELS0,2026-04-15 07:00:00,2026-04-15 15:00:00,51,19.0,0,Continuity (2-mould press)
2026-04-15 00:00:00,B,4817,1325224716111SELS0,2026-04-15 15:00:00,2026-04-15 23:00:00,51,19.0,0,Continuity (2-mould press)
2026-04-15 00:00:00,C,4817,1325224716111SELS0,2026-04-15 23:00:00,2026-04-16 07:00:00,51,19.0,0,Continuity (2-mould press)
2026-04-16 00:00:00,A,4817,1325224716111SELS0,2026-04-16 07:00:00,2026-04-16 15:00:00,51,19.0,0,Continuity (2-mould press)
2026-04-16 00:00:00,B,4817,1325224716111SELS0,2026-04-16 15:00:00,2026-04-16 23:00:00,51,19.0,0,Continuity (2-mould press)
2026-04-16 00:00:00,C,4817,1325224716111SELS0,2026-04-16 23:00:00,2026-04-17 07:00:00,51,19.0,0,Continuity (2-mould press)
2026-04-17 00:00:00,A,4817,1325224716111SELS0,2026-04-17 07:00:00,2026-04-17 15:00:00,51,19.0,0,Continuity (2-mould press)
2026-04-17 00:00:00,B,4817,1325224716111SELS0,2026-04-17 15:00:00,2026-04-17 23:00:00,51,19.0,0,Continuity (2-mould press)
2026-04-17 00:00:00,C,4817,1325224716111SELS0,2026-04-17 23:00:00,2026-04-18 07:00:00,51,19.0,0,Continuity (2-mould press)
2026-04-18 00:00:00,A,4817,1325224716111SELS0,2026-04-18 07:00:00,2026-04-18 15:00:00,51,19.0,0,Continuity (2-mould press)
2026-04-18 00:00:00,B,4817,1325224716111SELS0,2026-04-18 15:00:00,2026-04-18 23:00:00,51,19.0,0,Continuity (2-mould press)
2026-04-18 00:00:00,C,4817,1325224716111SELS0,2026-04-18 23:00:00,2026-04-19 07:00:00,51,19.0,0,Continuity (2-mould press)
2026-04-19 00:00:00,A,4817,1325224716111SELS0,2026-04-19 07:00:00,2026-04-19 15:00:00,51,19.0,0,Continuity (2-mould press)
2026-04-19 00:00:00,B,4817,1325224716111SELS0,2026-04-19 15:00:00,2026-04-19 23:00:00,51,19.0,0,Continuity (2-mould press)
2026-04-19 00:00:00,C,4817,1325224716111SELS0,2026-04-19 23:00:00,2026-04-20 07:00:00,51,19.0,0,Continuity (2-mould press)
2026-04-20 00:00:00,A,4817,1325224716111SELS0,2026-04-20 07:00:00,2026-04-20 15:00:00,51,19.0,0,Continuity (2-mould press)
2026-04-20 00:00:00,B,4817,1325224716111SELS0,2026-04-20 15:00:00,2026-04-20 23:00:00,51,19.0,0,Continuity (2-mould press)
2026-04-20 00:00:00,C,4817,1325224716111SELS0,2026-04-20 23:00:00,2026-04-21 07:00:00,51,19.0,0,Continuity (2-mould press)
2026-04-21 00:00:00,A,4817,1325224716111SELS0,2026-04-21 07:00:00,2026-04-21 15:00:00,51,19.0,0,Continuity (2-mould press)
2026-04-21 00:00:00,B,4817,1325224716111SELS0,2026-04-21 15:00:00,2026-04-21 23:00:00,51,19.0,0,Continuity (2-mould press)
2026-04-21 00:00:00,C,4817,1325224716111SELS0,2026-04-21 23:00:00,2026-04-22 07:00:00,51,19.0,0,Continuity (2-mould press)
2026-04-22 00:00:00,A,4817,1325224716111SELS0,2026-04-22 07:00:00,2026-04-22 15:00:00,51,19.0,0,Continuity (2-mould press)
2026-04-22 00:00:00,B,4817,1325224716111SELS0,2026-04-22 15:00:00,2026-04-22 23:00:00,51,19.0,0,Continuity (2-mould press)
2026-04-22 00:00:00,C,4817,1325224716111SELS0,2026-04-22 23:00:00,2026-04-23 07:00:00,51,19.0,0,Continuity (2-mould press)
2026-04-23 00:00:00,A,4817,1325224716111SELS0,2026-04-23 07:00:00,2026-04-23 15:00:00,51,19.0,0,Continuity (2-mould press)
2026-04-23 00:00:00,B,4817,1325224716111SELS0,2026-04-23 15:00:00,2026-04-23 23:00:00,51,19.0,0,Continuity (2-mould press)
2026-04-23 00:00:00,C,4817,1325224716111SELS0,2026-04-23 23:00:00,2026-04-24 07:00:00,51,19.0,0,Continuity (2-mould press)
2026-04-24 00:00:00,A,4817,1325224716111SELS0,2026-04-24 07:00:00,2026-04-24 15:00:00,51,19.0,0,Continuity (2-mould press)
2026-04-24 00:00:00,B,4817,1325224716111SELS0,2026-04-24 15:00:00,2026-04-24 23:00:00,51,19.0,0,Continuity (2-mould press)
2026-04-24 00:00:00,C,4817,1325224716111SELS0,2026-04-24 23:00:00,2026-04-25 07:00:00,51,19.0,0,Continuity (2-mould press)
2026-04-25 00:00:00,A,4817,1325224716111SELS0,2026-04-25 07:00:00,2026-04-25 15:00:00,51,19.0,0,Continuity (2-mould press)
2026-04-25 00:00:00,B,4817,1325224716111SELS0,2026-04-25 15:00:00,2026-04-25 23:00:00,51,19.0,0,Continuity (2-mould press)
2026-04-25 00:00:00,C,4817,1325224716111SELS0,2026-04-25 23:00:00,2026-04-26 07:00:00,51,19.0,0,Continuity (2-mould press)
2026-04-26 00:00:00,A,4817,1325224716111SELS0,2026-04-26 07:00:00,2026-04-26 15:00:00,51,19.0,0,Continuity (2-mould press)
2026-04-26 00:00:00,B,4817,1325224716111SELS0,2026-04-26 15:00:00,2026-04-26 23:00:00,51,19.0,0,Continuity (2-mould press)
2026-04-26 00:00:00,C,4817,1325224716111SELS0,2026-04-26 23:00:00,2026-04-27 07:00:00,51,19.0,0,Continuity (2-mould press)
2026-04-27 00:00:00,A,4817,1325224716111SELS0,2026-04-27 07:00:00,2026-04-27 15:00:00,51,19.0,0,Continuity (2-mould press)
2026-04-27 00:00:00,B,4817,1325224716111SELS0,2026-04-27 15:00:00,2026-04-27 23:00:00,51,19.0,0,Continuity (2-mould press)
2026-04-27 00:00:00,C,4817,1325224716111SELS0,2026-04-27 23:00:00,2026-04-28 07:00:00,51,19.0,0,Continuity (2-mould press)
2026-04-28 00:00:00,A,4817,1325224716111SELS0,2026-04-28 07:00:00,2026-04-28 15:00:00,51,19.0,0,Continuity (2-mould press)
2026-04-28 00:00:00,B,4817,1325224716111SELS0,2026-04-28 15:00:00,2026-04-28 23:00:00,51,19.0,0,Continuity (2-mould press)
2026-04-28 00:00:00,C,4817,1325224716111SELS0,2026-04-28 23:00:00,2026-04-29 07:00:00,51,19.0,0,Continuity (2-mould press)
2026-04-29 00:00:00,A,4817,1325224716111SELS0,2026-04-29 07:00:00,2026-04-29 15:00:00,51,19.0,0,Continuity (2-mould press)
2026-04-29 00:00:00,B,4817,1325224716111SELS0,2026-04-29 15:00:00,2026-04-29 23:00:00,51,19.0,0,Continuity (2-mould press)
2026-04-29 00:00:00,C,4817,1325224716111SELS0,2026-04-29 23:00:00,2026-04-30 07:00:00,51,19.0,0,Continuity (2-mould press)
2026-04-30 00:00:00,A,4817,1325224716111SELS0,2026-04-30 07:00:00,2026-04-30 15:00:00,51,19.0,0,Continuity (2-mould press)
2026-04-30 00:00:00,B,4817,1325224716111SELS0,2026-04-30 15:00:00,2026-04-30 23:00:00,51,19.0,0,Continuity (2-mould press)
2026-04-30 00:00:00,C,4817,1325224716111SELS0,2026-04-30 23:00:00,2026-05-01 07:00:00,51,19.0,0,Continuity (2-mould press)
2026-05-01 00:00:00,A,4817,1325224716111SELS0,2026-05-01 07:00:00,2026-05-01 15:00:00,51,19.0,0,Continuity (2-mould press)
2026-05-01 00:00:00,B,4817,1325224716111SELS0,2026-05-01 15:00:00,2026-05-01 23:00:00,51,19.0,0,Continuity (2-mould press)
2026-05-01 00:00:00,C,4817,1325224716111SELS0,2026-05-01 23:00:00,2026-05-02 07:00:00,51,19.0,0,Continuity (2-mould press)
2026-05-02 00:00:00,A,4817,1325224716111SELS0,2026-05-02 07:00:00,2026-05-02 15:00:00,51,19.0,0,Continuity (2-mould press)
2026-05-02 00:00:00,B,4817,1325224716111SELS0,2026-05-02 15:00:00,2026-05-02 23:00:00,51,19.0,0,Continuity (2-mould press)
2026-05-02 00:00:00,C,4817,1325224716111SELS0,2026-05-02 23:00:00,2026-05-03 07:00:00,51,19.0,0,Continuity (2-mould press)
2026-05-03 00:00:00,A,4817,1325224716111SELS0,2026-05-03 07:00:00,2026-05-03 15:00:00,51,19.0,0,Continuity (2-mould press)
2026-05-03 00:00:00,B,4817,1325224716111SELS0,2026-05-03 15:00:00,2026-05-03 23:00:00,51,19.0,0,Continuity (2-mould press)
2026-05-03 00:00:00,C,4817,1325224716111SELS0,2026-05-03 23:00:00,2026-05-04 07:00:00,51,19.0,0,Continuity (2-mould press)
2026-05-04 00:00:00,A,4817,1325224716111SELS0,2026-05-04 07:00:00,2026-05-04 15:00:00,51,19.0,0,Continuity (2-mould press)
2026-05-04 00:00:00,B,4817,1325224716111SELS0,2026-05-04 15:00:00,2026-05-04 23:00:00,51,19.0,0,Continuity (2-mould press)
2026-05-04 00:00:00,C,4817,1325224716111SELS0,2026-05-04 23:00:00,2026-05-05 07:00:00,51,19.0,0,Continuity (2-mould press)
2026-05-05 00:00:00,A,4817,1325224716111SELS0,2026-05-05 07:00:00,2026-05-05 15:00:00,51,19.0,0,Continuity (2-mould press)
2026-05-05 00:00:00,B,4817,1325224716111SELS0,2026-05-05 15:00:00,2026-05-05 23:00:00,51,19.0,0,Continuity (2-mould press)
2026-05-05 00:00:00,C,4817,1325224716111SELS0,2026-05-05 23:00:00,2026-05-06 07:00:00,51,19.0,0,Continuity (2-mould press)
2026-05-06 00:00:00,A,4817,1325224716111SELS0,2026-05-06 07:00:00,2026-05-06 15:00:00,51,19.0,0,Continuity (2-mould press)
2026-05-06 00:00:00,B,4817,1325224716111SELS0,2026-05-06 15:00:00,2026-05-06 23:00:00,51,19.0,0,Continuity (2-mould press)
2026-05-06 00:00:00,C,4817,1325224716111SELS0,2026-05-06 23:00:00,2026-05-07 07:00:00,51,19.0,0,Continuity (2-mould press)
2026-05-07 00:00:00,A,4817,1325224716111SELS0,2026-05-07 07:00:00,2026-05-07 15:00:00,51,19.0,0,Continuity (2-mould press)
2026-05-07 00:00:00,B,4817,1325224716111SELS0,2026-05-07 15:00:00,2026-05-07 23:00:00,51,19.0,0,Continuity (2-mould press)
2026-05-07 00:00:00,C,4817,1325224716111SELS0,2026-05-07 23:00:00,2026-05-08 06:47:00,49,19.0,0,Continuity (2-mould press)
2026-04-08 00:00:00,A,4818,1D25215013008SXC10,2026-04-08 07:00:00,2026-04-08 15:00:00,51,19.0,0,Continuity (2-mould press)
2026-04-08 00:00:00,B,4818,1D25215013008SXC10,2026-04-08 15:00:00,2026-04-08 23:00:00,51,19.0,0,Continuity (2-mould press)
2026-04-08 00:00:00,C,4818,1D25215013008SXC10,2026-04-08 23:00:00,2026-04-09 07:00:00,51,19.0,0,Continuity (2-mould press)
2026-04-09 00:00:00,A,4818,1D25215013008SXC10,2026-04-09 07:00:00,2026-04-09 08:58:00,12,19.0,0,Continuity (2-mould press)
2026-04-09 00:00:00,A,4818,MOULD_CLEAN,2026-04-09 08:58:00,2026-04-09 11:58:00,0,0.0,0,Mould cleaning (continuity)
2026-04-09 00:00:00,A,4818,1D25215013008SXC10,2026-04-09 11:58:00,2026-04-09 15:00:00,19,19.0,0,Continuity (2-mould press)
2026-04-09 00:00:00,B,4818,1D25215013008SXC10,2026-04-09 15:00:00,2026-04-09 23:00:00,51,19.0,0,Continuity (2-mould press)
2026-04-09 00:00:00,C,4818,1D25215013008SXC10,2026-04-09 23:00:00,2026-04-10 07:00:00,51,19.0,0,Continuity (2-mould press)
2026-04-10 00:00:00,A,4818,1D25215013008SXC10,2026-04-10 07:00:00,2026-04-10 15:00:00,51,19.0,0,Continuity (2-mould press)
2026-04-10 00:00:00,B,4818,1D25215013008SXC10,2026-04-10 15:00:00,2026-04-10 23:00:00,51,19.0,0,Continuity (2-mould press)
2026-04-10 00:00:00,C,4818,1D25215013008SXC10,2026-04-10 23:00:00,2026-04-11 07:00:00,51,19.0,0,Continuity (2-mould press)
2026-04-11 00:00:00,A,4818,1D25215013008SXC10,2026-04-11 07:00:00,2026-04-11 15:00:00,51,19.0,0,Continuity (2-mould press)
2026-04-11 00:00:00,B,4818,1D25215013008SXC10,2026-04-11 15:00:00,2026-04-11 23:00:00,51,19.0,0,Continuity (2-mould press)
2026-04-11 00:00:00,C,4818,1D25215013008SXC10,2026-04-11 23:00:00,2026-04-12 07:00:00,51,19.0,0,Continuity (2-mould press)
2026-04-12 00:00:00,A,4818,1D25215013008SXC10,2026-04-12 07:00:00,2026-04-12 15:00:00,51,19.0,0,Continuity (2-mould press)
2026-04-12 00:00:00,B,4818,1D25215013008SXC10,2026-04-12 15:00:00,2026-04-12 23:00:00,51,19.0,0,Continuity (2-mould press)
2026-04-12 00:00:00,C,4818,1D25215013008SXC10,2026-04-12 23:00:00,2026-04-13 07:00:00,51,19.0,0,Continuity (2-mould press)
2026-04-13 00:00:00,A,4818,1D25215013008SXC10,2026-04-13 07:00:00,2026-04-13 15:00:00,51,19.0,0,Continuity (2-mould press)
2026-04-13 00:00:00,B,4818,1D25215013008SXC10,2026-04-13 15:00:00,2026-04-13 23:00:00,51,19.0,0,Continuity (2-mould press)
2026-04-13 00:00:00,C,4818,1D25215013008SXC10,2026-04-13 23:00:00,2026-04-14 07:00:00,51,19.0,0,Continuity (2-mould press)
2026-04-14 00:00:00,A,4818,1D25215013008SXC10,2026-04-14 07:00:00,2026-04-14 15:00:00,51,19.0,0,Continuity (2-mould press)
2026-04-14 00:00:00,B,4818,1D25215013008SXC10,2026-04-14 15:00:00,2026-04-14 23:00:00,51,19.0,0,Continuity (2-mould press)
2026-04-14 00:00:00,C,4818,1D25215013008SXC10,2026-04-14 23:00:00,2026-04-15 07:00:00,51,19.0,0,Continuity (2-mould press)
2026-04-15 00:00:00,A,4818,1D25215013008SXC10,2026-04-15 07:00:00,2026-04-15 15:00:00,51,19.0,0,Continuity (2-mould press)
2026-04-15 00:00:00,B,4818,1D25215013008SXC10,2026-04-15 15:00:00,2026-04-15 23:00:00,51,19.0,0,Continuity (2-mould press)
2026-04-15 00:00:00,C,4818,1D25215013008SXC10,2026-04-15 23:00:00,2026-04-16 07:00:00,51,19.0,0,Continuity (2-mould press)
2026-04-16 00:00:00,A,4818,1D25215013008SXC10,2026-04-16 07:00:00,2026-04-16 15:00:00,51,19.0,0,Continuity (2-mould press)
2026-04-16 00:00:00,B,4818,1D25215013008SXC10,2026-04-16 15:00:00,2026-04-16 23:00:00,51,19.0,0,Continuity (2-mould press)
2026-04-16 00:00:00,C,4818,1D25215013008SXC10,2026-04-16 23:00:00,2026-04-17 07:00:00,51,19.0,0,Continuity (2-mould press)
2026-04-17 00:00:00,A,4818,1D25215013008SXC10,2026-04-17 07:00:00,2026-04-17 15:00:00,51,19.0,0,Continuity (2-mould press)
2026-04-17 00:00:00,B,4818,1D25215013008SXC10,2026-04-17 15:00:00,2026-04-17 23:00:00,51,19.0,0,Continuity (2-mould press)
2026-04-17 00:00:00,C,4818,1D25215013008SXC10,2026-04-17 23:00:00,2026-04-18 07:00:00,51,19.0,0,Continuity (2-mould press)
2026-04-18 00:00:00,A,4818,1D25215013008SXC10,2026-04-18 07:00:00,2026-04-18 15:00:00,51,19.0,0,Continuity (2-mould press)
2026-04-18 00:00:00,B,4818,1D25215013008SXC10,2026-04-18 15:00:00,2026-04-18 23:00:00,51,19.0,0,Continuity (2-mould press)
2026-04-18 00:00:00,C,4818,1D25215013008SXC10,2026-04-18 23:00:00,2026-04-19 07:00:00,51,19.0,0,Continuity (2-mould press)
2026-04-19 00:00:00,A,4818,1D25215013008SXC10,2026-04-19 07:00:00,2026-04-19 15:00:00,51,19.0,0,Continuity (2-mould press)
2026-04-19 00:00:00,B,4818,1D25215013008SXC10,2026-04-19 15:00:00,2026-04-19 23:00:00,51,19.0,0,Continuity (2-mould press)
2026-04-19 00:00:00,C,4818,1D25215013008SXC10,2026-04-19 23:00:00,2026-04-20 07:00:00,51,19.0,0,Continuity (2-mould press)
2026-04-20 00:00:00,A,4818,1D25215013008SXC10,2026-04-20 07:00:00,2026-04-20 15:00:00,51,19.0,0,Continuity (2-mould press)
2026-04-20 00:00:00,B,4818,1D25215013008SXC10,2026-04-20 15:00:00,2026-04-20 23:00:00,51,19.0,0,Continuity (2-mould press)
2026-04-20 00:00:00,C,4818,1D25215013008SXC10,2026-04-20 23:00:00,2026-04-21 07:00:00,51,19.0,0,Continuity (2-mould press)
2026-04-21 00:00:00,A,4818,1D25215013008SXC10,2026-04-21 07:00:00,2026-04-21 15:00:00,51,19.0,0,Continuity (2-mould press)
2026-04-21 00:00:00,B,4818,1D25215013008SXC10,2026-04-21 15:00:00,2026-04-21 23:00:00,51,19.0,0,Continuity (2-mould press)
2026-04-21 00:00:00,C,4818,1D25215013008SXC10,2026-04-21 23:00:00,2026-04-22 07:00:00,51,19.0,0,Continuity (2-mould press)
2026-04-22 00:00:00,A,4818,1D25215013008SXC10,2026-04-22 07:00:00,2026-04-22 15:00:00,51,19.0,0,Continuity (2-mould press)
2026-04-22 00:00:00,B,4818,1D25215013008SXC10,2026-04-22 15:00:00,2026-04-22 23:00:00,51,19.0,0,Continuity (2-mould press)
2026-04-22 00:00:00,C,4818,1D25215013008SXC10,2026-04-22 23:00:00,2026-04-23 07:00:00,51,19.0,0,Continuity (2-mould press)
2026-04-23 00:00:00,A,4818,1D25215013008SXC10,2026-04-23 07:00:00,2026-04-23 15:00:00,51,19.0,0,Continuity (2-mould press)
2026-04-23 00:00:00,B,4818,1D25215013008SXC10,2026-04-23 15:00:00,2026-04-23 23:00:00,51,19.0,0,Continuity (2-mould press)
2026-04-23 00:00:00,C,4818,1D25215013008SXC10,2026-04-23 23:00:00,2026-04-24 07:00:00,51,19.0,0,Continuity (2-mould press)
2026-04-24 00:00:00,A,4818,1D25215013008SXC10,2026-04-24 07:00:00,2026-04-24 15:00:00,51,19.0,0,Continuity (2-mould press)
2026-04-24 00:00:00,B,4818,1D25215013008SXC10,2026-04-24 15:00:00,2026-04-24 23:00:00,51,19.0,0,Continuity (2-mould press)
2026-04-24 00:00:00,C,4818,1D25215013008SXC10,2026-04-24 23:00:00,2026-04-25 07:00:00,51,19.0,0,Continuity (2-mould press)
2026-04-25 00:00:00,A,4818,1D25215013008SXC10,2026-04-25 07:00:00,2026-04-25 15:00:00,51,19.0,0,Continuity (2-mould press)
2026-04-25 00:00:00,B,4818,1D25215013008SXC10,2026-04-25 15:00:00,2026-04-25 23:00:00,51,19.0,0,Continuity (2-mould press)
2026-04-25 00:00:00,C,4818,1D25215013008SXC10,2026-04-25 23:00:00,2026-04-26 07:00:00,51,19.0,0,Continuity (2-mould press)
2026-04-26 00:00:00,A,4818,1D25215013008SXC10,2026-04-26 07:00:00,2026-04-26 15:00:00,51,19.0,0,Continuity (2-mould press)
2026-04-26 00:00:00,B,4818,1D25215013008SXC10,2026-04-26 15:00:00,2026-04-26 23:00:00,51,19.0,0,Continuity (2-mould press)
2026-04-26 00:00:00,C,4818,1D25215013008SXC10,2026-04-26 23:00:00,2026-04-27 07:00:00,51,19.0,0,Continuity (2-mould press)
2026-04-27 00:00:00,A,4818,1D25215013008SXC10,2026-04-27 07:00:00,2026-04-27 15:00:00,51,19.0,0,Continuity (2-mould press)
2026-04-27 00:00:00,B,4818,1D25215013008SXC10,2026-04-27 15:00:00,2026-04-27 23:00:00,51,19.0,0,Continuity (2-mould press)
2026-04-27 00:00:00,C,4818,1D25215013008SXC10,2026-04-27 23:00:00,2026-04-28 07:00:00,51,19.0,0,Continuity (2-mould press)
2026-04-28 00:00:00,A,4818,1D25215013008SXC10,2026-04-28 07:00:00,2026-04-28 15:00:00,51,19.0,0,Continuity (2-mould press)
2026-04-28 00:00:00,B,4818,1D25215013008SXC10,2026-04-28 15:00:00,2026-04-28 23:00:00,51,19.0,0,Continuity (2-mould press)
2026-04-28 00:00:00,C,4818,1D25215013008SXC10,2026-04-28 23:00:00,2026-04-29 07:00:00,51,19.0,0,Continuity (2-mould press)
2026-04-29 00:00:00,A,4818,1D25215013008SXC10,2026-04-29 07:00:00,2026-04-29 15:00:00,51,19.0,0,Continuity (2-mould press)
2026-04-29 00:00:00,B,4818,1D25215013008SXC10,2026-04-29 15:00:00,2026-04-29 23:00:00,51,19.0,0,Continuity (2-mould press)
2026-04-29 00:00:00,C,4818,1D25215013008SXC10,2026-04-29 23:00:00,2026-04-30 07:00:00,51,19.0,0,Continuity (2-mould press)
2026-04-30 00:00:00,A,4818,1D25215013008SXC10,2026-04-30 07:00:00,2026-04-30 10:31:00,22,19.0,0,Continuity (2-mould press)
2026-04-08 00:00:00,A,4819,1325225518111HRHB0,2026-04-08 07:00:00,2026-04-08 15:00:00,53,18.0,0,Continuity (2-mould press)
2026-04-08 00:00:00,B,4819,1325225518111HRHB0,2026-04-08 15:00:00,2026-04-08 23:00:00,53,18.0,0,Continuity (2-mould press)
2026-04-08 00:00:00,C,4819,1325225518111HRHB0,2026-04-08 23:00:00,2026-04-09 07:00:00,53,18.0,0,Continuity (2-mould press)
2026-04-09 00:00:00,A,4819,1325225518111HRHB0,2026-04-09 07:00:00,2026-04-09 15:00:00,53,18.0,0,Continuity (2-mould press)
2026-04-09 00:00:00,B,4819,1325225518111HRHB0,2026-04-09 15:00:00,2026-04-09 23:00:00,53,18.0,0,Continuity (2-mould press)
2026-04-09 00:00:00,C,4819,1325225518111HRHB0,2026-04-09 23:00:00,2026-04-10 07:00:00,53,18.0,0,Continuity (2-mould press)
2026-04-10 00:00:00,A,4819,1325225518111HRHB0,2026-04-10 07:00:00,2026-04-10 15:00:00,53,18.0,0,Continuity (2-mould press)
2026-04-10 00:00:00,B,4819,1325225518111HRHB0,2026-04-10 15:00:00,2026-04-10 23:00:00,53,18.0,0,Continuity (2-mould press)
2026-04-10 00:00:00,C,4819,1325225518111HRHB0,2026-04-10 23:00:00,2026-04-11 07:00:00,53,18.0,0,Continuity (2-mould press)
2026-04-11 00:00:00,A,4819,1325225518111HRHB0,2026-04-11 07:00:00,2026-04-11 15:00:00,53,18.0,0,Continuity (2-mould press)
2026-04-11 00:00:00,B,4819,1325225518111HRHB0,2026-04-11 15:00:00,2026-04-11 23:00:00,53,18.0,0,Continuity (2-mould press)
2026-04-11 00:00:00,C,4819,1325225518111HRHB0,2026-04-11 23:00:00,2026-04-12 07:00:00,53,18.0,0,Continuity (2-mould press)
2026-04-12 00:00:00,A,4819,1325225518111HRHB0,2026-04-12 07:00:00,2026-04-12 15:00:00,53,18.0,0,Continuity (2-mould press)
2026-04-12 00:00:00,B,4819,1325225518111HRHB0,2026-04-12 15:00:00,2026-04-12 22:36:00,51,18.0,0,Continuity (2-mould press)
2026-04-12 00:00:00,B,4819,MOULD_CLEAN,2026-04-12 22:36:00,2026-04-12 23:00:00,0,0.0,0,Mould cleaning (continuity)
2026-04-12 00:00:00,C,4819,MOULD_CLEAN,2026-04-12 23:00:00,2026-04-13 01:36:00,0,0.0,0,Mould cleaning (continuity)
2026-04-12 00:00:00,C,4819,1325225518111HRHB0,2026-04-13 01:36:00,2026-04-13 07:00:00,36,18.0,0,Continuity (2-mould press)
2026-04-13 00:00:00,A,4819,1325225518111HRHB0,2026-04-13 07:00:00,2026-04-13 15:00:00,53,18.0,0,Continuity (2-mould press)
2026-04-13 00:00:00,B,4819,1325225518111HRHB0,2026-04-13 15:00:00,2026-04-13 23:00:00,53,18.0,0,Continuity (2-mould press)
2026-04-13 00:00:00,C,4819,1325225518111HRHB0,2026-04-13 23:00:00,2026-04-14 07:00:00,53,18.0,0,Continuity (2-mould press)
2026-04-14 00:00:00,A,4819,1325225518111HRHB0,2026-04-14 07:00:00,2026-04-14 15:00:00,53,18.0,0,Continuity (2-mould press)
2026-04-14 00:00:00,B,4819,1325225518111HRHB0,2026-04-14 15:00:00,2026-04-14 23:00:00,53,18.0,0,Continuity (2-mould press)
2026-04-14 00:00:00,C,4819,1325225518111HRHB0,2026-04-14 23:00:00,2026-04-15 07:00:00,53,18.0,0,Continuity (2-mould press)
2026-04-15 00:00:00,A,4819,1325225518111HRHB0,2026-04-15 07:00:00,2026-04-15 15:00:00,53,18.0,0,Continuity (2-mould press)
2026-04-15 00:00:00,B,4819,1325225518111HRHB0,2026-04-15 15:00:00,2026-04-15 23:00:00,53,18.0,0,Continuity (2-mould press)
2026-04-15 00:00:00,C,4819,1325225518111HRHB0,2026-04-15 23:00:00,2026-04-16 07:00:00,53,18.0,0,Continuity (2-mould press)
2026-04-16 00:00:00,A,4819,1325225518111HRHB0,2026-04-16 07:00:00,2026-04-16 15:00:00,53,18.0,0,Continuity (2-mould press)
2026-04-16 00:00:00,B,4819,1325225518111HRHB0,2026-04-16 15:00:00,2026-04-16 23:00:00,53,18.0,0,Continuity (2-mould press)
2026-04-16 00:00:00,C,4819,1325225518111HRHB0,2026-04-16 23:00:00,2026-04-17 07:00:00,53,18.0,0,Continuity (2-mould press)
2026-04-17 00:00:00,A,4819,1325225518111HRHB0,2026-04-17 07:00:00,2026-04-17 15:00:00,53,18.0,0,Continuity (2-mould press)
2026-04-17 00:00:00,B,4819,1325225518111HRHB0,2026-04-17 15:00:00,2026-04-17 23:00:00,53,18.0,0,Continuity (2-mould press)
2026-04-17 00:00:00,C,4819,1325225518111HRHB0,2026-04-17 23:00:00,2026-04-18 07:00:00,53,18.0,0,Continuity (2-mould press)
2026-04-18 00:00:00,A,4819,1325225518111HRHB0,2026-04-18 07:00:00,2026-04-18 15:00:00,53,18.0,0,Continuity (2-mould press)
2026-04-18 00:00:00,B,4819,1325225518111HRHB0,2026-04-18 15:00:00,2026-04-18 23:00:00,53,18.0,0,Continuity (2-mould press)
2026-04-18 00:00:00,C,4819,1325225518111HRHB0,2026-04-18 23:00:00,2026-04-19 07:00:00,53,18.0,0,Continuity (2-mould press)
2026-04-19 00:00:00,A,4819,1325225518111HRHB0,2026-04-19 07:00:00,2026-04-19 15:00:00,53,18.0,0,Continuity (2-mould press)
2026-04-19 00:00:00,B,4819,1325225518111HRHB0,2026-04-19 15:00:00,2026-04-19 23:00:00,53,18.0,0,Continuity (2-mould press)
2026-04-19 00:00:00,C,4819,1325225518111HRHB0,2026-04-19 23:00:00,2026-04-20 07:00:00,53,18.0,0,Continuity (2-mould press)
2026-04-20 00:00:00,A,4819,1325225518111HRHB0,2026-04-20 07:00:00,2026-04-20 15:00:00,53,18.0,0,Continuity (2-mould press)
2026-04-20 00:00:00,B,4819,1325225518111HRHB0,2026-04-20 15:00:00,2026-04-20 23:00:00,53,18.0,0,Continuity (2-mould press)
2026-04-20 00:00:00,C,4819,1325225518111HRHB0,2026-04-20 23:00:00,2026-04-21 07:00:00,53,18.0,0,Continuity (2-mould press)
2026-04-21 00:00:00,A,4819,1325225518111HRHB0,2026-04-21 07:00:00,2026-04-21 15:00:00,53,18.0,0,Continuity (2-mould press)
2026-04-21 00:00:00,B,4819,1325225518111HRHB0,2026-04-21 15:00:00,2026-04-21 23:00:00,53,18.0,0,Continuity (2-mould press)
2026-04-21 00:00:00,C,4819,1325225518111HRHB0,2026-04-21 23:00:00,2026-04-22 07:00:00,53,18.0,0,Continuity (2-mould press)
2026-04-22 00:00:00,A,4819,1325225518111HRHB0,2026-04-22 07:00:00,2026-04-22 15:00:00,53,18.0,0,Continuity (2-mould press)
2026-04-22 00:00:00,B,4819,1325225518111HRHB0,2026-04-22 15:00:00,2026-04-22 23:00:00,53,18.0,0,Continuity (2-mould press)
2026-04-22 00:00:00,C,4819,1325225518111HRHB0,2026-04-22 23:00:00,2026-04-23 07:00:00,53,18.0,0,Continuity (2-mould press)
2026-04-23 00:00:00,A,4819,1325225518111HRHB0,2026-04-23 07:00:00,2026-04-23 15:00:00,53,18.0,0,Continuity (2-mould press)
2026-04-23 00:00:00,B,4819,1325225518111HRHB0,2026-04-23 15:00:00,2026-04-23 23:00:00,53,18.0,0,Continuity (2-mould press)
2026-04-23 00:00:00,C,4819,1325225518111HRHB0,2026-04-23 23:00:00,2026-04-24 07:00:00,53,18.0,0,Continuity (2-mould press)
2026-04-24 00:00:00,A,4819,1325225518111HRHB0,2026-04-24 07:00:00,2026-04-24 15:00:00,53,18.0,0,Continuity (2-mould press)
2026-04-24 00:00:00,B,4819,1325225518111HRHB0,2026-04-24 15:00:00,2026-04-24 23:00:00,53,18.0,0,Continuity (2-mould press)
2026-04-24 00:00:00,C,4819,1325225518111HRHB0,2026-04-24 23:00:00,2026-04-25 07:00:00,53,18.0,0,Continuity (2-mould press)
2026-04-25 00:00:00,A,4819,1325225518111HRHB0,2026-04-25 07:00:00,2026-04-25 15:00:00,53,18.0,0,Continuity (2-mould press)
2026-04-25 00:00:00,B,4819,1325225518111HRHB0,2026-04-25 15:00:00,2026-04-25 23:00:00,53,18.0,0,Continuity (2-mould press)
2026-04-25 00:00:00,C,4819,1325225518111HRHB0,2026-04-25 23:00:00,2026-04-26 07:00:00,53,18.0,0,Continuity (2-mould press)
2026-04-26 00:00:00,A,4819,1325225518111HRHB0,2026-04-26 07:00:00,2026-04-26 15:00:00,53,18.0,0,Continuity (2-mould press)
2026-04-26 00:00:00,B,4819,1325225518111HRHB0,2026-04-26 15:00:00,2026-04-26 23:00:00,53,18.0,0,Continuity (2-mould press)
2026-04-26 00:00:00,C,4819,1325225518111HRHB0,2026-04-26 23:00:00,2026-04-27 07:00:00,53,18.0,0,Continuity (2-mould press)
2026-04-27 00:00:00,A,4819,1325225518111HRHB0,2026-04-27 07:00:00,2026-04-27 15:00:00,53,18.0,0,Continuity (2-mould press)
2026-04-27 00:00:00,B,4819,1325225518111HRHB0,2026-04-27 15:00:00,2026-04-27 23:00:00,53,18.0,0,Continuity (2-mould press)
2026-04-27 00:00:00,C,4819,1325225518111HRHB0,2026-04-27 23:00:00,2026-04-28 07:00:00,53,18.0,0,Continuity (2-mould press)
2026-04-28 00:00:00,A,4819,1325225518111HRHB0,2026-04-28 07:00:00,2026-04-28 15:00:00,53,18.0,0,Continuity (2-mould press)
2026-04-28 00:00:00,B,4819,1325225518111HRHB0,2026-04-28 15:00:00,2026-04-28 23:00:00,53,18.0,0,Continuity (2-mould press)
2026-04-28 00:00:00,C,4819,1325225518111HRHB0,2026-04-28 23:00:00,2026-04-29 07:00:00,53,18.0,0,Continuity (2-mould press)
2026-04-29 00:00:00,A,4819,1325225518111HRHB0,2026-04-29 07:00:00,2026-04-29 15:00:00,53,18.0,0,Continuity (2-mould press)
2026-04-29 00:00:00,B,4819,1325225518111HRHB0,2026-04-29 15:00:00,2026-04-29 23:00:00,53,18.0,0,Continuity (2-mould press)
2026-04-29 00:00:00,C,4819,1325225518111HRHB0,2026-04-29 23:00:00,2026-04-30 07:00:00,53,18.0,0,Continuity (2-mould press)
2026-04-30 00:00:00,A,4819,1325225518111HRHB0,2026-04-30 07:00:00,2026-04-30 15:00:00,53,18.0,0,Continuity (2-mould press)
2026-04-30 00:00:00,B,4819,1325225518111HRHB0,2026-04-30 15:00:00,2026-04-30 23:00:00,53,18.0,0,Continuity (2-mould press)
2026-04-30 00:00:00,C,4819,1325225518111HRHB0,2026-04-30 23:00:00,2026-05-01 07:00:00,53,18.0,0,Continuity (2-mould press)
2026-05-01 00:00:00,A,4819,1325225518111HRHB0,2026-05-01 07:00:00,2026-05-01 15:00:00,53,18.0,0,Continuity (2-mould press)
2026-05-01 00:00:00,B,4819,1325225518111HRHB0,2026-05-01 15:00:00,2026-05-01 23:00:00,53,18.0,0,Continuity (2-mould press)
2026-05-01 00:00:00,C,4819,1325225518111HRHB0,2026-05-01 23:00:00,2026-05-02 07:00:00,53,18.0,0,Continuity (2-mould press)
2026-05-02 00:00:00,A,4819,1325225518111HRHB0,2026-05-02 07:00:00,2026-05-02 15:00:00,53,18.0,0,Continuity (2-mould press)
2026-05-02 00:00:00,B,4819,1325225518111HRHB0,2026-05-02 15:00:00,2026-05-02 23:00:00,53,18.0,0,Continuity (2-mould press)
2026-05-02 00:00:00,C,4819,1325225518111HRHB0,2026-05-02 23:00:00,2026-05-03 07:00:00,53,18.0,0,Continuity (2-mould press)
2026-05-03 00:00:00,A,4819,1325225518111HRHB0,2026-05-03 07:00:00,2026-05-03 15:00:00,53,18.0,0,Continuity (2-mould press)
2026-05-03 00:00:00,B,4819,1325225518111HRHB0,2026-05-03 15:00:00,2026-05-03 23:00:00,53,18.0,0,Continuity (2-mould press)
2026-05-03 00:00:00,C,4819,1325225518111HRHB0,2026-05-03 23:00:00,2026-05-04 07:00:00,53,18.0,0,Continuity (2-mould press)
2026-05-04 00:00:00,A,4819,1325225518111HRHB0,2026-05-04 07:00:00,2026-05-04 15:00:00,53,18.0,0,Continuity (2-mould press)
2026-05-04 00:00:00,B,4819,1325225518111HRHB0,2026-05-04 15:00:00,2026-05-04 23:00:00,53,18.0,0,Continuity (2-mould press)
2026-05-04 00:00:00,C,4819,1325225518111HRHB0,2026-05-04 23:00:00,2026-05-05 07:00:00,53,18.0,0,Continuity (2-mould press)
2026-05-05 00:00:00,A,4819,1325225518111HRHB0,2026-05-05 07:00:00,2026-05-05 15:00:00,53,18.0,0,Continuity (2-mould press)
2026-05-05 00:00:00,B,4819,1325225518111HRHB0,2026-05-05 15:00:00,2026-05-05 23:00:00,53,18.0,0,Continuity (2-mould press)
2026-05-05 00:00:00,C,4819,1325225518111HRHB0,2026-05-05 23:00:00,2026-05-06 07:00:00,53,18.0,0,Continuity (2-mould press)
2026-05-06 00:00:00,A,4819,1325225518111HRHB0,2026-05-06 07:00:00,2026-05-06 15:00:00,53,18.0,0,Continuity (2-mould press)
2026-05-06 00:00:00,B,4819,1325225518111HRHB0,2026-05-06 15:00:00,2026-05-06 23:00:00,53,18.0,0,Continuity (2-mould press)
2026-05-06 00:00:00,C,4819,1325225518111HRHB0,2026-05-06 23:00:00,2026-05-07 07:00:00,53,18.0,0,Continuity (2-mould press)
2026-05-07 00:00:00,A,4819,1325225518111HRHB0,2026-05-07 07:00:00,2026-05-07 15:00:00,53,18.0,0,Continuity (2-mould press)
2026-05-07 00:00:00,B,4819,1325225518111HRHB0,2026-05-07 15:00:00,2026-05-07 23:00:00,53,18.0,0,Continuity (2-mould press)
2026-05-07 00:00:00,C,4819,1325225518111HRHB0,2026-05-07 23:00:00,2026-05-08 07:00:00,53,18.0,0,Continuity (2-mould press)
2026-04-08 00:00:00,A,4820,1325218614088TTMX0,2026-04-08 07:00:00,2026-04-08 15:00:00,64,15.0,0,Continuity (2-mould press)
2026-04-08 00:00:00,B,4820,1325218614088TTMX0,2026-04-08 15:00:00,2026-04-08 23:00:00,64,15.0,0,Continuity (2-mould press)
2026-04-08 00:00:00,C,4820,1325218614088TTMX0,2026-04-08 23:00:00,2026-04-09 07:00:00,64,15.0,0,Continuity (2-mould press)
2026-04-09 00:00:00,A,4820,1325218614088TTMX0,2026-04-09 07:00:00,2026-04-09 15:00:00,64,15.0,0,Continuity (2-mould press)
2026-04-09 00:00:00,B,4820,1325218614088TTMX0,2026-04-09 15:00:00,2026-04-09 23:00:00,64,15.0,0,Continuity (2-mould press)
2026-04-09 00:00:00,C,4820,1325218614088TTMX0,2026-04-09 23:00:00,2026-04-10 07:00:00,64,15.0,0,Continuity (2-mould press)
2026-04-10 00:00:00,A,4820,1325218614088TTMX0,2026-04-10 07:00:00,2026-04-10 15:00:00,64,15.0,0,Continuity (2-mould press)
2026-04-10 00:00:00,B,4820,1325218614088TTMX0,2026-04-10 15:00:00,2026-04-10 23:00:00,64,15.0,0,Continuity (2-mould press)
2026-04-10 00:00:00,C,4820,1325218614088TTMX0,2026-04-10 23:00:00,2026-04-11 07:00:00,64,15.0,0,Continuity (2-mould press)
2026-04-11 00:00:00,A,4820,1325218614088TTMX0,2026-04-11 07:00:00,2026-04-11 15:00:00,64,15.0,0,Continuity (2-mould press)
2026-04-11 00:00:00,B,4820,1325218614088TTMX0,2026-04-11 15:00:00,2026-04-11 23:00:00,64,15.0,0,Continuity (2-mould press)
2026-04-11 00:00:00,C,4820,1325218614088TTMX0,2026-04-11 23:00:00,2026-04-12 07:00:00,64,15.0,0,Continuity (2-mould press)
2026-04-12 00:00:00,A,4820,1325218614088TTMX0,2026-04-12 07:00:00,2026-04-12 15:00:00,64,15.0,0,Continuity (2-mould press)
2026-04-12 00:00:00,B,4820,1325218614088TTMX0,2026-04-12 15:00:00,2026-04-12 23:00:00,64,15.0,0,Continuity (2-mould press)
2026-04-12 00:00:00,C,4820,1325218614088TTMX0,2026-04-12 23:00:00,2026-04-13 07:00:00,64,15.0,0,Continuity (2-mould press)
2026-04-13 00:00:00,A,4820,1325218614088TTMX0,2026-04-13 07:00:00,2026-04-13 15:00:00,64,15.0,0,Continuity (2-mould press)
2026-04-13 00:00:00,B,4820,1325218614088TTMX0,2026-04-13 15:00:00,2026-04-13 23:00:00,64,15.0,0,Continuity (2-mould press)
2026-04-13 00:00:00,C,4820,1325218614088TTMX0,2026-04-13 23:00:00,2026-04-14 07:00:00,64,15.0,0,Continuity (2-mould press)
2026-04-14 00:00:00,A,4820,1325218614088TTMX0,2026-04-14 07:00:00,2026-04-14 15:00:00,64,15.0,0,Continuity (2-mould press)
2026-04-14 00:00:00,B,4820,1325218614088TTMX0,2026-04-14 15:00:00,2026-04-14 23:00:00,64,15.0,0,Continuity (2-mould press)
2026-04-14 00:00:00,C,4820,1325218614088TTMX0,2026-04-14 23:00:00,2026-04-15 07:00:00,64,15.0,0,Continuity (2-mould press)
2026-04-15 00:00:00,A,4820,1325218614088TTMX0,2026-04-15 07:00:00,2026-04-15 15:00:00,64,15.0,0,Continuity (2-mould press)
2026-04-15 00:00:00,B,4820,1325218614088TTMX0,2026-04-15 15:00:00,2026-04-15 23:00:00,64,15.0,0,Continuity (2-mould press)
2026-04-15 00:00:00,C,4820,1325218614088TTMX0,2026-04-15 23:00:00,2026-04-16 07:00:00,64,15.0,0,Continuity (2-mould press)
2026-04-16 00:00:00,A,4820,1325218614088TTMX0,2026-04-16 07:00:00,2026-04-16 15:00:00,64,15.0,0,Continuity (2-mould press)
2026-04-16 00:00:00,B,4820,1325218614088TTMX0,2026-04-16 15:00:00,2026-04-16 23:00:00,64,15.0,0,Continuity (2-mould press)
2026-04-16 00:00:00,C,4820,1325218614088TTMX0,2026-04-16 23:00:00,2026-04-17 07:00:00,64,15.0,0,Continuity (2-mould press)
2026-04-17 00:00:00,A,4820,1325218614088TTMX0,2026-04-17 07:00:00,2026-04-17 15:00:00,64,15.0,0,Continuity (2-mould press)
2026-04-17 00:00:00,B,4820,1325218614088TTMX0,2026-04-17 15:00:00,2026-04-17 23:00:00,64,15.0,0,Continuity (2-mould press)
2026-04-17 00:00:00,C,4820,1325218614088TTMX0,2026-04-17 23:00:00,2026-04-18 07:00:00,64,15.0,0,Continuity (2-mould press)
2026-04-18 00:00:00,A,4820,1325218614088TTMX0,2026-04-18 07:00:00,2026-04-18 10:15:00,26,15.0,0,Continuity (2-mould press)
2026-04-08 00:00:00,A,4821,1D25215013008SXC10,2026-04-08 07:00:00,2026-04-08 15:00:00,51,19.0,0,Continuity (2-mould press)
2026-04-08 00:00:00,B,4821,1D25215013008SXC10,2026-04-08 15:00:00,2026-04-08 23:00:00,51,19.0,0,Continuity (2-mould press)
2026-04-08 00:00:00,C,4821,1D25215013008SXC10,2026-04-08 23:00:00,2026-04-09 07:00:00,51,19.0,0,Continuity (2-mould press)
2026-04-09 00:00:00,A,4821,1D25215013008SXC10,2026-04-09 07:00:00,2026-04-09 15:00:00,51,19.0,0,Continuity (2-mould press)
2026-04-09 00:00:00,B,4821,1D25215013008SXC10,2026-04-09 15:00:00,2026-04-09 23:00:00,51,19.0,0,Continuity (2-mould press)
2026-04-09 00:00:00,C,4821,1D25215013008SXC10,2026-04-09 23:00:00,2026-04-10 07:00:00,51,19.0,0,Continuity (2-mould press)
2026-04-10 00:00:00,A,4821,1D25215013008SXC10,2026-04-10 07:00:00,2026-04-10 15:00:00,51,19.0,0,Continuity (2-mould press)
2026-04-10 00:00:00,B,4821,1D25215013008SXC10,2026-04-10 15:00:00,2026-04-10 23:00:00,51,19.0,0,Continuity (2-mould press)
2026-04-10 00:00:00,C,4821,1D25215013008SXC10,2026-04-10 23:00:00,2026-04-11 07:00:00,51,19.0,0,Continuity (2-mould press)
2026-04-11 00:00:00,A,4821,1D25215013008SXC10,2026-04-11 07:00:00,2026-04-11 15:00:00,51,19.0,0,Continuity (2-mould press)
2026-04-11 00:00:00,B,4821,1D25215013008SXC10,2026-04-11 15:00:00,2026-04-11 23:00:00,51,19.0,0,Continuity (2-mould press)
2026-04-11 00:00:00,C,4821,1D25215013008SXC10,2026-04-11 23:00:00,2026-04-12 07:00:00,51,19.0,0,Continuity (2-mould press)
2026-04-12 00:00:00,A,4821,1D25215013008SXC10,2026-04-12 07:00:00,2026-04-12 15:00:00,51,19.0,0,Continuity (2-mould press)
2026-04-12 00:00:00,B,4821,1D25215013008SXC10,2026-04-12 15:00:00,2026-04-12 23:00:00,51,19.0,0,Continuity (2-mould press)
2026-04-12 00:00:00,C,4821,1D25215013008SXC10,2026-04-12 23:00:00,2026-04-13 07:00:00,51,19.0,0,Continuity (2-mould press)
2026-04-13 00:00:00,A,4821,1D25215013008SXC10,2026-04-13 07:00:00,2026-04-13 15:00:00,51,19.0,0,Continuity (2-mould press)
2026-04-13 00:00:00,B,4821,1D25215013008SXC10,2026-04-13 15:00:00,2026-04-13 23:00:00,51,19.0,0,Continuity (2-mould press)
2026-04-13 00:00:00,C,4821,1D25215013008SXC10,2026-04-13 23:00:00,2026-04-14 07:00:00,51,19.0,0,Continuity (2-mould press)
2026-04-14 00:00:00,A,4821,1D25215013008SXC10,2026-04-14 07:00:00,2026-04-14 15:00:00,51,19.0,0,Continuity (2-mould press)
2026-04-14 00:00:00,B,4821,1D25215013008SXC10,2026-04-14 15:00:00,2026-04-14 23:00:00,51,19.0,0,Continuity (2-mould press)
2026-04-14 00:00:00,C,4821,1D25215013008SXC10,2026-04-14 23:00:00,2026-04-15 07:00:00,51,19.0,0,Continuity (2-mould press)
2026-04-15 00:00:00,A,4821,1D25215013008SXC10,2026-04-15 07:00:00,2026-04-15 15:00:00,51,19.0,0,Continuity (2-mould press)
2026-04-15 00:00:00,B,4821,1D25215013008SXC10,2026-04-15 15:00:00,2026-04-15 23:00:00,51,19.0,0,Continuity (2-mould press)
2026-04-15 00:00:00,C,4821,1D25215013008SXC10,2026-04-15 23:00:00,2026-04-16 07:00:00,51,19.0,0,Continuity (2-mould press)
2026-04-16 00:00:00,A,4821,1D25215013008SXC10,2026-04-16 07:00:00,2026-04-16 15:00:00,51,19.0,0,Continuity (2-mould press)
2026-04-16 00:00:00,B,4821,1D25215013008SXC10,2026-04-16 15:00:00,2026-04-16 23:00:00,51,19.0,0,Continuity (2-mould press)
2026-04-16 00:00:00,C,4821,1D25215013008SXC10,2026-04-16 23:00:00,2026-04-17 07:00:00,51,19.0,0,Continuity (2-mould press)
2026-04-17 00:00:00,A,4821,1D25215013008SXC10,2026-04-17 07:00:00,2026-04-17 15:00:00,51,19.0,0,Continuity (2-mould press)
2026-04-17 00:00:00,B,4821,1D25215013008SXC10,2026-04-17 15:00:00,2026-04-17 23:00:00,51,19.0,0,Continuity (2-mould press)
2026-04-17 00:00:00,C,4821,1D25215013008SXC10,2026-04-17 23:00:00,2026-04-18 07:00:00,51,19.0,0,Continuity (2-mould press)
2026-04-18 00:00:00,A,4821,1D25215013008SXC10,2026-04-18 07:00:00,2026-04-18 15:00:00,51,19.0,0,Continuity (2-mould press)
2026-04-18 00:00:00,B,4821,1D25215013008SXC10,2026-04-18 15:00:00,2026-04-18 23:00:00,51,19.0,0,Continuity (2-mould press)
2026-04-18 00:00:00,C,4821,1D25215013008SXC10,2026-04-18 23:00:00,2026-04-19 07:00:00,51,19.0,0,Continuity (2-mould press)
2026-04-19 00:00:00,A,4821,1D25215013008SXC10,2026-04-19 07:00:00,2026-04-19 15:00:00,51,19.0,0,Continuity (2-mould press)
2026-04-19 00:00:00,B,4821,1D25215013008SXC10,2026-04-19 15:00:00,2026-04-19 23:00:00,51,19.0,0,Continuity (2-mould press)
2026-04-19 00:00:00,C,4821,1D25215013008SXC10,2026-04-19 23:00:00,2026-04-20 07:00:00,51,19.0,0,Continuity (2-mould press)
2026-04-20 00:00:00,A,4821,1D25215013008SXC10,2026-04-20 07:00:00,2026-04-20 15:00:00,51,19.0,0,Continuity (2-mould press)
2026-04-20 00:00:00,B,4821,1D25215013008SXC10,2026-04-20 15:00:00,2026-04-20 23:00:00,51,19.0,0,Continuity (2-mould press)
2026-04-20 00:00:00,C,4821,1D25215013008SXC10,2026-04-20 23:00:00,2026-04-21 07:00:00,51,19.0,0,Continuity (2-mould press)
2026-04-21 00:00:00,A,4821,1D25215013008SXC10,2026-04-21 07:00:00,2026-04-21 15:00:00,51,19.0,0,Continuity (2-mould press)
2026-04-21 00:00:00,B,4821,1D25215013008SXC10,2026-04-21 15:00:00,2026-04-21 23:00:00,51,19.0,0,Continuity (2-mould press)
2026-04-21 00:00:00,C,4821,1D25215013008SXC10,2026-04-21 23:00:00,2026-04-22 07:00:00,51,19.0,0,Continuity (2-mould press)
2026-04-22 00:00:00,A,4821,1D25215013008SXC10,2026-04-22 07:00:00,2026-04-22 15:00:00,51,19.0,0,Continuity (2-mould press)
2026-04-22 00:00:00,B,4821,1D25215013008SXC10,2026-04-22 15:00:00,2026-04-22 23:00:00,51,19.0,0,Continuity (2-mould press)
2026-04-22 00:00:00,C,4821,1D25215013008SXC10,2026-04-22 23:00:00,2026-04-23 07:00:00,51,19.0,0,Continuity (2-mould press)
2026-04-23 00:00:00,A,4821,1D25215013008SXC10,2026-04-23 07:00:00,2026-04-23 15:00:00,51,19.0,0,Continuity (2-mould press)
2026-04-23 00:00:00,B,4821,1D25215013008SXC10,2026-04-23 15:00:00,2026-04-23 23:00:00,51,19.0,0,Continuity (2-mould press)
2026-04-23 00:00:00,C,4821,1D25215013008SXC10,2026-04-23 23:00:00,2026-04-24 07:00:00,51,19.0,0,Continuity (2-mould press)
2026-04-24 00:00:00,A,4821,1D25215013008SXC10,2026-04-24 07:00:00,2026-04-24 15:00:00,51,19.0,0,Continuity (2-mould press)
2026-04-24 00:00:00,B,4821,1D25215013008SXC10,2026-04-24 15:00:00,2026-04-24 23:00:00,51,19.0,0,Continuity (2-mould press)
2026-04-24 00:00:00,C,4821,1D25215013008SXC10,2026-04-24 23:00:00,2026-04-25 07:00:00,51,19.0,0,Continuity (2-mould press)
2026-04-25 00:00:00,A,4821,1D25215013008SXC10,2026-04-25 07:00:00,2026-04-25 15:00:00,51,19.0,0,Continuity (2-mould press)
2026-04-25 00:00:00,B,4821,1D25215013008SXC10,2026-04-25 15:00:00,2026-04-25 23:00:00,51,19.0,0,Continuity (2-mould press)
2026-04-25 00:00:00,C,4821,1D25215013008SXC10,2026-04-25 23:00:00,2026-04-26 07:00:00,51,19.0,0,Continuity (2-mould press)
2026-04-26 00:00:00,A,4821,1D25215013008SXC10,2026-04-26 07:00:00,2026-04-26 15:00:00,51,19.0,0,Continuity (2-mould press)
2026-04-26 00:00:00,B,4821,1D25215013008SXC10,2026-04-26 15:00:00,2026-04-26 23:00:00,51,19.0,0,Continuity (2-mould press)
2026-04-26 00:00:00,C,4821,1D25215013008SXC10,2026-04-26 23:00:00,2026-04-27 07:00:00,51,19.0,0,Continuity (2-mould press)
2026-04-27 00:00:00,A,4821,1D25215013008SXC10,2026-04-27 07:00:00,2026-04-27 15:00:00,51,19.0,0,Continuity (2-mould press)
2026-04-27 00:00:00,B,4821,1D25215013008SXC10,2026-04-27 15:00:00,2026-04-27 23:00:00,51,19.0,0,Continuity (2-mould press)
2026-04-27 00:00:00,C,4821,1D25215013008SXC10,2026-04-27 23:00:00,2026-04-28 07:00:00,51,19.0,0,Continuity (2-mould press)
2026-04-28 00:00:00,A,4821,1D25215013008SXC10,2026-04-28 07:00:00,2026-04-28 15:00:00,51,19.0,0,Continuity (2-mould press)
2026-04-28 00:00:00,B,4821,1D25215013008SXC10,2026-04-28 15:00:00,2026-04-28 23:00:00,51,19.0,0,Continuity (2-mould press)
2026-04-28 00:00:00,C,4821,1D25215013008SXC10,2026-04-28 23:00:00,2026-04-29 07:00:00,51,19.0,0,Continuity (2-mould press)
2026-04-29 00:00:00,A,4821,1D25215013008SXC10,2026-04-29 07:00:00,2026-04-29 15:00:00,51,19.0,0,Continuity (2-mould press)
2026-04-29 00:00:00,B,4821,1D25215013008SXC10,2026-04-29 15:00:00,2026-04-29 23:00:00,51,19.0,0,Continuity (2-mould press)
2026-04-29 00:00:00,C,4821,1D25215013008SXC10,2026-04-29 23:00:00,2026-04-30 07:00:00,51,19.0,0,Continuity (2-mould press)
2026-04-30 00:00:00,A,4821,1D25215013008SXC10,2026-04-30 07:00:00,2026-04-30 07:31:00,3,19.0,0,Continuity (2-mould press)
2026-04-08 00:00:00,A,4822,1325219515091HURL2,2026-04-08 07:00:00,2026-04-08 15:00:00,64,15.0,0,Continuity (2-mould press)
2026-04-08 00:00:00,B,4822,1325219515091HURL2,2026-04-08 15:00:00,2026-04-08 23:00:00,64,15.0,0,Continuity (2-mould press)
2026-04-08 00:00:00,C,4822,1325219515091HURL2,2026-04-08 23:00:00,2026-04-09 07:00:00,64,15.0,0,Continuity (2-mould press)
2026-04-09 00:00:00,A,4822,1325219515091HURL2,2026-04-09 07:00:00,2026-04-09 15:00:00,64,15.0,0,Continuity (2-mould press)
2026-04-09 00:00:00,B,4822,1325219515091HURL2,2026-04-09 15:00:00,2026-04-09 23:00:00,64,15.0,0,Continuity (2-mould press)
2026-04-09 00:00:00,C,4822,1325219515091HURL2,2026-04-09 23:00:00,2026-04-10 07:00:00,64,15.0,0,Continuity (2-mould press)
2026-04-10 00:00:00,A,4822,1325219515091HURL2,2026-04-10 07:00:00,2026-04-10 15:00:00,64,15.0,0,Continuity (2-mould press)
2026-04-10 00:00:00,B,4822,1325219515091HURL2,2026-04-10 15:00:00,2026-04-10 23:00:00,64,15.0,0,Continuity (2-mould press)
2026-04-10 00:00:00,C,4822,1325219515091HURL2,2026-04-10 23:00:00,2026-04-11 04:45:00,46,15.0,0,Continuity (2-mould press)
2026-04-10 00:00:00,C,4822,MOULD_CLEAN,2026-04-11 04:45:00,2026-04-11 07:00:00,0,0.0,0,Mould cleaning (continuity)
2026-04-11 00:00:00,A,4822,MOULD_CLEAN,2026-04-11 07:00:00,2026-04-11 07:45:00,0,0.0,0,Mould cleaning (continuity)
2026-04-11 00:00:00,A,4822,1325219515091HURL2,2026-04-11 07:45:00,2026-04-11 15:00:00,58,15.0,0,Continuity (2-mould press)
2026-04-11 00:00:00,B,4822,1325219515091HURL2,2026-04-11 15:00:00,2026-04-11 23:00:00,64,15.0,0,Continuity (2-mould press)
2026-04-11 00:00:00,C,4822,1325219515091HURL2,2026-04-11 23:00:00,2026-04-12 07:00:00,64,15.0,0,Continuity (2-mould press)
2026-04-12 00:00:00,A,4822,1325219515091HURL2,2026-04-12 07:00:00,2026-04-12 15:00:00,64,15.0,0,Continuity (2-mould press)
2026-04-12 00:00:00,B,4822,1325219515091HURL2,2026-04-12 15:00:00,2026-04-12 23:00:00,64,15.0,0,Continuity (2-mould press)
2026-04-12 00:00:00,C,4822,1325219515091HURL2,2026-04-12 23:00:00,2026-04-13 07:00:00,64,15.0,0,Continuity (2-mould press)
2026-04-13 00:00:00,A,4822,1325219515091HURL2,2026-04-13 07:00:00,2026-04-13 15:00:00,64,15.0,0,Continuity (2-mould press)
2026-04-13 00:00:00,B,4822,1325219515091HURL2,2026-04-13 15:00:00,2026-04-13 23:00:00,64,15.0,0,Continuity (2-mould press)
2026-04-13 00:00:00,C,4822,1325219515091HURL2,2026-04-13 23:00:00,2026-04-14 07:00:00,64,15.0,0,Continuity (2-mould press)
2026-04-14 00:00:00,A,4822,1325219515091HURL2,2026-04-14 07:00:00,2026-04-14 15:00:00,64,15.0,0,Continuity (2-mould press)
2026-04-14 00:00:00,B,4822,1325219515091HURL2,2026-04-14 15:00:00,2026-04-14 23:00:00,64,15.0,0,Continuity (2-mould press)
2026-04-14 00:00:00,C,4822,1325219515091HURL2,2026-04-14 23:00:00,2026-04-15 07:00:00,64,15.0,0,Continuity (2-mould press)
2026-04-15 00:00:00,A,4822,1325219515091HURL2,2026-04-15 07:00:00,2026-04-15 15:00:00,64,15.0,0,Continuity (2-mould press)
2026-04-15 00:00:00,B,4822,1325219515091HURL2,2026-04-15 15:00:00,2026-04-15 23:00:00,64,15.0,0,Continuity (2-mould press)
2026-04-15 00:00:00,C,4822,1325219515091HURL2,2026-04-15 23:00:00,2026-04-16 07:00:00,64,15.0,0,Continuity (2-mould press)
2026-04-16 00:00:00,A,4822,1325219515091HURL2,2026-04-16 07:00:00,2026-04-16 15:00:00,64,15.0,0,Continuity (2-mould press)
2026-04-16 00:00:00,B,4822,1325219515091HURL2,2026-04-16 15:00:00,2026-04-16 23:00:00,64,15.0,0,Continuity (2-mould press)
2026-04-16 00:00:00,C,4822,1325219515091HURL2,2026-04-16 23:00:00,2026-04-17 07:00:00,64,15.0,0,Continuity (2-mould press)
2026-04-17 00:00:00,A,4822,1325219515091HURL2,2026-04-17 07:00:00,2026-04-17 15:00:00,64,15.0,0,Continuity (2-mould press)
2026-04-17 00:00:00,B,4822,1325219515091HURL2,2026-04-17 15:00:00,2026-04-17 23:00:00,64,15.0,0,Continuity (2-mould press)
2026-04-17 00:00:00,C,4822,1325219515091HURL2,2026-04-17 23:00:00,2026-04-18 07:00:00,64,15.0,0,Continuity (2-mould press)
2026-04-18 00:00:00,A,4822,1325219515091HURL2,2026-04-18 07:00:00,2026-04-18 15:00:00,64,15.0,0,Continuity (2-mould press)
2026-04-18 00:00:00,B,4822,1325219515091HURL2,2026-04-18 15:00:00,2026-04-18 23:00:00,64,15.0,0,Continuity (2-mould press)
2026-04-18 00:00:00,C,4822,1325219515091HURL2,2026-04-18 23:00:00,2026-04-19 07:00:00,64,15.0,0,Continuity (2-mould press)
2026-04-19 00:00:00,A,4822,1325219515091HURL2,2026-04-19 07:00:00,2026-04-19 15:00:00,64,15.0,0,Continuity (2-mould press)
2026-04-19 00:00:00,B,4822,1325219515091HURL2,2026-04-19 15:00:00,2026-04-19 23:00:00,64,15.0,0,Continuity (2-mould press)
2026-04-19 00:00:00,C,4822,1325219515091HURL2,2026-04-19 23:00:00,2026-04-20 07:00:00,64,15.0,0,Continuity (2-mould press)
2026-04-20 00:00:00,A,4822,1325219515091HURL2,2026-04-20 07:00:00,2026-04-20 15:00:00,64,15.0,0,Continuity (2-mould press)
2026-04-20 00:00:00,B,4822,1325219515091HURL2,2026-04-20 15:00:00,2026-04-20 23:00:00,64,15.0,0,Continuity (2-mould press)
2026-04-20 00:00:00,C,4822,1325219515091HURL2,2026-04-20 23:00:00,2026-04-21 07:00:00,64,15.0,0,Continuity (2-mould press)
2026-04-21 00:00:00,A,4822,1325219515091HURL2,2026-04-21 07:00:00,2026-04-21 15:00:00,64,15.0,0,Continuity (2-mould press)
2026-04-21 00:00:00,B,4822,1325219515091HURL2,2026-04-21 15:00:00,2026-04-21 23:00:00,64,15.0,0,Continuity (2-mould press)
2026-04-21 00:00:00,C,4822,1325219515091HURL2,2026-04-21 23:00:00,2026-04-22 07:00:00,64,15.0,0,Continuity (2-mould press)
2026-04-22 00:00:00,A,4822,1325219515091HURL2,2026-04-22 07:00:00,2026-04-22 15:00:00,64,15.0,0,Continuity (2-mould press)
2026-04-22 00:00:00,B,4822,1325219515091HURL2,2026-04-22 15:00:00,2026-04-22 23:00:00,64,15.0,0,Continuity (2-mould press)
2026-04-22 00:00:00,C,4822,1325219515091HURL2,2026-04-22 23:00:00,2026-04-23 07:00:00,64,15.0,0,Continuity (2-mould press)
2026-04-23 00:00:00,A,4822,1325219515091HURL2,2026-04-23 07:00:00,2026-04-23 15:00:00,64,15.0,0,Continuity (2-mould press)
2026-04-23 00:00:00,B,4822,1325219515091HURL2,2026-04-23 15:00:00,2026-04-23 23:00:00,64,15.0,0,Continuity (2-mould press)
2026-04-23 00:00:00,C,4822,1325219515091HURL2,2026-04-23 23:00:00,2026-04-24 07:00:00,64,15.0,0,Continuity (2-mould press)
2026-04-24 00:00:00,A,4822,1325219515091HURL2,2026-04-24 07:00:00,2026-04-24 15:00:00,64,15.0,0,Continuity (2-mould press)
2026-04-24 00:00:00,B,4822,1325219515091HURL2,2026-04-24 15:00:00,2026-04-24 23:00:00,64,15.0,0,Continuity (2-mould press)
2026-04-24 00:00:00,C,4822,1325219515091HURL2,2026-04-24 23:00:00,2026-04-25 07:00:00,64,15.0,0,Continuity (2-mould press)
2026-04-25 00:00:00,A,4822,1325219515091HURL2,2026-04-25 07:00:00,2026-04-25 15:00:00,64,15.0,0,Continuity (2-mould press)
2026-04-25 00:00:00,B,4822,1325219515091HURL2,2026-04-25 15:00:00,2026-04-25 23:00:00,64,15.0,0,Continuity (2-mould press)
2026-04-25 00:00:00,C,4822,1325219515091HURL2,2026-04-25 23:00:00,2026-04-26 07:00:00,64,15.0,0,Continuity (2-mould press)
2026-04-26 00:00:00,A,4822,1325219515091HURL2,2026-04-26 07:00:00,2026-04-26 15:00:00,64,15.0,0,Continuity (2-mould press)
2026-04-26 00:00:00,B,4822,1325219515091HURL2,2026-04-26 15:00:00,2026-04-26 23:00:00,64,15.0,0,Continuity (2-mould press)
2026-04-26 00:00:00,C,4822,1325219515091HURL2,2026-04-26 23:00:00,2026-04-27 07:00:00,64,15.0,0,Continuity (2-mould press)
2026-04-27 00:00:00,A,4822,1325219515091HURL2,2026-04-27 07:00:00,2026-04-27 15:00:00,64,15.0,0,Continuity (2-mould press)
2026-04-27 00:00:00,B,4822,1325219515091HURL2,2026-04-27 15:00:00,2026-04-27 23:00:00,64,15.0,0,Continuity (2-mould press)
2026-04-27 00:00:00,C,4822,1325219515091HURL2,2026-04-27 23:00:00,2026-04-28 07:00:00,64,15.0,0,Continuity (2-mould press)
2026-04-28 00:00:00,A,4822,1325219515091HURL2,2026-04-28 07:00:00,2026-04-28 15:00:00,64,15.0,0,Continuity (2-mould press)
2026-04-28 00:00:00,B,4822,1325219515091HURL2,2026-04-28 15:00:00,2026-04-28 19:15:00,34,15.0,0,Continuity (2-mould press)
2026-04-08 00:00:00,A,4823,1D25215013008SXC10,2026-04-08 07:00:00,2026-04-08 15:00:00,51,19.0,0,Continuity (2-mould press)
2026-04-08 00:00:00,B,4823,1D25215013008SXC10,2026-04-08 15:00:00,2026-04-08 23:00:00,51,19.0,0,Continuity (2-mould press)
2026-04-08 00:00:00,C,4823,1D25215013008SXC10,2026-04-08 23:00:00,2026-04-09 07:00:00,51,19.0,0,Continuity (2-mould press)
2026-04-09 00:00:00,A,4823,1D25215013008SXC10,2026-04-09 07:00:00,2026-04-09 15:00:00,51,19.0,0,Continuity (2-mould press)
2026-04-09 00:00:00,B,4823,1D25215013008SXC10,2026-04-09 15:00:00,2026-04-09 23:00:00,51,19.0,0,Continuity (2-mould press)
2026-04-09 00:00:00,C,4823,1D25215013008SXC10,2026-04-09 23:00:00,2026-04-10 07:00:00,51,19.0,0,Continuity (2-mould press)
2026-04-10 00:00:00,A,4823,1D25215013008SXC10,2026-04-10 07:00:00,2026-04-10 15:00:00,51,19.0,0,Continuity (2-mould press)
2026-04-10 00:00:00,B,4823,1D25215013008SXC10,2026-04-10 15:00:00,2026-04-10 23:00:00,51,19.0,0,Continuity (2-mould press)
2026-04-10 00:00:00,C,4823,1D25215013008SXC10,2026-04-10 23:00:00,2026-04-11 07:00:00,51,19.0,0,Continuity (2-mould press)
2026-04-11 00:00:00,A,4823,1D25215013008SXC10,2026-04-11 07:00:00,2026-04-11 15:00:00,51,19.0,0,Continuity (2-mould press)
2026-04-11 00:00:00,B,4823,1D25215013008SXC10,2026-04-11 15:00:00,2026-04-11 23:00:00,51,19.0,0,Continuity (2-mould press)
2026-04-11 00:00:00,C,4823,1D25215013008SXC10,2026-04-11 23:00:00,2026-04-12 07:00:00,51,19.0,0,Continuity (2-mould press)
2026-04-12 00:00:00,A,4823,1D25215013008SXC10,2026-04-12 07:00:00,2026-04-12 15:00:00,51,19.0,0,Continuity (2-mould press)
2026-04-12 00:00:00,B,4823,1D25215013008SXC10,2026-04-12 15:00:00,2026-04-12 23:00:00,51,19.0,0,Continuity (2-mould press)
2026-04-12 00:00:00,C,4823,1D25215013008SXC10,2026-04-12 23:00:00,2026-04-13 07:00:00,51,19.0,0,Continuity (2-mould press)
2026-04-13 00:00:00,A,4823,1D25215013008SXC10,2026-04-13 07:00:00,2026-04-13 15:00:00,51,19.0,0,Continuity (2-mould press)
2026-04-13 00:00:00,B,4823,1D25215013008SXC10,2026-04-13 15:00:00,2026-04-13 23:00:00,51,19.0,0,Continuity (2-mould press)
2026-04-13 00:00:00,C,4823,1D25215013008SXC10,2026-04-13 23:00:00,2026-04-14 07:00:00,51,19.0,0,Continuity (2-mould press)
2026-04-14 00:00:00,A,4823,1D25215013008SXC10,2026-04-14 07:00:00,2026-04-14 15:00:00,51,19.0,0,Continuity (2-mould press)
2026-04-14 00:00:00,B,4823,1D25215013008SXC10,2026-04-14 15:00:00,2026-04-14 23:00:00,51,19.0,0,Continuity (2-mould press)
2026-04-14 00:00:00,C,4823,1D25215013008SXC10,2026-04-14 23:00:00,2026-04-15 07:00:00,51,19.0,0,Continuity (2-mould press)
2026-04-15 00:00:00,A,4823,1D25215013008SXC10,2026-04-15 07:00:00,2026-04-15 15:00:00,51,19.0,0,Continuity (2-mould press)
2026-04-15 00:00:00,B,4823,1D25215013008SXC10,2026-04-15 15:00:00,2026-04-15 23:00:00,51,19.0,0,Continuity (2-mould press)
2026-04-15 00:00:00,C,4823,1D25215013008SXC10,2026-04-15 23:00:00,2026-04-16 07:00:00,51,19.0,0,Continuity (2-mould press)
2026-04-16 00:00:00,A,4823,1D25215013008SXC10,2026-04-16 07:00:00,2026-04-16 15:00:00,51,19.0,0,Continuity (2-mould press)
2026-04-16 00:00:00,B,4823,1D25215013008SXC10,2026-04-16 15:00:00,2026-04-16 23:00:00,51,19.0,0,Continuity (2-mould press)
2026-04-16 00:00:00,C,4823,1D25215013008SXC10,2026-04-16 23:00:00,2026-04-17 07:00:00,51,19.0,0,Continuity (2-mould press)
2026-04-17 00:00:00,A,4823,1D25215013008SXC10,2026-04-17 07:00:00,2026-04-17 15:00:00,51,19.0,0,Continuity (2-mould press)
2026-04-17 00:00:00,B,4823,1D25215013008SXC10,2026-04-17 15:00:00,2026-04-17 23:00:00,51,19.0,0,Continuity (2-mould press)
2026-04-17 00:00:00,C,4823,1D25215013008SXC10,2026-04-17 23:00:00,2026-04-18 07:00:00,51,19.0,0,Continuity (2-mould press)
2026-04-18 00:00:00,A,4823,1D25215013008SXC10,2026-04-18 07:00:00,2026-04-18 15:00:00,51,19.0,0,Continuity (2-mould press)
2026-04-18 00:00:00,B,4823,1D25215013008SXC10,2026-04-18 15:00:00,2026-04-18 23:00:00,51,19.0,0,Continuity (2-mould press)
2026-04-18 00:00:00,C,4823,1D25215013008SXC10,2026-04-18 23:00:00,2026-04-19 07:00:00,51,19.0,0,Continuity (2-mould press)
2026-04-19 00:00:00,A,4823,1D25215013008SXC10,2026-04-19 07:00:00,2026-04-19 15:00:00,51,19.0,0,Continuity (2-mould press)
2026-04-19 00:00:00,B,4823,1D25215013008SXC10,2026-04-19 15:00:00,2026-04-19 23:00:00,51,19.0,0,Continuity (2-mould press)
2026-04-19 00:00:00,C,4823,1D25215013008SXC10,2026-04-19 23:00:00,2026-04-20 07:00:00,51,19.0,0,Continuity (2-mould press)
2026-04-20 00:00:00,A,4823,1D25215013008SXC10,2026-04-20 07:00:00,2026-04-20 15:00:00,51,19.0,0,Continuity (2-mould press)
2026-04-20 00:00:00,B,4823,1D25215013008SXC10,2026-04-20 15:00:00,2026-04-20 23:00:00,51,19.0,0,Continuity (2-mould press)
2026-04-20 00:00:00,C,4823,1D25215013008SXC10,2026-04-20 23:00:00,2026-04-21 07:00:00,51,19.0,0,Continuity (2-mould press)
2026-04-21 00:00:00,A,4823,1D25215013008SXC10,2026-04-21 07:00:00,2026-04-21 15:00:00,51,19.0,0,Continuity (2-mould press)
2026-04-21 00:00:00,B,4823,1D25215013008SXC10,2026-04-21 15:00:00,2026-04-21 23:00:00,51,19.0,0,Continuity (2-mould press)
2026-04-21 00:00:00,C,4823,1D25215013008SXC10,2026-04-21 23:00:00,2026-04-22 07:00:00,51,19.0,0,Continuity (2-mould press)
2026-04-22 00:00:00,A,4823,1D25215013008SXC10,2026-04-22 07:00:00,2026-04-22 15:00:00,51,19.0,0,Continuity (2-mould press)
2026-04-22 00:00:00,B,4823,1D25215013008SXC10,2026-04-22 15:00:00,2026-04-22 23:00:00,51,19.0,0,Continuity (2-mould press)
2026-04-22 00:00:00,C,4823,1D25215013008SXC10,2026-04-22 23:00:00,2026-04-23 07:00:00,51,19.0,0,Continuity (2-mould press)
2026-04-23 00:00:00,A,4823,1D25215013008SXC10,2026-04-23 07:00:00,2026-04-23 15:00:00,51,19.0,0,Continuity (2-mould press)
2026-04-23 00:00:00,B,4823,1D25215013008SXC10,2026-04-23 15:00:00,2026-04-23 23:00:00,51,19.0,0,Continuity (2-mould press)
2026-04-23 00:00:00,C,4823,1D25215013008SXC10,2026-04-23 23:00:00,2026-04-24 07:00:00,51,19.0,0,Continuity (2-mould press)
2026-04-24 00:00:00,A,4823,1D25215013008SXC10,2026-04-24 07:00:00,2026-04-24 15:00:00,51,19.0,0,Continuity (2-mould press)
2026-04-24 00:00:00,B,4823,1D25215013008SXC10,2026-04-24 15:00:00,2026-04-24 23:00:00,51,19.0,0,Continuity (2-mould press)
2026-04-24 00:00:00,C,4823,1D25215013008SXC10,2026-04-24 23:00:00,2026-04-25 07:00:00,51,19.0,0,Continuity (2-mould press)
2026-04-25 00:00:00,A,4823,1D25215013008SXC10,2026-04-25 07:00:00,2026-04-25 15:00:00,51,19.0,0,Continuity (2-mould press)
2026-04-25 00:00:00,B,4823,1D25215013008SXC10,2026-04-25 15:00:00,2026-04-25 23:00:00,51,19.0,0,Continuity (2-mould press)
2026-04-25 00:00:00,C,4823,1D25215013008SXC10,2026-04-25 23:00:00,2026-04-26 07:00:00,51,19.0,0,Continuity (2-mould press)
2026-04-26 00:00:00,A,4823,1D25215013008SXC10,2026-04-26 07:00:00,2026-04-26 15:00:00,51,19.0,0,Continuity (2-mould press)
2026-04-26 00:00:00,B,4823,1D25215013008SXC10,2026-04-26 15:00:00,2026-04-26 23:00:00,51,19.0,0,Continuity (2-mould press)
2026-04-26 00:00:00,C,4823,1D25215013008SXC10,2026-04-26 23:00:00,2026-04-27 07:00:00,51,19.0,0,Continuity (2-mould press)
2026-04-27 00:00:00,A,4823,1D25215013008SXC10,2026-04-27 07:00:00,2026-04-27 15:00:00,51,19.0,0,Continuity (2-mould press)
2026-04-27 00:00:00,B,4823,1D25215013008SXC10,2026-04-27 15:00:00,2026-04-27 23:00:00,51,19.0,0,Continuity (2-mould press)
2026-04-27 00:00:00,C,4823,1D25215013008SXC10,2026-04-27 23:00:00,2026-04-28 07:00:00,51,19.0,0,Continuity (2-mould press)
2026-04-28 00:00:00,A,4823,1D25215013008SXC10,2026-04-28 07:00:00,2026-04-28 15:00:00,51,19.0,0,Continuity (2-mould press)
2026-04-28 00:00:00,B,4823,1D25215013008SXC10,2026-04-28 15:00:00,2026-04-28 23:00:00,51,19.0,0,Continuity (2-mould press)
2026-04-28 00:00:00,C,4823,1D25215013008SXC10,2026-04-28 23:00:00,2026-04-29 03:58:00,31,19.0,0,Continuity (2-mould press)
2026-04-28 00:00:00,C,4823,MOULD_CLEAN,2026-04-29 03:58:00,2026-04-29 06:58:00,0,0.0,0,Mould cleaning (continuity)
2026-04-28 00:00:00,C,4823,1D25215013008SXC10,2026-04-29 06:58:00,2026-04-29 07:00:00,0,19.0,0,Continuity (2-mould press)
2026-04-29 00:00:00,A,4823,1D25215013008SXC10,2026-04-29 07:00:00,2026-04-29 15:00:00,51,19.0,0,Continuity (2-mould press)
2026-04-29 00:00:00,B,4823,1D25215013008SXC10,2026-04-29 15:00:00,2026-04-29 23:00:00,51,19.0,0,Continuity (2-mould press)
2026-04-29 00:00:00,C,4823,1D25215013008SXC10,2026-04-29 23:00:00,2026-04-30 07:00:00,51,19.0,0,Continuity (2-mould press)
2026-04-30 00:00:00,A,4823,1D25215013008SXC10,2026-04-30 07:00:00,2026-04-30 10:31:00,22,19.0,0,Continuity (2-mould press)
2026-04-08 00:00:00,A,4824,1D25215013008SXC10,2026-04-08 07:00:00,2026-04-08 15:00:00,51,19.0,0,Continuity (2-mould press)
2026-04-08 00:00:00,B,4824,1D25215013008SXC10,2026-04-08 15:00:00,2026-04-08 23:00:00,51,19.0,0,Continuity (2-mould press)
2026-04-08 00:00:00,C,4824,1D25215013008SXC10,2026-04-08 23:00:00,2026-04-09 07:00:00,51,19.0,0,Continuity (2-mould press)
2026-04-09 00:00:00,A,4824,1D25215013008SXC10,2026-04-09 07:00:00,2026-04-09 15:00:00,51,19.0,0,Continuity (2-mould press)
2026-04-09 00:00:00,B,4824,1D25215013008SXC10,2026-04-09 15:00:00,2026-04-09 23:00:00,51,19.0,0,Continuity (2-mould press)
2026-04-09 00:00:00,C,4824,1D25215013008SXC10,2026-04-09 23:00:00,2026-04-10 07:00:00,51,19.0,0,Continuity (2-mould press)
2026-04-10 00:00:00,A,4824,1D25215013008SXC10,2026-04-10 07:00:00,2026-04-10 15:00:00,51,19.0,0,Continuity (2-mould press)
2026-04-10 00:00:00,B,4824,1D25215013008SXC10,2026-04-10 15:00:00,2026-04-10 23:00:00,51,19.0,0,Continuity (2-mould press)
2026-04-10 00:00:00,C,4824,1D25215013008SXC10,2026-04-10 23:00:00,2026-04-11 07:00:00,51,19.0,0,Continuity (2-mould press)
2026-04-11 00:00:00,A,4824,1D25215013008SXC10,2026-04-11 07:00:00,2026-04-11 15:00:00,51,19.0,0,Continuity (2-mould press)
2026-04-11 00:00:00,B,4824,1D25215013008SXC10,2026-04-11 15:00:00,2026-04-11 23:00:00,51,19.0,0,Continuity (2-mould press)
2026-04-11 00:00:00,C,4824,1D25215013008SXC10,2026-04-11 23:00:00,2026-04-12 07:00:00,51,19.0,0,Continuity (2-mould press)
2026-04-12 00:00:00,A,4824,1D25215013008SXC10,2026-04-12 07:00:00,2026-04-12 15:00:00,51,19.0,0,Continuity (2-mould press)
2026-04-12 00:00:00,B,4824,1D25215013008SXC10,2026-04-12 15:00:00,2026-04-12 23:00:00,51,19.0,0,Continuity (2-mould press)
2026-04-12 00:00:00,C,4824,1D25215013008SXC10,2026-04-12 23:00:00,2026-04-13 07:00:00,51,19.0,0,Continuity (2-mould press)
2026-04-13 00:00:00,A,4824,1D25215013008SXC10,2026-04-13 07:00:00,2026-04-13 15:00:00,51,19.0,0,Continuity (2-mould press)
2026-04-13 00:00:00,B,4824,1D25215013008SXC10,2026-04-13 15:00:00,2026-04-13 23:00:00,51,19.0,0,Continuity (2-mould press)
2026-04-13 00:00:00,C,4824,1D25215013008SXC10,2026-04-13 23:00:00,2026-04-14 07:00:00,51,19.0,0,Continuity (2-mould press)
2026-04-14 00:00:00,A,4824,1D25215013008SXC10,2026-04-14 07:00:00,2026-04-14 15:00:00,51,19.0,0,Continuity (2-mould press)
2026-04-14 00:00:00,B,4824,1D25215013008SXC10,2026-04-14 15:00:00,2026-04-14 23:00:00,51,19.0,0,Continuity (2-mould press)
2026-04-14 00:00:00,C,4824,1D25215013008SXC10,2026-04-14 23:00:00,2026-04-15 07:00:00,51,19.0,0,Continuity (2-mould press)
2026-04-15 00:00:00,A,4824,1D25215013008SXC10,2026-04-15 07:00:00,2026-04-15 15:00:00,51,19.0,0,Continuity (2-mould press)
2026-04-15 00:00:00,B,4824,1D25215013008SXC10,2026-04-15 15:00:00,2026-04-15 23:00:00,51,19.0,0,Continuity (2-mould press)
2026-04-15 00:00:00,C,4824,1D25215013008SXC10,2026-04-15 23:00:00,2026-04-16 07:00:00,51,19.0,0,Continuity (2-mould press)
2026-04-16 00:00:00,A,4824,1D25215013008SXC10,2026-04-16 07:00:00,2026-04-16 15:00:00,51,19.0,0,Continuity (2-mould press)
2026-04-16 00:00:00,B,4824,1D25215013008SXC10,2026-04-16 15:00:00,2026-04-16 23:00:00,51,19.0,0,Continuity (2-mould press)
2026-04-16 00:00:00,C,4824,1D25215013008SXC10,2026-04-16 23:00:00,2026-04-17 07:00:00,51,19.0,0,Continuity (2-mould press)
2026-04-17 00:00:00,A,4824,1D25215013008SXC10,2026-04-17 07:00:00,2026-04-17 15:00:00,51,19.0,0,Continuity (2-mould press)
2026-04-17 00:00:00,B,4824,1D25215013008SXC10,2026-04-17 15:00:00,2026-04-17 23:00:00,51,19.0,0,Continuity (2-mould press)
2026-04-17 00:00:00,C,4824,1D25215013008SXC10,2026-04-17 23:00:00,2026-04-18 07:00:00,51,19.0,0,Continuity (2-mould press)
2026-04-18 00:00:00,A,4824,1D25215013008SXC10,2026-04-18 07:00:00,2026-04-18 15:00:00,51,19.0,0,Continuity (2-mould press)
2026-04-18 00:00:00,B,4824,1D25215013008SXC10,2026-04-18 15:00:00,2026-04-18 23:00:00,51,19.0,0,Continuity (2-mould press)
2026-04-18 00:00:00,C,4824,1D25215013008SXC10,2026-04-18 23:00:00,2026-04-19 07:00:00,51,19.0,0,Continuity (2-mould press)
2026-04-19 00:00:00,A,4824,1D25215013008SXC10,2026-04-19 07:00:00,2026-04-19 15:00:00,51,19.0,0,Continuity (2-mould press)
2026-04-19 00:00:00,B,4824,1D25215013008SXC10,2026-04-19 15:00:00,2026-04-19 23:00:00,51,19.0,0,Continuity (2-mould press)
2026-04-19 00:00:00,C,4824,1D25215013008SXC10,2026-04-19 23:00:00,2026-04-20 07:00:00,51,19.0,0,Continuity (2-mould press)
2026-04-20 00:00:00,A,4824,1D25215013008SXC10,2026-04-20 07:00:00,2026-04-20 15:00:00,51,19.0,0,Continuity (2-mould press)
2026-04-20 00:00:00,B,4824,1D25215013008SXC10,2026-04-20 15:00:00,2026-04-20 23:00:00,51,19.0,0,Continuity (2-mould press)
2026-04-20 00:00:00,C,4824,1D25215013008SXC10,2026-04-20 23:00:00,2026-04-21 07:00:00,51,19.0,0,Continuity (2-mould press)
2026-04-21 00:00:00,A,4824,1D25215013008SXC10,2026-04-21 07:00:00,2026-04-21 15:00:00,51,19.0,0,Continuity (2-mould press)
2026-04-21 00:00:00,B,4824,1D25215013008SXC10,2026-04-21 15:00:00,2026-04-21 23:00:00,51,19.0,0,Continuity (2-mould press)
2026-04-21 00:00:00,C,4824,1D25215013008SXC10,2026-04-21 23:00:00,2026-04-22 07:00:00,51,19.0,0,Continuity (2-mould press)
2026-04-22 00:00:00,A,4824,1D25215013008SXC10,2026-04-22 07:00:00,2026-04-22 15:00:00,51,19.0,0,Continuity (2-mould press)
2026-04-22 00:00:00,B,4824,1D25215013008SXC10,2026-04-22 15:00:00,2026-04-22 23:00:00,51,19.0,0,Continuity (2-mould press)
2026-04-22 00:00:00,C,4824,1D25215013008SXC10,2026-04-22 23:00:00,2026-04-23 07:00:00,51,19.0,0,Continuity (2-mould press)
2026-04-23 00:00:00,A,4824,1D25215013008SXC10,2026-04-23 07:00:00,2026-04-23 08:38:00,10,19.0,0,Continuity (2-mould press)
2026-04-23 00:00:00,A,4824,MOULD_CLEAN,2026-04-23 08:38:00,2026-04-23 11:38:00,0,0.0,0,Mould cleaning (continuity)
2026-04-23 00:00:00,A,4824,1D25215013008SXC10,2026-04-23 11:38:00,2026-04-23 15:00:00,21,19.0,0,Continuity (2-mould press)
2026-04-23 00:00:00,B,4824,1D25215013008SXC10,2026-04-23 15:00:00,2026-04-23 23:00:00,51,19.0,0,Continuity (2-mould press)
2026-04-23 00:00:00,C,4824,1D25215013008SXC10,2026-04-23 23:00:00,2026-04-24 07:00:00,51,19.0,0,Continuity (2-mould press)
2026-04-24 00:00:00,A,4824,1D25215013008SXC10,2026-04-24 07:00:00,2026-04-24 15:00:00,51,19.0,0,Continuity (2-mould press)
2026-04-24 00:00:00,B,4824,1D25215013008SXC10,2026-04-24 15:00:00,2026-04-24 23:00:00,51,19.0,0,Continuity (2-mould press)
2026-04-24 00:00:00,C,4824,1D25215013008SXC10,2026-04-24 23:00:00,2026-04-25 07:00:00,51,19.0,0,Continuity (2-mould press)
2026-04-25 00:00:00,A,4824,1D25215013008SXC10,2026-04-25 07:00:00,2026-04-25 15:00:00,51,19.0,0,Continuity (2-mould press)
2026-04-25 00:00:00,B,4824,1D25215013008SXC10,2026-04-25 15:00:00,2026-04-25 23:00:00,51,19.0,0,Continuity (2-mould press)
2026-04-25 00:00:00,C,4824,1D25215013008SXC10,2026-04-25 23:00:00,2026-04-26 07:00:00,51,19.0,0,Continuity (2-mould press)
2026-04-26 00:00:00,A,4824,1D25215013008SXC10,2026-04-26 07:00:00,2026-04-26 15:00:00,51,19.0,0,Continuity (2-mould press)
2026-04-26 00:00:00,B,4824,1D25215013008SXC10,2026-04-26 15:00:00,2026-04-26 23:00:00,51,19.0,0,Continuity (2-mould press)
2026-04-26 00:00:00,C,4824,1D25215013008SXC10,2026-04-26 23:00:00,2026-04-27 07:00:00,51,19.0,0,Continuity (2-mould press)
2026-04-27 00:00:00,A,4824,1D25215013008SXC10,2026-04-27 07:00:00,2026-04-27 15:00:00,51,19.0,0,Continuity (2-mould press)
2026-04-27 00:00:00,B,4824,1D25215013008SXC10,2026-04-27 15:00:00,2026-04-27 23:00:00,51,19.0,0,Continuity (2-mould press)
2026-04-27 00:00:00,C,4824,1D25215013008SXC10,2026-04-27 23:00:00,2026-04-28 07:00:00,51,19.0,0,Continuity (2-mould press)
2026-04-28 00:00:00,A,4824,1D25215013008SXC10,2026-04-28 07:00:00,2026-04-28 15:00:00,51,19.0,0,Continuity (2-mould press)
2026-04-28 00:00:00,B,4824,1D25215013008SXC10,2026-04-28 15:00:00,2026-04-28 23:00:00,51,19.0,0,Continuity (2-mould press)
2026-04-28 00:00:00,C,4824,1D25215013008SXC10,2026-04-28 23:00:00,2026-04-29 07:00:00,51,19.0,0,Continuity (2-mould press)
2026-04-29 00:00:00,A,4824,1D25215013008SXC10,2026-04-29 07:00:00,2026-04-29 15:00:00,51,19.0,0,Continuity (2-mould press)
2026-04-29 00:00:00,B,4824,1D25215013008SXC10,2026-04-29 15:00:00,2026-04-29 23:00:00,51,19.0,0,Continuity (2-mould press)
2026-04-29 00:00:00,C,4824,1D25215013008SXC10,2026-04-29 23:00:00,2026-04-30 07:00:00,51,19.0,0,Continuity (2-mould press)
2026-04-30 00:00:00,A,4824,1D25215013008SXC10,2026-04-30 07:00:00,2026-04-30 10:31:00,22,19.0,0,Continuity (2-mould press)
2026-04-08 00:00:00,A,4825,1D25215013008SXC10,2026-04-08 07:00:00,2026-04-08 15:00:00,51,19.0,0,Continuity (2-mould press)
2026-04-08 00:00:00,B,4825,1D25215013008SXC10,2026-04-08 15:00:00,2026-04-08 23:00:00,51,19.0,0,Continuity (2-mould press)
2026-04-08 00:00:00,C,4825,1D25215013008SXC10,2026-04-08 23:00:00,2026-04-09 07:00:00,51,19.0,0,Continuity (2-mould press)
2026-04-09 00:00:00,A,4825,1D25215013008SXC10,2026-04-09 07:00:00,2026-04-09 15:00:00,51,19.0,0,Continuity (2-mould press)
2026-04-09 00:00:00,B,4825,1D25215013008SXC10,2026-04-09 15:00:00,2026-04-09 23:00:00,51,19.0,0,Continuity (2-mould press)
2026-04-09 00:00:00,C,4825,1D25215013008SXC10,2026-04-09 23:00:00,2026-04-10 07:00:00,51,19.0,0,Continuity (2-mould press)
2026-04-10 00:00:00,A,4825,1D25215013008SXC10,2026-04-10 07:00:00,2026-04-10 15:00:00,51,19.0,0,Continuity (2-mould press)
2026-04-10 00:00:00,B,4825,1D25215013008SXC10,2026-04-10 15:00:00,2026-04-10 23:00:00,51,19.0,0,Continuity (2-mould press)
2026-04-10 00:00:00,C,4825,1D25215013008SXC10,2026-04-10 23:00:00,2026-04-11 07:00:00,51,19.0,0,Continuity (2-mould press)
2026-04-11 00:00:00,A,4825,1D25215013008SXC10,2026-04-11 07:00:00,2026-04-11 15:00:00,51,19.0,0,Continuity (2-mould press)
2026-04-11 00:00:00,B,4825,1D25215013008SXC10,2026-04-11 15:00:00,2026-04-11 23:00:00,51,19.0,0,Continuity (2-mould press)
2026-04-11 00:00:00,C,4825,1D25215013008SXC10,2026-04-11 23:00:00,2026-04-12 07:00:00,51,19.0,0,Continuity (2-mould press)
2026-04-12 00:00:00,A,4825,1D25215013008SXC10,2026-04-12 07:00:00,2026-04-12 15:00:00,51,19.0,0,Continuity (2-mould press)
2026-04-12 00:00:00,B,4825,1D25215013008SXC10,2026-04-12 15:00:00,2026-04-12 23:00:00,51,19.0,0,Continuity (2-mould press)
2026-04-12 00:00:00,C,4825,1D25215013008SXC10,2026-04-12 23:00:00,2026-04-13 07:00:00,51,19.0,0,Continuity (2-mould press)
2026-04-13 00:00:00,A,4825,1D25215013008SXC10,2026-04-13 07:00:00,2026-04-13 15:00:00,51,19.0,0,Continuity (2-mould press)
2026-04-13 00:00:00,B,4825,1D25215013008SXC10,2026-04-13 15:00:00,2026-04-13 23:00:00,51,19.0,0,Continuity (2-mould press)
2026-04-13 00:00:00,C,4825,1D25215013008SXC10,2026-04-13 23:00:00,2026-04-14 07:00:00,51,19.0,0,Continuity (2-mould press)
2026-04-14 00:00:00,A,4825,1D25215013008SXC10,2026-04-14 07:00:00,2026-04-14 15:00:00,51,19.0,0,Continuity (2-mould press)
2026-04-14 00:00:00,B,4825,1D25215013008SXC10,2026-04-14 15:00:00,2026-04-14 23:00:00,51,19.0,0,Continuity (2-mould press)
2026-04-14 00:00:00,C,4825,1D25215013008SXC10,2026-04-14 23:00:00,2026-04-15 07:00:00,51,19.0,0,Continuity (2-mould press)
2026-04-15 00:00:00,A,4825,1D25215013008SXC10,2026-04-15 07:00:00,2026-04-15 15:00:00,51,19.0,0,Continuity (2-mould press)
2026-04-15 00:00:00,B,4825,1D25215013008SXC10,2026-04-15 15:00:00,2026-04-15 23:00:00,51,19.0,0,Continuity (2-mould press)
2026-04-15 00:00:00,C,4825,1D25215013008SXC10,2026-04-15 23:00:00,2026-04-16 07:00:00,51,19.0,0,Continuity (2-mould press)
2026-04-16 00:00:00,A,4825,1D25215013008SXC10,2026-04-16 07:00:00,2026-04-16 15:00:00,51,19.0,0,Continuity (2-mould press)
2026-04-16 00:00:00,B,4825,1D25215013008SXC10,2026-04-16 15:00:00,2026-04-16 23:00:00,51,19.0,0,Continuity (2-mould press)
2026-04-16 00:00:00,C,4825,1D25215013008SXC10,2026-04-16 23:00:00,2026-04-17 07:00:00,51,19.0,0,Continuity (2-mould press)
2026-04-17 00:00:00,A,4825,1D25215013008SXC10,2026-04-17 07:00:00,2026-04-17 15:00:00,51,19.0,0,Continuity (2-mould press)
2026-04-17 00:00:00,B,4825,1D25215013008SXC10,2026-04-17 15:00:00,2026-04-17 23:00:00,51,19.0,0,Continuity (2-mould press)
2026-04-17 00:00:00,C,4825,1D25215013008SXC10,2026-04-17 23:00:00,2026-04-18 07:00:00,51,19.0,0,Continuity (2-mould press)
2026-04-18 00:00:00,A,4825,1D25215013008SXC10,2026-04-18 07:00:00,2026-04-18 15:00:00,51,19.0,0,Continuity (2-mould press)
2026-04-18 00:00:00,B,4825,1D25215013008SXC10,2026-04-18 15:00:00,2026-04-18 23:00:00,51,19.0,0,Continuity (2-mould press)
2026-04-18 00:00:00,C,4825,1D25215013008SXC10,2026-04-18 23:00:00,2026-04-19 07:00:00,51,19.0,0,Continuity (2-mould press)
2026-04-19 00:00:00,A,4825,1D25215013008SXC10,2026-04-19 07:00:00,2026-04-19 15:00:00,51,19.0,0,Continuity (2-mould press)
2026-04-19 00:00:00,B,4825,1D25215013008SXC10,2026-04-19 15:00:00,2026-04-19 23:00:00,51,19.0,0,Continuity (2-mould press)
2026-04-19 00:00:00,C,4825,1D25215013008SXC10,2026-04-19 23:00:00,2026-04-20 07:00:00,51,19.0,0,Continuity (2-mould press)
2026-04-20 00:00:00,A,4825,1D25215013008SXC10,2026-04-20 07:00:00,2026-04-20 15:00:00,51,19.0,0,Continuity (2-mould press)
2026-04-20 00:00:00,B,4825,1D25215013008SXC10,2026-04-20 15:00:00,2026-04-20 23:00:00,51,19.0,0,Continuity (2-mould press)
2026-04-20 00:00:00,C,4825,1D25215013008SXC10,2026-04-20 23:00:00,2026-04-21 07:00:00,51,19.0,0,Continuity (2-mould press)
2026-04-21 00:00:00,A,4825,1D25215013008SXC10,2026-04-21 07:00:00,2026-04-21 15:00:00,51,19.0,0,Continuity (2-mould press)
2026-04-21 00:00:00,B,4825,1D25215013008SXC10,2026-04-21 15:00:00,2026-04-21 23:00:00,51,19.0,0,Continuity (2-mould press)
2026-04-21 00:00:00,C,4825,1D25215013008SXC10,2026-04-21 23:00:00,2026-04-22 07:00:00,51,19.0,0,Continuity (2-mould press)
2026-04-22 00:00:00,A,4825,1D25215013008SXC10,2026-04-22 07:00:00,2026-04-22 15:00:00,51,19.0,0,Continuity (2-mould press)
2026-04-22 00:00:00,B,4825,1D25215013008SXC10,2026-04-22 15:00:00,2026-04-22 23:00:00,51,19.0,0,Continuity (2-mould press)
2026-04-22 00:00:00,C,4825,1D25215013008SXC10,2026-04-22 23:00:00,2026-04-23 07:00:00,51,19.0,0,Continuity (2-mould press)
2026-04-23 00:00:00,A,4825,1D25215013008SXC10,2026-04-23 07:00:00,2026-04-23 08:19:00,8,19.0,0,Continuity (2-mould press)
2026-04-23 00:00:00,A,4825,MOULD_CLEAN,2026-04-23 08:19:00,2026-04-23 11:19:00,0,0.0,0,Mould cleaning (continuity)
2026-04-23 00:00:00,A,4825,1D25215013008SXC10,2026-04-23 11:19:00,2026-04-23 15:00:00,23,19.0,0,Continuity (2-mould press)
2026-04-23 00:00:00,B,4825,1D25215013008SXC10,2026-04-23 15:00:00,2026-04-23 23:00:00,51,19.0,0,Continuity (2-mould press)
2026-04-23 00:00:00,C,4825,1D25215013008SXC10,2026-04-23 23:00:00,2026-04-24 07:00:00,51,19.0,0,Continuity (2-mould press)
2026-04-24 00:00:00,A,4825,1D25215013008SXC10,2026-04-24 07:00:00,2026-04-24 15:00:00,51,19.0,0,Continuity (2-mould press)
2026-04-24 00:00:00,B,4825,1D25215013008SXC10,2026-04-24 15:00:00,2026-04-24 23:00:00,51,19.0,0,Continuity (2-mould press)
2026-04-24 00:00:00,C,4825,1D25215013008SXC10,2026-04-24 23:00:00,2026-04-25 07:00:00,51,19.0,0,Continuity (2-mould press)
2026-04-25 00:00:00,A,4825,1D25215013008SXC10,2026-04-25 07:00:00,2026-04-25 15:00:00,51,19.0,0,Continuity (2-mould press)
2026-04-25 00:00:00,B,4825,1D25215013008SXC10,2026-04-25 15:00:00,2026-04-25 23:00:00,51,19.0,0,Continuity (2-mould press)
2026-04-25 00:00:00,C,4825,1D25215013008SXC10,2026-04-25 23:00:00,2026-04-26 07:00:00,51,19.0,0,Continuity (2-mould press)
2026-04-26 00:00:00,A,4825,1D25215013008SXC10,2026-04-26 07:00:00,2026-04-26 15:00:00,51,19.0,0,Continuity (2-mould press)
2026-04-26 00:00:00,B,4825,1D25215013008SXC10,2026-04-26 15:00:00,2026-04-26 23:00:00,51,19.0,0,Continuity (2-mould press)
2026-04-26 00:00:00,C,4825,1D25215013008SXC10,2026-04-26 23:00:00,2026-04-27 07:00:00,51,19.0,0,Continuity (2-mould press)
2026-04-27 00:00:00,A,4825,1D25215013008SXC10,2026-04-27 07:00:00,2026-04-27 15:00:00,51,19.0,0,Continuity (2-mould press)
2026-04-27 00:00:00,B,4825,1D25215013008SXC10,2026-04-27 15:00:00,2026-04-27 23:00:00,51,19.0,0,Continuity (2-mould press)
2026-04-27 00:00:00,C,4825,1D25215013008SXC10,2026-04-27 23:00:00,2026-04-28 07:00:00,51,19.0,0,Continuity (2-mould press)
2026-04-28 00:00:00,A,4825,1D25215013008SXC10,2026-04-28 07:00:00,2026-04-28 15:00:00,51,19.0,0,Continuity (2-mould press)
2026-04-28 00:00:00,B,4825,1D25215013008SXC10,2026-04-28 15:00:00,2026-04-28 23:00:00,51,19.0,0,Continuity (2-mould press)
2026-04-28 00:00:00,C,4825,1D25215013008SXC10,2026-04-28 23:00:00,2026-04-29 07:00:00,51,19.0,0,Continuity (2-mould press)
2026-04-29 00:00:00,A,4825,1D25215013008SXC10,2026-04-29 07:00:00,2026-04-29 15:00:00,51,19.0,0,Continuity (2-mould press)
2026-04-29 00:00:00,B,4825,1D25215013008SXC10,2026-04-29 15:00:00,2026-04-29 23:00:00,51,19.0,0,Continuity (2-mould press)
2026-04-29 00:00:00,C,4825,1D25215013008SXC10,2026-04-29 23:00:00,2026-04-30 07:00:00,51,19.0,0,Continuity (2-mould press)
2026-04-30 00:00:00,A,4825,1D25215013008SXC10,2026-04-30 07:00:00,2026-04-30 10:31:00,22,19.0,0,Continuity (2-mould press)
2026-04-08 00:00:00,A,4826,1325217515084HURL2,2026-04-08 07:00:00,2026-04-08 15:00:00,64,15.0,0,Continuity (2-mould press)
2026-04-08 00:00:00,B,4826,1325217515084HURL2,2026-04-08 15:00:00,2026-04-08 23:00:00,64,15.0,0,Continuity (2-mould press)
2026-04-08 00:00:00,C,4826,1325217515084HURL2,2026-04-08 23:00:00,2026-04-09 07:00:00,64,15.0,0,Continuity (2-mould press)
2026-04-09 00:00:00,A,4826,1325217515084HURL2,2026-04-09 07:00:00,2026-04-09 15:00:00,64,15.0,0,Continuity (2-mould press)
2026-04-09 00:00:00,B,4826,1325217515084HURL2,2026-04-09 15:00:00,2026-04-09 23:00:00,64,15.0,0,Continuity (2-mould press)
2026-04-09 00:00:00,C,4826,1325217515084HURL2,2026-04-09 23:00:00,2026-04-10 07:00:00,64,15.0,0,Continuity (2-mould press)
2026-04-10 00:00:00,A,4826,1325217515084HURL2,2026-04-10 07:00:00,2026-04-10 15:00:00,64,15.0,0,Continuity (2-mould press)
2026-04-10 00:00:00,B,4826,1325217515084HURL2,2026-04-10 15:00:00,2026-04-10 23:00:00,64,15.0,0,Continuity (2-mould press)
2026-04-10 00:00:00,C,4826,1325217515084HURL2,2026-04-10 23:00:00,2026-04-11 07:00:00,64,15.0,0,Continuity (2-mould press)
2026-04-11 00:00:00,A,4826,1325217515084HURL2,2026-04-11 07:00:00,2026-04-11 15:00:00,64,15.0,0,Continuity (2-mould press)
2026-04-11 00:00:00,B,4826,1325217515084HURL2,2026-04-11 15:00:00,2026-04-11 23:00:00,64,15.0,0,Continuity (2-mould press)
2026-04-11 00:00:00,C,4826,1325217515084HURL2,2026-04-11 23:00:00,2026-04-12 07:00:00,64,15.0,0,Continuity (2-mould press)
2026-04-12 00:00:00,A,4826,1325217515084HURL2,2026-04-12 07:00:00,2026-04-12 15:00:00,64,15.0,0,Continuity (2-mould press)
2026-04-12 00:00:00,B,4826,1325217515084HURL2,2026-04-12 15:00:00,2026-04-12 23:00:00,64,15.0,0,Continuity (2-mould press)
2026-04-12 00:00:00,C,4826,1325217515084HURL2,2026-04-12 23:00:00,2026-04-13 07:00:00,64,15.0,0,Continuity (2-mould press)
2026-04-13 00:00:00,A,4826,1325217515084HURL2,2026-04-13 07:00:00,2026-04-13 15:00:00,64,15.0,0,Continuity (2-mould press)
2026-04-13 00:00:00,B,4826,1325217515084HURL2,2026-04-13 15:00:00,2026-04-13 23:00:00,64,15.0,0,Continuity (2-mould press)
2026-04-13 00:00:00,C,4826,1325217515084HURL2,2026-04-13 23:00:00,2026-04-14 07:00:00,64,15.0,0,Continuity (2-mould press)
2026-04-14 00:00:00,A,4826,1325217515084HURL2,2026-04-14 07:00:00,2026-04-14 15:00:00,64,15.0,0,Continuity (2-mould press)
2026-04-14 00:00:00,B,4826,1325217515084HURL2,2026-04-14 15:00:00,2026-04-14 23:00:00,64,15.0,0,Continuity (2-mould press)
2026-04-14 00:00:00,C,4826,1325217515084HURL2,2026-04-14 23:00:00,2026-04-15 07:00:00,64,15.0,0,Continuity (2-mould press)
2026-04-15 00:00:00,A,4826,1325217515084HURL2,2026-04-15 07:00:00,2026-04-15 15:00:00,64,15.0,0,Continuity (2-mould press)
2026-04-15 00:00:00,B,4826,1325217515084HURL2,2026-04-15 15:00:00,2026-04-15 23:00:00,64,15.0,0,Continuity (2-mould press)
2026-04-15 00:00:00,C,4826,1325217515084HURL2,2026-04-15 23:00:00,2026-04-16 07:00:00,64,15.0,0,Continuity (2-mould press)
2026-04-16 00:00:00,A,4826,1325217515084HURL2,2026-04-16 07:00:00,2026-04-16 15:00:00,64,15.0,0,Continuity (2-mould press)
2026-04-16 00:00:00,B,4826,1325217515084HURL2,2026-04-16 15:00:00,2026-04-16 23:00:00,64,15.0,0,Continuity (2-mould press)
2026-04-16 00:00:00,C,4826,1325217515084HURL2,2026-04-16 23:00:00,2026-04-17 07:00:00,64,15.0,0,Continuity (2-mould press)
2026-04-17 00:00:00,A,4826,1325217515084HURL2,2026-04-17 07:00:00,2026-04-17 15:00:00,64,15.0,0,Continuity (2-mould press)
2026-04-17 00:00:00,B,4826,1325217515084HURL2,2026-04-17 15:00:00,2026-04-17 23:00:00,64,15.0,0,Continuity (2-mould press)
2026-04-17 00:00:00,C,4826,1325217515084HURL2,2026-04-17 23:00:00,2026-04-18 07:00:00,64,15.0,0,Continuity (2-mould press)
2026-04-18 00:00:00,A,4826,1325217515084HURL2,2026-04-18 07:00:00,2026-04-18 15:00:00,64,15.0,0,Continuity (2-mould press)
2026-04-18 00:00:00,B,4826,1325217515084HURL2,2026-04-18 15:00:00,2026-04-18 23:00:00,64,15.0,0,Continuity (2-mould press)
2026-04-18 00:00:00,C,4826,1325217515084HURL2,2026-04-18 23:00:00,2026-04-19 07:00:00,64,15.0,0,Continuity (2-mould press)
2026-04-19 00:00:00,A,4826,1325217515084HURL2,2026-04-19 07:00:00,2026-04-19 15:00:00,64,15.0,0,Continuity (2-mould press)
2026-04-19 00:00:00,B,4826,1325217515084HURL2,2026-04-19 15:00:00,2026-04-19 23:00:00,64,15.0,0,Continuity (2-mould press)
2026-04-19 00:00:00,C,4826,1325217515084HURL2,2026-04-19 23:00:00,2026-04-20 07:00:00,64,15.0,0,Continuity (2-mould press)
2026-04-20 00:00:00,A,4826,1325217515084HURL2,2026-04-20 07:00:00,2026-04-20 15:00:00,64,15.0,0,Continuity (2-mould press)
2026-04-20 00:00:00,B,4826,1325217515084HURL2,2026-04-20 15:00:00,2026-04-20 23:00:00,64,15.0,0,Continuity (2-mould press)
2026-04-20 00:00:00,C,4826,1325217515084HURL2,2026-04-20 23:00:00,2026-04-21 07:00:00,64,15.0,0,Continuity (2-mould press)
2026-04-21 00:00:00,A,4826,1325217515084HURL2,2026-04-21 07:00:00,2026-04-21 15:00:00,64,15.0,0,Continuity (2-mould press)
2026-04-21 00:00:00,B,4826,1325217515084HURL2,2026-04-21 15:00:00,2026-04-21 23:00:00,64,15.0,0,Continuity (2-mould press)
2026-04-21 00:00:00,C,4826,1325217515084HURL2,2026-04-21 23:00:00,2026-04-22 07:00:00,64,15.0,0,Continuity (2-mould press)
2026-04-22 00:00:00,A,4826,1325217515084HURL2,2026-04-22 07:00:00,2026-04-22 15:00:00,64,15.0,0,Continuity (2-mould press)
2026-04-22 00:00:00,B,4826,1325217515084HURL2,2026-04-22 15:00:00,2026-04-22 23:00:00,64,15.0,0,Continuity (2-mould press)
2026-04-22 00:00:00,C,4826,1325217515084HURL2,2026-04-22 23:00:00,2026-04-23 07:00:00,64,15.0,0,Continuity (2-mould press)
2026-04-23 00:00:00,A,4826,1325217515084HURL2,2026-04-23 07:00:00,2026-04-23 15:00:00,64,15.0,0,Continuity (2-mould press)
2026-04-23 00:00:00,B,4826,1325217515084HURL2,2026-04-23 15:00:00,2026-04-23 23:00:00,64,15.0,0,Continuity (2-mould press)
2026-04-23 00:00:00,C,4826,1325217515084HURL2,2026-04-23 23:00:00,2026-04-24 07:00:00,64,15.0,0,Continuity (2-mould press)
2026-04-24 00:00:00,A,4826,1325217515084HURL2,2026-04-24 07:00:00,2026-04-24 15:00:00,64,15.0,0,Continuity (2-mould press)
2026-04-24 00:00:00,B,4826,1325217515084HURL2,2026-04-24 15:00:00,2026-04-24 23:00:00,64,15.0,0,Continuity (2-mould press)
2026-04-24 00:00:00,C,4826,1325217515084HURL2,2026-04-24 23:00:00,2026-04-25 07:00:00,64,15.0,0,Continuity (2-mould press)
2026-04-25 00:00:00,A,4826,1325217515084HURL2,2026-04-25 07:00:00,2026-04-25 15:00:00,64,15.0,0,Continuity (2-mould press)
2026-04-25 00:00:00,B,4826,1325217515084HURL2,2026-04-25 15:00:00,2026-04-25 23:00:00,64,15.0,0,Continuity (2-mould press)
2026-04-25 00:00:00,C,4826,1325217515084HURL2,2026-04-25 23:00:00,2026-04-26 07:00:00,64,15.0,0,Continuity (2-mould press)
2026-04-26 00:00:00,A,4826,1325217515084HURL2,2026-04-26 07:00:00,2026-04-26 15:00:00,64,15.0,0,Continuity (2-mould press)
2026-04-26 00:00:00,B,4826,1325217515084HURL2,2026-04-26 15:00:00,2026-04-26 23:00:00,64,15.0,0,Continuity (2-mould press)
2026-04-26 00:00:00,C,4826,1325217515084HURL2,2026-04-26 23:00:00,2026-04-27 07:00:00,64,15.0,0,Continuity (2-mould press)
2026-04-27 00:00:00,A,4826,1325217515084HURL2,2026-04-27 07:00:00,2026-04-27 10:30:00,28,15.0,0,Continuity (2-mould press)
2026-04-08 00:00:00,A,4827,1325225518111HRHB0,2026-04-08 07:00:00,2026-04-08 15:00:00,53,18.0,0,Continuity (2-mould press)
2026-04-08 00:00:00,B,4827,1325225518111HRHB0,2026-04-08 15:00:00,2026-04-08 23:00:00,53,18.0,0,Continuity (2-mould press)
2026-04-08 00:00:00,C,4827,1325225518111HRHB0,2026-04-08 23:00:00,2026-04-09 07:00:00,53,18.0,0,Continuity (2-mould press)
2026-04-09 00:00:00,A,4827,1325225518111HRHB0,2026-04-09 07:00:00,2026-04-09 15:00:00,53,18.0,0,Continuity (2-mould press)
2026-04-09 00:00:00,B,4827,1325225518111HRHB0,2026-04-09 15:00:00,2026-04-09 23:00:00,53,18.0,0,Continuity (2-mould press)
2026-04-09 00:00:00,C,4827,1325225518111HRHB0,2026-04-09 23:00:00,2026-04-10 07:00:00,53,18.0,0,Continuity (2-mould press)
2026-04-10 00:00:00,A,4827,1325225518111HRHB0,2026-04-10 07:00:00,2026-04-10 15:00:00,53,18.0,0,Continuity (2-mould press)
2026-04-10 00:00:00,B,4827,1325225518111HRHB0,2026-04-10 15:00:00,2026-04-10 23:00:00,53,18.0,0,Continuity (2-mould press)
2026-04-10 00:00:00,C,4827,1325225518111HRHB0,2026-04-10 23:00:00,2026-04-11 07:00:00,53,18.0,0,Continuity (2-mould press)
2026-04-11 00:00:00,A,4827,1325225518111HRHB0,2026-04-11 07:00:00,2026-04-11 15:00:00,53,18.0,0,Continuity (2-mould press)
2026-04-11 00:00:00,B,4827,1325225518111HRHB0,2026-04-11 15:00:00,2026-04-11 23:00:00,53,18.0,0,Continuity (2-mould press)
2026-04-11 00:00:00,C,4827,1325225518111HRHB0,2026-04-11 23:00:00,2026-04-12 07:00:00,53,18.0,0,Continuity (2-mould press)
2026-04-12 00:00:00,A,4827,1325225518111HRHB0,2026-04-12 07:00:00,2026-04-12 15:00:00,53,18.0,0,Continuity (2-mould press)
2026-04-12 00:00:00,B,4827,1325225518111HRHB0,2026-04-12 15:00:00,2026-04-12 23:00:00,53,18.0,0,Continuity (2-mould press)
2026-04-12 00:00:00,C,4827,1325225518111HRHB0,2026-04-12 23:00:00,2026-04-13 07:00:00,53,18.0,0,Continuity (2-mould press)
2026-04-13 00:00:00,A,4827,1325225518111HRHB0,2026-04-13 07:00:00,2026-04-13 15:00:00,53,18.0,0,Continuity (2-mould press)
2026-04-13 00:00:00,B,4827,1325225518111HRHB0,2026-04-13 15:00:00,2026-04-13 23:00:00,53,18.0,0,Continuity (2-mould press)
2026-04-13 00:00:00,C,4827,1325225518111HRHB0,2026-04-13 23:00:00,2026-04-14 07:00:00,53,18.0,0,Continuity (2-mould press)
2026-04-14 00:00:00,A,4827,1325225518111HRHB0,2026-04-14 07:00:00,2026-04-14 15:00:00,53,18.0,0,Continuity (2-mould press)
2026-04-14 00:00:00,B,4827,1325225518111HRHB0,2026-04-14 15:00:00,2026-04-14 23:00:00,53,18.0,0,Continuity (2-mould press)
2026-04-14 00:00:00,C,4827,1325225518111HRHB0,2026-04-14 23:00:00,2026-04-15 07:00:00,53,18.0,0,Continuity (2-mould press)
2026-04-15 00:00:00,A,4827,1325225518111HRHB0,2026-04-15 07:00:00,2026-04-15 15:00:00,53,18.0,0,Continuity (2-mould press)
2026-04-15 00:00:00,B,4827,1325225518111HRHB0,2026-04-15 15:00:00,2026-04-15 23:00:00,53,18.0,0,Continuity (2-mould press)
2026-04-15 00:00:00,C,4827,1325225518111HRHB0,2026-04-15 23:00:00,2026-04-16 07:00:00,53,18.0,0,Continuity (2-mould press)
2026-04-16 00:00:00,A,4827,1325225518111HRHB0,2026-04-16 07:00:00,2026-04-16 15:00:00,53,18.0,0,Continuity (2-mould press)
2026-04-16 00:00:00,B,4827,1325225518111HRHB0,2026-04-16 15:00:00,2026-04-16 23:00:00,53,18.0,0,Continuity (2-mould press)
2026-04-16 00:00:00,C,4827,1325225518111HRHB0,2026-04-16 23:00:00,2026-04-17 07:00:00,53,18.0,0,Continuity (2-mould press)
2026-04-17 00:00:00,A,4827,1325225518111HRHB0,2026-04-17 07:00:00,2026-04-17 15:00:00,53,18.0,0,Continuity (2-mould press)
2026-04-17 00:00:00,B,4827,1325225518111HRHB0,2026-04-17 15:00:00,2026-04-17 23:00:00,53,18.0,0,Continuity (2-mould press)
2026-04-17 00:00:00,C,4827,1325225518111HRHB0,2026-04-17 23:00:00,2026-04-18 07:00:00,53,18.0,0,Continuity (2-mould press)
2026-04-18 00:00:00,A,4827,1325225518111HRHB0,2026-04-18 07:00:00,2026-04-18 15:00:00,53,18.0,0,Continuity (2-mould press)
2026-04-18 00:00:00,B,4827,1325225518111HRHB0,2026-04-18 15:00:00,2026-04-18 23:00:00,53,18.0,0,Continuity (2-mould press)
2026-04-18 00:00:00,C,4827,1325225518111HRHB0,2026-04-18 23:00:00,2026-04-19 07:00:00,53,18.0,0,Continuity (2-mould press)
2026-04-19 00:00:00,A,4827,1325225518111HRHB0,2026-04-19 07:00:00,2026-04-19 15:00:00,53,18.0,0,Continuity (2-mould press)
2026-04-19 00:00:00,B,4827,1325225518111HRHB0,2026-04-19 15:00:00,2026-04-19 23:00:00,53,18.0,0,Continuity (2-mould press)
2026-04-19 00:00:00,C,4827,1325225518111HRHB0,2026-04-19 23:00:00,2026-04-20 07:00:00,53,18.0,0,Continuity (2-mould press)
2026-04-20 00:00:00,A,4827,1325225518111HRHB0,2026-04-20 07:00:00,2026-04-20 15:00:00,53,18.0,0,Continuity (2-mould press)
2026-04-20 00:00:00,B,4827,1325225518111HRHB0,2026-04-20 15:00:00,2026-04-20 23:00:00,53,18.0,0,Continuity (2-mould press)
2026-04-20 00:00:00,C,4827,1325225518111HRHB0,2026-04-20 23:00:00,2026-04-21 07:00:00,53,18.0,0,Continuity (2-mould press)
2026-04-21 00:00:00,A,4827,1325225518111HRHB0,2026-04-21 07:00:00,2026-04-21 15:00:00,53,18.0,0,Continuity (2-mould press)
2026-04-21 00:00:00,B,4827,1325225518111HRHB0,2026-04-21 15:00:00,2026-04-21 19:18:00,29,18.0,0,Continuity (2-mould press)
2026-04-21 00:00:00,B,4827,MOULD_CLEAN,2026-04-21 19:18:00,2026-04-21 22:18:00,0,0.0,0,Mould cleaning (continuity)
2026-04-21 00:00:00,B,4827,1325225518111HRHB0,2026-04-21 22:18:00,2026-04-21 23:00:00,5,18.0,0,Continuity (2-mould press)
2026-04-21 00:00:00,C,4827,1325225518111HRHB0,2026-04-21 23:00:00,2026-04-22 07:00:00,53,18.0,0,Continuity (2-mould press)
2026-04-22 00:00:00,A,4827,1325225518111HRHB0,2026-04-22 07:00:00,2026-04-22 15:00:00,53,18.0,0,Continuity (2-mould press)
2026-04-22 00:00:00,B,4827,1325225518111HRHB0,2026-04-22 15:00:00,2026-04-22 23:00:00,53,18.0,0,Continuity (2-mould press)
2026-04-22 00:00:00,C,4827,1325225518111HRHB0,2026-04-22 23:00:00,2026-04-23 07:00:00,53,18.0,0,Continuity (2-mould press)
2026-04-23 00:00:00,A,4827,1325225518111HRHB0,2026-04-23 07:00:00,2026-04-23 15:00:00,53,18.0,0,Continuity (2-mould press)
2026-04-23 00:00:00,B,4827,1325225518111HRHB0,2026-04-23 15:00:00,2026-04-23 23:00:00,53,18.0,0,Continuity (2-mould press)
2026-04-23 00:00:00,C,4827,1325225518111HRHB0,2026-04-23 23:00:00,2026-04-24 07:00:00,53,18.0,0,Continuity (2-mould press)
2026-04-24 00:00:00,A,4827,1325225518111HRHB0,2026-04-24 07:00:00,2026-04-24 15:00:00,53,18.0,0,Continuity (2-mould press)
2026-04-24 00:00:00,B,4827,1325225518111HRHB0,2026-04-24 15:00:00,2026-04-24 23:00:00,53,18.0,0,Continuity (2-mould press)
2026-04-24 00:00:00,C,4827,1325225518111HRHB0,2026-04-24 23:00:00,2026-04-25 07:00:00,53,18.0,0,Continuity (2-mould press)
2026-04-25 00:00:00,A,4827,1325225518111HRHB0,2026-04-25 07:00:00,2026-04-25 15:00:00,53,18.0,0,Continuity (2-mould press)
2026-04-25 00:00:00,B,4827,1325225518111HRHB0,2026-04-25 15:00:00,2026-04-25 23:00:00,53,18.0,0,Continuity (2-mould press)
2026-04-25 00:00:00,C,4827,1325225518111HRHB0,2026-04-25 23:00:00,2026-04-26 07:00:00,53,18.0,0,Continuity (2-mould press)
2026-04-26 00:00:00,A,4827,1325225518111HRHB0,2026-04-26 07:00:00,2026-04-26 15:00:00,53,18.0,0,Continuity (2-mould press)
2026-04-26 00:00:00,B,4827,1325225518111HRHB0,2026-04-26 15:00:00,2026-04-26 23:00:00,53,18.0,0,Continuity (2-mould press)
2026-04-26 00:00:00,C,4827,1325225518111HRHB0,2026-04-26 23:00:00,2026-04-27 07:00:00,53,18.0,0,Continuity (2-mould press)
2026-04-27 00:00:00,A,4827,1325225518111HRHB0,2026-04-27 07:00:00,2026-04-27 15:00:00,53,18.0,0,Continuity (2-mould press)
2026-04-27 00:00:00,B,4827,1325225518111HRHB0,2026-04-27 15:00:00,2026-04-27 23:00:00,53,18.0,0,Continuity (2-mould press)
2026-04-27 00:00:00,C,4827,1325225518111HRHB0,2026-04-27 23:00:00,2026-04-28 07:00:00,53,18.0,0,Continuity (2-mould press)
2026-04-28 00:00:00,A,4827,1325225518111HRHB0,2026-04-28 07:00:00,2026-04-28 15:00:00,53,18.0,0,Continuity (2-mould press)
2026-04-28 00:00:00,B,4827,1325225518111HRHB0,2026-04-28 15:00:00,2026-04-28 23:00:00,53,18.0,0,Continuity (2-mould press)
2026-04-28 00:00:00,C,4827,1325225518111HRHB0,2026-04-28 23:00:00,2026-04-29 07:00:00,53,18.0,0,Continuity (2-mould press)
2026-04-29 00:00:00,A,4827,1325225518111HRHB0,2026-04-29 07:00:00,2026-04-29 15:00:00,53,18.0,0,Continuity (2-mould press)
2026-04-29 00:00:00,B,4827,1325225518111HRHB0,2026-04-29 15:00:00,2026-04-29 23:00:00,53,18.0,0,Continuity (2-mould press)
2026-04-29 00:00:00,C,4827,1325225518111HRHB0,2026-04-29 23:00:00,2026-04-30 07:00:00,53,18.0,0,Continuity (2-mould press)
2026-04-30 00:00:00,A,4827,1325225518111HRHB0,2026-04-30 07:00:00,2026-04-30 15:00:00,53,18.0,0,Continuity (2-mould press)
2026-04-30 00:00:00,B,4827,1325225518111HRHB0,2026-04-30 15:00:00,2026-04-30 23:00:00,53,18.0,0,Continuity (2-mould press)
2026-04-30 00:00:00,C,4827,1325225518111HRHB0,2026-04-30 23:00:00,2026-05-01 07:00:00,53,18.0,0,Continuity (2-mould press)
2026-05-01 00:00:00,A,4827,1325225518111HRHB0,2026-05-01 07:00:00,2026-05-01 15:00:00,53,18.0,0,Continuity (2-mould press)
2026-05-01 00:00:00,B,4827,1325225518111HRHB0,2026-05-01 15:00:00,2026-05-01 23:00:00,53,18.0,0,Continuity (2-mould press)
2026-05-01 00:00:00,C,4827,1325225518111HRHB0,2026-05-01 23:00:00,2026-05-02 07:00:00,53,18.0,0,Continuity (2-mould press)
2026-05-02 00:00:00,A,4827,1325225518111HRHB0,2026-05-02 07:00:00,2026-05-02 15:00:00,53,18.0,0,Continuity (2-mould press)
2026-05-02 00:00:00,B,4827,1325225518111HRHB0,2026-05-02 15:00:00,2026-05-02 23:00:00,53,18.0,0,Continuity (2-mould press)
2026-05-02 00:00:00,C,4827,1325225518111HRHB0,2026-05-02 23:00:00,2026-05-03 07:00:00,53,18.0,0,Continuity (2-mould press)
2026-05-03 00:00:00,A,4827,1325225518111HRHB0,2026-05-03 07:00:00,2026-05-03 15:00:00,53,18.0,0,Continuity (2-mould press)
2026-05-03 00:00:00,B,4827,1325225518111HRHB0,2026-05-03 15:00:00,2026-05-03 23:00:00,53,18.0,0,Continuity (2-mould press)
2026-05-03 00:00:00,C,4827,1325225518111HRHB0,2026-05-03 23:00:00,2026-05-04 07:00:00,53,18.0,0,Continuity (2-mould press)
2026-05-04 00:00:00,A,4827,1325225518111HRHB0,2026-05-04 07:00:00,2026-05-04 15:00:00,53,18.0,0,Continuity (2-mould press)
2026-05-04 00:00:00,B,4827,1325225518111HRHB0,2026-05-04 15:00:00,2026-05-04 23:00:00,53,18.0,0,Continuity (2-mould press)
2026-05-04 00:00:00,C,4827,1325225518111HRHB0,2026-05-04 23:00:00,2026-05-05 07:00:00,53,18.0,0,Continuity (2-mould press)
2026-05-05 00:00:00,A,4827,1325225518111HRHB0,2026-05-05 07:00:00,2026-05-05 15:00:00,53,18.0,0,Continuity (2-mould press)
2026-05-05 00:00:00,B,4827,1325225518111HRHB0,2026-05-05 15:00:00,2026-05-05 23:00:00,53,18.0,0,Continuity (2-mould press)
2026-05-05 00:00:00,C,4827,1325225518111HRHB0,2026-05-05 23:00:00,2026-05-06 07:00:00,53,18.0,0,Continuity (2-mould press)
2026-05-06 00:00:00,A,4827,1325225518111HRHB0,2026-05-06 07:00:00,2026-05-06 15:00:00,53,18.0,0,Continuity (2-mould press)
2026-05-06 00:00:00,B,4827,1325225518111HRHB0,2026-05-06 15:00:00,2026-05-06 23:00:00,53,18.0,0,Continuity (2-mould press)
2026-05-06 00:00:00,C,4827,1325225518111HRHB0,2026-05-06 23:00:00,2026-05-07 07:00:00,53,18.0,0,Continuity (2-mould press)
2026-05-07 00:00:00,A,4827,1325225518111HRHB0,2026-05-07 07:00:00,2026-05-07 15:00:00,53,18.0,0,Continuity (2-mould press)
2026-05-07 00:00:00,B,4827,1325225518111HRHB0,2026-05-07 15:00:00,2026-05-07 23:00:00,53,18.0,0,Continuity (2-mould press)
2026-05-07 00:00:00,C,4827,1325225518111HRHB0,2026-05-07 23:00:00,2026-05-08 07:00:00,53,18.0,0,Continuity (2-mould press)
2026-04-08 00:00:00,A,4828,1325217515084HURL2,2026-04-08 07:00:00,2026-04-08 15:00:00,64,15.0,0,Continuity (2-mould press)
2026-04-08 00:00:00,B,4828,1325217515084HURL2,2026-04-08 15:00:00,2026-04-08 23:00:00,64,15.0,0,Continuity (2-mould press)
2026-04-08 00:00:00,C,4828,1325217515084HURL2,2026-04-08 23:00:00,2026-04-09 07:00:00,64,15.0,0,Continuity (2-mould press)
2026-04-09 00:00:00,A,4828,1325217515084HURL2,2026-04-09 07:00:00,2026-04-09 15:00:00,64,15.0,0,Continuity (2-mould press)
2026-04-09 00:00:00,B,4828,1325217515084HURL2,2026-04-09 15:00:00,2026-04-09 23:00:00,64,15.0,0,Continuity (2-mould press)
2026-04-09 00:00:00,C,4828,1325217515084HURL2,2026-04-09 23:00:00,2026-04-10 07:00:00,64,15.0,0,Continuity (2-mould press)
2026-04-10 00:00:00,A,4828,1325217515084HURL2,2026-04-10 07:00:00,2026-04-10 15:00:00,64,15.0,0,Continuity (2-mould press)
2026-04-10 00:00:00,B,4828,1325217515084HURL2,2026-04-10 15:00:00,2026-04-10 23:00:00,64,15.0,0,Continuity (2-mould press)
2026-04-10 00:00:00,C,4828,1325217515084HURL2,2026-04-10 23:00:00,2026-04-11 07:00:00,64,15.0,0,Continuity (2-mould press)
2026-04-11 00:00:00,A,4828,1325217515084HURL2,2026-04-11 07:00:00,2026-04-11 15:00:00,64,15.0,0,Continuity (2-mould press)
2026-04-11 00:00:00,B,4828,1325217515084HURL2,2026-04-11 15:00:00,2026-04-11 23:00:00,64,15.0,0,Continuity (2-mould press)
2026-04-11 00:00:00,C,4828,1325217515084HURL2,2026-04-11 23:00:00,2026-04-12 07:00:00,64,15.0,0,Continuity (2-mould press)
2026-04-12 00:00:00,A,4828,1325217515084HURL2,2026-04-12 07:00:00,2026-04-12 15:00:00,64,15.0,0,Continuity (2-mould press)
2026-04-12 00:00:00,B,4828,1325217515084HURL2,2026-04-12 15:00:00,2026-04-12 23:00:00,64,15.0,0,Continuity (2-mould press)
2026-04-12 00:00:00,C,4828,1325217515084HURL2,2026-04-12 23:00:00,2026-04-13 07:00:00,64,15.0,0,Continuity (2-mould press)
2026-04-13 00:00:00,A,4828,1325217515084HURL2,2026-04-13 07:00:00,2026-04-13 15:00:00,64,15.0,0,Continuity (2-mould press)
2026-04-13 00:00:00,B,4828,1325217515084HURL2,2026-04-13 15:00:00,2026-04-13 23:00:00,64,15.0,0,Continuity (2-mould press)
2026-04-13 00:00:00,C,4828,1325217515084HURL2,2026-04-13 23:00:00,2026-04-14 07:00:00,64,15.0,0,Continuity (2-mould press)
2026-04-14 00:00:00,A,4828,1325217515084HURL2,2026-04-14 07:00:00,2026-04-14 15:00:00,64,15.0,0,Continuity (2-mould press)
2026-04-14 00:00:00,B,4828,1325217515084HURL2,2026-04-14 15:00:00,2026-04-14 23:00:00,64,15.0,0,Continuity (2-mould press)
2026-04-14 00:00:00,C,4828,1325217515084HURL2,2026-04-14 23:00:00,2026-04-15 07:00:00,64,15.0,0,Continuity (2-mould press)
2026-04-15 00:00:00,A,4828,1325217515084HURL2,2026-04-15 07:00:00,2026-04-15 15:00:00,64,15.0,0,Continuity (2-mould press)
2026-04-15 00:00:00,B,4828,1325217515084HURL2,2026-04-15 15:00:00,2026-04-15 23:00:00,64,15.0,0,Continuity (2-mould press)
2026-04-15 00:00:00,C,4828,1325217515084HURL2,2026-04-15 23:00:00,2026-04-16 07:00:00,64,15.0,0,Continuity (2-mould press)
2026-04-16 00:00:00,A,4828,1325217515084HURL2,2026-04-16 07:00:00,2026-04-16 15:00:00,64,15.0,0,Continuity (2-mould press)
2026-04-16 00:00:00,B,4828,1325217515084HURL2,2026-04-16 15:00:00,2026-04-16 23:00:00,64,15.0,0,Continuity (2-mould press)
2026-04-16 00:00:00,C,4828,1325217515084HURL2,2026-04-16 23:00:00,2026-04-17 04:00:00,40,15.0,0,Continuity (2-mould press)
2026-04-16 00:00:00,C,4828,MOULD_CLEAN,2026-04-17 04:00:00,2026-04-17 07:00:00,0,0.0,0,Mould cleaning (continuity)
2026-04-17 00:00:00,A,4828,1325217515084HURL2,2026-04-17 07:00:00,2026-04-17 15:00:00,64,15.0,0,Continuity (2-mould press)
2026-04-17 00:00:00,B,4828,1325217515084HURL2,2026-04-17 15:00:00,2026-04-17 23:00:00,64,15.0,0,Continuity (2-mould press)
2026-04-17 00:00:00,C,4828,1325217515084HURL2,2026-04-17 23:00:00,2026-04-18 07:00:00,64,15.0,0,Continuity (2-mould press)
2026-04-18 00:00:00,A,4828,1325217515084HURL2,2026-04-18 07:00:00,2026-04-18 15:00:00,64,15.0,0,Continuity (2-mould press)
2026-04-18 00:00:00,B,4828,1325217515084HURL2,2026-04-18 15:00:00,2026-04-18 23:00:00,64,15.0,0,Continuity (2-mould press)
2026-04-18 00:00:00,C,4828,1325217515084HURL2,2026-04-18 23:00:00,2026-04-19 07:00:00,64,15.0,0,Continuity (2-mould press)
2026-04-19 00:00:00,A,4828,1325217515084HURL2,2026-04-19 07:00:00,2026-04-19 15:00:00,64,15.0,0,Continuity (2-mould press)
2026-04-19 00:00:00,B,4828,1325217515084HURL2,2026-04-19 15:00:00,2026-04-19 23:00:00,64,15.0,0,Continuity (2-mould press)
2026-04-19 00:00:00,C,4828,1325217515084HURL2,2026-04-19 23:00:00,2026-04-20 07:00:00,64,15.0,0,Continuity (2-mould press)
2026-04-20 00:00:00,A,4828,1325217515084HURL2,2026-04-20 07:00:00,2026-04-20 15:00:00,64,15.0,0,Continuity (2-mould press)
2026-04-20 00:00:00,B,4828,1325217515084HURL2,2026-04-20 15:00:00,2026-04-20 23:00:00,64,15.0,0,Continuity (2-mould press)
2026-04-20 00:00:00,C,4828,1325217515084HURL2,2026-04-20 23:00:00,2026-04-21 07:00:00,64,15.0,0,Continuity (2-mould press)
2026-04-21 00:00:00,A,4828,1325217515084HURL2,2026-04-21 07:00:00,2026-04-21 15:00:00,64,15.0,0,Continuity (2-mould press)
2026-04-21 00:00:00,B,4828,1325217515084HURL2,2026-04-21 15:00:00,2026-04-21 23:00:00,64,15.0,0,Continuity (2-mould press)
2026-04-21 00:00:00,C,4828,1325217515084HURL2,2026-04-21 23:00:00,2026-04-22 07:00:00,64,15.0,0,Continuity (2-mould press)
2026-04-22 00:00:00,A,4828,1325217515084HURL2,2026-04-22 07:00:00,2026-04-22 15:00:00,64,15.0,0,Continuity (2-mould press)
2026-04-22 00:00:00,B,4828,1325217515084HURL2,2026-04-22 15:00:00,2026-04-22 23:00:00,64,15.0,0,Continuity (2-mould press)
2026-04-22 00:00:00,C,4828,1325217515084HURL2,2026-04-22 23:00:00,2026-04-23 07:00:00,64,15.0,0,Continuity (2-mould press)
2026-04-23 00:00:00,A,4828,1325217515084HURL2,2026-04-23 07:00:00,2026-04-23 15:00:00,64,15.0,0,Continuity (2-mould press)
2026-04-23 00:00:00,B,4828,1325217515084HURL2,2026-04-23 15:00:00,2026-04-23 23:00:00,64,15.0,0,Continuity (2-mould press)
2026-04-23 00:00:00,C,4828,1325217515084HURL2,2026-04-23 23:00:00,2026-04-24 07:00:00,64,15.0,0,Continuity (2-mould press)
2026-04-24 00:00:00,A,4828,1325217515084HURL2,2026-04-24 07:00:00,2026-04-24 15:00:00,64,15.0,0,Continuity (2-mould press)
2026-04-24 00:00:00,B,4828,1325217515084HURL2,2026-04-24 15:00:00,2026-04-24 23:00:00,64,15.0,0,Continuity (2-mould press)
2026-04-24 00:00:00,C,4828,1325217515084HURL2,2026-04-24 23:00:00,2026-04-25 07:00:00,64,15.0,0,Continuity (2-mould press)
2026-04-25 00:00:00,A,4828,1325217515084HURL2,2026-04-25 07:00:00,2026-04-25 15:00:00,64,15.0,0,Continuity (2-mould press)
2026-04-25 00:00:00,B,4828,1325217515084HURL2,2026-04-25 15:00:00,2026-04-25 23:00:00,64,15.0,0,Continuity (2-mould press)
2026-04-25 00:00:00,C,4828,1325217515084HURL2,2026-04-25 23:00:00,2026-04-26 07:00:00,64,15.0,0,Continuity (2-mould press)
2026-04-26 00:00:00,A,4828,1325217515084HURL2,2026-04-26 07:00:00,2026-04-26 15:00:00,64,15.0,0,Continuity (2-mould press)
2026-04-26 00:00:00,B,4828,1325217515084HURL2,2026-04-26 15:00:00,2026-04-26 23:00:00,64,15.0,0,Continuity (2-mould press)
2026-04-26 00:00:00,C,4828,1325217515084HURL2,2026-04-26 23:00:00,2026-04-27 07:00:00,64,15.0,0,Continuity (2-mould press)
2026-04-27 00:00:00,A,4828,1325217515084HURL2,2026-04-27 07:00:00,2026-04-27 13:30:00,52,15.0,0,Continuity (2-mould press)
2026-04-08 00:00:00,A,4829,1325221417096HURL0,2026-04-08 07:00:00,2026-04-08 15:00:00,60,16.0,0,Continuity (2-mould press)
2026-04-08 00:00:00,B,4829,1325221417096HURL0,2026-04-08 15:00:00,2026-04-08 23:00:00,60,16.0,0,Continuity (2-mould press)
2026-04-08 00:00:00,C,4829,1325221417096HURL0,2026-04-08 23:00:00,2026-04-09 07:00:00,60,16.0,0,Continuity (2-mould press)
2026-04-09 00:00:00,A,4829,1325221417096HURL0,2026-04-09 07:00:00,2026-04-09 15:00:00,60,16.0,0,Continuity (2-mould press)
2026-04-09 00:00:00,B,4829,1325221417096HURL0,2026-04-09 15:00:00,2026-04-09 23:00:00,60,16.0,0,Continuity (2-mould press)
2026-04-09 00:00:00,C,4829,1325221417096HURL0,2026-04-09 23:00:00,2026-04-10 07:00:00,60,16.0,0,Continuity (2-mould press)
2026-04-10 00:00:00,A,4829,1325221417096HURL0,2026-04-10 07:00:00,2026-04-10 15:00:00,60,16.0,0,Continuity (2-mould press)
2026-04-10 00:00:00,B,4829,1325221417096HURL0,2026-04-10 15:00:00,2026-04-10 23:00:00,60,16.0,0,Continuity (2-mould press)
2026-04-10 00:00:00,C,4829,1325221417096HURL0,2026-04-10 23:00:00,2026-04-11 07:00:00,60,16.0,0,Continuity (2-mould press)
2026-04-11 00:00:00,A,4829,1325221417096HURL0,2026-04-11 07:00:00,2026-04-11 15:00:00,60,16.0,0,Continuity (2-mould press)
2026-04-11 00:00:00,B,4829,1325221417096HURL0,2026-04-11 15:00:00,2026-04-11 23:00:00,60,16.0,0,Continuity (2-mould press)
2026-04-11 00:00:00,C,4829,1325221417096HURL0,2026-04-11 23:00:00,2026-04-12 07:00:00,60,16.0,0,Continuity (2-mould press)
2026-04-12 00:00:00,A,4829,1325221417096HURL0,2026-04-12 07:00:00,2026-04-12 15:00:00,60,16.0,0,Continuity (2-mould press)
2026-04-12 00:00:00,B,4829,1325221417096HURL0,2026-04-12 15:00:00,2026-04-12 23:00:00,60,16.0,0,Continuity (2-mould press)
2026-04-12 00:00:00,C,4829,1325221417096HURL0,2026-04-12 23:00:00,2026-04-13 07:00:00,60,16.0,0,Continuity (2-mould press)
2026-04-13 00:00:00,A,4829,1325221417096HURL0,2026-04-13 07:00:00,2026-04-13 15:00:00,60,16.0,0,Continuity (2-mould press)
2026-04-13 00:00:00,B,4829,1325221417096HURL0,2026-04-13 15:00:00,2026-04-13 23:00:00,60,16.0,0,Continuity (2-mould press)
2026-04-13 00:00:00,C,4829,1325221417096HURL0,2026-04-13 23:00:00,2026-04-14 07:00:00,60,16.0,0,Continuity (2-mould press)
2026-04-14 00:00:00,A,4829,1325221417096HURL0,2026-04-14 07:00:00,2026-04-14 15:00:00,60,16.0,0,Continuity (2-mould press)
2026-04-14 00:00:00,B,4829,1325221417096HURL0,2026-04-14 15:00:00,2026-04-14 23:00:00,60,16.0,0,Continuity (2-mould press)
2026-04-14 00:00:00,C,4829,1325221417096HURL0,2026-04-14 23:00:00,2026-04-15 07:00:00,60,16.0,0,Continuity (2-mould press)
2026-04-15 00:00:00,A,4829,1325221417096HURL0,2026-04-15 07:00:00,2026-04-15 15:00:00,60,16.0,0,Continuity (2-mould press)
2026-04-15 00:00:00,B,4829,1325221417096HURL0,2026-04-15 15:00:00,2026-04-15 23:00:00,60,16.0,0,Continuity (2-mould press)
2026-04-15 00:00:00,C,4829,1325221417096HURL0,2026-04-15 23:00:00,2026-04-16 07:00:00,60,16.0,0,Continuity (2-mould press)
2026-04-16 00:00:00,A,4829,1325221417096HURL0,2026-04-16 07:00:00,2026-04-16 15:00:00,60,16.0,0,Continuity (2-mould press)
2026-04-16 00:00:00,B,4829,1325221417096HURL0,2026-04-16 15:00:00,2026-04-16 23:00:00,60,16.0,0,Continuity (2-mould press)
2026-04-16 00:00:00,C,4829,1325221417096HURL0,2026-04-16 23:00:00,2026-04-17 07:00:00,60,16.0,0,Continuity (2-mould press)
2026-04-17 00:00:00,A,4829,1325221417096HURL0,2026-04-17 07:00:00,2026-04-17 15:00:00,60,16.0,0,Continuity (2-mould press)
2026-04-17 00:00:00,B,4829,1325221417096HURL0,2026-04-17 15:00:00,2026-04-17 23:00:00,60,16.0,0,Continuity (2-mould press)
2026-04-17 00:00:00,C,4829,1325221417096HURL0,2026-04-17 23:00:00,2026-04-18 07:00:00,60,16.0,0,Continuity (2-mould press)
2026-04-18 00:00:00,A,4829,1325221417096HURL0,2026-04-18 07:00:00,2026-04-18 15:00:00,60,16.0,0,Continuity (2-mould press)
2026-04-18 00:00:00,B,4829,1325221417096HURL0,2026-04-18 15:00:00,2026-04-18 23:00:00,60,16.0,0,Continuity (2-mould press)
2026-04-18 00:00:00,C,4829,1325221417096HURL0,2026-04-18 23:00:00,2026-04-19 07:00:00,60,16.0,0,Continuity (2-mould press)
2026-04-19 00:00:00,A,4829,1325221417096HURL0,2026-04-19 07:00:00,2026-04-19 15:00:00,60,16.0,0,Continuity (2-mould press)
2026-04-19 00:00:00,B,4829,1325221417096HURL0,2026-04-19 15:00:00,2026-04-19 23:00:00,60,16.0,0,Continuity (2-mould press)
2026-04-19 00:00:00,C,4829,1325221417096HURL0,2026-04-19 23:00:00,2026-04-20 07:00:00,60,16.0,0,Continuity (2-mould press)
2026-04-20 00:00:00,A,4829,1325221417096HURL0,2026-04-20 07:00:00,2026-04-20 15:00:00,60,16.0,0,Continuity (2-mould press)
2026-04-20 00:00:00,B,4829,1325221417096HURL0,2026-04-20 15:00:00,2026-04-20 23:00:00,60,16.0,0,Continuity (2-mould press)
2026-04-20 00:00:00,C,4829,1325221417096HURL0,2026-04-20 23:00:00,2026-04-21 07:00:00,60,16.0,0,Continuity (2-mould press)
2026-04-21 00:00:00,A,4829,1325221417096HURL0,2026-04-21 07:00:00,2026-04-21 15:00:00,60,16.0,0,Continuity (2-mould press)
2026-04-21 00:00:00,B,4829,1325221417096HURL0,2026-04-21 15:00:00,2026-04-21 23:00:00,60,16.0,0,Continuity (2-mould press)
2026-04-21 00:00:00,C,4829,1325221417096HURL0,2026-04-21 23:00:00,2026-04-22 07:00:00,60,16.0,0,Continuity (2-mould press)
2026-04-22 00:00:00,A,4829,1325221417096HURL0,2026-04-22 07:00:00,2026-04-22 15:00:00,60,16.0,0,Continuity (2-mould press)
2026-04-22 00:00:00,B,4829,1325221417096HURL0,2026-04-22 15:00:00,2026-04-22 23:00:00,60,16.0,0,Continuity (2-mould press)
2026-04-22 00:00:00,C,4829,1325221417096HURL0,2026-04-22 23:00:00,2026-04-23 07:00:00,60,16.0,0,Continuity (2-mould press)
2026-04-23 00:00:00,A,4829,1325221417096HURL0,2026-04-23 07:00:00,2026-04-23 15:00:00,60,16.0,0,Continuity (2-mould press)
2026-04-23 00:00:00,B,4829,1325221417096HURL0,2026-04-23 15:00:00,2026-04-23 23:00:00,60,16.0,0,Continuity (2-mould press)
2026-04-23 00:00:00,C,4829,1325221417096HURL0,2026-04-23 23:00:00,2026-04-24 07:00:00,60,16.0,0,Continuity (2-mould press)
2026-04-24 00:00:00,A,4829,1325221417096HURL0,2026-04-24 07:00:00,2026-04-24 15:00:00,60,16.0,0,Continuity (2-mould press)
2026-04-24 00:00:00,B,4829,1325221417096HURL0,2026-04-24 15:00:00,2026-04-24 23:00:00,60,16.0,0,Continuity (2-mould press)
2026-04-24 00:00:00,C,4829,1325221417096HURL0,2026-04-24 23:00:00,2026-04-25 07:00:00,60,16.0,0,Continuity (2-mould press)
2026-04-25 00:00:00,A,4829,1325221417096HURL0,2026-04-25 07:00:00,2026-04-25 15:00:00,60,16.0,0,Continuity (2-mould press)
2026-04-25 00:00:00,B,4829,1325221417096HURL0,2026-04-25 15:00:00,2026-04-25 23:00:00,60,16.0,0,Continuity (2-mould press)
2026-04-25 00:00:00,C,4829,1325221417096HURL0,2026-04-25 23:00:00,2026-04-26 07:00:00,60,16.0,0,Continuity (2-mould press)
2026-04-26 00:00:00,A,4829,1325221417096HURL0,2026-04-26 07:00:00,2026-04-26 15:00:00,60,16.0,0,Continuity (2-mould press)
2026-04-26 00:00:00,B,4829,1325221417096HURL0,2026-04-26 15:00:00,2026-04-26 23:00:00,60,16.0,0,Continuity (2-mould press)
2026-04-26 00:00:00,C,4829,1325221417096HURL0,2026-04-26 23:00:00,2026-04-27 07:00:00,60,16.0,0,Continuity (2-mould press)
2026-04-27 00:00:00,A,4829,1325221417096HURL0,2026-04-27 07:00:00,2026-04-27 15:00:00,60,16.0,0,Continuity (2-mould press)
2026-04-27 00:00:00,B,4829,1325221417096HURL0,2026-04-27 15:00:00,2026-04-27 23:00:00,60,16.0,0,Continuity (2-mould press)
2026-04-27 00:00:00,C,4829,1325221417096HURL0,2026-04-27 23:00:00,2026-04-28 07:00:00,60,16.0,0,Continuity (2-mould press)
2026-04-28 00:00:00,A,4829,1325221417096HURL0,2026-04-28 07:00:00,2026-04-28 15:00:00,60,16.0,0,Continuity (2-mould press)
2026-04-28 00:00:00,B,4829,1325221417096HURL0,2026-04-28 15:00:00,2026-04-28 23:00:00,60,16.0,0,Continuity (2-mould press)
2026-04-28 00:00:00,C,4829,1325221417096HURL0,2026-04-28 23:00:00,2026-04-29 07:00:00,60,16.0,0,Continuity (2-mould press)
2026-04-29 00:00:00,A,4829,1325221417096HURL0,2026-04-29 07:00:00,2026-04-29 15:00:00,60,16.0,0,Continuity (2-mould press)
2026-04-29 00:00:00,B,4829,1325221417096HURL0,2026-04-29 15:00:00,2026-04-29 20:20:00,40,16.0,0,Continuity (2-mould press)
2026-04-08 00:00:00,A,4830,1D25216814008QXPC0,2026-04-08 07:00:00,2026-04-08 15:00:00,48,20.0,0,Continuity (2-mould press)
2026-04-08 00:00:00,B,4830,1D25216814008QXPC0,2026-04-08 15:00:00,2026-04-08 23:00:00,48,20.0,0,Continuity (2-mould press)
2026-04-08 00:00:00,C,4830,1D25216814008QXPC0,2026-04-08 23:00:00,2026-04-09 07:00:00,48,20.0,0,Continuity (2-mould press)
2026-04-09 00:00:00,A,4830,1D25216814008QXPC0,2026-04-09 07:00:00,2026-04-09 15:00:00,48,20.0,0,Continuity (2-mould press)
2026-04-09 00:00:00,B,4830,1D25216814008QXPC0,2026-04-09 15:00:00,2026-04-09 23:00:00,48,20.0,0,Continuity (2-mould press)
2026-04-09 00:00:00,C,4830,1D25216814008QXPC0,2026-04-09 23:00:00,2026-04-10 07:00:00,48,20.0,0,Continuity (2-mould press)
2026-04-10 00:00:00,A,4830,1D25216814008QXPC0,2026-04-10 07:00:00,2026-04-10 15:00:00,48,20.0,0,Continuity (2-mould press)
2026-04-10 00:00:00,B,4830,1D25216814008QXPC0,2026-04-10 15:00:00,2026-04-10 23:00:00,48,20.0,0,Continuity (2-mould press)
2026-04-10 00:00:00,C,4830,1D25216814008QXPC0,2026-04-10 23:00:00,2026-04-11 07:00:00,48,20.0,0,Continuity (2-mould press)
2026-04-11 00:00:00,A,4830,1D25216814008QXPC0,2026-04-11 07:00:00,2026-04-11 15:00:00,48,20.0,0,Continuity (2-mould press)
2026-04-11 00:00:00,B,4830,1D25216814008QXPC0,2026-04-11 15:00:00,2026-04-11 23:00:00,48,20.0,0,Continuity (2-mould press)
2026-04-11 00:00:00,C,4830,1D25216814008QXPC0,2026-04-11 23:00:00,2026-04-12 07:00:00,48,20.0,0,Continuity (2-mould press)
2026-04-12 00:00:00,A,4830,1D25216814008QXPC0,2026-04-12 07:00:00,2026-04-12 15:00:00,48,20.0,0,Continuity (2-mould press)
2026-04-12 00:00:00,B,4830,1D25216814008QXPC0,2026-04-12 15:00:00,2026-04-12 23:00:00,48,20.0,0,Continuity (2-mould press)
2026-04-12 00:00:00,C,4830,1D25216814008QXPC0,2026-04-12 23:00:00,2026-04-13 07:00:00,48,20.0,0,Continuity (2-mould press)
2026-04-13 00:00:00,A,4830,1D25216814008QXPC0,2026-04-13 07:00:00,2026-04-13 15:00:00,48,20.0,0,Continuity (2-mould press)
2026-04-13 00:00:00,B,4830,1D25216814008QXPC0,2026-04-13 15:00:00,2026-04-13 23:00:00,48,20.0,0,Continuity (2-mould press)
2026-04-13 00:00:00,C,4830,1D25216814008QXPC0,2026-04-13 23:00:00,2026-04-14 07:00:00,48,20.0,0,Continuity (2-mould press)
2026-04-14 00:00:00,A,4830,1D25216814008QXPC0,2026-04-14 07:00:00,2026-04-14 15:00:00,48,20.0,0,Continuity (2-mould press)
2026-04-14 00:00:00,B,4830,1D25216814008QXPC0,2026-04-14 15:00:00,2026-04-14 23:00:00,48,20.0,0,Continuity (2-mould press)
2026-04-14 00:00:00,C,4830,1D25216814008QXPC0,2026-04-14 23:00:00,2026-04-15 07:00:00,48,20.0,0,Continuity (2-mould press)
2026-04-15 00:00:00,A,4830,1D25216814008QXPC0,2026-04-15 07:00:00,2026-04-15 15:00:00,48,20.0,0,Continuity (2-mould press)
2026-04-15 00:00:00,B,4830,1D25216814008QXPC0,2026-04-15 15:00:00,2026-04-15 23:00:00,48,20.0,0,Continuity (2-mould press)
2026-04-15 00:00:00,C,4830,1D25216814008QXPC0,2026-04-15 23:00:00,2026-04-16 07:00:00,48,20.0,0,Continuity (2-mould press)
2026-04-16 00:00:00,A,4830,1D25216814008QXPC0,2026-04-16 07:00:00,2026-04-16 15:00:00,48,20.0,0,Continuity (2-mould press)
2026-04-16 00:00:00,B,4830,1D25216814008QXPC0,2026-04-16 15:00:00,2026-04-16 23:00:00,48,20.0,0,Continuity (2-mould press)
2026-04-16 00:00:00,C,4830,1D25216814008QXPC0,2026-04-16 23:00:00,2026-04-17 07:00:00,48,20.0,0,Continuity (2-mould press)
2026-04-17 00:00:00,A,4830,1D25216814008QXPC0,2026-04-17 07:00:00,2026-04-17 15:00:00,48,20.0,0,Continuity (2-mould press)
2026-04-17 00:00:00,B,4830,1D25216814008QXPC0,2026-04-17 15:00:00,2026-04-17 23:00:00,48,20.0,0,Continuity (2-mould press)
2026-04-17 00:00:00,C,4830,1D25216814008QXPC0,2026-04-17 23:00:00,2026-04-18 07:00:00,48,20.0,0,Continuity (2-mould press)
2026-04-18 00:00:00,A,4830,1D25216814008QXPC0,2026-04-18 07:00:00,2026-04-18 15:00:00,48,20.0,0,Continuity (2-mould press)
2026-04-18 00:00:00,B,4830,1D25216814008QXPC0,2026-04-18 15:00:00,2026-04-18 23:00:00,48,20.0,0,Continuity (2-mould press)
2026-04-18 00:00:00,C,4830,1D25216814008QXPC0,2026-04-18 23:00:00,2026-04-19 07:00:00,48,20.0,0,Continuity (2-mould press)
2026-04-19 00:00:00,A,4830,1D25216814008QXPC0,2026-04-19 07:00:00,2026-04-19 15:00:00,48,20.0,0,Continuity (2-mould press)
2026-04-19 00:00:00,B,4830,1D25216814008QXPC0,2026-04-19 15:00:00,2026-04-19 23:00:00,48,20.0,0,Continuity (2-mould press)
2026-04-19 00:00:00,C,4830,1D25216814008QXPC0,2026-04-19 23:00:00,2026-04-20 07:00:00,48,20.0,0,Continuity (2-mould press)
2026-04-20 00:00:00,A,4830,1D25216814008QXPC0,2026-04-20 07:00:00,2026-04-20 15:00:00,48,20.0,0,Continuity (2-mould press)
2026-04-20 00:00:00,B,4830,1D25216814008QXPC0,2026-04-20 15:00:00,2026-04-20 23:00:00,48,20.0,0,Continuity (2-mould press)
2026-04-20 00:00:00,C,4830,1D25216814008QXPC0,2026-04-20 23:00:00,2026-04-21 07:00:00,48,20.0,0,Continuity (2-mould press)
2026-04-21 00:00:00,A,4830,1D25216814008QXPC0,2026-04-21 07:00:00,2026-04-21 15:00:00,48,20.0,0,Continuity (2-mould press)
2026-04-21 00:00:00,B,4830,1D25216814008QXPC0,2026-04-21 15:00:00,2026-04-21 23:00:00,48,20.0,0,Continuity (2-mould press)
2026-04-21 00:00:00,C,4830,1D25216814008QXPC0,2026-04-21 23:00:00,2026-04-22 07:00:00,48,20.0,0,Continuity (2-mould press)
2026-04-22 00:00:00,A,4830,1D25216814008QXPC0,2026-04-22 07:00:00,2026-04-22 15:00:00,48,20.0,0,Continuity (2-mould press)
2026-04-22 00:00:00,B,4830,1D25216814008QXPC0,2026-04-22 15:00:00,2026-04-22 23:00:00,48,20.0,0,Continuity (2-mould press)
2026-04-22 00:00:00,C,4830,1D25216814008QXPC0,2026-04-22 23:00:00,2026-04-23 07:00:00,48,20.0,0,Continuity (2-mould press)
2026-04-23 00:00:00,A,4830,1D25216814008QXPC0,2026-04-23 07:00:00,2026-04-23 15:00:00,48,20.0,0,Continuity (2-mould press)
2026-04-23 00:00:00,B,4830,1D25216814008QXPC0,2026-04-23 15:00:00,2026-04-23 23:00:00,48,20.0,0,Continuity (2-mould press)
2026-04-23 00:00:00,C,4830,1D25216814008QXPC0,2026-04-23 23:00:00,2026-04-24 07:00:00,48,20.0,0,Continuity (2-mould press)
2026-04-24 00:00:00,A,4830,1D25216814008QXPC0,2026-04-24 07:00:00,2026-04-24 15:00:00,48,20.0,0,Continuity (2-mould press)
2026-04-24 00:00:00,B,4830,1D25216814008QXPC0,2026-04-24 15:00:00,2026-04-24 23:00:00,48,20.0,0,Continuity (2-mould press)
2026-04-24 00:00:00,C,4830,1D25216814008QXPC0,2026-04-24 23:00:00,2026-04-25 07:00:00,48,20.0,0,Continuity (2-mould press)
2026-04-25 00:00:00,A,4830,1D25216814008QXPC0,2026-04-25 07:00:00,2026-04-25 15:00:00,48,20.0,0,Continuity (2-mould press)
2026-04-25 00:00:00,B,4830,1D25216814008QXPC0,2026-04-25 15:00:00,2026-04-25 23:00:00,48,20.0,0,Continuity (2-mould press)
2026-04-25 00:00:00,C,4830,1D25216814008QXPC0,2026-04-25 23:00:00,2026-04-26 07:00:00,48,20.0,0,Continuity (2-mould press)
2026-04-26 00:00:00,A,4830,1D25216814008QXPC0,2026-04-26 07:00:00,2026-04-26 15:00:00,48,20.0,0,Continuity (2-mould press)
2026-04-26 00:00:00,B,4830,1D25216814008QXPC0,2026-04-26 15:00:00,2026-04-26 23:00:00,48,20.0,0,Continuity (2-mould press)
2026-04-26 00:00:00,C,4830,1D25216814008QXPC0,2026-04-26 23:00:00,2026-04-27 07:00:00,48,20.0,0,Continuity (2-mould press)
2026-04-27 00:00:00,A,4830,1D25216814008QXPC0,2026-04-27 07:00:00,2026-04-27 15:00:00,48,20.0,0,Continuity (2-mould press)
2026-04-27 00:00:00,B,4830,1D25216814008QXPC0,2026-04-27 15:00:00,2026-04-27 23:00:00,48,20.0,0,Continuity (2-mould press)
2026-04-27 00:00:00,C,4830,1D25216814008QXPC0,2026-04-27 23:00:00,2026-04-28 07:00:00,48,20.0,0,Continuity (2-mould press)
2026-04-28 00:00:00,A,4830,1D25216814008QXPC0,2026-04-28 07:00:00,2026-04-28 15:00:00,48,20.0,0,Continuity (2-mould press)
2026-04-28 00:00:00,B,4830,1D25216814008QXPC0,2026-04-28 15:00:00,2026-04-28 23:00:00,48,20.0,0,Continuity (2-mould press)
2026-04-28 00:00:00,C,4830,1D25216814008QXPC0,2026-04-28 23:00:00,2026-04-29 07:00:00,48,20.0,0,Continuity (2-mould press)
2026-04-29 00:00:00,A,4830,1D25216814008QXPC0,2026-04-29 07:00:00,2026-04-29 15:00:00,48,20.0,0,Continuity (2-mould press)
2026-04-29 00:00:00,B,4830,1D25216814008QXPC0,2026-04-29 15:00:00,2026-04-29 23:00:00,48,20.0,0,Continuity (2-mould press)
2026-04-29 00:00:00,C,4830,1D25216814008QXPC0,2026-04-29 23:00:00,2026-04-30 07:00:00,48,20.0,0,Continuity (2-mould press)
2026-04-30 00:00:00,A,4830,1D25216814008QXPC0,2026-04-30 07:00:00,2026-04-30 15:00:00,48,20.0,0,Continuity (2-mould press)
2026-04-30 00:00:00,B,4830,1D25216814008QXPC0,2026-04-30 15:00:00,2026-04-30 23:00:00,48,20.0,0,Continuity (2-mould press)
2026-04-30 00:00:00,C,4830,1D25216814008QXPC0,2026-04-30 23:00:00,2026-05-01 07:00:00,48,20.0,0,Continuity (2-mould press)
2026-05-01 00:00:00,A,4830,1D25216814008QXPC0,2026-05-01 07:00:00,2026-05-01 15:00:00,48,20.0,0,Continuity (2-mould press)
2026-05-01 00:00:00,B,4830,1D25216814008QXPC0,2026-05-01 15:00:00,2026-05-01 23:00:00,48,20.0,0,Continuity (2-mould press)
2026-05-01 00:00:00,C,4830,1D25216814008QXPC0,2026-05-01 23:00:00,2026-05-02 07:00:00,48,20.0,0,Continuity (2-mould press)
2026-05-02 00:00:00,A,4830,1D25216814008QXPC0,2026-05-02 07:00:00,2026-05-02 15:00:00,48,20.0,0,Continuity (2-mould press)
2026-05-02 00:00:00,B,4830,1D25216814008QXPC0,2026-05-02 15:00:00,2026-05-02 23:00:00,48,20.0,0,Continuity (2-mould press)
2026-05-02 00:00:00,C,4830,1D25216814008QXPC0,2026-05-02 23:00:00,2026-05-03 07:00:00,48,20.0,0,Continuity (2-mould press)
2026-05-03 00:00:00,A,4830,1D25216814008QXPC0,2026-05-03 07:00:00,2026-05-03 15:00:00,48,20.0,0,Continuity (2-mould press)
2026-05-03 00:00:00,B,4830,1D25216814008QXPC0,2026-05-03 15:00:00,2026-05-03 23:00:00,48,20.0,0,Continuity (2-mould press)
2026-05-03 00:00:00,C,4830,1D25216814008QXPC0,2026-05-03 23:00:00,2026-05-04 04:00:00,30,20.0,0,Continuity (2-mould press)
2026-04-08 00:00:00,A,4831,1D25215013008SXC10,2026-04-08 07:00:00,2026-04-08 15:00:00,51,19.0,0,Continuity (2-mould press)
2026-04-08 00:00:00,B,4831,1D25215013008SXC10,2026-04-08 15:00:00,2026-04-08 23:00:00,51,19.0,0,Continuity (2-mould press)
2026-04-08 00:00:00,C,4831,1D25215013008SXC10,2026-04-08 23:00:00,2026-04-09 07:00:00,51,19.0,0,Continuity (2-mould press)
2026-04-09 00:00:00,A,4831,1D25215013008SXC10,2026-04-09 07:00:00,2026-04-09 15:00:00,51,19.0,0,Continuity (2-mould press)
2026-04-09 00:00:00,B,4831,1D25215013008SXC10,2026-04-09 15:00:00,2026-04-09 23:00:00,51,19.0,0,Continuity (2-mould press)
2026-04-09 00:00:00,C,4831,1D25215013008SXC10,2026-04-09 23:00:00,2026-04-10 07:00:00,51,19.0,0,Continuity (2-mould press)
2026-04-10 00:00:00,A,4831,1D25215013008SXC10,2026-04-10 07:00:00,2026-04-10 15:00:00,51,19.0,0,Continuity (2-mould press)
2026-04-10 00:00:00,B,4831,1D25215013008SXC10,2026-04-10 15:00:00,2026-04-10 23:00:00,51,19.0,0,Continuity (2-mould press)
2026-04-10 00:00:00,C,4831,1D25215013008SXC10,2026-04-10 23:00:00,2026-04-11 07:00:00,51,19.0,0,Continuity (2-mould press)
2026-04-11 00:00:00,A,4831,1D25215013008SXC10,2026-04-11 07:00:00,2026-04-11 15:00:00,51,19.0,0,Continuity (2-mould press)
2026-04-11 00:00:00,B,4831,1D25215013008SXC10,2026-04-11 15:00:00,2026-04-11 23:00:00,51,19.0,0,Continuity (2-mould press)
2026-04-11 00:00:00,C,4831,1D25215013008SXC10,2026-04-11 23:00:00,2026-04-12 07:00:00,51,19.0,0,Continuity (2-mould press)
2026-04-12 00:00:00,A,4831,1D25215013008SXC10,2026-04-12 07:00:00,2026-04-12 15:00:00,51,19.0,0,Continuity (2-mould press)
2026-04-12 00:00:00,B,4831,1D25215013008SXC10,2026-04-12 15:00:00,2026-04-12 23:00:00,51,19.0,0,Continuity (2-mould press)
2026-04-12 00:00:00,C,4831,1D25215013008SXC10,2026-04-12 23:00:00,2026-04-13 07:00:00,51,19.0,0,Continuity (2-mould press)
2026-04-13 00:00:00,A,4831,1D25215013008SXC10,2026-04-13 07:00:00,2026-04-13 15:00:00,51,19.0,0,Continuity (2-mould press)
2026-04-13 00:00:00,B,4831,1D25215013008SXC10,2026-04-13 15:00:00,2026-04-13 23:00:00,51,19.0,0,Continuity (2-mould press)
2026-04-13 00:00:00,C,4831,1D25215013008SXC10,2026-04-13 23:00:00,2026-04-14 07:00:00,51,19.0,0,Continuity (2-mould press)
2026-04-14 00:00:00,A,4831,1D25215013008SXC10,2026-04-14 07:00:00,2026-04-14 15:00:00,51,19.0,0,Continuity (2-mould press)
2026-04-14 00:00:00,B,4831,1D25215013008SXC10,2026-04-14 15:00:00,2026-04-14 23:00:00,51,19.0,0,Continuity (2-mould press)
2026-04-14 00:00:00,C,4831,1D25215013008SXC10,2026-04-14 23:00:00,2026-04-15 07:00:00,51,19.0,0,Continuity (2-mould press)
2026-04-15 00:00:00,A,4831,1D25215013008SXC10,2026-04-15 07:00:00,2026-04-15 15:00:00,51,19.0,0,Continuity (2-mould press)
2026-04-15 00:00:00,B,4831,1D25215013008SXC10,2026-04-15 15:00:00,2026-04-15 23:00:00,51,19.0,0,Continuity (2-mould press)
2026-04-15 00:00:00,C,4831,1D25215013008SXC10,2026-04-15 23:00:00,2026-04-16 07:00:00,51,19.0,0,Continuity (2-mould press)
2026-04-16 00:00:00,A,4831,1D25215013008SXC10,2026-04-16 07:00:00,2026-04-16 15:00:00,51,19.0,0,Continuity (2-mould press)
2026-04-16 00:00:00,B,4831,1D25215013008SXC10,2026-04-16 15:00:00,2026-04-16 23:00:00,51,19.0,0,Continuity (2-mould press)
2026-04-16 00:00:00,C,4831,1D25215013008SXC10,2026-04-16 23:00:00,2026-04-17 07:00:00,51,19.0,0,Continuity (2-mould press)
2026-04-17 00:00:00,A,4831,1D25215013008SXC10,2026-04-17 07:00:00,2026-04-17 15:00:00,51,19.0,0,Continuity (2-mould press)
2026-04-17 00:00:00,B,4831,1D25215013008SXC10,2026-04-17 15:00:00,2026-04-17 23:00:00,51,19.0,0,Continuity (2-mould press)
2026-04-17 00:00:00,C,4831,1D25215013008SXC10,2026-04-17 23:00:00,2026-04-18 07:00:00,51,19.0,0,Continuity (2-mould press)
2026-04-18 00:00:00,A,4831,1D25215013008SXC10,2026-04-18 07:00:00,2026-04-18 15:00:00,51,19.0,0,Continuity (2-mould press)
2026-04-18 00:00:00,B,4831,1D25215013008SXC10,2026-04-18 15:00:00,2026-04-18 23:00:00,51,19.0,0,Continuity (2-mould press)
2026-04-18 00:00:00,C,4831,1D25215013008SXC10,2026-04-18 23:00:00,2026-04-19 07:00:00,51,19.0,0,Continuity (2-mould press)
2026-04-19 00:00:00,A,4831,1D25215013008SXC10,2026-04-19 07:00:00,2026-04-19 15:00:00,51,19.0,0,Continuity (2-mould press)
2026-04-19 00:00:00,B,4831,1D25215013008SXC10,2026-04-19 15:00:00,2026-04-19 23:00:00,51,19.0,0,Continuity (2-mould press)
2026-04-19 00:00:00,C,4831,1D25215013008SXC10,2026-04-19 23:00:00,2026-04-20 07:00:00,51,19.0,0,Continuity (2-mould press)
2026-04-20 00:00:00,A,4831,1D25215013008SXC10,2026-04-20 07:00:00,2026-04-20 15:00:00,51,19.0,0,Continuity (2-mould press)
2026-04-20 00:00:00,B,4831,1D25215013008SXC10,2026-04-20 15:00:00,2026-04-20 23:00:00,51,19.0,0,Continuity (2-mould press)
2026-04-20 00:00:00,C,4831,1D25215013008SXC10,2026-04-20 23:00:00,2026-04-21 07:00:00,51,19.0,0,Continuity (2-mould press)
2026-04-21 00:00:00,A,4831,1D25215013008SXC10,2026-04-21 07:00:00,2026-04-21 15:00:00,51,19.0,0,Continuity (2-mould press)
2026-04-21 00:00:00,B,4831,1D25215013008SXC10,2026-04-21 15:00:00,2026-04-21 23:00:00,51,19.0,0,Continuity (2-mould press)
2026-04-21 00:00:00,C,4831,1D25215013008SXC10,2026-04-21 23:00:00,2026-04-22 07:00:00,51,19.0,0,Continuity (2-mould press)
2026-04-22 00:00:00,A,4831,1D25215013008SXC10,2026-04-22 07:00:00,2026-04-22 15:00:00,51,19.0,0,Continuity (2-mould press)
2026-04-22 00:00:00,B,4831,1D25215013008SXC10,2026-04-22 15:00:00,2026-04-22 23:00:00,51,19.0,0,Continuity (2-mould press)
2026-04-22 00:00:00,C,4831,1D25215013008SXC10,2026-04-22 23:00:00,2026-04-23 07:00:00,51,19.0,0,Continuity (2-mould press)
2026-04-23 00:00:00,A,4831,1D25215013008SXC10,2026-04-23 07:00:00,2026-04-23 15:00:00,51,19.0,0,Continuity (2-mould press)
2026-04-23 00:00:00,B,4831,1D25215013008SXC10,2026-04-23 15:00:00,2026-04-23 23:00:00,51,19.0,0,Continuity (2-mould press)
2026-04-23 00:00:00,C,4831,1D25215013008SXC10,2026-04-23 23:00:00,2026-04-24 07:00:00,51,19.0,0,Continuity (2-mould press)
2026-04-24 00:00:00,A,4831,1D25215013008SXC10,2026-04-24 07:00:00,2026-04-24 15:00:00,51,19.0,0,Continuity (2-mould press)
2026-04-24 00:00:00,B,4831,1D25215013008SXC10,2026-04-24 15:00:00,2026-04-24 23:00:00,51,19.0,0,Continuity (2-mould press)
2026-04-24 00:00:00,C,4831,1D25215013008SXC10,2026-04-24 23:00:00,2026-04-25 07:00:00,51,19.0,0,Continuity (2-mould press)
2026-04-25 00:00:00,A,4831,1D25215013008SXC10,2026-04-25 07:00:00,2026-04-25 15:00:00,51,19.0,0,Continuity (2-mould press)
2026-04-25 00:00:00,B,4831,1D25215013008SXC10,2026-04-25 15:00:00,2026-04-25 23:00:00,51,19.0,0,Continuity (2-mould press)
2026-04-25 00:00:00,C,4831,1D25215013008SXC10,2026-04-25 23:00:00,2026-04-26 07:00:00,51,19.0,0,Continuity (2-mould press)
2026-04-26 00:00:00,A,4831,1D25215013008SXC10,2026-04-26 07:00:00,2026-04-26 15:00:00,51,19.0,0,Continuity (2-mould press)
2026-04-26 00:00:00,B,4831,1D25215013008SXC10,2026-04-26 15:00:00,2026-04-26 23:00:00,51,19.0,0,Continuity (2-mould press)
2026-04-26 00:00:00,C,4831,1D25215013008SXC10,2026-04-26 23:00:00,2026-04-27 07:00:00,51,19.0,0,Continuity (2-mould press)
2026-04-27 00:00:00,A,4831,1D25215013008SXC10,2026-04-27 07:00:00,2026-04-27 15:00:00,51,19.0,0,Continuity (2-mould press)
2026-04-27 00:00:00,B,4831,1D25215013008SXC10,2026-04-27 15:00:00,2026-04-27 23:00:00,51,19.0,0,Continuity (2-mould press)
2026-04-27 00:00:00,C,4831,1D25215013008SXC10,2026-04-27 23:00:00,2026-04-28 07:00:00,51,19.0,0,Continuity (2-mould press)
2026-04-28 00:00:00,A,4831,1D25215013008SXC10,2026-04-28 07:00:00,2026-04-28 15:00:00,51,19.0,0,Continuity (2-mould press)
2026-04-28 00:00:00,B,4831,1D25215013008SXC10,2026-04-28 15:00:00,2026-04-28 23:00:00,51,19.0,0,Continuity (2-mould press)
2026-04-28 00:00:00,C,4831,1D25215013008SXC10,2026-04-28 23:00:00,2026-04-29 07:00:00,51,19.0,0,Continuity (2-mould press)
2026-04-29 00:00:00,A,4831,1D25215013008SXC10,2026-04-29 07:00:00,2026-04-29 15:00:00,51,19.0,0,Continuity (2-mould press)
2026-04-29 00:00:00,B,4831,1D25215013008SXC10,2026-04-29 15:00:00,2026-04-29 23:00:00,51,19.0,0,Continuity (2-mould press)
2026-04-29 00:00:00,C,4831,1D25215013008SXC10,2026-04-29 23:00:00,2026-04-30 07:00:00,51,19.0,0,Continuity (2-mould press)
2026-04-30 00:00:00,A,4831,1D25215013008SXC10,2026-04-30 07:00:00,2026-04-30 07:31:00,3,19.0,0,Continuity (2-mould press)
2026-04-08 00:00:00,A,4832,1325219515091HURL2,2026-04-08 07:00:00,2026-04-08 15:00:00,64,15.0,0,Continuity (2-mould press)
2026-04-08 00:00:00,B,4832,1325219515091HURL2,2026-04-08 15:00:00,2026-04-08 23:00:00,64,15.0,0,Continuity (2-mould press)
2026-04-08 00:00:00,C,4832,1325219515091HURL2,2026-04-08 23:00:00,2026-04-09 07:00:00,64,15.0,0,Continuity (2-mould press)
2026-04-09 00:00:00,A,4832,1325219515091HURL2,2026-04-09 07:00:00,2026-04-09 15:00:00,64,15.0,0,Continuity (2-mould press)
2026-04-09 00:00:00,B,4832,1325219515091HURL2,2026-04-09 15:00:00,2026-04-09 23:00:00,64,15.0,0,Continuity (2-mould press)
2026-04-09 00:00:00,C,4832,1325219515091HURL2,2026-04-09 23:00:00,2026-04-10 07:00:00,64,15.0,0,Continuity (2-mould press)
2026-04-10 00:00:00,A,4832,1325219515091HURL2,2026-04-10 07:00:00,2026-04-10 15:00:00,64,15.0,0,Continuity (2-mould press)
2026-04-10 00:00:00,B,4832,1325219515091HURL2,2026-04-10 15:00:00,2026-04-10 23:00:00,64,15.0,0,Continuity (2-mould press)
2026-04-10 00:00:00,C,4832,1325219515091HURL2,2026-04-10 23:00:00,2026-04-11 07:00:00,64,15.0,0,Continuity (2-mould press)
2026-04-11 00:00:00,A,4832,1325219515091HURL2,2026-04-11 07:00:00,2026-04-11 09:15:00,18,15.0,0,Continuity (2-mould press)
2026-04-11 00:00:00,A,4832,MOULD_CLEAN,2026-04-11 09:15:00,2026-04-11 12:15:00,0,0.0,0,Mould cleaning (continuity)
2026-04-11 00:00:00,A,4832,1325219515091HURL2,2026-04-11 12:15:00,2026-04-11 15:00:00,22,15.0,0,Continuity (2-mould press)
2026-04-11 00:00:00,B,4832,1325219515091HURL2,2026-04-11 15:00:00,2026-04-11 23:00:00,64,15.0,0,Continuity (2-mould press)
2026-04-11 00:00:00,C,4832,1325219515091HURL2,2026-04-11 23:00:00,2026-04-12 07:00:00,64,15.0,0,Continuity (2-mould press)
2026-04-12 00:00:00,A,4832,1325219515091HURL2,2026-04-12 07:00:00,2026-04-12 15:00:00,64,15.0,0,Continuity (2-mould press)
2026-04-12 00:00:00,B,4832,1325219515091HURL2,2026-04-12 15:00:00,2026-04-12 23:00:00,64,15.0,0,Continuity (2-mould press)
2026-04-12 00:00:00,C,4832,1325219515091HURL2,2026-04-12 23:00:00,2026-04-13 07:00:00,64,15.0,0,Continuity (2-mould press)
2026-04-13 00:00:00,A,4832,1325219515091HURL2,2026-04-13 07:00:00,2026-04-13 15:00:00,64,15.0,0,Continuity (2-mould press)
2026-04-13 00:00:00,B,4832,1325219515091HURL2,2026-04-13 15:00:00,2026-04-13 23:00:00,64,15.0,0,Continuity (2-mould press)
2026-04-13 00:00:00,C,4832,1325219515091HURL2,2026-04-13 23:00:00,2026-04-14 07:00:00,64,15.0,0,Continuity (2-mould press)
2026-04-14 00:00:00,A,4832,1325219515091HURL2,2026-04-14 07:00:00,2026-04-14 15:00:00,64,15.0,0,Continuity (2-mould press)
2026-04-14 00:00:00,B,4832,1325219515091HURL2,2026-04-14 15:00:00,2026-04-14 23:00:00,64,15.0,0,Continuity (2-mould press)
2026-04-14 00:00:00,C,4832,1325219515091HURL2,2026-04-14 23:00:00,2026-04-15 07:00:00,64,15.0,0,Continuity (2-mould press)
2026-04-15 00:00:00,A,4832,1325219515091HURL2,2026-04-15 07:00:00,2026-04-15 15:00:00,64,15.0,0,Continuity (2-mould press)
2026-04-15 00:00:00,B,4832,1325219515091HURL2,2026-04-15 15:00:00,2026-04-15 23:00:00,64,15.0,0,Continuity (2-mould press)
2026-04-15 00:00:00,C,4832,1325219515091HURL2,2026-04-15 23:00:00,2026-04-16 07:00:00,64,15.0,0,Continuity (2-mould press)
2026-04-16 00:00:00,A,4832,1325219515091HURL2,2026-04-16 07:00:00,2026-04-16 15:00:00,64,15.0,0,Continuity (2-mould press)
2026-04-16 00:00:00,B,4832,1325219515091HURL2,2026-04-16 15:00:00,2026-04-16 23:00:00,64,15.0,0,Continuity (2-mould press)
2026-04-16 00:00:00,C,4832,1325219515091HURL2,2026-04-16 23:00:00,2026-04-17 07:00:00,64,15.0,0,Continuity (2-mould press)
2026-04-17 00:00:00,A,4832,1325219515091HURL2,2026-04-17 07:00:00,2026-04-17 15:00:00,64,15.0,0,Continuity (2-mould press)
2026-04-17 00:00:00,B,4832,1325219515091HURL2,2026-04-17 15:00:00,2026-04-17 23:00:00,64,15.0,0,Continuity (2-mould press)
2026-04-17 00:00:00,C,4832,1325219515091HURL2,2026-04-17 23:00:00,2026-04-18 07:00:00,64,15.0,0,Continuity (2-mould press)
2026-04-18 00:00:00,A,4832,1325219515091HURL2,2026-04-18 07:00:00,2026-04-18 15:00:00,64,15.0,0,Continuity (2-mould press)
2026-04-18 00:00:00,B,4832,1325219515091HURL2,2026-04-18 15:00:00,2026-04-18 23:00:00,64,15.0,0,Continuity (2-mould press)
2026-04-18 00:00:00,C,4832,1325219515091HURL2,2026-04-18 23:00:00,2026-04-19 07:00:00,64,15.0,0,Continuity (2-mould press)
2026-04-19 00:00:00,A,4832,1325219515091HURL2,2026-04-19 07:00:00,2026-04-19 15:00:00,64,15.0,0,Continuity (2-mould press)
2026-04-19 00:00:00,B,4832,1325219515091HURL2,2026-04-19 15:00:00,2026-04-19 23:00:00,64,15.0,0,Continuity (2-mould press)
2026-04-19 00:00:00,C,4832,1325219515091HURL2,2026-04-19 23:00:00,2026-04-20 07:00:00,64,15.0,0,Continuity (2-mould press)
2026-04-20 00:00:00,A,4832,1325219515091HURL2,2026-04-20 07:00:00,2026-04-20 15:00:00,64,15.0,0,Continuity (2-mould press)
2026-04-20 00:00:00,B,4832,1325219515091HURL2,2026-04-20 15:00:00,2026-04-20 23:00:00,64,15.0,0,Continuity (2-mould press)
2026-04-20 00:00:00,C,4832,1325219515091HURL2,2026-04-20 23:00:00,2026-04-21 07:00:00,64,15.0,0,Continuity (2-mould press)
2026-04-21 00:00:00,A,4832,1325219515091HURL2,2026-04-21 07:00:00,2026-04-21 15:00:00,64,15.0,0,Continuity (2-mould press)
2026-04-21 00:00:00,B,4832,1325219515091HURL2,2026-04-21 15:00:00,2026-04-21 23:00:00,64,15.0,0,Continuity (2-mould press)
2026-04-21 00:00:00,C,4832,1325219515091HURL2,2026-04-21 23:00:00,2026-04-22 07:00:00,64,15.0,0,Continuity (2-mould press)
2026-04-22 00:00:00,A,4832,1325219515091HURL2,2026-04-22 07:00:00,2026-04-22 15:00:00,64,15.0,0,Continuity (2-mould press)
2026-04-22 00:00:00,B,4832,1325219515091HURL2,2026-04-22 15:00:00,2026-04-22 23:00:00,64,15.0,0,Continuity (2-mould press)
2026-04-22 00:00:00,C,4832,1325219515091HURL2,2026-04-22 23:00:00,2026-04-23 07:00:00,64,15.0,0,Continuity (2-mould press)
2026-04-23 00:00:00,A,4832,1325219515091HURL2,2026-04-23 07:00:00,2026-04-23 15:00:00,64,15.0,0,Continuity (2-mould press)
2026-04-23 00:00:00,B,4832,1325219515091HURL2,2026-04-23 15:00:00,2026-04-23 23:00:00,64,15.0,0,Continuity (2-mould press)
2026-04-23 00:00:00,C,4832,1325219515091HURL2,2026-04-23 23:00:00,2026-04-24 07:00:00,64,15.0,0,Continuity (2-mould press)
2026-04-24 00:00:00,A,4832,1325219515091HURL2,2026-04-24 07:00:00,2026-04-24 15:00:00,64,15.0,0,Continuity (2-mould press)
2026-04-24 00:00:00,B,4832,1325219515091HURL2,2026-04-24 15:00:00,2026-04-24 23:00:00,64,15.0,0,Continuity (2-mould press)
2026-04-24 00:00:00,C,4832,1325219515091HURL2,2026-04-24 23:00:00,2026-04-25 07:00:00,64,15.0,0,Continuity (2-mould press)
2026-04-25 00:00:00,A,4832,1325219515091HURL2,2026-04-25 07:00:00,2026-04-25 15:00:00,64,15.0,0,Continuity (2-mould press)
2026-04-25 00:00:00,B,4832,1325219515091HURL2,2026-04-25 15:00:00,2026-04-25 23:00:00,64,15.0,0,Continuity (2-mould press)
2026-04-25 00:00:00,C,4832,1325219515091HURL2,2026-04-25 23:00:00,2026-04-26 07:00:00,64,15.0,0,Continuity (2-mould press)
2026-04-26 00:00:00,A,4832,1325219515091HURL2,2026-04-26 07:00:00,2026-04-26 15:00:00,64,15.0,0,Continuity (2-mould press)
2026-04-26 00:00:00,B,4832,1325219515091HURL2,2026-04-26 15:00:00,2026-04-26 23:00:00,64,15.0,0,Continuity (2-mould press)
2026-04-26 00:00:00,C,4832,1325219515091HURL2,2026-04-26 23:00:00,2026-04-27 07:00:00,64,15.0,0,Continuity (2-mould press)
2026-04-27 00:00:00,A,4832,1325219515091HURL2,2026-04-27 07:00:00,2026-04-27 15:00:00,64,15.0,0,Continuity (2-mould press)
2026-04-27 00:00:00,B,4832,1325219515091HURL2,2026-04-27 15:00:00,2026-04-27 23:00:00,64,15.0,0,Continuity (2-mould press)
2026-04-27 00:00:00,C,4832,1325219515091HURL2,2026-04-27 23:00:00,2026-04-28 07:00:00,64,15.0,0,Continuity (2-mould press)
2026-04-28 00:00:00,A,4832,1325219515091HURL2,2026-04-28 07:00:00,2026-04-28 15:00:00,64,15.0,0,Continuity (2-mould press)
2026-04-28 00:00:00,B,4832,1325219515091HURL2,2026-04-28 15:00:00,2026-04-28 19:15:00,34,15.0,0,Continuity (2-mould press)
2026-04-08 00:00:00,A,4833,1325220416092HRHT0,2026-04-08 07:00:00,2026-04-08 15:00:00,60,16.0,0,Continuity (2-mould press)
2026-04-08 00:00:00,B,4833,1325220416092HRHT0,2026-04-08 15:00:00,2026-04-08 23:00:00,60,16.0,0,Continuity (2-mould press)
2026-04-08 00:00:00,C,4833,1325220416092HRHT0,2026-04-08 23:00:00,2026-04-09 07:00:00,60,16.0,0,Continuity (2-mould press)
2026-04-09 00:00:00,A,4833,1325220416092HRHT0,2026-04-09 07:00:00,2026-04-09 12:20:00,40,16.0,0,Continuity (2-mould press)
2026-04-08 00:00:00,A,4834,1325221318095HURL0,2026-04-08 07:00:00,2026-04-08 15:00:00,51,19.0,0,Continuity (2-mould press)
2026-04-08 00:00:00,B,4834,1325221318095HURL0,2026-04-08 15:00:00,2026-04-08 23:00:00,51,19.0,0,Continuity (2-mould press)
2026-04-08 00:00:00,C,4834,1325221318095HURL0,2026-04-08 23:00:00,2026-04-09 07:00:00,51,19.0,0,Continuity (2-mould press)
2026-04-09 00:00:00,A,4834,1325221318095HURL0,2026-04-09 07:00:00,2026-04-09 15:00:00,51,19.0,0,Continuity (2-mould press)
2026-04-09 00:00:00,B,4834,1325221318095HURL0,2026-04-09 15:00:00,2026-04-09 23:00:00,51,19.0,0,Continuity (2-mould press)
2026-04-09 00:00:00,C,4834,1325221318095HURL0,2026-04-09 23:00:00,2026-04-10 07:00:00,51,19.0,0,Continuity (2-mould press)
2026-04-10 00:00:00,A,4834,1325221318095HURL0,2026-04-10 07:00:00,2026-04-10 15:00:00,51,19.0,0,Continuity (2-mould press)
2026-04-10 00:00:00,B,4834,1325221318095HURL0,2026-04-10 15:00:00,2026-04-10 23:00:00,51,19.0,0,Continuity (2-mould press)
2026-04-10 00:00:00,C,4834,1325221318095HURL0,2026-04-10 23:00:00,2026-04-11 07:00:00,51,19.0,0,Continuity (2-mould press)
2026-04-11 00:00:00,A,4834,1325221318095HURL0,2026-04-11 07:00:00,2026-04-11 15:00:00,51,19.0,0,Continuity (2-mould press)
2026-04-11 00:00:00,B,4834,1325221318095HURL0,2026-04-11 15:00:00,2026-04-11 23:00:00,51,19.0,0,Continuity (2-mould press)
2026-04-11 00:00:00,C,4834,1325221318095HURL0,2026-04-11 23:00:00,2026-04-12 07:00:00,51,19.0,0,Continuity (2-mould press)
2026-04-12 00:00:00,A,4834,1325221318095HURL0,2026-04-12 07:00:00,2026-04-12 15:00:00,51,19.0,0,Continuity (2-mould press)
2026-04-12 00:00:00,B,4834,1325221318095HURL0,2026-04-12 15:00:00,2026-04-12 23:00:00,51,19.0,0,Continuity (2-mould press)
2026-04-12 00:00:00,C,4834,1325221318095HURL0,2026-04-12 23:00:00,2026-04-13 07:00:00,51,19.0,0,Continuity (2-mould press)
2026-04-13 00:00:00,A,4834,1325221318095HURL0,2026-04-13 07:00:00,2026-04-13 15:00:00,51,19.0,0,Continuity (2-mould press)
2026-04-13 00:00:00,B,4834,1325221318095HURL0,2026-04-13 15:00:00,2026-04-13 23:00:00,51,19.0,0,Continuity (2-mould press)
2026-04-13 00:00:00,C,4834,1325221318095HURL0,2026-04-13 23:00:00,2026-04-14 07:00:00,51,19.0,0,Continuity (2-mould press)
2026-04-14 00:00:00,A,4834,1325221318095HURL0,2026-04-14 07:00:00,2026-04-14 15:00:00,51,19.0,0,Continuity (2-mould press)
2026-04-14 00:00:00,B,4834,1325221318095HURL0,2026-04-14 15:00:00,2026-04-14 23:00:00,51,19.0,0,Continuity (2-mould press)
2026-04-14 00:00:00,C,4834,1325221318095HURL0,2026-04-14 23:00:00,2026-04-15 07:00:00,51,19.0,0,Continuity (2-mould press)
2026-04-15 00:00:00,A,4834,1325221318095HURL0,2026-04-15 07:00:00,2026-04-15 15:00:00,51,19.0,0,Continuity (2-mould press)
2026-04-15 00:00:00,B,4834,1325221318095HURL0,2026-04-15 15:00:00,2026-04-15 23:00:00,51,19.0,0,Continuity (2-mould press)
2026-04-15 00:00:00,C,4834,1325221318095HURL0,2026-04-15 23:00:00,2026-04-16 07:00:00,51,19.0,0,Continuity (2-mould press)
2026-04-16 00:00:00,A,4834,1325221318095HURL0,2026-04-16 07:00:00,2026-04-16 15:00:00,51,19.0,0,Continuity (2-mould press)
2026-04-16 00:00:00,B,4834,1325221318095HURL0,2026-04-16 15:00:00,2026-04-16 23:00:00,51,19.0,0,Continuity (2-mould press)
2026-04-16 00:00:00,C,4834,1325221318095HURL0,2026-04-16 23:00:00,2026-04-17 07:00:00,51,19.0,0,Continuity (2-mould press)
2026-04-17 00:00:00,A,4834,1325221318095HURL0,2026-04-17 07:00:00,2026-04-17 15:00:00,51,19.0,0,Continuity (2-mould press)
2026-04-17 00:00:00,B,4834,1325221318095HURL0,2026-04-17 15:00:00,2026-04-17 23:00:00,51,19.0,0,Continuity (2-mould press)
2026-04-17 00:00:00,C,4834,1325221318095HURL0,2026-04-17 23:00:00,2026-04-18 07:00:00,51,19.0,0,Continuity (2-mould press)
2026-04-18 00:00:00,A,4834,1325221318095HURL0,2026-04-18 07:00:00,2026-04-18 15:00:00,51,19.0,0,Continuity (2-mould press)
2026-04-18 00:00:00,B,4834,1325221318095HURL0,2026-04-18 15:00:00,2026-04-18 23:00:00,51,19.0,0,Continuity (2-mould press)
2026-04-18 00:00:00,C,4834,1325221318095HURL0,2026-04-18 23:00:00,2026-04-19 07:00:00,51,19.0,0,Continuity (2-mould press)
2026-04-19 00:00:00,A,4834,1325221318095HURL0,2026-04-19 07:00:00,2026-04-19 15:00:00,51,19.0,0,Continuity (2-mould press)
2026-04-19 00:00:00,B,4834,1325221318095HURL0,2026-04-19 15:00:00,2026-04-19 23:00:00,51,19.0,0,Continuity (2-mould press)
2026-04-19 00:00:00,C,4834,1325221318095HURL0,2026-04-19 23:00:00,2026-04-20 07:00:00,51,19.0,0,Continuity (2-mould press)
2026-04-20 00:00:00,A,4834,1325221318095HURL0,2026-04-20 07:00:00,2026-04-20 15:00:00,51,19.0,0,Continuity (2-mould press)
2026-04-20 00:00:00,B,4834,1325221318095HURL0,2026-04-20 15:00:00,2026-04-20 23:00:00,51,19.0,0,Continuity (2-mould press)
2026-04-20 00:00:00,C,4834,1325221318095HURL0,2026-04-20 23:00:00,2026-04-21 07:00:00,51,19.0,0,Continuity (2-mould press)
2026-04-21 00:00:00,A,4834,1325221318095HURL0,2026-04-21 07:00:00,2026-04-21 15:00:00,51,19.0,0,Continuity (2-mould press)
2026-04-21 00:00:00,B,4834,1325221318095HURL0,2026-04-21 15:00:00,2026-04-21 23:00:00,51,19.0,0,Continuity (2-mould press)
2026-04-21 00:00:00,C,4834,1325221318095HURL0,2026-04-21 23:00:00,2026-04-22 07:00:00,51,19.0,0,Continuity (2-mould press)
2026-04-22 00:00:00,A,4834,1325221318095HURL0,2026-04-22 07:00:00,2026-04-22 15:00:00,51,19.0,0,Continuity (2-mould press)
2026-04-22 00:00:00,B,4834,1325221318095HURL0,2026-04-22 15:00:00,2026-04-22 23:00:00,51,19.0,0,Continuity (2-mould press)
2026-04-22 00:00:00,C,4834,1325221318095HURL0,2026-04-22 23:00:00,2026-04-23 07:00:00,51,19.0,0,Continuity (2-mould press)
2026-04-23 00:00:00,A,4834,1325221318095HURL0,2026-04-23 07:00:00,2026-04-23 15:00:00,51,19.0,0,Continuity (2-mould press)
2026-04-23 00:00:00,B,4834,1325221318095HURL0,2026-04-23 15:00:00,2026-04-23 23:00:00,51,19.0,0,Continuity (2-mould press)
2026-04-23 00:00:00,C,4834,1325221318095HURL0,2026-04-23 23:00:00,2026-04-24 07:00:00,51,19.0,0,Continuity (2-mould press)
2026-04-24 00:00:00,A,4834,1325221318095HURL0,2026-04-24 07:00:00,2026-04-24 15:00:00,51,19.0,0,Continuity (2-mould press)
2026-04-24 00:00:00,B,4834,1325221318095HURL0,2026-04-24 15:00:00,2026-04-24 23:00:00,51,19.0,0,Continuity (2-mould press)
2026-04-24 00:00:00,C,4834,1325221318095HURL0,2026-04-24 23:00:00,2026-04-25 07:00:00,51,19.0,0,Continuity (2-mould press)
2026-04-25 00:00:00,A,4834,1325221318095HURL0,2026-04-25 07:00:00,2026-04-25 15:00:00,51,19.0,0,Continuity (2-mould press)
2026-04-25 00:00:00,B,4834,1325221318095HURL0,2026-04-25 15:00:00,2026-04-25 23:00:00,51,19.0,0,Continuity (2-mould press)
2026-04-25 00:00:00,C,4834,1325221318095HURL0,2026-04-25 23:00:00,2026-04-26 07:00:00,51,19.0,0,Continuity (2-mould press)
2026-04-26 00:00:00,A,4834,1325221318095HURL0,2026-04-26 07:00:00,2026-04-26 15:00:00,51,19.0,0,Continuity (2-mould press)
2026-04-26 00:00:00,B,4834,1325221318095HURL0,2026-04-26 15:00:00,2026-04-26 23:00:00,51,19.0,0,Continuity (2-mould press)
2026-04-26 00:00:00,C,4834,1325221318095HURL0,2026-04-26 23:00:00,2026-04-27 07:00:00,51,19.0,0,Continuity (2-mould press)
2026-04-27 00:00:00,A,4834,1325221318095HURL0,2026-04-27 07:00:00,2026-04-27 15:00:00,51,19.0,0,Continuity (2-mould press)
2026-04-27 00:00:00,B,4834,1325221318095HURL0,2026-04-27 15:00:00,2026-04-27 23:00:00,51,19.0,0,Continuity (2-mould press)
2026-04-27 00:00:00,C,4834,1325221318095HURL0,2026-04-27 23:00:00,2026-04-28 07:00:00,51,19.0,0,Continuity (2-mould press)
2026-04-28 00:00:00,A,4834,1325221318095HURL0,2026-04-28 07:00:00,2026-04-28 15:00:00,51,19.0,0,Continuity (2-mould press)
2026-04-28 00:00:00,B,4834,1325221318095HURL0,2026-04-28 15:00:00,2026-04-28 23:00:00,51,19.0,0,Continuity (2-mould press)
2026-04-28 00:00:00,C,4834,1325221318095HURL0,2026-04-28 23:00:00,2026-04-29 07:00:00,51,19.0,0,Continuity (2-mould press)
2026-04-29 00:00:00,A,4834,1325221318095HURL0,2026-04-29 07:00:00,2026-04-29 15:00:00,51,19.0,0,Continuity (2-mould press)
2026-04-29 00:00:00,B,4834,1325221318095HURL0,2026-04-29 15:00:00,2026-04-29 23:00:00,51,19.0,0,Continuity (2-mould press)
2026-04-29 00:00:00,C,4834,1325221318095HURL0,2026-04-29 23:00:00,2026-04-30 07:00:00,51,19.0,0,Continuity (2-mould press)
2026-04-30 00:00:00,A,4834,1325221318095HURL0,2026-04-30 07:00:00,2026-04-30 15:00:00,51,19.0,0,Continuity (2-mould press)
2026-04-30 00:00:00,B,4834,1325221318095HURL0,2026-04-30 15:00:00,2026-04-30 23:00:00,51,19.0,0,Continuity (2-mould press)
2026-04-30 00:00:00,C,4834,1325221318095HURL0,2026-04-30 23:00:00,2026-05-01 07:00:00,51,19.0,0,Continuity (2-mould press)
2026-05-01 00:00:00,A,4834,1325221318095HURL0,2026-05-01 07:00:00,2026-05-01 15:00:00,51,19.0,0,Continuity (2-mould press)
2026-05-01 00:00:00,B,4834,1325221318095HURL0,2026-05-01 15:00:00,2026-05-01 23:00:00,51,19.0,0,Continuity (2-mould press)
2026-05-01 00:00:00,C,4834,1325221318095HURL0,2026-05-01 23:00:00,2026-05-02 07:00:00,51,19.0,0,Continuity (2-mould press)
2026-05-02 00:00:00,A,4834,1325221318095HURL0,2026-05-02 07:00:00,2026-05-02 15:00:00,51,19.0,0,Continuity (2-mould press)
2026-05-02 00:00:00,B,4834,1325221318095HURL0,2026-05-02 15:00:00,2026-05-02 23:00:00,51,19.0,0,Continuity (2-mould press)
2026-05-02 00:00:00,C,4834,1325221318095HURL0,2026-05-02 23:00:00,2026-05-03 07:00:00,51,19.0,0,Continuity (2-mould press)
2026-05-03 00:00:00,A,4834,1325221318095HURL0,2026-05-03 07:00:00,2026-05-03 15:00:00,51,19.0,0,Continuity (2-mould press)
2026-05-03 00:00:00,B,4834,1325221318095HURL0,2026-05-03 15:00:00,2026-05-03 23:00:00,51,19.0,0,Continuity (2-mould press)
2026-05-03 00:00:00,C,4834,1325221318095HURL0,2026-05-03 23:00:00,2026-05-04 07:00:00,51,19.0,0,Continuity (2-mould press)
2026-05-04 00:00:00,A,4834,1325221318095HURL0,2026-05-04 07:00:00,2026-05-04 15:00:00,51,19.0,0,Continuity (2-mould press)
2026-05-04 00:00:00,B,4834,1325221318095HURL0,2026-05-04 15:00:00,2026-05-04 23:00:00,51,19.0,0,Continuity (2-mould press)
2026-05-04 00:00:00,C,4834,1325221318095HURL0,2026-05-04 23:00:00,2026-05-05 07:00:00,51,19.0,0,Continuity (2-mould press)
2026-05-05 00:00:00,A,4834,1325221318095HURL0,2026-05-05 07:00:00,2026-05-05 15:00:00,51,19.0,0,Continuity (2-mould press)
2026-05-05 00:00:00,B,4834,1325221318095HURL0,2026-05-05 15:00:00,2026-05-05 23:00:00,51,19.0,0,Continuity (2-mould press)
2026-05-05 00:00:00,C,4834,1325221318095HURL0,2026-05-05 23:00:00,2026-05-06 07:00:00,51,19.0,0,Continuity (2-mould press)
2026-05-06 00:00:00,A,4834,1325221318095HURL0,2026-05-06 07:00:00,2026-05-06 15:00:00,51,19.0,0,Continuity (2-mould press)
2026-05-06 00:00:00,B,4834,1325221318095HURL0,2026-05-06 15:00:00,2026-05-06 23:00:00,51,19.0,0,Continuity (2-mould press)
2026-05-06 00:00:00,C,4834,1325221318095HURL0,2026-05-06 23:00:00,2026-05-07 07:00:00,51,19.0,0,Continuity (2-mould press)
2026-05-07 00:00:00,A,4834,1325221318095HURL0,2026-05-07 07:00:00,2026-05-07 15:00:00,51,19.0,0,Continuity (2-mould press)
2026-05-07 00:00:00,B,4834,1325221318095HURL0,2026-05-07 15:00:00,2026-05-07 23:00:00,51,19.0,0,Continuity (2-mould press)
2026-05-07 00:00:00,C,4834,1325221318095HURL0,2026-05-07 23:00:00,2026-05-08 00:46:00,11,19.0,0,Continuity (2-mould press)
2026-04-08 00:00:00,A,4835,1D25215013008SXC10,2026-04-08 07:00:00,2026-04-08 15:00:00,51,19.0,0,Continuity (2-mould press)
2026-04-08 00:00:00,B,4835,1D25215013008SXC10,2026-04-08 15:00:00,2026-04-08 23:00:00,51,19.0,0,Continuity (2-mould press)
2026-04-08 00:00:00,C,4835,1D25215013008SXC10,2026-04-08 23:00:00,2026-04-09 07:00:00,51,19.0,0,Continuity (2-mould press)
2026-04-09 00:00:00,A,4835,1D25215013008SXC10,2026-04-09 07:00:00,2026-04-09 15:00:00,51,19.0,0,Continuity (2-mould press)
2026-04-09 00:00:00,B,4835,1D25215013008SXC10,2026-04-09 15:00:00,2026-04-09 23:00:00,51,19.0,0,Continuity (2-mould press)
2026-04-09 00:00:00,C,4835,1D25215013008SXC10,2026-04-09 23:00:00,2026-04-10 07:00:00,51,19.0,0,Continuity (2-mould press)
2026-04-10 00:00:00,A,4835,1D25215013008SXC10,2026-04-10 07:00:00,2026-04-10 15:00:00,51,19.0,0,Continuity (2-mould press)
2026-04-10 00:00:00,B,4835,1D25215013008SXC10,2026-04-10 15:00:00,2026-04-10 23:00:00,51,19.0,0,Continuity (2-mould press)
2026-04-10 00:00:00,C,4835,1D25215013008SXC10,2026-04-10 23:00:00,2026-04-11 07:00:00,51,19.0,0,Continuity (2-mould press)
2026-04-11 00:00:00,A,4835,1D25215013008SXC10,2026-04-11 07:00:00,2026-04-11 15:00:00,51,19.0,0,Continuity (2-mould press)
2026-04-11 00:00:00,B,4835,1D25215013008SXC10,2026-04-11 15:00:00,2026-04-11 23:00:00,51,19.0,0,Continuity (2-mould press)
2026-04-11 00:00:00,C,4835,1D25215013008SXC10,2026-04-11 23:00:00,2026-04-12 07:00:00,51,19.0,0,Continuity (2-mould press)
2026-04-12 00:00:00,A,4835,1D25215013008SXC10,2026-04-12 07:00:00,2026-04-12 15:00:00,51,19.0,0,Continuity (2-mould press)
2026-04-12 00:00:00,B,4835,1D25215013008SXC10,2026-04-12 15:00:00,2026-04-12 23:00:00,51,19.0,0,Continuity (2-mould press)
2026-04-12 00:00:00,C,4835,1D25215013008SXC10,2026-04-12 23:00:00,2026-04-13 07:00:00,51,19.0,0,Continuity (2-mould press)
2026-04-13 00:00:00,A,4835,1D25215013008SXC10,2026-04-13 07:00:00,2026-04-13 15:00:00,51,19.0,0,Continuity (2-mould press)
2026-04-13 00:00:00,B,4835,1D25215013008SXC10,2026-04-13 15:00:00,2026-04-13 23:00:00,51,19.0,0,Continuity (2-mould press)
2026-04-13 00:00:00,C,4835,1D25215013008SXC10,2026-04-13 23:00:00,2026-04-14 07:00:00,51,19.0,0,Continuity (2-mould press)
2026-04-14 00:00:00,A,4835,1D25215013008SXC10,2026-04-14 07:00:00,2026-04-14 15:00:00,51,19.0,0,Continuity (2-mould press)
2026-04-14 00:00:00,B,4835,1D25215013008SXC10,2026-04-14 15:00:00,2026-04-14 23:00:00,51,19.0,0,Continuity (2-mould press)
2026-04-14 00:00:00,C,4835,1D25215013008SXC10,2026-04-14 23:00:00,2026-04-15 07:00:00,51,19.0,0,Continuity (2-mould press)
2026-04-15 00:00:00,A,4835,1D25215013008SXC10,2026-04-15 07:00:00,2026-04-15 15:00:00,51,19.0,0,Continuity (2-mould press)
2026-04-15 00:00:00,B,4835,1D25215013008SXC10,2026-04-15 15:00:00,2026-04-15 23:00:00,51,19.0,0,Continuity (2-mould press)
2026-04-15 00:00:00,C,4835,1D25215013008SXC10,2026-04-15 23:00:00,2026-04-16 07:00:00,51,19.0,0,Continuity (2-mould press)
2026-04-16 00:00:00,A,4835,1D25215013008SXC10,2026-04-16 07:00:00,2026-04-16 15:00:00,51,19.0,0,Continuity (2-mould press)
2026-04-16 00:00:00,B,4835,1D25215013008SXC10,2026-04-16 15:00:00,2026-04-16 23:00:00,51,19.0,0,Continuity (2-mould press)
2026-04-16 00:00:00,C,4835,1D25215013008SXC10,2026-04-16 23:00:00,2026-04-17 07:00:00,51,19.0,0,Continuity (2-mould press)
2026-04-17 00:00:00,A,4835,1D25215013008SXC10,2026-04-17 07:00:00,2026-04-17 15:00:00,51,19.0,0,Continuity (2-mould press)
2026-04-17 00:00:00,B,4835,1D25215013008SXC10,2026-04-17 15:00:00,2026-04-17 23:00:00,51,19.0,0,Continuity (2-mould press)
2026-04-17 00:00:00,C,4835,1D25215013008SXC10,2026-04-17 23:00:00,2026-04-18 07:00:00,51,19.0,0,Continuity (2-mould press)
2026-04-18 00:00:00,A,4835,1D25215013008SXC10,2026-04-18 07:00:00,2026-04-18 15:00:00,51,19.0,0,Continuity (2-mould press)
2026-04-18 00:00:00,B,4835,1D25215013008SXC10,2026-04-18 15:00:00,2026-04-18 23:00:00,51,19.0,0,Continuity (2-mould press)
2026-04-18 00:00:00,C,4835,1D25215013008SXC10,2026-04-18 23:00:00,2026-04-19 07:00:00,51,19.0,0,Continuity (2-mould press)
2026-04-19 00:00:00,A,4835,1D25215013008SXC10,2026-04-19 07:00:00,2026-04-19 15:00:00,51,19.0,0,Continuity (2-mould press)
2026-04-19 00:00:00,B,4835,1D25215013008SXC10,2026-04-19 15:00:00,2026-04-19 23:00:00,51,19.0,0,Continuity (2-mould press)
2026-04-19 00:00:00,C,4835,1D25215013008SXC10,2026-04-19 23:00:00,2026-04-20 07:00:00,51,19.0,0,Continuity (2-mould press)
2026-04-20 00:00:00,A,4835,1D25215013008SXC10,2026-04-20 07:00:00,2026-04-20 15:00:00,51,19.0,0,Continuity (2-mould press)
2026-04-20 00:00:00,B,4835,1D25215013008SXC10,2026-04-20 15:00:00,2026-04-20 23:00:00,51,19.0,0,Continuity (2-mould press)
2026-04-20 00:00:00,C,4835,1D25215013008SXC10,2026-04-20 23:00:00,2026-04-21 07:00:00,51,19.0,0,Continuity (2-mould press)
2026-04-21 00:00:00,A,4835,1D25215013008SXC10,2026-04-21 07:00:00,2026-04-21 15:00:00,51,19.0,0,Continuity (2-mould press)
2026-04-21 00:00:00,B,4835,1D25215013008SXC10,2026-04-21 15:00:00,2026-04-21 23:00:00,51,19.0,0,Continuity (2-mould press)
2026-04-21 00:00:00,C,4835,1D25215013008SXC10,2026-04-21 23:00:00,2026-04-22 07:00:00,51,19.0,0,Continuity (2-mould press)
2026-04-22 00:00:00,A,4835,1D25215013008SXC10,2026-04-22 07:00:00,2026-04-22 15:00:00,51,19.0,0,Continuity (2-mould press)
2026-04-22 00:00:00,B,4835,1D25215013008SXC10,2026-04-22 15:00:00,2026-04-22 23:00:00,51,19.0,0,Continuity (2-mould press)
2026-04-22 00:00:00,C,4835,1D25215013008SXC10,2026-04-22 23:00:00,2026-04-23 07:00:00,51,19.0,0,Continuity (2-mould press)
2026-04-23 00:00:00,A,4835,1D25215013008SXC10,2026-04-23 07:00:00,2026-04-23 15:00:00,51,19.0,0,Continuity (2-mould press)
2026-04-23 00:00:00,B,4835,1D25215013008SXC10,2026-04-23 15:00:00,2026-04-23 23:00:00,51,19.0,0,Continuity (2-mould press)
2026-04-23 00:00:00,C,4835,1D25215013008SXC10,2026-04-23 23:00:00,2026-04-24 07:00:00,51,19.0,0,Continuity (2-mould press)
2026-04-24 00:00:00,A,4835,1D25215013008SXC10,2026-04-24 07:00:00,2026-04-24 15:00:00,51,19.0,0,Continuity (2-mould press)
2026-04-24 00:00:00,B,4835,1D25215013008SXC10,2026-04-24 15:00:00,2026-04-24 23:00:00,51,19.0,0,Continuity (2-mould press)
2026-04-24 00:00:00,C,4835,1D25215013008SXC10,2026-04-24 23:00:00,2026-04-25 07:00:00,51,19.0,0,Continuity (2-mould press)
2026-04-25 00:00:00,A,4835,1D25215013008SXC10,2026-04-25 07:00:00,2026-04-25 15:00:00,51,19.0,0,Continuity (2-mould press)
2026-04-25 00:00:00,B,4835,1D25215013008SXC10,2026-04-25 15:00:00,2026-04-25 23:00:00,51,19.0,0,Continuity (2-mould press)
2026-04-25 00:00:00,C,4835,1D25215013008SXC10,2026-04-25 23:00:00,2026-04-26 07:00:00,51,19.0,0,Continuity (2-mould press)
2026-04-26 00:00:00,A,4835,1D25215013008SXC10,2026-04-26 07:00:00,2026-04-26 15:00:00,51,19.0,0,Continuity (2-mould press)
2026-04-26 00:00:00,B,4835,1D25215013008SXC10,2026-04-26 15:00:00,2026-04-26 23:00:00,51,19.0,0,Continuity (2-mould press)
2026-04-26 00:00:00,C,4835,1D25215013008SXC10,2026-04-26 23:00:00,2026-04-27 07:00:00,51,19.0,0,Continuity (2-mould press)
2026-04-27 00:00:00,A,4835,1D25215013008SXC10,2026-04-27 07:00:00,2026-04-27 15:00:00,51,19.0,0,Continuity (2-mould press)
2026-04-27 00:00:00,B,4835,1D25215013008SXC10,2026-04-27 15:00:00,2026-04-27 23:00:00,51,19.0,0,Continuity (2-mould press)
2026-04-27 00:00:00,C,4835,1D25215013008SXC10,2026-04-27 23:00:00,2026-04-28 07:00:00,51,19.0,0,Continuity (2-mould press)
2026-04-28 00:00:00,A,4835,1D25215013008SXC10,2026-04-28 07:00:00,2026-04-28 15:00:00,51,19.0,0,Continuity (2-mould press)
2026-04-28 00:00:00,B,4835,1D25215013008SXC10,2026-04-28 15:00:00,2026-04-28 23:00:00,51,19.0,0,Continuity (2-mould press)
2026-04-28 00:00:00,C,4835,1D25215013008SXC10,2026-04-28 23:00:00,2026-04-29 07:00:00,51,19.0,0,Continuity (2-mould press)
2026-04-29 00:00:00,A,4835,1D25215013008SXC10,2026-04-29 07:00:00,2026-04-29 15:00:00,51,19.0,0,Continuity (2-mould press)
2026-04-29 00:00:00,B,4835,1D25215013008SXC10,2026-04-29 15:00:00,2026-04-29 23:00:00,51,19.0,0,Continuity (2-mould press)
2026-04-29 00:00:00,C,4835,1D25215013008SXC10,2026-04-29 23:00:00,2026-04-30 07:00:00,51,19.0,0,Continuity (2-mould press)
2026-04-30 00:00:00,A,4835,1D25215013008SXC10,2026-04-30 07:00:00,2026-04-30 07:31:00,3,19.0,0,Continuity (2-mould press)
2026-04-08 00:00:00,A,4836,1D25215013008SXC10,2026-04-08 07:00:00,2026-04-08 15:00:00,51,19.0,0,Continuity (2-mould press)
2026-04-08 00:00:00,B,4836,1D25215013008SXC10,2026-04-08 15:00:00,2026-04-08 23:00:00,51,19.0,0,Continuity (2-mould press)
2026-04-08 00:00:00,C,4836,1D25215013008SXC10,2026-04-08 23:00:00,2026-04-09 07:00:00,51,19.0,0,Continuity (2-mould press)
2026-04-09 00:00:00,A,4836,1D25215013008SXC10,2026-04-09 07:00:00,2026-04-09 15:00:00,51,19.0,0,Continuity (2-mould press)
2026-04-09 00:00:00,B,4836,1D25215013008SXC10,2026-04-09 15:00:00,2026-04-09 23:00:00,51,19.0,0,Continuity (2-mould press)
2026-04-09 00:00:00,C,4836,1D25215013008SXC10,2026-04-09 23:00:00,2026-04-10 07:00:00,51,19.0,0,Continuity (2-mould press)
2026-04-10 00:00:00,A,4836,1D25215013008SXC10,2026-04-10 07:00:00,2026-04-10 15:00:00,51,19.0,0,Continuity (2-mould press)
2026-04-10 00:00:00,B,4836,1D25215013008SXC10,2026-04-10 15:00:00,2026-04-10 23:00:00,51,19.0,0,Continuity (2-mould press)
2026-04-10 00:00:00,C,4836,1D25215013008SXC10,2026-04-10 23:00:00,2026-04-11 07:00:00,51,19.0,0,Continuity (2-mould press)
2026-04-11 00:00:00,A,4836,1D25215013008SXC10,2026-04-11 07:00:00,2026-04-11 15:00:00,51,19.0,0,Continuity (2-mould press)
2026-04-11 00:00:00,B,4836,1D25215013008SXC10,2026-04-11 15:00:00,2026-04-11 23:00:00,51,19.0,0,Continuity (2-mould press)
2026-04-11 00:00:00,C,4836,1D25215013008SXC10,2026-04-11 23:00:00,2026-04-12 07:00:00,51,19.0,0,Continuity (2-mould press)
2026-04-12 00:00:00,A,4836,1D25215013008SXC10,2026-04-12 07:00:00,2026-04-12 15:00:00,51,19.0,0,Continuity (2-mould press)
2026-04-12 00:00:00,B,4836,1D25215013008SXC10,2026-04-12 15:00:00,2026-04-12 23:00:00,51,19.0,0,Continuity (2-mould press)
2026-04-12 00:00:00,C,4836,1D25215013008SXC10,2026-04-12 23:00:00,2026-04-13 07:00:00,51,19.0,0,Continuity (2-mould press)
2026-04-13 00:00:00,A,4836,1D25215013008SXC10,2026-04-13 07:00:00,2026-04-13 15:00:00,51,19.0,0,Continuity (2-mould press)
2026-04-13 00:00:00,B,4836,1D25215013008SXC10,2026-04-13 15:00:00,2026-04-13 23:00:00,51,19.0,0,Continuity (2-mould press)
2026-04-13 00:00:00,C,4836,1D25215013008SXC10,2026-04-13 23:00:00,2026-04-14 07:00:00,51,19.0,0,Continuity (2-mould press)
2026-04-14 00:00:00,A,4836,1D25215013008SXC10,2026-04-14 07:00:00,2026-04-14 15:00:00,51,19.0,0,Continuity (2-mould press)
2026-04-14 00:00:00,B,4836,1D25215013008SXC10,2026-04-14 15:00:00,2026-04-14 23:00:00,51,19.0,0,Continuity (2-mould press)
2026-04-14 00:00:00,C,4836,1D25215013008SXC10,2026-04-14 23:00:00,2026-04-15 07:00:00,51,19.0,0,Continuity (2-mould press)
2026-04-15 00:00:00,A,4836,1D25215013008SXC10,2026-04-15 07:00:00,2026-04-15 15:00:00,51,19.0,0,Continuity (2-mould press)
2026-04-15 00:00:00,B,4836,1D25215013008SXC10,2026-04-15 15:00:00,2026-04-15 23:00:00,51,19.0,0,Continuity (2-mould press)
2026-04-15 00:00:00,C,4836,1D25215013008SXC10,2026-04-15 23:00:00,2026-04-16 07:00:00,51,19.0,0,Continuity (2-mould press)
2026-04-16 00:00:00,A,4836,1D25215013008SXC10,2026-04-16 07:00:00,2026-04-16 15:00:00,51,19.0,0,Continuity (2-mould press)
2026-04-16 00:00:00,B,4836,1D25215013008SXC10,2026-04-16 15:00:00,2026-04-16 23:00:00,51,19.0,0,Continuity (2-mould press)
2026-04-16 00:00:00,C,4836,1D25215013008SXC10,2026-04-16 23:00:00,2026-04-17 07:00:00,51,19.0,0,Continuity (2-mould press)
2026-04-17 00:00:00,A,4836,1D25215013008SXC10,2026-04-17 07:00:00,2026-04-17 15:00:00,51,19.0,0,Continuity (2-mould press)
2026-04-17 00:00:00,B,4836,1D25215013008SXC10,2026-04-17 15:00:00,2026-04-17 23:00:00,51,19.0,0,Continuity (2-mould press)
2026-04-17 00:00:00,C,4836,1D25215013008SXC10,2026-04-17 23:00:00,2026-04-18 07:00:00,51,19.0,0,Continuity (2-mould press)
2026-04-18 00:00:00,A,4836,1D25215013008SXC10,2026-04-18 07:00:00,2026-04-18 15:00:00,51,19.0,0,Continuity (2-mould press)
2026-04-18 00:00:00,B,4836,1D25215013008SXC10,2026-04-18 15:00:00,2026-04-18 23:00:00,51,19.0,0,Continuity (2-mould press)
2026-04-18 00:00:00,C,4836,1D25215013008SXC10,2026-04-18 23:00:00,2026-04-19 07:00:00,51,19.0,0,Continuity (2-mould press)
2026-04-19 00:00:00,A,4836,1D25215013008SXC10,2026-04-19 07:00:00,2026-04-19 15:00:00,51,19.0,0,Continuity (2-mould press)
2026-04-19 00:00:00,B,4836,1D25215013008SXC10,2026-04-19 15:00:00,2026-04-19 23:00:00,51,19.0,0,Continuity (2-mould press)
2026-04-19 00:00:00,C,4836,1D25215013008SXC10,2026-04-19 23:00:00,2026-04-20 07:00:00,51,19.0,0,Continuity (2-mould press)
2026-04-20 00:00:00,A,4836,1D25215013008SXC10,2026-04-20 07:00:00,2026-04-20 15:00:00,51,19.0,0,Continuity (2-mould press)
2026-04-20 00:00:00,B,4836,1D25215013008SXC10,2026-04-20 15:00:00,2026-04-20 23:00:00,51,19.0,0,Continuity (2-mould press)
2026-04-20 00:00:00,C,4836,1D25215013008SXC10,2026-04-20 23:00:00,2026-04-21 07:00:00,51,19.0,0,Continuity (2-mould press)
2026-04-21 00:00:00,A,4836,1D25215013008SXC10,2026-04-21 07:00:00,2026-04-21 15:00:00,51,19.0,0,Continuity (2-mould press)
2026-04-21 00:00:00,B,4836,1D25215013008SXC10,2026-04-21 15:00:00,2026-04-21 23:00:00,51,19.0,0,Continuity (2-mould press)
2026-04-21 00:00:00,C,4836,1D25215013008SXC10,2026-04-21 23:00:00,2026-04-22 07:00:00,51,19.0,0,Continuity (2-mould press)
2026-04-22 00:00:00,A,4836,1D25215013008SXC10,2026-04-22 07:00:00,2026-04-22 15:00:00,51,19.0,0,Continuity (2-mould press)
2026-04-22 00:00:00,B,4836,1D25215013008SXC10,2026-04-22 15:00:00,2026-04-22 23:00:00,51,19.0,0,Continuity (2-mould press)
2026-04-22 00:00:00,C,4836,1D25215013008SXC10,2026-04-22 23:00:00,2026-04-23 07:00:00,51,19.0,0,Continuity (2-mould press)
2026-04-23 00:00:00,A,4836,1D25215013008SXC10,2026-04-23 07:00:00,2026-04-23 15:00:00,51,19.0,0,Continuity (2-mould press)
2026-04-23 00:00:00,B,4836,1D25215013008SXC10,2026-04-23 15:00:00,2026-04-23 23:00:00,51,19.0,0,Continuity (2-mould press)
2026-04-23 00:00:00,C,4836,1D25215013008SXC10,2026-04-23 23:00:00,2026-04-24 07:00:00,51,19.0,0,Continuity (2-mould press)
2026-04-24 00:00:00,A,4836,1D25215013008SXC10,2026-04-24 07:00:00,2026-04-24 15:00:00,51,19.0,0,Continuity (2-mould press)
2026-04-24 00:00:00,B,4836,1D25215013008SXC10,2026-04-24 15:00:00,2026-04-24 23:00:00,51,19.0,0,Continuity (2-mould press)
2026-04-24 00:00:00,C,4836,1D25215013008SXC10,2026-04-24 23:00:00,2026-04-25 07:00:00,51,19.0,0,Continuity (2-mould press)
2026-04-25 00:00:00,A,4836,1D25215013008SXC10,2026-04-25 07:00:00,2026-04-25 15:00:00,51,19.0,0,Continuity (2-mould press)
2026-04-25 00:00:00,B,4836,1D25215013008SXC10,2026-04-25 15:00:00,2026-04-25 23:00:00,51,19.0,0,Continuity (2-mould press)
2026-04-25 00:00:00,C,4836,1D25215013008SXC10,2026-04-25 23:00:00,2026-04-26 07:00:00,51,19.0,0,Continuity (2-mould press)
2026-04-26 00:00:00,A,4836,1D25215013008SXC10,2026-04-26 07:00:00,2026-04-26 15:00:00,51,19.0,0,Continuity (2-mould press)
2026-04-26 00:00:00,B,4836,1D25215013008SXC10,2026-04-26 15:00:00,2026-04-26 23:00:00,51,19.0,0,Continuity (2-mould press)
2026-04-26 00:00:00,C,4836,1D25215013008SXC10,2026-04-26 23:00:00,2026-04-27 07:00:00,51,19.0,0,Continuity (2-mould press)
2026-04-27 00:00:00,A,4836,1D25215013008SXC10,2026-04-27 07:00:00,2026-04-27 15:00:00,51,19.0,0,Continuity (2-mould press)
2026-04-27 00:00:00,B,4836,1D25215013008SXC10,2026-04-27 15:00:00,2026-04-27 23:00:00,51,19.0,0,Continuity (2-mould press)
2026-04-27 00:00:00,C,4836,1D25215013008SXC10,2026-04-27 23:00:00,2026-04-28 07:00:00,51,19.0,0,Continuity (2-mould press)
2026-04-28 00:00:00,A,4836,1D25215013008SXC10,2026-04-28 07:00:00,2026-04-28 15:00:00,51,19.0,0,Continuity (2-mould press)
2026-04-28 00:00:00,B,4836,1D25215013008SXC10,2026-04-28 15:00:00,2026-04-28 23:00:00,51,19.0,0,Continuity (2-mould press)
2026-04-28 00:00:00,C,4836,1D25215013008SXC10,2026-04-28 23:00:00,2026-04-29 07:00:00,51,19.0,0,Continuity (2-mould press)
2026-04-29 00:00:00,A,4836,1D25215013008SXC10,2026-04-29 07:00:00,2026-04-29 15:00:00,51,19.0,0,Continuity (2-mould press)
2026-04-29 00:00:00,B,4836,1D25215013008SXC10,2026-04-29 15:00:00,2026-04-29 23:00:00,51,19.0,0,Continuity (2-mould press)
2026-04-29 00:00:00,C,4836,1D25215013008SXC10,2026-04-29 23:00:00,2026-04-30 07:00:00,51,19.0,0,Continuity (2-mould press)
2026-04-30 00:00:00,A,4836,1D25215013008SXC10,2026-04-30 07:00:00,2026-04-30 07:31:00,3,19.0,0,Continuity (2-mould press)
2026-04-08 00:00:00,A,4837,1325220416092HRHT0,2026-04-08 07:00:00,2026-04-08 15:00:00,60,16.0,0,Continuity (2-mould press)
2026-04-08 00:00:00,B,4837,1325220416092HRHT0,2026-04-08 15:00:00,2026-04-08 23:00:00,60,16.0,0,Continuity (2-mould press)
2026-04-08 00:00:00,C,4837,1325220416092HRHT0,2026-04-08 23:00:00,2026-04-09 07:00:00,60,16.0,0,Continuity (2-mould press)
2026-04-09 00:00:00,A,4837,1325220416092HRHT0,2026-04-09 07:00:00,2026-04-09 12:20:00,40,16.0,0,Continuity (2-mould press)
2026-04-08 00:00:00,A,4838,1325221318095HURL0,2026-04-08 07:00:00,2026-04-08 15:00:00,51,19.0,0,Continuity (2-mould press)
2026-04-08 00:00:00,B,4838,1325221318095HURL0,2026-04-08 15:00:00,2026-04-08 23:00:00,51,19.0,0,Continuity (2-mould press)
2026-04-08 00:00:00,C,4838,1325221318095HURL0,2026-04-08 23:00:00,2026-04-09 07:00:00,51,19.0,0,Continuity (2-mould press)
2026-04-09 00:00:00,A,4838,1325221318095HURL0,2026-04-09 07:00:00,2026-04-09 15:00:00,51,19.0,0,Continuity (2-mould press)
2026-04-09 00:00:00,B,4838,1325221318095HURL0,2026-04-09 15:00:00,2026-04-09 23:00:00,51,19.0,0,Continuity (2-mould press)
2026-04-09 00:00:00,C,4838,1325221318095HURL0,2026-04-09 23:00:00,2026-04-10 07:00:00,51,19.0,0,Continuity (2-mould press)
2026-04-10 00:00:00,A,4838,1325221318095HURL0,2026-04-10 07:00:00,2026-04-10 15:00:00,51,19.0,0,Continuity (2-mould press)
2026-04-10 00:00:00,B,4838,1325221318095HURL0,2026-04-10 15:00:00,2026-04-10 23:00:00,51,19.0,0,Continuity (2-mould press)
2026-04-10 00:00:00,C,4838,1325221318095HURL0,2026-04-10 23:00:00,2026-04-11 07:00:00,51,19.0,0,Continuity (2-mould press)
2026-04-11 00:00:00,A,4838,1325221318095HURL0,2026-04-11 07:00:00,2026-04-11 15:00:00,51,19.0,0,Continuity (2-mould press)
2026-04-11 00:00:00,B,4838,1325221318095HURL0,2026-04-11 15:00:00,2026-04-11 23:00:00,51,19.0,0,Continuity (2-mould press)
2026-04-11 00:00:00,C,4838,1325221318095HURL0,2026-04-11 23:00:00,2026-04-12 07:00:00,51,19.0,0,Continuity (2-mould press)
2026-04-12 00:00:00,A,4838,1325221318095HURL0,2026-04-12 07:00:00,2026-04-12 15:00:00,51,19.0,0,Continuity (2-mould press)
2026-04-12 00:00:00,B,4838,1325221318095HURL0,2026-04-12 15:00:00,2026-04-12 23:00:00,51,19.0,0,Continuity (2-mould press)
2026-04-12 00:00:00,C,4838,1325221318095HURL0,2026-04-12 23:00:00,2026-04-13 07:00:00,51,19.0,0,Continuity (2-mould press)
2026-04-13 00:00:00,A,4838,1325221318095HURL0,2026-04-13 07:00:00,2026-04-13 15:00:00,51,19.0,0,Continuity (2-mould press)
2026-04-13 00:00:00,B,4838,1325221318095HURL0,2026-04-13 15:00:00,2026-04-13 23:00:00,51,19.0,0,Continuity (2-mould press)
2026-04-13 00:00:00,C,4838,1325221318095HURL0,2026-04-13 23:00:00,2026-04-14 07:00:00,51,19.0,0,Continuity (2-mould press)
2026-04-14 00:00:00,A,4838,1325221318095HURL0,2026-04-14 07:00:00,2026-04-14 15:00:00,51,19.0,0,Continuity (2-mould press)
2026-04-14 00:00:00,B,4838,1325221318095HURL0,2026-04-14 15:00:00,2026-04-14 23:00:00,51,19.0,0,Continuity (2-mould press)
2026-04-14 00:00:00,C,4838,1325221318095HURL0,2026-04-14 23:00:00,2026-04-15 07:00:00,51,19.0,0,Continuity (2-mould press)
2026-04-15 00:00:00,A,4838,1325221318095HURL0,2026-04-15 07:00:00,2026-04-15 15:00:00,51,19.0,0,Continuity (2-mould press)
2026-04-15 00:00:00,B,4838,1325221318095HURL0,2026-04-15 15:00:00,2026-04-15 23:00:00,51,19.0,0,Continuity (2-mould press)
2026-04-15 00:00:00,C,4838,1325221318095HURL0,2026-04-15 23:00:00,2026-04-16 07:00:00,51,19.0,0,Continuity (2-mould press)
2026-04-16 00:00:00,A,4838,1325221318095HURL0,2026-04-16 07:00:00,2026-04-16 15:00:00,51,19.0,0,Continuity (2-mould press)
2026-04-16 00:00:00,B,4838,1325221318095HURL0,2026-04-16 15:00:00,2026-04-16 23:00:00,51,19.0,0,Continuity (2-mould press)
2026-04-16 00:00:00,C,4838,1325221318095HURL0,2026-04-16 23:00:00,2026-04-17 07:00:00,51,19.0,0,Continuity (2-mould press)
2026-04-17 00:00:00,A,4838,1325221318095HURL0,2026-04-17 07:00:00,2026-04-17 15:00:00,51,19.0,0,Continuity (2-mould press)
2026-04-17 00:00:00,B,4838,1325221318095HURL0,2026-04-17 15:00:00,2026-04-17 23:00:00,51,19.0,0,Continuity (2-mould press)
2026-04-17 00:00:00,C,4838,1325221318095HURL0,2026-04-17 23:00:00,2026-04-18 07:00:00,51,19.0,0,Continuity (2-mould press)
2026-04-18 00:00:00,A,4838,1325221318095HURL0,2026-04-18 07:00:00,2026-04-18 15:00:00,51,19.0,0,Continuity (2-mould press)
2026-04-18 00:00:00,B,4838,1325221318095HURL0,2026-04-18 15:00:00,2026-04-18 23:00:00,51,19.0,0,Continuity (2-mould press)
2026-04-18 00:00:00,C,4838,1325221318095HURL0,2026-04-18 23:00:00,2026-04-19 07:00:00,51,19.0,0,Continuity (2-mould press)
2026-04-19 00:00:00,A,4838,1325221318095HURL0,2026-04-19 07:00:00,2026-04-19 15:00:00,51,19.0,0,Continuity (2-mould press)
2026-04-19 00:00:00,B,4838,1325221318095HURL0,2026-04-19 15:00:00,2026-04-19 23:00:00,51,19.0,0,Continuity (2-mould press)
2026-04-19 00:00:00,C,4838,1325221318095HURL0,2026-04-19 23:00:00,2026-04-20 07:00:00,51,19.0,0,Continuity (2-mould press)
2026-04-20 00:00:00,A,4838,1325221318095HURL0,2026-04-20 07:00:00,2026-04-20 15:00:00,51,19.0,0,Continuity (2-mould press)
2026-04-20 00:00:00,B,4838,1325221318095HURL0,2026-04-20 15:00:00,2026-04-20 23:00:00,51,19.0,0,Continuity (2-mould press)
2026-04-20 00:00:00,C,4838,1325221318095HURL0,2026-04-20 23:00:00,2026-04-21 07:00:00,51,19.0,0,Continuity (2-mould press)
2026-04-21 00:00:00,A,4838,1325221318095HURL0,2026-04-21 07:00:00,2026-04-21 15:00:00,51,19.0,0,Continuity (2-mould press)
2026-04-21 00:00:00,B,4838,1325221318095HURL0,2026-04-21 15:00:00,2026-04-21 23:00:00,51,19.0,0,Continuity (2-mould press)
2026-04-21 00:00:00,C,4838,1325221318095HURL0,2026-04-21 23:00:00,2026-04-22 07:00:00,51,19.0,0,Continuity (2-mould press)
2026-04-22 00:00:00,A,4838,1325221318095HURL0,2026-04-22 07:00:00,2026-04-22 15:00:00,51,19.0,0,Continuity (2-mould press)
2026-04-22 00:00:00,B,4838,1325221318095HURL0,2026-04-22 15:00:00,2026-04-22 23:00:00,51,19.0,0,Continuity (2-mould press)
2026-04-22 00:00:00,C,4838,1325221318095HURL0,2026-04-22 23:00:00,2026-04-23 07:00:00,51,19.0,0,Continuity (2-mould press)
2026-04-23 00:00:00,A,4838,1325221318095HURL0,2026-04-23 07:00:00,2026-04-23 15:00:00,51,19.0,0,Continuity (2-mould press)
2026-04-23 00:00:00,B,4838,1325221318095HURL0,2026-04-23 15:00:00,2026-04-23 23:00:00,51,19.0,0,Continuity (2-mould press)
2026-04-23 00:00:00,C,4838,1325221318095HURL0,2026-04-23 23:00:00,2026-04-24 07:00:00,51,19.0,0,Continuity (2-mould press)
2026-04-24 00:00:00,A,4838,1325221318095HURL0,2026-04-24 07:00:00,2026-04-24 15:00:00,51,19.0,0,Continuity (2-mould press)
2026-04-24 00:00:00,B,4838,1325221318095HURL0,2026-04-24 15:00:00,2026-04-24 23:00:00,51,19.0,0,Continuity (2-mould press)
2026-04-24 00:00:00,C,4838,1325221318095HURL0,2026-04-24 23:00:00,2026-04-25 07:00:00,51,19.0,0,Continuity (2-mould press)
2026-04-25 00:00:00,A,4838,1325221318095HURL0,2026-04-25 07:00:00,2026-04-25 15:00:00,51,19.0,0,Continuity (2-mould press)
2026-04-25 00:00:00,B,4838,1325221318095HURL0,2026-04-25 15:00:00,2026-04-25 23:00:00,51,19.0,0,Continuity (2-mould press)
2026-04-25 00:00:00,C,4838,1325221318095HURL0,2026-04-25 23:00:00,2026-04-26 07:00:00,51,19.0,0,Continuity (2-mould press)
2026-04-26 00:00:00,A,4838,1325221318095HURL0,2026-04-26 07:00:00,2026-04-26 15:00:00,51,19.0,0,Continuity (2-mould press)
2026-04-26 00:00:00,B,4838,1325221318095HURL0,2026-04-26 15:00:00,2026-04-26 23:00:00,51,19.0,0,Continuity (2-mould press)
2026-04-26 00:00:00,C,4838,1325221318095HURL0,2026-04-26 23:00:00,2026-04-27 07:00:00,51,19.0,0,Continuity (2-mould press)
2026-04-27 00:00:00,A,4838,1325221318095HURL0,2026-04-27 07:00:00,2026-04-27 15:00:00,51,19.0,0,Continuity (2-mould press)
2026-04-27 00:00:00,B,4838,1325221318095HURL0,2026-04-27 15:00:00,2026-04-27 23:00:00,51,19.0,0,Continuity (2-mould press)
2026-04-27 00:00:00,C,4838,1325221318095HURL0,2026-04-27 23:00:00,2026-04-28 07:00:00,51,19.0,0,Continuity (2-mould press)
2026-04-28 00:00:00,A,4838,1325221318095HURL0,2026-04-28 07:00:00,2026-04-28 15:00:00,51,19.0,0,Continuity (2-mould press)
2026-04-28 00:00:00,B,4838,1325221318095HURL0,2026-04-28 15:00:00,2026-04-28 23:00:00,51,19.0,0,Continuity (2-mould press)
2026-04-28 00:00:00,C,4838,1325221318095HURL0,2026-04-28 23:00:00,2026-04-29 07:00:00,51,19.0,0,Continuity (2-mould press)
2026-04-29 00:00:00,A,4838,1325221318095HURL0,2026-04-29 07:00:00,2026-04-29 15:00:00,51,19.0,0,Continuity (2-mould press)
2026-04-29 00:00:00,B,4838,1325221318095HURL0,2026-04-29 15:00:00,2026-04-29 23:00:00,51,19.0,0,Continuity (2-mould press)
2026-04-29 00:00:00,C,4838,1325221318095HURL0,2026-04-29 23:00:00,2026-04-30 07:00:00,51,19.0,0,Continuity (2-mould press)
2026-04-30 00:00:00,A,4838,1325221318095HURL0,2026-04-30 07:00:00,2026-04-30 15:00:00,51,19.0,0,Continuity (2-mould press)
2026-04-30 00:00:00,B,4838,1325221318095HURL0,2026-04-30 15:00:00,2026-04-30 23:00:00,51,19.0,0,Continuity (2-mould press)
2026-04-30 00:00:00,C,4838,1325221318095HURL0,2026-04-30 23:00:00,2026-05-01 07:00:00,51,19.0,0,Continuity (2-mould press)
2026-05-01 00:00:00,A,4838,1325221318095HURL0,2026-05-01 07:00:00,2026-05-01 15:00:00,51,19.0,0,Continuity (2-mould press)
2026-05-01 00:00:00,B,4838,1325221318095HURL0,2026-05-01 15:00:00,2026-05-01 23:00:00,51,19.0,0,Continuity (2-mould press)
2026-05-01 00:00:00,C,4838,1325221318095HURL0,2026-05-01 23:00:00,2026-05-02 07:00:00,51,19.0,0,Continuity (2-mould press)
2026-05-02 00:00:00,A,4838,1325221318095HURL0,2026-05-02 07:00:00,2026-05-02 15:00:00,51,19.0,0,Continuity (2-mould press)
2026-05-02 00:00:00,B,4838,1325221318095HURL0,2026-05-02 15:00:00,2026-05-02 23:00:00,51,19.0,0,Continuity (2-mould press)
2026-05-02 00:00:00,C,4838,1325221318095HURL0,2026-05-02 23:00:00,2026-05-03 07:00:00,51,19.0,0,Continuity (2-mould press)
2026-05-03 00:00:00,A,4838,1325221318095HURL0,2026-05-03 07:00:00,2026-05-03 15:00:00,51,19.0,0,Continuity (2-mould press)
2026-05-03 00:00:00,B,4838,1325221318095HURL0,2026-05-03 15:00:00,2026-05-03 23:00:00,51,19.0,0,Continuity (2-mould press)
2026-05-03 00:00:00,C,4838,1325221318095HURL0,2026-05-03 23:00:00,2026-05-04 07:00:00,51,19.0,0,Continuity (2-mould press)
2026-05-04 00:00:00,A,4838,1325221318095HURL0,2026-05-04 07:00:00,2026-05-04 15:00:00,51,19.0,0,Continuity (2-mould press)
2026-05-04 00:00:00,B,4838,1325221318095HURL0,2026-05-04 15:00:00,2026-05-04 23:00:00,51,19.0,0,Continuity (2-mould press)
2026-05-04 00:00:00,C,4838,1325221318095HURL0,2026-05-04 23:00:00,2026-05-05 07:00:00,51,19.0,0,Continuity (2-mould press)
2026-05-05 00:00:00,A,4838,1325221318095HURL0,2026-05-05 07:00:00,2026-05-05 15:00:00,51,19.0,0,Continuity (2-mould press)
2026-05-05 00:00:00,B,4838,1325221318095HURL0,2026-05-05 15:00:00,2026-05-05 23:00:00,51,19.0,0,Continuity (2-mould press)
2026-05-05 00:00:00,C,4838,1325221318095HURL0,2026-05-05 23:00:00,2026-05-06 07:00:00,51,19.0,0,Continuity (2-mould press)
2026-05-06 00:00:00,A,4838,1325221318095HURL0,2026-05-06 07:00:00,2026-05-06 15:00:00,51,19.0,0,Continuity (2-mould press)
2026-05-06 00:00:00,B,4838,1325221318095HURL0,2026-05-06 15:00:00,2026-05-06 23:00:00,51,19.0,0,Continuity (2-mould press)
2026-05-06 00:00:00,C,4838,1325221318095HURL0,2026-05-06 23:00:00,2026-05-07 02:36:00,23,19.0,0,Continuity (2-mould press)
2026-05-06 00:00:00,C,4838,MOULD_CLEAN,2026-05-07 02:36:00,2026-05-07 05:36:00,0,0.0,0,Mould cleaning (continuity)
2026-05-06 00:00:00,C,4838,1325221318095HURL0,2026-05-07 05:36:00,2026-05-07 07:00:00,9,19.0,0,Continuity (2-mould press)
2026-05-07 00:00:00,A,4838,1325221318095HURL0,2026-05-07 07:00:00,2026-05-07 15:00:00,51,19.0,0,Continuity (2-mould press)
2026-05-07 00:00:00,B,4838,1325221318095HURL0,2026-05-07 15:00:00,2026-05-07 23:00:00,51,19.0,0,Continuity (2-mould press)
2026-05-07 00:00:00,C,4838,1325221318095HURL0,2026-05-07 23:00:00,2026-05-08 03:46:00,30,19.0,0,Continuity (2-mould press)
2026-04-08 00:00:00,A,4839,1325221417096HURL0,2026-04-08 07:00:00,2026-04-08 15:00:00,60,16.0,0,Continuity (2-mould press)
2026-04-08 00:00:00,B,4839,1325221417096HURL0,2026-04-08 15:00:00,2026-04-08 23:00:00,60,16.0,0,Continuity (2-mould press)
2026-04-08 00:00:00,C,4839,1325221417096HURL0,2026-04-08 23:00:00,2026-04-09 07:00:00,60,16.0,0,Continuity (2-mould press)
2026-04-09 00:00:00,A,4839,1325221417096HURL0,2026-04-09 07:00:00,2026-04-09 15:00:00,60,16.0,0,Continuity (2-mould press)
2026-04-09 00:00:00,B,4839,1325221417096HURL0,2026-04-09 15:00:00,2026-04-09 23:00:00,60,16.0,0,Continuity (2-mould press)
2026-04-09 00:00:00,C,4839,1325221417096HURL0,2026-04-09 23:00:00,2026-04-10 07:00:00,60,16.0,0,Continuity (2-mould press)
2026-04-10 00:00:00,A,4839,1325221417096HURL0,2026-04-10 07:00:00,2026-04-10 15:00:00,60,16.0,0,Continuity (2-mould press)
2026-04-10 00:00:00,B,4839,1325221417096HURL0,2026-04-10 15:00:00,2026-04-10 23:00:00,60,16.0,0,Continuity (2-mould press)
2026-04-10 00:00:00,C,4839,1325221417096HURL0,2026-04-10 23:00:00,2026-04-11 07:00:00,60,16.0,0,Continuity (2-mould press)
2026-04-11 00:00:00,A,4839,1325221417096HURL0,2026-04-11 07:00:00,2026-04-11 15:00:00,60,16.0,0,Continuity (2-mould press)
2026-04-11 00:00:00,B,4839,1325221417096HURL0,2026-04-11 15:00:00,2026-04-11 23:00:00,60,16.0,0,Continuity (2-mould press)
2026-04-11 00:00:00,C,4839,1325221417096HURL0,2026-04-11 23:00:00,2026-04-12 07:00:00,60,16.0,0,Continuity (2-mould press)
2026-04-12 00:00:00,A,4839,1325221417096HURL0,2026-04-12 07:00:00,2026-04-12 15:00:00,60,16.0,0,Continuity (2-mould press)
2026-04-12 00:00:00,B,4839,1325221417096HURL0,2026-04-12 15:00:00,2026-04-12 23:00:00,60,16.0,0,Continuity (2-mould press)
2026-04-12 00:00:00,C,4839,1325221417096HURL0,2026-04-12 23:00:00,2026-04-13 07:00:00,60,16.0,0,Continuity (2-mould press)
2026-04-13 00:00:00,A,4839,1325221417096HURL0,2026-04-13 07:00:00,2026-04-13 15:00:00,60,16.0,0,Continuity (2-mould press)
2026-04-13 00:00:00,B,4839,1325221417096HURL0,2026-04-13 15:00:00,2026-04-13 23:00:00,60,16.0,0,Continuity (2-mould press)
2026-04-13 00:00:00,C,4839,1325221417096HURL0,2026-04-13 23:00:00,2026-04-14 07:00:00,60,16.0,0,Continuity (2-mould press)
2026-04-14 00:00:00,A,4839,1325221417096HURL0,2026-04-14 07:00:00,2026-04-14 15:00:00,60,16.0,0,Continuity (2-mould press)
2026-04-14 00:00:00,B,4839,1325221417096HURL0,2026-04-14 15:00:00,2026-04-14 23:00:00,60,16.0,0,Continuity (2-mould press)
2026-04-14 00:00:00,C,4839,1325221417096HURL0,2026-04-14 23:00:00,2026-04-15 07:00:00,60,16.0,0,Continuity (2-mould press)
2026-04-15 00:00:00,A,4839,1325221417096HURL0,2026-04-15 07:00:00,2026-04-15 15:00:00,60,16.0,0,Continuity (2-mould press)
2026-04-15 00:00:00,B,4839,1325221417096HURL0,2026-04-15 15:00:00,2026-04-15 23:00:00,60,16.0,0,Continuity (2-mould press)
2026-04-15 00:00:00,C,4839,1325221417096HURL0,2026-04-15 23:00:00,2026-04-16 07:00:00,60,16.0,0,Continuity (2-mould press)
2026-04-16 00:00:00,A,4839,1325221417096HURL0,2026-04-16 07:00:00,2026-04-16 15:00:00,60,16.0,0,Continuity (2-mould press)
2026-04-16 00:00:00,B,4839,1325221417096HURL0,2026-04-16 15:00:00,2026-04-16 23:00:00,60,16.0,0,Continuity (2-mould press)
2026-04-16 00:00:00,C,4839,1325221417096HURL0,2026-04-16 23:00:00,2026-04-17 07:00:00,60,16.0,0,Continuity (2-mould press)
2026-04-17 00:00:00,A,4839,1325221417096HURL0,2026-04-17 07:00:00,2026-04-17 15:00:00,60,16.0,0,Continuity (2-mould press)
2026-04-17 00:00:00,B,4839,1325221417096HURL0,2026-04-17 15:00:00,2026-04-17 23:00:00,60,16.0,0,Continuity (2-mould press)
2026-04-17 00:00:00,C,4839,1325221417096HURL0,2026-04-17 23:00:00,2026-04-18 07:00:00,60,16.0,0,Continuity (2-mould press)
2026-04-18 00:00:00,A,4839,1325221417096HURL0,2026-04-18 07:00:00,2026-04-18 15:00:00,60,16.0,0,Continuity (2-mould press)
2026-04-18 00:00:00,B,4839,1325221417096HURL0,2026-04-18 15:00:00,2026-04-18 23:00:00,60,16.0,0,Continuity (2-mould press)
2026-04-18 00:00:00,C,4839,1325221417096HURL0,2026-04-18 23:00:00,2026-04-19 07:00:00,60,16.0,0,Continuity (2-mould press)
2026-04-19 00:00:00,A,4839,1325221417096HURL0,2026-04-19 07:00:00,2026-04-19 15:00:00,60,16.0,0,Continuity (2-mould press)
2026-04-19 00:00:00,B,4839,1325221417096HURL0,2026-04-19 15:00:00,2026-04-19 23:00:00,60,16.0,0,Continuity (2-mould press)
2026-04-19 00:00:00,C,4839,1325221417096HURL0,2026-04-19 23:00:00,2026-04-20 07:00:00,60,16.0,0,Continuity (2-mould press)
2026-04-20 00:00:00,A,4839,1325221417096HURL0,2026-04-20 07:00:00,2026-04-20 15:00:00,60,16.0,0,Continuity (2-mould press)
2026-04-20 00:00:00,B,4839,1325221417096HURL0,2026-04-20 15:00:00,2026-04-20 23:00:00,60,16.0,0,Continuity (2-mould press)
2026-04-20 00:00:00,C,4839,1325221417096HURL0,2026-04-20 23:00:00,2026-04-21 06:28:00,56,16.0,0,Continuity (2-mould press)
2026-04-20 00:00:00,C,4839,MOULD_CLEAN,2026-04-21 06:28:00,2026-04-21 07:00:00,0,0.0,0,Mould cleaning (continuity)
2026-04-21 00:00:00,A,4839,MOULD_CLEAN,2026-04-21 07:00:00,2026-04-21 09:28:00,0,0.0,0,Mould cleaning (continuity)
2026-04-21 00:00:00,A,4839,1325221417096HURL0,2026-04-21 09:28:00,2026-04-21 15:00:00,42,16.0,0,Continuity (2-mould press)
2026-04-21 00:00:00,B,4839,1325221417096HURL0,2026-04-21 15:00:00,2026-04-21 23:00:00,60,16.0,0,Continuity (2-mould press)
2026-04-21 00:00:00,C,4839,1325221417096HURL0,2026-04-21 23:00:00,2026-04-22 07:00:00,60,16.0,0,Continuity (2-mould press)
2026-04-22 00:00:00,A,4839,1325221417096HURL0,2026-04-22 07:00:00,2026-04-22 15:00:00,60,16.0,0,Continuity (2-mould press)
2026-04-22 00:00:00,B,4839,1325221417096HURL0,2026-04-22 15:00:00,2026-04-22 23:00:00,60,16.0,0,Continuity (2-mould press)
2026-04-22 00:00:00,C,4839,1325221417096HURL0,2026-04-22 23:00:00,2026-04-23 07:00:00,60,16.0,0,Continuity (2-mould press)
2026-04-23 00:00:00,A,4839,1325221417096HURL0,2026-04-23 07:00:00,2026-04-23 15:00:00,60,16.0,0,Continuity (2-mould press)
2026-04-23 00:00:00,B,4839,1325221417096HURL0,2026-04-23 15:00:00,2026-04-23 23:00:00,60,16.0,0,Continuity (2-mould press)
2026-04-23 00:00:00,C,4839,1325221417096HURL0,2026-04-23 23:00:00,2026-04-24 07:00:00,60,16.0,0,Continuity (2-mould press)
2026-04-24 00:00:00,A,4839,1325221417096HURL0,2026-04-24 07:00:00,2026-04-24 15:00:00,60,16.0,0,Continuity (2-mould press)
2026-04-24 00:00:00,B,4839,1325221417096HURL0,2026-04-24 15:00:00,2026-04-24 23:00:00,60,16.0,0,Continuity (2-mould press)
2026-04-24 00:00:00,C,4839,1325221417096HURL0,2026-04-24 23:00:00,2026-04-25 07:00:00,60,16.0,0,Continuity (2-mould press)
2026-04-25 00:00:00,A,4839,1325221417096HURL0,2026-04-25 07:00:00,2026-04-25 15:00:00,60,16.0,0,Continuity (2-mould press)
2026-04-25 00:00:00,B,4839,1325221417096HURL0,2026-04-25 15:00:00,2026-04-25 23:00:00,60,16.0,0,Continuity (2-mould press)
2026-04-25 00:00:00,C,4839,1325221417096HURL0,2026-04-25 23:00:00,2026-04-26 07:00:00,60,16.0,0,Continuity (2-mould press)
2026-04-26 00:00:00,A,4839,1325221417096HURL0,2026-04-26 07:00:00,2026-04-26 15:00:00,60,16.0,0,Continuity (2-mould press)
2026-04-26 00:00:00,B,4839,1325221417096HURL0,2026-04-26 15:00:00,2026-04-26 23:00:00,60,16.0,0,Continuity (2-mould press)
2026-04-26 00:00:00,C,4839,1325221417096HURL0,2026-04-26 23:00:00,2026-04-27 07:00:00,60,16.0,0,Continuity (2-mould press)
2026-04-27 00:00:00,A,4839,1325221417096HURL0,2026-04-27 07:00:00,2026-04-27 15:00:00,60,16.0,0,Continuity (2-mould press)
2026-04-27 00:00:00,B,4839,1325221417096HURL0,2026-04-27 15:00:00,2026-04-27 23:00:00,60,16.0,0,Continuity (2-mould press)
2026-04-27 00:00:00,C,4839,1325221417096HURL0,2026-04-27 23:00:00,2026-04-28 07:00:00,60,16.0,0,Continuity (2-mould press)
2026-04-28 00:00:00,A,4839,1325221417096HURL0,2026-04-28 07:00:00,2026-04-28 15:00:00,60,16.0,0,Continuity (2-mould press)
2026-04-28 00:00:00,B,4839,1325221417096HURL0,2026-04-28 15:00:00,2026-04-28 23:00:00,60,16.0,0,Continuity (2-mould press)
2026-04-28 00:00:00,C,4839,1325221417096HURL0,2026-04-28 23:00:00,2026-04-29 07:00:00,60,16.0,0,Continuity (2-mould press)
2026-04-29 00:00:00,A,4839,1325221417096HURL0,2026-04-29 07:00:00,2026-04-29 15:00:00,60,16.0,0,Continuity (2-mould press)
2026-04-29 00:00:00,B,4839,1325221417096HURL0,2026-04-29 15:00:00,2026-04-29 23:00:00,60,16.0,0,Continuity (2-mould press)
2026-04-29 00:00:00,C,4839,1325221417096HURL0,2026-04-29 23:00:00,2026-04-29 23:20:00,2,16.0,0,Continuity (2-mould press)
2026-04-08 00:00:00,A,4840,1325219515091HURL2,2026-04-08 07:00:00,2026-04-08 15:00:00,64,15.0,0,Continuity (2-mould press)
2026-04-08 00:00:00,B,4840,1325219515091HURL2,2026-04-08 15:00:00,2026-04-08 23:00:00,64,15.0,0,Continuity (2-mould press)
2026-04-08 00:00:00,C,4840,1325219515091HURL2,2026-04-08 23:00:00,2026-04-09 07:00:00,64,15.0,0,Continuity (2-mould press)
2026-04-09 00:00:00,A,4840,1325219515091HURL2,2026-04-09 07:00:00,2026-04-09 15:00:00,64,15.0,0,Continuity (2-mould press)
2026-04-09 00:00:00,B,4840,1325219515091HURL2,2026-04-09 15:00:00,2026-04-09 23:00:00,64,15.0,0,Continuity (2-mould press)
2026-04-09 00:00:00,C,4840,1325219515091HURL2,2026-04-09 23:00:00,2026-04-10 07:00:00,64,15.0,0,Continuity (2-mould press)
2026-04-10 00:00:00,A,4840,1325219515091HURL2,2026-04-10 07:00:00,2026-04-10 15:00:00,64,15.0,0,Continuity (2-mould press)
2026-04-10 00:00:00,B,4840,1325219515091HURL2,2026-04-10 15:00:00,2026-04-10 23:00:00,64,15.0,0,Continuity (2-mould press)
2026-04-10 00:00:00,C,4840,1325219515091HURL2,2026-04-10 23:00:00,2026-04-11 07:00:00,64,15.0,0,Continuity (2-mould press)
2026-04-11 00:00:00,A,4840,1325219515091HURL2,2026-04-11 07:00:00,2026-04-11 15:00:00,64,15.0,0,Continuity (2-mould press)
2026-04-11 00:00:00,B,4840,1325219515091HURL2,2026-04-11 15:00:00,2026-04-11 23:00:00,64,15.0,0,Continuity (2-mould press)
2026-04-11 00:00:00,C,4840,1325219515091HURL2,2026-04-11 23:00:00,2026-04-12 07:00:00,64,15.0,0,Continuity (2-mould press)
2026-04-12 00:00:00,A,4840,1325219515091HURL2,2026-04-12 07:00:00,2026-04-12 15:00:00,64,15.0,0,Continuity (2-mould press)
2026-04-12 00:00:00,B,4840,1325219515091HURL2,2026-04-12 15:00:00,2026-04-12 23:00:00,64,15.0,0,Continuity (2-mould press)
2026-04-12 00:00:00,C,4840,1325219515091HURL2,2026-04-12 23:00:00,2026-04-13 07:00:00,64,15.0,0,Continuity (2-mould press)
2026-04-13 00:00:00,A,4840,1325219515091HURL2,2026-04-13 07:00:00,2026-04-13 15:00:00,64,15.0,0,Continuity (2-mould press)
2026-04-13 00:00:00,B,4840,1325219515091HURL2,2026-04-13 15:00:00,2026-04-13 23:00:00,64,15.0,0,Continuity (2-mould press)
2026-04-13 00:00:00,C,4840,1325219515091HURL2,2026-04-13 23:00:00,2026-04-14 07:00:00,64,15.0,0,Continuity (2-mould press)
2026-04-14 00:00:00,A,4840,1325219515091HURL2,2026-04-14 07:00:00,2026-04-14 15:00:00,64,15.0,0,Continuity (2-mould press)
2026-04-14 00:00:00,B,4840,1325219515091HURL2,2026-04-14 15:00:00,2026-04-14 23:00:00,64,15.0,0,Continuity (2-mould press)
2026-04-14 00:00:00,C,4840,1325219515091HURL2,2026-04-14 23:00:00,2026-04-15 07:00:00,64,15.0,0,Continuity (2-mould press)
2026-04-15 00:00:00,A,4840,1325219515091HURL2,2026-04-15 07:00:00,2026-04-15 15:00:00,64,15.0,0,Continuity (2-mould press)
2026-04-15 00:00:00,B,4840,1325219515091HURL2,2026-04-15 15:00:00,2026-04-15 23:00:00,64,15.0,0,Continuity (2-mould press)
2026-04-15 00:00:00,C,4840,1325219515091HURL2,2026-04-15 23:00:00,2026-04-16 07:00:00,64,15.0,0,Continuity (2-mould press)
2026-04-16 00:00:00,A,4840,1325219515091HURL2,2026-04-16 07:00:00,2026-04-16 15:00:00,64,15.0,0,Continuity (2-mould press)
2026-04-16 00:00:00,B,4840,1325219515091HURL2,2026-04-16 15:00:00,2026-04-16 23:00:00,64,15.0,0,Continuity (2-mould press)
2026-04-16 00:00:00,C,4840,1325219515091HURL2,2026-04-16 23:00:00,2026-04-17 07:00:00,64,15.0,0,Continuity (2-mould press)
2026-04-17 00:00:00,A,4840,1325219515091HURL2,2026-04-17 07:00:00,2026-04-17 15:00:00,64,15.0,0,Continuity (2-mould press)
2026-04-17 00:00:00,B,4840,1325219515091HURL2,2026-04-17 15:00:00,2026-04-17 23:00:00,64,15.0,0,Continuity (2-mould press)
2026-04-17 00:00:00,C,4840,1325219515091HURL2,2026-04-17 23:00:00,2026-04-18 07:00:00,64,15.0,0,Continuity (2-mould press)
2026-04-18 00:00:00,A,4840,1325219515091HURL2,2026-04-18 07:00:00,2026-04-18 15:00:00,64,15.0,0,Continuity (2-mould press)
2026-04-18 00:00:00,B,4840,1325219515091HURL2,2026-04-18 15:00:00,2026-04-18 23:00:00,64,15.0,0,Continuity (2-mould press)
2026-04-18 00:00:00,C,4840,1325219515091HURL2,2026-04-18 23:00:00,2026-04-19 07:00:00,64,15.0,0,Continuity (2-mould press)
2026-04-19 00:00:00,A,4840,1325219515091HURL2,2026-04-19 07:00:00,2026-04-19 15:00:00,64,15.0,0,Continuity (2-mould press)
2026-04-19 00:00:00,B,4840,1325219515091HURL2,2026-04-19 15:00:00,2026-04-19 23:00:00,64,15.0,0,Continuity (2-mould press)
2026-04-19 00:00:00,C,4840,1325219515091HURL2,2026-04-19 23:00:00,2026-04-20 07:00:00,64,15.0,0,Continuity (2-mould press)
2026-04-20 00:00:00,A,4840,1325219515091HURL2,2026-04-20 07:00:00,2026-04-20 15:00:00,64,15.0,0,Continuity (2-mould press)
2026-04-20 00:00:00,B,4840,1325219515091HURL2,2026-04-20 15:00:00,2026-04-20 23:00:00,64,15.0,0,Continuity (2-mould press)
2026-04-20 00:00:00,C,4840,1325219515091HURL2,2026-04-20 23:00:00,2026-04-21 07:00:00,64,15.0,0,Continuity (2-mould press)
2026-04-21 00:00:00,A,4840,1325219515091HURL2,2026-04-21 07:00:00,2026-04-21 15:00:00,64,15.0,0,Continuity (2-mould press)
2026-04-21 00:00:00,B,4840,1325219515091HURL2,2026-04-21 15:00:00,2026-04-21 23:00:00,64,15.0,0,Continuity (2-mould press)
2026-04-21 00:00:00,C,4840,1325219515091HURL2,2026-04-21 23:00:00,2026-04-22 07:00:00,64,15.0,0,Continuity (2-mould press)
2026-04-22 00:00:00,A,4840,1325219515091HURL2,2026-04-22 07:00:00,2026-04-22 15:00:00,64,15.0,0,Continuity (2-mould press)
2026-04-22 00:00:00,B,4840,1325219515091HURL2,2026-04-22 15:00:00,2026-04-22 23:00:00,64,15.0,0,Continuity (2-mould press)
2026-04-22 00:00:00,C,4840,1325219515091HURL2,2026-04-22 23:00:00,2026-04-23 07:00:00,64,15.0,0,Continuity (2-mould press)
2026-04-23 00:00:00,A,4840,1325219515091HURL2,2026-04-23 07:00:00,2026-04-23 15:00:00,64,15.0,0,Continuity (2-mould press)
2026-04-23 00:00:00,B,4840,1325219515091HURL2,2026-04-23 15:00:00,2026-04-23 23:00:00,64,15.0,0,Continuity (2-mould press)
2026-04-23 00:00:00,C,4840,1325219515091HURL2,2026-04-23 23:00:00,2026-04-24 07:00:00,64,15.0,0,Continuity (2-mould press)
2026-04-24 00:00:00,A,4840,1325219515091HURL2,2026-04-24 07:00:00,2026-04-24 15:00:00,64,15.0,0,Continuity (2-mould press)
2026-04-24 00:00:00,B,4840,1325219515091HURL2,2026-04-24 15:00:00,2026-04-24 23:00:00,64,15.0,0,Continuity (2-mould press)
2026-04-24 00:00:00,C,4840,1325219515091HURL2,2026-04-24 23:00:00,2026-04-25 07:00:00,64,15.0,0,Continuity (2-mould press)
2026-04-25 00:00:00,A,4840,1325219515091HURL2,2026-04-25 07:00:00,2026-04-25 15:00:00,64,15.0,0,Continuity (2-mould press)
2026-04-25 00:00:00,B,4840,1325219515091HURL2,2026-04-25 15:00:00,2026-04-25 23:00:00,64,15.0,0,Continuity (2-mould press)
2026-04-25 00:00:00,C,4840,1325219515091HURL2,2026-04-25 23:00:00,2026-04-26 07:00:00,64,15.0,0,Continuity (2-mould press)
2026-04-26 00:00:00,A,4840,1325219515091HURL2,2026-04-26 07:00:00,2026-04-26 15:00:00,64,15.0,0,Continuity (2-mould press)
2026-04-26 00:00:00,B,4840,1325219515091HURL2,2026-04-26 15:00:00,2026-04-26 23:00:00,64,15.0,0,Continuity (2-mould press)
2026-04-26 00:00:00,C,4840,1325219515091HURL2,2026-04-26 23:00:00,2026-04-27 07:00:00,64,15.0,0,Continuity (2-mould press)
2026-04-27 00:00:00,A,4840,1325219515091HURL2,2026-04-27 07:00:00,2026-04-27 15:00:00,64,15.0,0,Continuity (2-mould press)
2026-04-27 00:00:00,B,4840,1325219515091HURL2,2026-04-27 15:00:00,2026-04-27 23:00:00,64,15.0,0,Continuity (2-mould press)
2026-04-27 00:00:00,C,4840,1325219515091HURL2,2026-04-27 23:00:00,2026-04-28 07:00:00,64,15.0,0,Continuity (2-mould press)
2026-04-28 00:00:00,A,4840,1325219515091HURL2,2026-04-28 07:00:00,2026-04-28 15:00:00,64,15.0,0,Continuity (2-mould press)
2026-04-28 00:00:00,B,4840,1325219515091HURL2,2026-04-28 15:00:00,2026-04-28 16:15:00,10,15.0,0,Continuity (2-mould press)
2026-04-08 00:00:00,A,4841,1325221417096HURL0,2026-04-08 07:00:00,2026-04-08 15:00:00,60,16.0,0,Continuity (2-mould press)
2026-04-08 00:00:00,B,4841,1325221417096HURL0,2026-04-08 15:00:00,2026-04-08 23:00:00,60,16.0,0,Continuity (2-mould press)
2026-04-08 00:00:00,C,4841,1325221417096HURL0,2026-04-08 23:00:00,2026-04-09 07:00:00,60,16.0,0,Continuity (2-mould press)
2026-04-09 00:00:00,A,4841,1325221417096HURL0,2026-04-09 07:00:00,2026-04-09 15:00:00,60,16.0,0,Continuity (2-mould press)
2026-04-09 00:00:00,B,4841,1325221417096HURL0,2026-04-09 15:00:00,2026-04-09 23:00:00,60,16.0,0,Continuity (2-mould press)
2026-04-09 00:00:00,C,4841,1325221417096HURL0,2026-04-09 23:00:00,2026-04-10 05:08:00,46,16.0,0,Continuity (2-mould press)
2026-04-09 00:00:00,C,4841,MOULD_CLEAN,2026-04-10 05:08:00,2026-04-10 07:00:00,0,0.0,0,Mould cleaning (continuity)
2026-04-10 00:00:00,A,4841,MOULD_CLEAN,2026-04-10 07:00:00,2026-04-10 08:08:00,0,0.0,0,Mould cleaning (continuity)
2026-04-10 00:00:00,A,4841,1325221417096HURL0,2026-04-10 08:08:00,2026-04-10 15:00:00,52,16.0,0,Continuity (2-mould press)
2026-04-10 00:00:00,B,4841,1325221417096HURL0,2026-04-10 15:00:00,2026-04-10 23:00:00,60,16.0,0,Continuity (2-mould press)
2026-04-10 00:00:00,C,4841,1325221417096HURL0,2026-04-10 23:00:00,2026-04-11 07:00:00,60,16.0,0,Continuity (2-mould press)
2026-04-11 00:00:00,A,4841,1325221417096HURL0,2026-04-11 07:00:00,2026-04-11 15:00:00,60,16.0,0,Continuity (2-mould press)
2026-04-11 00:00:00,B,4841,1325221417096HURL0,2026-04-11 15:00:00,2026-04-11 23:00:00,60,16.0,0,Continuity (2-mould press)
2026-04-11 00:00:00,C,4841,1325221417096HURL0,2026-04-11 23:00:00,2026-04-12 07:00:00,60,16.0,0,Continuity (2-mould press)
2026-04-12 00:00:00,A,4841,1325221417096HURL0,2026-04-12 07:00:00,2026-04-12 15:00:00,60,16.0,0,Continuity (2-mould press)
2026-04-12 00:00:00,B,4841,1325221417096HURL0,2026-04-12 15:00:00,2026-04-12 23:00:00,60,16.0,0,Continuity (2-mould press)
2026-04-12 00:00:00,C,4841,1325221417096HURL0,2026-04-12 23:00:00,2026-04-13 07:00:00,60,16.0,0,Continuity (2-mould press)
2026-04-13 00:00:00,A,4841,1325221417096HURL0,2026-04-13 07:00:00,2026-04-13 15:00:00,60,16.0,0,Continuity (2-mould press)
2026-04-13 00:00:00,B,4841,1325221417096HURL0,2026-04-13 15:00:00,2026-04-13 23:00:00,60,16.0,0,Continuity (2-mould press)
2026-04-13 00:00:00,C,4841,1325221417096HURL0,2026-04-13 23:00:00,2026-04-14 07:00:00,60,16.0,0,Continuity (2-mould press)
2026-04-14 00:00:00,A,4841,1325221417096HURL0,2026-04-14 07:00:00,2026-04-14 15:00:00,60,16.0,0,Continuity (2-mould press)
2026-04-14 00:00:00,B,4841,1325221417096HURL0,2026-04-14 15:00:00,2026-04-14 23:00:00,60,16.0,0,Continuity (2-mould press)
2026-04-14 00:00:00,C,4841,1325221417096HURL0,2026-04-14 23:00:00,2026-04-15 07:00:00,60,16.0,0,Continuity (2-mould press)
2026-04-15 00:00:00,A,4841,1325221417096HURL0,2026-04-15 07:00:00,2026-04-15 15:00:00,60,16.0,0,Continuity (2-mould press)
2026-04-15 00:00:00,B,4841,1325221417096HURL0,2026-04-15 15:00:00,2026-04-15 23:00:00,60,16.0,0,Continuity (2-mould press)
2026-04-15 00:00:00,C,4841,1325221417096HURL0,2026-04-15 23:00:00,2026-04-16 07:00:00,60,16.0,0,Continuity (2-mould press)
2026-04-16 00:00:00,A,4841,1325221417096HURL0,2026-04-16 07:00:00,2026-04-16 15:00:00,60,16.0,0,Continuity (2-mould press)
2026-04-16 00:00:00,B,4841,1325221417096HURL0,2026-04-16 15:00:00,2026-04-16 23:00:00,60,16.0,0,Continuity (2-mould press)
2026-04-16 00:00:00,C,4841,1325221417096HURL0,2026-04-16 23:00:00,2026-04-17 07:00:00,60,16.0,0,Continuity (2-mould press)
2026-04-17 00:00:00,A,4841,1325221417096HURL0,2026-04-17 07:00:00,2026-04-17 15:00:00,60,16.0,0,Continuity (2-mould press)
2026-04-17 00:00:00,B,4841,1325221417096HURL0,2026-04-17 15:00:00,2026-04-17 23:00:00,60,16.0,0,Continuity (2-mould press)
2026-04-17 00:00:00,C,4841,1325221417096HURL0,2026-04-17 23:00:00,2026-04-18 07:00:00,60,16.0,0,Continuity (2-mould press)
2026-04-18 00:00:00,A,4841,1325221417096HURL0,2026-04-18 07:00:00,2026-04-18 15:00:00,60,16.0,0,Continuity (2-mould press)
2026-04-18 00:00:00,B,4841,1325221417096HURL0,2026-04-18 15:00:00,2026-04-18 23:00:00,60,16.0,0,Continuity (2-mould press)
2026-04-18 00:00:00,C,4841,1325221417096HURL0,2026-04-18 23:00:00,2026-04-19 07:00:00,60,16.0,0,Continuity (2-mould press)
2026-04-19 00:00:00,A,4841,1325221417096HURL0,2026-04-19 07:00:00,2026-04-19 15:00:00,60,16.0,0,Continuity (2-mould press)
2026-04-19 00:00:00,B,4841,1325221417096HURL0,2026-04-19 15:00:00,2026-04-19 23:00:00,60,16.0,0,Continuity (2-mould press)
2026-04-19 00:00:00,C,4841,1325221417096HURL0,2026-04-19 23:00:00,2026-04-20 07:00:00,60,16.0,0,Continuity (2-mould press)
2026-04-20 00:00:00,A,4841,1325221417096HURL0,2026-04-20 07:00:00,2026-04-20 15:00:00,60,16.0,0,Continuity (2-mould press)
2026-04-20 00:00:00,B,4841,1325221417096HURL0,2026-04-20 15:00:00,2026-04-20 23:00:00,60,16.0,0,Continuity (2-mould press)
2026-04-20 00:00:00,C,4841,1325221417096HURL0,2026-04-20 23:00:00,2026-04-21 07:00:00,60,16.0,0,Continuity (2-mould press)
2026-04-21 00:00:00,A,4841,1325221417096HURL0,2026-04-21 07:00:00,2026-04-21 15:00:00,60,16.0,0,Continuity (2-mould press)
2026-04-21 00:00:00,B,4841,1325221417096HURL0,2026-04-21 15:00:00,2026-04-21 23:00:00,60,16.0,0,Continuity (2-mould press)
2026-04-21 00:00:00,C,4841,1325221417096HURL0,2026-04-21 23:00:00,2026-04-22 07:00:00,60,16.0,0,Continuity (2-mould press)
2026-04-22 00:00:00,A,4841,1325221417096HURL0,2026-04-22 07:00:00,2026-04-22 15:00:00,60,16.0,0,Continuity (2-mould press)
2026-04-22 00:00:00,B,4841,1325221417096HURL0,2026-04-22 15:00:00,2026-04-22 23:00:00,60,16.0,0,Continuity (2-mould press)
2026-04-22 00:00:00,C,4841,1325221417096HURL0,2026-04-22 23:00:00,2026-04-23 07:00:00,60,16.0,0,Continuity (2-mould press)
2026-04-23 00:00:00,A,4841,1325221417096HURL0,2026-04-23 07:00:00,2026-04-23 15:00:00,60,16.0,0,Continuity (2-mould press)
2026-04-23 00:00:00,B,4841,1325221417096HURL0,2026-04-23 15:00:00,2026-04-23 23:00:00,60,16.0,0,Continuity (2-mould press)
2026-04-23 00:00:00,C,4841,1325221417096HURL0,2026-04-23 23:00:00,2026-04-24 07:00:00,60,16.0,0,Continuity (2-mould press)
2026-04-24 00:00:00,A,4841,1325221417096HURL0,2026-04-24 07:00:00,2026-04-24 15:00:00,60,16.0,0,Continuity (2-mould press)
2026-04-24 00:00:00,B,4841,1325221417096HURL0,2026-04-24 15:00:00,2026-04-24 23:00:00,60,16.0,0,Continuity (2-mould press)
2026-04-24 00:00:00,C,4841,1325221417096HURL0,2026-04-24 23:00:00,2026-04-25 07:00:00,60,16.0,0,Continuity (2-mould press)
2026-04-25 00:00:00,A,4841,1325221417096HURL0,2026-04-25 07:00:00,2026-04-25 15:00:00,60,16.0,0,Continuity (2-mould press)
2026-04-25 00:00:00,B,4841,1325221417096HURL0,2026-04-25 15:00:00,2026-04-25 23:00:00,60,16.0,0,Continuity (2-mould press)
2026-04-25 00:00:00,C,4841,1325221417096HURL0,2026-04-25 23:00:00,2026-04-26 07:00:00,60,16.0,0,Continuity (2-mould press)
2026-04-26 00:00:00,A,4841,1325221417096HURL0,2026-04-26 07:00:00,2026-04-26 15:00:00,60,16.0,0,Continuity (2-mould press)
2026-04-26 00:00:00,B,4841,1325221417096HURL0,2026-04-26 15:00:00,2026-04-26 23:00:00,60,16.0,0,Continuity (2-mould press)
2026-04-26 00:00:00,C,4841,1325221417096HURL0,2026-04-26 23:00:00,2026-04-27 07:00:00,60,16.0,0,Continuity (2-mould press)
2026-04-27 00:00:00,A,4841,1325221417096HURL0,2026-04-27 07:00:00,2026-04-27 15:00:00,60,16.0,0,Continuity (2-mould press)
2026-04-27 00:00:00,B,4841,1325221417096HURL0,2026-04-27 15:00:00,2026-04-27 23:00:00,60,16.0,0,Continuity (2-mould press)
2026-04-27 00:00:00,C,4841,1325221417096HURL0,2026-04-27 23:00:00,2026-04-28 07:00:00,60,16.0,0,Continuity (2-mould press)
2026-04-28 00:00:00,A,4841,1325221417096HURL0,2026-04-28 07:00:00,2026-04-28 15:00:00,60,16.0,0,Continuity (2-mould press)
2026-04-28 00:00:00,B,4841,1325221417096HURL0,2026-04-28 15:00:00,2026-04-28 23:00:00,60,16.0,0,Continuity (2-mould press)
2026-04-28 00:00:00,C,4841,1325221417096HURL0,2026-04-28 23:00:00,2026-04-29 07:00:00,60,16.0,0,Continuity (2-mould press)
2026-04-29 00:00:00,A,4841,1325221417096HURL0,2026-04-29 07:00:00,2026-04-29 15:00:00,60,16.0,0,Continuity (2-mould press)
2026-04-29 00:00:00,B,4841,1325221417096HURL0,2026-04-29 15:00:00,2026-04-29 23:00:00,60,16.0,0,Continuity (2-mould press)
2026-04-29 00:00:00,C,4841,1325221417096HURL0,2026-04-29 23:00:00,2026-04-29 23:20:00,2,16.0,0,Continuity (2-mould press)
2026-04-08 00:00:00,A,4842,1325221417096HURL0,2026-04-08 07:00:00,2026-04-08 15:00:00,60,16.0,0,Continuity (2-mould press)
2026-04-08 00:00:00,B,4842,1325221417096HURL0,2026-04-08 15:00:00,2026-04-08 23:00:00,60,16.0,0,Continuity (2-mould press)
2026-04-08 00:00:00,C,4842,1325221417096HURL0,2026-04-08 23:00:00,2026-04-09 07:00:00,60,16.0,0,Continuity (2-mould press)
2026-04-09 00:00:00,A,4842,1325221417096HURL0,2026-04-09 07:00:00,2026-04-09 15:00:00,60,16.0,0,Continuity (2-mould press)
2026-04-09 00:00:00,B,4842,1325221417096HURL0,2026-04-09 15:00:00,2026-04-09 23:00:00,60,16.0,0,Continuity (2-mould press)
2026-04-09 00:00:00,C,4842,1325221417096HURL0,2026-04-09 23:00:00,2026-04-10 07:00:00,60,16.0,0,Continuity (2-mould press)
2026-04-10 00:00:00,A,4842,1325221417096HURL0,2026-04-10 07:00:00,2026-04-10 15:00:00,60,16.0,0,Continuity (2-mould press)
2026-04-10 00:00:00,B,4842,1325221417096HURL0,2026-04-10 15:00:00,2026-04-10 23:00:00,60,16.0,0,Continuity (2-mould press)
2026-04-10 00:00:00,C,4842,1325221417096HURL0,2026-04-10 23:00:00,2026-04-11 07:00:00,60,16.0,0,Continuity (2-mould press)
2026-04-11 00:00:00,A,4842,1325221417096HURL0,2026-04-11 07:00:00,2026-04-11 15:00:00,60,16.0,0,Continuity (2-mould press)
2026-04-11 00:00:00,B,4842,1325221417096HURL0,2026-04-11 15:00:00,2026-04-11 23:00:00,60,16.0,0,Continuity (2-mould press)
2026-04-11 00:00:00,C,4842,1325221417096HURL0,2026-04-11 23:00:00,2026-04-12 07:00:00,60,16.0,0,Continuity (2-mould press)
2026-04-12 00:00:00,A,4842,1325221417096HURL0,2026-04-12 07:00:00,2026-04-12 15:00:00,60,16.0,0,Continuity (2-mould press)
2026-04-12 00:00:00,B,4842,1325221417096HURL0,2026-04-12 15:00:00,2026-04-12 23:00:00,60,16.0,0,Continuity (2-mould press)
2026-04-12 00:00:00,C,4842,1325221417096HURL0,2026-04-12 23:00:00,2026-04-13 07:00:00,60,16.0,0,Continuity (2-mould press)
2026-04-13 00:00:00,A,4842,1325221417096HURL0,2026-04-13 07:00:00,2026-04-13 15:00:00,60,16.0,0,Continuity (2-mould press)
2026-04-13 00:00:00,B,4842,1325221417096HURL0,2026-04-13 15:00:00,2026-04-13 23:00:00,60,16.0,0,Continuity (2-mould press)
2026-04-13 00:00:00,C,4842,1325221417096HURL0,2026-04-13 23:00:00,2026-04-14 07:00:00,60,16.0,0,Continuity (2-mould press)
2026-04-14 00:00:00,A,4842,1325221417096HURL0,2026-04-14 07:00:00,2026-04-14 15:00:00,60,16.0,0,Continuity (2-mould press)
2026-04-14 00:00:00,B,4842,1325221417096HURL0,2026-04-14 15:00:00,2026-04-14 23:00:00,60,16.0,0,Continuity (2-mould press)
2026-04-14 00:00:00,C,4842,1325221417096HURL0,2026-04-14 23:00:00,2026-04-15 07:00:00,60,16.0,0,Continuity (2-mould press)
2026-04-15 00:00:00,A,4842,1325221417096HURL0,2026-04-15 07:00:00,2026-04-15 15:00:00,60,16.0,0,Continuity (2-mould press)
2026-04-15 00:00:00,B,4842,1325221417096HURL0,2026-04-15 15:00:00,2026-04-15 23:00:00,60,16.0,0,Continuity (2-mould press)
2026-04-15 00:00:00,C,4842,1325221417096HURL0,2026-04-15 23:00:00,2026-04-16 07:00:00,60,16.0,0,Continuity (2-mould press)
2026-04-16 00:00:00,A,4842,1325221417096HURL0,2026-04-16 07:00:00,2026-04-16 15:00:00,60,16.0,0,Continuity (2-mould press)
2026-04-16 00:00:00,B,4842,1325221417096HURL0,2026-04-16 15:00:00,2026-04-16 23:00:00,60,16.0,0,Continuity (2-mould press)
2026-04-16 00:00:00,C,4842,1325221417096HURL0,2026-04-16 23:00:00,2026-04-17 07:00:00,60,16.0,0,Continuity (2-mould press)
2026-04-17 00:00:00,A,4842,1325221417096HURL0,2026-04-17 07:00:00,2026-04-17 15:00:00,60,16.0,0,Continuity (2-mould press)
2026-04-17 00:00:00,B,4842,1325221417096HURL0,2026-04-17 15:00:00,2026-04-17 23:00:00,60,16.0,0,Continuity (2-mould press)
2026-04-17 00:00:00,C,4842,1325221417096HURL0,2026-04-17 23:00:00,2026-04-18 07:00:00,60,16.0,0,Continuity (2-mould press)
2026-04-18 00:00:00,A,4842,1325221417096HURL0,2026-04-18 07:00:00,2026-04-18 15:00:00,60,16.0,0,Continuity (2-mould press)
2026-04-18 00:00:00,B,4842,1325221417096HURL0,2026-04-18 15:00:00,2026-04-18 23:00:00,60,16.0,0,Continuity (2-mould press)
2026-04-18 00:00:00,C,4842,1325221417096HURL0,2026-04-18 23:00:00,2026-04-19 07:00:00,60,16.0,0,Continuity (2-mould press)
2026-04-19 00:00:00,A,4842,1325221417096HURL0,2026-04-19 07:00:00,2026-04-19 15:00:00,60,16.0,0,Continuity (2-mould press)
2026-04-19 00:00:00,B,4842,1325221417096HURL0,2026-04-19 15:00:00,2026-04-19 23:00:00,60,16.0,0,Continuity (2-mould press)
2026-04-19 00:00:00,C,4842,1325221417096HURL0,2026-04-19 23:00:00,2026-04-20 07:00:00,60,16.0,0,Continuity (2-mould press)
2026-04-20 00:00:00,A,4842,1325221417096HURL0,2026-04-20 07:00:00,2026-04-20 15:00:00,60,16.0,0,Continuity (2-mould press)
2026-04-20 00:00:00,B,4842,1325221417096HURL0,2026-04-20 15:00:00,2026-04-20 23:00:00,60,16.0,0,Continuity (2-mould press)
2026-04-20 00:00:00,C,4842,1325221417096HURL0,2026-04-20 23:00:00,2026-04-21 07:00:00,60,16.0,0,Continuity (2-mould press)
2026-04-21 00:00:00,A,4842,1325221417096HURL0,2026-04-21 07:00:00,2026-04-21 15:00:00,60,16.0,0,Continuity (2-mould press)
2026-04-21 00:00:00,B,4842,1325221417096HURL0,2026-04-21 15:00:00,2026-04-21 23:00:00,60,16.0,0,Continuity (2-mould press)
2026-04-21 00:00:00,C,4842,1325221417096HURL0,2026-04-21 23:00:00,2026-04-22 07:00:00,60,16.0,0,Continuity (2-mould press)
2026-04-22 00:00:00,A,4842,1325221417096HURL0,2026-04-22 07:00:00,2026-04-22 15:00:00,60,16.0,0,Continuity (2-mould press)
2026-04-22 00:00:00,B,4842,1325221417096HURL0,2026-04-22 15:00:00,2026-04-22 23:00:00,60,16.0,0,Continuity (2-mould press)
2026-04-22 00:00:00,C,4842,1325221417096HURL0,2026-04-22 23:00:00,2026-04-23 07:00:00,60,16.0,0,Continuity (2-mould press)
2026-04-23 00:00:00,A,4842,1325221417096HURL0,2026-04-23 07:00:00,2026-04-23 15:00:00,60,16.0,0,Continuity (2-mould press)
2026-04-23 00:00:00,B,4842,1325221417096HURL0,2026-04-23 15:00:00,2026-04-23 23:00:00,60,16.0,0,Continuity (2-mould press)
2026-04-23 00:00:00,C,4842,1325221417096HURL0,2026-04-23 23:00:00,2026-04-24 07:00:00,60,16.0,0,Continuity (2-mould press)
2026-04-24 00:00:00,A,4842,1325221417096HURL0,2026-04-24 07:00:00,2026-04-24 15:00:00,60,16.0,0,Continuity (2-mould press)
2026-04-24 00:00:00,B,4842,1325221417096HURL0,2026-04-24 15:00:00,2026-04-24 23:00:00,60,16.0,0,Continuity (2-mould press)
2026-04-24 00:00:00,C,4842,1325221417096HURL0,2026-04-24 23:00:00,2026-04-25 07:00:00,60,16.0,0,Continuity (2-mould press)
2026-04-25 00:00:00,A,4842,1325221417096HURL0,2026-04-25 07:00:00,2026-04-25 15:00:00,60,16.0,0,Continuity (2-mould press)
2026-04-25 00:00:00,B,4842,1325221417096HURL0,2026-04-25 15:00:00,2026-04-25 23:00:00,60,16.0,0,Continuity (2-mould press)
2026-04-25 00:00:00,C,4842,1325221417096HURL0,2026-04-25 23:00:00,2026-04-26 07:00:00,60,16.0,0,Continuity (2-mould press)
2026-04-26 00:00:00,A,4842,1325221417096HURL0,2026-04-26 07:00:00,2026-04-26 15:00:00,60,16.0,0,Continuity (2-mould press)
2026-04-26 00:00:00,B,4842,1325221417096HURL0,2026-04-26 15:00:00,2026-04-26 23:00:00,60,16.0,0,Continuity (2-mould press)
2026-04-26 00:00:00,C,4842,1325221417096HURL0,2026-04-26 23:00:00,2026-04-27 07:00:00,60,16.0,0,Continuity (2-mould press)
2026-04-27 00:00:00,A,4842,1325221417096HURL0,2026-04-27 07:00:00,2026-04-27 15:00:00,60,16.0,0,Continuity (2-mould press)
2026-04-27 00:00:00,B,4842,1325221417096HURL0,2026-04-27 15:00:00,2026-04-27 23:00:00,60,16.0,0,Continuity (2-mould press)
2026-04-27 00:00:00,C,4842,1325221417096HURL0,2026-04-27 23:00:00,2026-04-28 07:00:00,60,16.0,0,Continuity (2-mould press)
2026-04-28 00:00:00,A,4842,1325221417096HURL0,2026-04-28 07:00:00,2026-04-28 15:00:00,60,16.0,0,Continuity (2-mould press)
2026-04-28 00:00:00,B,4842,1325221417096HURL0,2026-04-28 15:00:00,2026-04-28 23:00:00,60,16.0,0,Continuity (2-mould press)
2026-04-28 00:00:00,C,4842,1325221417096HURL0,2026-04-28 23:00:00,2026-04-29 07:00:00,60,16.0,0,Continuity (2-mould press)
2026-04-29 00:00:00,A,4842,1325221417096HURL0,2026-04-29 07:00:00,2026-04-29 15:00:00,60,16.0,0,Continuity (2-mould press)
2026-04-29 00:00:00,B,4842,1325221417096HURL0,2026-04-29 15:00:00,2026-04-29 20:20:00,40,16.0,0,Continuity (2-mould press)
2026-04-08 00:00:00,A,4843,1325225518111HRHB0,2026-04-08 07:00:00,2026-04-08 15:00:00,53,18.0,0,Continuity (2-mould press)
2026-04-08 00:00:00,B,4843,1325225518111HRHB0,2026-04-08 15:00:00,2026-04-08 23:00:00,53,18.0,0,Continuity (2-mould press)
2026-04-08 00:00:00,C,4843,1325225518111HRHB0,2026-04-08 23:00:00,2026-04-09 07:00:00,53,18.0,0,Continuity (2-mould press)
2026-04-09 00:00:00,A,4843,1325225518111HRHB0,2026-04-09 07:00:00,2026-04-09 15:00:00,53,18.0,0,Continuity (2-mould press)
2026-04-09 00:00:00,B,4843,1325225518111HRHB0,2026-04-09 15:00:00,2026-04-09 23:00:00,53,18.0,0,Continuity (2-mould press)
2026-04-09 00:00:00,C,4843,1325225518111HRHB0,2026-04-09 23:00:00,2026-04-10 07:00:00,53,18.0,0,Continuity (2-mould press)
2026-04-10 00:00:00,A,4843,1325225518111HRHB0,2026-04-10 07:00:00,2026-04-10 15:00:00,53,18.0,0,Continuity (2-mould press)
2026-04-10 00:00:00,B,4843,1325225518111HRHB0,2026-04-10 15:00:00,2026-04-10 23:00:00,53,18.0,0,Continuity (2-mould press)
2026-04-10 00:00:00,C,4843,1325225518111HRHB0,2026-04-10 23:00:00,2026-04-11 07:00:00,53,18.0,0,Continuity (2-mould press)
2026-04-11 00:00:00,A,4843,1325225518111HRHB0,2026-04-11 07:00:00,2026-04-11 15:00:00,53,18.0,0,Continuity (2-mould press)
2026-04-11 00:00:00,B,4843,1325225518111HRHB0,2026-04-11 15:00:00,2026-04-11 23:00:00,53,18.0,0,Continuity (2-mould press)
2026-04-11 00:00:00,C,4843,1325225518111HRHB0,2026-04-11 23:00:00,2026-04-12 07:00:00,53,18.0,0,Continuity (2-mould press)
2026-04-12 00:00:00,A,4843,1325225518111HRHB0,2026-04-12 07:00:00,2026-04-12 15:00:00,53,18.0,0,Continuity (2-mould press)
2026-04-12 00:00:00,B,4843,1325225518111HRHB0,2026-04-12 15:00:00,2026-04-12 23:00:00,53,18.0,0,Continuity (2-mould press)
2026-04-12 00:00:00,C,4843,1325225518111HRHB0,2026-04-12 23:00:00,2026-04-13 07:00:00,53,18.0,0,Continuity (2-mould press)
2026-04-13 00:00:00,A,4843,1325225518111HRHB0,2026-04-13 07:00:00,2026-04-13 15:00:00,53,18.0,0,Continuity (2-mould press)
2026-04-13 00:00:00,B,4843,1325225518111HRHB0,2026-04-13 15:00:00,2026-04-13 23:00:00,53,18.0,0,Continuity (2-mould press)
2026-04-13 00:00:00,C,4843,1325225518111HRHB0,2026-04-13 23:00:00,2026-04-14 07:00:00,53,18.0,0,Continuity (2-mould press)
2026-04-14 00:00:00,A,4843,1325225518111HRHB0,2026-04-14 07:00:00,2026-04-14 15:00:00,53,18.0,0,Continuity (2-mould press)
2026-04-14 00:00:00,B,4843,1325225518111HRHB0,2026-04-14 15:00:00,2026-04-14 23:00:00,53,18.0,0,Continuity (2-mould press)
2026-04-14 00:00:00,C,4843,1325225518111HRHB0,2026-04-14 23:00:00,2026-04-15 07:00:00,53,18.0,0,Continuity (2-mould press)
2026-04-15 00:00:00,A,4843,1325225518111HRHB0,2026-04-15 07:00:00,2026-04-15 15:00:00,53,18.0,0,Continuity (2-mould press)
2026-04-15 00:00:00,B,4843,1325225518111HRHB0,2026-04-15 15:00:00,2026-04-15 23:00:00,53,18.0,0,Continuity (2-mould press)
2026-04-15 00:00:00,C,4843,1325225518111HRHB0,2026-04-15 23:00:00,2026-04-16 07:00:00,53,18.0,0,Continuity (2-mould press)
2026-04-16 00:00:00,A,4843,1325225518111HRHB0,2026-04-16 07:00:00,2026-04-16 15:00:00,53,18.0,0,Continuity (2-mould press)
2026-04-16 00:00:00,B,4843,1325225518111HRHB0,2026-04-16 15:00:00,2026-04-16 23:00:00,53,18.0,0,Continuity (2-mould press)
2026-04-16 00:00:00,C,4843,1325225518111HRHB0,2026-04-16 23:00:00,2026-04-17 07:00:00,53,18.0,0,Continuity (2-mould press)
2026-04-17 00:00:00,A,4843,1325225518111HRHB0,2026-04-17 07:00:00,2026-04-17 15:00:00,53,18.0,0,Continuity (2-mould press)
2026-04-17 00:00:00,B,4843,1325225518111HRHB0,2026-04-17 15:00:00,2026-04-17 23:00:00,53,18.0,0,Continuity (2-mould press)
2026-04-17 00:00:00,C,4843,1325225518111HRHB0,2026-04-17 23:00:00,2026-04-18 07:00:00,53,18.0,0,Continuity (2-mould press)
2026-04-18 00:00:00,A,4843,1325225518111HRHB0,2026-04-18 07:00:00,2026-04-18 15:00:00,53,18.0,0,Continuity (2-mould press)
2026-04-18 00:00:00,B,4843,1325225518111HRHB0,2026-04-18 15:00:00,2026-04-18 23:00:00,53,18.0,0,Continuity (2-mould press)
2026-04-18 00:00:00,C,4843,1325225518111HRHB0,2026-04-18 23:00:00,2026-04-19 07:00:00,53,18.0,0,Continuity (2-mould press)
2026-04-19 00:00:00,A,4843,1325225518111HRHB0,2026-04-19 07:00:00,2026-04-19 15:00:00,53,18.0,0,Continuity (2-mould press)
2026-04-19 00:00:00,B,4843,1325225518111HRHB0,2026-04-19 15:00:00,2026-04-19 23:00:00,53,18.0,0,Continuity (2-mould press)
2026-04-19 00:00:00,C,4843,1325225518111HRHB0,2026-04-19 23:00:00,2026-04-20 07:00:00,53,18.0,0,Continuity (2-mould press)
2026-04-20 00:00:00,A,4843,1325225518111HRHB0,2026-04-20 07:00:00,2026-04-20 15:00:00,53,18.0,0,Continuity (2-mould press)
2026-04-20 00:00:00,B,4843,1325225518111HRHB0,2026-04-20 15:00:00,2026-04-20 23:00:00,53,18.0,0,Continuity (2-mould press)
2026-04-20 00:00:00,C,4843,1325225518111HRHB0,2026-04-20 23:00:00,2026-04-21 07:00:00,53,18.0,0,Continuity (2-mould press)
2026-04-21 00:00:00,A,4843,1325225518111HRHB0,2026-04-21 07:00:00,2026-04-21 15:00:00,53,18.0,0,Continuity (2-mould press)
2026-04-21 00:00:00,B,4843,1325225518111HRHB0,2026-04-21 15:00:00,2026-04-21 23:00:00,53,18.0,0,Continuity (2-mould press)
2026-04-21 00:00:00,C,4843,1325225518111HRHB0,2026-04-21 23:00:00,2026-04-22 07:00:00,53,18.0,0,Continuity (2-mould press)
2026-04-22 00:00:00,A,4843,1325225518111HRHB0,2026-04-22 07:00:00,2026-04-22 15:00:00,53,18.0,0,Continuity (2-mould press)
2026-04-22 00:00:00,B,4843,1325225518111HRHB0,2026-04-22 15:00:00,2026-04-22 23:00:00,53,18.0,0,Continuity (2-mould press)
2026-04-22 00:00:00,C,4843,1325225518111HRHB0,2026-04-22 23:00:00,2026-04-23 07:00:00,53,18.0,0,Continuity (2-mould press)
2026-04-23 00:00:00,A,4843,1325225518111HRHB0,2026-04-23 07:00:00,2026-04-23 15:00:00,53,18.0,0,Continuity (2-mould press)
2026-04-23 00:00:00,B,4843,1325225518111HRHB0,2026-04-23 15:00:00,2026-04-23 23:00:00,53,18.0,0,Continuity (2-mould press)
2026-04-23 00:00:00,C,4843,1325225518111HRHB0,2026-04-23 23:00:00,2026-04-24 07:00:00,53,18.0,0,Continuity (2-mould press)
2026-04-24 00:00:00,A,4843,1325225518111HRHB0,2026-04-24 07:00:00,2026-04-24 15:00:00,53,18.0,0,Continuity (2-mould press)
2026-04-24 00:00:00,B,4843,1325225518111HRHB0,2026-04-24 15:00:00,2026-04-24 23:00:00,53,18.0,0,Continuity (2-mould press)
2026-04-24 00:00:00,C,4843,1325225518111HRHB0,2026-04-24 23:00:00,2026-04-25 07:00:00,53,18.0,0,Continuity (2-mould press)
2026-04-25 00:00:00,A,4843,1325225518111HRHB0,2026-04-25 07:00:00,2026-04-25 15:00:00,53,18.0,0,Continuity (2-mould press)
2026-04-25 00:00:00,B,4843,1325225518111HRHB0,2026-04-25 15:00:00,2026-04-25 23:00:00,53,18.0,0,Continuity (2-mould press)
2026-04-25 00:00:00,C,4843,1325225518111HRHB0,2026-04-25 23:00:00,2026-04-26 07:00:00,53,18.0,0,Continuity (2-mould press)
2026-04-26 00:00:00,A,4843,1325225518111HRHB0,2026-04-26 07:00:00,2026-04-26 15:00:00,53,18.0,0,Continuity (2-mould press)
2026-04-26 00:00:00,B,4843,1325225518111HRHB0,2026-04-26 15:00:00,2026-04-26 23:00:00,53,18.0,0,Continuity (2-mould press)
2026-04-26 00:00:00,C,4843,1325225518111HRHB0,2026-04-26 23:00:00,2026-04-27 07:00:00,53,18.0,0,Continuity (2-mould press)
2026-04-27 00:00:00,A,4843,1325225518111HRHB0,2026-04-27 07:00:00,2026-04-27 15:00:00,53,18.0,0,Continuity (2-mould press)
2026-04-27 00:00:00,B,4843,1325225518111HRHB0,2026-04-27 15:00:00,2026-04-27 23:00:00,53,18.0,0,Continuity (2-mould press)
2026-04-27 00:00:00,C,4843,1325225518111HRHB0,2026-04-27 23:00:00,2026-04-28 07:00:00,53,18.0,0,Continuity (2-mould press)
2026-04-28 00:00:00,A,4843,1325225518111HRHB0,2026-04-28 07:00:00,2026-04-28 15:00:00,53,18.0,0,Continuity (2-mould press)
2026-04-28 00:00:00,B,4843,1325225518111HRHB0,2026-04-28 15:00:00,2026-04-28 23:00:00,53,18.0,0,Continuity (2-mould press)
2026-04-28 00:00:00,C,4843,1325225518111HRHB0,2026-04-28 23:00:00,2026-04-29 07:00:00,53,18.0,0,Continuity (2-mould press)
2026-04-29 00:00:00,A,4843,1325225518111HRHB0,2026-04-29 07:00:00,2026-04-29 15:00:00,53,18.0,0,Continuity (2-mould press)
2026-04-29 00:00:00,B,4843,1325225518111HRHB0,2026-04-29 15:00:00,2026-04-29 23:00:00,53,18.0,0,Continuity (2-mould press)
2026-04-29 00:00:00,C,4843,1325225518111HRHB0,2026-04-29 23:00:00,2026-04-30 07:00:00,53,18.0,0,Continuity (2-mould press)
2026-04-30 00:00:00,A,4843,1325225518111HRHB0,2026-04-30 07:00:00,2026-04-30 15:00:00,53,18.0,0,Continuity (2-mould press)
2026-04-30 00:00:00,B,4843,1325225518111HRHB0,2026-04-30 15:00:00,2026-04-30 23:00:00,53,18.0,0,Continuity (2-mould press)
2026-04-30 00:00:00,C,4843,1325225518111HRHB0,2026-04-30 23:00:00,2026-05-01 07:00:00,53,18.0,0,Continuity (2-mould press)
2026-05-01 00:00:00,A,4843,1325225518111HRHB0,2026-05-01 07:00:00,2026-05-01 15:00:00,53,18.0,0,Continuity (2-mould press)
2026-05-01 00:00:00,B,4843,1325225518111HRHB0,2026-05-01 15:00:00,2026-05-01 23:00:00,53,18.0,0,Continuity (2-mould press)
2026-05-01 00:00:00,C,4843,1325225518111HRHB0,2026-05-01 23:00:00,2026-05-02 07:00:00,53,18.0,0,Continuity (2-mould press)
2026-05-02 00:00:00,A,4843,1325225518111HRHB0,2026-05-02 07:00:00,2026-05-02 15:00:00,53,18.0,0,Continuity (2-mould press)
2026-05-02 00:00:00,B,4843,1325225518111HRHB0,2026-05-02 15:00:00,2026-05-02 23:00:00,53,18.0,0,Continuity (2-mould press)
2026-05-02 00:00:00,C,4843,1325225518111HRHB0,2026-05-02 23:00:00,2026-05-03 07:00:00,53,18.0,0,Continuity (2-mould press)
2026-05-03 00:00:00,A,4843,1325225518111HRHB0,2026-05-03 07:00:00,2026-05-03 15:00:00,53,18.0,0,Continuity (2-mould press)
2026-05-03 00:00:00,B,4843,1325225518111HRHB0,2026-05-03 15:00:00,2026-05-03 23:00:00,53,18.0,0,Continuity (2-mould press)
2026-05-03 00:00:00,C,4843,1325225518111HRHB0,2026-05-03 23:00:00,2026-05-04 07:00:00,53,18.0,0,Continuity (2-mould press)
2026-05-04 00:00:00,A,4843,1325225518111HRHB0,2026-05-04 07:00:00,2026-05-04 15:00:00,53,18.0,0,Continuity (2-mould press)
2026-05-04 00:00:00,B,4843,1325225518111HRHB0,2026-05-04 15:00:00,2026-05-04 23:00:00,53,18.0,0,Continuity (2-mould press)
2026-05-04 00:00:00,C,4843,1325225518111HRHB0,2026-05-04 23:00:00,2026-05-05 07:00:00,53,18.0,0,Continuity (2-mould press)
2026-05-05 00:00:00,A,4843,1325225518111HRHB0,2026-05-05 07:00:00,2026-05-05 15:00:00,53,18.0,0,Continuity (2-mould press)
2026-05-05 00:00:00,B,4843,1325225518111HRHB0,2026-05-05 15:00:00,2026-05-05 23:00:00,53,18.0,0,Continuity (2-mould press)
2026-05-05 00:00:00,C,4843,1325225518111HRHB0,2026-05-05 23:00:00,2026-05-06 07:00:00,53,18.0,0,Continuity (2-mould press)
2026-05-06 00:00:00,A,4843,1325225518111HRHB0,2026-05-06 07:00:00,2026-05-06 15:00:00,53,18.0,0,Continuity (2-mould press)
2026-05-06 00:00:00,B,4843,1325225518111HRHB0,2026-05-06 15:00:00,2026-05-06 23:00:00,53,18.0,0,Continuity (2-mould press)
2026-05-06 00:00:00,C,4843,1325225518111HRHB0,2026-05-06 23:00:00,2026-05-07 07:00:00,53,18.0,0,Continuity (2-mould press)
2026-05-07 00:00:00,A,4843,1325225518111HRHB0,2026-05-07 07:00:00,2026-05-07 15:00:00,53,18.0,0,Continuity (2-mould press)
2026-05-07 00:00:00,B,4843,1325225518111HRHB0,2026-05-07 15:00:00,2026-05-07 23:00:00,53,18.0,0,Continuity (2-mould press)
2026-05-07 00:00:00,C,4843,1325225518111HRHB0,2026-05-07 23:00:00,2026-05-08 07:00:00,53,18.0,0,Continuity (2-mould press)
2026-04-08 00:00:00,A,4844,1D25215013008SXC10,2026-04-08 07:00:00,2026-04-08 15:00:00,51,19.0,0,Continuity (2-mould press)
2026-04-08 00:00:00,B,4844,1D25215013008SXC10,2026-04-08 15:00:00,2026-04-08 23:00:00,51,19.0,0,Continuity (2-mould press)
2026-04-08 00:00:00,C,4844,1D25215013008SXC10,2026-04-08 23:00:00,2026-04-09 07:00:00,51,19.0,0,Continuity (2-mould press)
2026-04-09 00:00:00,A,4844,1D25215013008SXC10,2026-04-09 07:00:00,2026-04-09 15:00:00,51,19.0,0,Continuity (2-mould press)
2026-04-09 00:00:00,B,4844,1D25215013008SXC10,2026-04-09 15:00:00,2026-04-09 23:00:00,51,19.0,0,Continuity (2-mould press)
2026-04-09 00:00:00,C,4844,1D25215013008SXC10,2026-04-09 23:00:00,2026-04-10 07:00:00,51,19.0,0,Continuity (2-mould press)
2026-04-10 00:00:00,A,4844,1D25215013008SXC10,2026-04-10 07:00:00,2026-04-10 15:00:00,51,19.0,0,Continuity (2-mould press)
2026-04-10 00:00:00,B,4844,1D25215013008SXC10,2026-04-10 15:00:00,2026-04-10 23:00:00,51,19.0,0,Continuity (2-mould press)
2026-04-10 00:00:00,C,4844,1D25215013008SXC10,2026-04-10 23:00:00,2026-04-11 07:00:00,51,19.0,0,Continuity (2-mould press)
2026-04-11 00:00:00,A,4844,1D25215013008SXC10,2026-04-11 07:00:00,2026-04-11 15:00:00,51,19.0,0,Continuity (2-mould press)
2026-04-11 00:00:00,B,4844,1D25215013008SXC10,2026-04-11 15:00:00,2026-04-11 23:00:00,51,19.0,0,Continuity (2-mould press)
2026-04-11 00:00:00,C,4844,1D25215013008SXC10,2026-04-11 23:00:00,2026-04-12 07:00:00,51,19.0,0,Continuity (2-mould press)
2026-04-12 00:00:00,A,4844,1D25215013008SXC10,2026-04-12 07:00:00,2026-04-12 15:00:00,51,19.0,0,Continuity (2-mould press)
2026-04-12 00:00:00,B,4844,1D25215013008SXC10,2026-04-12 15:00:00,2026-04-12 23:00:00,51,19.0,0,Continuity (2-mould press)
2026-04-12 00:00:00,C,4844,1D25215013008SXC10,2026-04-12 23:00:00,2026-04-13 07:00:00,51,19.0,0,Continuity (2-mould press)
2026-04-13 00:00:00,A,4844,1D25215013008SXC10,2026-04-13 07:00:00,2026-04-13 15:00:00,51,19.0,0,Continuity (2-mould press)
2026-04-13 00:00:00,B,4844,1D25215013008SXC10,2026-04-13 15:00:00,2026-04-13 23:00:00,51,19.0,0,Continuity (2-mould press)
2026-04-13 00:00:00,C,4844,1D25215013008SXC10,2026-04-13 23:00:00,2026-04-14 07:00:00,51,19.0,0,Continuity (2-mould press)
2026-04-14 00:00:00,A,4844,1D25215013008SXC10,2026-04-14 07:00:00,2026-04-14 15:00:00,51,19.0,0,Continuity (2-mould press)
2026-04-14 00:00:00,B,4844,1D25215013008SXC10,2026-04-14 15:00:00,2026-04-14 23:00:00,51,19.0,0,Continuity (2-mould press)
2026-04-14 00:00:00,C,4844,1D25215013008SXC10,2026-04-14 23:00:00,2026-04-15 07:00:00,51,19.0,0,Continuity (2-mould press)
2026-04-15 00:00:00,A,4844,1D25215013008SXC10,2026-04-15 07:00:00,2026-04-15 15:00:00,51,19.0,0,Continuity (2-mould press)
2026-04-15 00:00:00,B,4844,1D25215013008SXC10,2026-04-15 15:00:00,2026-04-15 23:00:00,51,19.0,0,Continuity (2-mould press)
2026-04-15 00:00:00,C,4844,1D25215013008SXC10,2026-04-15 23:00:00,2026-04-16 07:00:00,51,19.0,0,Continuity (2-mould press)
2026-04-16 00:00:00,A,4844,1D25215013008SXC10,2026-04-16 07:00:00,2026-04-16 15:00:00,51,19.0,0,Continuity (2-mould press)
2026-04-16 00:00:00,B,4844,1D25215013008SXC10,2026-04-16 15:00:00,2026-04-16 23:00:00,51,19.0,0,Continuity (2-mould press)
2026-04-16 00:00:00,C,4844,1D25215013008SXC10,2026-04-16 23:00:00,2026-04-17 07:00:00,51,19.0,0,Continuity (2-mould press)
2026-04-17 00:00:00,A,4844,1D25215013008SXC10,2026-04-17 07:00:00,2026-04-17 15:00:00,51,19.0,0,Continuity (2-mould press)
2026-04-17 00:00:00,B,4844,1D25215013008SXC10,2026-04-17 15:00:00,2026-04-17 23:00:00,51,19.0,0,Continuity (2-mould press)
2026-04-17 00:00:00,C,4844,1D25215013008SXC10,2026-04-17 23:00:00,2026-04-18 07:00:00,51,19.0,0,Continuity (2-mould press)
2026-04-18 00:00:00,A,4844,1D25215013008SXC10,2026-04-18 07:00:00,2026-04-18 15:00:00,51,19.0,0,Continuity (2-mould press)
2026-04-18 00:00:00,B,4844,1D25215013008SXC10,2026-04-18 15:00:00,2026-04-18 23:00:00,51,19.0,0,Continuity (2-mould press)
2026-04-18 00:00:00,C,4844,1D25215013008SXC10,2026-04-18 23:00:00,2026-04-19 07:00:00,51,19.0,0,Continuity (2-mould press)
2026-04-19 00:00:00,A,4844,1D25215013008SXC10,2026-04-19 07:00:00,2026-04-19 15:00:00,51,19.0,0,Continuity (2-mould press)
2026-04-19 00:00:00,B,4844,1D25215013008SXC10,2026-04-19 15:00:00,2026-04-19 23:00:00,51,19.0,0,Continuity (2-mould press)
2026-04-19 00:00:00,C,4844,1D25215013008SXC10,2026-04-19 23:00:00,2026-04-20 07:00:00,51,19.0,0,Continuity (2-mould press)
2026-04-20 00:00:00,A,4844,1D25215013008SXC10,2026-04-20 07:00:00,2026-04-20 15:00:00,51,19.0,0,Continuity (2-mould press)
2026-04-20 00:00:00,B,4844,1D25215013008SXC10,2026-04-20 15:00:00,2026-04-20 23:00:00,51,19.0,0,Continuity (2-mould press)
2026-04-20 00:00:00,C,4844,1D25215013008SXC10,2026-04-20 23:00:00,2026-04-21 07:00:00,51,19.0,0,Continuity (2-mould press)
2026-04-21 00:00:00,A,4844,1D25215013008SXC10,2026-04-21 07:00:00,2026-04-21 15:00:00,51,19.0,0,Continuity (2-mould press)
2026-04-21 00:00:00,B,4844,1D25215013008SXC10,2026-04-21 15:00:00,2026-04-21 23:00:00,51,19.0,0,Continuity (2-mould press)
2026-04-21 00:00:00,C,4844,1D25215013008SXC10,2026-04-21 23:00:00,2026-04-22 07:00:00,51,19.0,0,Continuity (2-mould press)
2026-04-22 00:00:00,A,4844,1D25215013008SXC10,2026-04-22 07:00:00,2026-04-22 15:00:00,51,19.0,0,Continuity (2-mould press)
2026-04-22 00:00:00,B,4844,1D25215013008SXC10,2026-04-22 15:00:00,2026-04-22 23:00:00,51,19.0,0,Continuity (2-mould press)
2026-04-22 00:00:00,C,4844,1D25215013008SXC10,2026-04-22 23:00:00,2026-04-23 07:00:00,51,19.0,0,Continuity (2-mould press)
2026-04-23 00:00:00,A,4844,1D25215013008SXC10,2026-04-23 07:00:00,2026-04-23 15:00:00,51,19.0,0,Continuity (2-mould press)
2026-04-23 00:00:00,B,4844,1D25215013008SXC10,2026-04-23 15:00:00,2026-04-23 23:00:00,51,19.0,0,Continuity (2-mould press)
2026-04-23 00:00:00,C,4844,1D25215013008SXC10,2026-04-23 23:00:00,2026-04-24 07:00:00,51,19.0,0,Continuity (2-mould press)
2026-04-24 00:00:00,A,4844,1D25215013008SXC10,2026-04-24 07:00:00,2026-04-24 15:00:00,51,19.0,0,Continuity (2-mould press)
2026-04-24 00:00:00,B,4844,1D25215013008SXC10,2026-04-24 15:00:00,2026-04-24 23:00:00,51,19.0,0,Continuity (2-mould press)
2026-04-24 00:00:00,C,4844,1D25215013008SXC10,2026-04-24 23:00:00,2026-04-25 07:00:00,51,19.0,0,Continuity (2-mould press)
2026-04-25 00:00:00,A,4844,1D25215013008SXC10,2026-04-25 07:00:00,2026-04-25 15:00:00,51,19.0,0,Continuity (2-mould press)
2026-04-25 00:00:00,B,4844,1D25215013008SXC10,2026-04-25 15:00:00,2026-04-25 23:00:00,51,19.0,0,Continuity (2-mould press)
2026-04-25 00:00:00,C,4844,1D25215013008SXC10,2026-04-25 23:00:00,2026-04-26 07:00:00,51,19.0,0,Continuity (2-mould press)
2026-04-26 00:00:00,A,4844,1D25215013008SXC10,2026-04-26 07:00:00,2026-04-26 15:00:00,51,19.0,0,Continuity (2-mould press)
2026-04-26 00:00:00,B,4844,1D25215013008SXC10,2026-04-26 15:00:00,2026-04-26 23:00:00,51,19.0,0,Continuity (2-mould press)
2026-04-26 00:00:00,C,4844,1D25215013008SXC10,2026-04-26 23:00:00,2026-04-27 07:00:00,51,19.0,0,Continuity (2-mould press)
2026-04-27 00:00:00,A,4844,1D25215013008SXC10,2026-04-27 07:00:00,2026-04-27 15:00:00,51,19.0,0,Continuity (2-mould press)
2026-04-27 00:00:00,B,4844,1D25215013008SXC10,2026-04-27 15:00:00,2026-04-27 23:00:00,51,19.0,0,Continuity (2-mould press)
2026-04-27 00:00:00,C,4844,1D25215013008SXC10,2026-04-27 23:00:00,2026-04-28 07:00:00,51,19.0,0,Continuity (2-mould press)
2026-04-28 00:00:00,A,4844,1D25215013008SXC10,2026-04-28 07:00:00,2026-04-28 15:00:00,51,19.0,0,Continuity (2-mould press)
2026-04-28 00:00:00,B,4844,1D25215013008SXC10,2026-04-28 15:00:00,2026-04-28 23:00:00,51,19.0,0,Continuity (2-mould press)
2026-04-28 00:00:00,C,4844,1D25215013008SXC10,2026-04-28 23:00:00,2026-04-29 07:00:00,51,19.0,0,Continuity (2-mould press)
2026-04-29 00:00:00,A,4844,1D25215013008SXC10,2026-04-29 07:00:00,2026-04-29 15:00:00,51,19.0,0,Continuity (2-mould press)
2026-04-29 00:00:00,B,4844,1D25215013008SXC10,2026-04-29 15:00:00,2026-04-29 23:00:00,51,19.0,0,Continuity (2-mould press)
2026-04-29 00:00:00,C,4844,1D25215013008SXC10,2026-04-29 23:00:00,2026-04-30 07:00:00,51,19.0,0,Continuity (2-mould press)
2026-04-30 00:00:00,A,4844,1D25215013008SXC10,2026-04-30 07:00:00,2026-04-30 07:31:00,3,19.0,0,Continuity (2-mould press)
2026-04-08 00:00:00,A,4845,1D25215013008SXC10,2026-04-08 07:00:00,2026-04-08 15:00:00,51,19.0,0,Continuity (2-mould press)
2026-04-08 00:00:00,B,4845,1D25215013008SXC10,2026-04-08 15:00:00,2026-04-08 23:00:00,51,19.0,0,Continuity (2-mould press)
2026-04-08 00:00:00,C,4845,1D25215013008SXC10,2026-04-08 23:00:00,2026-04-09 07:00:00,51,19.0,0,Continuity (2-mould press)
2026-04-09 00:00:00,A,4845,1D25215013008SXC10,2026-04-09 07:00:00,2026-04-09 15:00:00,51,19.0,0,Continuity (2-mould press)
2026-04-09 00:00:00,B,4845,1D25215013008SXC10,2026-04-09 15:00:00,2026-04-09 23:00:00,51,19.0,0,Continuity (2-mould press)
2026-04-09 00:00:00,C,4845,1D25215013008SXC10,2026-04-09 23:00:00,2026-04-10 07:00:00,51,19.0,0,Continuity (2-mould press)
2026-04-10 00:00:00,A,4845,1D25215013008SXC10,2026-04-10 07:00:00,2026-04-10 15:00:00,51,19.0,0,Continuity (2-mould press)
2026-04-10 00:00:00,B,4845,1D25215013008SXC10,2026-04-10 15:00:00,2026-04-10 23:00:00,51,19.0,0,Continuity (2-mould press)
2026-04-10 00:00:00,C,4845,1D25215013008SXC10,2026-04-10 23:00:00,2026-04-11 07:00:00,51,19.0,0,Continuity (2-mould press)
2026-04-11 00:00:00,A,4845,1D25215013008SXC10,2026-04-11 07:00:00,2026-04-11 15:00:00,51,19.0,0,Continuity (2-mould press)
2026-04-11 00:00:00,B,4845,1D25215013008SXC10,2026-04-11 15:00:00,2026-04-11 23:00:00,51,19.0,0,Continuity (2-mould press)
2026-04-11 00:00:00,C,4845,1D25215013008SXC10,2026-04-11 23:00:00,2026-04-12 07:00:00,51,19.0,0,Continuity (2-mould press)
2026-04-12 00:00:00,A,4845,1D25215013008SXC10,2026-04-12 07:00:00,2026-04-12 15:00:00,51,19.0,0,Continuity (2-mould press)
2026-04-12 00:00:00,B,4845,1D25215013008SXC10,2026-04-12 15:00:00,2026-04-12 23:00:00,51,19.0,0,Continuity (2-mould press)
2026-04-12 00:00:00,C,4845,1D25215013008SXC10,2026-04-12 23:00:00,2026-04-13 07:00:00,51,19.0,0,Continuity (2-mould press)
2026-04-13 00:00:00,A,4845,1D25215013008SXC10,2026-04-13 07:00:00,2026-04-13 15:00:00,51,19.0,0,Continuity (2-mould press)
2026-04-13 00:00:00,B,4845,1D25215013008SXC10,2026-04-13 15:00:00,2026-04-13 23:00:00,51,19.0,0,Continuity (2-mould press)
2026-04-13 00:00:00,C,4845,1D25215013008SXC10,2026-04-13 23:00:00,2026-04-14 07:00:00,51,19.0,0,Continuity (2-mould press)
2026-04-14 00:00:00,A,4845,1D25215013008SXC10,2026-04-14 07:00:00,2026-04-14 15:00:00,51,19.0,0,Continuity (2-mould press)
2026-04-14 00:00:00,B,4845,1D25215013008SXC10,2026-04-14 15:00:00,2026-04-14 23:00:00,51,19.0,0,Continuity (2-mould press)
2026-04-14 00:00:00,C,4845,1D25215013008SXC10,2026-04-14 23:00:00,2026-04-15 07:00:00,51,19.0,0,Continuity (2-mould press)
2026-04-15 00:00:00,A,4845,1D25215013008SXC10,2026-04-15 07:00:00,2026-04-15 15:00:00,51,19.0,0,Continuity (2-mould press)
2026-04-15 00:00:00,B,4845,1D25215013008SXC10,2026-04-15 15:00:00,2026-04-15 23:00:00,51,19.0,0,Continuity (2-mould press)
2026-04-15 00:00:00,C,4845,1D25215013008SXC10,2026-04-15 23:00:00,2026-04-16 07:00:00,51,19.0,0,Continuity (2-mould press)
2026-04-16 00:00:00,A,4845,1D25215013008SXC10,2026-04-16 07:00:00,2026-04-16 15:00:00,51,19.0,0,Continuity (2-mould press)
2026-04-16 00:00:00,B,4845,1D25215013008SXC10,2026-04-16 15:00:00,2026-04-16 23:00:00,51,19.0,0,Continuity (2-mould press)
2026-04-16 00:00:00,C,4845,1D25215013008SXC10,2026-04-16 23:00:00,2026-04-17 07:00:00,51,19.0,0,Continuity (2-mould press)
2026-04-17 00:00:00,A,4845,1D25215013008SXC10,2026-04-17 07:00:00,2026-04-17 15:00:00,51,19.0,0,Continuity (2-mould press)
2026-04-17 00:00:00,B,4845,1D25215013008SXC10,2026-04-17 15:00:00,2026-04-17 23:00:00,51,19.0,0,Continuity (2-mould press)
2026-04-17 00:00:00,C,4845,1D25215013008SXC10,2026-04-17 23:00:00,2026-04-18 07:00:00,51,19.0,0,Continuity (2-mould press)
2026-04-18 00:00:00,A,4845,1D25215013008SXC10,2026-04-18 07:00:00,2026-04-18 15:00:00,51,19.0,0,Continuity (2-mould press)
2026-04-18 00:00:00,B,4845,1D25215013008SXC10,2026-04-18 15:00:00,2026-04-18 23:00:00,51,19.0,0,Continuity (2-mould press)
2026-04-18 00:00:00,C,4845,1D25215013008SXC10,2026-04-18 23:00:00,2026-04-19 07:00:00,51,19.0,0,Continuity (2-mould press)
2026-04-19 00:00:00,A,4845,1D25215013008SXC10,2026-04-19 07:00:00,2026-04-19 15:00:00,51,19.0,0,Continuity (2-mould press)
2026-04-19 00:00:00,B,4845,1D25215013008SXC10,2026-04-19 15:00:00,2026-04-19 23:00:00,51,19.0,0,Continuity (2-mould press)
2026-04-19 00:00:00,C,4845,1D25215013008SXC10,2026-04-19 23:00:00,2026-04-20 07:00:00,51,19.0,0,Continuity (2-mould press)
2026-04-20 00:00:00,A,4845,1D25215013008SXC10,2026-04-20 07:00:00,2026-04-20 15:00:00,51,19.0,0,Continuity (2-mould press)
2026-04-20 00:00:00,B,4845,1D25215013008SXC10,2026-04-20 15:00:00,2026-04-20 23:00:00,51,19.0,0,Continuity (2-mould press)
2026-04-20 00:00:00,C,4845,1D25215013008SXC10,2026-04-20 23:00:00,2026-04-21 07:00:00,51,19.0,0,Continuity (2-mould press)
2026-04-21 00:00:00,A,4845,1D25215013008SXC10,2026-04-21 07:00:00,2026-04-21 15:00:00,51,19.0,0,Continuity (2-mould press)
2026-04-21 00:00:00,B,4845,1D25215013008SXC10,2026-04-21 15:00:00,2026-04-21 23:00:00,51,19.0,0,Continuity (2-mould press)
2026-04-21 00:00:00,C,4845,1D25215013008SXC10,2026-04-21 23:00:00,2026-04-22 07:00:00,51,19.0,0,Continuity (2-mould press)
2026-04-22 00:00:00,A,4845,1D25215013008SXC10,2026-04-22 07:00:00,2026-04-22 15:00:00,51,19.0,0,Continuity (2-mould press)
2026-04-22 00:00:00,B,4845,1D25215013008SXC10,2026-04-22 15:00:00,2026-04-22 23:00:00,51,19.0,0,Continuity (2-mould press)
2026-04-22 00:00:00,C,4845,1D25215013008SXC10,2026-04-22 23:00:00,2026-04-23 07:00:00,51,19.0,0,Continuity (2-mould press)
2026-04-23 00:00:00,A,4845,1D25215013008SXC10,2026-04-23 07:00:00,2026-04-23 15:00:00,51,19.0,0,Continuity (2-mould press)
2026-04-23 00:00:00,B,4845,1D25215013008SXC10,2026-04-23 15:00:00,2026-04-23 23:00:00,51,19.0,0,Continuity (2-mould press)
2026-04-23 00:00:00,C,4845,1D25215013008SXC10,2026-04-23 23:00:00,2026-04-24 07:00:00,51,19.0,0,Continuity (2-mould press)
2026-04-24 00:00:00,A,4845,1D25215013008SXC10,2026-04-24 07:00:00,2026-04-24 15:00:00,51,19.0,0,Continuity (2-mould press)
2026-04-24 00:00:00,B,4845,1D25215013008SXC10,2026-04-24 15:00:00,2026-04-24 23:00:00,51,19.0,0,Continuity (2-mould press)
2026-04-24 00:00:00,C,4845,1D25215013008SXC10,2026-04-24 23:00:00,2026-04-25 07:00:00,51,19.0,0,Continuity (2-mould press)
2026-04-25 00:00:00,A,4845,1D25215013008SXC10,2026-04-25 07:00:00,2026-04-25 15:00:00,51,19.0,0,Continuity (2-mould press)
2026-04-25 00:00:00,B,4845,1D25215013008SXC10,2026-04-25 15:00:00,2026-04-25 23:00:00,51,19.0,0,Continuity (2-mould press)
2026-04-25 00:00:00,C,4845,1D25215013008SXC10,2026-04-25 23:00:00,2026-04-26 07:00:00,51,19.0,0,Continuity (2-mould press)
2026-04-26 00:00:00,A,4845,1D25215013008SXC10,2026-04-26 07:00:00,2026-04-26 15:00:00,51,19.0,0,Continuity (2-mould press)
2026-04-26 00:00:00,B,4845,1D25215013008SXC10,2026-04-26 15:00:00,2026-04-26 23:00:00,51,19.0,0,Continuity (2-mould press)
2026-04-26 00:00:00,C,4845,1D25215013008SXC10,2026-04-26 23:00:00,2026-04-27 07:00:00,51,19.0,0,Continuity (2-mould press)
2026-04-27 00:00:00,A,4845,1D25215013008SXC10,2026-04-27 07:00:00,2026-04-27 15:00:00,51,19.0,0,Continuity (2-mould press)
2026-04-27 00:00:00,B,4845,1D25215013008SXC10,2026-04-27 15:00:00,2026-04-27 23:00:00,51,19.0,0,Continuity (2-mould press)
2026-04-27 00:00:00,C,4845,1D25215013008SXC10,2026-04-27 23:00:00,2026-04-28 07:00:00,51,19.0,0,Continuity (2-mould press)
2026-04-28 00:00:00,A,4845,1D25215013008SXC10,2026-04-28 07:00:00,2026-04-28 15:00:00,51,19.0,0,Continuity (2-mould press)
2026-04-28 00:00:00,B,4845,1D25215013008SXC10,2026-04-28 15:00:00,2026-04-28 23:00:00,51,19.0,0,Continuity (2-mould press)
2026-04-28 00:00:00,C,4845,1D25215013008SXC10,2026-04-28 23:00:00,2026-04-29 07:00:00,51,19.0,0,Continuity (2-mould press)
2026-04-29 00:00:00,A,4845,1D25215013008SXC10,2026-04-29 07:00:00,2026-04-29 15:00:00,51,19.0,0,Continuity (2-mould press)
2026-04-29 00:00:00,B,4845,1D25215013008SXC10,2026-04-29 15:00:00,2026-04-29 23:00:00,51,19.0,0,Continuity (2-mould press)
2026-04-29 00:00:00,C,4845,1D25215013008SXC10,2026-04-29 23:00:00,2026-04-30 07:00:00,51,19.0,0,Continuity (2-mould press)
2026-04-30 00:00:00,A,4845,1D25215013008SXC10,2026-04-30 07:00:00,2026-04-30 07:31:00,3,19.0,0,Continuity (2-mould press)
2026-04-08 00:00:00,A,4846,1D25218014010RXPCT,2026-04-08 07:00:00,2026-04-08 15:00:00,42,23.0,0,Continuity (2-mould press)
2026-04-08 00:00:00,B,4846,1D25218014010RXPCT,2026-04-08 15:00:00,2026-04-08 23:00:00,42,23.0,0,Continuity (2-mould press)
2026-04-08 00:00:00,C,4846,1D25218014010RXPCT,2026-04-08 23:00:00,2026-04-09 07:00:00,42,23.0,0,Continuity (2-mould press)
2026-04-09 00:00:00,A,4846,1D25218014010RXPCT,2026-04-09 07:00:00,2026-04-09 15:00:00,42,23.0,0,Continuity (2-mould press)
2026-04-09 00:00:00,B,4846,1D25218014010RXPCT,2026-04-09 15:00:00,2026-04-09 23:00:00,42,23.0,0,Continuity (2-mould press)
2026-04-09 00:00:00,C,4846,1D25218014010RXPCT,2026-04-09 23:00:00,2026-04-10 07:00:00,42,23.0,0,Continuity (2-mould press)
2026-04-10 00:00:00,A,4846,1D25218014010RXPCT,2026-04-10 07:00:00,2026-04-10 15:00:00,42,23.0,0,Continuity (2-mould press)
2026-04-10 00:00:00,B,4846,1D25218014010RXPCT,2026-04-10 15:00:00,2026-04-10 23:00:00,42,23.0,0,Continuity (2-mould press)
2026-04-10 00:00:00,C,4846,1D25218014010RXPCT,2026-04-10 23:00:00,2026-04-11 07:00:00,42,23.0,0,Continuity (2-mould press)
2026-04-11 00:00:00,A,4846,1D25218014010RXPCT,2026-04-11 07:00:00,2026-04-11 15:00:00,42,23.0,0,Continuity (2-mould press)
2026-04-11 00:00:00,B,4846,1D25218014010RXPCT,2026-04-11 15:00:00,2026-04-11 23:00:00,42,23.0,0,Continuity (2-mould press)
2026-04-11 00:00:00,C,4846,1D25218014010RXPCT,2026-04-11 23:00:00,2026-04-12 07:00:00,42,23.0,0,Continuity (2-mould press)
2026-04-12 00:00:00,A,4846,1D25218014010RXPCT,2026-04-12 07:00:00,2026-04-12 15:00:00,42,23.0,0,Continuity (2-mould press)
2026-04-12 00:00:00,B,4846,1D25218014010RXPCT,2026-04-12 15:00:00,2026-04-12 23:00:00,42,23.0,0,Continuity (2-mould press)
2026-04-12 00:00:00,C,4846,1D25218014010RXPCT,2026-04-12 23:00:00,2026-04-13 07:00:00,42,23.0,0,Continuity (2-mould press)
2026-04-13 00:00:00,A,4846,1D25218014010RXPCT,2026-04-13 07:00:00,2026-04-13 15:00:00,42,23.0,0,Continuity (2-mould press)
2026-04-13 00:00:00,B,4846,1D25218014010RXPCT,2026-04-13 15:00:00,2026-04-13 23:00:00,42,23.0,0,Continuity (2-mould press)
2026-04-13 00:00:00,C,4846,1D25218014010RXPCT,2026-04-13 23:00:00,2026-04-14 07:00:00,42,23.0,0,Continuity (2-mould press)
2026-04-14 00:00:00,A,4846,1D25218014010RXPCT,2026-04-14 07:00:00,2026-04-14 15:00:00,42,23.0,0,Continuity (2-mould press)
2026-04-14 00:00:00,B,4846,1D25218014010RXPCT,2026-04-14 15:00:00,2026-04-14 23:00:00,42,23.0,0,Continuity (2-mould press)
2026-04-14 00:00:00,C,4846,1D25218014010RXPCT,2026-04-14 23:00:00,2026-04-15 07:00:00,42,23.0,0,Continuity (2-mould press)
2026-04-15 00:00:00,A,4846,1D25218014010RXPCT,2026-04-15 07:00:00,2026-04-15 15:00:00,42,23.0,0,Continuity (2-mould press)
2026-04-15 00:00:00,B,4846,1D25218014010RXPCT,2026-04-15 15:00:00,2026-04-15 18:47:00,20,23.0,0,Continuity (2-mould press)
2026-04-15 00:00:00,B,4846,MOULD_CLEAN,2026-04-15 18:47:00,2026-04-15 21:47:00,0,0.0,0,Mould cleaning (continuity)
2026-04-15 00:00:00,B,4846,1D25218014010RXPCT,2026-04-15 21:47:00,2026-04-15 23:00:00,6,23.0,0,Continuity (2-mould press)
2026-04-15 00:00:00,C,4846,1D25218014010RXPCT,2026-04-15 23:00:00,2026-04-16 07:00:00,42,23.0,0,Continuity (2-mould press)
2026-04-16 00:00:00,A,4846,1D25218014010RXPCT,2026-04-16 07:00:00,2026-04-16 15:00:00,42,23.0,0,Continuity (2-mould press)
2026-04-16 00:00:00,B,4846,1D25218014010RXPCT,2026-04-16 15:00:00,2026-04-16 23:00:00,42,23.0,0,Continuity (2-mould press)
2026-04-16 00:00:00,C,4846,1D25218014010RXPCT,2026-04-16 23:00:00,2026-04-17 07:00:00,42,23.0,0,Continuity (2-mould press)
2026-04-17 00:00:00,A,4846,1D25218014010RXPCT,2026-04-17 07:00:00,2026-04-17 15:00:00,42,23.0,0,Continuity (2-mould press)
2026-04-17 00:00:00,B,4846,1D25218014010RXPCT,2026-04-17 15:00:00,2026-04-17 23:00:00,42,23.0,0,Continuity (2-mould press)
2026-04-17 00:00:00,C,4846,1D25218014010RXPCT,2026-04-17 23:00:00,2026-04-18 07:00:00,42,23.0,0,Continuity (2-mould press)
2026-04-18 00:00:00,A,4846,1D25218014010RXPCT,2026-04-18 07:00:00,2026-04-18 15:00:00,42,23.0,0,Continuity (2-mould press)
2026-04-18 00:00:00,B,4846,1D25218014010RXPCT,2026-04-18 15:00:00,2026-04-18 23:00:00,42,23.0,0,Continuity (2-mould press)
2026-04-18 00:00:00,C,4846,1D25218014010RXPCT,2026-04-18 23:00:00,2026-04-19 07:00:00,42,23.0,0,Continuity (2-mould press)
2026-04-19 00:00:00,A,4846,1D25218014010RXPCT,2026-04-19 07:00:00,2026-04-19 15:00:00,42,23.0,0,Continuity (2-mould press)
2026-04-19 00:00:00,B,4846,1D25218014010RXPCT,2026-04-19 15:00:00,2026-04-19 23:00:00,42,23.0,0,Continuity (2-mould press)
2026-04-19 00:00:00,C,4846,1D25218014010RXPCT,2026-04-19 23:00:00,2026-04-20 07:00:00,42,23.0,0,Continuity (2-mould press)
2026-04-20 00:00:00,A,4846,1D25218014010RXPCT,2026-04-20 07:00:00,2026-04-20 15:00:00,42,23.0,0,Continuity (2-mould press)
2026-04-20 00:00:00,B,4846,1D25218014010RXPCT,2026-04-20 15:00:00,2026-04-20 23:00:00,42,23.0,0,Continuity (2-mould press)
2026-04-20 00:00:00,C,4846,1D25218014010RXPCT,2026-04-20 23:00:00,2026-04-21 07:00:00,42,23.0,0,Continuity (2-mould press)
2026-04-21 00:00:00,A,4846,1D25218014010RXPCT,2026-04-21 07:00:00,2026-04-21 15:00:00,42,23.0,0,Continuity (2-mould press)
2026-04-21 00:00:00,B,4846,1D25218014010RXPCT,2026-04-21 15:00:00,2026-04-21 23:00:00,42,23.0,0,Continuity (2-mould press)
2026-04-21 00:00:00,C,4846,1D25218014010RXPCT,2026-04-21 23:00:00,2026-04-22 07:00:00,42,23.0,0,Continuity (2-mould press)
2026-04-22 00:00:00,A,4846,1D25218014010RXPCT,2026-04-22 07:00:00,2026-04-22 15:00:00,42,23.0,0,Continuity (2-mould press)
2026-04-22 00:00:00,B,4846,1D25218014010RXPCT,2026-04-22 15:00:00,2026-04-22 23:00:00,42,23.0,0,Continuity (2-mould press)
2026-04-22 00:00:00,C,4846,1D25218014010RXPCT,2026-04-22 23:00:00,2026-04-23 07:00:00,42,23.0,0,Continuity (2-mould press)
2026-04-23 00:00:00,A,4846,1D25218014010RXPCT,2026-04-23 07:00:00,2026-04-23 15:00:00,42,23.0,0,Continuity (2-mould press)
2026-04-23 00:00:00,B,4846,1D25218014010RXPCT,2026-04-23 15:00:00,2026-04-23 23:00:00,42,23.0,0,Continuity (2-mould press)
2026-04-23 00:00:00,C,4846,1D25218014010RXPCT,2026-04-23 23:00:00,2026-04-24 07:00:00,42,23.0,0,Continuity (2-mould press)
2026-04-24 00:00:00,A,4846,1D25218014010RXPCT,2026-04-24 07:00:00,2026-04-24 15:00:00,42,23.0,0,Continuity (2-mould press)
2026-04-24 00:00:00,B,4846,1D25218014010RXPCT,2026-04-24 15:00:00,2026-04-24 23:00:00,42,23.0,0,Continuity (2-mould press)
2026-04-24 00:00:00,C,4846,1D25218014010RXPCT,2026-04-24 23:00:00,2026-04-25 07:00:00,42,23.0,0,Continuity (2-mould press)
2026-04-25 00:00:00,A,4846,1D25218014010RXPCT,2026-04-25 07:00:00,2026-04-25 15:00:00,42,23.0,0,Continuity (2-mould press)
2026-04-25 00:00:00,B,4846,1D25218014010RXPCT,2026-04-25 15:00:00,2026-04-25 23:00:00,42,23.0,0,Continuity (2-mould press)
2026-04-25 00:00:00,C,4846,1D25218014010RXPCT,2026-04-25 23:00:00,2026-04-26 07:00:00,42,23.0,0,Continuity (2-mould press)
2026-04-26 00:00:00,A,4846,1D25218014010RXPCT,2026-04-26 07:00:00,2026-04-26 15:00:00,42,23.0,0,Continuity (2-mould press)
2026-04-26 00:00:00,B,4846,1D25218014010RXPCT,2026-04-26 15:00:00,2026-04-26 23:00:00,42,23.0,0,Continuity (2-mould press)
2026-04-26 00:00:00,C,4846,1D25218014010RXPCT,2026-04-26 23:00:00,2026-04-27 07:00:00,42,23.0,0,Continuity (2-mould press)
2026-04-27 00:00:00,A,4846,1D25218014010RXPCT,2026-04-27 07:00:00,2026-04-27 15:00:00,42,23.0,0,Continuity (2-mould press)
2026-04-27 00:00:00,B,4846,1D25218014010RXPCT,2026-04-27 15:00:00,2026-04-27 23:00:00,42,23.0,0,Continuity (2-mould press)
2026-04-27 00:00:00,C,4846,1D25218014010RXPCT,2026-04-27 23:00:00,2026-04-28 07:00:00,42,23.0,0,Continuity (2-mould press)
2026-04-28 00:00:00,A,4846,1D25218014010RXPCT,2026-04-28 07:00:00,2026-04-28 15:00:00,42,23.0,0,Continuity (2-mould press)
2026-04-28 00:00:00,B,4846,1D25218014010RXPCT,2026-04-28 15:00:00,2026-04-28 23:00:00,42,23.0,0,Continuity (2-mould press)
2026-04-28 00:00:00,C,4846,1D25218014010RXPCT,2026-04-28 23:00:00,2026-04-29 07:00:00,42,23.0,0,Continuity (2-mould press)
2026-04-29 00:00:00,A,4846,1D25218014010RXPCT,2026-04-29 07:00:00,2026-04-29 15:00:00,42,23.0,0,Continuity (2-mould press)
2026-04-29 00:00:00,B,4846,1D25218014010RXPCT,2026-04-29 15:00:00,2026-04-29 23:00:00,42,23.0,0,Continuity (2-mould press)
2026-04-29 00:00:00,C,4846,1D25218014010RXPCT,2026-04-29 23:00:00,2026-04-30 07:00:00,42,23.0,0,Continuity (2-mould press)
2026-04-30 00:00:00,A,4846,1D25218014010RXPCT,2026-04-30 07:00:00,2026-04-30 15:00:00,42,23.0,0,Continuity (2-mould press)
2026-04-30 00:00:00,B,4846,1D25218014010RXPCT,2026-04-30 15:00:00,2026-04-30 23:00:00,42,23.0,0,Continuity (2-mould press)
2026-04-30 00:00:00,C,4846,1D25218014010RXPCT,2026-04-30 23:00:00,2026-05-01 07:00:00,42,23.0,0,Continuity (2-mould press)
2026-05-01 00:00:00,A,4846,1D25218014010RXPCT,2026-05-01 07:00:00,2026-05-01 15:00:00,42,23.0,0,Continuity (2-mould press)
2026-05-01 00:00:00,B,4846,1D25218014010RXPCT,2026-05-01 15:00:00,2026-05-01 23:00:00,42,23.0,0,Continuity (2-mould press)
2026-05-01 00:00:00,C,4846,1D25218014010RXPCT,2026-05-01 23:00:00,2026-05-02 07:00:00,42,23.0,0,Continuity (2-mould press)
2026-05-02 00:00:00,A,4846,1D25218014010RXPCT,2026-05-02 07:00:00,2026-05-02 15:00:00,42,23.0,0,Continuity (2-mould press)
2026-05-02 00:00:00,B,4846,1D25218014010RXPCT,2026-05-02 15:00:00,2026-05-02 23:00:00,42,23.0,0,Continuity (2-mould press)
2026-05-02 00:00:00,C,4846,1D25218014010RXPCT,2026-05-02 23:00:00,2026-05-03 07:00:00,42,23.0,0,Continuity (2-mould press)
2026-05-03 00:00:00,A,4846,1D25218014010RXPCT,2026-05-03 07:00:00,2026-05-03 15:00:00,42,23.0,0,Continuity (2-mould press)
2026-05-03 00:00:00,B,4846,1D25218014010RXPCT,2026-05-03 15:00:00,2026-05-03 23:00:00,42,23.0,0,Continuity (2-mould press)
2026-05-03 00:00:00,C,4846,1D25218014010RXPCT,2026-05-03 23:00:00,2026-05-04 07:00:00,42,23.0,0,Continuity (2-mould press)
2026-05-04 00:00:00,A,4846,1D25218014010RXPCT,2026-05-04 07:00:00,2026-05-04 14:17:00,38,23.0,0,Continuity (2-mould press)
2026-04-08 00:00:00,A,4847,1325221318095HURL0,2026-04-08 07:00:00,2026-04-08 15:00:00,51,19.0,0,Continuity (2-mould press)
2026-04-08 00:00:00,B,4847,1325221318095HURL0,2026-04-08 15:00:00,2026-04-08 23:00:00,51,19.0,0,Continuity (2-mould press)
2026-04-08 00:00:00,C,4847,1325221318095HURL0,2026-04-08 23:00:00,2026-04-09 07:00:00,51,19.0,0,Continuity (2-mould press)
2026-04-09 00:00:00,A,4847,1325221318095HURL0,2026-04-09 07:00:00,2026-04-09 15:00:00,51,19.0,0,Continuity (2-mould press)
2026-04-09 00:00:00,B,4847,1325221318095HURL0,2026-04-09 15:00:00,2026-04-09 23:00:00,51,19.0,0,Continuity (2-mould press)
2026-04-09 00:00:00,C,4847,1325221318095HURL0,2026-04-09 23:00:00,2026-04-10 07:00:00,51,19.0,0,Continuity (2-mould press)
2026-04-10 00:00:00,A,4847,1325221318095HURL0,2026-04-10 07:00:00,2026-04-10 15:00:00,51,19.0,0,Continuity (2-mould press)
2026-04-10 00:00:00,B,4847,1325221318095HURL0,2026-04-10 15:00:00,2026-04-10 23:00:00,51,19.0,0,Continuity (2-mould press)
2026-04-10 00:00:00,C,4847,1325221318095HURL0,2026-04-10 23:00:00,2026-04-11 07:00:00,51,19.0,0,Continuity (2-mould press)
2026-04-11 00:00:00,A,4847,1325221318095HURL0,2026-04-11 07:00:00,2026-04-11 15:00:00,51,19.0,0,Continuity (2-mould press)
2026-04-11 00:00:00,B,4847,1325221318095HURL0,2026-04-11 15:00:00,2026-04-11 23:00:00,51,19.0,0,Continuity (2-mould press)
2026-04-11 00:00:00,C,4847,1325221318095HURL0,2026-04-11 23:00:00,2026-04-12 07:00:00,51,19.0,0,Continuity (2-mould press)
2026-04-12 00:00:00,A,4847,1325221318095HURL0,2026-04-12 07:00:00,2026-04-12 15:00:00,51,19.0,0,Continuity (2-mould press)
2026-04-12 00:00:00,B,4847,1325221318095HURL0,2026-04-12 15:00:00,2026-04-12 23:00:00,51,19.0,0,Continuity (2-mould press)
2026-04-12 00:00:00,C,4847,1325221318095HURL0,2026-04-12 23:00:00,2026-04-13 07:00:00,51,19.0,0,Continuity (2-mould press)
2026-04-13 00:00:00,A,4847,1325221318095HURL0,2026-04-13 07:00:00,2026-04-13 15:00:00,51,19.0,0,Continuity (2-mould press)
2026-04-13 00:00:00,B,4847,1325221318095HURL0,2026-04-13 15:00:00,2026-04-13 23:00:00,51,19.0,0,Continuity (2-mould press)
2026-04-13 00:00:00,C,4847,1325221318095HURL0,2026-04-13 23:00:00,2026-04-14 07:00:00,51,19.0,0,Continuity (2-mould press)
2026-04-14 00:00:00,A,4847,1325221318095HURL0,2026-04-14 07:00:00,2026-04-14 15:00:00,51,19.0,0,Continuity (2-mould press)
2026-04-14 00:00:00,B,4847,1325221318095HURL0,2026-04-14 15:00:00,2026-04-14 23:00:00,51,19.0,0,Continuity (2-mould press)
2026-04-14 00:00:00,C,4847,1325221318095HURL0,2026-04-14 23:00:00,2026-04-15 07:00:00,51,19.0,0,Continuity (2-mould press)
2026-04-15 00:00:00,A,4847,1325221318095HURL0,2026-04-15 07:00:00,2026-04-15 15:00:00,51,19.0,0,Continuity (2-mould press)
2026-04-15 00:00:00,B,4847,1325221318095HURL0,2026-04-15 15:00:00,2026-04-15 23:00:00,51,19.0,0,Continuity (2-mould press)
2026-04-15 00:00:00,C,4847,1325221318095HURL0,2026-04-15 23:00:00,2026-04-16 07:00:00,51,19.0,0,Continuity (2-mould press)
2026-04-16 00:00:00,A,4847,1325221318095HURL0,2026-04-16 07:00:00,2026-04-16 15:00:00,51,19.0,0,Continuity (2-mould press)
2026-04-16 00:00:00,B,4847,1325221318095HURL0,2026-04-16 15:00:00,2026-04-16 23:00:00,51,19.0,0,Continuity (2-mould press)
2026-04-16 00:00:00,C,4847,1325221318095HURL0,2026-04-16 23:00:00,2026-04-17 07:00:00,51,19.0,0,Continuity (2-mould press)
2026-04-17 00:00:00,A,4847,1325221318095HURL0,2026-04-17 07:00:00,2026-04-17 15:00:00,51,19.0,0,Continuity (2-mould press)
2026-04-17 00:00:00,B,4847,1325221318095HURL0,2026-04-17 15:00:00,2026-04-17 23:00:00,51,19.0,0,Continuity (2-mould press)
2026-04-17 00:00:00,C,4847,1325221318095HURL0,2026-04-17 23:00:00,2026-04-18 07:00:00,51,19.0,0,Continuity (2-mould press)
2026-04-18 00:00:00,A,4847,1325221318095HURL0,2026-04-18 07:00:00,2026-04-18 15:00:00,51,19.0,0,Continuity (2-mould press)
2026-04-18 00:00:00,B,4847,1325221318095HURL0,2026-04-18 15:00:00,2026-04-18 23:00:00,51,19.0,0,Continuity (2-mould press)
2026-04-18 00:00:00,C,4847,1325221318095HURL0,2026-04-18 23:00:00,2026-04-19 07:00:00,51,19.0,0,Continuity (2-mould press)
2026-04-19 00:00:00,A,4847,1325221318095HURL0,2026-04-19 07:00:00,2026-04-19 15:00:00,51,19.0,0,Continuity (2-mould press)
2026-04-19 00:00:00,B,4847,1325221318095HURL0,2026-04-19 15:00:00,2026-04-19 23:00:00,51,19.0,0,Continuity (2-mould press)
2026-04-19 00:00:00,C,4847,1325221318095HURL0,2026-04-19 23:00:00,2026-04-20 07:00:00,51,19.0,0,Continuity (2-mould press)
2026-04-20 00:00:00,A,4847,1325221318095HURL0,2026-04-20 07:00:00,2026-04-20 15:00:00,51,19.0,0,Continuity (2-mould press)
2026-04-20 00:00:00,B,4847,1325221318095HURL0,2026-04-20 15:00:00,2026-04-20 23:00:00,51,19.0,0,Continuity (2-mould press)
2026-04-20 00:00:00,C,4847,1325221318095HURL0,2026-04-20 23:00:00,2026-04-21 07:00:00,51,19.0,0,Continuity (2-mould press)
2026-04-21 00:00:00,A,4847,1325221318095HURL0,2026-04-21 07:00:00,2026-04-21 15:00:00,51,19.0,0,Continuity (2-mould press)
2026-04-21 00:00:00,B,4847,1325221318095HURL0,2026-04-21 15:00:00,2026-04-21 23:00:00,51,19.0,0,Continuity (2-mould press)
2026-04-21 00:00:00,C,4847,1325221318095HURL0,2026-04-21 23:00:00,2026-04-22 07:00:00,51,19.0,0,Continuity (2-mould press)
2026-04-22 00:00:00,A,4847,1325221318095HURL0,2026-04-22 07:00:00,2026-04-22 15:00:00,51,19.0,0,Continuity (2-mould press)
2026-04-22 00:00:00,B,4847,1325221318095HURL0,2026-04-22 15:00:00,2026-04-22 23:00:00,51,19.0,0,Continuity (2-mould press)
2026-04-22 00:00:00,C,4847,1325221318095HURL0,2026-04-22 23:00:00,2026-04-23 07:00:00,51,19.0,0,Continuity (2-mould press)
2026-04-23 00:00:00,A,4847,1325221318095HURL0,2026-04-23 07:00:00,2026-04-23 15:00:00,51,19.0,0,Continuity (2-mould press)
2026-04-23 00:00:00,B,4847,1325221318095HURL0,2026-04-23 15:00:00,2026-04-23 23:00:00,51,19.0,0,Continuity (2-mould press)
2026-04-23 00:00:00,C,4847,1325221318095HURL0,2026-04-23 23:00:00,2026-04-24 07:00:00,51,19.0,0,Continuity (2-mould press)
2026-04-24 00:00:00,A,4847,1325221318095HURL0,2026-04-24 07:00:00,2026-04-24 15:00:00,51,19.0,0,Continuity (2-mould press)
2026-04-24 00:00:00,B,4847,1325221318095HURL0,2026-04-24 15:00:00,2026-04-24 23:00:00,51,19.0,0,Continuity (2-mould press)
2026-04-24 00:00:00,C,4847,1325221318095HURL0,2026-04-24 23:00:00,2026-04-25 07:00:00,51,19.0,0,Continuity (2-mould press)
2026-04-25 00:00:00,A,4847,1325221318095HURL0,2026-04-25 07:00:00,2026-04-25 15:00:00,51,19.0,0,Continuity (2-mould press)
2026-04-25 00:00:00,B,4847,1325221318095HURL0,2026-04-25 15:00:00,2026-04-25 23:00:00,51,19.0,0,Continuity (2-mould press)
2026-04-25 00:00:00,C,4847,1325221318095HURL0,2026-04-25 23:00:00,2026-04-26 07:00:00,51,19.0,0,Continuity (2-mould press)
2026-04-26 00:00:00,A,4847,1325221318095HURL0,2026-04-26 07:00:00,2026-04-26 15:00:00,51,19.0,0,Continuity (2-mould press)
2026-04-26 00:00:00,B,4847,1325221318095HURL0,2026-04-26 15:00:00,2026-04-26 23:00:00,51,19.0,0,Continuity (2-mould press)
2026-04-26 00:00:00,C,4847,1325221318095HURL0,2026-04-26 23:00:00,2026-04-27 07:00:00,51,19.0,0,Continuity (2-mould press)
2026-04-27 00:00:00,A,4847,1325221318095HURL0,2026-04-27 07:00:00,2026-04-27 15:00:00,51,19.0,0,Continuity (2-mould press)
2026-04-27 00:00:00,B,4847,1325221318095HURL0,2026-04-27 15:00:00,2026-04-27 23:00:00,51,19.0,0,Continuity (2-mould press)
2026-04-27 00:00:00,C,4847,1325221318095HURL0,2026-04-27 23:00:00,2026-04-28 07:00:00,51,19.0,0,Continuity (2-mould press)
2026-04-28 00:00:00,A,4847,1325221318095HURL0,2026-04-28 07:00:00,2026-04-28 15:00:00,51,19.0,0,Continuity (2-mould press)
2026-04-28 00:00:00,B,4847,1325221318095HURL0,2026-04-28 15:00:00,2026-04-28 23:00:00,51,19.0,0,Continuity (2-mould press)
2026-04-28 00:00:00,C,4847,1325221318095HURL0,2026-04-28 23:00:00,2026-04-29 07:00:00,51,19.0,0,Continuity (2-mould press)
2026-04-29 00:00:00,A,4847,1325221318095HURL0,2026-04-29 07:00:00,2026-04-29 15:00:00,51,19.0,0,Continuity (2-mould press)
2026-04-29 00:00:00,B,4847,1325221318095HURL0,2026-04-29 15:00:00,2026-04-29 23:00:00,51,19.0,0,Continuity (2-mould press)
2026-04-29 00:00:00,C,4847,1325221318095HURL0,2026-04-29 23:00:00,2026-04-30 07:00:00,51,19.0,0,Continuity (2-mould press)
2026-04-30 00:00:00,A,4847,1325221318095HURL0,2026-04-30 07:00:00,2026-04-30 15:00:00,51,19.0,0,Continuity (2-mould press)
2026-04-30 00:00:00,B,4847,1325221318095HURL0,2026-04-30 15:00:00,2026-04-30 23:00:00,51,19.0,0,Continuity (2-mould press)
2026-04-30 00:00:00,C,4847,1325221318095HURL0,2026-04-30 23:00:00,2026-05-01 07:00:00,51,19.0,0,Continuity (2-mould press)
2026-05-01 00:00:00,A,4847,1325221318095HURL0,2026-05-01 07:00:00,2026-05-01 15:00:00,51,19.0,0,Continuity (2-mould press)
2026-05-01 00:00:00,B,4847,1325221318095HURL0,2026-05-01 15:00:00,2026-05-01 23:00:00,51,19.0,0,Continuity (2-mould press)
2026-05-01 00:00:00,C,4847,1325221318095HURL0,2026-05-01 23:00:00,2026-05-02 07:00:00,51,19.0,0,Continuity (2-mould press)
2026-05-02 00:00:00,A,4847,1325221318095HURL0,2026-05-02 07:00:00,2026-05-02 15:00:00,51,19.0,0,Continuity (2-mould press)
2026-05-02 00:00:00,B,4847,1325221318095HURL0,2026-05-02 15:00:00,2026-05-02 23:00:00,51,19.0,0,Continuity (2-mould press)
2026-05-02 00:00:00,C,4847,1325221318095HURL0,2026-05-02 23:00:00,2026-05-03 07:00:00,51,19.0,0,Continuity (2-mould press)
2026-05-03 00:00:00,A,4847,1325221318095HURL0,2026-05-03 07:00:00,2026-05-03 15:00:00,51,19.0,0,Continuity (2-mould press)
2026-05-03 00:00:00,B,4847,1325221318095HURL0,2026-05-03 15:00:00,2026-05-03 23:00:00,51,19.0,0,Continuity (2-mould press)
2026-05-03 00:00:00,C,4847,1325221318095HURL0,2026-05-03 23:00:00,2026-05-04 07:00:00,51,19.0,0,Continuity (2-mould press)
2026-05-04 00:00:00,A,4847,1325221318095HURL0,2026-05-04 07:00:00,2026-05-04 15:00:00,51,19.0,0,Continuity (2-mould press)
2026-05-04 00:00:00,B,4847,1325221318095HURL0,2026-05-04 15:00:00,2026-05-04 23:00:00,51,19.0,0,Continuity (2-mould press)
2026-05-04 00:00:00,C,4847,1325221318095HURL0,2026-05-04 23:00:00,2026-05-05 07:00:00,51,19.0,0,Continuity (2-mould press)
2026-05-05 00:00:00,A,4847,1325221318095HURL0,2026-05-05 07:00:00,2026-05-05 15:00:00,51,19.0,0,Continuity (2-mould press)
2026-05-05 00:00:00,B,4847,1325221318095HURL0,2026-05-05 15:00:00,2026-05-05 23:00:00,51,19.0,0,Continuity (2-mould press)
2026-05-05 00:00:00,C,4847,1325221318095HURL0,2026-05-05 23:00:00,2026-05-06 07:00:00,51,19.0,0,Continuity (2-mould press)
2026-05-06 00:00:00,A,4847,1325221318095HURL0,2026-05-06 07:00:00,2026-05-06 15:00:00,51,19.0,0,Continuity (2-mould press)
2026-05-06 00:00:00,B,4847,1325221318095HURL0,2026-05-06 15:00:00,2026-05-06 23:00:00,51,19.0,0,Continuity (2-mould press)
2026-05-06 00:00:00,C,4847,1325221318095HURL0,2026-05-06 23:00:00,2026-05-07 07:00:00,51,19.0,0,Continuity (2-mould press)
2026-05-07 00:00:00,A,4847,1325221318095HURL0,2026-05-07 07:00:00,2026-05-07 15:00:00,51,19.0,0,Continuity (2-mould press)
2026-05-07 00:00:00,B,4847,1325221318095HURL0,2026-05-07 15:00:00,2026-05-07 19:23:00,28,19.0,0,Continuity (2-mould press)
2026-05-07 00:00:00,B,4847,MOULD_CLEAN,2026-05-07 19:23:00,2026-05-07 22:23:00,0,0.0,0,Mould cleaning (continuity)
2026-05-07 00:00:00,B,4847,1325221318095HURL0,2026-05-07 22:23:00,2026-05-07 23:00:00,4,19.0,0,Continuity (2-mould press)
2026-05-07 00:00:00,C,4847,1325221318095HURL0,2026-05-07 23:00:00,2026-05-08 03:46:00,30,19.0,0,Continuity (2-mould press)
2026-04-08 00:00:00,A,4848,1325221417096HURL0,2026-04-08 07:00:00,2026-04-08 15:00:00,60,16.0,0,Continuity (2-mould press)
2026-04-08 00:00:00,B,4848,1325221417096HURL0,2026-04-08 15:00:00,2026-04-08 23:00:00,60,16.0,0,Continuity (2-mould press)
2026-04-08 00:00:00,C,4848,1325221417096HURL0,2026-04-08 23:00:00,2026-04-09 07:00:00,60,16.0,0,Continuity (2-mould press)
2026-04-09 00:00:00,A,4848,1325221417096HURL0,2026-04-09 07:00:00,2026-04-09 15:00:00,60,16.0,0,Continuity (2-mould press)
2026-04-09 00:00:00,B,4848,1325221417096HURL0,2026-04-09 15:00:00,2026-04-09 23:00:00,60,16.0,0,Continuity (2-mould press)
2026-04-09 00:00:00,C,4848,1325221417096HURL0,2026-04-09 23:00:00,2026-04-10 07:00:00,60,16.0,0,Continuity (2-mould press)
2026-04-10 00:00:00,A,4848,1325221417096HURL0,2026-04-10 07:00:00,2026-04-10 15:00:00,60,16.0,0,Continuity (2-mould press)
2026-04-10 00:00:00,B,4848,1325221417096HURL0,2026-04-10 15:00:00,2026-04-10 23:00:00,60,16.0,0,Continuity (2-mould press)
2026-04-10 00:00:00,C,4848,1325221417096HURL0,2026-04-10 23:00:00,2026-04-11 07:00:00,60,16.0,0,Continuity (2-mould press)
2026-04-11 00:00:00,A,4848,1325221417096HURL0,2026-04-11 07:00:00,2026-04-11 15:00:00,60,16.0,0,Continuity (2-mould press)
2026-04-11 00:00:00,B,4848,1325221417096HURL0,2026-04-11 15:00:00,2026-04-11 23:00:00,60,16.0,0,Continuity (2-mould press)
2026-04-11 00:00:00,C,4848,1325221417096HURL0,2026-04-11 23:00:00,2026-04-12 07:00:00,60,16.0,0,Continuity (2-mould press)
2026-04-12 00:00:00,A,4848,1325221417096HURL0,2026-04-12 07:00:00,2026-04-12 15:00:00,60,16.0,0,Continuity (2-mould press)
2026-04-12 00:00:00,B,4848,1325221417096HURL0,2026-04-12 15:00:00,2026-04-12 23:00:00,60,16.0,0,Continuity (2-mould press)
2026-04-12 00:00:00,C,4848,1325221417096HURL0,2026-04-12 23:00:00,2026-04-13 07:00:00,60,16.0,0,Continuity (2-mould press)
2026-04-13 00:00:00,A,4848,1325221417096HURL0,2026-04-13 07:00:00,2026-04-13 15:00:00,60,16.0,0,Continuity (2-mould press)
2026-04-13 00:00:00,B,4848,1325221417096HURL0,2026-04-13 15:00:00,2026-04-13 23:00:00,60,16.0,0,Continuity (2-mould press)
2026-04-13 00:00:00,C,4848,1325221417096HURL0,2026-04-13 23:00:00,2026-04-14 07:00:00,60,16.0,0,Continuity (2-mould press)
2026-04-14 00:00:00,A,4848,1325221417096HURL0,2026-04-14 07:00:00,2026-04-14 15:00:00,60,16.0,0,Continuity (2-mould press)
2026-04-14 00:00:00,B,4848,1325221417096HURL0,2026-04-14 15:00:00,2026-04-14 23:00:00,60,16.0,0,Continuity (2-mould press)
2026-04-14 00:00:00,C,4848,1325221417096HURL0,2026-04-14 23:00:00,2026-04-15 07:00:00,60,16.0,0,Continuity (2-mould press)
2026-04-15 00:00:00,A,4848,1325221417096HURL0,2026-04-15 07:00:00,2026-04-15 15:00:00,60,16.0,0,Continuity (2-mould press)
2026-04-15 00:00:00,B,4848,1325221417096HURL0,2026-04-15 15:00:00,2026-04-15 23:00:00,60,16.0,0,Continuity (2-mould press)
2026-04-15 00:00:00,C,4848,1325221417096HURL0,2026-04-15 23:00:00,2026-04-16 07:00:00,60,16.0,0,Continuity (2-mould press)
2026-04-16 00:00:00,A,4848,1325221417096HURL0,2026-04-16 07:00:00,2026-04-16 15:00:00,60,16.0,0,Continuity (2-mould press)
2026-04-16 00:00:00,B,4848,1325221417096HURL0,2026-04-16 15:00:00,2026-04-16 23:00:00,60,16.0,0,Continuity (2-mould press)
2026-04-16 00:00:00,C,4848,1325221417096HURL0,2026-04-16 23:00:00,2026-04-17 07:00:00,60,16.0,0,Continuity (2-mould press)
2026-04-17 00:00:00,A,4848,1325221417096HURL0,2026-04-17 07:00:00,2026-04-17 15:00:00,60,16.0,0,Continuity (2-mould press)
2026-04-17 00:00:00,B,4848,1325221417096HURL0,2026-04-17 15:00:00,2026-04-17 23:00:00,60,16.0,0,Continuity (2-mould press)
2026-04-17 00:00:00,C,4848,1325221417096HURL0,2026-04-17 23:00:00,2026-04-18 07:00:00,60,16.0,0,Continuity (2-mould press)
2026-04-18 00:00:00,A,4848,1325221417096HURL0,2026-04-18 07:00:00,2026-04-18 15:00:00,60,16.0,0,Continuity (2-mould press)
2026-04-18 00:00:00,B,4848,1325221417096HURL0,2026-04-18 15:00:00,2026-04-18 23:00:00,60,16.0,0,Continuity (2-mould press)
2026-04-18 00:00:00,C,4848,1325221417096HURL0,2026-04-18 23:00:00,2026-04-19 07:00:00,60,16.0,0,Continuity (2-mould press)
2026-04-19 00:00:00,A,4848,1325221417096HURL0,2026-04-19 07:00:00,2026-04-19 15:00:00,60,16.0,0,Continuity (2-mould press)
2026-04-19 00:00:00,B,4848,1325221417096HURL0,2026-04-19 15:00:00,2026-04-19 23:00:00,60,16.0,0,Continuity (2-mould press)
2026-04-19 00:00:00,C,4848,1325221417096HURL0,2026-04-19 23:00:00,2026-04-20 07:00:00,60,16.0,0,Continuity (2-mould press)
2026-04-20 00:00:00,A,4848,1325221417096HURL0,2026-04-20 07:00:00,2026-04-20 15:00:00,60,16.0,0,Continuity (2-mould press)
2026-04-20 00:00:00,B,4848,1325221417096HURL0,2026-04-20 15:00:00,2026-04-20 23:00:00,60,16.0,0,Continuity (2-mould press)
2026-04-20 00:00:00,C,4848,1325221417096HURL0,2026-04-20 23:00:00,2026-04-21 07:00:00,60,16.0,0,Continuity (2-mould press)
2026-04-21 00:00:00,A,4848,1325221417096HURL0,2026-04-21 07:00:00,2026-04-21 15:00:00,60,16.0,0,Continuity (2-mould press)
2026-04-21 00:00:00,B,4848,1325221417096HURL0,2026-04-21 15:00:00,2026-04-21 23:00:00,60,16.0,0,Continuity (2-mould press)
2026-04-21 00:00:00,C,4848,1325221417096HURL0,2026-04-21 23:00:00,2026-04-22 07:00:00,60,16.0,0,Continuity (2-mould press)
2026-04-22 00:00:00,A,4848,1325221417096HURL0,2026-04-22 07:00:00,2026-04-22 15:00:00,60,16.0,0,Continuity (2-mould press)
2026-04-22 00:00:00,B,4848,1325221417096HURL0,2026-04-22 15:00:00,2026-04-22 23:00:00,60,16.0,0,Continuity (2-mould press)
2026-04-22 00:00:00,C,4848,1325221417096HURL0,2026-04-22 23:00:00,2026-04-23 07:00:00,60,16.0,0,Continuity (2-mould press)
2026-04-23 00:00:00,A,4848,1325221417096HURL0,2026-04-23 07:00:00,2026-04-23 15:00:00,60,16.0,0,Continuity (2-mould press)
2026-04-23 00:00:00,B,4848,1325221417096HURL0,2026-04-23 15:00:00,2026-04-23 23:00:00,60,16.0,0,Continuity (2-mould press)
2026-04-23 00:00:00,C,4848,1325221417096HURL0,2026-04-23 23:00:00,2026-04-24 07:00:00,60,16.0,0,Continuity (2-mould press)
2026-04-24 00:00:00,A,4848,1325221417096HURL0,2026-04-24 07:00:00,2026-04-24 15:00:00,60,16.0,0,Continuity (2-mould press)
2026-04-24 00:00:00,B,4848,1325221417096HURL0,2026-04-24 15:00:00,2026-04-24 23:00:00,60,16.0,0,Continuity (2-mould press)
2026-04-24 00:00:00,C,4848,1325221417096HURL0,2026-04-24 23:00:00,2026-04-25 07:00:00,60,16.0,0,Continuity (2-mould press)
2026-04-25 00:00:00,A,4848,1325221417096HURL0,2026-04-25 07:00:00,2026-04-25 15:00:00,60,16.0,0,Continuity (2-mould press)
2026-04-25 00:00:00,B,4848,1325221417096HURL0,2026-04-25 15:00:00,2026-04-25 23:00:00,60,16.0,0,Continuity (2-mould press)
2026-04-25 00:00:00,C,4848,1325221417096HURL0,2026-04-25 23:00:00,2026-04-26 07:00:00,60,16.0,0,Continuity (2-mould press)
2026-04-26 00:00:00,A,4848,1325221417096HURL0,2026-04-26 07:00:00,2026-04-26 15:00:00,60,16.0,0,Continuity (2-mould press)
2026-04-26 00:00:00,B,4848,1325221417096HURL0,2026-04-26 15:00:00,2026-04-26 23:00:00,60,16.0,0,Continuity (2-mould press)
2026-04-26 00:00:00,C,4848,1325221417096HURL0,2026-04-26 23:00:00,2026-04-27 07:00:00,60,16.0,0,Continuity (2-mould press)
2026-04-27 00:00:00,A,4848,1325221417096HURL0,2026-04-27 07:00:00,2026-04-27 15:00:00,60,16.0,0,Continuity (2-mould press)
2026-04-27 00:00:00,B,4848,1325221417096HURL0,2026-04-27 15:00:00,2026-04-27 23:00:00,60,16.0,0,Continuity (2-mould press)
2026-04-27 00:00:00,C,4848,1325221417096HURL0,2026-04-27 23:00:00,2026-04-28 07:00:00,60,16.0,0,Continuity (2-mould press)
2026-04-28 00:00:00,A,4848,1325221417096HURL0,2026-04-28 07:00:00,2026-04-28 15:00:00,60,16.0,0,Continuity (2-mould press)
2026-04-28 00:00:00,B,4848,1325221417096HURL0,2026-04-28 15:00:00,2026-04-28 23:00:00,60,16.0,0,Continuity (2-mould press)
2026-04-28 00:00:00,C,4848,1325221417096HURL0,2026-04-28 23:00:00,2026-04-29 07:00:00,60,16.0,0,Continuity (2-mould press)
2026-04-29 00:00:00,A,4848,1325221417096HURL0,2026-04-29 07:00:00,2026-04-29 15:00:00,60,16.0,0,Continuity (2-mould press)
2026-04-29 00:00:00,B,4848,1325221417096HURL0,2026-04-29 15:00:00,2026-04-29 19:32:00,34,16.0,0,Continuity (2-mould press)
2026-04-08 00:00:00,A,4849,1225219Z15008SXC11,2026-04-08 07:00:00,2026-04-08 15:00:00,36,27.0,0,Continuity (2-mould press)
2026-04-08 00:00:00,B,4849,1225219Z15008SXC11,2026-04-08 15:00:00,2026-04-08 23:00:00,36,27.0,0,Continuity (2-mould press)
2026-04-08 00:00:00,C,4849,1225219Z15008SXC11,2026-04-08 23:00:00,2026-04-09 07:00:00,36,27.0,0,Continuity (2-mould press)
2026-04-09 00:00:00,A,4849,1225219Z15008SXC11,2026-04-09 07:00:00,2026-04-09 15:00:00,36,27.0,0,Continuity (2-mould press)
2026-04-09 00:00:00,B,4849,1225219Z15008SXC11,2026-04-09 15:00:00,2026-04-09 23:00:00,36,27.0,0,Continuity (2-mould press)
2026-04-09 00:00:00,C,4849,1225219Z15008SXC11,2026-04-09 23:00:00,2026-04-10 07:00:00,36,27.0,0,Continuity (2-mould press)
2026-04-10 00:00:00,A,4849,1225219Z15008SXC11,2026-04-10 07:00:00,2026-04-10 15:00:00,36,27.0,0,Continuity (2-mould press)
2026-04-10 00:00:00,B,4849,1225219Z15008SXC11,2026-04-10 15:00:00,2026-04-10 23:00:00,36,27.0,0,Continuity (2-mould press)
2026-04-10 00:00:00,C,4849,1225219Z15008SXC11,2026-04-10 23:00:00,2026-04-11 07:00:00,36,27.0,0,Continuity (2-mould press)
2026-04-11 00:00:00,A,4849,1225219Z15008SXC11,2026-04-11 07:00:00,2026-04-11 15:00:00,36,27.0,0,Continuity (2-mould press)
2026-04-11 00:00:00,B,4849,1225219Z15008SXC11,2026-04-11 15:00:00,2026-04-11 23:00:00,36,27.0,0,Continuity (2-mould press)
2026-04-11 00:00:00,C,4849,1225219Z15008SXC11,2026-04-11 23:00:00,2026-04-12 07:00:00,36,27.0,0,Continuity (2-mould press)
2026-04-12 00:00:00,A,4849,1225219Z15008SXC11,2026-04-12 07:00:00,2026-04-12 15:00:00,36,27.0,0,Continuity (2-mould press)
2026-04-12 00:00:00,B,4849,1225219Z15008SXC11,2026-04-12 15:00:00,2026-04-12 23:00:00,36,27.0,0,Continuity (2-mould press)
2026-04-12 00:00:00,C,4849,1225219Z15008SXC11,2026-04-12 23:00:00,2026-04-13 07:00:00,36,27.0,0,Continuity (2-mould press)
2026-04-13 00:00:00,A,4849,1225219Z15008SXC11,2026-04-13 07:00:00,2026-04-13 15:00:00,36,27.0,0,Continuity (2-mould press)
2026-04-13 00:00:00,B,4849,1225219Z15008SXC11,2026-04-13 15:00:00,2026-04-13 23:00:00,36,27.0,0,Continuity (2-mould press)
2026-04-13 00:00:00,C,4849,1225219Z15008SXC11,2026-04-13 23:00:00,2026-04-14 07:00:00,36,27.0,0,Continuity (2-mould press)
2026-04-14 00:00:00,A,4849,1225219Z15008SXC11,2026-04-14 07:00:00,2026-04-14 15:00:00,36,27.0,0,Continuity (2-mould press)
2026-04-14 00:00:00,B,4849,1225219Z15008SXC11,2026-04-14 15:00:00,2026-04-14 23:00:00,36,27.0,0,Continuity (2-mould press)
2026-04-14 00:00:00,C,4849,1225219Z15008SXC11,2026-04-14 23:00:00,2026-04-15 07:00:00,36,27.0,0,Continuity (2-mould press)
2026-04-15 00:00:00,A,4849,1225219Z15008SXC11,2026-04-15 07:00:00,2026-04-15 15:00:00,36,27.0,0,Continuity (2-mould press)
2026-04-15 00:00:00,B,4849,1225219Z15008SXC11,2026-04-15 15:00:00,2026-04-15 23:00:00,36,27.0,0,Continuity (2-mould press)
2026-04-15 00:00:00,C,4849,1225219Z15008SXC11,2026-04-15 23:00:00,2026-04-16 07:00:00,36,27.0,0,Continuity (2-mould press)
2026-04-16 00:00:00,A,4849,1225219Z15008SXC11,2026-04-16 07:00:00,2026-04-16 15:00:00,36,27.0,0,Continuity (2-mould press)
2026-04-16 00:00:00,B,4849,1225219Z15008SXC11,2026-04-16 15:00:00,2026-04-16 23:00:00,36,27.0,0,Continuity (2-mould press)
2026-04-16 00:00:00,C,4849,1225219Z15008SXC11,2026-04-16 23:00:00,2026-04-17 07:00:00,36,27.0,0,Continuity (2-mould press)
2026-04-17 00:00:00,A,4849,1225219Z15008SXC11,2026-04-17 07:00:00,2026-04-17 15:00:00,36,27.0,0,Continuity (2-mould press)
2026-04-17 00:00:00,B,4849,1225219Z15008SXC11,2026-04-17 15:00:00,2026-04-17 23:00:00,36,27.0,0,Continuity (2-mould press)
2026-04-17 00:00:00,C,4849,1225219Z15008SXC11,2026-04-17 23:00:00,2026-04-18 07:00:00,36,27.0,0,Continuity (2-mould press)
2026-04-18 00:00:00,A,4849,1225219Z15008SXC11,2026-04-18 07:00:00,2026-04-18 15:00:00,36,27.0,0,Continuity (2-mould press)
2026-04-18 00:00:00,B,4849,1225219Z15008SXC11,2026-04-18 15:00:00,2026-04-18 23:00:00,36,27.0,0,Continuity (2-mould press)
2026-04-18 00:00:00,C,4849,1225219Z15008SXC11,2026-04-18 23:00:00,2026-04-19 07:00:00,36,27.0,0,Continuity (2-mould press)
2026-04-19 00:00:00,A,4849,1225219Z15008SXC11,2026-04-19 07:00:00,2026-04-19 15:00:00,36,27.0,0,Continuity (2-mould press)
2026-04-19 00:00:00,B,4849,1225219Z15008SXC11,2026-04-19 15:00:00,2026-04-19 23:00:00,36,27.0,0,Continuity (2-mould press)
2026-04-19 00:00:00,C,4849,1225219Z15008SXC11,2026-04-19 23:00:00,2026-04-20 07:00:00,36,27.0,0,Continuity (2-mould press)
2026-04-20 00:00:00,A,4849,1225219Z15008SXC11,2026-04-20 07:00:00,2026-04-20 15:00:00,36,27.0,0,Continuity (2-mould press)
2026-04-20 00:00:00,B,4849,1225219Z15008SXC11,2026-04-20 15:00:00,2026-04-20 23:00:00,36,27.0,0,Continuity (2-mould press)
2026-04-20 00:00:00,C,4849,1225219Z15008SXC11,2026-04-20 23:00:00,2026-04-21 07:00:00,36,27.0,0,Continuity (2-mould press)
2026-04-21 00:00:00,A,4849,1225219Z15008SXC11,2026-04-21 07:00:00,2026-04-21 15:00:00,36,27.0,0,Continuity (2-mould press)
2026-04-21 00:00:00,B,4849,1225219Z15008SXC11,2026-04-21 15:00:00,2026-04-21 23:00:00,36,27.0,0,Continuity (2-mould press)
2026-04-21 00:00:00,C,4849,1225219Z15008SXC11,2026-04-21 23:00:00,2026-04-22 07:00:00,36,27.0,0,Continuity (2-mould press)
2026-04-22 00:00:00,A,4849,1225219Z15008SXC11,2026-04-22 07:00:00,2026-04-22 15:00:00,36,27.0,0,Continuity (2-mould press)
2026-04-22 00:00:00,B,4849,1225219Z15008SXC11,2026-04-22 15:00:00,2026-04-22 23:00:00,36,27.0,0,Continuity (2-mould press)
2026-04-22 00:00:00,C,4849,1225219Z15008SXC11,2026-04-22 23:00:00,2026-04-23 07:00:00,36,27.0,0,Continuity (2-mould press)
2026-04-23 00:00:00,A,4849,1225219Z15008SXC11,2026-04-23 07:00:00,2026-04-23 07:54:00,4,27.0,0,Continuity (2-mould press)
2026-04-08 00:00:00,A,4850,1D25114012008QXPC0,2026-04-08 07:00:00,2026-04-08 15:00:00,51,19.0,0,Continuity (2-mould press)
2026-04-08 00:00:00,B,4850,1D25114012008QXPC0,2026-04-08 15:00:00,2026-04-08 23:00:00,51,19.0,0,Continuity (2-mould press)
2026-04-08 00:00:00,C,4850,1D25114012008QXPC0,2026-04-08 23:00:00,2026-04-09 07:00:00,51,19.0,0,Continuity (2-mould press)
2026-04-09 00:00:00,A,4850,1D25114012008QXPC0,2026-04-09 07:00:00,2026-04-09 15:00:00,51,19.0,0,Continuity (2-mould press)
2026-04-09 00:00:00,B,4850,1D25114012008QXPC0,2026-04-09 15:00:00,2026-04-09 23:00:00,51,19.0,0,Continuity (2-mould press)
2026-04-09 00:00:00,C,4850,1D25114012008QXPC0,2026-04-09 23:00:00,2026-04-10 07:00:00,51,19.0,0,Continuity (2-mould press)
2026-04-10 00:00:00,A,4850,1D25114012008QXPC0,2026-04-10 07:00:00,2026-04-10 15:00:00,51,19.0,0,Continuity (2-mould press)
2026-04-10 00:00:00,B,4850,1D25114012008QXPC0,2026-04-10 15:00:00,2026-04-10 23:00:00,51,19.0,0,Continuity (2-mould press)
2026-04-10 00:00:00,C,4850,1D25114012008QXPC0,2026-04-10 23:00:00,2026-04-11 07:00:00,51,19.0,0,Continuity (2-mould press)
2026-04-11 00:00:00,A,4850,1D25114012008QXPC0,2026-04-11 07:00:00,2026-04-11 15:00:00,51,19.0,0,Continuity (2-mould press)
2026-04-11 00:00:00,B,4850,1D25114012008QXPC0,2026-04-11 15:00:00,2026-04-11 23:00:00,51,19.0,0,Continuity (2-mould press)
2026-04-11 00:00:00,C,4850,1D25114012008QXPC0,2026-04-11 23:00:00,2026-04-12 07:00:00,51,19.0,0,Continuity (2-mould press)
2026-04-12 00:00:00,A,4850,1D25114012008QXPC0,2026-04-12 07:00:00,2026-04-12 15:00:00,51,19.0,0,Continuity (2-mould press)
2026-04-12 00:00:00,B,4850,1D25114012008QXPC0,2026-04-12 15:00:00,2026-04-12 23:00:00,51,19.0,0,Continuity (2-mould press)
2026-04-12 00:00:00,C,4850,1D25114012008QXPC0,2026-04-12 23:00:00,2026-04-13 07:00:00,51,19.0,0,Continuity (2-mould press)
2026-04-13 00:00:00,A,4850,1D25114012008QXPC0,2026-04-13 07:00:00,2026-04-13 15:00:00,51,19.0,0,Continuity (2-mould press)
2026-04-13 00:00:00,B,4850,1D25114012008QXPC0,2026-04-13 15:00:00,2026-04-13 23:00:00,51,19.0,0,Continuity (2-mould press)
2026-04-13 00:00:00,C,4850,1D25114012008QXPC0,2026-04-13 23:00:00,2026-04-14 07:00:00,51,19.0,0,Continuity (2-mould press)
2026-04-14 00:00:00,A,4850,1D25114012008QXPC0,2026-04-14 07:00:00,2026-04-14 15:00:00,51,19.0,0,Continuity (2-mould press)
2026-04-14 00:00:00,B,4850,1D25114012008QXPC0,2026-04-14 15:00:00,2026-04-14 23:00:00,51,19.0,0,Continuity (2-mould press)
2026-04-14 00:00:00,C,4850,1D25114012008QXPC0,2026-04-14 23:00:00,2026-04-15 07:00:00,51,19.0,0,Continuity (2-mould press)
2026-04-15 00:00:00,A,4850,1D25114012008QXPC0,2026-04-15 07:00:00,2026-04-15 15:00:00,51,19.0,0,Continuity (2-mould press)
2026-04-15 00:00:00,B,4850,1D25114012008QXPC0,2026-04-15 15:00:00,2026-04-15 23:00:00,51,19.0,0,Continuity (2-mould press)
2026-04-15 00:00:00,C,4850,1D25114012008QXPC0,2026-04-15 23:00:00,2026-04-16 07:00:00,51,19.0,0,Continuity (2-mould press)
2026-04-16 00:00:00,A,4850,1D25114012008QXPC0,2026-04-16 07:00:00,2026-04-16 15:00:00,51,19.0,0,Continuity (2-mould press)
2026-04-16 00:00:00,B,4850,1D25114012008QXPC0,2026-04-16 15:00:00,2026-04-16 23:00:00,51,19.0,0,Continuity (2-mould press)
2026-04-16 00:00:00,C,4850,1D25114012008QXPC0,2026-04-16 23:00:00,2026-04-17 07:00:00,51,19.0,0,Continuity (2-mould press)
2026-04-17 00:00:00,A,4850,1D25114012008QXPC0,2026-04-17 07:00:00,2026-04-17 15:00:00,51,19.0,0,Continuity (2-mould press)
2026-04-17 00:00:00,B,4850,1D25114012008QXPC0,2026-04-17 15:00:00,2026-04-17 23:00:00,51,19.0,0,Continuity (2-mould press)
2026-04-17 00:00:00,C,4850,1D25114012008QXPC0,2026-04-17 23:00:00,2026-04-18 07:00:00,51,19.0,0,Continuity (2-mould press)
2026-04-18 00:00:00,A,4850,1D25114012008QXPC0,2026-04-18 07:00:00,2026-04-18 15:00:00,51,19.0,0,Continuity (2-mould press)
2026-04-18 00:00:00,B,4850,1D25114012008QXPC0,2026-04-18 15:00:00,2026-04-18 23:00:00,51,19.0,0,Continuity (2-mould press)
2026-04-18 00:00:00,C,4850,1D25114012008QXPC0,2026-04-18 23:00:00,2026-04-19 07:00:00,51,19.0,0,Continuity (2-mould press)
2026-04-19 00:00:00,A,4850,1D25114012008QXPC0,2026-04-19 07:00:00,2026-04-19 15:00:00,51,19.0,0,Continuity (2-mould press)
2026-04-19 00:00:00,B,4850,1D25114012008QXPC0,2026-04-19 15:00:00,2026-04-19 23:00:00,51,19.0,0,Continuity (2-mould press)
2026-04-19 00:00:00,C,4850,1D25114012008QXPC0,2026-04-19 23:00:00,2026-04-20 07:00:00,51,19.0,0,Continuity (2-mould press)
2026-04-20 00:00:00,A,4850,1D25114012008QXPC0,2026-04-20 07:00:00,2026-04-20 15:00:00,51,19.0,0,Continuity (2-mould press)
2026-04-20 00:00:00,B,4850,1D25114012008QXPC0,2026-04-20 15:00:00,2026-04-20 23:00:00,51,19.0,0,Continuity (2-mould press)
2026-04-20 00:00:00,C,4850,1D25114012008QXPC0,2026-04-20 23:00:00,2026-04-21 07:00:00,51,19.0,0,Continuity (2-mould press)
2026-04-21 00:00:00,A,4850,1D25114012008QXPC0,2026-04-21 07:00:00,2026-04-21 15:00:00,51,19.0,0,Continuity (2-mould press)
2026-04-21 00:00:00,B,4850,1D25114012008QXPC0,2026-04-21 15:00:00,2026-04-21 23:00:00,51,19.0,0,Continuity (2-mould press)
2026-04-21 00:00:00,C,4850,1D25114012008QXPC0,2026-04-21 23:00:00,2026-04-22 07:00:00,51,19.0,0,Continuity (2-mould press)
2026-04-22 00:00:00,A,4850,1D25114012008QXPC0,2026-04-22 07:00:00,2026-04-22 15:00:00,51,19.0,0,Continuity (2-mould press)
2026-04-22 00:00:00,B,4850,1D25114012008QXPC0,2026-04-22 15:00:00,2026-04-22 23:00:00,51,19.0,0,Continuity (2-mould press)
2026-04-22 00:00:00,C,4850,1D25114012008QXPC0,2026-04-22 23:00:00,2026-04-23 07:00:00,51,19.0,0,Continuity (2-mould press)
2026-04-23 00:00:00,A,4850,1D25114012008QXPC0,2026-04-23 07:00:00,2026-04-23 15:00:00,51,19.0,0,Continuity (2-mould press)
2026-04-23 00:00:00,B,4850,1D25114012008QXPC0,2026-04-23 15:00:00,2026-04-23 23:00:00,51,19.0,0,Continuity (2-mould press)
2026-04-23 00:00:00,C,4850,1D25114012008QXPC0,2026-04-23 23:00:00,2026-04-24 07:00:00,51,19.0,0,Continuity (2-mould press)
2026-04-24 00:00:00,A,4850,1D25114012008QXPC0,2026-04-24 07:00:00,2026-04-24 15:00:00,51,19.0,0,Continuity (2-mould press)
2026-04-24 00:00:00,B,4850,1D25114012008QXPC0,2026-04-24 15:00:00,2026-04-24 23:00:00,51,19.0,0,Continuity (2-mould press)
2026-04-24 00:00:00,C,4850,1D25114012008QXPC0,2026-04-24 23:00:00,2026-04-25 07:00:00,51,19.0,0,Continuity (2-mould press)
2026-04-25 00:00:00,A,4850,1D25114012008QXPC0,2026-04-25 07:00:00,2026-04-25 15:00:00,51,19.0,0,Continuity (2-mould press)
2026-04-25 00:00:00,B,4850,1D25114012008QXPC0,2026-04-25 15:00:00,2026-04-25 23:00:00,51,19.0,0,Continuity (2-mould press)
2026-04-25 00:00:00,C,4850,1D25114012008QXPC0,2026-04-25 23:00:00,2026-04-26 07:00:00,51,19.0,0,Continuity (2-mould press)
2026-04-26 00:00:00,A,4850,1D25114012008QXPC0,2026-04-26 07:00:00,2026-04-26 15:00:00,51,19.0,0,Continuity (2-mould press)
2026-04-26 00:00:00,B,4850,1D25114012008QXPC0,2026-04-26 15:00:00,2026-04-26 23:00:00,51,19.0,0,Continuity (2-mould press)
2026-04-26 00:00:00,C,4850,1D25114012008QXPC0,2026-04-26 23:00:00,2026-04-27 07:00:00,51,19.0,0,Continuity (2-mould press)
2026-04-27 00:00:00,A,4850,1D25114012008QXPC0,2026-04-27 07:00:00,2026-04-27 15:00:00,51,19.0,0,Continuity (2-mould press)
2026-04-27 00:00:00,B,4850,1D25114012008QXPC0,2026-04-27 15:00:00,2026-04-27 23:00:00,51,19.0,0,Continuity (2-mould press)
2026-04-27 00:00:00,C,4850,1D25114012008QXPC0,2026-04-27 23:00:00,2026-04-28 07:00:00,51,19.0,0,Continuity (2-mould press)
2026-04-28 00:00:00,A,4850,1D25114012008QXPC0,2026-04-28 07:00:00,2026-04-28 15:00:00,51,19.0,0,Continuity (2-mould press)
2026-04-28 00:00:00,B,4850,1D25114012008QXPC0,2026-04-28 15:00:00,2026-04-28 23:00:00,51,19.0,0,Continuity (2-mould press)
2026-04-28 00:00:00,C,4850,1D25114012008QXPC0,2026-04-28 23:00:00,2026-04-29 07:00:00,51,19.0,0,Continuity (2-mould press)
2026-04-29 00:00:00,A,4850,1D25114012008QXPC0,2026-04-29 07:00:00,2026-04-29 15:00:00,51,19.0,0,Continuity (2-mould press)
2026-04-29 00:00:00,B,4850,1D25114012008QXPC0,2026-04-29 15:00:00,2026-04-29 23:00:00,51,19.0,0,Continuity (2-mould press)
2026-04-29 00:00:00,C,4850,1D25114012008QXPC0,2026-04-29 23:00:00,2026-04-30 07:00:00,51,19.0,0,Continuity (2-mould press)
2026-04-30 00:00:00,A,4850,1D25114012008QXPC0,2026-04-30 07:00:00,2026-04-30 15:00:00,51,19.0,0,Continuity (2-mould press)
2026-04-30 00:00:00,B,4850,1D25114012008QXPC0,2026-04-30 15:00:00,2026-04-30 23:00:00,51,19.0,0,Continuity (2-mould press)
2026-04-30 00:00:00,C,4850,1D25114012008QXPC0,2026-04-30 23:00:00,2026-05-01 07:00:00,51,19.0,0,Continuity (2-mould press)
2026-05-01 00:00:00,A,4850,1D25114012008QXPC0,2026-05-01 07:00:00,2026-05-01 15:00:00,51,19.0,0,Continuity (2-mould press)
2026-05-01 00:00:00,B,4850,1D25114012008QXPC0,2026-05-01 15:00:00,2026-05-01 23:00:00,51,19.0,0,Continuity (2-mould press)
2026-05-01 00:00:00,C,4850,1D25114012008QXPC0,2026-05-01 23:00:00,2026-05-02 00:41:00,11,19.0,0,Continuity (2-mould press)
2026-04-08 00:00:00,A,4851,1D25216814008QXPC0,2026-04-08 07:00:00,2026-04-08 15:00:00,48,20.0,0,Continuity (2-mould press)
2026-04-08 00:00:00,B,4851,1D25216814008QXPC0,2026-04-08 15:00:00,2026-04-08 23:00:00,48,20.0,0,Continuity (2-mould press)
2026-04-08 00:00:00,C,4851,1D25216814008QXPC0,2026-04-08 23:00:00,2026-04-09 07:00:00,48,20.0,0,Continuity (2-mould press)
2026-04-09 00:00:00,A,4851,1D25216814008QXPC0,2026-04-09 07:00:00,2026-04-09 15:00:00,48,20.0,0,Continuity (2-mould press)
2026-04-09 00:00:00,B,4851,1D25216814008QXPC0,2026-04-09 15:00:00,2026-04-09 23:00:00,48,20.0,0,Continuity (2-mould press)
2026-04-09 00:00:00,C,4851,1D25216814008QXPC0,2026-04-09 23:00:00,2026-04-10 07:00:00,48,20.0,0,Continuity (2-mould press)
2026-04-10 00:00:00,A,4851,1D25216814008QXPC0,2026-04-10 07:00:00,2026-04-10 15:00:00,48,20.0,0,Continuity (2-mould press)
2026-04-10 00:00:00,B,4851,1D25216814008QXPC0,2026-04-10 15:00:00,2026-04-10 23:00:00,48,20.0,0,Continuity (2-mould press)
2026-04-10 00:00:00,C,4851,1D25216814008QXPC0,2026-04-10 23:00:00,2026-04-11 07:00:00,48,20.0,0,Continuity (2-mould press)
2026-04-11 00:00:00,A,4851,1D25216814008QXPC0,2026-04-11 07:00:00,2026-04-11 15:00:00,48,20.0,0,Continuity (2-mould press)
2026-04-11 00:00:00,B,4851,1D25216814008QXPC0,2026-04-11 15:00:00,2026-04-11 23:00:00,48,20.0,0,Continuity (2-mould press)
2026-04-11 00:00:00,C,4851,1D25216814008QXPC0,2026-04-11 23:00:00,2026-04-12 07:00:00,48,20.0,0,Continuity (2-mould press)
2026-04-12 00:00:00,A,4851,1D25216814008QXPC0,2026-04-12 07:00:00,2026-04-12 15:00:00,48,20.0,0,Continuity (2-mould press)
2026-04-12 00:00:00,B,4851,1D25216814008QXPC0,2026-04-12 15:00:00,2026-04-12 23:00:00,48,20.0,0,Continuity (2-mould press)
2026-04-12 00:00:00,C,4851,1D25216814008QXPC0,2026-04-12 23:00:00,2026-04-13 07:00:00,48,20.0,0,Continuity (2-mould press)
2026-04-13 00:00:00,A,4851,1D25216814008QXPC0,2026-04-13 07:00:00,2026-04-13 15:00:00,48,20.0,0,Continuity (2-mould press)
2026-04-13 00:00:00,B,4851,1D25216814008QXPC0,2026-04-13 15:00:00,2026-04-13 23:00:00,48,20.0,0,Continuity (2-mould press)
2026-04-13 00:00:00,C,4851,1D25216814008QXPC0,2026-04-13 23:00:00,2026-04-14 07:00:00,48,20.0,0,Continuity (2-mould press)
2026-04-14 00:00:00,A,4851,1D25216814008QXPC0,2026-04-14 07:00:00,2026-04-14 15:00:00,48,20.0,0,Continuity (2-mould press)
2026-04-14 00:00:00,B,4851,1D25216814008QXPC0,2026-04-14 15:00:00,2026-04-14 23:00:00,48,20.0,0,Continuity (2-mould press)
2026-04-14 00:00:00,C,4851,1D25216814008QXPC0,2026-04-14 23:00:00,2026-04-15 07:00:00,48,20.0,0,Continuity (2-mould press)
2026-04-15 00:00:00,A,4851,1D25216814008QXPC0,2026-04-15 07:00:00,2026-04-15 15:00:00,48,20.0,0,Continuity (2-mould press)
2026-04-15 00:00:00,B,4851,1D25216814008QXPC0,2026-04-15 15:00:00,2026-04-15 23:00:00,48,20.0,0,Continuity (2-mould press)
2026-04-15 00:00:00,C,4851,1D25216814008QXPC0,2026-04-15 23:00:00,2026-04-16 07:00:00,48,20.0,0,Continuity (2-mould press)
2026-04-16 00:00:00,A,4851,1D25216814008QXPC0,2026-04-16 07:00:00,2026-04-16 15:00:00,48,20.0,0,Continuity (2-mould press)
2026-04-16 00:00:00,B,4851,1D25216814008QXPC0,2026-04-16 15:00:00,2026-04-16 23:00:00,48,20.0,0,Continuity (2-mould press)
2026-04-16 00:00:00,C,4851,1D25216814008QXPC0,2026-04-16 23:00:00,2026-04-17 07:00:00,48,20.0,0,Continuity (2-mould press)
2026-04-17 00:00:00,A,4851,1D25216814008QXPC0,2026-04-17 07:00:00,2026-04-17 15:00:00,48,20.0,0,Continuity (2-mould press)
2026-04-17 00:00:00,B,4851,1D25216814008QXPC0,2026-04-17 15:00:00,2026-04-17 23:00:00,48,20.0,0,Continuity (2-mould press)
2026-04-17 00:00:00,C,4851,1D25216814008QXPC0,2026-04-17 23:00:00,2026-04-18 07:00:00,48,20.0,0,Continuity (2-mould press)
2026-04-18 00:00:00,A,4851,1D25216814008QXPC0,2026-04-18 07:00:00,2026-04-18 15:00:00,48,20.0,0,Continuity (2-mould press)
2026-04-18 00:00:00,B,4851,1D25216814008QXPC0,2026-04-18 15:00:00,2026-04-18 23:00:00,48,20.0,0,Continuity (2-mould press)
2026-04-18 00:00:00,C,4851,1D25216814008QXPC0,2026-04-18 23:00:00,2026-04-19 07:00:00,48,20.0,0,Continuity (2-mould press)
2026-04-19 00:00:00,A,4851,1D25216814008QXPC0,2026-04-19 07:00:00,2026-04-19 15:00:00,48,20.0,0,Continuity (2-mould press)
2026-04-19 00:00:00,B,4851,1D25216814008QXPC0,2026-04-19 15:00:00,2026-04-19 23:00:00,48,20.0,0,Continuity (2-mould press)
2026-04-19 00:00:00,C,4851,1D25216814008QXPC0,2026-04-19 23:00:00,2026-04-20 07:00:00,48,20.0,0,Continuity (2-mould press)
2026-04-20 00:00:00,A,4851,1D25216814008QXPC0,2026-04-20 07:00:00,2026-04-20 15:00:00,48,20.0,0,Continuity (2-mould press)
2026-04-20 00:00:00,B,4851,1D25216814008QXPC0,2026-04-20 15:00:00,2026-04-20 23:00:00,48,20.0,0,Continuity (2-mould press)
2026-04-20 00:00:00,C,4851,1D25216814008QXPC0,2026-04-20 23:00:00,2026-04-21 07:00:00,48,20.0,0,Continuity (2-mould press)
2026-04-21 00:00:00,A,4851,1D25216814008QXPC0,2026-04-21 07:00:00,2026-04-21 15:00:00,48,20.0,0,Continuity (2-mould press)
2026-04-21 00:00:00,B,4851,1D25216814008QXPC0,2026-04-21 15:00:00,2026-04-21 23:00:00,48,20.0,0,Continuity (2-mould press)
2026-04-21 00:00:00,C,4851,1D25216814008QXPC0,2026-04-21 23:00:00,2026-04-22 07:00:00,48,20.0,0,Continuity (2-mould press)
2026-04-22 00:00:00,A,4851,1D25216814008QXPC0,2026-04-22 07:00:00,2026-04-22 15:00:00,48,20.0,0,Continuity (2-mould press)
2026-04-22 00:00:00,B,4851,1D25216814008QXPC0,2026-04-22 15:00:00,2026-04-22 17:40:00,16,20.0,0,Continuity (2-mould press)
2026-04-22 00:00:00,B,4851,MOULD_CLEAN,2026-04-22 17:40:00,2026-04-22 20:40:00,0,0.0,0,Mould cleaning (continuity)
2026-04-22 00:00:00,B,4851,1D25216814008QXPC0,2026-04-22 20:40:00,2026-04-22 23:00:00,14,20.0,0,Continuity (2-mould press)
2026-04-22 00:00:00,C,4851,1D25216814008QXPC0,2026-04-22 23:00:00,2026-04-23 07:00:00,48,20.0,0,Continuity (2-mould press)
2026-04-23 00:00:00,A,4851,1D25216814008QXPC0,2026-04-23 07:00:00,2026-04-23 15:00:00,48,20.0,0,Continuity (2-mould press)
2026-04-23 00:00:00,B,4851,1D25216814008QXPC0,2026-04-23 15:00:00,2026-04-23 23:00:00,48,20.0,0,Continuity (2-mould press)
2026-04-23 00:00:00,C,4851,1D25216814008QXPC0,2026-04-23 23:00:00,2026-04-24 07:00:00,48,20.0,0,Continuity (2-mould press)
2026-04-24 00:00:00,A,4851,1D25216814008QXPC0,2026-04-24 07:00:00,2026-04-24 15:00:00,48,20.0,0,Continuity (2-mould press)
2026-04-24 00:00:00,B,4851,1D25216814008QXPC0,2026-04-24 15:00:00,2026-04-24 23:00:00,48,20.0,0,Continuity (2-mould press)
2026-04-24 00:00:00,C,4851,1D25216814008QXPC0,2026-04-24 23:00:00,2026-04-25 07:00:00,48,20.0,0,Continuity (2-mould press)
2026-04-25 00:00:00,A,4851,1D25216814008QXPC0,2026-04-25 07:00:00,2026-04-25 15:00:00,48,20.0,0,Continuity (2-mould press)
2026-04-25 00:00:00,B,4851,1D25216814008QXPC0,2026-04-25 15:00:00,2026-04-25 23:00:00,48,20.0,0,Continuity (2-mould press)
2026-04-25 00:00:00,C,4851,1D25216814008QXPC0,2026-04-25 23:00:00,2026-04-26 07:00:00,48,20.0,0,Continuity (2-mould press)
2026-04-26 00:00:00,A,4851,1D25216814008QXPC0,2026-04-26 07:00:00,2026-04-26 15:00:00,48,20.0,0,Continuity (2-mould press)
2026-04-26 00:00:00,B,4851,1D25216814008QXPC0,2026-04-26 15:00:00,2026-04-26 23:00:00,48,20.0,0,Continuity (2-mould press)
2026-04-26 00:00:00,C,4851,1D25216814008QXPC0,2026-04-26 23:00:00,2026-04-27 07:00:00,48,20.0,0,Continuity (2-mould press)
2026-04-27 00:00:00,A,4851,1D25216814008QXPC0,2026-04-27 07:00:00,2026-04-27 15:00:00,48,20.0,0,Continuity (2-mould press)
2026-04-27 00:00:00,B,4851,1D25216814008QXPC0,2026-04-27 15:00:00,2026-04-27 23:00:00,48,20.0,0,Continuity (2-mould press)
2026-04-27 00:00:00,C,4851,1D25216814008QXPC0,2026-04-27 23:00:00,2026-04-28 07:00:00,48,20.0,0,Continuity (2-mould press)
2026-04-28 00:00:00,A,4851,1D25216814008QXPC0,2026-04-28 07:00:00,2026-04-28 15:00:00,48,20.0,0,Continuity (2-mould press)
2026-04-28 00:00:00,B,4851,1D25216814008QXPC0,2026-04-28 15:00:00,2026-04-28 23:00:00,48,20.0,0,Continuity (2-mould press)
2026-04-28 00:00:00,C,4851,1D25216814008QXPC0,2026-04-28 23:00:00,2026-04-29 07:00:00,48,20.0,0,Continuity (2-mould press)
2026-04-29 00:00:00,A,4851,1D25216814008QXPC0,2026-04-29 07:00:00,2026-04-29 15:00:00,48,20.0,0,Continuity (2-mould press)
2026-04-29 00:00:00,B,4851,1D25216814008QXPC0,2026-04-29 15:00:00,2026-04-29 23:00:00,48,20.0,0,Continuity (2-mould press)
2026-04-29 00:00:00,C,4851,1D25216814008QXPC0,2026-04-29 23:00:00,2026-04-30 07:00:00,48,20.0,0,Continuity (2-mould press)
2026-04-30 00:00:00,A,4851,1D25216814008QXPC0,2026-04-30 07:00:00,2026-04-30 15:00:00,48,20.0,0,Continuity (2-mould press)
2026-04-30 00:00:00,B,4851,1D25216814008QXPC0,2026-04-30 15:00:00,2026-04-30 23:00:00,48,20.0,0,Continuity (2-mould press)
2026-04-30 00:00:00,C,4851,1D25216814008QXPC0,2026-04-30 23:00:00,2026-05-01 07:00:00,48,20.0,0,Continuity (2-mould press)
2026-05-01 00:00:00,A,4851,1D25216814008QXPC0,2026-05-01 07:00:00,2026-05-01 15:00:00,48,20.0,0,Continuity (2-mould press)
2026-05-01 00:00:00,B,4851,1D25216814008QXPC0,2026-05-01 15:00:00,2026-05-01 23:00:00,48,20.0,0,Continuity (2-mould press)
2026-05-01 00:00:00,C,4851,1D25216814008QXPC0,2026-05-01 23:00:00,2026-05-02 07:00:00,48,20.0,0,Continuity (2-mould press)
2026-05-02 00:00:00,A,4851,1D25216814008QXPC0,2026-05-02 07:00:00,2026-05-02 15:00:00,48,20.0,0,Continuity (2-mould press)
2026-05-02 00:00:00,B,4851,1D25216814008QXPC0,2026-05-02 15:00:00,2026-05-02 23:00:00,48,20.0,0,Continuity (2-mould press)
2026-05-02 00:00:00,C,4851,1D25216814008QXPC0,2026-05-02 23:00:00,2026-05-03 07:00:00,48,20.0,0,Continuity (2-mould press)
2026-05-03 00:00:00,A,4851,1D25216814008QXPC0,2026-05-03 07:00:00,2026-05-03 15:00:00,48,20.0,0,Continuity (2-mould press)
2026-05-03 00:00:00,B,4851,1D25216814008QXPC0,2026-05-03 15:00:00,2026-05-03 23:00:00,48,20.0,0,Continuity (2-mould press)
2026-05-03 00:00:00,C,4851,1D25216814008QXPC0,2026-05-03 23:00:00,2026-05-04 07:00:00,48,20.0,0,Continuity (2-mould press)
2026-04-08 00:00:00,A,4852,1D25215013008SXC10,2026-04-08 07:00:00,2026-04-08 15:00:00,51,19.0,0,Continuity (2-mould press)
2026-04-08 00:00:00,B,4852,1D25215013008SXC10,2026-04-08 15:00:00,2026-04-08 23:00:00,51,19.0,0,Continuity (2-mould press)
2026-04-08 00:00:00,C,4852,1D25215013008SXC10,2026-04-08 23:00:00,2026-04-09 07:00:00,51,19.0,0,Continuity (2-mould press)
2026-04-09 00:00:00,A,4852,1D25215013008SXC10,2026-04-09 07:00:00,2026-04-09 15:00:00,51,19.0,0,Continuity (2-mould press)
2026-04-09 00:00:00,B,4852,1D25215013008SXC10,2026-04-09 15:00:00,2026-04-09 23:00:00,51,19.0,0,Continuity (2-mould press)
2026-04-09 00:00:00,C,4852,1D25215013008SXC10,2026-04-09 23:00:00,2026-04-10 07:00:00,51,19.0,0,Continuity (2-mould press)
2026-04-10 00:00:00,A,4852,1D25215013008SXC10,2026-04-10 07:00:00,2026-04-10 15:00:00,51,19.0,0,Continuity (2-mould press)
2026-04-10 00:00:00,B,4852,1D25215013008SXC10,2026-04-10 15:00:00,2026-04-10 23:00:00,51,19.0,0,Continuity (2-mould press)
2026-04-10 00:00:00,C,4852,1D25215013008SXC10,2026-04-10 23:00:00,2026-04-11 07:00:00,51,19.0,0,Continuity (2-mould press)
2026-04-11 00:00:00,A,4852,1D25215013008SXC10,2026-04-11 07:00:00,2026-04-11 15:00:00,51,19.0,0,Continuity (2-mould press)
2026-04-11 00:00:00,B,4852,1D25215013008SXC10,2026-04-11 15:00:00,2026-04-11 23:00:00,51,19.0,0,Continuity (2-mould press)
2026-04-11 00:00:00,C,4852,1D25215013008SXC10,2026-04-11 23:00:00,2026-04-12 07:00:00,51,19.0,0,Continuity (2-mould press)
2026-04-12 00:00:00,A,4852,1D25215013008SXC10,2026-04-12 07:00:00,2026-04-12 15:00:00,51,19.0,0,Continuity (2-mould press)
2026-04-12 00:00:00,B,4852,1D25215013008SXC10,2026-04-12 15:00:00,2026-04-12 23:00:00,51,19.0,0,Continuity (2-mould press)
2026-04-12 00:00:00,C,4852,1D25215013008SXC10,2026-04-12 23:00:00,2026-04-13 07:00:00,51,19.0,0,Continuity (2-mould press)
2026-04-13 00:00:00,A,4852,1D25215013008SXC10,2026-04-13 07:00:00,2026-04-13 15:00:00,51,19.0,0,Continuity (2-mould press)
2026-04-13 00:00:00,B,4852,1D25215013008SXC10,2026-04-13 15:00:00,2026-04-13 23:00:00,51,19.0,0,Continuity (2-mould press)
2026-04-13 00:00:00,C,4852,1D25215013008SXC10,2026-04-13 23:00:00,2026-04-14 07:00:00,51,19.0,0,Continuity (2-mould press)
2026-04-14 00:00:00,A,4852,1D25215013008SXC10,2026-04-14 07:00:00,2026-04-14 15:00:00,51,19.0,0,Continuity (2-mould press)
2026-04-14 00:00:00,B,4852,1D25215013008SXC10,2026-04-14 15:00:00,2026-04-14 23:00:00,51,19.0,0,Continuity (2-mould press)
2026-04-14 00:00:00,C,4852,1D25215013008SXC10,2026-04-14 23:00:00,2026-04-15 07:00:00,51,19.0,0,Continuity (2-mould press)
2026-04-15 00:00:00,A,4852,1D25215013008SXC10,2026-04-15 07:00:00,2026-04-15 15:00:00,51,19.0,0,Continuity (2-mould press)
2026-04-15 00:00:00,B,4852,1D25215013008SXC10,2026-04-15 15:00:00,2026-04-15 23:00:00,51,19.0,0,Continuity (2-mould press)
2026-04-15 00:00:00,C,4852,1D25215013008SXC10,2026-04-15 23:00:00,2026-04-16 07:00:00,51,19.0,0,Continuity (2-mould press)
2026-04-16 00:00:00,A,4852,1D25215013008SXC10,2026-04-16 07:00:00,2026-04-16 15:00:00,51,19.0,0,Continuity (2-mould press)
2026-04-16 00:00:00,B,4852,1D25215013008SXC10,2026-04-16 15:00:00,2026-04-16 23:00:00,51,19.0,0,Continuity (2-mould press)
2026-04-16 00:00:00,C,4852,1D25215013008SXC10,2026-04-16 23:00:00,2026-04-17 07:00:00,51,19.0,0,Continuity (2-mould press)
2026-04-17 00:00:00,A,4852,1D25215013008SXC10,2026-04-17 07:00:00,2026-04-17 15:00:00,51,19.0,0,Continuity (2-mould press)
2026-04-17 00:00:00,B,4852,1D25215013008SXC10,2026-04-17 15:00:00,2026-04-17 23:00:00,51,19.0,0,Continuity (2-mould press)
2026-04-17 00:00:00,C,4852,1D25215013008SXC10,2026-04-17 23:00:00,2026-04-18 07:00:00,51,19.0,0,Continuity (2-mould press)
2026-04-18 00:00:00,A,4852,1D25215013008SXC10,2026-04-18 07:00:00,2026-04-18 15:00:00,51,19.0,0,Continuity (2-mould press)
2026-04-18 00:00:00,B,4852,1D25215013008SXC10,2026-04-18 15:00:00,2026-04-18 23:00:00,51,19.0,0,Continuity (2-mould press)
2026-04-18 00:00:00,C,4852,1D25215013008SXC10,2026-04-18 23:00:00,2026-04-19 07:00:00,51,19.0,0,Continuity (2-mould press)
2026-04-19 00:00:00,A,4852,1D25215013008SXC10,2026-04-19 07:00:00,2026-04-19 15:00:00,51,19.0,0,Continuity (2-mould press)
2026-04-19 00:00:00,B,4852,1D25215013008SXC10,2026-04-19 15:00:00,2026-04-19 23:00:00,51,19.0,0,Continuity (2-mould press)
2026-04-19 00:00:00,C,4852,1D25215013008SXC10,2026-04-19 23:00:00,2026-04-20 07:00:00,51,19.0,0,Continuity (2-mould press)
2026-04-20 00:00:00,A,4852,1D25215013008SXC10,2026-04-20 07:00:00,2026-04-20 15:00:00,51,19.0,0,Continuity (2-mould press)
2026-04-20 00:00:00,B,4852,1D25215013008SXC10,2026-04-20 15:00:00,2026-04-20 23:00:00,51,19.0,0,Continuity (2-mould press)
2026-04-20 00:00:00,C,4852,1D25215013008SXC10,2026-04-20 23:00:00,2026-04-21 07:00:00,51,19.0,0,Continuity (2-mould press)
2026-04-21 00:00:00,A,4852,1D25215013008SXC10,2026-04-21 07:00:00,2026-04-21 15:00:00,51,19.0,0,Continuity (2-mould press)
2026-04-21 00:00:00,B,4852,1D25215013008SXC10,2026-04-21 15:00:00,2026-04-21 23:00:00,51,19.0,0,Continuity (2-mould press)
2026-04-21 00:00:00,C,4852,1D25215013008SXC10,2026-04-21 23:00:00,2026-04-22 07:00:00,51,19.0,0,Continuity (2-mould press)
2026-04-22 00:00:00,A,4852,1D25215013008SXC10,2026-04-22 07:00:00,2026-04-22 15:00:00,51,19.0,0,Continuity (2-mould press)
2026-04-22 00:00:00,B,4852,1D25215013008SXC10,2026-04-22 15:00:00,2026-04-22 23:00:00,51,19.0,0,Continuity (2-mould press)
2026-04-22 00:00:00,C,4852,1D25215013008SXC10,2026-04-22 23:00:00,2026-04-23 07:00:00,51,19.0,0,Continuity (2-mould press)
2026-04-23 00:00:00,A,4852,1D25215013008SXC10,2026-04-23 07:00:00,2026-04-23 15:00:00,51,19.0,0,Continuity (2-mould press)
2026-04-23 00:00:00,B,4852,1D25215013008SXC10,2026-04-23 15:00:00,2026-04-23 23:00:00,51,19.0,0,Continuity (2-mould press)
2026-04-23 00:00:00,C,4852,1D25215013008SXC10,2026-04-23 23:00:00,2026-04-24 07:00:00,51,19.0,0,Continuity (2-mould press)
2026-04-24 00:00:00,A,4852,1D25215013008SXC10,2026-04-24 07:00:00,2026-04-24 15:00:00,51,19.0,0,Continuity (2-mould press)
2026-04-24 00:00:00,B,4852,1D25215013008SXC10,2026-04-24 15:00:00,2026-04-24 23:00:00,51,19.0,0,Continuity (2-mould press)
2026-04-24 00:00:00,C,4852,1D25215013008SXC10,2026-04-24 23:00:00,2026-04-25 07:00:00,51,19.0,0,Continuity (2-mould press)
2026-04-25 00:00:00,A,4852,1D25215013008SXC10,2026-04-25 07:00:00,2026-04-25 15:00:00,51,19.0,0,Continuity (2-mould press)
2026-04-25 00:00:00,B,4852,1D25215013008SXC10,2026-04-25 15:00:00,2026-04-25 23:00:00,51,19.0,0,Continuity (2-mould press)
2026-04-25 00:00:00,C,4852,1D25215013008SXC10,2026-04-25 23:00:00,2026-04-26 07:00:00,51,19.0,0,Continuity (2-mould press)
2026-04-26 00:00:00,A,4852,1D25215013008SXC10,2026-04-26 07:00:00,2026-04-26 15:00:00,51,19.0,0,Continuity (2-mould press)
2026-04-26 00:00:00,B,4852,1D25215013008SXC10,2026-04-26 15:00:00,2026-04-26 23:00:00,51,19.0,0,Continuity (2-mould press)
2026-04-26 00:00:00,C,4852,1D25215013008SXC10,2026-04-26 23:00:00,2026-04-27 07:00:00,51,19.0,0,Continuity (2-mould press)
2026-04-27 00:00:00,A,4852,1D25215013008SXC10,2026-04-27 07:00:00,2026-04-27 15:00:00,51,19.0,0,Continuity (2-mould press)
2026-04-27 00:00:00,B,4852,1D25215013008SXC10,2026-04-27 15:00:00,2026-04-27 23:00:00,51,19.0,0,Continuity (2-mould press)
2026-04-27 00:00:00,C,4852,1D25215013008SXC10,2026-04-27 23:00:00,2026-04-28 07:00:00,51,19.0,0,Continuity (2-mould press)
2026-04-28 00:00:00,A,4852,1D25215013008SXC10,2026-04-28 07:00:00,2026-04-28 15:00:00,51,19.0,0,Continuity (2-mould press)
2026-04-28 00:00:00,B,4852,1D25215013008SXC10,2026-04-28 15:00:00,2026-04-28 23:00:00,51,19.0,0,Continuity (2-mould press)
2026-04-28 00:00:00,C,4852,1D25215013008SXC10,2026-04-28 23:00:00,2026-04-29 07:00:00,51,19.0,0,Continuity (2-mould press)
2026-04-29 00:00:00,A,4852,1D25215013008SXC10,2026-04-29 07:00:00,2026-04-29 15:00:00,51,19.0,0,Continuity (2-mould press)
2026-04-29 00:00:00,B,4852,1D25215013008SXC10,2026-04-29 15:00:00,2026-04-29 23:00:00,51,19.0,0,Continuity (2-mould press)
2026-04-29 00:00:00,C,4852,1D25215013008SXC10,2026-04-29 23:00:00,2026-04-30 07:00:00,51,19.0,0,Continuity (2-mould press)
2026-04-30 00:00:00,A,4852,1D25215013008SXC10,2026-04-30 07:00:00,2026-04-30 07:12:00,1,19.0,0,Continuity (2-mould press)
2026-04-08 00:00:00,A,4853,1325221318095HURL0,2026-04-08 07:00:00,2026-04-08 15:00:00,51,19.0,0,Continuity (2-mould press)
2026-04-08 00:00:00,B,4853,1325221318095HURL0,2026-04-08 15:00:00,2026-04-08 23:00:00,51,19.0,0,Continuity (2-mould press)
2026-04-08 00:00:00,C,4853,1325221318095HURL0,2026-04-08 23:00:00,2026-04-09 07:00:00,51,19.0,0,Continuity (2-mould press)
2026-04-09 00:00:00,A,4853,1325221318095HURL0,2026-04-09 07:00:00,2026-04-09 15:00:00,51,19.0,0,Continuity (2-mould press)
2026-04-09 00:00:00,B,4853,1325221318095HURL0,2026-04-09 15:00:00,2026-04-09 23:00:00,51,19.0,0,Continuity (2-mould press)
2026-04-09 00:00:00,C,4853,1325221318095HURL0,2026-04-09 23:00:00,2026-04-10 07:00:00,51,19.0,0,Continuity (2-mould press)
2026-04-10 00:00:00,A,4853,1325221318095HURL0,2026-04-10 07:00:00,2026-04-10 15:00:00,51,19.0,0,Continuity (2-mould press)
2026-04-10 00:00:00,B,4853,1325221318095HURL0,2026-04-10 15:00:00,2026-04-10 23:00:00,51,19.0,0,Continuity (2-mould press)
2026-04-10 00:00:00,C,4853,1325221318095HURL0,2026-04-10 23:00:00,2026-04-11 07:00:00,51,19.0,0,Continuity (2-mould press)
2026-04-11 00:00:00,A,4853,1325221318095HURL0,2026-04-11 07:00:00,2026-04-11 15:00:00,51,19.0,0,Continuity (2-mould press)
2026-04-11 00:00:00,B,4853,1325221318095HURL0,2026-04-11 15:00:00,2026-04-11 23:00:00,51,19.0,0,Continuity (2-mould press)
2026-04-11 00:00:00,C,4853,1325221318095HURL0,2026-04-11 23:00:00,2026-04-12 07:00:00,51,19.0,0,Continuity (2-mould press)
2026-04-12 00:00:00,A,4853,1325221318095HURL0,2026-04-12 07:00:00,2026-04-12 15:00:00,51,19.0,0,Continuity (2-mould press)
2026-04-12 00:00:00,B,4853,1325221318095HURL0,2026-04-12 15:00:00,2026-04-12 23:00:00,51,19.0,0,Continuity (2-mould press)
2026-04-12 00:00:00,C,4853,1325221318095HURL0,2026-04-12 23:00:00,2026-04-13 07:00:00,51,19.0,0,Continuity (2-mould press)
2026-04-13 00:00:00,A,4853,1325221318095HURL0,2026-04-13 07:00:00,2026-04-13 15:00:00,51,19.0,0,Continuity (2-mould press)
2026-04-13 00:00:00,B,4853,1325221318095HURL0,2026-04-13 15:00:00,2026-04-13 23:00:00,51,19.0,0,Continuity (2-mould press)
2026-04-13 00:00:00,C,4853,1325221318095HURL0,2026-04-13 23:00:00,2026-04-14 07:00:00,51,19.0,0,Continuity (2-mould press)
2026-04-14 00:00:00,A,4853,1325221318095HURL0,2026-04-14 07:00:00,2026-04-14 15:00:00,51,19.0,0,Continuity (2-mould press)
2026-04-14 00:00:00,B,4853,1325221318095HURL0,2026-04-14 15:00:00,2026-04-14 23:00:00,51,19.0,0,Continuity (2-mould press)
2026-04-14 00:00:00,C,4853,1325221318095HURL0,2026-04-14 23:00:00,2026-04-15 07:00:00,51,19.0,0,Continuity (2-mould press)
2026-04-15 00:00:00,A,4853,1325221318095HURL0,2026-04-15 07:00:00,2026-04-15 15:00:00,51,19.0,0,Continuity (2-mould press)
2026-04-15 00:00:00,B,4853,1325221318095HURL0,2026-04-15 15:00:00,2026-04-15 23:00:00,51,19.0,0,Continuity (2-mould press)
2026-04-15 00:00:00,C,4853,1325221318095HURL0,2026-04-15 23:00:00,2026-04-16 07:00:00,51,19.0,0,Continuity (2-mould press)
2026-04-16 00:00:00,A,4853,1325221318095HURL0,2026-04-16 07:00:00,2026-04-16 15:00:00,51,19.0,0,Continuity (2-mould press)
2026-04-16 00:00:00,B,4853,1325221318095HURL0,2026-04-16 15:00:00,2026-04-16 23:00:00,51,19.0,0,Continuity (2-mould press)
2026-04-16 00:00:00,C,4853,1325221318095HURL0,2026-04-16 23:00:00,2026-04-17 07:00:00,51,19.0,0,Continuity (2-mould press)
2026-04-17 00:00:00,A,4853,1325221318095HURL0,2026-04-17 07:00:00,2026-04-17 15:00:00,51,19.0,0,Continuity (2-mould press)
2026-04-17 00:00:00,B,4853,1325221318095HURL0,2026-04-17 15:00:00,2026-04-17 23:00:00,51,19.0,0,Continuity (2-mould press)
2026-04-17 00:00:00,C,4853,1325221318095HURL0,2026-04-17 23:00:00,2026-04-18 07:00:00,51,19.0,0,Continuity (2-mould press)
2026-04-18 00:00:00,A,4853,1325221318095HURL0,2026-04-18 07:00:00,2026-04-18 15:00:00,51,19.0,0,Continuity (2-mould press)
2026-04-18 00:00:00,B,4853,1325221318095HURL0,2026-04-18 15:00:00,2026-04-18 23:00:00,51,19.0,0,Continuity (2-mould press)
2026-04-18 00:00:00,C,4853,1325221318095HURL0,2026-04-18 23:00:00,2026-04-19 07:00:00,51,19.0,0,Continuity (2-mould press)
2026-04-19 00:00:00,A,4853,1325221318095HURL0,2026-04-19 07:00:00,2026-04-19 15:00:00,51,19.0,0,Continuity (2-mould press)
2026-04-19 00:00:00,B,4853,1325221318095HURL0,2026-04-19 15:00:00,2026-04-19 23:00:00,51,19.0,0,Continuity (2-mould press)
2026-04-19 00:00:00,C,4853,1325221318095HURL0,2026-04-19 23:00:00,2026-04-20 07:00:00,51,19.0,0,Continuity (2-mould press)
2026-04-20 00:00:00,A,4853,1325221318095HURL0,2026-04-20 07:00:00,2026-04-20 15:00:00,51,19.0,0,Continuity (2-mould press)
2026-04-20 00:00:00,B,4853,1325221318095HURL0,2026-04-20 15:00:00,2026-04-20 23:00:00,51,19.0,0,Continuity (2-mould press)
2026-04-20 00:00:00,C,4853,1325221318095HURL0,2026-04-20 23:00:00,2026-04-21 07:00:00,51,19.0,0,Continuity (2-mould press)
2026-04-21 00:00:00,A,4853,1325221318095HURL0,2026-04-21 07:00:00,2026-04-21 15:00:00,51,19.0,0,Continuity (2-mould press)
2026-04-21 00:00:00,B,4853,1325221318095HURL0,2026-04-21 15:00:00,2026-04-21 23:00:00,51,19.0,0,Continuity (2-mould press)
2026-04-21 00:00:00,C,4853,1325221318095HURL0,2026-04-21 23:00:00,2026-04-22 07:00:00,51,19.0,0,Continuity (2-mould press)
2026-04-22 00:00:00,A,4853,1325221318095HURL0,2026-04-22 07:00:00,2026-04-22 15:00:00,51,19.0,0,Continuity (2-mould press)
2026-04-22 00:00:00,B,4853,1325221318095HURL0,2026-04-22 15:00:00,2026-04-22 23:00:00,51,19.0,0,Continuity (2-mould press)
2026-04-22 00:00:00,C,4853,1325221318095HURL0,2026-04-22 23:00:00,2026-04-23 07:00:00,51,19.0,0,Continuity (2-mould press)
2026-04-23 00:00:00,A,4853,1325221318095HURL0,2026-04-23 07:00:00,2026-04-23 15:00:00,51,19.0,0,Continuity (2-mould press)
2026-04-23 00:00:00,B,4853,1325221318095HURL0,2026-04-23 15:00:00,2026-04-23 23:00:00,51,19.0,0,Continuity (2-mould press)
2026-04-23 00:00:00,C,4853,1325221318095HURL0,2026-04-23 23:00:00,2026-04-24 07:00:00,51,19.0,0,Continuity (2-mould press)
2026-04-24 00:00:00,A,4853,1325221318095HURL0,2026-04-24 07:00:00,2026-04-24 15:00:00,51,19.0,0,Continuity (2-mould press)
2026-04-24 00:00:00,B,4853,1325221318095HURL0,2026-04-24 15:00:00,2026-04-24 23:00:00,51,19.0,0,Continuity (2-mould press)
2026-04-24 00:00:00,C,4853,1325221318095HURL0,2026-04-24 23:00:00,2026-04-25 07:00:00,51,19.0,0,Continuity (2-mould press)
2026-04-25 00:00:00,A,4853,1325221318095HURL0,2026-04-25 07:00:00,2026-04-25 15:00:00,51,19.0,0,Continuity (2-mould press)
2026-04-25 00:00:00,B,4853,1325221318095HURL0,2026-04-25 15:00:00,2026-04-25 23:00:00,51,19.0,0,Continuity (2-mould press)
2026-04-25 00:00:00,C,4853,1325221318095HURL0,2026-04-25 23:00:00,2026-04-26 07:00:00,51,19.0,0,Continuity (2-mould press)
2026-04-26 00:00:00,A,4853,1325221318095HURL0,2026-04-26 07:00:00,2026-04-26 15:00:00,51,19.0,0,Continuity (2-mould press)
2026-04-26 00:00:00,B,4853,1325221318095HURL0,2026-04-26 15:00:00,2026-04-26 23:00:00,51,19.0,0,Continuity (2-mould press)
2026-04-26 00:00:00,C,4853,1325221318095HURL0,2026-04-26 23:00:00,2026-04-27 07:00:00,51,19.0,0,Continuity (2-mould press)
2026-04-27 00:00:00,A,4853,1325221318095HURL0,2026-04-27 07:00:00,2026-04-27 15:00:00,51,19.0,0,Continuity (2-mould press)
2026-04-27 00:00:00,B,4853,1325221318095HURL0,2026-04-27 15:00:00,2026-04-27 23:00:00,51,19.0,0,Continuity (2-mould press)
2026-04-27 00:00:00,C,4853,1325221318095HURL0,2026-04-27 23:00:00,2026-04-28 07:00:00,51,19.0,0,Continuity (2-mould press)
2026-04-28 00:00:00,A,4853,1325221318095HURL0,2026-04-28 07:00:00,2026-04-28 15:00:00,51,19.0,0,Continuity (2-mould press)
2026-04-28 00:00:00,B,4853,1325221318095HURL0,2026-04-28 15:00:00,2026-04-28 23:00:00,51,19.0,0,Continuity (2-mould press)
2026-04-28 00:00:00,C,4853,1325221318095HURL0,2026-04-28 23:00:00,2026-04-29 07:00:00,51,19.0,0,Continuity (2-mould press)
2026-04-29 00:00:00,A,4853,1325221318095HURL0,2026-04-29 07:00:00,2026-04-29 15:00:00,51,19.0,0,Continuity (2-mould press)
2026-04-29 00:00:00,B,4853,1325221318095HURL0,2026-04-29 15:00:00,2026-04-29 23:00:00,51,19.0,0,Continuity (2-mould press)
2026-04-29 00:00:00,C,4853,1325221318095HURL0,2026-04-29 23:00:00,2026-04-30 07:00:00,51,19.0,0,Continuity (2-mould press)
2026-04-30 00:00:00,A,4853,1325221318095HURL0,2026-04-30 07:00:00,2026-04-30 15:00:00,51,19.0,0,Continuity (2-mould press)
2026-04-30 00:00:00,B,4853,1325221318095HURL0,2026-04-30 15:00:00,2026-04-30 23:00:00,51,19.0,0,Continuity (2-mould press)
2026-04-30 00:00:00,C,4853,1325221318095HURL0,2026-04-30 23:00:00,2026-05-01 07:00:00,51,19.0,0,Continuity (2-mould press)
2026-05-01 00:00:00,A,4853,1325221318095HURL0,2026-05-01 07:00:00,2026-05-01 15:00:00,51,19.0,0,Continuity (2-mould press)
2026-05-01 00:00:00,B,4853,1325221318095HURL0,2026-05-01 15:00:00,2026-05-01 23:00:00,51,19.0,0,Continuity (2-mould press)
2026-05-01 00:00:00,C,4853,1325221318095HURL0,2026-05-01 23:00:00,2026-05-02 07:00:00,51,19.0,0,Continuity (2-mould press)
2026-05-02 00:00:00,A,4853,1325221318095HURL0,2026-05-02 07:00:00,2026-05-02 15:00:00,51,19.0,0,Continuity (2-mould press)
2026-05-02 00:00:00,B,4853,1325221318095HURL0,2026-05-02 15:00:00,2026-05-02 23:00:00,51,19.0,0,Continuity (2-mould press)
2026-05-02 00:00:00,C,4853,1325221318095HURL0,2026-05-02 23:00:00,2026-05-03 07:00:00,51,19.0,0,Continuity (2-mould press)
2026-05-03 00:00:00,A,4853,1325221318095HURL0,2026-05-03 07:00:00,2026-05-03 15:00:00,51,19.0,0,Continuity (2-mould press)
2026-05-03 00:00:00,B,4853,1325221318095HURL0,2026-05-03 15:00:00,2026-05-03 23:00:00,51,19.0,0,Continuity (2-mould press)
2026-05-03 00:00:00,C,4853,1325221318095HURL0,2026-05-03 23:00:00,2026-05-04 07:00:00,51,19.0,0,Continuity (2-mould press)
2026-05-04 00:00:00,A,4853,1325221318095HURL0,2026-05-04 07:00:00,2026-05-04 15:00:00,51,19.0,0,Continuity (2-mould press)
2026-05-04 00:00:00,B,4853,1325221318095HURL0,2026-05-04 15:00:00,2026-05-04 23:00:00,51,19.0,0,Continuity (2-mould press)
2026-05-04 00:00:00,C,4853,1325221318095HURL0,2026-05-04 23:00:00,2026-05-05 07:00:00,51,19.0,0,Continuity (2-mould press)
2026-05-05 00:00:00,A,4853,1325221318095HURL0,2026-05-05 07:00:00,2026-05-05 15:00:00,51,19.0,0,Continuity (2-mould press)
2026-05-05 00:00:00,B,4853,1325221318095HURL0,2026-05-05 15:00:00,2026-05-05 23:00:00,51,19.0,0,Continuity (2-mould press)
2026-05-05 00:00:00,C,4853,1325221318095HURL0,2026-05-05 23:00:00,2026-05-06 07:00:00,51,19.0,0,Continuity (2-mould press)
2026-05-06 00:00:00,A,4853,1325221318095HURL0,2026-05-06 07:00:00,2026-05-06 14:53:00,50,19.0,0,Continuity (2-mould press)
2026-05-06 00:00:00,A,4853,MOULD_CLEAN,2026-05-06 14:53:00,2026-05-06 15:00:00,0,0.0,0,Mould cleaning (continuity)
2026-05-06 00:00:00,B,4853,MOULD_CLEAN,2026-05-06 15:00:00,2026-05-06 17:53:00,0,0.0,0,Mould cleaning (continuity)
2026-05-06 00:00:00,B,4853,1325221318095HURL0,2026-05-06 17:53:00,2026-05-06 23:00:00,32,19.0,0,Continuity (2-mould press)
2026-05-06 00:00:00,C,4853,1325221318095HURL0,2026-05-06 23:00:00,2026-05-07 07:00:00,51,19.0,0,Continuity (2-mould press)
2026-05-07 00:00:00,A,4853,1325221318095HURL0,2026-05-07 07:00:00,2026-05-07 15:00:00,51,19.0,0,Continuity (2-mould press)
2026-05-07 00:00:00,B,4853,1325221318095HURL0,2026-05-07 15:00:00,2026-05-07 23:00:00,51,19.0,0,Continuity (2-mould press)
2026-05-07 00:00:00,C,4853,1325221318095HURL0,2026-05-07 23:00:00,2026-05-08 03:27:00,28,19.0,0,Continuity (2-mould press)
2026-04-08 00:00:00,A,5201,1325218316083HURL0,2026-04-08 07:00:00,2026-04-08 15:00:00,48,20.0,0,Continuity (2-mould press)
2026-04-08 00:00:00,B,5201,1325218316083HURL0,2026-04-08 15:00:00,2026-04-08 23:00:00,48,20.0,0,Continuity (2-mould press)
2026-04-08 00:00:00,C,5201,1325218316083HURL0,2026-04-08 23:00:00,2026-04-09 07:00:00,48,20.0,0,Continuity (2-mould press)
2026-04-09 00:00:00,A,5201,1325218316083HURL0,2026-04-09 07:00:00,2026-04-09 15:00:00,48,20.0,0,Continuity (2-mould press)
2026-04-09 00:00:00,B,5201,1325218316083HURL0,2026-04-09 15:00:00,2026-04-09 23:00:00,48,20.0,0,Continuity (2-mould press)
2026-04-09 00:00:00,C,5201,1325218316083HURL0,2026-04-09 23:00:00,2026-04-10 07:00:00,48,20.0,0,Continuity (2-mould press)
2026-04-10 00:00:00,A,5201,1325218316083HURL0,2026-04-10 07:00:00,2026-04-10 15:00:00,48,20.0,0,Continuity (2-mould press)
2026-04-10 00:00:00,B,5201,1325218316083HURL0,2026-04-10 15:00:00,2026-04-10 19:00:00,24,20.0,0,Continuity (2-mould press)
2026-04-08 00:00:00,A,5202,1325219515091HURL2,2026-04-08 07:00:00,2026-04-08 15:00:00,64,15.0,0,Continuity (2-mould press)
2026-04-08 00:00:00,B,5202,1325219515091HURL2,2026-04-08 15:00:00,2026-04-08 23:00:00,64,15.0,0,Continuity (2-mould press)
2026-04-08 00:00:00,C,5202,1325219515091HURL2,2026-04-08 23:00:00,2026-04-09 07:00:00,64,15.0,0,Continuity (2-mould press)
2026-04-09 00:00:00,A,5202,1325219515091HURL2,2026-04-09 07:00:00,2026-04-09 15:00:00,64,15.0,0,Continuity (2-mould press)
2026-04-09 00:00:00,B,5202,1325219515091HURL2,2026-04-09 15:00:00,2026-04-09 23:00:00,64,15.0,0,Continuity (2-mould press)
2026-04-09 00:00:00,C,5202,1325219515091HURL2,2026-04-09 23:00:00,2026-04-10 07:00:00,64,15.0,0,Continuity (2-mould press)
2026-04-10 00:00:00,A,5202,1325219515091HURL2,2026-04-10 07:00:00,2026-04-10 15:00:00,64,15.0,0,Continuity (2-mould press)
2026-04-10 00:00:00,B,5202,1325219515091HURL2,2026-04-10 15:00:00,2026-04-10 23:00:00,64,15.0,0,Continuity (2-mould press)
2026-04-10 00:00:00,C,5202,1325219515091HURL2,2026-04-10 23:00:00,2026-04-11 07:00:00,64,15.0,0,Continuity (2-mould press)
2026-04-11 00:00:00,A,5202,1325219515091HURL2,2026-04-11 07:00:00,2026-04-11 15:00:00,64,15.0,0,Continuity (2-mould press)
2026-04-11 00:00:00,B,5202,1325219515091HURL2,2026-04-11 15:00:00,2026-04-11 23:00:00,64,15.0,0,Continuity (2-mould press)
2026-04-11 00:00:00,C,5202,1325219515091HURL2,2026-04-11 23:00:00,2026-04-12 07:00:00,64,15.0,0,Continuity (2-mould press)
2026-04-12 00:00:00,A,5202,1325219515091HURL2,2026-04-12 07:00:00,2026-04-12 15:00:00,64,15.0,0,Continuity (2-mould press)
2026-04-12 00:00:00,B,5202,1325219515091HURL2,2026-04-12 15:00:00,2026-04-12 23:00:00,64,15.0,0,Continuity (2-mould press)
2026-04-12 00:00:00,C,5202,1325219515091HURL2,2026-04-12 23:00:00,2026-04-13 07:00:00,64,15.0,0,Continuity (2-mould press)
2026-04-13 00:00:00,A,5202,1325219515091HURL2,2026-04-13 07:00:00,2026-04-13 15:00:00,64,15.0,0,Continuity (2-mould press)
2026-04-13 00:00:00,B,5202,1325219515091HURL2,2026-04-13 15:00:00,2026-04-13 23:00:00,64,15.0,0,Continuity (2-mould press)
2026-04-13 00:00:00,C,5202,1325219515091HURL2,2026-04-13 23:00:00,2026-04-14 07:00:00,64,15.0,0,Continuity (2-mould press)
2026-04-14 00:00:00,A,5202,1325219515091HURL2,2026-04-14 07:00:00,2026-04-14 15:00:00,64,15.0,0,Continuity (2-mould press)
2026-04-14 00:00:00,B,5202,1325219515091HURL2,2026-04-14 15:00:00,2026-04-14 23:00:00,64,15.0,0,Continuity (2-mould press)
2026-04-14 00:00:00,C,5202,1325219515091HURL2,2026-04-14 23:00:00,2026-04-15 07:00:00,64,15.0,0,Continuity (2-mould press)
2026-04-15 00:00:00,A,5202,1325219515091HURL2,2026-04-15 07:00:00,2026-04-15 15:00:00,64,15.0,0,Continuity (2-mould press)
2026-04-15 00:00:00,B,5202,1325219515091HURL2,2026-04-15 15:00:00,2026-04-15 23:00:00,64,15.0,0,Continuity (2-mould press)
2026-04-15 00:00:00,C,5202,1325219515091HURL2,2026-04-15 23:00:00,2026-04-16 07:00:00,64,15.0,0,Continuity (2-mould press)
2026-04-16 00:00:00,A,5202,1325219515091HURL2,2026-04-16 07:00:00,2026-04-16 15:00:00,64,15.0,0,Continuity (2-mould press)
2026-04-16 00:00:00,B,5202,1325219515091HURL2,2026-04-16 15:00:00,2026-04-16 23:00:00,64,15.0,0,Continuity (2-mould press)
2026-04-16 00:00:00,C,5202,1325219515091HURL2,2026-04-16 23:00:00,2026-04-17 07:00:00,64,15.0,0,Continuity (2-mould press)
2026-04-17 00:00:00,A,5202,1325219515091HURL2,2026-04-17 07:00:00,2026-04-17 15:00:00,64,15.0,0,Continuity (2-mould press)
2026-04-17 00:00:00,B,5202,1325219515091HURL2,2026-04-17 15:00:00,2026-04-17 23:00:00,64,15.0,0,Continuity (2-mould press)
2026-04-17 00:00:00,C,5202,1325219515091HURL2,2026-04-17 23:00:00,2026-04-18 07:00:00,64,15.0,0,Continuity (2-mould press)
2026-04-18 00:00:00,A,5202,1325219515091HURL2,2026-04-18 07:00:00,2026-04-18 15:00:00,64,15.0,0,Continuity (2-mould press)
2026-04-18 00:00:00,B,5202,1325219515091HURL2,2026-04-18 15:00:00,2026-04-18 23:00:00,64,15.0,0,Continuity (2-mould press)
2026-04-18 00:00:00,C,5202,1325219515091HURL2,2026-04-18 23:00:00,2026-04-19 07:00:00,64,15.0,0,Continuity (2-mould press)
2026-04-19 00:00:00,A,5202,1325219515091HURL2,2026-04-19 07:00:00,2026-04-19 15:00:00,64,15.0,0,Continuity (2-mould press)
2026-04-19 00:00:00,B,5202,1325219515091HURL2,2026-04-19 15:00:00,2026-04-19 23:00:00,64,15.0,0,Continuity (2-mould press)
2026-04-19 00:00:00,C,5202,1325219515091HURL2,2026-04-19 23:00:00,2026-04-20 07:00:00,64,15.0,0,Continuity (2-mould press)
2026-04-20 00:00:00,A,5202,1325219515091HURL2,2026-04-20 07:00:00,2026-04-20 15:00:00,64,15.0,0,Continuity (2-mould press)
2026-04-20 00:00:00,B,5202,1325219515091HURL2,2026-04-20 15:00:00,2026-04-20 23:00:00,64,15.0,0,Continuity (2-mould press)
2026-04-20 00:00:00,C,5202,1325219515091HURL2,2026-04-20 23:00:00,2026-04-21 07:00:00,64,15.0,0,Continuity (2-mould press)
2026-04-21 00:00:00,A,5202,1325219515091HURL2,2026-04-21 07:00:00,2026-04-21 15:00:00,64,15.0,0,Continuity (2-mould press)
2026-04-21 00:00:00,B,5202,1325219515091HURL2,2026-04-21 15:00:00,2026-04-21 23:00:00,64,15.0,0,Continuity (2-mould press)
2026-04-21 00:00:00,C,5202,1325219515091HURL2,2026-04-21 23:00:00,2026-04-22 07:00:00,64,15.0,0,Continuity (2-mould press)
2026-04-22 00:00:00,A,5202,1325219515091HURL2,2026-04-22 07:00:00,2026-04-22 15:00:00,64,15.0,0,Continuity (2-mould press)
2026-04-22 00:00:00,B,5202,1325219515091HURL2,2026-04-22 15:00:00,2026-04-22 23:00:00,64,15.0,0,Continuity (2-mould press)
2026-04-22 00:00:00,C,5202,1325219515091HURL2,2026-04-22 23:00:00,2026-04-23 07:00:00,64,15.0,0,Continuity (2-mould press)
2026-04-23 00:00:00,A,5202,1325219515091HURL2,2026-04-23 07:00:00,2026-04-23 15:00:00,64,15.0,0,Continuity (2-mould press)
2026-04-23 00:00:00,B,5202,1325219515091HURL2,2026-04-23 15:00:00,2026-04-23 23:00:00,64,15.0,0,Continuity (2-mould press)
2026-04-23 00:00:00,C,5202,1325219515091HURL2,2026-04-23 23:00:00,2026-04-24 07:00:00,64,15.0,0,Continuity (2-mould press)
2026-04-24 00:00:00,A,5202,1325219515091HURL2,2026-04-24 07:00:00,2026-04-24 15:00:00,64,15.0,0,Continuity (2-mould press)
2026-04-24 00:00:00,B,5202,1325219515091HURL2,2026-04-24 15:00:00,2026-04-24 23:00:00,64,15.0,0,Continuity (2-mould press)
2026-04-24 00:00:00,C,5202,1325219515091HURL2,2026-04-24 23:00:00,2026-04-25 07:00:00,64,15.0,0,Continuity (2-mould press)
2026-04-25 00:00:00,A,5202,1325219515091HURL2,2026-04-25 07:00:00,2026-04-25 15:00:00,64,15.0,0,Continuity (2-mould press)
2026-04-25 00:00:00,B,5202,1325219515091HURL2,2026-04-25 15:00:00,2026-04-25 23:00:00,64,15.0,0,Continuity (2-mould press)
2026-04-25 00:00:00,C,5202,1325219515091HURL2,2026-04-25 23:00:00,2026-04-26 07:00:00,64,15.0,0,Continuity (2-mould press)
2026-04-26 00:00:00,A,5202,1325219515091HURL2,2026-04-26 07:00:00,2026-04-26 15:00:00,64,15.0,0,Continuity (2-mould press)
2026-04-26 00:00:00,B,5202,1325219515091HURL2,2026-04-26 15:00:00,2026-04-26 23:00:00,64,15.0,0,Continuity (2-mould press)
2026-04-26 00:00:00,C,5202,1325219515091HURL2,2026-04-26 23:00:00,2026-04-27 07:00:00,64,15.0,0,Continuity (2-mould press)
2026-04-27 00:00:00,A,5202,1325219515091HURL2,2026-04-27 07:00:00,2026-04-27 15:00:00,64,15.0,0,Continuity (2-mould press)
2026-04-27 00:00:00,B,5202,1325219515091HURL2,2026-04-27 15:00:00,2026-04-27 23:00:00,64,15.0,0,Continuity (2-mould press)
2026-04-27 00:00:00,C,5202,1325219515091HURL2,2026-04-27 23:00:00,2026-04-28 07:00:00,64,15.0,0,Continuity (2-mould press)
2026-04-28 00:00:00,A,5202,1325219515091HURL2,2026-04-28 07:00:00,2026-04-28 15:00:00,64,15.0,0,Continuity (2-mould press)
2026-04-28 00:00:00,B,5202,1325219515091HURL2,2026-04-28 15:00:00,2026-04-28 16:15:00,10,15.0,0,Continuity (2-mould press)
2026-04-08 00:00:00,A,5203,1325217515084HURL2,2026-04-08 07:00:00,2026-04-08 15:00:00,64,15.0,0,Continuity (2-mould press)
2026-04-08 00:00:00,B,5203,1325217515084HURL2,2026-04-08 15:00:00,2026-04-08 23:00:00,64,15.0,0,Continuity (2-mould press)
2026-04-08 00:00:00,C,5203,1325217515084HURL2,2026-04-08 23:00:00,2026-04-09 07:00:00,64,15.0,0,Continuity (2-mould press)
2026-04-09 00:00:00,A,5203,1325217515084HURL2,2026-04-09 07:00:00,2026-04-09 15:00:00,64,15.0,0,Continuity (2-mould press)
2026-04-09 00:00:00,B,5203,1325217515084HURL2,2026-04-09 15:00:00,2026-04-09 23:00:00,64,15.0,0,Continuity (2-mould press)
2026-04-09 00:00:00,C,5203,1325217515084HURL2,2026-04-09 23:00:00,2026-04-10 07:00:00,64,15.0,0,Continuity (2-mould press)
2026-04-10 00:00:00,A,5203,1325217515084HURL2,2026-04-10 07:00:00,2026-04-10 15:00:00,64,15.0,0,Continuity (2-mould press)
2026-04-10 00:00:00,B,5203,1325217515084HURL2,2026-04-10 15:00:00,2026-04-10 23:00:00,64,15.0,0,Continuity (2-mould press)
2026-04-10 00:00:00,C,5203,1325217515084HURL2,2026-04-10 23:00:00,2026-04-11 07:00:00,64,15.0,0,Continuity (2-mould press)
2026-04-11 00:00:00,A,5203,1325217515084HURL2,2026-04-11 07:00:00,2026-04-11 15:00:00,64,15.0,0,Continuity (2-mould press)
2026-04-11 00:00:00,B,5203,1325217515084HURL2,2026-04-11 15:00:00,2026-04-11 23:00:00,64,15.0,0,Continuity (2-mould press)
2026-04-11 00:00:00,C,5203,1325217515084HURL2,2026-04-11 23:00:00,2026-04-12 01:15:00,18,15.0,0,Continuity (2-mould press)
2026-04-11 00:00:00,C,5203,MOULD_CLEAN,2026-04-12 01:15:00,2026-04-12 04:15:00,0,0.0,0,Mould cleaning (continuity)
2026-04-11 00:00:00,C,5203,1325217515084HURL2,2026-04-12 04:15:00,2026-04-12 07:00:00,22,15.0,0,Continuity (2-mould press)
2026-04-12 00:00:00,A,5203,1325217515084HURL2,2026-04-12 07:00:00,2026-04-12 15:00:00,64,15.0,0,Continuity (2-mould press)
2026-04-12 00:00:00,B,5203,1325217515084HURL2,2026-04-12 15:00:00,2026-04-12 23:00:00,64,15.0,0,Continuity (2-mould press)
2026-04-12 00:00:00,C,5203,1325217515084HURL2,2026-04-12 23:00:00,2026-04-13 07:00:00,64,15.0,0,Continuity (2-mould press)
2026-04-13 00:00:00,A,5203,1325217515084HURL2,2026-04-13 07:00:00,2026-04-13 15:00:00,64,15.0,0,Continuity (2-mould press)
2026-04-13 00:00:00,B,5203,1325217515084HURL2,2026-04-13 15:00:00,2026-04-13 23:00:00,64,15.0,0,Continuity (2-mould press)
2026-04-13 00:00:00,C,5203,1325217515084HURL2,2026-04-13 23:00:00,2026-04-14 07:00:00,64,15.0,0,Continuity (2-mould press)
2026-04-14 00:00:00,A,5203,1325217515084HURL2,2026-04-14 07:00:00,2026-04-14 15:00:00,64,15.0,0,Continuity (2-mould press)
2026-04-14 00:00:00,B,5203,1325217515084HURL2,2026-04-14 15:00:00,2026-04-14 23:00:00,64,15.0,0,Continuity (2-mould press)
2026-04-14 00:00:00,C,5203,1325217515084HURL2,2026-04-14 23:00:00,2026-04-15 07:00:00,64,15.0,0,Continuity (2-mould press)
2026-04-15 00:00:00,A,5203,1325217515084HURL2,2026-04-15 07:00:00,2026-04-15 15:00:00,64,15.0,0,Continuity (2-mould press)
2026-04-15 00:00:00,B,5203,1325217515084HURL2,2026-04-15 15:00:00,2026-04-15 23:00:00,64,15.0,0,Continuity (2-mould press)
2026-04-15 00:00:00,C,5203,1325217515084HURL2,2026-04-15 23:00:00,2026-04-16 07:00:00,64,15.0,0,Continuity (2-mould press)
2026-04-16 00:00:00,A,5203,1325217515084HURL2,2026-04-16 07:00:00,2026-04-16 15:00:00,64,15.0,0,Continuity (2-mould press)
2026-04-16 00:00:00,B,5203,1325217515084HURL2,2026-04-16 15:00:00,2026-04-16 23:00:00,64,15.0,0,Continuity (2-mould press)
2026-04-16 00:00:00,C,5203,1325217515084HURL2,2026-04-16 23:00:00,2026-04-17 07:00:00,64,15.0,0,Continuity (2-mould press)
2026-04-17 00:00:00,A,5203,1325217515084HURL2,2026-04-17 07:00:00,2026-04-17 15:00:00,64,15.0,0,Continuity (2-mould press)
2026-04-17 00:00:00,B,5203,1325217515084HURL2,2026-04-17 15:00:00,2026-04-17 23:00:00,64,15.0,0,Continuity (2-mould press)
2026-04-17 00:00:00,C,5203,1325217515084HURL2,2026-04-17 23:00:00,2026-04-18 07:00:00,64,15.0,0,Continuity (2-mould press)
2026-04-18 00:00:00,A,5203,1325217515084HURL2,2026-04-18 07:00:00,2026-04-18 15:00:00,64,15.0,0,Continuity (2-mould press)
2026-04-18 00:00:00,B,5203,1325217515084HURL2,2026-04-18 15:00:00,2026-04-18 23:00:00,64,15.0,0,Continuity (2-mould press)
2026-04-18 00:00:00,C,5203,1325217515084HURL2,2026-04-18 23:00:00,2026-04-19 07:00:00,64,15.0,0,Continuity (2-mould press)
2026-04-19 00:00:00,A,5203,1325217515084HURL2,2026-04-19 07:00:00,2026-04-19 15:00:00,64,15.0,0,Continuity (2-mould press)
2026-04-19 00:00:00,B,5203,1325217515084HURL2,2026-04-19 15:00:00,2026-04-19 23:00:00,64,15.0,0,Continuity (2-mould press)
2026-04-19 00:00:00,C,5203,1325217515084HURL2,2026-04-19 23:00:00,2026-04-20 07:00:00,64,15.0,0,Continuity (2-mould press)
2026-04-20 00:00:00,A,5203,1325217515084HURL2,2026-04-20 07:00:00,2026-04-20 15:00:00,64,15.0,0,Continuity (2-mould press)
2026-04-20 00:00:00,B,5203,1325217515084HURL2,2026-04-20 15:00:00,2026-04-20 23:00:00,64,15.0,0,Continuity (2-mould press)
2026-04-20 00:00:00,C,5203,1325217515084HURL2,2026-04-20 23:00:00,2026-04-21 07:00:00,64,15.0,0,Continuity (2-mould press)
2026-04-21 00:00:00,A,5203,1325217515084HURL2,2026-04-21 07:00:00,2026-04-21 15:00:00,64,15.0,0,Continuity (2-mould press)
2026-04-21 00:00:00,B,5203,1325217515084HURL2,2026-04-21 15:00:00,2026-04-21 23:00:00,64,15.0,0,Continuity (2-mould press)
2026-04-21 00:00:00,C,5203,1325217515084HURL2,2026-04-21 23:00:00,2026-04-22 07:00:00,64,15.0,0,Continuity (2-mould press)
2026-04-22 00:00:00,A,5203,1325217515084HURL2,2026-04-22 07:00:00,2026-04-22 15:00:00,64,15.0,0,Continuity (2-mould press)
2026-04-22 00:00:00,B,5203,1325217515084HURL2,2026-04-22 15:00:00,2026-04-22 23:00:00,64,15.0,0,Continuity (2-mould press)
2026-04-22 00:00:00,C,5203,1325217515084HURL2,2026-04-22 23:00:00,2026-04-23 07:00:00,64,15.0,0,Continuity (2-mould press)
2026-04-23 00:00:00,A,5203,1325217515084HURL2,2026-04-23 07:00:00,2026-04-23 15:00:00,64,15.0,0,Continuity (2-mould press)
2026-04-23 00:00:00,B,5203,1325217515084HURL2,2026-04-23 15:00:00,2026-04-23 23:00:00,64,15.0,0,Continuity (2-mould press)
2026-04-23 00:00:00,C,5203,1325217515084HURL2,2026-04-23 23:00:00,2026-04-24 07:00:00,64,15.0,0,Continuity (2-mould press)
2026-04-24 00:00:00,A,5203,1325217515084HURL2,2026-04-24 07:00:00,2026-04-24 15:00:00,64,15.0,0,Continuity (2-mould press)
2026-04-24 00:00:00,B,5203,1325217515084HURL2,2026-04-24 15:00:00,2026-04-24 23:00:00,64,15.0,0,Continuity (2-mould press)
2026-04-24 00:00:00,C,5203,1325217515084HURL2,2026-04-24 23:00:00,2026-04-25 07:00:00,64,15.0,0,Continuity (2-mould press)
2026-04-25 00:00:00,A,5203,1325217515084HURL2,2026-04-25 07:00:00,2026-04-25 15:00:00,64,15.0,0,Continuity (2-mould press)
2026-04-25 00:00:00,B,5203,1325217515084HURL2,2026-04-25 15:00:00,2026-04-25 23:00:00,64,15.0,0,Continuity (2-mould press)
2026-04-25 00:00:00,C,5203,1325217515084HURL2,2026-04-25 23:00:00,2026-04-26 07:00:00,64,15.0,0,Continuity (2-mould press)
2026-04-26 00:00:00,A,5203,1325217515084HURL2,2026-04-26 07:00:00,2026-04-26 15:00:00,64,15.0,0,Continuity (2-mould press)
2026-04-26 00:00:00,B,5203,1325217515084HURL2,2026-04-26 15:00:00,2026-04-26 23:00:00,64,15.0,0,Continuity (2-mould press)
2026-04-26 00:00:00,C,5203,1325217515084HURL2,2026-04-26 23:00:00,2026-04-27 07:00:00,64,15.0,0,Continuity (2-mould press)
2026-04-27 00:00:00,A,5203,1325217515084HURL2,2026-04-27 07:00:00,2026-04-27 13:15:00,50,15.0,0,Continuity (2-mould press)
2026-04-08 00:00:00,A,6009,1325215813079TUNE3,2026-04-08 07:00:00,2026-04-08 15:00:00,34,14.0,0,Continuity (1-mould press)
2026-04-08 00:00:00,B,6009,1325215813079TUNE3,2026-04-08 15:00:00,2026-04-08 23:00:00,34,14.0,0,Continuity (1-mould press)
2026-04-08 00:00:00,C,6009,1325215813079TUNE3,2026-04-08 23:00:00,2026-04-09 07:00:00,34,14.0,0,Continuity (1-mould press)
2026-04-09 00:00:00,A,6009,1325215813079TUNE3,2026-04-09 07:00:00,2026-04-09 15:00:00,34,14.0,0,Continuity (1-mould press)
2026-04-09 00:00:00,B,6009,1325215813079TUNE3,2026-04-09 15:00:00,2026-04-09 23:00:00,34,14.0,0,Continuity (1-mould press)
2026-04-09 00:00:00,C,6009,1325215813079TUNE3,2026-04-09 23:00:00,2026-04-10 07:00:00,34,14.0,0,Continuity (1-mould press)
2026-04-10 00:00:00,A,6009,1325215813079TUNE3,2026-04-10 07:00:00,2026-04-10 15:00:00,34,14.0,0,Continuity (1-mould press)
2026-04-10 00:00:00,B,6009,1325215813079TUNE3,2026-04-10 15:00:00,2026-04-10 23:00:00,34,14.0,0,Continuity (1-mould press)
2026-04-10 00:00:00,C,6009,1325215813079TUNE3,2026-04-10 23:00:00,2026-04-11 07:00:00,34,14.0,0,Continuity (1-mould press)
2026-04-11 00:00:00,A,6009,1325215813079TUNE3,2026-04-11 07:00:00,2026-04-11 15:00:00,34,14.0,0,Continuity (1-mould press)
2026-04-11 00:00:00,B,6009,1325215813079TUNE3,2026-04-11 15:00:00,2026-04-11 23:00:00,34,14.0,0,Continuity (1-mould press)
2026-04-11 00:00:00,C,6009,1325215813079TUNE3,2026-04-11 23:00:00,2026-04-12 07:00:00,34,14.0,0,Continuity (1-mould press)
2026-04-12 00:00:00,A,6009,1325215813079TUNE3,2026-04-12 07:00:00,2026-04-12 15:00:00,34,14.0,0,Continuity (1-mould press)
2026-04-12 00:00:00,B,6009,1325215813079TUNE3,2026-04-12 15:00:00,2026-04-12 23:00:00,34,14.0,0,Continuity (1-mould press)
2026-04-12 00:00:00,C,6009,1325215813079TUNE3,2026-04-12 23:00:00,2026-04-13 07:00:00,34,14.0,0,Continuity (1-mould press)
2026-04-13 00:00:00,A,6009,1325215813079TUNE3,2026-04-13 07:00:00,2026-04-13 15:00:00,34,14.0,0,Continuity (1-mould press)
2026-04-13 00:00:00,B,6009,1325215813079TUNE3,2026-04-13 15:00:00,2026-04-13 23:00:00,34,14.0,0,Continuity (1-mould press)
2026-04-13 00:00:00,C,6009,1325215813079TUNE3,2026-04-13 23:00:00,2026-04-14 07:00:00,34,14.0,0,Continuity (1-mould press)
2026-04-14 00:00:00,A,6009,1325215813079TUNE3,2026-04-14 07:00:00,2026-04-14 15:00:00,34,14.0,0,Continuity (1-mould press)
2026-04-14 00:00:00,B,6009,1325215813079TUNE3,2026-04-14 15:00:00,2026-04-14 23:00:00,34,14.0,0,Continuity (1-mould press)
2026-04-14 00:00:00,C,6009,1325215813079TUNE3,2026-04-14 23:00:00,2026-04-15 07:00:00,34,14.0,0,Continuity (1-mould press)
2026-04-15 00:00:00,A,6009,1325215813079TUNE3,2026-04-15 07:00:00,2026-04-15 15:00:00,34,14.0,0,Continuity (1-mould press)
2026-04-15 00:00:00,B,6009,1325215813079TUNE3,2026-04-15 15:00:00,2026-04-15 23:00:00,34,14.0,0,Continuity (1-mould press)
2026-04-15 00:00:00,C,6009,1325215813079TUNE3,2026-04-15 23:00:00,2026-04-16 07:00:00,34,14.0,0,Continuity (1-mould press)
2026-04-16 00:00:00,A,6009,1325215813079TUNE3,2026-04-16 07:00:00,2026-04-16 15:00:00,34,14.0,0,Continuity (1-mould press)
2026-04-16 00:00:00,B,6009,1325215813079TUNE3,2026-04-16 15:00:00,2026-04-16 23:00:00,34,14.0,0,Continuity (1-mould press)
2026-04-16 00:00:00,C,6009,1325215813079TUNE3,2026-04-16 23:00:00,2026-04-17 07:00:00,34,14.0,0,Continuity (1-mould press)
2026-04-17 00:00:00,A,6009,1325215813079TUNE3,2026-04-17 07:00:00,2026-04-17 15:00:00,34,14.0,0,Continuity (1-mould press)
2026-04-17 00:00:00,B,6009,1325215813079TUNE3,2026-04-17 15:00:00,2026-04-17 23:00:00,34,14.0,0,Continuity (1-mould press)
2026-04-17 00:00:00,C,6009,1325215813079TUNE3,2026-04-17 23:00:00,2026-04-18 07:00:00,34,14.0,0,Continuity (1-mould press)
2026-04-18 00:00:00,A,6009,1325215813079TUNE3,2026-04-18 07:00:00,2026-04-18 15:00:00,34,14.0,0,Continuity (1-mould press)
2026-04-18 00:00:00,B,6009,1325215813079TUNE3,2026-04-18 15:00:00,2026-04-18 23:00:00,34,14.0,0,Continuity (1-mould press)
2026-04-18 00:00:00,C,6009,1325215813079TUNE3,2026-04-18 23:00:00,2026-04-19 07:00:00,34,14.0,0,Continuity (1-mould press)
2026-04-19 00:00:00,A,6009,1325215813079TUNE3,2026-04-19 07:00:00,2026-04-19 15:00:00,34,14.0,0,Continuity (1-mould press)
2026-04-19 00:00:00,B,6009,1325215813079TUNE3,2026-04-19 15:00:00,2026-04-19 23:00:00,34,14.0,0,Continuity (1-mould press)
2026-04-19 00:00:00,C,6009,1325215813079TUNE3,2026-04-19 23:00:00,2026-04-20 07:00:00,34,14.0,0,Continuity (1-mould press)
2026-04-20 00:00:00,A,6009,1325215813079TUNE3,2026-04-20 07:00:00,2026-04-20 15:00:00,34,14.0,0,Continuity (1-mould press)
2026-04-20 00:00:00,B,6009,1325215813079TUNE3,2026-04-20 15:00:00,2026-04-20 23:00:00,34,14.0,0,Continuity (1-mould press)
2026-04-20 00:00:00,C,6009,1325215813079TUNE3,2026-04-20 23:00:00,2026-04-21 07:00:00,34,14.0,0,Continuity (1-mould press)
2026-04-21 00:00:00,A,6009,1325215813079TUNE3,2026-04-21 07:00:00,2026-04-21 15:00:00,34,14.0,0,Continuity (1-mould press)
2026-04-21 00:00:00,B,6009,1325215813079TUNE3,2026-04-21 15:00:00,2026-04-21 23:00:00,34,14.0,0,Continuity (1-mould press)
2026-04-21 00:00:00,C,6009,1325215813079TUNE3,2026-04-21 23:00:00,2026-04-22 07:00:00,34,14.0,0,Continuity (1-mould press)
2026-04-22 00:00:00,A,6009,1325215813079TUNE3,2026-04-22 07:00:00,2026-04-22 15:00:00,34,14.0,0,Continuity (1-mould press)
2026-04-22 00:00:00,B,6009,1325215813079TUNE3,2026-04-22 15:00:00,2026-04-22 23:00:00,34,14.0,0,Continuity (1-mould press)
2026-04-22 00:00:00,C,6009,1325215813079TUNE3,2026-04-22 23:00:00,2026-04-23 07:00:00,34,14.0,0,Continuity (1-mould press)
2026-04-23 00:00:00,A,6009,1325215813079TUNE3,2026-04-23 07:00:00,2026-04-23 15:00:00,34,14.0,0,Continuity (1-mould press)
2026-04-23 00:00:00,B,6009,1325215813079TUNE3,2026-04-23 15:00:00,2026-04-23 23:00:00,34,14.0,0,Continuity (1-mould press)
2026-04-23 00:00:00,C,6009,1325215813079TUNE3,2026-04-23 23:00:00,2026-04-24 07:00:00,34,14.0,0,Continuity (1-mould press)
2026-04-24 00:00:00,A,6009,1325215813079TUNE3,2026-04-24 07:00:00,2026-04-24 15:00:00,34,14.0,0,Continuity (1-mould press)
2026-04-24 00:00:00,B,6009,1325215813079TUNE3,2026-04-24 15:00:00,2026-04-24 23:00:00,34,14.0,0,Continuity (1-mould press)
2026-04-24 00:00:00,C,6009,1325215813079TUNE3,2026-04-24 23:00:00,2026-04-25 07:00:00,34,14.0,0,Continuity (1-mould press)
2026-04-25 00:00:00,A,6009,1325215813079TUNE3,2026-04-25 07:00:00,2026-04-25 15:00:00,34,14.0,0,Continuity (1-mould press)
2026-04-25 00:00:00,B,6009,1325215813079TUNE3,2026-04-25 15:00:00,2026-04-25 23:00:00,34,14.0,0,Continuity (1-mould press)
2026-04-25 00:00:00,C,6009,1325215813079TUNE3,2026-04-25 23:00:00,2026-04-26 07:00:00,34,14.0,0,Continuity (1-mould press)
2026-04-26 00:00:00,A,6009,1325215813079TUNE3,2026-04-26 07:00:00,2026-04-26 15:00:00,34,14.0,0,Continuity (1-mould press)
2026-04-26 00:00:00,B,6009,1325215813079TUNE3,2026-04-26 15:00:00,2026-04-26 23:00:00,34,14.0,0,Continuity (1-mould press)
2026-04-26 00:00:00,C,6009,1325215813079TUNE3,2026-04-26 23:00:00,2026-04-27 07:00:00,34,14.0,0,Continuity (1-mould press)
2026-04-27 00:00:00,A,6009,1325215813079TUNE3,2026-04-27 07:00:00,2026-04-27 08:06:00,5,14.0,0,Continuity (1-mould press)
