Date,Shift,Machine,SKUCode,StartTime,EndTime,Qty,CycleTime_min,GT_Inventory,Remarks
2026-04-19,B,3609,CHANGEOVER,2026-04-19 21:12:00,2026-04-20 03:12:00,0,0.0,0,C/O from 1D25214012008QXPCT to 1325225518111HRHB0
2026-04-20,C,3609,1325225518111HRHB0,2026-04-20 03:12:00,2026-04-20 07:00:00,24,18.0,0,LP Scheduled
2026-04-20,A,3609,1325225518111HRHB0,2026-04-20 07:00:00,2026-04-20 15:00:00,52,18.0,0,LP Scheduled
2026-04-20,B,3609,1325225518111HRHB0,2026-04-20 15:00:00,2026-04-20 23:00:00,52,18.0,0,LP Scheduled
2026-04-20,C,3609,1325225518111HRHB0,2026-04-20 23:00:00,2026-04-21 07:00:00,52,18.0,0,LP Scheduled
2026-04-21,A,3609,1325225518111HRHB0,2026-04-21 07:00:00,2026-04-21 15:00:00,52,18.0,0,LP Scheduled
2026-04-21,B,3609,1325225518111HRHB0,2026-04-21 15:00:00,2026-04-21 23:00:00,52,18.0,0,LP Scheduled
2026-04-21,C,3609,1325225518111HRHB0,2026-04-21 23:00:00,2026-04-22 07:00:00,52,18.0,0,LP Scheduled
2026-04-22,A,3609,1325225518111HRHB0,2026-04-22 07:00:00,2026-04-22 15:00:00,52,18.0,0,LP Scheduled
2026-04-22,B,3609,1325225518111HRHB0,2026-04-22 15:00:00,2026-04-22 23:00:00,52,18.0,0,LP Scheduled
2026-04-22,C,3609,1325225518111HRHB0,2026-04-22 23:00:00,2026-04-23 07:00:00,52,18.0,0,LP Scheduled
2026-04-23,A,3609,1325225518111HRHB0,2026-04-23 07:00:00,2026-04-23 15:00:00,52,18.0,0,LP Scheduled
2026-04-23,B,3609,1325225518111HRHB0,2026-04-23 15:00:00,2026-04-23 23:00:00,52,18.0,0,LP Scheduled
2026-04-23,C,3609,1325225518111HRHB0,2026-04-23 23:00:00,2026-04-24 07:00:00,52,18.0,0,LP Scheduled
2026-04-24,A,3609,1325225518111HRHB0,2026-04-24 07:00:00,2026-04-24 15:00:00,52,18.0,0,LP Scheduled
2026-04-24,B,3609,1325225518111HRHB0,2026-04-24 15:00:00,2026-04-24 23:00:00,52,18.0,0,LP Scheduled
2026-04-24,C,3609,1325225518111HRHB0,2026-04-24 23:00:00,2026-04-25 07:00:00,52,18.0,0,LP Scheduled
2026-04-25,A,3609,1325225518111HRHB0,2026-04-25 07:00:00,2026-04-25 15:00:00,52,18.0,0,LP Scheduled
2026-04-25,B,3609,1325225518111HRHB0,2026-04-25 15:00:00,2026-04-25 23:00:00,52,18.0,0,LP Scheduled
2026-04-25,C,3609,1325225518111HRHB0,2026-04-25 23:00:00,2026-04-26 07:00:00,52,18.0,0,LP Scheduled
2026-04-26,A,3609,1325225518111HRHB0,2026-04-26 07:00:00,2026-04-26 15:00:00,52,18.0,0,LP Scheduled
2026-04-26,B,3609,1325225518111HRHB0,2026-04-26 15:00:00,2026-04-26 23:00:00,52,18.0,0,LP Scheduled
2026-04-26,C,3609,1325225518111HRHB0,2026-04-26 23:00:00,2026-04-27 07:00:00,52,18.0,0,LP Scheduled
2026-04-27,A,3609,1325225518111HRHB0,2026-04-27 07:00:00,2026-04-27 15:00:00,52,18.0,0,LP Scheduled
2026-04-27,B,3609,1325225518111HRHB0,2026-04-27 15:00:00,2026-04-27 23:00:00,52,18.0,0,LP Scheduled
2026-04-27,C,3609,1325225518111HRHB0,2026-04-27 23:00:00,2026-04-28 07:00:00,52,18.0,0,LP Scheduled
2026-04-28,A,3609,1325225518111HRHB0,2026-04-28 07:00:00,2026-04-28 15:00:00,52,18.0,0,LP Scheduled
2026-04-28,B,3609,1325225518111HRHB0,2026-04-28 15:00:00,2026-04-28 17:18:00,50,18.0,0,LP Scheduled
2026-04-28,B,3609,CHANGEOVER,2026-04-28 17:18:00,2026-04-28 23:18:00,0,0.0,0,C/O from 1325225518111HRHB0 to 1325221715100SRAT0
2026-04-28,C,3609,1325221715100SRAT0,2026-04-28 23:18:00,2026-04-29 00:34:00,8,19.0,0,LP Scheduled
2026-04-29,C,3609,CHANGEOVER,2026-04-29 00:34:00,2026-04-29 06:34:00,0,0.0,0,C/O from 1325221715100SRAT0 to 1325221516098HRHT0
2026-04-29,C,3609,1325221516098HRHT0,2026-04-29 06:34:00,2026-04-29 07:00:00,2,16.0,0,LP Scheduled
2026-04-29,A,3609,1325221516098HRHT0,2026-04-29 07:00:00,2026-04-29 15:00:00,60,16.0,0,LP Scheduled
2026-04-29,B,3609,1325221516098HRHT0,2026-04-29 15:00:00,2026-04-29 23:00:00,60,16.0,0,LP Scheduled
2026-04-29,C,3609,1325221516098HRHT0,2026-04-29 23:00:00,2026-04-30 07:00:00,60,16.0,0,LP Scheduled
2026-04-30,A,3609,1325221516098HRHT0,2026-04-30 07:00:00,2026-04-30 15:00:00,60,16.0,0,LP Scheduled
2026-04-30,B,3609,1325221516098HRHT0,2026-04-30 15:00:00,2026-04-30 23:00:00,60,16.0,0,LP Scheduled
2026-04-30,C,3609,1325221516098HRHT0,2026-04-30 23:00:00,2026-05-01 07:00:00,60,16.0,0,LP Scheduled
2026-05-01,A,3609,1325221516098HRHT0,2026-05-01 07:00:00,2026-05-01 15:00:00,60,16.0,0,LP Scheduled
2026-05-01,B,3609,1325221516098HRHT0,2026-05-01 15:00:00,2026-05-01 23:00:00,60,16.0,0,LP Scheduled
2026-05-01,C,3609,1325221516098HRHT0,2026-05-01 23:00:00,2026-05-02 07:00:00,60,16.0,0,LP Scheduled
2026-05-02,A,3609,1325221516098HRHT0,2026-05-02 07:00:00,2026-05-02 15:00:00,60,16.0,0,LP Scheduled
2026-05-02,B,3609,1325221516098HRHT0,2026-05-02 15:00:00,2026-05-02 23:00:00,60,16.0,0,LP Scheduled
2026-05-02,C,3609,1325221516098HRHT0,2026-05-02 23:00:00,2026-05-03 06:50:00,60,16.0,0,LP Scheduled
2026-04-20,A,3610,CHANGEOVER,2026-04-20 07:00:00,2026-04-20 13:00:00,0,0.0,0,C/O from 1D25214012008QXPCT to 1325221715100SRAT0
2026-04-20,A,3610,1325221715100SRAT0,2026-04-20 13:00:00,2026-04-20 15:00:00,12,19.0,0,LP Scheduled
2026-04-20,B,3610,1325221715100SRAT0,2026-04-20 15:00:00,2026-04-20 23:00:00,50,19.0,0,LP Scheduled
2026-04-20,C,3610,1325221715100SRAT0,2026-04-20 23:00:00,2026-04-21 07:00:00,50,19.0,0,LP Scheduled
2026-04-21,A,3610,1325221715100SRAT0,2026-04-21 07:00:00,2026-04-21 15:00:00,50,19.0,0,LP Scheduled
2026-04-21,B,3610,1325221715100SRAT0,2026-04-21 15:00:00,2026-04-21 23:00:00,50,19.0,0,LP Scheduled
2026-04-21,C,3610,1325221715100SRAT0,2026-04-21 23:00:00,2026-04-22 07:00:00,50,19.0,0,LP Scheduled
2026-04-22,A,3610,1325221715100SRAT0,2026-04-22 07:00:00,2026-04-22 15:00:00,50,19.0,0,LP Scheduled
2026-04-22,B,3610,1325221715100SRAT0,2026-04-22 15:00:00,2026-04-22 23:00:00,50,19.0,0,LP Scheduled
2026-04-22,C,3610,1325221715100SRAT0,2026-04-22 23:00:00,2026-04-23 07:00:00,50,19.0,0,LP Scheduled
2026-04-23,A,3610,1325221715100SRAT0,2026-04-23 07:00:00,2026-04-23 15:00:00,50,19.0,0,LP Scheduled
2026-04-23,B,3610,1325221715100SRAT0,2026-04-23 15:00:00,2026-04-23 23:00:00,50,19.0,0,LP Scheduled
2026-04-23,C,3610,1325221715100SRAT0,2026-04-23 23:00:00,2026-04-24 07:00:00,50,19.0,0,LP Scheduled
2026-04-24,A,3610,1325221715100SRAT0,2026-04-24 07:00:00,2026-04-24 15:00:00,50,19.0,0,LP Scheduled
2026-04-24,B,3610,1325221715100SRAT0,2026-04-24 15:00:00,2026-04-24 23:00:00,50,19.0,0,LP Scheduled
2026-04-24,C,3610,1325221715100SRAT0,2026-04-24 23:00:00,2026-04-25 07:00:00,50,19.0,0,LP Scheduled
2026-04-25,A,3610,1325221715100SRAT0,2026-04-25 07:00:00,2026-04-25 15:00:00,50,19.0,0,LP Scheduled
2026-04-25,B,3610,1325221715100SRAT0,2026-04-25 15:00:00,2026-04-25 23:00:00,50,19.0,0,LP Scheduled
2026-04-25,C,3610,1325221715100SRAT0,2026-04-25 23:00:00,2026-04-26 07:00:00,50,19.0,0,LP Scheduled
2026-04-26,A,3610,1325221715100SRAT0,2026-04-26 07:00:00,2026-04-26 15:00:00,50,19.0,0,LP Scheduled
2026-04-26,B,3610,1325221715100SRAT0,2026-04-26 15:00:00,2026-04-26 23:00:00,50,19.0,0,LP Scheduled
2026-04-26,C,3610,1325221715100SRAT0,2026-04-26 23:00:00,2026-04-27 07:00:00,50,19.0,0,LP Scheduled
2026-04-27,A,3610,1325221715100SRAT0,2026-04-27 07:00:00,2026-04-27 15:00:00,50,19.0,0,LP Scheduled
2026-04-27,B,3610,1325221715100SRAT0,2026-04-27 15:00:00,2026-04-27 23:00:00,50,19.0,0,LP Scheduled
2026-04-27,C,3610,1325221715100SRAT0,2026-04-27 23:00:00,2026-04-28 07:00:00,50,19.0,0,LP Scheduled
2026-04-28,A,3610,1325221715100SRAT0,2026-04-28 07:00:00,2026-04-28 15:00:00,50,19.0,0,LP Scheduled
2026-04-28,B,3610,1325221715100SRAT0,2026-04-28 15:00:00,2026-04-28 23:00:00,50,19.0,0,LP Scheduled
2026-04-28,C,3610,1325221715100SRAT0,2026-04-28 23:00:00,2026-04-29 07:00:00,50,19.0,0,LP Scheduled
2026-04-29,A,3610,1325221715100SRAT0,2026-04-29 07:00:00,2026-04-29 15:00:00,50,19.0,0,LP Scheduled
2026-04-29,B,3610,1325221715100SRAT0,2026-04-29 15:00:00,2026-04-29 23:00:00,50,19.0,0,LP Scheduled
2026-04-29,C,3610,1325221715100SRAT0,2026-04-29 23:00:00,2026-04-30 07:00:00,50,19.0,0,LP Scheduled
2026-04-30,A,3610,1325221715100SRAT0,2026-04-30 07:00:00,2026-04-30 15:00:00,50,19.0,0,LP Scheduled
2026-04-30,B,3610,1325221715100SRAT0,2026-04-30 15:00:00,2026-04-30 23:00:00,50,19.0,0,LP Scheduled
2026-04-30,C,3610,1325221715100SRAT0,2026-04-30 23:00:00,2026-05-01 07:00:00,50,19.0,0,LP Scheduled
2026-05-01,A,3610,1325221715100SRAT0,2026-05-01 07:00:00,2026-05-01 15:00:00,50,19.0,0,LP Scheduled
2026-05-01,B,3610,1325221715100SRAT0,2026-05-01 15:00:00,2026-05-01 23:00:00,50,19.0,0,LP Scheduled
2026-05-01,C,3610,1325221715100SRAT0,2026-05-01 23:00:00,2026-05-02 07:00:00,50,19.0,0,LP Scheduled
2026-05-02,A,3610,1325221715100SRAT0,2026-05-02 07:00:00,2026-05-02 15:00:00,50,19.0,0,LP Scheduled
2026-05-02,B,3610,1325221715100SRAT0,2026-05-02 15:00:00,2026-05-02 23:00:00,50,19.0,0,LP Scheduled
2026-05-02,C,3610,1325221715100SRAT0,2026-05-02 23:00:00,2026-05-03 06:54:00,70,19.0,0,LP Scheduled
2026-04-19,C,3611,CHANGEOVER,2026-04-19 23:00:00,2026-04-20 05:00:00,0,0.0,0,C/O from 1D25214012008QXPCT to 1325224716111SELS0
2026-04-20,C,3611,1325224716111SELS0,2026-04-20 05:00:00,2026-04-20 07:00:00,12,19.0,0,LP Scheduled
2026-04-20,A,3611,1325224716111SELS0,2026-04-20 07:00:00,2026-04-20 15:00:00,50,19.0,0,LP Scheduled
2026-04-20,B,3611,1325224716111SELS0,2026-04-20 15:00:00,2026-04-20 23:00:00,50,19.0,0,LP Scheduled
2026-04-20,C,3611,1325224716111SELS0,2026-04-20 23:00:00,2026-04-21 07:00:00,50,19.0,0,LP Scheduled
2026-04-21,A,3611,1325224716111SELS0,2026-04-21 07:00:00,2026-04-21 15:00:00,50,19.0,0,LP Scheduled
2026-04-21,B,3611,1325224716111SELS0,2026-04-21 15:00:00,2026-04-21 23:00:00,50,19.0,0,LP Scheduled
2026-04-21,C,3611,1325224716111SELS0,2026-04-21 23:00:00,2026-04-22 07:00:00,50,19.0,0,LP Scheduled
2026-04-22,A,3611,1325224716111SELS0,2026-04-22 07:00:00,2026-04-22 15:00:00,50,19.0,0,LP Scheduled
2026-04-22,B,3611,1325224716111SELS0,2026-04-22 15:00:00,2026-04-22 23:00:00,50,19.0,0,LP Scheduled
2026-04-22,C,3611,1325224716111SELS0,2026-04-22 23:00:00,2026-04-23 07:00:00,50,19.0,0,LP Scheduled
2026-04-23,A,3611,1325224716111SELS0,2026-04-23 07:00:00,2026-04-23 15:00:00,50,19.0,0,LP Scheduled
2026-04-23,B,3611,1325224716111SELS0,2026-04-23 15:00:00,2026-04-23 23:00:00,50,19.0,0,LP Scheduled
2026-04-23,C,3611,1325224716111SELS0,2026-04-23 23:00:00,2026-04-24 07:00:00,50,19.0,0,LP Scheduled
2026-04-24,A,3611,1325224716111SELS0,2026-04-24 07:00:00,2026-04-24 15:00:00,50,19.0,0,LP Scheduled
2026-04-24,B,3611,1325224716111SELS0,2026-04-24 15:00:00,2026-04-24 23:00:00,50,19.0,0,LP Scheduled
2026-04-24,C,3611,1325224716111SELS0,2026-04-24 23:00:00,2026-04-25 07:00:00,50,19.0,0,LP Scheduled
2026-04-25,A,3611,1325224716111SELS0,2026-04-25 07:00:00,2026-04-25 15:00:00,50,19.0,0,LP Scheduled
2026-04-25,B,3611,1325224716111SELS0,2026-04-25 15:00:00,2026-04-25 23:00:00,50,19.0,0,LP Scheduled
2026-04-25,C,3611,1325224716111SELS0,2026-04-25 23:00:00,2026-04-26 07:00:00,50,19.0,0,LP Scheduled
2026-04-26,A,3611,1325224716111SELS0,2026-04-26 07:00:00,2026-04-26 15:00:00,50,19.0,0,LP Scheduled
2026-04-26,B,3611,1325224716111SELS0,2026-04-26 15:00:00,2026-04-26 23:00:00,50,19.0,0,LP Scheduled
2026-04-26,C,3611,1325224716111SELS0,2026-04-26 23:00:00,2026-04-27 07:00:00,50,19.0,0,LP Scheduled
2026-04-27,A,3611,1325224716111SELS0,2026-04-27 07:00:00,2026-04-27 15:00:00,50,19.0,0,LP Scheduled
2026-04-27,B,3611,1325224716111SELS0,2026-04-27 15:00:00,2026-04-27 23:00:00,50,19.0,0,LP Scheduled
2026-04-27,C,3611,1325224716111SELS0,2026-04-27 23:00:00,2026-04-28 07:00:00,50,19.0,0,LP Scheduled
2026-04-28,A,3611,1325224716111SELS0,2026-04-28 07:00:00,2026-04-28 15:00:00,50,19.0,0,LP Scheduled
2026-04-28,B,3611,1325224716111SELS0,2026-04-28 15:00:00,2026-04-28 23:00:00,50,19.0,0,LP Scheduled
2026-04-28,C,3611,1325224716111SELS0,2026-04-28 23:00:00,2026-04-29 07:00:00,50,19.0,0,LP Scheduled
2026-04-29,A,3611,1325224716111SELS0,2026-04-29 07:00:00,2026-04-29 15:00:00,50,19.0,0,LP Scheduled
2026-04-29,B,3611,1325224716111SELS0,2026-04-29 15:00:00,2026-04-29 23:00:00,50,19.0,0,LP Scheduled
2026-04-29,C,3611,1325224716111SELS0,2026-04-29 23:00:00,2026-04-30 07:00:00,50,19.0,0,LP Scheduled
2026-04-30,A,3611,1325224716111SELS0,2026-04-30 07:00:00,2026-04-30 15:00:00,50,19.0,0,LP Scheduled
2026-04-30,B,3611,1325224716111SELS0,2026-04-30 15:00:00,2026-04-30 23:00:00,50,19.0,0,LP Scheduled
2026-04-30,C,3611,1325224716111SELS0,2026-04-30 23:00:00,2026-05-01 07:00:00,50,19.0,0,LP Scheduled
2026-05-01,A,3611,1325224716111SELS0,2026-05-01 07:00:00,2026-05-01 15:00:00,50,19.0,0,LP Scheduled
2026-05-01,B,3611,1325224716111SELS0,2026-05-01 15:00:00,2026-05-01 23:00:00,50,19.0,0,LP Scheduled
2026-05-01,C,3611,1325224716111SELS0,2026-05-01 23:00:00,2026-05-02 07:00:00,50,19.0,0,LP Scheduled
2026-05-02,A,3611,1325224716111SELS0,2026-05-02 07:00:00,2026-05-02 15:00:00,50,19.0,0,LP Scheduled
2026-05-02,B,3611,1325224716111SELS0,2026-05-02 15:00:00,2026-05-02 23:00:00,50,19.0,0,LP Scheduled
2026-05-02,C,3611,1325224716111SELS0,2026-05-02 23:00:00,2026-05-03 06:49:00,70,19.0,0,LP Scheduled
2026-04-19,B,3612,CHANGEOVER,2026-04-19 21:12:00,2026-04-20 03:12:00,0,0.0,0,C/O from 1D25214012008QXPCT to 1D25215013008SXC1T
2026-04-20,C,3612,1D25215013008SXC1T,2026-04-20 03:12:00,2026-04-20 07:00:00,22,20.0,0,LP Scheduled
2026-04-20,A,3612,1D25215013008SXC1T,2026-04-20 07:00:00,2026-04-20 15:00:00,48,20.0,0,LP Scheduled
2026-04-20,B,3612,1D25215013008SXC1T,2026-04-20 15:00:00,2026-04-20 23:00:00,48,20.0,0,LP Scheduled
2026-04-20,C,3612,1D25215013008SXC1T,2026-04-20 23:00:00,2026-04-21 07:00:00,48,20.0,0,LP Scheduled
2026-04-21,A,3612,1D25215013008SXC1T,2026-04-21 07:00:00,2026-04-21 15:00:00,48,20.0,0,LP Scheduled
2026-04-21,B,3612,1D25215013008SXC1T,2026-04-21 15:00:00,2026-04-21 23:00:00,48,20.0,0,LP Scheduled
2026-04-21,C,3612,1D25215013008SXC1T,2026-04-21 23:00:00,2026-04-22 07:00:00,48,20.0,0,LP Scheduled
2026-04-22,A,3612,1D25215013008SXC1T,2026-04-22 07:00:00,2026-04-22 15:00:00,48,20.0,0,LP Scheduled
2026-04-22,B,3612,1D25215013008SXC1T,2026-04-22 15:00:00,2026-04-22 23:00:00,48,20.0,0,LP Scheduled
2026-04-22,C,3612,1D25215013008SXC1T,2026-04-22 23:00:00,2026-04-23 07:00:00,48,20.0,0,LP Scheduled
2026-04-23,A,3612,1D25215013008SXC1T,2026-04-23 07:00:00,2026-04-23 15:00:00,48,20.0,0,LP Scheduled
2026-04-23,B,3612,1D25215013008SXC1T,2026-04-23 15:00:00,2026-04-23 23:00:00,48,20.0,0,LP Scheduled
2026-04-23,C,3612,1D25215013008SXC1T,2026-04-23 23:00:00,2026-04-24 07:00:00,48,20.0,0,LP Scheduled
2026-04-24,A,3612,1D25215013008SXC1T,2026-04-24 07:00:00,2026-04-24 15:00:00,48,20.0,0,LP Scheduled
2026-04-24,B,3612,1D25215013008SXC1T,2026-04-24 15:00:00,2026-04-24 20:52:00,36,20.0,0,LP Scheduled
2026-04-24,B,3612,CHANGEOVER,2026-04-24 20:52:00,2026-04-25 02:52:00,0,0.0,0,C/O from 1D25215013008SXC1T to 1325223616105TRAT0
2026-04-25,C,3612,1325223616105TRAT0,2026-04-25 02:52:00,2026-04-25 07:00:00,24,20.0,0,LP Scheduled
2026-04-25,A,3612,1325223616105TRAT0,2026-04-25 07:00:00,2026-04-25 15:00:00,48,20.0,0,LP Scheduled
2026-04-25,B,3612,1325223616105TRAT0,2026-04-25 15:00:00,2026-04-25 17:12:00,14,20.0,0,LP Scheduled
2026-04-25,B,3612,CHANGEOVER,2026-04-25 17:12:00,2026-04-25 23:12:00,0,0.0,0,C/O from 1325223616105TRAT0 to 1325214813075SUHL0
2026-04-25,C,3612,1325214813075SUHL0,2026-04-25 23:12:00,2026-04-26 07:00:00,58,16.0,0,LP Scheduled
2026-04-26,A,3612,1325214813075SUHL0,2026-04-26 07:00:00,2026-04-26 15:00:00,60,16.0,0,LP Scheduled
2026-04-26,B,3612,1325214813075SUHL0,2026-04-26 15:00:00,2026-04-26 23:00:00,60,16.0,0,LP Scheduled
2026-04-26,C,3612,1325214813075SUHL0,2026-04-26 23:00:00,2026-04-27 07:00:00,60,16.0,0,LP Scheduled
2026-04-27,A,3612,1325214813075SUHL0,2026-04-27 07:00:00,2026-04-27 15:00:00,60,16.0,0,LP Scheduled
2026-04-27,B,3612,1325214813075SUHL0,2026-04-27 15:00:00,2026-04-27 23:00:00,60,16.0,0,LP Scheduled
2026-04-27,C,3612,1325214813075SUHL0,2026-04-27 23:00:00,2026-04-28 07:00:00,60,16.0,0,LP Scheduled
2026-04-28,A,3612,1325214813075SUHL0,2026-04-28 07:00:00,2026-04-28 15:00:00,60,16.0,0,LP Scheduled
2026-04-28,B,3612,1325214813075SUHL0,2026-04-28 15:00:00,2026-04-28 23:00:00,60,16.0,0,LP Scheduled
2026-04-28,C,3612,1325214813075SUHL0,2026-04-28 23:00:00,2026-04-29 07:00:00,60,16.0,0,LP Scheduled
2026-04-29,A,3612,1325214813075SUHL0,2026-04-29 07:00:00,2026-04-29 15:00:00,60,16.0,0,LP Scheduled
2026-04-29,B,3612,1325214813075SUHL0,2026-04-29 15:00:00,2026-04-29 23:00:00,60,16.0,0,LP Scheduled
2026-04-29,C,3612,1325214813075SUHL0,2026-04-29 23:00:00,2026-04-30 07:00:00,60,16.0,0,LP Scheduled
2026-04-30,A,3612,1325214813075SUHL0,2026-04-30 07:00:00,2026-04-30 15:00:00,60,16.0,0,LP Scheduled
2026-04-30,B,3612,1325214813075SUHL0,2026-04-30 15:00:00,2026-04-30 23:00:00,60,16.0,0,LP Scheduled
2026-04-30,C,3612,1325214813075SUHL0,2026-04-30 23:00:00,2026-05-01 07:00:00,60,16.0,0,LP Scheduled
2026-05-01,A,3612,1325214813075SUHL0,2026-05-01 07:00:00,2026-05-01 15:00:00,60,16.0,0,LP Scheduled
2026-05-01,B,3612,1325214813075SUHL0,2026-05-01 15:00:00,2026-05-01 23:00:00,60,16.0,0,LP Scheduled
2026-05-01,C,3612,1325214813075SUHL0,2026-05-01 23:00:00,2026-05-02 07:00:00,60,16.0,0,LP Scheduled
2026-05-02,A,3612,1325214813075SUHL0,2026-05-02 07:00:00,2026-05-02 15:00:00,60,16.0,0,LP Scheduled
2026-05-02,B,3612,1325214813075SUHL0,2026-05-02 15:00:00,2026-05-02 23:00:00,60,16.0,0,LP Scheduled
2026-05-02,C,3612,1325214813075SUHL0,2026-05-02 23:00:00,2026-05-03 06:56:00,60,16.0,0,LP Scheduled
2026-04-20,A,3613,CHANGEOVER,2026-04-20 07:00:00,2026-04-20 13:00:00,0,0.0,0,C/O from 1D25214012008QXPCT to 1325223616105TRAT0
2026-04-20,A,3613,1325223616105TRAT0,2026-04-20 13:00:00,2026-04-20 15:00:00,12,20.0,0,LP Scheduled
2026-04-20,B,3613,1325223616105TRAT0,2026-04-20 15:00:00,2026-04-20 23:00:00,48,20.0,0,LP Scheduled
2026-04-20,C,3613,1325223616105TRAT0,2026-04-20 23:00:00,2026-04-21 07:00:00,48,20.0,0,LP Scheduled
2026-04-21,A,3613,1325223616105TRAT0,2026-04-21 07:00:00,2026-04-21 15:00:00,48,20.0,0,LP Scheduled
2026-04-21,B,3613,1325223616105TRAT0,2026-04-21 15:00:00,2026-04-21 23:00:00,48,20.0,0,LP Scheduled
2026-04-21,C,3613,1325223616105TRAT0,2026-04-21 23:00:00,2026-04-22 07:00:00,48,20.0,0,LP Scheduled
2026-04-22,A,3613,1325223616105TRAT0,2026-04-22 07:00:00,2026-04-22 15:00:00,48,20.0,0,LP Scheduled
2026-04-22,B,3613,1325223616105TRAT0,2026-04-22 15:00:00,2026-04-22 23:00:00,48,20.0,0,LP Scheduled
2026-04-22,C,3613,1325223616105TRAT0,2026-04-22 23:00:00,2026-04-23 07:00:00,48,20.0,0,LP Scheduled
2026-04-23,A,3613,1325223616105TRAT0,2026-04-23 07:00:00,2026-04-23 15:00:00,48,20.0,0,LP Scheduled
2026-04-23,B,3613,1325223616105TRAT0,2026-04-23 15:00:00,2026-04-23 23:00:00,48,20.0,0,LP Scheduled
2026-04-23,C,3613,1325223616105TRAT0,2026-04-23 23:00:00,2026-04-24 07:00:00,48,20.0,0,LP Scheduled
2026-04-24,A,3613,1325223616105TRAT0,2026-04-24 07:00:00,2026-04-24 15:00:00,48,20.0,0,LP Scheduled
2026-04-24,B,3613,1325223616105TRAT0,2026-04-24 15:00:00,2026-04-24 23:00:00,48,20.0,0,LP Scheduled
2026-04-24,C,3613,1325223616105TRAT0,2026-04-24 23:00:00,2026-04-25 07:00:00,48,20.0,0,LP Scheduled
2026-04-25,A,3613,1325223616105TRAT0,2026-04-25 07:00:00,2026-04-25 15:00:00,48,20.0,0,LP Scheduled
2026-04-25,B,3613,1325223616105TRAT0,2026-04-25 15:00:00,2026-04-25 23:00:00,48,20.0,0,LP Scheduled
2026-04-25,C,3613,1325223616105TRAT0,2026-04-25 23:00:00,2026-04-26 07:00:00,48,20.0,0,LP Scheduled
2026-04-26,A,3613,1325223616105TRAT0,2026-04-26 07:00:00,2026-04-26 15:00:00,48,20.0,0,LP Scheduled
2026-04-26,B,3613,1325223616105TRAT0,2026-04-26 15:00:00,2026-04-26 23:00:00,48,20.0,0,LP Scheduled
2026-04-26,C,3613,1325223616105TRAT0,2026-04-26 23:00:00,2026-04-27 07:00:00,48,20.0,0,LP Scheduled
2026-04-27,A,3613,1325223616105TRAT0,2026-04-27 07:00:00,2026-04-27 15:00:00,48,20.0,0,LP Scheduled
2026-04-27,B,3613,1325223616105TRAT0,2026-04-27 15:00:00,2026-04-27 23:00:00,48,20.0,0,LP Scheduled
2026-04-27,C,3613,1325223616105TRAT0,2026-04-27 23:00:00,2026-04-28 07:00:00,48,20.0,0,LP Scheduled
2026-04-28,A,3613,1325223616105TRAT0,2026-04-28 07:00:00,2026-04-28 15:00:00,48,20.0,0,LP Scheduled
2026-04-28,B,3613,1325223616105TRAT0,2026-04-28 15:00:00,2026-04-28 23:00:00,48,20.0,0,LP Scheduled
2026-04-28,C,3613,1325223616105TRAT0,2026-04-28 23:00:00,2026-04-29 07:00:00,48,20.0,0,LP Scheduled
2026-04-29,A,3613,1325223616105TRAT0,2026-04-29 07:00:00,2026-04-29 15:00:00,48,20.0,0,LP Scheduled
2026-04-29,B,3613,1325223616105TRAT0,2026-04-29 15:00:00,2026-04-29 23:00:00,48,20.0,0,LP Scheduled
2026-04-29,C,3613,1325223616105TRAT0,2026-04-29 23:00:00,2026-04-30 07:00:00,48,20.0,0,LP Scheduled
2026-04-30,A,3613,1325223616105TRAT0,2026-04-30 07:00:00,2026-04-30 15:00:00,48,20.0,0,LP Scheduled
2026-04-30,B,3613,1325223616105TRAT0,2026-04-30 15:00:00,2026-04-30 23:00:00,48,20.0,0,LP Scheduled
2026-04-30,C,3613,1325223616105TRAT0,2026-04-30 23:00:00,2026-05-01 07:00:00,48,20.0,0,LP Scheduled
2026-05-01,A,3613,1325223616105TRAT0,2026-05-01 07:00:00,2026-05-01 15:00:00,48,20.0,0,LP Scheduled
2026-05-01,B,3613,1325223616105TRAT0,2026-05-01 15:00:00,2026-05-01 23:00:00,48,20.0,0,LP Scheduled
2026-05-01,C,3613,1325223616105TRAT0,2026-05-01 23:00:00,2026-05-02 07:00:00,48,20.0,0,LP Scheduled
2026-05-02,A,3613,1325223616105TRAT0,2026-05-02 07:00:00,2026-05-02 15:00:00,48,20.0,0,LP Scheduled
2026-05-02,B,3613,1325223616105TRAT0,2026-05-02 15:00:00,2026-05-02 23:00:00,48,20.0,0,LP Scheduled
2026-05-02,C,3613,1325223616105TRAT0,2026-05-02 23:00:00,2026-05-03 07:00:00,48,20.0,0,LP Scheduled
2026-04-20,C,3614,CHANGEOVER,2026-04-20 00:12:00,2026-04-20 06:12:00,0,0.0,0,C/O from 1D25214012008QXPCT to 1325224716111SELS0
2026-04-20,C,3614,1325224716111SELS0,2026-04-20 06:12:00,2026-04-20 07:00:00,4,19.0,0,LP Scheduled
2026-04-20,A,3614,1325224716111SELS0,2026-04-20 07:00:00,2026-04-20 15:00:00,50,19.0,0,LP Scheduled
2026-04-20,B,3614,1325224716111SELS0,2026-04-20 15:00:00,2026-04-20 23:00:00,50,19.0,0,LP Scheduled
2026-04-20,C,3614,1325224716111SELS0,2026-04-20 23:00:00,2026-04-21 07:00:00,50,19.0,0,LP Scheduled
2026-04-21,A,3614,1325224716111SELS0,2026-04-21 07:00:00,2026-04-21 15:00:00,50,19.0,0,LP Scheduled
2026-04-21,B,3614,1325224716111SELS0,2026-04-21 15:00:00,2026-04-21 23:00:00,50,19.0,0,LP Scheduled
2026-04-21,C,3614,1325224716111SELS0,2026-04-21 23:00:00,2026-04-22 07:00:00,50,19.0,0,LP Scheduled
2026-04-22,A,3614,1325224716111SELS0,2026-04-22 07:00:00,2026-04-22 15:00:00,50,19.0,0,LP Scheduled
2026-04-22,B,3614,1325224716111SELS0,2026-04-22 15:00:00,2026-04-22 23:00:00,50,19.0,0,LP Scheduled
2026-04-22,C,3614,1325224716111SELS0,2026-04-22 23:00:00,2026-04-23 07:00:00,50,19.0,0,LP Scheduled
2026-04-23,A,3614,1325224716111SELS0,2026-04-23 07:00:00,2026-04-23 15:00:00,50,19.0,0,LP Scheduled
2026-04-23,B,3614,1325224716111SELS0,2026-04-23 15:00:00,2026-04-23 23:00:00,50,19.0,0,LP Scheduled
2026-04-23,C,3614,1325224716111SELS0,2026-04-23 23:00:00,2026-04-24 07:00:00,50,19.0,0,LP Scheduled
2026-04-24,A,3614,1325224716111SELS0,2026-04-24 07:00:00,2026-04-24 15:00:00,50,19.0,0,LP Scheduled
2026-04-24,B,3614,1325224716111SELS0,2026-04-24 15:00:00,2026-04-24 23:00:00,50,19.0,0,LP Scheduled
2026-04-24,C,3614,1325224716111SELS0,2026-04-24 23:00:00,2026-04-25 07:00:00,50,19.0,0,LP Scheduled
2026-04-25,A,3614,1325224716111SELS0,2026-04-25 07:00:00,2026-04-25 15:00:00,50,19.0,0,LP Scheduled
2026-04-25,B,3614,1325224716111SELS0,2026-04-25 15:00:00,2026-04-25 23:00:00,50,19.0,0,LP Scheduled
2026-04-25,C,3614,1325224716111SELS0,2026-04-25 23:00:00,2026-04-26 07:00:00,50,19.0,0,LP Scheduled
2026-04-26,A,3614,1325224716111SELS0,2026-04-26 07:00:00,2026-04-26 15:00:00,50,19.0,0,LP Scheduled
2026-04-26,B,3614,1325224716111SELS0,2026-04-26 15:00:00,2026-04-26 23:00:00,50,19.0,0,LP Scheduled
2026-04-26,C,3614,1325224716111SELS0,2026-04-26 23:00:00,2026-04-27 07:00:00,50,19.0,0,LP Scheduled
2026-04-27,A,3614,1325224716111SELS0,2026-04-27 07:00:00,2026-04-27 15:00:00,50,19.0,0,LP Scheduled
2026-04-27,B,3614,1325224716111SELS0,2026-04-27 15:00:00,2026-04-27 23:00:00,50,19.0,0,LP Scheduled
2026-04-27,C,3614,1325224716111SELS0,2026-04-27 23:00:00,2026-04-28 07:00:00,50,19.0,0,LP Scheduled
2026-04-28,A,3614,1325224716111SELS0,2026-04-28 07:00:00,2026-04-28 15:00:00,50,19.0,0,LP Scheduled
2026-04-28,B,3614,1325224716111SELS0,2026-04-28 15:00:00,2026-04-28 23:00:00,50,19.0,0,LP Scheduled
2026-04-28,C,3614,1325224716111SELS0,2026-04-28 23:00:00,2026-04-29 07:00:00,50,19.0,0,LP Scheduled
2026-04-29,A,3614,1325224716111SELS0,2026-04-29 07:00:00,2026-04-29 15:00:00,50,19.0,0,LP Scheduled
2026-04-29,B,3614,1325224716111SELS0,2026-04-29 15:00:00,2026-04-29 23:00:00,50,19.0,0,LP Scheduled
2026-04-29,C,3614,1325224716111SELS0,2026-04-29 23:00:00,2026-04-30 05:36:00,58,19.0,0,LP Scheduled
2026-05-01,B,3614,CHANGEOVER,2026-05-01 15:00:00,2026-05-01 21:00:00,0,0.0,0,C/O from 1325224716111SELS0 to 1325221516098HRHT0
2026-05-01,B,3614,1325221516098HRHT0,2026-05-01 21:00:00,2026-05-01 23:00:00,14,16.0,0,LP Scheduled
2026-05-01,C,3614,1325221516098HRHT0,2026-05-01 23:00:00,2026-05-02 07:00:00,60,16.0,0,LP Scheduled
2026-05-02,A,3614,1325221516098HRHT0,2026-05-02 07:00:00,2026-05-02 15:00:00,60,16.0,0,LP Scheduled
2026-05-02,B,3614,1325221516098HRHT0,2026-05-02 15:00:00,2026-05-02 23:00:00,60,16.0,0,LP Scheduled
2026-05-02,C,3614,1325221516098HRHT0,2026-05-02 23:00:00,2026-05-03 06:52:00,60,16.0,0,LP Scheduled
2026-04-19,C,3615,CHANGEOVER,2026-04-19 23:00:00,2026-04-20 05:00:00,0,0.0,0,C/O from 1D25214012008QXPCT to 1D25215013008SXC1T
2026-04-20,C,3615,1D25215013008SXC1T,2026-04-20 05:00:00,2026-04-20 07:00:00,12,20.0,0,LP Scheduled
2026-04-20,A,3615,1D25215013008SXC1T,2026-04-20 07:00:00,2026-04-20 15:00:00,48,20.0,0,LP Scheduled
2026-04-20,B,3615,1D25215013008SXC1T,2026-04-20 15:00:00,2026-04-20 23:00:00,48,20.0,0,LP Scheduled
2026-04-20,C,3615,1D25215013008SXC1T,2026-04-20 23:00:00,2026-04-21 07:00:00,48,20.0,0,LP Scheduled
2026-04-21,A,3615,1D25215013008SXC1T,2026-04-21 07:00:00,2026-04-21 15:00:00,48,20.0,0,LP Scheduled
2026-04-21,B,3615,1D25215013008SXC1T,2026-04-21 15:00:00,2026-04-21 23:00:00,48,20.0,0,LP Scheduled
2026-04-21,C,3615,1D25215013008SXC1T,2026-04-21 23:00:00,2026-04-22 07:00:00,48,20.0,0,LP Scheduled
2026-04-22,A,3615,1D25215013008SXC1T,2026-04-22 07:00:00,2026-04-22 15:00:00,48,20.0,0,LP Scheduled
2026-04-22,B,3615,1D25215013008SXC1T,2026-04-22 15:00:00,2026-04-22 23:00:00,48,20.0,0,LP Scheduled
2026-04-22,C,3615,1D25215013008SXC1T,2026-04-22 23:00:00,2026-04-23 07:00:00,48,20.0,0,LP Scheduled
2026-04-23,A,3615,1D25215013008SXC1T,2026-04-23 07:00:00,2026-04-23 15:00:00,48,20.0,0,LP Scheduled
2026-04-23,B,3615,1D25215013008SXC1T,2026-04-23 15:00:00,2026-04-23 23:00:00,48,20.0,0,LP Scheduled
2026-04-23,C,3615,1D25215013008SXC1T,2026-04-23 23:00:00,2026-04-24 07:00:00,48,20.0,0,LP Scheduled
2026-04-24,A,3615,1D25215013008SXC1T,2026-04-24 07:00:00,2026-04-24 15:00:00,48,20.0,0,LP Scheduled
2026-04-24,B,3615,1D25215013008SXC1T,2026-04-24 15:00:00,2026-04-24 23:00:00,48,20.0,0,LP Scheduled
2026-04-24,C,3615,1D25215013008SXC1T,2026-04-24 23:00:00,2026-04-25 07:00:00,48,20.0,0,LP Scheduled
2026-04-25,A,3615,1D25215013008SXC1T,2026-04-25 07:00:00,2026-04-25 15:00:00,48,20.0,0,LP Scheduled
2026-04-25,B,3615,1D25215013008SXC1T,2026-04-25 15:00:00,2026-04-25 23:00:00,48,20.0,0,LP Scheduled
2026-04-25,C,3615,1D25215013008SXC1T,2026-04-25 23:00:00,2026-04-26 07:00:00,48,20.0,0,LP Scheduled
2026-04-26,A,3615,1D25215013008SXC1T,2026-04-26 07:00:00,2026-04-26 15:00:00,48,20.0,0,LP Scheduled
2026-04-26,B,3615,1D25215013008SXC1T,2026-04-26 15:00:00,2026-04-26 23:00:00,48,20.0,0,LP Scheduled
2026-04-26,C,3615,1D25215013008SXC1T,2026-04-26 23:00:00,2026-04-27 07:00:00,48,20.0,0,LP Scheduled
2026-04-27,A,3615,1D25215013008SXC1T,2026-04-27 07:00:00,2026-04-27 15:00:00,48,20.0,0,LP Scheduled
2026-04-27,B,3615,1D25215013008SXC1T,2026-04-27 15:00:00,2026-04-27 23:00:00,48,20.0,0,LP Scheduled
2026-04-27,C,3615,1D25215013008SXC1T,2026-04-27 23:00:00,2026-04-28 07:00:00,48,20.0,0,LP Scheduled
2026-04-28,A,3615,1D25215013008SXC1T,2026-04-28 07:00:00,2026-04-28 15:00:00,48,20.0,0,LP Scheduled
2026-04-28,B,3615,1D25215013008SXC1T,2026-04-28 15:00:00,2026-04-28 23:00:00,48,20.0,0,LP Scheduled
2026-04-28,C,3615,1D25215013008SXC1T,2026-04-28 23:00:00,2026-04-29 07:00:00,48,20.0,0,LP Scheduled
2026-04-29,A,3615,1D25215013008SXC1T,2026-04-29 07:00:00,2026-04-29 15:00:00,48,20.0,0,LP Scheduled
2026-04-29,B,3615,1D25215013008SXC1T,2026-04-29 15:00:00,2026-04-29 23:00:00,48,20.0,0,LP Scheduled
2026-04-29,C,3615,1D25215013008SXC1T,2026-04-29 23:00:00,2026-04-30 07:00:00,48,20.0,0,LP Scheduled
2026-04-30,A,3615,1D25215013008SXC1T,2026-04-30 07:00:00,2026-04-30 15:00:00,48,20.0,0,LP Scheduled
2026-04-30,B,3615,1D25215013008SXC1T,2026-04-30 15:00:00,2026-04-30 23:00:00,48,20.0,0,LP Scheduled
2026-04-30,C,3615,1D25215013008SXC1T,2026-04-30 23:00:00,2026-05-01 07:00:00,48,20.0,0,LP Scheduled
2026-05-01,A,3615,1D25215013008SXC1T,2026-05-01 07:00:00,2026-05-01 15:00:00,48,20.0,0,LP Scheduled
2026-05-01,B,3615,1D25215013008SXC1T,2026-05-01 15:00:00,2026-05-01 23:00:00,48,20.0,0,LP Scheduled
2026-05-01,C,3615,1D25215013008SXC1T,2026-05-01 23:00:00,2026-05-02 07:00:00,48,20.0,0,LP Scheduled
2026-05-02,A,3615,1D25215013008SXC1T,2026-05-02 07:00:00,2026-05-02 15:00:00,48,20.0,0,LP Scheduled
2026-05-02,B,3615,1D25215013008SXC1T,2026-05-02 15:00:00,2026-05-02 23:00:00,48,20.0,0,LP Scheduled
2026-05-02,C,3615,1D25215013008SXC1T,2026-05-02 23:00:00,2026-05-03 07:00:00,48,20.0,0,LP Scheduled
2026-04-20,C,3616,CHANGEOVER,2026-04-20 00:12:00,2026-04-20 06:12:00,0,0.0,0,C/O from 1D25214012008QXPCT to 1325222318098HRHE0
2026-04-20,C,3616,1325222318098HRHE0,2026-04-20 06:12:00,2026-04-20 07:00:00,4,18.0,0,LP Scheduled
2026-04-20,A,3616,1325222318098HRHE0,2026-04-20 07:00:00,2026-04-20 15:00:00,52,18.0,0,LP Scheduled
2026-04-20,B,3616,1325222318098HRHE0,2026-04-20 15:00:00,2026-04-20 23:00:00,52,18.0,0,LP Scheduled
2026-04-20,C,3616,1325222318098HRHE0,2026-04-20 23:00:00,2026-04-21 07:00:00,52,18.0,0,LP Scheduled
2026-04-21,A,3616,1325222318098HRHE0,2026-04-21 07:00:00,2026-04-21 15:00:00,52,18.0,0,LP Scheduled
2026-04-21,B,3616,1325222318098HRHE0,2026-04-21 15:00:00,2026-04-21 23:00:00,52,18.0,0,LP Scheduled
2026-04-21,C,3616,1325222318098HRHE0,2026-04-21 23:00:00,2026-04-22 07:00:00,52,18.0,0,LP Scheduled
2026-04-22,A,3616,1325222318098HRHE0,2026-04-22 07:00:00,2026-04-22 15:00:00,52,18.0,0,LP Scheduled
2026-04-22,B,3616,1325222318098HRHE0,2026-04-22 15:00:00,2026-04-22 23:00:00,52,18.0,0,LP Scheduled
2026-04-22,C,3616,1325222318098HRHE0,2026-04-22 23:00:00,2026-04-23 07:00:00,52,18.0,0,LP Scheduled
2026-04-23,A,3616,1325222318098HRHE0,2026-04-23 07:00:00,2026-04-23 15:00:00,52,18.0,0,LP Scheduled
2026-04-23,B,3616,1325222318098HRHE0,2026-04-23 15:00:00,2026-04-23 23:00:00,52,18.0,0,LP Scheduled
2026-04-23,C,3616,1325222318098HRHE0,2026-04-23 23:00:00,2026-04-24 07:00:00,52,18.0,0,LP Scheduled
2026-04-24,A,3616,1325222318098HRHE0,2026-04-24 07:00:00,2026-04-24 15:00:00,52,18.0,0,LP Scheduled
2026-04-24,B,3616,1325222318098HRHE0,2026-04-24 15:00:00,2026-04-24 23:00:00,52,18.0,0,LP Scheduled
2026-04-24,C,3616,1325222318098HRHE0,2026-04-24 23:00:00,2026-04-25 07:00:00,52,18.0,0,LP Scheduled
2026-04-25,A,3616,1325222318098HRHE0,2026-04-25 07:00:00,2026-04-25 15:00:00,52,18.0,0,LP Scheduled
2026-04-25,B,3616,1325222318098HRHE0,2026-04-25 15:00:00,2026-04-25 23:00:00,52,18.0,0,LP Scheduled
2026-04-25,C,3616,1325222318098HRHE0,2026-04-25 23:00:00,2026-04-26 07:00:00,52,18.0,0,LP Scheduled
2026-04-26,A,3616,1325222318098HRHE0,2026-04-26 07:00:00,2026-04-26 15:00:00,52,18.0,0,LP Scheduled
2026-04-26,B,3616,1325222318098HRHE0,2026-04-26 15:00:00,2026-04-26 23:00:00,52,18.0,0,LP Scheduled
2026-04-26,C,3616,1325222318098HRHE0,2026-04-26 23:00:00,2026-04-27 07:00:00,52,18.0,0,LP Scheduled
2026-04-27,A,3616,1325222318098HRHE0,2026-04-27 07:00:00,2026-04-27 15:00:00,52,18.0,0,LP Scheduled
2026-04-27,B,3616,1325222318098HRHE0,2026-04-27 15:00:00,2026-04-27 23:00:00,52,18.0,0,LP Scheduled
2026-04-27,C,3616,1325222318098HRHE0,2026-04-27 23:00:00,2026-04-28 07:00:00,52,18.0,0,LP Scheduled
2026-04-28,A,3616,1325222318098HRHE0,2026-04-28 07:00:00,2026-04-28 15:00:00,52,18.0,0,LP Scheduled
2026-04-28,B,3616,1325222318098HRHE0,2026-04-28 15:00:00,2026-04-28 23:00:00,52,18.0,0,LP Scheduled
2026-04-28,C,3616,1325222318098HRHE0,2026-04-28 23:00:00,2026-04-29 07:00:00,52,18.0,0,LP Scheduled
2026-04-29,A,3616,1325222318098HRHE0,2026-04-29 07:00:00,2026-04-29 15:00:00,52,18.0,0,LP Scheduled
2026-04-29,B,3616,1325222318098HRHE0,2026-04-29 15:00:00,2026-04-29 23:00:00,52,18.0,0,LP Scheduled
2026-04-29,C,3616,1325222318098HRHE0,2026-04-29 23:00:00,2026-04-30 07:00:00,52,18.0,0,LP Scheduled
2026-04-30,A,3616,1325222318098HRHE0,2026-04-30 07:00:00,2026-04-30 15:00:00,52,18.0,0,LP Scheduled
2026-04-30,B,3616,1325222318098HRHE0,2026-04-30 15:00:00,2026-04-30 23:00:00,52,18.0,0,LP Scheduled
2026-04-30,C,3616,1325222318098HRHE0,2026-04-30 23:00:00,2026-05-01 07:00:00,52,18.0,0,LP Scheduled
2026-05-01,A,3616,1325222318098HRHE0,2026-05-01 07:00:00,2026-05-01 15:00:00,52,18.0,0,LP Scheduled
2026-05-01,B,3616,1325222318098HRHE0,2026-05-01 15:00:00,2026-05-01 23:00:00,52,18.0,0,LP Scheduled
2026-05-01,C,3616,1325222318098HRHE0,2026-05-01 23:00:00,2026-05-02 07:00:00,52,18.0,0,LP Scheduled
2026-05-02,A,3616,1325222318098HRHE0,2026-05-02 07:00:00,2026-05-02 15:00:00,52,18.0,0,LP Scheduled
2026-05-02,B,3616,1325222318098HRHE0,2026-05-02 15:00:00,2026-05-02 23:00:00,52,18.0,0,LP Scheduled
2026-05-02,C,3616,1325222318098HRHE0,2026-05-02 23:00:00,2026-05-03 06:48:00,104,18.0,0,LP Scheduled
2026-05-01,B,4501,CHANGEOVER,2026-05-01 15:00:00,2026-05-01 21:00:00,0,0.0,0,C/O from 1D25215013008SXC10 to 1325223317103YLEV0
2026-05-01,B,4501,1325223317103YLEV0,2026-05-01 21:00:00,2026-05-01 23:00:00,10,21.0,0,LP Scheduled
2026-05-01,C,4501,1325223317103YLEV0,2026-05-01 23:00:00,2026-05-02 07:00:00,44,21.0,0,LP Scheduled
2026-05-02,A,4501,1325223317103YLEV0,2026-05-02 07:00:00,2026-05-02 15:00:00,44,21.0,0,LP Scheduled
2026-05-02,B,4501,1325223317103YLEV0,2026-05-02 15:00:00,2026-05-02 23:00:00,44,21.0,0,LP Scheduled
2026-05-02,C,4501,1325223317103YLEV0,2026-05-02 23:00:00,2026-05-03 06:57:00,52,21.0,0,LP Scheduled
2026-04-27,C,4502,CHANGEOVER,2026-04-27 06:50:00,2026-04-27 12:50:00,0,0.0,0,C/O from 1325215813079TUNE3 to 1325221715100SRAT0
2026-04-27,A,4502,1325221715100SRAT0,2026-04-27 12:50:00,2026-04-27 15:00:00,12,19.0,0,LP Scheduled
2026-04-27,B,4502,1325221715100SRAT0,2026-04-27 15:00:00,2026-04-27 23:00:00,50,19.0,0,LP Scheduled
2026-04-27,C,4502,1325221715100SRAT0,2026-04-27 23:00:00,2026-04-28 07:00:00,50,19.0,0,LP Scheduled
2026-04-28,A,4502,1325221715100SRAT0,2026-04-28 07:00:00,2026-04-28 15:00:00,50,19.0,0,LP Scheduled
2026-04-28,B,4502,1325221715100SRAT0,2026-04-28 15:00:00,2026-04-28 23:00:00,50,19.0,0,LP Scheduled
2026-04-28,C,4502,1325221715100SRAT0,2026-04-28 23:00:00,2026-04-29 07:00:00,50,19.0,0,LP Scheduled
2026-04-29,A,4502,1325221715100SRAT0,2026-04-29 07:00:00,2026-04-29 15:00:00,50,19.0,0,LP Scheduled
2026-04-29,B,4502,1325221715100SRAT0,2026-04-29 15:00:00,2026-04-29 23:00:00,50,19.0,0,LP Scheduled
2026-04-29,C,4502,1325221715100SRAT0,2026-04-29 23:00:00,2026-04-30 07:00:00,50,19.0,0,LP Scheduled
2026-04-30,A,4502,1325221715100SRAT0,2026-04-30 07:00:00,2026-04-30 13:21:00,46,19.0,0,LP Scheduled
2026-05-02,A,4502,CHANGEOVER,2026-05-02 07:00:00,2026-05-02 13:00:00,0,0.0,0,C/O from 1325221715100SRAT0 to 1325218514086HUTR0
2026-05-02,A,4502,1325218514086HUTR0,2026-05-02 13:00:00,2026-05-02 15:00:00,16,14.0,0,LP Scheduled
2026-05-02,B,4502,1325218514086HUTR0,2026-05-02 15:00:00,2026-05-02 23:00:00,68,14.0,0,LP Scheduled
2026-05-02,C,4502,1325218514086HUTR0,2026-05-02 23:00:00,2026-05-03 06:58:00,70,14.0,0,LP Scheduled
2026-04-27,B,4503,CHANGEOVER,2026-04-27 15:00:00,2026-04-27 21:00:00,0,0.0,0,C/O from 1325215813079TUNE3 to 1325218514086HUTR0
2026-04-27,B,4503,1325218514086HUTR0,2026-04-27 21:00:00,2026-04-27 23:00:00,16,14.0,0,LP Scheduled
2026-04-27,C,4503,1325218514086HUTR0,2026-04-27 23:00:00,2026-04-28 07:00:00,68,14.0,0,LP Scheduled
2026-04-28,A,4503,1325218514086HUTR0,2026-04-28 07:00:00,2026-04-28 15:00:00,68,14.0,0,LP Scheduled
2026-04-28,B,4503,1325218514086HUTR0,2026-04-28 15:00:00,2026-04-28 23:00:00,68,14.0,0,LP Scheduled
2026-04-28,C,4503,1325218514086HUTR0,2026-04-28 23:00:00,2026-04-29 07:00:00,68,14.0,0,LP Scheduled
2026-04-29,A,4503,1325218514086HUTR0,2026-04-29 07:00:00,2026-04-29 15:00:00,68,14.0,0,LP Scheduled
2026-04-29,B,4503,1325218514086HUTR0,2026-04-29 15:00:00,2026-04-29 23:00:00,68,14.0,0,LP Scheduled
2026-04-29,C,4503,1325218514086HUTR0,2026-04-29 23:00:00,2026-04-30 07:00:00,68,14.0,0,LP Scheduled
2026-04-30,A,4503,1325218514086HUTR0,2026-04-30 07:00:00,2026-04-30 15:00:00,68,14.0,0,LP Scheduled
2026-04-30,B,4503,1325218514086HUTR0,2026-04-30 15:00:00,2026-04-30 23:00:00,68,14.0,0,LP Scheduled
2026-04-30,C,4503,1325218514086HUTR0,2026-04-30 23:00:00,2026-05-01 07:00:00,68,14.0,0,LP Scheduled
2026-05-01,A,4503,1325218514086HUTR0,2026-05-01 07:00:00,2026-05-01 15:00:00,68,14.0,0,LP Scheduled
2026-05-01,B,4503,1325218514086HUTR0,2026-05-01 15:00:00,2026-05-01 23:00:00,68,14.0,0,LP Scheduled
2026-05-01,C,4503,1325218514086HUTR0,2026-05-01 23:00:00,2026-05-02 07:00:00,68,14.0,0,LP Scheduled
2026-05-02,A,4503,1325218514086HUTR0,2026-05-02 07:00:00,2026-05-02 15:00:00,68,14.0,0,LP Scheduled
2026-05-02,B,4503,1325218514086HUTR0,2026-05-02 15:00:00,2026-05-02 23:00:00,68,14.0,0,LP Scheduled
2026-05-02,C,4503,1325218514086HUTR0,2026-05-02 23:00:00,2026-05-03 06:58:00,78,14.0,0,LP Scheduled
2026-04-27,B,4504,CHANGEOVER,2026-04-27 15:00:00,2026-04-27 21:00:00,0,0.0,0,C/O from 1325215813079TUNE3 to 1325223616105TRAT0
2026-04-27,B,4504,1325223616105TRAT0,2026-04-27 21:00:00,2026-04-27 23:00:00,12,20.0,0,LP Scheduled
2026-04-27,C,4504,1325223616105TRAT0,2026-04-27 23:00:00,2026-04-28 07:00:00,48,20.0,0,LP Scheduled
2026-04-28,A,4504,1325223616105TRAT0,2026-04-28 07:00:00,2026-04-28 15:00:00,48,20.0,0,LP Scheduled
2026-04-28,B,4504,1325223616105TRAT0,2026-04-28 15:00:00,2026-04-28 23:00:00,48,20.0,0,LP Scheduled
2026-04-28,C,4504,1325223616105TRAT0,2026-04-28 23:00:00,2026-04-29 07:00:00,48,20.0,0,LP Scheduled
2026-04-29,A,4504,1325223616105TRAT0,2026-04-29 07:00:00,2026-04-29 15:00:00,48,20.0,0,LP Scheduled
2026-04-29,B,4504,1325223616105TRAT0,2026-04-29 15:00:00,2026-04-29 23:00:00,48,20.0,0,LP Scheduled
2026-04-29,C,4504,1325223616105TRAT0,2026-04-29 23:00:00,2026-04-30 07:00:00,48,20.0,0,LP Scheduled
2026-04-30,A,4504,1325223616105TRAT0,2026-04-30 07:00:00,2026-04-30 15:00:00,48,20.0,0,LP Scheduled
2026-04-30,B,4504,1325223616105TRAT0,2026-04-30 15:00:00,2026-04-30 23:00:00,48,20.0,0,LP Scheduled
2026-04-30,C,4504,1325223616105TRAT0,2026-04-30 23:00:00,2026-05-01 07:00:00,48,20.0,0,LP Scheduled
2026-05-01,A,4504,1325223616105TRAT0,2026-05-01 07:00:00,2026-05-01 15:00:00,48,20.0,0,LP Scheduled
2026-05-01,B,4504,1325223616105TRAT0,2026-05-01 15:00:00,2026-05-01 23:00:00,48,20.0,0,LP Scheduled
2026-05-01,C,4504,1325223616105TRAT0,2026-05-01 23:00:00,2026-05-02 07:00:00,48,20.0,0,LP Scheduled
2026-05-02,A,4504,1325223616105TRAT0,2026-05-02 07:00:00,2026-05-02 15:00:00,48,20.0,0,LP Scheduled
2026-05-02,B,4504,1325223616105TRAT0,2026-05-02 15:00:00,2026-05-02 23:00:00,48,20.0,0,LP Scheduled
2026-05-02,C,4504,1325223616105TRAT0,2026-05-02 23:00:00,2026-05-03 07:00:00,48,20.0,0,LP Scheduled
2026-05-01,B,4506,CHANGEOVER,2026-05-01 15:00:00,2026-05-01 21:00:00,0,0.0,0,C/O from 1D25215013008SXC10 to 1325224716111SELS0
2026-05-01,B,4506,1325224716111SELS0,2026-05-01 21:00:00,2026-05-01 23:00:00,12,19.0,0,LP Scheduled
2026-05-01,C,4506,1325224716111SELS0,2026-05-01 23:00:00,2026-05-02 07:00:00,50,19.0,0,LP Scheduled
2026-05-02,A,4506,1325224716111SELS0,2026-05-02 07:00:00,2026-05-02 15:00:00,50,19.0,0,LP Scheduled
2026-05-02,B,4506,1325224716111SELS0,2026-05-02 15:00:00,2026-05-02 23:00:00,50,19.0,0,LP Scheduled
2026-05-02,C,4506,1325224716111SELS0,2026-05-02 23:00:00,2026-05-03 06:53:00,52,19.0,0,LP Scheduled
2026-04-09,B,4507,CHANGEOVER,2026-04-09 21:15:00,2026-04-10 03:15:00,0,0.0,0,C/O from 1325215514075TUNE0 to 1325224716111SELS0
2026-04-10,C,4507,1325224716111SELS0,2026-04-10 03:15:00,2026-04-10 07:00:00,22,19.0,0,LP Scheduled
2026-04-10,A,4507,1325224716111SELS0,2026-04-10 07:00:00,2026-04-10 15:00:00,50,19.0,0,LP Scheduled
2026-04-10,B,4507,1325224716111SELS0,2026-04-10 15:00:00,2026-04-10 23:00:00,50,19.0,0,LP Scheduled
2026-04-10,C,4507,1325224716111SELS0,2026-04-10 23:00:00,2026-04-11 07:00:00,50,19.0,0,LP Scheduled
2026-04-11,A,4507,1325224716111SELS0,2026-04-11 07:00:00,2026-04-11 15:00:00,50,19.0,0,LP Scheduled
2026-04-11,B,4507,1325224716111SELS0,2026-04-11 15:00:00,2026-04-11 23:00:00,50,19.0,0,LP Scheduled
2026-04-11,C,4507,1325224716111SELS0,2026-04-11 23:00:00,2026-04-12 07:00:00,50,19.0,0,LP Scheduled
2026-04-12,A,4507,1325224716111SELS0,2026-04-12 07:00:00,2026-04-12 15:00:00,50,19.0,0,LP Scheduled
2026-04-12,B,4507,1325224716111SELS0,2026-04-12 15:00:00,2026-04-12 23:00:00,50,19.0,0,LP Scheduled
2026-04-12,C,4507,1325224716111SELS0,2026-04-12 23:00:00,2026-04-13 07:00:00,50,19.0,0,LP Scheduled
2026-04-13,A,4507,1325224716111SELS0,2026-04-13 07:00:00,2026-04-13 15:00:00,50,19.0,0,LP Scheduled
2026-04-13,B,4507,1325224716111SELS0,2026-04-13 15:00:00,2026-04-13 23:00:00,50,19.0,0,LP Scheduled
2026-04-13,C,4507,1325224716111SELS0,2026-04-13 23:00:00,2026-04-14 07:00:00,50,19.0,0,LP Scheduled
2026-04-14,A,4507,1325224716111SELS0,2026-04-14 07:00:00,2026-04-14 15:00:00,50,19.0,0,LP Scheduled
2026-04-14,B,4507,1325224716111SELS0,2026-04-14 15:00:00,2026-04-14 23:00:00,50,19.0,0,LP Scheduled
2026-04-14,C,4507,1325224716111SELS0,2026-04-14 23:00:00,2026-04-15 07:00:00,50,19.0,0,LP Scheduled
2026-04-15,A,4507,1325224716111SELS0,2026-04-15 07:00:00,2026-04-15 15:00:00,50,19.0,0,LP Scheduled
2026-04-15,B,4507,1325224716111SELS0,2026-04-15 15:00:00,2026-04-15 23:00:00,50,19.0,0,LP Scheduled
2026-04-15,C,4507,1325224716111SELS0,2026-04-15 23:00:00,2026-04-16 07:00:00,50,19.0,0,LP Scheduled
2026-04-16,A,4507,1325224716111SELS0,2026-04-16 07:00:00,2026-04-16 15:00:00,50,19.0,0,LP Scheduled
2026-04-16,B,4507,1325224716111SELS0,2026-04-16 15:00:00,2026-04-16 23:00:00,50,19.0,0,LP Scheduled
2026-04-16,C,4507,1325224716111SELS0,2026-04-16 23:00:00,2026-04-17 07:00:00,50,19.0,0,LP Scheduled
2026-04-17,A,4507,1325224716111SELS0,2026-04-17 07:00:00,2026-04-17 15:00:00,50,19.0,0,LP Scheduled
2026-04-17,B,4507,1325224716111SELS0,2026-04-17 15:00:00,2026-04-17 23:00:00,50,19.0,0,LP Scheduled
2026-04-17,C,4507,1325224716111SELS0,2026-04-17 23:00:00,2026-04-18 07:00:00,50,19.0,0,LP Scheduled
2026-04-18,A,4507,1325224716111SELS0,2026-04-18 07:00:00,2026-04-18 15:00:00,50,19.0,0,LP Scheduled
2026-04-18,B,4507,1325224716111SELS0,2026-04-18 15:00:00,2026-04-18 23:00:00,50,19.0,0,LP Scheduled
2026-04-18,C,4507,1325224716111SELS0,2026-04-18 23:00:00,2026-04-19 07:00:00,50,19.0,0,LP Scheduled
2026-04-19,A,4507,1325224716111SELS0,2026-04-19 07:00:00,2026-04-19 15:00:00,50,19.0,0,LP Scheduled
2026-04-19,B,4507,1325224716111SELS0,2026-04-19 15:00:00,2026-04-19 23:00:00,50,19.0,0,LP Scheduled
2026-04-19,C,4507,1325224716111SELS0,2026-04-19 23:00:00,2026-04-20 07:00:00,50,19.0,0,LP Scheduled
2026-04-20,A,4507,1325224716111SELS0,2026-04-20 07:00:00,2026-04-20 15:00:00,50,19.0,0,LP Scheduled
2026-04-20,B,4507,1325224716111SELS0,2026-04-20 15:00:00,2026-04-20 23:00:00,50,19.0,0,LP Scheduled
2026-04-20,C,4507,1325224716111SELS0,2026-04-20 23:00:00,2026-04-21 07:00:00,50,19.0,0,LP Scheduled
2026-04-21,A,4507,1325224716111SELS0,2026-04-21 07:00:00,2026-04-21 15:00:00,50,19.0,0,LP Scheduled
2026-04-21,B,4507,1325224716111SELS0,2026-04-21 15:00:00,2026-04-21 23:00:00,50,19.0,0,LP Scheduled
2026-04-21,C,4507,1325224716111SELS0,2026-04-21 23:00:00,2026-04-22 07:00:00,50,19.0,0,LP Scheduled
2026-04-22,A,4507,1325224716111SELS0,2026-04-22 07:00:00,2026-04-22 15:00:00,50,19.0,0,LP Scheduled
2026-04-22,B,4507,1325224716111SELS0,2026-04-22 15:00:00,2026-04-22 23:00:00,50,19.0,0,LP Scheduled
2026-04-22,C,4507,1325224716111SELS0,2026-04-22 23:00:00,2026-04-23 07:00:00,50,19.0,0,LP Scheduled
2026-04-23,A,4507,1325224716111SELS0,2026-04-23 07:00:00,2026-04-23 15:00:00,50,19.0,0,LP Scheduled
2026-04-23,B,4507,1325224716111SELS0,2026-04-23 15:00:00,2026-04-23 23:00:00,50,19.0,0,LP Scheduled
2026-04-23,C,4507,1325224716111SELS0,2026-04-23 23:00:00,2026-04-24 07:00:00,50,19.0,0,LP Scheduled
2026-04-24,A,4507,1325224716111SELS0,2026-04-24 07:00:00,2026-04-24 15:00:00,50,19.0,0,LP Scheduled
2026-04-24,B,4507,1325224716111SELS0,2026-04-24 15:00:00,2026-04-24 23:00:00,50,19.0,0,LP Scheduled
2026-04-24,C,4507,1325224716111SELS0,2026-04-24 23:00:00,2026-04-25 07:00:00,50,19.0,0,LP Scheduled
2026-04-25,A,4507,1325224716111SELS0,2026-04-25 07:00:00,2026-04-25 15:00:00,50,19.0,0,LP Scheduled
2026-04-25,B,4507,1325224716111SELS0,2026-04-25 15:00:00,2026-04-25 16:55:00,38,19.0,0,LP Scheduled
2026-04-25,B,4507,CHANGEOVER,2026-04-25 16:55:00,2026-04-25 22:55:00,0,0.0,0,C/O from 1325224716111SELS0 to 1325223517104TRXT0
2026-04-25,B,4507,1325223517104TRXT0,2026-04-25 22:55:00,2026-04-25 23:00:00,0,20.0,0,LP Scheduled
2026-04-25,C,4507,1325223517104TRXT0,2026-04-25 23:00:00,2026-04-26 07:00:00,48,20.0,0,LP Scheduled
2026-04-26,A,4507,1325223517104TRXT0,2026-04-26 07:00:00,2026-04-26 15:00:00,48,20.0,0,LP Scheduled
2026-04-26,B,4507,1325223517104TRXT0,2026-04-26 15:00:00,2026-04-26 23:00:00,48,20.0,0,LP Scheduled
2026-04-26,C,4507,1325223517104TRXT0,2026-04-26 23:00:00,2026-04-27 07:00:00,48,20.0,0,LP Scheduled
2026-04-27,A,4507,1325223517104TRXT0,2026-04-27 07:00:00,2026-04-27 15:00:00,48,20.0,0,LP Scheduled
2026-04-27,B,4507,1325223517104TRXT0,2026-04-27 15:00:00,2026-04-27 23:00:00,48,20.0,0,LP Scheduled
2026-04-27,C,4507,1325223517104TRXT0,2026-04-27 23:00:00,2026-04-28 07:00:00,48,20.0,0,LP Scheduled
2026-04-28,A,4507,1325223517104TRXT0,2026-04-28 07:00:00,2026-04-28 15:00:00,48,20.0,0,LP Scheduled
2026-04-28,B,4507,1325223517104TRXT0,2026-04-28 15:00:00,2026-04-28 23:00:00,48,20.0,0,LP Scheduled
2026-04-28,C,4507,1325223517104TRXT0,2026-04-28 23:00:00,2026-04-29 07:00:00,48,20.0,0,LP Scheduled
2026-04-29,A,4507,1325223517104TRXT0,2026-04-29 07:00:00,2026-04-29 15:00:00,48,20.0,0,LP Scheduled
2026-04-29,B,4507,1325223517104TRXT0,2026-04-29 15:00:00,2026-04-29 23:00:00,48,20.0,0,LP Scheduled
2026-04-29,C,4507,1325223517104TRXT0,2026-04-29 23:00:00,2026-04-30 07:00:00,48,20.0,0,LP Scheduled
2026-04-30,A,4507,1325223517104TRXT0,2026-04-30 07:00:00,2026-04-30 15:00:00,48,20.0,0,LP Scheduled
2026-04-30,B,4507,1325223517104TRXT0,2026-04-30 15:00:00,2026-04-30 23:00:00,48,20.0,0,LP Scheduled
2026-04-30,C,4507,1325223517104TRXT0,2026-04-30 23:00:00,2026-05-01 07:00:00,48,20.0,0,LP Scheduled
2026-05-01,A,4507,1325223517104TRXT0,2026-05-01 07:00:00,2026-05-01 15:00:00,48,20.0,0,LP Scheduled
2026-05-01,B,4507,1325223517104TRXT0,2026-05-01 15:00:00,2026-05-01 23:00:00,48,20.0,0,LP Scheduled
2026-05-01,C,4507,1325223517104TRXT0,2026-05-01 23:00:00,2026-05-02 07:00:00,48,20.0,0,LP Scheduled
2026-05-02,A,4507,1325223517104TRXT0,2026-05-02 07:00:00,2026-05-02 15:00:00,48,20.0,0,LP Scheduled
2026-05-02,B,4507,1325223517104TRXT0,2026-05-02 15:00:00,2026-05-02 23:00:00,48,20.0,0,LP Scheduled
2026-05-02,C,4507,1325223517104TRXT0,2026-05-02 23:00:00,2026-05-03 06:55:00,48,20.0,0,LP Scheduled
2026-04-27,A,4509,CHANGEOVER,2026-04-27 07:00:00,2026-04-27 13:00:00,0,0.0,0,C/O from 1325215813079TUNE3 to 1325221715100SRAT0
2026-04-27,A,4509,1325221715100SRAT0,2026-04-27 13:00:00,2026-04-27 15:00:00,12,19.0,0,LP Scheduled
2026-04-27,B,4509,1325221715100SRAT0,2026-04-27 15:00:00,2026-04-27 23:00:00,50,19.0,0,LP Scheduled
2026-04-27,C,4509,1325221715100SRAT0,2026-04-27 23:00:00,2026-04-28 07:00:00,50,19.0,0,LP Scheduled
2026-04-28,A,4509,1325221715100SRAT0,2026-04-28 07:00:00,2026-04-28 15:00:00,50,19.0,0,LP Scheduled
2026-04-28,B,4509,1325221715100SRAT0,2026-04-28 15:00:00,2026-04-28 23:00:00,50,19.0,0,LP Scheduled
2026-04-28,C,4509,1325221715100SRAT0,2026-04-28 23:00:00,2026-04-29 07:00:00,50,19.0,0,LP Scheduled
2026-04-29,A,4509,1325221715100SRAT0,2026-04-29 07:00:00,2026-04-29 15:00:00,50,19.0,0,LP Scheduled
2026-04-29,B,4509,1325221715100SRAT0,2026-04-29 15:00:00,2026-04-29 23:00:00,50,19.0,0,LP Scheduled
2026-04-29,C,4509,1325221715100SRAT0,2026-04-29 23:00:00,2026-04-30 07:00:00,50,19.0,0,LP Scheduled
2026-04-30,A,4509,1325221715100SRAT0,2026-04-30 07:00:00,2026-04-30 15:00:00,50,19.0,0,LP Scheduled
2026-04-30,B,4509,1325221715100SRAT0,2026-04-30 15:00:00,2026-04-30 23:00:00,50,19.0,0,LP Scheduled
2026-04-30,C,4509,1325221715100SRAT0,2026-04-30 23:00:00,2026-05-01 07:00:00,50,19.0,0,LP Scheduled
2026-05-01,A,4509,1325221715100SRAT0,2026-05-01 07:00:00,2026-05-01 15:00:00,50,19.0,0,LP Scheduled
2026-05-01,B,4509,1325221715100SRAT0,2026-05-01 15:00:00,2026-05-01 23:00:00,50,19.0,0,LP Scheduled
2026-05-01,C,4509,1325221715100SRAT0,2026-05-01 23:00:00,2026-05-02 07:00:00,50,19.0,0,LP Scheduled
2026-05-02,A,4509,1325221715100SRAT0,2026-05-02 07:00:00,2026-05-02 15:00:00,50,19.0,0,LP Scheduled
2026-05-02,B,4509,1325221715100SRAT0,2026-05-02 15:00:00,2026-05-02 23:00:00,50,19.0,0,LP Scheduled
2026-05-02,C,4509,1325221715100SRAT0,2026-05-02 23:00:00,2026-05-03 06:45:00,58,19.0,0,LP Scheduled
2026-05-02,A,4510,CHANGEOVER,2026-05-02 07:00:00,2026-05-02 13:00:00,0,0.0,0,C/O from 1D25215013008SXC10 to 1325221715100SRAT0
2026-05-02,A,4510,1325221715100SRAT0,2026-05-02 13:00:00,2026-05-02 15:00:00,12,19.0,0,LP Scheduled
2026-05-02,B,4510,1325221715100SRAT0,2026-05-02 15:00:00,2026-05-02 23:00:00,50,19.0,0,LP Scheduled
2026-05-02,C,4510,1325221715100SRAT0,2026-05-02 23:00:00,2026-05-03 06:44:00,50,19.0,0,LP Scheduled
2026-04-27,A,4511,CHANGEOVER,2026-04-27 07:00:00,2026-04-27 13:00:00,0,0.0,0,C/O from 1325215813079TUNE3 to 1325221715100SRAT0
2026-04-27,A,4511,1325221715100SRAT0,2026-04-27 13:00:00,2026-04-27 15:00:00,12,19.0,0,LP Scheduled
2026-04-27,B,4511,1325221715100SRAT0,2026-04-27 15:00:00,2026-04-27 23:00:00,50,19.0,0,LP Scheduled
2026-04-27,C,4511,1325221715100SRAT0,2026-04-27 23:00:00,2026-04-28 07:00:00,50,19.0,0,LP Scheduled
2026-04-28,A,4511,1325221715100SRAT0,2026-04-28 07:00:00,2026-04-28 15:00:00,50,19.0,0,LP Scheduled
2026-04-28,B,4511,1325221715100SRAT0,2026-04-28 15:00:00,2026-04-28 23:00:00,50,19.0,0,LP Scheduled
2026-04-28,C,4511,1325221715100SRAT0,2026-04-28 23:00:00,2026-04-29 07:00:00,50,19.0,0,LP Scheduled
2026-04-29,A,4511,1325221715100SRAT0,2026-04-29 07:00:00,2026-04-29 15:00:00,50,19.0,0,LP Scheduled
2026-04-29,B,4511,1325221715100SRAT0,2026-04-29 15:00:00,2026-04-29 23:00:00,50,19.0,0,LP Scheduled
2026-04-29,C,4511,1325221715100SRAT0,2026-04-29 23:00:00,2026-04-30 07:00:00,50,19.0,0,LP Scheduled
2026-04-30,A,4511,1325221715100SRAT0,2026-04-30 07:00:00,2026-04-30 15:00:00,50,19.0,0,LP Scheduled
2026-04-30,B,4511,1325221715100SRAT0,2026-04-30 15:00:00,2026-04-30 23:00:00,50,19.0,0,LP Scheduled
2026-04-30,C,4511,1325221715100SRAT0,2026-04-30 23:00:00,2026-05-01 07:00:00,50,19.0,0,LP Scheduled
2026-05-01,A,4511,1325221715100SRAT0,2026-05-01 07:00:00,2026-05-01 15:00:00,50,19.0,0,LP Scheduled
2026-05-01,B,4511,1325221715100SRAT0,2026-05-01 15:00:00,2026-05-01 23:00:00,50,19.0,0,LP Scheduled
2026-05-01,C,4511,1325221715100SRAT0,2026-05-01 23:00:00,2026-05-02 07:00:00,50,19.0,0,LP Scheduled
2026-05-02,A,4511,1325221715100SRAT0,2026-05-02 07:00:00,2026-05-02 15:00:00,50,19.0,0,LP Scheduled
2026-05-02,B,4511,1325221715100SRAT0,2026-05-02 15:00:00,2026-05-02 23:00:00,50,19.0,0,LP Scheduled
2026-05-02,C,4511,1325221715100SRAT0,2026-05-02 23:00:00,2026-05-03 06:45:00,58,19.0,0,LP Scheduled
2026-05-02,A,4512,CHANGEOVER,2026-05-02 07:00:00,2026-05-02 13:00:00,0,0.0,0,C/O from 1D25215013008SXC10 to 1325223616105TRAT0
2026-05-02,A,4512,1325223616105TRAT0,2026-05-02 13:00:00,2026-05-02 15:00:00,12,20.0,0,LP Scheduled
2026-05-02,B,4512,1325223616105TRAT0,2026-05-02 15:00:00,2026-05-02 23:00:00,48,20.0,0,LP Scheduled
2026-05-02,C,4512,1325223616105TRAT0,2026-05-02 23:00:00,2026-05-03 07:00:00,48,20.0,0,LP Scheduled
2026-04-27,B,4513,CHANGEOVER,2026-04-27 15:00:00,2026-04-27 21:00:00,0,0.0,0,C/O from 1325215813079TUNE3 to 1325221715100SRAT0
2026-04-27,B,4513,1325221715100SRAT0,2026-04-27 21:00:00,2026-04-27 23:00:00,12,19.0,0,LP Scheduled
2026-04-27,C,4513,1325221715100SRAT0,2026-04-27 23:00:00,2026-04-28 07:00:00,50,19.0,0,LP Scheduled
2026-04-28,A,4513,1325221715100SRAT0,2026-04-28 07:00:00,2026-04-28 15:00:00,50,19.0,0,LP Scheduled
2026-04-28,B,4513,1325221715100SRAT0,2026-04-28 15:00:00,2026-04-28 23:00:00,50,19.0,0,LP Scheduled
2026-04-28,C,4513,1325221715100SRAT0,2026-04-28 23:00:00,2026-04-29 07:00:00,50,19.0,0,LP Scheduled
2026-04-29,A,4513,1325221715100SRAT0,2026-04-29 07:00:00,2026-04-29 15:00:00,50,19.0,0,LP Scheduled
2026-04-29,B,4513,1325221715100SRAT0,2026-04-29 15:00:00,2026-04-29 23:00:00,50,19.0,0,LP Scheduled
2026-04-29,C,4513,1325221715100SRAT0,2026-04-29 23:00:00,2026-04-30 07:00:00,50,19.0,0,LP Scheduled
2026-04-30,A,4513,1325221715100SRAT0,2026-04-30 07:00:00,2026-04-30 15:00:00,50,19.0,0,LP Scheduled
2026-04-30,B,4513,1325221715100SRAT0,2026-04-30 15:00:00,2026-04-30 23:00:00,50,19.0,0,LP Scheduled
2026-04-30,C,4513,1325221715100SRAT0,2026-04-30 23:00:00,2026-05-01 07:00:00,50,19.0,0,LP Scheduled
2026-05-01,A,4513,1325221715100SRAT0,2026-05-01 07:00:00,2026-05-01 15:00:00,50,19.0,0,LP Scheduled
2026-05-01,B,4513,1325221715100SRAT0,2026-05-01 15:00:00,2026-05-01 23:00:00,50,19.0,0,LP Scheduled
2026-05-01,C,4513,1325221715100SRAT0,2026-05-01 23:00:00,2026-05-02 07:00:00,50,19.0,0,LP Scheduled
2026-05-02,A,4513,1325221715100SRAT0,2026-05-02 07:00:00,2026-05-02 15:00:00,50,19.0,0,LP Scheduled
2026-05-02,B,4513,1325221715100SRAT0,2026-05-02 15:00:00,2026-05-02 23:00:00,50,19.0,0,LP Scheduled
2026-05-02,C,4513,1325221715100SRAT0,2026-05-02 23:00:00,2026-05-03 06:50:00,58,19.0,0,LP Scheduled
2026-05-02,B,4514,CHANGEOVER,2026-05-02 15:00:00,2026-05-02 21:00:00,0,0.0,0,C/O from 1D25215013008SXC10 to 1325223517104TRXT0
2026-05-02,B,4514,1325223517104TRXT0,2026-05-02 21:00:00,2026-05-02 23:00:00,12,20.0,0,LP Scheduled
2026-05-02,C,4514,1325223517104TRXT0,2026-05-02 23:00:00,2026-05-03 07:00:00,48,20.0,0,LP Scheduled
2026-04-27,C,4515,CHANGEOVER,2026-04-27 06:50:00,2026-04-27 12:50:00,0,0.0,0,C/O from 1325215813079TUNE3 to 1325225518111HRAT1
2026-04-27,A,4515,1325225518111HRAT1,2026-04-27 12:50:00,2026-04-27 15:00:00,12,19.0,0,LP Scheduled
2026-04-27,B,4515,1325225518111HRAT1,2026-04-27 15:00:00,2026-04-27 23:00:00,50,19.0,0,LP Scheduled
2026-04-27,C,4515,1325225518111HRAT1,2026-04-27 23:00:00,2026-04-28 07:00:00,50,19.0,0,LP Scheduled
2026-04-28,A,4515,1325225518111HRAT1,2026-04-28 07:00:00,2026-04-28 15:00:00,50,19.0,0,LP Scheduled
2026-04-28,B,4515,1325225518111HRAT1,2026-04-28 15:00:00,2026-04-28 23:00:00,50,19.0,0,LP Scheduled
2026-04-28,C,4515,1325225518111HRAT1,2026-04-28 23:00:00,2026-04-29 07:00:00,50,19.0,0,LP Scheduled
2026-04-29,A,4515,1325225518111HRAT1,2026-04-29 07:00:00,2026-04-29 15:00:00,50,19.0,0,LP Scheduled
2026-04-29,B,4515,1325225518111HRAT1,2026-04-29 15:00:00,2026-04-29 23:00:00,50,19.0,0,LP Scheduled
2026-04-29,C,4515,1325225518111HRAT1,2026-04-29 23:00:00,2026-04-30 02:16:00,26,19.0,0,LP Scheduled
2026-05-01,A,4515,CHANGEOVER,2026-05-01 07:00:00,2026-05-01 13:00:00,0,0.0,0,C/O from 1325225518111HRAT1 to 1325223317103YLEV0
2026-05-01,A,4515,1325223317103YLEV0,2026-05-01 13:00:00,2026-05-01 15:00:00,10,21.0,0,LP Scheduled
2026-05-01,B,4515,1325223317103YLEV0,2026-05-01 15:00:00,2026-05-01 23:00:00,44,21.0,0,LP Scheduled
2026-05-01,C,4515,1325223317103YLEV0,2026-05-01 23:00:00,2026-05-02 07:00:00,44,21.0,0,LP Scheduled
2026-05-02,A,4515,1325223317103YLEV0,2026-05-02 07:00:00,2026-05-02 15:00:00,44,21.0,0,LP Scheduled
2026-05-02,B,4515,1325223317103YLEV0,2026-05-02 15:00:00,2026-05-02 23:00:00,44,21.0,0,LP Scheduled
2026-05-02,C,4515,1325223317103YLEV0,2026-05-02 23:00:00,2026-05-03 03:09:00,32,21.0,0,LP Scheduled
2026-05-03,C,4515,CHANGEOVER,2026-05-03 03:09:00,2026-05-03 09:09:00,0,0.0,0,C/O from 1325223317103YLEV0 to 1325223616105TRAT0
2026-04-18,A,4601,CHANGEOVER,2026-04-18 08:30:00,2026-04-18 14:30:00,0,0.0,0,C/O from 1325218614088TTMX0 to 1325225518111HRHB0
2026-04-18,A,4601,1325225518111HRHB0,2026-04-18 14:30:00,2026-04-18 15:00:00,2,18.0,0,LP Scheduled
2026-04-18,B,4601,1325225518111HRHB0,2026-04-18 15:00:00,2026-04-18 23:00:00,52,18.0,0,LP Scheduled
2026-04-18,C,4601,1325225518111HRHB0,2026-04-18 23:00:00,2026-04-19 07:00:00,52,18.0,0,LP Scheduled
2026-04-19,A,4601,1325225518111HRHB0,2026-04-19 07:00:00,2026-04-19 15:00:00,52,18.0,0,LP Scheduled
2026-04-19,B,4601,1325225518111HRHB0,2026-04-19 15:00:00,2026-04-19 23:00:00,52,18.0,0,LP Scheduled
2026-04-19,C,4601,1325225518111HRHB0,2026-04-19 23:00:00,2026-04-20 07:00:00,52,18.0,0,LP Scheduled
2026-04-20,A,4601,1325225518111HRHB0,2026-04-20 07:00:00,2026-04-20 15:00:00,52,18.0,0,LP Scheduled
2026-04-20,B,4601,1325225518111HRHB0,2026-04-20 15:00:00,2026-04-20 23:00:00,52,18.0,0,LP Scheduled
2026-04-20,C,4601,1325225518111HRHB0,2026-04-20 23:00:00,2026-04-21 07:00:00,52,18.0,0,LP Scheduled
2026-04-21,A,4601,1325225518111HRHB0,2026-04-21 07:00:00,2026-04-21 15:00:00,52,18.0,0,LP Scheduled
2026-04-21,B,4601,1325225518111HRHB0,2026-04-21 15:00:00,2026-04-21 23:00:00,52,18.0,0,LP Scheduled
2026-04-21,C,4601,1325225518111HRHB0,2026-04-21 23:00:00,2026-04-22 07:00:00,52,18.0,0,LP Scheduled
2026-04-22,A,4601,1325225518111HRHB0,2026-04-22 07:00:00,2026-04-22 14:12:00,64,18.0,0,LP Scheduled
2026-04-22,A,4601,CHANGEOVER,2026-04-22 14:12:00,2026-04-22 20:12:00,0,0.0,0,C/O from 1325225518111HRHB0 to 1325222318098HRHE0
2026-04-22,B,4601,1325222318098HRHE0,2026-04-22 20:12:00,2026-04-22 23:00:00,18,18.0,0,LP Scheduled
2026-04-22,C,4601,1325222318098HRHE0,2026-04-22 23:00:00,2026-04-23 07:00:00,52,18.0,0,LP Scheduled
2026-04-23,A,4601,1325222318098HRHE0,2026-04-23 07:00:00,2026-04-23 15:00:00,52,18.0,0,LP Scheduled
2026-04-23,B,4601,1325222318098HRHE0,2026-04-23 15:00:00,2026-04-23 23:00:00,52,18.0,0,LP Scheduled
2026-04-23,C,4601,1325222318098HRHE0,2026-04-23 23:00:00,2026-04-24 07:00:00,52,18.0,0,LP Scheduled
2026-04-24,A,4601,1325222318098HRHE0,2026-04-24 07:00:00,2026-04-24 15:00:00,52,18.0,0,LP Scheduled
2026-04-24,B,4601,1325222318098HRHE0,2026-04-24 15:00:00,2026-04-24 23:00:00,52,18.0,0,LP Scheduled
2026-04-24,C,4601,1325222318098HRHE0,2026-04-24 23:00:00,2026-04-25 07:00:00,52,18.0,0,LP Scheduled
2026-04-25,A,4601,1325222318098HRHE0,2026-04-25 07:00:00,2026-04-25 15:00:00,52,18.0,0,LP Scheduled
2026-04-25,B,4601,1325222318098HRHE0,2026-04-25 15:00:00,2026-04-25 23:00:00,52,18.0,0,LP Scheduled
2026-04-25,C,4601,1325222318098HRHE0,2026-04-25 23:00:00,2026-04-26 07:00:00,52,18.0,0,LP Scheduled
2026-04-26,A,4601,1325222318098HRHE0,2026-04-26 07:00:00,2026-04-26 15:00:00,52,18.0,0,LP Scheduled
2026-04-26,B,4601,1325222318098HRHE0,2026-04-26 15:00:00,2026-04-26 23:00:00,52,18.0,0,LP Scheduled
2026-04-26,C,4601,1325222318098HRHE0,2026-04-26 23:00:00,2026-04-27 07:00:00,52,18.0,0,LP Scheduled
2026-04-27,A,4601,1325222318098HRHE0,2026-04-27 07:00:00,2026-04-27 15:00:00,52,18.0,0,LP Scheduled
2026-04-27,B,4601,1325222318098HRHE0,2026-04-27 15:00:00,2026-04-27 23:00:00,52,18.0,0,LP Scheduled
2026-04-27,C,4601,1325222318098HRHE0,2026-04-27 23:00:00,2026-04-28 07:00:00,52,18.0,0,LP Scheduled
2026-04-28,A,4601,1325222318098HRHE0,2026-04-28 07:00:00,2026-04-28 15:00:00,52,18.0,0,LP Scheduled
2026-04-28,B,4601,1325222318098HRHE0,2026-04-28 15:00:00,2026-04-28 23:00:00,52,18.0,0,LP Scheduled
2026-04-28,C,4601,1325222318098HRHE0,2026-04-28 23:00:00,2026-04-29 07:00:00,52,18.0,0,LP Scheduled
2026-04-29,A,4601,1325222318098HRHE0,2026-04-29 07:00:00,2026-04-29 15:00:00,52,18.0,0,LP Scheduled
2026-04-29,B,4601,1325222318098HRHE0,2026-04-29 15:00:00,2026-04-29 23:00:00,52,18.0,0,LP Scheduled
2026-04-29,C,4601,1325222318098HRHE0,2026-04-29 23:00:00,2026-04-30 07:00:00,52,18.0,0,LP Scheduled
2026-04-30,A,4601,1325222318098HRHE0,2026-04-30 07:00:00,2026-04-30 15:00:00,52,18.0,0,LP Scheduled
2026-04-30,B,4601,1325222318098HRHE0,2026-04-30 15:00:00,2026-04-30 23:00:00,52,18.0,0,LP Scheduled
2026-04-30,C,4601,1325222318098HRHE0,2026-04-30 23:00:00,2026-05-01 05:48:00,78,18.0,0,LP Scheduled
2026-05-01,C,4601,CHANGEOVER,2026-05-01 05:48:00,2026-05-01 11:48:00,0,0.0,0,C/O from 1325222318098HRHE0 to 1325225518111HRAT1
2026-05-01,A,4601,1325225518111HRAT1,2026-05-01 11:48:00,2026-05-01 15:00:00,20,19.0,0,LP Scheduled
2026-05-01,B,4601,1325225518111HRAT1,2026-05-01 15:00:00,2026-05-01 23:00:00,50,19.0,0,LP Scheduled
2026-05-01,C,4601,1325225518111HRAT1,2026-05-01 23:00:00,2026-05-02 07:00:00,50,19.0,0,LP Scheduled
2026-05-02,A,4601,1325225518111HRAT1,2026-05-02 07:00:00,2026-05-02 15:00:00,50,19.0,0,LP Scheduled
2026-05-02,B,4601,1325225518111HRAT1,2026-05-02 15:00:00,2026-05-02 23:00:00,50,19.0,0,LP Scheduled
2026-05-02,C,4601,1325225518111HRAT1,2026-05-02 23:00:00,2026-05-03 06:52:00,52,19.0,0,LP Scheduled
2026-04-15,B,4602,CHANGEOVER,2026-04-15 16:36:00,2026-04-15 22:36:00,0,0.0,0,C/O from 1325214812074TTMX0 to 1325221318095HURL0
2026-04-15,B,4602,1325221318095HURL0,2026-04-15 22:36:00,2026-04-15 23:00:00,2,19.0,0,LP Scheduled
2026-04-15,C,4602,1325221318095HURL0,2026-04-15 23:00:00,2026-04-16 07:00:00,50,19.0,0,LP Scheduled
2026-04-16,A,4602,1325221318095HURL0,2026-04-16 07:00:00,2026-04-16 15:00:00,50,19.0,0,LP Scheduled
2026-04-16,B,4602,1325221318095HURL0,2026-04-16 15:00:00,2026-04-16 23:00:00,50,19.0,0,LP Scheduled
2026-04-16,C,4602,1325221318095HURL0,2026-04-16 23:00:00,2026-04-17 07:00:00,50,19.0,0,LP Scheduled
2026-04-17,A,4602,1325221318095HURL0,2026-04-17 07:00:00,2026-04-17 15:00:00,50,19.0,0,LP Scheduled
2026-04-17,B,4602,1325221318095HURL0,2026-04-17 15:00:00,2026-04-17 23:00:00,50,19.0,0,LP Scheduled
2026-04-17,C,4602,1325221318095HURL0,2026-04-17 23:00:00,2026-04-18 07:00:00,50,19.0,0,LP Scheduled
2026-04-18,A,4602,1325221318095HURL0,2026-04-18 07:00:00,2026-04-18 15:00:00,50,19.0,0,LP Scheduled
2026-04-18,B,4602,1325221318095HURL0,2026-04-18 15:00:00,2026-04-18 23:00:00,50,19.0,0,LP Scheduled
2026-04-18,C,4602,1325221318095HURL0,2026-04-18 23:00:00,2026-04-19 07:00:00,50,19.0,0,LP Scheduled
2026-04-19,A,4602,1325221318095HURL0,2026-04-19 07:00:00,2026-04-19 15:00:00,50,19.0,0,LP Scheduled
2026-04-19,B,4602,1325221318095HURL0,2026-04-19 15:00:00,2026-04-19 23:00:00,50,19.0,0,LP Scheduled
2026-04-19,C,4602,1325221318095HURL0,2026-04-19 23:00:00,2026-04-20 07:00:00,50,19.0,0,LP Scheduled
2026-04-20,A,4602,1325221318095HURL0,2026-04-20 07:00:00,2026-04-20 15:00:00,50,19.0,0,LP Scheduled
2026-04-20,B,4602,1325221318095HURL0,2026-04-20 15:00:00,2026-04-20 23:00:00,50,19.0,0,LP Scheduled
2026-04-20,C,4602,1325221318095HURL0,2026-04-20 23:00:00,2026-04-21 07:00:00,50,19.0,0,LP Scheduled
2026-04-21,A,4602,1325221318095HURL0,2026-04-21 07:00:00,2026-04-21 12:33:00,44,19.0,0,LP Scheduled
2026-04-21,A,4602,CHANGEOVER,2026-04-21 12:33:00,2026-04-21 18:33:00,0,0.0,0,C/O from 1325221318095HURL0 to 1325222318098HRHE0
2026-04-21,B,4602,1325222318098HRHE0,2026-04-21 18:33:00,2026-04-21 23:00:00,28,18.0,0,LP Scheduled
2026-04-21,C,4602,1325222318098HRHE0,2026-04-21 23:00:00,2026-04-22 07:00:00,52,18.0,0,LP Scheduled
2026-04-22,A,4602,1325222318098HRHE0,2026-04-22 07:00:00,2026-04-22 15:00:00,52,18.0,0,LP Scheduled
2026-04-22,B,4602,1325222318098HRHE0,2026-04-22 15:00:00,2026-04-22 23:00:00,52,18.0,0,LP Scheduled
2026-04-22,C,4602,1325222318098HRHE0,2026-04-22 23:00:00,2026-04-23 07:00:00,52,18.0,0,LP Scheduled
2026-04-23,A,4602,1325222318098HRHE0,2026-04-23 07:00:00,2026-04-23 15:00:00,52,18.0,0,LP Scheduled
2026-04-23,B,4602,1325222318098HRHE0,2026-04-23 15:00:00,2026-04-23 23:00:00,52,18.0,0,LP Scheduled
2026-04-23,C,4602,1325222318098HRHE0,2026-04-23 23:00:00,2026-04-24 07:00:00,52,18.0,0,LP Scheduled
2026-04-24,A,4602,1325222318098HRHE0,2026-04-24 07:00:00,2026-04-24 15:00:00,52,18.0,0,LP Scheduled
2026-04-24,B,4602,1325222318098HRHE0,2026-04-24 15:00:00,2026-04-24 23:00:00,52,18.0,0,LP Scheduled
2026-04-24,C,4602,1325222318098HRHE0,2026-04-24 23:00:00,2026-04-25 07:00:00,52,18.0,0,LP Scheduled
2026-04-25,A,4602,1325222318098HRHE0,2026-04-25 07:00:00,2026-04-25 15:00:00,52,18.0,0,LP Scheduled
2026-04-25,B,4602,1325222318098HRHE0,2026-04-25 15:00:00,2026-04-25 23:00:00,52,18.0,0,LP Scheduled
2026-04-25,C,4602,1325222318098HRHE0,2026-04-25 23:00:00,2026-04-26 07:00:00,52,18.0,0,LP Scheduled
2026-04-26,A,4602,1325222318098HRHE0,2026-04-26 07:00:00,2026-04-26 15:00:00,52,18.0,0,LP Scheduled
2026-04-26,B,4602,1325222318098HRHE0,2026-04-26 15:00:00,2026-04-26 23:00:00,52,18.0,0,LP Scheduled
2026-04-26,C,4602,1325222318098HRHE0,2026-04-26 23:00:00,2026-04-27 07:00:00,52,18.0,0,LP Scheduled
2026-04-27,A,4602,1325222318098HRHE0,2026-04-27 07:00:00,2026-04-27 15:00:00,52,18.0,0,LP Scheduled
2026-04-27,B,4602,1325222318098HRHE0,2026-04-27 15:00:00,2026-04-27 23:00:00,52,18.0,0,LP Scheduled
2026-04-27,C,4602,1325222318098HRHE0,2026-04-27 23:00:00,2026-04-28 07:00:00,52,18.0,0,LP Scheduled
2026-04-28,A,4602,1325222318098HRHE0,2026-04-28 07:00:00,2026-04-28 15:00:00,52,18.0,0,LP Scheduled
2026-04-28,B,4602,1325222318098HRHE0,2026-04-28 15:00:00,2026-04-28 23:00:00,52,18.0,0,LP Scheduled
2026-04-28,C,4602,1325222318098HRHE0,2026-04-28 23:00:00,2026-04-29 07:00:00,52,18.0,0,LP Scheduled
2026-04-29,A,4602,1325222318098HRHE0,2026-04-29 07:00:00,2026-04-29 15:00:00,52,18.0,0,LP Scheduled
2026-04-29,B,4602,1325222318098HRHE0,2026-04-29 15:00:00,2026-04-29 23:00:00,52,18.0,0,LP Scheduled
2026-04-29,C,4602,1325222318098HRHE0,2026-04-29 23:00:00,2026-04-30 07:00:00,52,18.0,0,LP Scheduled
2026-04-30,A,4602,1325222318098HRHE0,2026-04-30 07:00:00,2026-04-30 15:00:00,52,18.0,0,LP Scheduled
2026-04-30,B,4602,1325222318098HRHE0,2026-04-30 15:00:00,2026-04-30 23:00:00,52,18.0,0,LP Scheduled
2026-04-30,C,4602,1325222318098HRHE0,2026-04-30 23:00:00,2026-05-01 07:00:00,52,18.0,0,LP Scheduled
2026-05-01,A,4602,1325222318098HRHE0,2026-05-01 07:00:00,2026-05-01 15:00:00,52,18.0,0,LP Scheduled
2026-05-01,B,4602,1325222318098HRHE0,2026-05-01 15:00:00,2026-05-01 23:00:00,52,18.0,0,LP Scheduled
2026-05-01,C,4602,1325222318098HRHE0,2026-05-01 23:00:00,2026-05-02 07:00:00,52,18.0,0,LP Scheduled
2026-05-02,A,4602,1325222318098HRHE0,2026-05-02 07:00:00,2026-05-02 15:00:00,52,18.0,0,LP Scheduled
2026-05-02,B,4602,1325222318098HRHE0,2026-05-02 15:00:00,2026-05-02 23:00:00,52,18.0,0,LP Scheduled
2026-05-02,C,4602,1325222318098HRHE0,2026-05-02 23:00:00,2026-05-03 06:51:00,98,18.0,0,LP Scheduled
2026-04-09,B,4603,CHANGEOVER,2026-04-09 21:15:00,2026-04-10 03:15:00,0,0.0,0,C/O from 1325215514075TUNE0 to 1D25215013008SXC1T
2026-04-10,C,4603,1D25215013008SXC1T,2026-04-10 03:15:00,2026-04-10 07:00:00,22,20.0,0,LP Scheduled
2026-04-10,A,4603,1D25215013008SXC1T,2026-04-10 07:00:00,2026-04-10 15:00:00,48,20.0,0,LP Scheduled
2026-04-10,B,4603,1D25215013008SXC1T,2026-04-10 15:00:00,2026-04-10 23:00:00,48,20.0,0,LP Scheduled
2026-04-10,C,4603,1D25215013008SXC1T,2026-04-10 23:00:00,2026-04-11 07:00:00,48,20.0,0,LP Scheduled
2026-04-11,A,4603,1D25215013008SXC1T,2026-04-11 07:00:00,2026-04-11 15:00:00,48,20.0,0,LP Scheduled
2026-04-11,B,4603,1D25215013008SXC1T,2026-04-11 15:00:00,2026-04-11 23:00:00,48,20.0,0,LP Scheduled
2026-04-11,C,4603,1D25215013008SXC1T,2026-04-11 23:00:00,2026-04-12 07:00:00,48,20.0,0,LP Scheduled
2026-04-12,A,4603,1D25215013008SXC1T,2026-04-12 07:00:00,2026-04-12 15:00:00,48,20.0,0,LP Scheduled
2026-04-12,B,4603,1D25215013008SXC1T,2026-04-12 15:00:00,2026-04-12 23:00:00,48,20.0,0,LP Scheduled
2026-04-12,C,4603,1D25215013008SXC1T,2026-04-12 23:00:00,2026-04-13 07:00:00,48,20.0,0,LP Scheduled
2026-04-13,A,4603,1D25215013008SXC1T,2026-04-13 07:00:00,2026-04-13 15:00:00,48,20.0,0,LP Scheduled
2026-04-13,B,4603,1D25215013008SXC1T,2026-04-13 15:00:00,2026-04-13 23:00:00,48,20.0,0,LP Scheduled
2026-04-13,C,4603,1D25215013008SXC1T,2026-04-13 23:00:00,2026-04-14 07:00:00,48,20.0,0,LP Scheduled
2026-04-14,A,4603,1D25215013008SXC1T,2026-04-14 07:00:00,2026-04-14 15:00:00,48,20.0,0,LP Scheduled
2026-04-14,B,4603,1D25215013008SXC1T,2026-04-14 15:00:00,2026-04-14 23:00:00,48,20.0,0,LP Scheduled
2026-04-14,C,4603,1D25215013008SXC1T,2026-04-14 23:00:00,2026-04-15 07:00:00,48,20.0,0,LP Scheduled
2026-04-15,A,4603,1D25215013008SXC1T,2026-04-15 07:00:00,2026-04-15 15:00:00,48,20.0,0,LP Scheduled
2026-04-15,B,4603,1D25215013008SXC1T,2026-04-15 15:00:00,2026-04-15 23:00:00,48,20.0,0,LP Scheduled
2026-04-15,C,4603,1D25215013008SXC1T,2026-04-15 23:00:00,2026-04-16 07:00:00,48,20.0,0,LP Scheduled
2026-04-16,A,4603,1D25215013008SXC1T,2026-04-16 07:00:00,2026-04-16 15:00:00,48,20.0,0,LP Scheduled
2026-04-16,B,4603,1D25215013008SXC1T,2026-04-16 15:00:00,2026-04-16 23:00:00,48,20.0,0,LP Scheduled
2026-04-16,C,4603,1D25215013008SXC1T,2026-04-16 23:00:00,2026-04-17 07:00:00,48,20.0,0,LP Scheduled
2026-04-17,A,4603,1D25215013008SXC1T,2026-04-17 07:00:00,2026-04-17 15:00:00,48,20.0,0,LP Scheduled
2026-04-17,B,4603,1D25215013008SXC1T,2026-04-17 15:00:00,2026-04-17 23:00:00,48,20.0,0,LP Scheduled
2026-04-17,C,4603,1D25215013008SXC1T,2026-04-17 23:00:00,2026-04-18 07:00:00,48,20.0,0,LP Scheduled
2026-04-18,A,4603,1D25215013008SXC1T,2026-04-18 07:00:00,2026-04-18 15:00:00,48,20.0,0,LP Scheduled
2026-04-18,B,4603,1D25215013008SXC1T,2026-04-18 15:00:00,2026-04-18 23:00:00,48,20.0,0,LP Scheduled
2026-04-18,C,4603,1D25215013008SXC1T,2026-04-18 23:00:00,2026-04-19 07:00:00,48,20.0,0,LP Scheduled
2026-04-19,A,4603,1D25215013008SXC1T,2026-04-19 07:00:00,2026-04-19 15:00:00,48,20.0,0,LP Scheduled
2026-04-19,B,4603,1D25215013008SXC1T,2026-04-19 15:00:00,2026-04-19 23:00:00,48,20.0,0,LP Scheduled
2026-04-19,C,4603,1D25215013008SXC1T,2026-04-19 23:00:00,2026-04-20 07:00:00,48,20.0,0,LP Scheduled
2026-04-20,A,4603,1D25215013008SXC1T,2026-04-20 07:00:00,2026-04-20 15:00:00,48,20.0,0,LP Scheduled
2026-04-20,B,4603,1D25215013008SXC1T,2026-04-20 15:00:00,2026-04-20 23:00:00,48,20.0,0,LP Scheduled
2026-04-20,C,4603,1D25215013008SXC1T,2026-04-20 23:00:00,2026-04-21 07:00:00,48,20.0,0,LP Scheduled
2026-04-21,A,4603,1D25215013008SXC1T,2026-04-21 07:00:00,2026-04-21 15:00:00,48,20.0,0,LP Scheduled
2026-04-21,B,4603,1D25215013008SXC1T,2026-04-21 15:00:00,2026-04-21 23:00:00,48,20.0,0,LP Scheduled
2026-04-21,C,4603,1D25215013008SXC1T,2026-04-21 23:00:00,2026-04-22 07:00:00,48,20.0,0,LP Scheduled
2026-04-22,A,4603,1D25215013008SXC1T,2026-04-22 07:00:00,2026-04-22 15:00:00,48,20.0,0,LP Scheduled
2026-04-22,B,4603,1D25215013008SXC1T,2026-04-22 15:00:00,2026-04-22 23:00:00,48,20.0,0,LP Scheduled
2026-04-22,C,4603,1D25215013008SXC1T,2026-04-22 23:00:00,2026-04-23 07:00:00,48,20.0,0,LP Scheduled
2026-04-23,A,4603,1D25215013008SXC1T,2026-04-23 07:00:00,2026-04-23 15:00:00,48,20.0,0,LP Scheduled
2026-04-23,B,4603,1D25215013008SXC1T,2026-04-23 15:00:00,2026-04-23 23:00:00,48,20.0,0,LP Scheduled
2026-04-23,C,4603,1D25215013008SXC1T,2026-04-23 23:00:00,2026-04-24 07:00:00,48,20.0,0,LP Scheduled
2026-04-24,A,4603,1D25215013008SXC1T,2026-04-24 07:00:00,2026-04-24 15:00:00,48,20.0,0,LP Scheduled
2026-04-24,B,4603,1D25215013008SXC1T,2026-04-24 15:00:00,2026-04-24 23:00:00,48,20.0,0,LP Scheduled
2026-04-24,C,4603,1D25215013008SXC1T,2026-04-24 23:00:00,2026-04-25 07:00:00,48,20.0,0,LP Scheduled
2026-04-25,A,4603,1D25215013008SXC1T,2026-04-25 07:00:00,2026-04-25 15:00:00,48,20.0,0,LP Scheduled
2026-04-25,B,4603,1D25215013008SXC1T,2026-04-25 15:00:00,2026-04-25 23:00:00,48,20.0,0,LP Scheduled
2026-04-25,C,4603,1D25215013008SXC1T,2026-04-25 23:00:00,2026-04-26 07:00:00,48,20.0,0,LP Scheduled
2026-04-26,A,4603,1D25215013008SXC1T,2026-04-26 07:00:00,2026-04-26 15:00:00,48,20.0,0,LP Scheduled
2026-04-26,B,4603,1D25215013008SXC1T,2026-04-26 15:00:00,2026-04-26 23:00:00,48,20.0,0,LP Scheduled
2026-04-26,C,4603,1D25215013008SXC1T,2026-04-26 23:00:00,2026-04-27 07:00:00,48,20.0,0,LP Scheduled
2026-04-27,A,4603,1D25215013008SXC1T,2026-04-27 07:00:00,2026-04-27 15:00:00,48,20.0,0,LP Scheduled
2026-04-27,B,4603,1D25215013008SXC1T,2026-04-27 15:00:00,2026-04-27 23:00:00,48,20.0,0,LP Scheduled
2026-04-27,C,4603,1D25215013008SXC1T,2026-04-27 23:00:00,2026-04-28 07:00:00,48,20.0,0,LP Scheduled
2026-04-28,A,4603,1D25215013008SXC1T,2026-04-28 07:00:00,2026-04-28 15:00:00,48,20.0,0,LP Scheduled
2026-04-28,B,4603,1D25215013008SXC1T,2026-04-28 15:00:00,2026-04-28 23:00:00,48,20.0,0,LP Scheduled
2026-04-28,C,4603,1D25215013008SXC1T,2026-04-28 23:00:00,2026-04-29 07:00:00,48,20.0,0,LP Scheduled
2026-04-29,A,4603,1D25215013008SXC1T,2026-04-29 07:00:00,2026-04-29 15:00:00,48,20.0,0,LP Scheduled
2026-04-29,B,4603,1D25215013008SXC1T,2026-04-29 15:00:00,2026-04-29 23:00:00,48,20.0,0,LP Scheduled
2026-04-29,C,4603,1D25215013008SXC1T,2026-04-29 23:00:00,2026-04-30 07:00:00,48,20.0,0,LP Scheduled
2026-04-30,A,4603,1D25215013008SXC1T,2026-04-30 07:00:00,2026-04-30 15:00:00,48,20.0,0,LP Scheduled
2026-04-30,B,4603,1D25215013008SXC1T,2026-04-30 15:00:00,2026-04-30 23:00:00,48,20.0,0,LP Scheduled
2026-04-30,C,4603,1D25215013008SXC1T,2026-04-30 23:00:00,2026-05-01 07:00:00,48,20.0,0,LP Scheduled
2026-05-01,A,4603,1D25215013008SXC1T,2026-05-01 07:00:00,2026-05-01 15:00:00,48,20.0,0,LP Scheduled
2026-05-01,B,4603,1D25215013008SXC1T,2026-05-01 15:00:00,2026-05-01 23:00:00,48,20.0,0,LP Scheduled
2026-05-01,C,4603,1D25215013008SXC1T,2026-05-01 23:00:00,2026-05-02 07:00:00,48,20.0,0,LP Scheduled
2026-05-02,A,4603,1D25215013008SXC1T,2026-05-02 07:00:00,2026-05-02 15:00:00,48,20.0,0,LP Scheduled
2026-05-02,B,4603,1D25215013008SXC1T,2026-05-02 15:00:00,2026-05-02 23:00:00,48,20.0,0,LP Scheduled
2026-05-02,C,4603,1D25215013008SXC1T,2026-05-02 23:00:00,2026-05-03 06:55:00,48,20.0,0,LP Scheduled
2026-05-01,A,4604,CHANGEOVER,2026-05-01 07:00:00,2026-05-01 13:00:00,0,0.0,0,C/O from 1325214617107MSXT0 to 1325222318098HRHE0
2026-05-01,A,4604,1325222318098HRHE0,2026-05-01 13:00:00,2026-05-01 15:00:00,12,18.0,0,LP Scheduled
2026-05-01,B,4604,1325222318098HRHE0,2026-05-01 15:00:00,2026-05-01 23:00:00,52,18.0,0,LP Scheduled
2026-05-01,C,4604,1325222318098HRHE0,2026-05-01 23:00:00,2026-05-02 07:00:00,52,18.0,0,LP Scheduled
2026-05-02,A,4604,1325222318098HRHE0,2026-05-02 07:00:00,2026-05-02 15:00:00,52,18.0,0,LP Scheduled
2026-05-02,B,4604,1325222318098HRHE0,2026-05-02 15:00:00,2026-05-02 23:00:00,52,18.0,0,LP Scheduled
2026-05-02,C,4604,1325222318098HRHE0,2026-05-02 23:00:00,2026-05-03 07:00:00,60,18.0,0,LP Scheduled
2026-04-30,B,4605,CHANGEOVER,2026-04-30 17:30:00,2026-04-30 23:30:00,0,0.0,0,C/O from 1325214812074TUHL0 to 1325225518111HRHB0
2026-04-30,C,4605,1325225518111HRHB0,2026-04-30 23:30:00,2026-05-01 07:00:00,50,18.0,0,LP Scheduled
2026-05-01,A,4605,1325225518111HRHB0,2026-05-01 07:00:00,2026-05-01 15:00:00,52,18.0,0,LP Scheduled
2026-05-01,B,4605,1325225518111HRHB0,2026-05-01 15:00:00,2026-05-01 23:00:00,52,18.0,0,LP Scheduled
2026-05-01,C,4605,1325225518111HRHB0,2026-05-01 23:00:00,2026-05-02 07:00:00,52,18.0,0,LP Scheduled
2026-05-02,A,4605,1325225518111HRHB0,2026-05-02 07:00:00,2026-05-02 15:00:00,52,18.0,0,LP Scheduled
2026-05-02,B,4605,1325225518111HRHB0,2026-05-02 15:00:00,2026-05-02 23:00:00,52,18.0,0,LP Scheduled
2026-05-02,C,4605,1325225518111HRHB0,2026-05-02 23:00:00,2026-05-03 07:00:00,60,18.0,0,LP Scheduled
2026-04-19,B,4606,CHANGEOVER,2026-04-19 21:12:00,2026-04-20 03:12:00,0,0.0,0,C/O from 1D25214012008QXPCT to 1325221318095HURL0
2026-04-20,C,4606,1325221318095HURL0,2026-04-20 03:12:00,2026-04-20 07:00:00,24,19.0,0,LP Scheduled
2026-04-20,A,4606,1325221318095HURL0,2026-04-20 07:00:00,2026-04-20 15:00:00,50,19.0,0,LP Scheduled
2026-04-20,B,4606,1325221318095HURL0,2026-04-20 15:00:00,2026-04-20 23:00:00,50,19.0,0,LP Scheduled
2026-04-20,C,4606,1325221318095HURL0,2026-04-20 23:00:00,2026-04-21 07:00:00,50,19.0,0,LP Scheduled
2026-04-21,A,4606,1325221318095HURL0,2026-04-21 07:00:00,2026-04-21 15:00:00,50,19.0,0,LP Scheduled
2026-04-21,B,4606,1325221318095HURL0,2026-04-21 15:00:00,2026-04-21 23:00:00,50,19.0,0,LP Scheduled
2026-04-21,C,4606,1325221318095HURL0,2026-04-21 23:00:00,2026-04-22 07:00:00,50,19.0,0,LP Scheduled
2026-04-22,A,4606,1325221318095HURL0,2026-04-22 07:00:00,2026-04-22 15:00:00,50,19.0,0,LP Scheduled
2026-04-22,B,4606,1325221318095HURL0,2026-04-22 15:00:00,2026-04-22 23:00:00,50,19.0,0,LP Scheduled
2026-04-22,C,4606,1325221318095HURL0,2026-04-22 23:00:00,2026-04-23 07:00:00,50,19.0,0,LP Scheduled
2026-04-23,A,4606,1325221318095HURL0,2026-04-23 07:00:00,2026-04-23 15:00:00,50,19.0,0,LP Scheduled
2026-04-23,B,4606,1325221318095HURL0,2026-04-23 15:00:00,2026-04-23 23:00:00,50,19.0,0,LP Scheduled
2026-04-23,C,4606,1325221318095HURL0,2026-04-23 23:00:00,2026-04-24 07:00:00,50,19.0,0,LP Scheduled
2026-04-24,A,4606,1325221318095HURL0,2026-04-24 07:00:00,2026-04-24 15:00:00,50,19.0,0,LP Scheduled
2026-04-24,B,4606,1325221318095HURL0,2026-04-24 15:00:00,2026-04-24 23:00:00,50,19.0,0,LP Scheduled
2026-04-24,C,4606,1325221318095HURL0,2026-04-24 23:00:00,2026-04-25 07:00:00,50,19.0,0,LP Scheduled
2026-04-25,A,4606,1325221318095HURL0,2026-04-25 07:00:00,2026-04-25 15:00:00,50,19.0,0,LP Scheduled
2026-04-25,B,4606,1325221318095HURL0,2026-04-25 15:00:00,2026-04-25 23:00:00,50,19.0,0,LP Scheduled
2026-04-25,C,4606,1325221318095HURL0,2026-04-25 23:00:00,2026-04-26 07:00:00,50,19.0,0,LP Scheduled
2026-04-26,A,4606,1325221318095HURL0,2026-04-26 07:00:00,2026-04-26 15:00:00,50,19.0,0,LP Scheduled
2026-04-26,B,4606,1325221318095HURL0,2026-04-26 15:00:00,2026-04-26 23:00:00,50,19.0,0,LP Scheduled
2026-04-26,C,4606,1325221318095HURL0,2026-04-26 23:00:00,2026-04-27 07:00:00,50,19.0,0,LP Scheduled
2026-04-27,A,4606,1325221318095HURL0,2026-04-27 07:00:00,2026-04-27 15:00:00,50,19.0,0,LP Scheduled
2026-04-27,B,4606,1325221318095HURL0,2026-04-27 15:00:00,2026-04-27 23:00:00,50,19.0,0,LP Scheduled
2026-04-27,C,4606,1325221318095HURL0,2026-04-27 23:00:00,2026-04-28 07:00:00,50,19.0,0,LP Scheduled
2026-04-28,A,4606,1325221318095HURL0,2026-04-28 07:00:00,2026-04-28 15:00:00,50,19.0,0,LP Scheduled
2026-04-28,B,4606,1325221318095HURL0,2026-04-28 15:00:00,2026-04-28 23:00:00,50,19.0,0,LP Scheduled
2026-04-28,C,4606,1325221318095HURL0,2026-04-28 23:00:00,2026-04-29 07:00:00,50,19.0,0,LP Scheduled
2026-04-29,A,4606,1325221318095HURL0,2026-04-29 07:00:00,2026-04-29 15:00:00,50,19.0,0,LP Scheduled
2026-04-29,B,4606,1325221318095HURL0,2026-04-29 15:00:00,2026-04-29 23:00:00,50,19.0,0,LP Scheduled
2026-04-29,C,4606,1325221318095HURL0,2026-04-29 23:00:00,2026-04-30 07:00:00,50,19.0,0,LP Scheduled
2026-04-30,A,4606,1325221318095HURL0,2026-04-30 07:00:00,2026-04-30 15:00:00,50,19.0,0,LP Scheduled
2026-04-30,B,4606,1325221318095HURL0,2026-04-30 15:00:00,2026-04-30 23:00:00,50,19.0,0,LP Scheduled
2026-04-30,C,4606,1325221318095HURL0,2026-04-30 23:00:00,2026-05-01 07:00:00,50,19.0,0,LP Scheduled
2026-05-01,A,4606,1325221318095HURL0,2026-05-01 07:00:00,2026-05-01 15:00:00,50,19.0,0,LP Scheduled
2026-05-01,B,4606,1325221318095HURL0,2026-05-01 15:00:00,2026-05-01 23:00:00,50,19.0,0,LP Scheduled
2026-05-01,C,4606,1325221318095HURL0,2026-05-01 23:00:00,2026-05-02 07:00:00,50,19.0,0,LP Scheduled
2026-05-02,A,4606,1325221318095HURL0,2026-05-02 07:00:00,2026-05-02 15:00:00,50,19.0,0,LP Scheduled
2026-05-02,B,4606,1325221318095HURL0,2026-05-02 15:00:00,2026-05-02 23:00:00,50,19.0,0,LP Scheduled
2026-05-02,C,4606,1325221318095HURL0,2026-05-02 23:00:00,2026-05-03 06:55:00,70,19.0,0,LP Scheduled
2026-04-20,C,4607,CHANGEOVER,2026-04-20 00:12:00,2026-04-20 06:12:00,0,0.0,0,C/O from 1D25214012008QXPCT to 1325225518111HRHB0
2026-04-20,C,4607,1325225518111HRHB0,2026-04-20 06:12:00,2026-04-20 07:00:00,4,18.0,0,LP Scheduled
2026-04-20,A,4607,1325225518111HRHB0,2026-04-20 07:00:00,2026-04-20 15:00:00,52,18.0,0,LP Scheduled
2026-04-20,B,4607,1325225518111HRHB0,2026-04-20 15:00:00,2026-04-20 23:00:00,52,18.0,0,LP Scheduled
2026-04-20,C,4607,1325225518111HRHB0,2026-04-20 23:00:00,2026-04-21 07:00:00,52,18.0,0,LP Scheduled
2026-04-21,A,4607,1325225518111HRHB0,2026-04-21 07:00:00,2026-04-21 15:00:00,52,18.0,0,LP Scheduled
2026-04-21,B,4607,1325225518111HRHB0,2026-04-21 15:00:00,2026-04-21 23:00:00,52,18.0,0,LP Scheduled
2026-04-21,C,4607,1325225518111HRHB0,2026-04-21 23:00:00,2026-04-22 07:00:00,52,18.0,0,LP Scheduled
2026-04-22,A,4607,1325225518111HRHB0,2026-04-22 07:00:00,2026-04-22 15:00:00,52,18.0,0,LP Scheduled
2026-04-22,B,4607,1325225518111HRHB0,2026-04-22 15:00:00,2026-04-22 23:00:00,52,18.0,0,LP Scheduled
2026-04-22,C,4607,1325225518111HRHB0,2026-04-22 23:00:00,2026-04-23 07:00:00,52,18.0,0,LP Scheduled
2026-04-23,A,4607,1325225518111HRHB0,2026-04-23 07:00:00,2026-04-23 15:00:00,52,18.0,0,LP Scheduled
2026-04-23,B,4607,1325225518111HRHB0,2026-04-23 15:00:00,2026-04-23 23:00:00,52,18.0,0,LP Scheduled
2026-04-23,C,4607,1325225518111HRHB0,2026-04-23 23:00:00,2026-04-24 07:00:00,52,18.0,0,LP Scheduled
2026-04-24,A,4607,1325225518111HRHB0,2026-04-24 07:00:00,2026-04-24 15:00:00,52,18.0,0,LP Scheduled
2026-04-24,B,4607,1325225518111HRHB0,2026-04-24 15:00:00,2026-04-24 23:00:00,52,18.0,0,LP Scheduled
2026-04-24,C,4607,1325225518111HRHB0,2026-04-24 23:00:00,2026-04-25 07:00:00,52,18.0,0,LP Scheduled
2026-04-25,A,4607,1325225518111HRHB0,2026-04-25 07:00:00,2026-04-25 15:00:00,52,18.0,0,LP Scheduled
2026-04-25,B,4607,1325225518111HRHB0,2026-04-25 15:00:00,2026-04-25 23:00:00,52,18.0,0,LP Scheduled
2026-04-25,C,4607,1325225518111HRHB0,2026-04-25 23:00:00,2026-04-26 07:00:00,52,18.0,0,LP Scheduled
2026-04-26,A,4607,1325225518111HRHB0,2026-04-26 07:00:00,2026-04-26 15:00:00,52,18.0,0,LP Scheduled
2026-04-26,B,4607,1325225518111HRHB0,2026-04-26 15:00:00,2026-04-26 23:00:00,52,18.0,0,LP Scheduled
2026-04-26,C,4607,1325225518111HRHB0,2026-04-26 23:00:00,2026-04-27 07:00:00,52,18.0,0,LP Scheduled
2026-04-27,A,4607,1325225518111HRHB0,2026-04-27 07:00:00,2026-04-27 15:00:00,52,18.0,0,LP Scheduled
2026-04-27,B,4607,1325225518111HRHB0,2026-04-27 15:00:00,2026-04-27 23:00:00,52,18.0,0,LP Scheduled
2026-04-27,C,4607,1325225518111HRHB0,2026-04-27 23:00:00,2026-04-28 07:00:00,52,18.0,0,LP Scheduled
2026-04-28,A,4607,1325225518111HRHB0,2026-04-28 07:00:00,2026-04-28 15:00:00,52,18.0,0,LP Scheduled
2026-04-28,B,4607,1325225518111HRHB0,2026-04-28 15:00:00,2026-04-28 23:00:00,52,18.0,0,LP Scheduled
2026-04-28,C,4607,1325225518111HRHB0,2026-04-28 23:00:00,2026-04-29 07:00:00,52,18.0,0,LP Scheduled
2026-04-29,A,4607,1325225518111HRHB0,2026-04-29 07:00:00,2026-04-29 15:00:00,52,18.0,0,LP Scheduled
2026-04-29,B,4607,1325225518111HRHB0,2026-04-29 15:00:00,2026-04-29 23:00:00,52,18.0,0,LP Scheduled
2026-04-29,C,4607,1325225518111HRHB0,2026-04-29 23:00:00,2026-04-30 07:00:00,52,18.0,0,LP Scheduled
2026-04-30,A,4607,1325225518111HRHB0,2026-04-30 07:00:00,2026-04-30 15:00:00,52,18.0,0,LP Scheduled
2026-04-30,B,4607,1325225518111HRHB0,2026-04-30 15:00:00,2026-04-30 23:00:00,52,18.0,0,LP Scheduled
2026-04-30,C,4607,1325225518111HRHB0,2026-04-30 23:00:00,2026-05-01 07:00:00,52,18.0,0,LP Scheduled
2026-05-01,A,4607,1325225518111HRHB0,2026-05-01 07:00:00,2026-05-01 15:00:00,52,18.0,0,LP Scheduled
2026-05-01,B,4607,1325225518111HRHB0,2026-05-01 15:00:00,2026-05-01 23:00:00,52,18.0,0,LP Scheduled
2026-05-01,C,4607,1325225518111HRHB0,2026-05-01 23:00:00,2026-05-02 07:00:00,52,18.0,0,LP Scheduled
2026-05-02,A,4607,1325225518111HRHB0,2026-05-02 07:00:00,2026-05-02 15:00:00,52,18.0,0,LP Scheduled
2026-05-02,B,4607,1325225518111HRHB0,2026-05-02 15:00:00,2026-05-02 23:00:00,52,18.0,0,LP Scheduled
2026-05-02,C,4607,1325225518111HRHB0,2026-05-02 23:00:00,2026-05-03 06:48:00,104,18.0,0,LP Scheduled
2026-04-30,A,4608,CHANGEOVER,2026-04-30 14:30:00,2026-04-30 20:30:00,0,0.0,0,C/O from 1325214812074TUHL0 to 1325225518111HRHB0
2026-04-30,B,4608,1325225518111HRHB0,2026-04-30 20:30:00,2026-04-30 21:42:00,8,18.0,0,LP Scheduled
2026-04-30,B,4608,CHANGEOVER,2026-04-30 21:42:00,2026-05-01 03:42:00,0,0.0,0,C/O from 1325225518111HRHB0 to 1325226617118QRMT0
2026-05-01,C,4608,1325226617118QRMT0,2026-05-01 03:42:00,2026-05-01 07:00:00,14,26.0,0,LP Scheduled
2026-05-01,A,4608,1325226617118QRMT0,2026-05-01 07:00:00,2026-05-01 15:00:00,36,26.0,0,LP Scheduled
2026-05-01,B,4608,1325226617118QRMT0,2026-05-01 15:00:00,2026-05-01 23:00:00,36,26.0,0,LP Scheduled
2026-05-01,C,4608,1325226617118QRMT0,2026-05-01 23:00:00,2026-05-02 07:00:00,36,26.0,0,LP Scheduled
2026-05-02,A,4608,1325226617118QRMT0,2026-05-02 07:00:00,2026-05-02 15:00:00,36,26.0,0,LP Scheduled
2026-05-02,B,4608,1325226617118QRMT0,2026-05-02 15:00:00,2026-05-02 23:00:00,36,26.0,0,LP Scheduled
2026-05-02,C,4608,1325226617118QRMT0,2026-05-02 23:00:00,2026-05-03 06:50:00,42,26.0,0,LP Scheduled
2026-04-19,C,4609,CHANGEOVER,2026-04-19 23:00:00,2026-04-20 05:00:00,0,0.0,0,C/O from 1D25214012008QXPCT to 1D25215013008SXC1T
2026-04-20,C,4609,1D25215013008SXC1T,2026-04-20 05:00:00,2026-04-20 07:00:00,12,20.0,0,LP Scheduled
2026-04-20,A,4609,1D25215013008SXC1T,2026-04-20 07:00:00,2026-04-20 15:00:00,48,20.0,0,LP Scheduled
2026-04-20,B,4609,1D25215013008SXC1T,2026-04-20 15:00:00,2026-04-20 17:20:00,14,20.0,0,LP Scheduled
2026-04-20,B,4609,CHANGEOVER,2026-04-20 17:20:00,2026-04-20 23:20:00,0,0.0,0,C/O from 1D25215013008SXC1T to 1325223418103VETR0
2026-04-20,C,4609,1325223418103VETR0,2026-04-20 23:20:00,2026-04-21 07:00:00,50,18.0,0,LP Scheduled
2026-04-21,A,4609,1325223418103VETR0,2026-04-21 07:00:00,2026-04-21 15:00:00,52,18.0,0,LP Scheduled
2026-04-21,B,4609,1325223418103VETR0,2026-04-21 15:00:00,2026-04-21 23:00:00,52,18.0,0,LP Scheduled
2026-04-21,C,4609,1325223418103VETR0,2026-04-21 23:00:00,2026-04-22 07:00:00,52,18.0,0,LP Scheduled
2026-04-22,A,4609,1325223418103VETR0,2026-04-22 07:00:00,2026-04-22 15:00:00,52,18.0,0,LP Scheduled
2026-04-22,B,4609,1325223418103VETR0,2026-04-22 15:00:00,2026-04-22 23:00:00,52,18.0,0,LP Scheduled
2026-04-22,C,4609,1325223418103VETR0,2026-04-22 23:00:00,2026-04-23 07:00:00,52,18.0,0,LP Scheduled
2026-04-23,A,4609,1325223418103VETR0,2026-04-23 07:00:00,2026-04-23 15:00:00,52,18.0,0,LP Scheduled
2026-04-23,B,4609,1325223418103VETR0,2026-04-23 15:00:00,2026-04-23 23:00:00,52,18.0,0,LP Scheduled
2026-04-23,C,4609,1325223418103VETR0,2026-04-23 23:00:00,2026-04-24 03:50:00,44,18.0,0,LP Scheduled
2026-04-24,C,4609,CHANGEOVER,2026-04-24 03:50:00,2026-04-24 09:50:00,0,0.0,0,C/O from 1325223418103VETR0 to 1325222418104HUX10
2026-04-24,A,4609,1325222418104HUX10,2026-04-24 09:50:00,2026-04-24 15:00:00,36,17.0,0,LP Scheduled
2026-04-24,B,4609,1325222418104HUX10,2026-04-24 15:00:00,2026-04-24 19:28:00,32,17.0,0,LP Scheduled
2026-04-24,B,4609,CHANGEOVER,2026-04-24 19:28:00,2026-04-25 01:28:00,0,0.0,0,C/O from 1325222418104HUX10 to 1325223616109SELZ0
2026-04-25,C,4609,1325223616109SELZ0,2026-04-25 01:28:00,2026-04-25 07:00:00,28,23.0,0,LP Scheduled
2026-04-25,A,4609,1325223616109SELZ0,2026-04-25 07:00:00,2026-04-25 15:00:00,40,23.0,0,LP Scheduled
2026-04-25,B,4609,1325223616109SELZ0,2026-04-25 15:00:00,2026-04-25 23:00:00,40,23.0,0,LP Scheduled
2026-04-25,C,4609,1325223616109SELZ0,2026-04-25 23:00:00,2026-04-26 07:00:00,40,23.0,0,LP Scheduled
2026-04-26,A,4609,1325223616109SELZ0,2026-04-26 07:00:00,2026-04-26 15:00:00,40,23.0,0,LP Scheduled
2026-04-26,B,4609,1325223616109SELZ0,2026-04-26 15:00:00,2026-04-26 23:00:00,40,23.0,0,LP Scheduled
2026-04-26,C,4609,1325223616109SELZ0,2026-04-26 23:00:00,2026-04-27 07:00:00,40,23.0,0,LP Scheduled
2026-04-27,A,4609,1325223616109SELZ0,2026-04-27 07:00:00,2026-04-27 15:00:00,40,23.0,0,LP Scheduled
2026-04-27,B,4609,1325223616109SELZ0,2026-04-27 15:00:00,2026-04-27 23:00:00,40,23.0,0,LP Scheduled
2026-04-27,C,4609,1325223616109SELZ0,2026-04-27 23:00:00,2026-04-28 07:00:00,40,23.0,0,LP Scheduled
2026-04-28,A,4609,1325223616109SELZ0,2026-04-28 07:00:00,2026-04-28 15:00:00,40,23.0,0,LP Scheduled
2026-04-28,B,4609,1325223616109SELZ0,2026-04-28 15:00:00,2026-04-28 23:00:00,40,23.0,0,LP Scheduled
2026-04-28,C,4609,1325223616109SELZ0,2026-04-28 23:00:00,2026-04-29 07:00:00,40,23.0,0,LP Scheduled
2026-04-29,A,4609,1325223616109SELZ0,2026-04-29 07:00:00,2026-04-29 15:00:00,40,23.0,0,LP Scheduled
2026-04-29,B,4609,1325223616109SELZ0,2026-04-29 15:00:00,2026-04-29 23:00:00,40,23.0,0,LP Scheduled
2026-04-29,C,4609,1325223616109SELZ0,2026-04-29 23:00:00,2026-04-30 07:00:00,40,23.0,0,LP Scheduled
2026-04-30,A,4609,1325223616109SELZ0,2026-04-30 07:00:00,2026-04-30 15:00:00,40,23.0,0,LP Scheduled
2026-04-30,B,4609,1325223616109SELZ0,2026-04-30 15:00:00,2026-04-30 23:00:00,40,23.0,0,LP Scheduled
2026-04-30,C,4609,1325223616109SELZ0,2026-04-30 23:00:00,2026-05-01 07:00:00,40,23.0,0,LP Scheduled
2026-05-01,A,4609,1325223616109SELZ0,2026-05-01 07:00:00,2026-05-01 15:00:00,40,23.0,0,LP Scheduled
2026-05-01,B,4609,1325223616109SELZ0,2026-05-01 15:00:00,2026-05-01 23:00:00,40,23.0,0,LP Scheduled
2026-05-01,C,4609,1325223616109SELZ0,2026-05-01 23:00:00,2026-05-02 07:00:00,40,23.0,0,LP Scheduled
2026-05-02,A,4609,1325223616109SELZ0,2026-05-02 07:00:00,2026-05-02 15:00:00,40,23.0,0,LP Scheduled
2026-05-02,B,4609,1325223616109SELZ0,2026-05-02 15:00:00,2026-05-02 23:00:00,40,23.0,0,LP Scheduled
2026-05-02,C,4609,1325223616109SELZ0,2026-05-02 23:00:00,2026-05-03 06:53:00,82,23.0,0,LP Scheduled
2026-04-10,B,4610,CHANGEOVER,2026-04-10 18:00:00,2026-04-11 00:00:00,0,0.0,0,C/O from 1325218316083HURL0 to 1325224716111SELS0
2026-04-11,C,4610,1325224716111SELS0,2026-04-11 00:00:00,2026-04-11 07:00:00,44,19.0,0,LP Scheduled
2026-04-11,A,4610,1325224716111SELS0,2026-04-11 07:00:00,2026-04-11 15:00:00,50,19.0,0,LP Scheduled
2026-04-11,B,4610,1325224716111SELS0,2026-04-11 15:00:00,2026-04-11 23:00:00,50,19.0,0,LP Scheduled
2026-04-11,C,4610,1325224716111SELS0,2026-04-11 23:00:00,2026-04-12 07:00:00,50,19.0,0,LP Scheduled
2026-04-12,A,4610,1325224716111SELS0,2026-04-12 07:00:00,2026-04-12 15:00:00,50,19.0,0,LP Scheduled
2026-04-12,B,4610,1325224716111SELS0,2026-04-12 15:00:00,2026-04-12 23:00:00,50,19.0,0,LP Scheduled
2026-04-12,C,4610,1325224716111SELS0,2026-04-12 23:00:00,2026-04-13 07:00:00,50,19.0,0,LP Scheduled
2026-04-13,A,4610,1325224716111SELS0,2026-04-13 07:00:00,2026-04-13 15:00:00,50,19.0,0,LP Scheduled
2026-04-13,B,4610,1325224716111SELS0,2026-04-13 15:00:00,2026-04-13 23:00:00,50,19.0,0,LP Scheduled
2026-04-13,C,4610,1325224716111SELS0,2026-04-13 23:00:00,2026-04-14 07:00:00,50,19.0,0,LP Scheduled
2026-04-14,A,4610,1325224716111SELS0,2026-04-14 07:00:00,2026-04-14 15:00:00,50,19.0,0,LP Scheduled
2026-04-14,B,4610,1325224716111SELS0,2026-04-14 15:00:00,2026-04-14 23:00:00,50,19.0,0,LP Scheduled
2026-04-14,C,4610,1325224716111SELS0,2026-04-14 23:00:00,2026-04-15 07:00:00,50,19.0,0,LP Scheduled
2026-04-15,A,4610,1325224716111SELS0,2026-04-15 07:00:00,2026-04-15 15:00:00,50,19.0,0,LP Scheduled
2026-04-15,B,4610,1325224716111SELS0,2026-04-15 15:00:00,2026-04-15 23:00:00,50,19.0,0,LP Scheduled
2026-04-15,C,4610,1325224716111SELS0,2026-04-15 23:00:00,2026-04-16 07:00:00,50,19.0,0,LP Scheduled
2026-04-16,A,4610,1325224716111SELS0,2026-04-16 07:00:00,2026-04-16 15:00:00,50,19.0,0,LP Scheduled
2026-04-16,B,4610,1325224716111SELS0,2026-04-16 15:00:00,2026-04-16 23:00:00,50,19.0,0,LP Scheduled
2026-04-16,C,4610,1325224716111SELS0,2026-04-16 23:00:00,2026-04-17 07:00:00,50,19.0,0,LP Scheduled
2026-04-17,A,4610,1325224716111SELS0,2026-04-17 07:00:00,2026-04-17 15:00:00,50,19.0,0,LP Scheduled
2026-04-17,B,4610,1325224716111SELS0,2026-04-17 15:00:00,2026-04-17 23:00:00,50,19.0,0,LP Scheduled
2026-04-17,C,4610,1325224716111SELS0,2026-04-17 23:00:00,2026-04-18 07:00:00,50,19.0,0,LP Scheduled
2026-04-18,A,4610,1325224716111SELS0,2026-04-18 07:00:00,2026-04-18 15:00:00,50,19.0,0,LP Scheduled
2026-04-18,B,4610,1325224716111SELS0,2026-04-18 15:00:00,2026-04-18 23:00:00,50,19.0,0,LP Scheduled
2026-04-18,C,4610,1325224716111SELS0,2026-04-18 23:00:00,2026-04-19 07:00:00,50,19.0,0,LP Scheduled
2026-04-19,A,4610,1325224716111SELS0,2026-04-19 07:00:00,2026-04-19 15:00:00,50,19.0,0,LP Scheduled
2026-04-19,B,4610,1325224716111SELS0,2026-04-19 15:00:00,2026-04-19 23:00:00,50,19.0,0,LP Scheduled
2026-04-19,C,4610,1325224716111SELS0,2026-04-19 23:00:00,2026-04-20 07:00:00,50,19.0,0,LP Scheduled
2026-04-20,A,4610,1325224716111SELS0,2026-04-20 07:00:00,2026-04-20 15:00:00,50,19.0,0,LP Scheduled
2026-04-20,B,4610,1325224716111SELS0,2026-04-20 15:00:00,2026-04-20 23:00:00,50,19.0,0,LP Scheduled
2026-04-20,C,4610,1325224716111SELS0,2026-04-20 23:00:00,2026-04-21 07:00:00,50,19.0,0,LP Scheduled
2026-04-21,A,4610,1325224716111SELS0,2026-04-21 07:00:00,2026-04-21 15:00:00,50,19.0,0,LP Scheduled
2026-04-21,B,4610,1325224716111SELS0,2026-04-21 15:00:00,2026-04-21 23:00:00,50,19.0,0,LP Scheduled
2026-04-21,C,4610,1325224716111SELS0,2026-04-21 23:00:00,2026-04-22 07:00:00,50,19.0,0,LP Scheduled
2026-04-22,A,4610,1325224716111SELS0,2026-04-22 07:00:00,2026-04-22 15:00:00,50,19.0,0,LP Scheduled
2026-04-22,B,4610,1325224716111SELS0,2026-04-22 15:00:00,2026-04-22 23:00:00,50,19.0,0,LP Scheduled
2026-04-22,C,4610,1325224716111SELS0,2026-04-22 23:00:00,2026-04-23 07:00:00,50,19.0,0,LP Scheduled
2026-04-23,A,4610,1325224716111SELS0,2026-04-23 07:00:00,2026-04-23 15:00:00,50,19.0,0,LP Scheduled
2026-04-23,B,4610,1325224716111SELS0,2026-04-23 15:00:00,2026-04-23 23:00:00,50,19.0,0,LP Scheduled
2026-04-23,C,4610,1325224716111SELS0,2026-04-23 23:00:00,2026-04-24 07:00:00,50,19.0,0,LP Scheduled
2026-04-24,A,4610,1325224716111SELS0,2026-04-24 07:00:00,2026-04-24 15:00:00,50,19.0,0,LP Scheduled
2026-04-24,B,4610,1325224716111SELS0,2026-04-24 15:00:00,2026-04-24 23:00:00,50,19.0,0,LP Scheduled
2026-04-24,C,4610,1325224716111SELS0,2026-04-24 23:00:00,2026-04-25 07:00:00,50,19.0,0,LP Scheduled
2026-04-25,A,4610,1325224716111SELS0,2026-04-25 07:00:00,2026-04-25 15:00:00,50,19.0,0,LP Scheduled
2026-04-25,B,4610,1325224716111SELS0,2026-04-25 15:00:00,2026-04-25 23:00:00,50,19.0,0,LP Scheduled
2026-04-25,C,4610,1325224716111SELS0,2026-04-25 23:00:00,2026-04-26 07:00:00,50,19.0,0,LP Scheduled
2026-04-26,A,4610,1325224716111SELS0,2026-04-26 07:00:00,2026-04-26 15:00:00,50,19.0,0,LP Scheduled
2026-04-26,B,4610,1325224716111SELS0,2026-04-26 15:00:00,2026-04-26 23:00:00,50,19.0,0,LP Scheduled
2026-04-26,C,4610,1325224716111SELS0,2026-04-26 23:00:00,2026-04-27 07:00:00,50,19.0,0,LP Scheduled
2026-04-27,A,4610,1325224716111SELS0,2026-04-27 07:00:00,2026-04-27 15:00:00,50,19.0,0,LP Scheduled
2026-04-27,B,4610,1325224716111SELS0,2026-04-27 15:00:00,2026-04-27 23:00:00,50,19.0,0,LP Scheduled
2026-04-27,C,4610,1325224716111SELS0,2026-04-27 23:00:00,2026-04-28 07:00:00,50,19.0,0,LP Scheduled
2026-04-28,A,4610,1325224716111SELS0,2026-04-28 07:00:00,2026-04-28 15:00:00,50,19.0,0,LP Scheduled
2026-04-28,B,4610,1325224716111SELS0,2026-04-28 15:00:00,2026-04-28 23:00:00,50,19.0,0,LP Scheduled
2026-04-28,C,4610,1325224716111SELS0,2026-04-28 23:00:00,2026-04-29 07:00:00,50,19.0,0,LP Scheduled
2026-04-29,A,4610,1325224716111SELS0,2026-04-29 07:00:00,2026-04-29 15:00:00,50,19.0,0,LP Scheduled
2026-04-29,B,4610,1325224716111SELS0,2026-04-29 15:00:00,2026-04-29 23:00:00,50,19.0,0,LP Scheduled
2026-04-29,C,4610,1325224716111SELS0,2026-04-29 23:00:00,2026-04-30 07:00:00,50,19.0,0,LP Scheduled
2026-04-30,A,4610,1325224716111SELS0,2026-04-30 07:00:00,2026-04-30 15:00:00,50,19.0,0,LP Scheduled
2026-04-30,B,4610,1325224716111SELS0,2026-04-30 15:00:00,2026-04-30 23:00:00,50,19.0,0,LP Scheduled
2026-04-30,C,4610,1325224716111SELS0,2026-04-30 23:00:00,2026-05-01 07:00:00,50,19.0,0,LP Scheduled
2026-05-01,A,4610,1325224716111SELS0,2026-05-01 07:00:00,2026-05-01 15:00:00,50,19.0,0,LP Scheduled
2026-05-01,B,4610,1325224716111SELS0,2026-05-01 15:00:00,2026-05-01 23:00:00,50,19.0,0,LP Scheduled
2026-05-01,C,4610,1325224716111SELS0,2026-05-01 23:00:00,2026-05-02 07:00:00,50,19.0,0,LP Scheduled
2026-05-02,A,4610,1325224716111SELS0,2026-05-02 07:00:00,2026-05-02 15:00:00,50,19.0,0,LP Scheduled
2026-05-02,B,4610,1325224716111SELS0,2026-05-02 15:00:00,2026-05-02 23:00:00,50,19.0,0,LP Scheduled
2026-05-02,C,4610,1325224716111SELS0,2026-05-02 23:00:00,2026-05-03 06:51:00,84,19.0,0,LP Scheduled
2026-04-23,A,4801,CHANGEOVER,2026-04-23 07:36:00,2026-04-23 13:36:00,0,0.0,0,C/O from 1225219Z15008SXC11 to 1D25215013008SXC1T
2026-04-23,A,4801,1D25215013008SXC1T,2026-04-23 13:36:00,2026-04-23 15:00:00,8,20.0,0,LP Scheduled
2026-04-23,B,4801,1D25215013008SXC1T,2026-04-23 15:00:00,2026-04-23 23:00:00,48,20.0,0,LP Scheduled
2026-04-23,C,4801,1D25215013008SXC1T,2026-04-23 23:00:00,2026-04-24 07:00:00,48,20.0,0,LP Scheduled
2026-04-24,A,4801,1D25215013008SXC1T,2026-04-24 07:00:00,2026-04-24 15:00:00,48,20.0,0,LP Scheduled
2026-04-24,B,4801,1D25215013008SXC1T,2026-04-24 15:00:00,2026-04-24 23:00:00,48,20.0,0,LP Scheduled
2026-04-24,C,4801,1D25215013008SXC1T,2026-04-24 23:00:00,2026-04-25 07:00:00,48,20.0,0,LP Scheduled
2026-04-25,A,4801,1D25215013008SXC1T,2026-04-25 07:00:00,2026-04-25 15:00:00,48,20.0,0,LP Scheduled
2026-04-25,B,4801,1D25215013008SXC1T,2026-04-25 15:00:00,2026-04-25 23:00:00,48,20.0,0,LP Scheduled
2026-04-25,C,4801,1D25215013008SXC1T,2026-04-25 23:00:00,2026-04-26 07:00:00,48,20.0,0,LP Scheduled
2026-04-26,A,4801,1D25215013008SXC1T,2026-04-26 07:00:00,2026-04-26 15:00:00,48,20.0,0,LP Scheduled
2026-04-26,B,4801,1D25215013008SXC1T,2026-04-26 15:00:00,2026-04-26 23:00:00,48,20.0,0,LP Scheduled
2026-04-26,C,4801,1D25215013008SXC1T,2026-04-26 23:00:00,2026-04-27 07:00:00,48,20.0,0,LP Scheduled
2026-04-27,A,4801,1D25215013008SXC1T,2026-04-27 07:00:00,2026-04-27 15:00:00,48,20.0,0,LP Scheduled
2026-04-27,B,4801,1D25215013008SXC1T,2026-04-27 15:00:00,2026-04-27 23:00:00,48,20.0,0,LP Scheduled
2026-04-27,C,4801,1D25215013008SXC1T,2026-04-27 23:00:00,2026-04-28 07:00:00,48,20.0,0,LP Scheduled
2026-04-28,A,4801,1D25215013008SXC1T,2026-04-28 07:00:00,2026-04-28 15:00:00,48,20.0,0,LP Scheduled
2026-04-28,B,4801,1D25215013008SXC1T,2026-04-28 15:00:00,2026-04-28 23:00:00,48,20.0,0,LP Scheduled
2026-04-28,C,4801,1D25215013008SXC1T,2026-04-28 23:00:00,2026-04-29 07:00:00,48,20.0,0,LP Scheduled
2026-04-29,A,4801,1D25215013008SXC1T,2026-04-29 07:00:00,2026-04-29 15:00:00,48,20.0,0,LP Scheduled
2026-04-29,B,4801,1D25215013008SXC1T,2026-04-29 15:00:00,2026-04-29 23:00:00,48,20.0,0,LP Scheduled
2026-04-29,C,4801,1D25215013008SXC1T,2026-04-29 23:00:00,2026-04-30 07:00:00,48,20.0,0,LP Scheduled
2026-04-30,A,4801,1D25215013008SXC1T,2026-04-30 07:00:00,2026-04-30 15:00:00,48,20.0,0,LP Scheduled
2026-04-30,B,4801,1D25215013008SXC1T,2026-04-30 15:00:00,2026-04-30 23:00:00,48,20.0,0,LP Scheduled
2026-04-30,C,4801,1D25215013008SXC1T,2026-04-30 23:00:00,2026-05-01 07:00:00,48,20.0,0,LP Scheduled
2026-05-01,A,4801,1D25215013008SXC1T,2026-05-01 07:00:00,2026-05-01 15:00:00,48,20.0,0,LP Scheduled
2026-05-01,B,4801,1D25215013008SXC1T,2026-05-01 15:00:00,2026-05-01 23:00:00,48,20.0,0,LP Scheduled
2026-05-01,C,4801,1D25215013008SXC1T,2026-05-01 23:00:00,2026-05-02 07:00:00,48,20.0,0,LP Scheduled
2026-05-02,A,4801,1D25215013008SXC1T,2026-05-02 07:00:00,2026-05-02 15:00:00,48,20.0,0,LP Scheduled
2026-05-02,B,4801,1D25215013008SXC1T,2026-05-02 15:00:00,2026-05-02 23:00:00,48,20.0,0,LP Scheduled
2026-05-02,C,4801,1D25215013008SXC1T,2026-05-02 23:00:00,2026-05-03 06:56:00,48,20.0,0,LP Scheduled
2026-04-23,A,4803,CHANGEOVER,2026-04-23 07:36:00,2026-04-23 13:36:00,0,0.0,0,C/O from 1225219Z15008SXC11 to 1325224716111SELS0
2026-04-23,A,4803,1325224716111SELS0,2026-04-23 13:36:00,2026-04-23 15:00:00,8,19.0,0,LP Scheduled
2026-04-23,B,4803,1325224716111SELS0,2026-04-23 15:00:00,2026-04-23 23:00:00,50,19.0,0,LP Scheduled
2026-04-23,C,4803,1325224716111SELS0,2026-04-23 23:00:00,2026-04-24 07:00:00,50,19.0,0,LP Scheduled
2026-04-24,A,4803,1325224716111SELS0,2026-04-24 07:00:00,2026-04-24 15:00:00,50,19.0,0,LP Scheduled
2026-04-24,B,4803,1325224716111SELS0,2026-04-24 15:00:00,2026-04-24 23:00:00,50,19.0,0,LP Scheduled
2026-04-24,C,4803,1325224716111SELS0,2026-04-24 23:00:00,2026-04-25 07:00:00,50,19.0,0,LP Scheduled
2026-04-25,A,4803,1325224716111SELS0,2026-04-25 07:00:00,2026-04-25 15:00:00,50,19.0,0,LP Scheduled
2026-04-25,B,4803,1325224716111SELS0,2026-04-25 15:00:00,2026-04-25 23:00:00,50,19.0,0,LP Scheduled
2026-04-25,C,4803,1325224716111SELS0,2026-04-25 23:00:00,2026-04-26 07:00:00,50,19.0,0,LP Scheduled
2026-04-26,A,4803,1325224716111SELS0,2026-04-26 07:00:00,2026-04-26 15:00:00,50,19.0,0,LP Scheduled
2026-04-26,B,4803,1325224716111SELS0,2026-04-26 15:00:00,2026-04-26 23:00:00,50,19.0,0,LP Scheduled
2026-04-26,C,4803,1325224716111SELS0,2026-04-26 23:00:00,2026-04-27 07:00:00,50,19.0,0,LP Scheduled
2026-04-27,A,4803,1325224716111SELS0,2026-04-27 07:00:00,2026-04-27 15:00:00,50,19.0,0,LP Scheduled
2026-04-27,B,4803,1325224716111SELS0,2026-04-27 15:00:00,2026-04-27 23:00:00,50,19.0,0,LP Scheduled
2026-04-27,C,4803,1325224716111SELS0,2026-04-27 23:00:00,2026-04-28 07:00:00,50,19.0,0,LP Scheduled
2026-04-28,A,4803,1325224716111SELS0,2026-04-28 07:00:00,2026-04-28 15:00:00,50,19.0,0,LP Scheduled
2026-04-28,B,4803,1325224716111SELS0,2026-04-28 15:00:00,2026-04-28 23:00:00,50,19.0,0,LP Scheduled
2026-04-28,C,4803,1325224716111SELS0,2026-04-28 23:00:00,2026-04-29 07:00:00,50,19.0,0,LP Scheduled
2026-04-29,A,4803,1325224716111SELS0,2026-04-29 07:00:00,2026-04-29 15:00:00,50,19.0,0,LP Scheduled
2026-04-29,B,4803,1325224716111SELS0,2026-04-29 15:00:00,2026-04-29 23:00:00,50,19.0,0,LP Scheduled
2026-04-29,C,4803,1325224716111SELS0,2026-04-29 23:00:00,2026-04-30 03:56:00,42,19.0,0,LP Scheduled
2026-05-01,C,4803,CHANGEOVER,2026-05-01 23:00:00,2026-05-02 05:00:00,0,0.0,0,C/O from 1325224716111SELS0 to 1D25218014010RXPCT
2026-05-02,C,4803,1D25218014010RXPCT,2026-05-02 05:00:00,2026-05-02 07:00:00,10,23.0,0,LP Scheduled
2026-05-02,A,4803,1D25218014010RXPCT,2026-05-02 07:00:00,2026-05-02 15:00:00,40,23.0,0,LP Scheduled
2026-05-02,B,4803,1D25218014010RXPCT,2026-05-02 15:00:00,2026-05-02 23:00:00,40,23.0,0,LP Scheduled
2026-05-02,C,4803,1D25218014010RXPCT,2026-05-02 23:00:00,2026-05-03 06:41:00,44,23.0,0,LP Scheduled
2026-04-23,A,4804,CHANGEOVER,2026-04-23 07:36:00,2026-04-23 13:36:00,0,0.0,0,C/O from 1225219Z15008SXC11 to 1325221715100SRAT0
2026-04-23,A,4804,1325221715100SRAT0,2026-04-23 13:36:00,2026-04-23 15:00:00,8,19.0,0,LP Scheduled
2026-04-23,B,4804,1325221715100SRAT0,2026-04-23 15:00:00,2026-04-23 23:00:00,50,19.0,0,LP Scheduled
2026-04-23,C,4804,1325221715100SRAT0,2026-04-23 23:00:00,2026-04-24 07:00:00,50,19.0,0,LP Scheduled
2026-04-24,A,4804,1325221715100SRAT0,2026-04-24 07:00:00,2026-04-24 15:00:00,50,19.0,0,LP Scheduled
2026-04-24,B,4804,1325221715100SRAT0,2026-04-24 15:00:00,2026-04-24 23:00:00,50,19.0,0,LP Scheduled
2026-04-24,C,4804,1325221715100SRAT0,2026-04-24 23:00:00,2026-04-25 07:00:00,50,19.0,0,LP Scheduled
2026-04-25,A,4804,1325221715100SRAT0,2026-04-25 07:00:00,2026-04-25 15:00:00,50,19.0,0,LP Scheduled
2026-04-25,B,4804,1325221715100SRAT0,2026-04-25 15:00:00,2026-04-25 23:00:00,50,19.0,0,LP Scheduled
2026-04-25,C,4804,1325221715100SRAT0,2026-04-25 23:00:00,2026-04-26 07:00:00,50,19.0,0,LP Scheduled
2026-04-26,A,4804,1325221715100SRAT0,2026-04-26 07:00:00,2026-04-26 15:00:00,50,19.0,0,LP Scheduled
2026-04-26,B,4804,1325221715100SRAT0,2026-04-26 15:00:00,2026-04-26 23:00:00,50,19.0,0,LP Scheduled
2026-04-26,C,4804,1325221715100SRAT0,2026-04-26 23:00:00,2026-04-27 07:00:00,50,19.0,0,LP Scheduled
2026-04-27,A,4804,1325221715100SRAT0,2026-04-27 07:00:00,2026-04-27 15:00:00,50,19.0,0,LP Scheduled
2026-04-27,B,4804,1325221715100SRAT0,2026-04-27 15:00:00,2026-04-27 23:00:00,50,19.0,0,LP Scheduled
2026-04-27,C,4804,1325221715100SRAT0,2026-04-27 23:00:00,2026-04-28 07:00:00,50,19.0,0,LP Scheduled
2026-04-28,A,4804,1325221715100SRAT0,2026-04-28 07:00:00,2026-04-28 15:00:00,50,19.0,0,LP Scheduled
2026-04-28,B,4804,1325221715100SRAT0,2026-04-28 15:00:00,2026-04-28 23:00:00,50,19.0,0,LP Scheduled
2026-04-28,C,4804,1325221715100SRAT0,2026-04-28 23:00:00,2026-04-29 07:00:00,50,19.0,0,LP Scheduled
2026-04-29,A,4804,1325221715100SRAT0,2026-04-29 07:00:00,2026-04-29 15:00:00,50,19.0,0,LP Scheduled
2026-04-29,B,4804,1325221715100SRAT0,2026-04-29 15:00:00,2026-04-29 23:00:00,50,19.0,0,LP Scheduled
2026-04-29,C,4804,1325221715100SRAT0,2026-04-29 23:00:00,2026-04-30 07:00:00,50,19.0,0,LP Scheduled
2026-04-30,A,4804,1325221715100SRAT0,2026-04-30 07:00:00,2026-04-30 15:00:00,50,19.0,0,LP Scheduled
2026-04-30,B,4804,1325221715100SRAT0,2026-04-30 15:00:00,2026-04-30 23:00:00,50,19.0,0,LP Scheduled
2026-04-30,C,4804,1325221715100SRAT0,2026-04-30 23:00:00,2026-05-01 07:00:00,50,19.0,0,LP Scheduled
2026-05-01,A,4804,1325221715100SRAT0,2026-05-01 07:00:00,2026-05-01 15:00:00,50,19.0,0,LP Scheduled
2026-05-01,B,4804,1325221715100SRAT0,2026-05-01 15:00:00,2026-05-01 23:00:00,50,19.0,0,LP Scheduled
2026-05-01,C,4804,1325221715100SRAT0,2026-05-01 23:00:00,2026-05-02 07:00:00,50,19.0,0,LP Scheduled
2026-05-02,A,4804,1325221715100SRAT0,2026-05-02 07:00:00,2026-05-02 15:00:00,50,19.0,0,LP Scheduled
2026-05-02,B,4804,1325221715100SRAT0,2026-05-02 15:00:00,2026-05-02 23:00:00,50,19.0,0,LP Scheduled
2026-05-02,C,4804,1325221715100SRAT0,2026-05-02 23:00:00,2026-05-03 06:59:00,66,19.0,0,LP Scheduled
2026-04-26,B,4810,CHANGEOVER,2026-04-26 18:30:00,2026-04-27 00:30:00,0,0.0,0,C/O from 1325216613079HUNE0 to 1D25114012008QXPC0
2026-04-27,C,4810,1D25114012008QXPC0,2026-04-27 00:30:00,2026-04-27 07:00:00,40,19.0,0,LP Scheduled
2026-04-27,A,4810,1D25114012008QXPC0,2026-04-27 07:00:00,2026-04-27 15:00:00,50,19.0,0,LP Scheduled
2026-04-27,B,4810,1D25114012008QXPC0,2026-04-27 15:00:00,2026-04-27 23:00:00,50,19.0,0,LP Scheduled
2026-04-27,C,4810,1D25114012008QXPC0,2026-04-27 23:00:00,2026-04-28 07:00:00,50,19.0,0,LP Scheduled
2026-04-28,A,4810,1D25114012008QXPC0,2026-04-28 07:00:00,2026-04-28 15:00:00,50,19.0,0,LP Scheduled
2026-04-28,B,4810,1D25114012008QXPC0,2026-04-28 15:00:00,2026-04-28 23:00:00,50,19.0,0,LP Scheduled
2026-04-28,C,4810,1D25114012008QXPC0,2026-04-28 23:00:00,2026-04-29 07:00:00,50,19.0,0,LP Scheduled
2026-04-29,A,4810,1D25114012008QXPC0,2026-04-29 07:00:00,2026-04-29 15:00:00,50,19.0,0,LP Scheduled
2026-04-29,B,4810,1D25114012008QXPC0,2026-04-29 15:00:00,2026-04-29 23:00:00,50,19.0,0,LP Scheduled
2026-04-29,C,4810,1D25114012008QXPC0,2026-04-29 23:00:00,2026-04-30 07:00:00,50,19.0,0,LP Scheduled
2026-04-30,A,4810,1D25114012008QXPC0,2026-04-30 07:00:00,2026-04-30 15:00:00,50,19.0,0,LP Scheduled
2026-04-30,B,4810,1D25114012008QXPC0,2026-04-30 15:00:00,2026-04-30 23:00:00,50,19.0,0,LP Scheduled
2026-04-30,C,4810,1D25114012008QXPC0,2026-04-30 23:00:00,2026-05-01 07:00:00,50,19.0,0,LP Scheduled
2026-05-01,A,4810,1D25114012008QXPC0,2026-05-01 07:00:00,2026-05-01 15:00:00,50,19.0,0,LP Scheduled
2026-05-01,B,4810,1D25114012008QXPC0,2026-05-01 15:00:00,2026-05-01 23:00:00,50,19.0,0,LP Scheduled
2026-05-01,C,4810,1D25114012008QXPC0,2026-05-01 23:00:00,2026-05-02 07:00:00,50,19.0,0,LP Scheduled
2026-05-02,A,4810,1D25114012008QXPC0,2026-05-02 07:00:00,2026-05-02 15:00:00,50,19.0,0,LP Scheduled
2026-05-02,B,4810,1D25114012008QXPC0,2026-05-02 15:00:00,2026-05-02 23:00:00,50,19.0,0,LP Scheduled
2026-05-02,C,4810,1D25114012008QXPC0,2026-05-02 23:00:00,2026-05-03 06:55:00,60,19.0,0,LP Scheduled
2026-04-30,C,4814,CHANGEOVER,2026-04-30 05:38:00,2026-04-30 11:38:00,0,0.0,0,C/O from 1D25215013008SXC10 to 1D25215013008SXC1T
2026-04-30,A,4814,1D25215013008SXC1T,2026-04-30 11:38:00,2026-04-30 15:00:00,20,20.0,0,LP Scheduled
2026-04-30,B,4814,1D25215013008SXC1T,2026-04-30 15:00:00,2026-04-30 23:00:00,48,20.0,0,LP Scheduled
2026-04-30,C,4814,1D25215013008SXC1T,2026-04-30 23:00:00,2026-05-01 07:00:00,48,20.0,0,LP Scheduled
2026-05-01,A,4814,1D25215013008SXC1T,2026-05-01 07:00:00,2026-05-01 15:00:00,48,20.0,0,LP Scheduled
2026-05-01,B,4814,1D25215013008SXC1T,2026-05-01 15:00:00,2026-05-01 23:00:00,48,20.0,0,LP Scheduled
2026-05-01,C,4814,1D25215013008SXC1T,2026-05-01 23:00:00,2026-05-02 07:00:00,48,20.0,0,LP Scheduled
2026-05-02,A,4814,1D25215013008SXC1T,2026-05-02 07:00:00,2026-05-02 15:00:00,48,20.0,0,LP Scheduled
2026-05-02,B,4814,1D25215013008SXC1T,2026-05-02 15:00:00,2026-05-02 23:00:00,48,20.0,0,LP Scheduled
2026-05-02,C,4814,1D25215013008SXC1T,2026-05-02 23:00:00,2026-05-03 06:58:00,48,20.0,0,LP Scheduled
2026-04-09,A,4815,CHANGEOVER,2026-04-09 14:01:00,2026-04-09 20:01:00,0,0.0,0,C/O from 1325219416089VRHE0 to 1D25218Z14008QXPC0
2026-04-09,B,4815,1D25218Z14008QXPC0,2026-04-09 20:01:00,2026-04-09 23:00:00,14,25.0,0,LP Scheduled
2026-04-09,C,4815,1D25218Z14008QXPC0,2026-04-09 23:00:00,2026-04-10 07:00:00,38,25.0,0,LP Scheduled
2026-04-10,A,4815,1D25218Z14008QXPC0,2026-04-10 07:00:00,2026-04-10 08:56:00,10,25.0,0,LP Scheduled
2026-04-29,B,4816,CHANGEOVER,2026-04-29 19:36:00,2026-04-30 01:36:00,0,0.0,0,C/O from 1325221417096HURL0 to 1D25114012008QXPC0
2026-04-30,C,4816,1D25114012008QXPC0,2026-04-30 01:36:00,2026-04-30 07:00:00,34,19.0,0,LP Scheduled
2026-04-30,A,4816,1D25114012008QXPC0,2026-04-30 07:00:00,2026-04-30 15:00:00,50,19.0,0,LP Scheduled
2026-04-30,B,4816,1D25114012008QXPC0,2026-04-30 15:00:00,2026-04-30 23:00:00,50,19.0,0,LP Scheduled
2026-04-30,C,4816,1D25114012008QXPC0,2026-04-30 23:00:00,2026-05-01 07:00:00,50,19.0,0,LP Scheduled
2026-05-01,A,4816,1D25114012008QXPC0,2026-05-01 07:00:00,2026-05-01 15:00:00,50,19.0,0,LP Scheduled
2026-05-01,B,4816,1D25114012008QXPC0,2026-05-01 15:00:00,2026-05-01 23:00:00,50,19.0,0,LP Scheduled
2026-05-01,C,4816,1D25114012008QXPC0,2026-05-01 23:00:00,2026-05-02 07:00:00,50,19.0,0,LP Scheduled
2026-05-02,A,4816,1D25114012008QXPC0,2026-05-02 07:00:00,2026-05-02 15:00:00,50,19.0,0,LP Scheduled
2026-05-02,B,4816,1D25114012008QXPC0,2026-05-02 15:00:00,2026-05-02 23:00:00,50,19.0,0,LP Scheduled
2026-05-02,C,4816,1D25114012008QXPC0,2026-05-02 23:00:00,2026-05-03 06:52:00,54,19.0,0,LP Scheduled
2026-04-05,C,4817,CHANGEOVER,2026-04-05 06:57:00,2026-04-05 12:57:00,0,0.0,0,C/O from 1D25219Z14008SXC10 to 1325224716111SELS0
2026-04-05,A,4817,1325224716111SELS0,2026-04-05 12:57:00,2026-04-05 15:00:00,12,19.0,0,LP Scheduled
2026-04-05,B,4817,1325224716111SELS0,2026-04-05 15:00:00,2026-04-05 23:00:00,50,19.0,0,LP Scheduled
2026-04-05,C,4817,1325224716111SELS0,2026-04-05 23:00:00,2026-04-06 07:00:00,50,19.0,0,LP Scheduled
2026-04-06,A,4817,1325224716111SELS0,2026-04-06 07:00:00,2026-04-06 15:00:00,50,19.0,0,LP Scheduled
2026-04-06,B,4817,1325224716111SELS0,2026-04-06 15:00:00,2026-04-06 23:00:00,50,19.0,0,LP Scheduled
2026-04-06,C,4817,1325224716111SELS0,2026-04-06 23:00:00,2026-04-07 07:00:00,50,19.0,0,LP Scheduled
2026-04-07,A,4817,1325224716111SELS0,2026-04-07 07:00:00,2026-04-07 15:00:00,50,19.0,0,LP Scheduled
2026-04-07,B,4817,1325224716111SELS0,2026-04-07 15:00:00,2026-04-07 23:00:00,50,19.0,0,LP Scheduled
2026-04-07,C,4817,1325224716111SELS0,2026-04-07 23:00:00,2026-04-08 07:00:00,50,19.0,0,LP Scheduled
2026-04-08,A,4817,1325224716111SELS0,2026-04-08 07:00:00,2026-04-08 15:00:00,50,19.0,0,LP Scheduled
2026-04-08,B,4817,1325224716111SELS0,2026-04-08 15:00:00,2026-04-08 23:00:00,50,19.0,0,LP Scheduled
2026-04-08,C,4817,1325224716111SELS0,2026-04-08 23:00:00,2026-04-09 07:00:00,50,19.0,0,LP Scheduled
2026-04-09,A,4817,1325224716111SELS0,2026-04-09 07:00:00,2026-04-09 15:00:00,50,19.0,0,LP Scheduled
2026-04-09,B,4817,1325224716111SELS0,2026-04-09 15:00:00,2026-04-09 23:00:00,50,19.0,0,LP Scheduled
2026-04-09,C,4817,1325224716111SELS0,2026-04-09 23:00:00,2026-04-10 07:00:00,50,19.0,0,LP Scheduled
2026-04-10,A,4817,1325224716111SELS0,2026-04-10 07:00:00,2026-04-10 15:00:00,50,19.0,0,LP Scheduled
2026-04-10,B,4817,1325224716111SELS0,2026-04-10 15:00:00,2026-04-10 23:00:00,50,19.0,0,LP Scheduled
2026-04-10,C,4817,1325224716111SELS0,2026-04-10 23:00:00,2026-04-11 07:00:00,50,19.0,0,LP Scheduled
2026-04-11,A,4817,1325224716111SELS0,2026-04-11 07:00:00,2026-04-11 15:00:00,50,19.0,0,LP Scheduled
2026-04-11,B,4817,1325224716111SELS0,2026-04-11 15:00:00,2026-04-11 23:00:00,50,19.0,0,LP Scheduled
2026-04-11,C,4817,1325224716111SELS0,2026-04-11 23:00:00,2026-04-12 07:00:00,50,19.0,0,LP Scheduled
2026-04-12,A,4817,1325224716111SELS0,2026-04-12 07:00:00,2026-04-12 15:00:00,50,19.0,0,LP Scheduled
2026-04-12,B,4817,1325224716111SELS0,2026-04-12 15:00:00,2026-04-12 23:00:00,50,19.0,0,LP Scheduled
2026-04-12,C,4817,1325224716111SELS0,2026-04-12 23:00:00,2026-04-13 07:00:00,50,19.0,0,LP Scheduled
2026-04-13,A,4817,1325224716111SELS0,2026-04-13 07:00:00,2026-04-13 15:00:00,50,19.0,0,LP Scheduled
2026-04-13,B,4817,1325224716111SELS0,2026-04-13 15:00:00,2026-04-13 23:00:00,50,19.0,0,LP Scheduled
2026-04-13,C,4817,1325224716111SELS0,2026-04-13 23:00:00,2026-04-14 07:00:00,50,19.0,0,LP Scheduled
2026-04-14,A,4817,1325224716111SELS0,2026-04-14 07:00:00,2026-04-14 15:00:00,50,19.0,0,LP Scheduled
2026-04-14,B,4817,1325224716111SELS0,2026-04-14 15:00:00,2026-04-14 23:00:00,50,19.0,0,LP Scheduled
2026-04-14,C,4817,1325224716111SELS0,2026-04-14 23:00:00,2026-04-15 07:00:00,50,19.0,0,LP Scheduled
2026-04-15,A,4817,1325224716111SELS0,2026-04-15 07:00:00,2026-04-15 15:00:00,50,19.0,0,LP Scheduled
2026-04-15,B,4817,1325224716111SELS0,2026-04-15 15:00:00,2026-04-15 23:00:00,50,19.0,0,LP Scheduled
2026-04-15,C,4817,1325224716111SELS0,2026-04-15 23:00:00,2026-04-16 07:00:00,50,19.0,0,LP Scheduled
2026-04-16,A,4817,1325224716111SELS0,2026-04-16 07:00:00,2026-04-16 15:00:00,50,19.0,0,LP Scheduled
2026-04-16,B,4817,1325224716111SELS0,2026-04-16 15:00:00,2026-04-16 23:00:00,50,19.0,0,LP Scheduled
2026-04-16,C,4817,1325224716111SELS0,2026-04-16 23:00:00,2026-04-17 07:00:00,50,19.0,0,LP Scheduled
2026-04-17,A,4817,1325224716111SELS0,2026-04-17 07:00:00,2026-04-17 15:00:00,50,19.0,0,LP Scheduled
2026-04-17,B,4817,1325224716111SELS0,2026-04-17 15:00:00,2026-04-17 23:00:00,50,19.0,0,LP Scheduled
2026-04-17,C,4817,1325224716111SELS0,2026-04-17 23:00:00,2026-04-18 07:00:00,50,19.0,0,LP Scheduled
2026-04-18,A,4817,1325224716111SELS0,2026-04-18 07:00:00,2026-04-18 15:00:00,50,19.0,0,LP Scheduled
2026-04-18,B,4817,1325224716111SELS0,2026-04-18 15:00:00,2026-04-18 23:00:00,50,19.0,0,LP Scheduled
2026-04-18,C,4817,1325224716111SELS0,2026-04-18 23:00:00,2026-04-19 07:00:00,50,19.0,0,LP Scheduled
2026-04-19,A,4817,1325224716111SELS0,2026-04-19 07:00:00,2026-04-19 15:00:00,50,19.0,0,LP Scheduled
2026-04-19,B,4817,1325224716111SELS0,2026-04-19 15:00:00,2026-04-19 23:00:00,50,19.0,0,LP Scheduled
2026-04-19,C,4817,1325224716111SELS0,2026-04-19 23:00:00,2026-04-20 07:00:00,50,19.0,0,LP Scheduled
2026-04-20,A,4817,1325224716111SELS0,2026-04-20 07:00:00,2026-04-20 15:00:00,50,19.0,0,LP Scheduled
2026-04-20,B,4817,1325224716111SELS0,2026-04-20 15:00:00,2026-04-20 23:00:00,50,19.0,0,LP Scheduled
2026-04-20,C,4817,1325224716111SELS0,2026-04-20 23:00:00,2026-04-21 07:00:00,50,19.0,0,LP Scheduled
2026-04-21,A,4817,1325224716111SELS0,2026-04-21 07:00:00,2026-04-21 15:00:00,50,19.0,0,LP Scheduled
2026-04-21,B,4817,1325224716111SELS0,2026-04-21 15:00:00,2026-04-21 23:00:00,50,19.0,0,LP Scheduled
2026-04-21,C,4817,1325224716111SELS0,2026-04-21 23:00:00,2026-04-22 07:00:00,50,19.0,0,LP Scheduled
2026-04-22,A,4817,1325224716111SELS0,2026-04-22 07:00:00,2026-04-22 15:00:00,50,19.0,0,LP Scheduled
2026-04-22,B,4817,1325224716111SELS0,2026-04-22 15:00:00,2026-04-22 23:00:00,50,19.0,0,LP Scheduled
2026-04-22,C,4817,1325224716111SELS0,2026-04-22 23:00:00,2026-04-23 07:00:00,50,19.0,0,LP Scheduled
2026-04-23,A,4817,1325224716111SELS0,2026-04-23 07:00:00,2026-04-23 15:00:00,50,19.0,0,LP Scheduled
2026-04-23,B,4817,1325224716111SELS0,2026-04-23 15:00:00,2026-04-23 23:00:00,50,19.0,0,LP Scheduled
2026-04-23,C,4817,1325224716111SELS0,2026-04-23 23:00:00,2026-04-24 07:00:00,50,19.0,0,LP Scheduled
2026-04-24,A,4817,1325224716111SELS0,2026-04-24 07:00:00,2026-04-24 15:00:00,50,19.0,0,LP Scheduled
2026-04-24,B,4817,1325224716111SELS0,2026-04-24 15:00:00,2026-04-24 23:00:00,50,19.0,0,LP Scheduled
2026-04-24,C,4817,1325224716111SELS0,2026-04-24 23:00:00,2026-04-25 07:00:00,50,19.0,0,LP Scheduled
2026-04-25,A,4817,1325224716111SELS0,2026-04-25 07:00:00,2026-04-25 15:00:00,50,19.0,0,LP Scheduled
2026-04-25,B,4817,1325224716111SELS0,2026-04-25 15:00:00,2026-04-25 23:00:00,50,19.0,0,LP Scheduled
2026-04-25,C,4817,1325224716111SELS0,2026-04-25 23:00:00,2026-04-26 07:00:00,50,19.0,0,LP Scheduled
2026-04-26,A,4817,1325224716111SELS0,2026-04-26 07:00:00,2026-04-26 15:00:00,50,19.0,0,LP Scheduled
2026-04-26,B,4817,1325224716111SELS0,2026-04-26 15:00:00,2026-04-26 23:00:00,50,19.0,0,LP Scheduled
2026-04-26,C,4817,1325224716111SELS0,2026-04-26 23:00:00,2026-04-27 07:00:00,50,19.0,0,LP Scheduled
2026-04-27,A,4817,1325224716111SELS0,2026-04-27 07:00:00,2026-04-27 15:00:00,50,19.0,0,LP Scheduled
2026-04-27,B,4817,1325224716111SELS0,2026-04-27 15:00:00,2026-04-27 23:00:00,50,19.0,0,LP Scheduled
2026-04-27,C,4817,1325224716111SELS0,2026-04-27 23:00:00,2026-04-28 07:00:00,50,19.0,0,LP Scheduled
2026-04-28,A,4817,1325224716111SELS0,2026-04-28 07:00:00,2026-04-28 15:00:00,50,19.0,0,LP Scheduled
2026-04-28,B,4817,1325224716111SELS0,2026-04-28 15:00:00,2026-04-28 23:00:00,50,19.0,0,LP Scheduled
2026-04-28,C,4817,1325224716111SELS0,2026-04-28 23:00:00,2026-04-29 07:00:00,50,19.0,0,LP Scheduled
2026-04-29,A,4817,1325224716111SELS0,2026-04-29 07:00:00,2026-04-29 15:00:00,50,19.0,0,LP Scheduled
2026-04-29,B,4817,1325224716111SELS0,2026-04-29 15:00:00,2026-04-29 23:00:00,50,19.0,0,LP Scheduled
2026-04-29,C,4817,1325224716111SELS0,2026-04-29 23:00:00,2026-04-30 07:00:00,50,19.0,0,LP Scheduled
2026-04-30,A,4817,1325224716111SELS0,2026-04-30 07:00:00,2026-04-30 15:00:00,50,19.0,0,LP Scheduled
2026-04-30,B,4817,1325224716111SELS0,2026-04-30 15:00:00,2026-04-30 23:00:00,50,19.0,0,LP Scheduled
2026-04-30,C,4817,1325224716111SELS0,2026-04-30 23:00:00,2026-05-01 07:00:00,50,19.0,0,LP Scheduled
2026-05-01,A,4817,1325224716111SELS0,2026-05-01 07:00:00,2026-05-01 15:00:00,50,19.0,0,LP Scheduled
2026-05-01,B,4817,1325224716111SELS0,2026-05-01 15:00:00,2026-05-01 23:00:00,50,19.0,0,LP Scheduled
2026-05-01,C,4817,1325224716111SELS0,2026-05-01 23:00:00,2026-05-02 07:00:00,50,19.0,0,LP Scheduled
2026-05-02,A,4817,1325224716111SELS0,2026-05-02 07:00:00,2026-05-02 15:00:00,50,19.0,0,LP Scheduled
2026-05-02,B,4817,1325224716111SELS0,2026-05-02 15:00:00,2026-05-02 23:00:00,50,19.0,0,LP Scheduled
2026-05-02,C,4817,1325224716111SELS0,2026-05-02 23:00:00,2026-05-03 06:54:00,94,19.0,0,LP Scheduled
2026-04-30,A,4818,CHANGEOVER,2026-04-30 08:38:00,2026-04-30 14:38:00,0,0.0,0,C/O from 1D25215013008SXC10 to 1D25215013008SXC1T
2026-04-30,A,4818,1D25215013008SXC1T,2026-04-30 14:38:00,2026-04-30 15:00:00,2,20.0,0,LP Scheduled
2026-04-30,B,4818,1D25215013008SXC1T,2026-04-30 15:00:00,2026-04-30 23:00:00,48,20.0,0,LP Scheduled
2026-04-30,C,4818,1D25215013008SXC1T,2026-04-30 23:00:00,2026-05-01 07:00:00,48,20.0,0,LP Scheduled
2026-05-01,A,4818,1D25215013008SXC1T,2026-05-01 07:00:00,2026-05-01 15:00:00,48,20.0,0,LP Scheduled
2026-05-01,B,4818,1D25215013008SXC1T,2026-05-01 15:00:00,2026-05-01 23:00:00,48,20.0,0,LP Scheduled
2026-05-01,C,4818,1D25215013008SXC1T,2026-05-01 23:00:00,2026-05-02 07:00:00,48,20.0,0,LP Scheduled
2026-05-02,A,4818,1D25215013008SXC1T,2026-05-02 07:00:00,2026-05-02 15:00:00,48,20.0,0,LP Scheduled
2026-05-02,B,4818,1D25215013008SXC1T,2026-05-02 15:00:00,2026-05-02 23:00:00,48,20.0,0,LP Scheduled
2026-05-02,C,4818,1D25215013008SXC1T,2026-05-02 23:00:00,2026-05-03 06:58:00,48,20.0,0,LP Scheduled
2026-04-30,A,4825,CHANGEOVER,2026-04-30 08:38:00,2026-04-30 14:38:00,0,0.0,0,C/O from 1D25215013008SXC10 to 1D25215013008SXC1T
2026-04-30,A,4825,1D25215013008SXC1T,2026-04-30 14:38:00,2026-04-30 15:00:00,2,20.0,0,LP Scheduled
2026-04-30,B,4825,1D25215013008SXC1T,2026-04-30 15:00:00,2026-04-30 23:00:00,48,20.0,0,LP Scheduled
2026-04-30,C,4825,1D25215013008SXC1T,2026-04-30 23:00:00,2026-05-01 07:00:00,48,20.0,0,LP Scheduled
2026-05-01,A,4825,1D25215013008SXC1T,2026-05-01 07:00:00,2026-05-01 15:00:00,48,20.0,0,LP Scheduled
2026-05-01,B,4825,1D25215013008SXC1T,2026-05-01 15:00:00,2026-05-01 23:00:00,48,20.0,0,LP Scheduled
2026-05-01,C,4825,1D25215013008SXC1T,2026-05-01 23:00:00,2026-05-02 07:00:00,48,20.0,0,LP Scheduled
2026-05-02,A,4825,1D25215013008SXC1T,2026-05-02 07:00:00,2026-05-02 15:00:00,48,20.0,0,LP Scheduled
2026-05-02,B,4825,1D25215013008SXC1T,2026-05-02 15:00:00,2026-05-02 23:00:00,48,20.0,0,LP Scheduled
2026-05-02,C,4825,1D25215013008SXC1T,2026-05-02 23:00:00,2026-05-03 06:58:00,48,20.0,0,LP Scheduled
2026-04-29,B,4829,CHANGEOVER,2026-04-29 16:36:00,2026-04-29 22:36:00,0,0.0,0,C/O from 1325221417096HURL0 to 1325221416095VURP0
2026-04-29,B,4829,1325221416095VURP0,2026-04-29 22:36:00,2026-04-29 23:00:00,2,15.0,0,LP Scheduled
2026-04-29,C,4829,1325221416095VURP0,2026-04-29 23:00:00,2026-04-30 07:00:00,64,15.0,0,LP Scheduled
2026-04-30,A,4829,1325221416095VURP0,2026-04-30 07:00:00,2026-04-30 15:00:00,64,15.0,0,LP Scheduled
2026-04-30,B,4829,1325221416095VURP0,2026-04-30 15:00:00,2026-04-30 23:00:00,64,15.0,0,LP Scheduled
2026-04-30,C,4829,1325221416095VURP0,2026-04-30 23:00:00,2026-05-01 07:00:00,64,15.0,0,LP Scheduled
2026-05-01,A,4829,1325221416095VURP0,2026-05-01 07:00:00,2026-05-01 15:00:00,64,15.0,0,LP Scheduled
2026-05-01,B,4829,1325221416095VURP0,2026-05-01 15:00:00,2026-05-01 23:00:00,64,15.0,0,LP Scheduled
2026-05-01,C,4829,1325221416095VURP0,2026-05-01 23:00:00,2026-05-02 07:00:00,64,15.0,0,LP Scheduled
2026-05-02,A,4829,1325221416095VURP0,2026-05-02 07:00:00,2026-05-02 15:00:00,64,15.0,0,LP Scheduled
2026-05-02,B,4829,1325221416095VURP0,2026-05-02 15:00:00,2026-05-02 23:00:00,64,15.0,0,LP Scheduled
2026-05-02,C,4829,1325221416095VURP0,2026-05-02 23:00:00,2026-05-03 06:51:00,64,15.0,0,LP Scheduled
2026-04-30,B,4831,CHANGEOVER,2026-04-30 15:00:00,2026-04-30 21:00:00,0,0.0,0,C/O from 1D25215013008SXC10 to 1D25215013008SXC1T
2026-04-30,B,4831,1D25215013008SXC1T,2026-04-30 21:00:00,2026-04-30 23:00:00,12,20.0,0,LP Scheduled
2026-04-30,C,4831,1D25215013008SXC1T,2026-04-30 23:00:00,2026-05-01 07:00:00,48,20.0,0,LP Scheduled
2026-05-01,A,4831,1D25215013008SXC1T,2026-05-01 07:00:00,2026-05-01 15:00:00,48,20.0,0,LP Scheduled
2026-05-01,B,4831,1D25215013008SXC1T,2026-05-01 15:00:00,2026-05-01 23:00:00,48,20.0,0,LP Scheduled
2026-05-01,C,4831,1D25215013008SXC1T,2026-05-01 23:00:00,2026-05-02 07:00:00,48,20.0,0,LP Scheduled
2026-05-02,A,4831,1D25215013008SXC1T,2026-05-02 07:00:00,2026-05-02 15:00:00,48,20.0,0,LP Scheduled
2026-05-02,B,4831,1D25215013008SXC1T,2026-05-02 15:00:00,2026-05-02 23:00:00,48,20.0,0,LP Scheduled
2026-05-02,C,4831,1D25215013008SXC1T,2026-05-02 23:00:00,2026-05-03 07:00:00,48,20.0,0,LP Scheduled
2026-04-09,A,4833,CHANGEOVER,2026-04-09 09:08:00,2026-04-09 15:08:00,0,0.0,0,C/O from 1325220416092HRHT0 to 1D25114012008QXPC0
2026-04-09,B,4833,1D25114012008QXPC0,2026-04-09 15:08:00,2026-04-09 23:00:00,48,19.0,0,LP Scheduled
2026-04-09,C,4833,1D25114012008QXPC0,2026-04-09 23:00:00,2026-04-10 07:00:00,50,19.0,0,LP Scheduled
2026-04-10,A,4833,1D25114012008QXPC0,2026-04-10 07:00:00,2026-04-10 15:00:00,50,19.0,0,LP Scheduled
2026-04-10,B,4833,1D25114012008QXPC0,2026-04-10 15:00:00,2026-04-10 23:00:00,50,19.0,0,LP Scheduled
2026-04-10,C,4833,1D25114012008QXPC0,2026-04-10 23:00:00,2026-04-11 07:00:00,50,19.0,0,LP Scheduled
2026-04-11,A,4833,1D25114012008QXPC0,2026-04-11 07:00:00,2026-04-11 15:00:00,50,19.0,0,LP Scheduled
2026-04-11,B,4833,1D25114012008QXPC0,2026-04-11 15:00:00,2026-04-11 23:00:00,50,19.0,0,LP Scheduled
2026-04-11,C,4833,1D25114012008QXPC0,2026-04-11 23:00:00,2026-04-12 07:00:00,50,19.0,0,LP Scheduled
2026-04-12,A,4833,1D25114012008QXPC0,2026-04-12 07:00:00,2026-04-12 15:00:00,50,19.0,0,LP Scheduled
2026-04-12,B,4833,1D25114012008QXPC0,2026-04-12 15:00:00,2026-04-12 23:00:00,50,19.0,0,LP Scheduled
2026-04-12,C,4833,1D25114012008QXPC0,2026-04-12 23:00:00,2026-04-13 07:00:00,50,19.0,0,LP Scheduled
2026-04-13,A,4833,1D25114012008QXPC0,2026-04-13 07:00:00,2026-04-13 15:00:00,50,19.0,0,LP Scheduled
2026-04-13,B,4833,1D25114012008QXPC0,2026-04-13 15:00:00,2026-04-13 23:00:00,50,19.0,0,LP Scheduled
2026-04-13,C,4833,1D25114012008QXPC0,2026-04-13 23:00:00,2026-04-14 07:00:00,50,19.0,0,LP Scheduled
2026-04-14,A,4833,1D25114012008QXPC0,2026-04-14 07:00:00,2026-04-14 15:00:00,50,19.0,0,LP Scheduled
2026-04-14,B,4833,1D25114012008QXPC0,2026-04-14 15:00:00,2026-04-14 23:00:00,50,19.0,0,LP Scheduled
2026-04-14,C,4833,1D25114012008QXPC0,2026-04-14 23:00:00,2026-04-15 07:00:00,50,19.0,0,LP Scheduled
2026-04-15,A,4833,1D25114012008QXPC0,2026-04-15 07:00:00,2026-04-15 15:00:00,50,19.0,0,LP Scheduled
2026-04-15,B,4833,1D25114012008QXPC0,2026-04-15 15:00:00,2026-04-15 23:00:00,50,19.0,0,LP Scheduled
2026-04-15,C,4833,1D25114012008QXPC0,2026-04-15 23:00:00,2026-04-16 07:00:00,50,19.0,0,LP Scheduled
2026-04-16,A,4833,1D25114012008QXPC0,2026-04-16 07:00:00,2026-04-16 15:00:00,50,19.0,0,LP Scheduled
2026-04-16,B,4833,1D25114012008QXPC0,2026-04-16 15:00:00,2026-04-16 23:00:00,50,19.0,0,LP Scheduled
2026-04-16,C,4833,1D25114012008QXPC0,2026-04-16 23:00:00,2026-04-17 07:00:00,50,19.0,0,LP Scheduled
2026-04-17,A,4833,1D25114012008QXPC0,2026-04-17 07:00:00,2026-04-17 15:00:00,50,19.0,0,LP Scheduled
2026-04-17,B,4833,1D25114012008QXPC0,2026-04-17 15:00:00,2026-04-17 23:00:00,50,19.0,0,LP Scheduled
2026-04-17,C,4833,1D25114012008QXPC0,2026-04-17 23:00:00,2026-04-18 07:00:00,50,19.0,0,LP Scheduled
2026-04-18,A,4833,1D25114012008QXPC0,2026-04-18 07:00:00,2026-04-18 15:00:00,50,19.0,0,LP Scheduled
2026-04-18,B,4833,1D25114012008QXPC0,2026-04-18 15:00:00,2026-04-18 23:00:00,50,19.0,0,LP Scheduled
2026-04-18,C,4833,1D25114012008QXPC0,2026-04-18 23:00:00,2026-04-19 07:00:00,50,19.0,0,LP Scheduled
2026-04-19,A,4833,1D25114012008QXPC0,2026-04-19 07:00:00,2026-04-19 15:00:00,50,19.0,0,LP Scheduled
2026-04-19,B,4833,1D25114012008QXPC0,2026-04-19 15:00:00,2026-04-19 23:00:00,50,19.0,0,LP Scheduled
2026-04-19,C,4833,1D25114012008QXPC0,2026-04-19 23:00:00,2026-04-20 07:00:00,50,19.0,0,LP Scheduled
2026-04-20,A,4833,1D25114012008QXPC0,2026-04-20 07:00:00,2026-04-20 15:00:00,50,19.0,0,LP Scheduled
2026-04-20,B,4833,1D25114012008QXPC0,2026-04-20 15:00:00,2026-04-20 23:00:00,50,19.0,0,LP Scheduled
2026-04-20,C,4833,1D25114012008QXPC0,2026-04-20 23:00:00,2026-04-21 07:00:00,50,19.0,0,LP Scheduled
2026-04-21,A,4833,1D25114012008QXPC0,2026-04-21 07:00:00,2026-04-21 15:00:00,50,19.0,0,LP Scheduled
2026-04-21,B,4833,1D25114012008QXPC0,2026-04-21 15:00:00,2026-04-21 23:00:00,50,19.0,0,LP Scheduled
2026-04-21,C,4833,1D25114012008QXPC0,2026-04-21 23:00:00,2026-04-22 07:00:00,50,19.0,0,LP Scheduled
2026-04-22,A,4833,1D25114012008QXPC0,2026-04-22 07:00:00,2026-04-22 15:00:00,50,19.0,0,LP Scheduled
2026-04-22,B,4833,1D25114012008QXPC0,2026-04-22 15:00:00,2026-04-22 23:00:00,50,19.0,0,LP Scheduled
2026-04-22,C,4833,1D25114012008QXPC0,2026-04-22 23:00:00,2026-04-23 07:00:00,50,19.0,0,LP Scheduled
2026-04-23,A,4833,1D25114012008QXPC0,2026-04-23 07:00:00,2026-04-23 15:00:00,50,19.0,0,LP Scheduled
2026-04-23,B,4833,1D25114012008QXPC0,2026-04-23 15:00:00,2026-04-23 23:00:00,50,19.0,0,LP Scheduled
2026-04-23,C,4833,1D25114012008QXPC0,2026-04-23 23:00:00,2026-04-24 07:00:00,50,19.0,0,LP Scheduled
2026-04-24,A,4833,1D25114012008QXPC0,2026-04-24 07:00:00,2026-04-24 15:00:00,50,19.0,0,LP Scheduled
2026-04-24,B,4833,1D25114012008QXPC0,2026-04-24 15:00:00,2026-04-24 23:00:00,50,19.0,0,LP Scheduled
2026-04-24,C,4833,1D25114012008QXPC0,2026-04-24 23:00:00,2026-04-25 07:00:00,50,19.0,0,LP Scheduled
2026-04-25,A,4833,1D25114012008QXPC0,2026-04-25 07:00:00,2026-04-25 15:00:00,50,19.0,0,LP Scheduled
2026-04-25,B,4833,1D25114012008QXPC0,2026-04-25 15:00:00,2026-04-25 23:00:00,50,19.0,0,LP Scheduled
2026-04-25,C,4833,1D25114012008QXPC0,2026-04-25 23:00:00,2026-04-26 01:04:00,40,19.0,0,LP Scheduled
2026-05-02,B,4835,CHANGEOVER,2026-05-02 15:00:00,2026-05-02 21:00:00,0,0.0,0,C/O from 1D25215013008SXC10 to 1D25218Z14008QXPC0
2026-05-02,B,4835,1D25218Z14008QXPC0,2026-05-02 21:00:00,2026-05-02 23:00:00,8,25.0,0,LP Scheduled
2026-05-02,C,4835,1D25218Z14008QXPC0,2026-05-02 23:00:00,2026-05-03 07:00:00,40,25.0,0,LP Scheduled
2026-05-02,B,4836,CHANGEOVER,2026-05-02 15:00:00,2026-05-02 21:00:00,0,0.0,0,C/O from 1D25215013008SXC10 to 1D25218Z14008QXPC0
2026-05-02,B,4836,1D25218Z14008QXPC0,2026-05-02 21:00:00,2026-05-02 23:00:00,8,25.0,0,LP Scheduled
2026-05-02,C,4836,1D25218Z14008QXPC0,2026-05-02 23:00:00,2026-05-03 07:00:00,40,25.0,0,LP Scheduled
2026-04-09,A,4837,CHANGEOVER,2026-04-09 09:08:00,2026-04-09 15:08:00,0,0.0,0,C/O from 1325220416092HRHT0 to 1D25114012008QXPC0
2026-04-09,B,4837,1D25114012008QXPC0,2026-04-09 15:08:00,2026-04-09 23:00:00,48,19.0,0,LP Scheduled
2026-04-09,C,4837,1D25114012008QXPC0,2026-04-09 23:00:00,2026-04-10 03:29:00,30,19.0,0,LP Scheduled
2026-04-29,B,4841,CHANGEOVER,2026-04-29 19:36:00,2026-04-30 01:36:00,0,0.0,0,C/O from 1325221417096HURL0 to 1325224716111SELS0
2026-04-30,C,4841,1325224716111SELS0,2026-04-30 01:36:00,2026-04-30 07:00:00,34,19.0,0,LP Scheduled
2026-04-30,A,4841,1325224716111SELS0,2026-04-30 07:00:00,2026-04-30 15:00:00,50,19.0,0,LP Scheduled
2026-04-30,B,4841,1325224716111SELS0,2026-04-30 15:00:00,2026-04-30 23:00:00,50,19.0,0,LP Scheduled
2026-04-30,C,4841,1325224716111SELS0,2026-04-30 23:00:00,2026-05-01 07:00:00,50,19.0,0,LP Scheduled
2026-05-01,A,4841,1325224716111SELS0,2026-05-01 07:00:00,2026-05-01 15:00:00,50,19.0,0,LP Scheduled
2026-05-01,B,4841,1325224716111SELS0,2026-05-01 15:00:00,2026-05-01 23:00:00,50,19.0,0,LP Scheduled
2026-05-01,C,4841,1325224716111SELS0,2026-05-01 23:00:00,2026-05-02 07:00:00,50,19.0,0,LP Scheduled
2026-05-02,A,4841,1325224716111SELS0,2026-05-02 07:00:00,2026-05-02 15:00:00,50,19.0,0,LP Scheduled
2026-05-02,B,4841,1325224716111SELS0,2026-05-02 15:00:00,2026-05-02 23:00:00,50,19.0,0,LP Scheduled
2026-05-02,C,4841,1325224716111SELS0,2026-05-02 23:00:00,2026-05-03 06:52:00,54,19.0,0,LP Scheduled
2026-04-30,C,4844,CHANGEOVER,2026-04-30 05:38:00,2026-04-30 11:38:00,0,0.0,0,C/O from 1D25215013008SXC10 to 1D25215013008SXC1T
2026-04-30,A,4844,1D25215013008SXC1T,2026-04-30 11:38:00,2026-04-30 15:00:00,20,20.0,0,LP Scheduled
2026-04-30,B,4844,1D25215013008SXC1T,2026-04-30 15:00:00,2026-04-30 23:00:00,48,20.0,0,LP Scheduled
2026-04-30,C,4844,1D25215013008SXC1T,2026-04-30 23:00:00,2026-05-01 07:00:00,48,20.0,0,LP Scheduled
2026-05-01,A,4844,1D25215013008SXC1T,2026-05-01 07:00:00,2026-05-01 15:00:00,48,20.0,0,LP Scheduled
2026-05-01,B,4844,1D25215013008SXC1T,2026-05-01 15:00:00,2026-05-01 23:00:00,48,20.0,0,LP Scheduled
2026-05-01,C,4844,1D25215013008SXC1T,2026-05-01 23:00:00,2026-05-02 07:00:00,48,20.0,0,LP Scheduled
2026-05-02,A,4844,1D25215013008SXC1T,2026-05-02 07:00:00,2026-05-02 15:00:00,48,20.0,0,LP Scheduled
2026-05-02,B,4844,1D25215013008SXC1T,2026-05-02 15:00:00,2026-05-02 23:00:00,48,20.0,0,LP Scheduled
2026-05-02,C,4844,1D25215013008SXC1T,2026-05-02 23:00:00,2026-05-03 06:58:00,48,20.0,0,LP Scheduled
2026-04-30,C,4845,CHANGEOVER,2026-04-30 05:38:00,2026-04-30 11:38:00,0,0.0,0,C/O from 1D25215013008SXC10 to 1D25215013008SXC1T
2026-04-30,A,4845,1D25215013008SXC1T,2026-04-30 11:38:00,2026-04-30 15:00:00,20,20.0,0,LP Scheduled
2026-04-30,B,4845,1D25215013008SXC1T,2026-04-30 15:00:00,2026-04-30 23:00:00,48,20.0,0,LP Scheduled
2026-04-30,C,4845,1D25215013008SXC1T,2026-04-30 23:00:00,2026-05-01 07:00:00,48,20.0,0,LP Scheduled
2026-05-01,A,4845,1D25215013008SXC1T,2026-05-01 07:00:00,2026-05-01 15:00:00,48,20.0,0,LP Scheduled
2026-05-01,B,4845,1D25215013008SXC1T,2026-05-01 15:00:00,2026-05-01 23:00:00,48,20.0,0,LP Scheduled
2026-05-01,C,4845,1D25215013008SXC1T,2026-05-01 23:00:00,2026-05-02 07:00:00,48,20.0,0,LP Scheduled
2026-05-02,A,4845,1D25215013008SXC1T,2026-05-02 07:00:00,2026-05-02 15:00:00,48,20.0,0,LP Scheduled
2026-05-02,B,4845,1D25215013008SXC1T,2026-05-02 15:00:00,2026-05-02 23:00:00,48,20.0,0,LP Scheduled
2026-05-02,C,4845,1D25215013008SXC1T,2026-05-02 23:00:00,2026-05-03 06:58:00,48,20.0,0,LP Scheduled
2026-04-23,C,4849,CHANGEOVER,2026-04-23 06:42:00,2026-04-23 12:42:00,0,0.0,0,C/O from 1225219Z15008SXC11 to 1325216612077TUSP0
2026-04-23,A,4849,1325216612077TUSP0,2026-04-23 12:42:00,2026-04-23 15:00:00,16,16.0,0,LP Scheduled
2026-04-23,B,4849,1325216612077TUSP0,2026-04-23 15:00:00,2026-04-23 23:00:00,60,16.0,0,LP Scheduled
2026-04-23,C,4849,1325216612077TUSP0,2026-04-23 23:00:00,2026-04-24 07:00:00,60,16.0,0,LP Scheduled
2026-04-24,A,4849,1325216612077TUSP0,2026-04-24 07:00:00,2026-04-24 15:00:00,60,16.0,0,LP Scheduled
2026-04-24,B,4849,1325216612077TUSP0,2026-04-24 15:00:00,2026-04-24 23:00:00,60,16.0,0,LP Scheduled
2026-04-24,C,4849,1325216612077TUSP0,2026-04-24 23:00:00,2026-04-25 07:00:00,60,16.0,0,LP Scheduled
2026-04-25,A,4849,1325216612077TUSP0,2026-04-25 07:00:00,2026-04-25 15:00:00,60,16.0,0,LP Scheduled
2026-04-25,B,4849,1325216612077TUSP0,2026-04-25 15:00:00,2026-04-25 23:00:00,60,16.0,0,LP Scheduled
2026-04-25,C,4849,1325216612077TUSP0,2026-04-25 23:00:00,2026-04-26 07:00:00,60,16.0,0,LP Scheduled
2026-04-26,A,4849,1325216612077TUSP0,2026-04-26 07:00:00,2026-04-26 15:00:00,60,16.0,0,LP Scheduled
2026-04-26,B,4849,1325216612077TUSP0,2026-04-26 15:00:00,2026-04-26 23:00:00,60,16.0,0,LP Scheduled
2026-04-26,C,4849,1325216612077TUSP0,2026-04-26 23:00:00,2026-04-27 07:00:00,60,16.0,0,LP Scheduled
2026-04-27,A,4849,1325216612077TUSP0,2026-04-27 07:00:00,2026-04-27 15:00:00,60,16.0,0,LP Scheduled
2026-04-27,B,4849,1325216612077TUSP0,2026-04-27 15:00:00,2026-04-27 23:00:00,60,16.0,0,LP Scheduled
2026-04-27,C,4849,1325216612077TUSP0,2026-04-27 23:00:00,2026-04-28 07:00:00,60,16.0,0,LP Scheduled
2026-04-28,A,4849,1325216612077TUSP0,2026-04-28 07:00:00,2026-04-28 15:00:00,60,16.0,0,LP Scheduled
2026-04-28,B,4849,1325216612077TUSP0,2026-04-28 15:00:00,2026-04-28 23:00:00,60,16.0,0,LP Scheduled
2026-04-28,C,4849,1325216612077TUSP0,2026-04-28 23:00:00,2026-04-29 03:54:00,38,16.0,0,LP Scheduled
2026-04-05,C,4850,CHANGEOVER,2026-04-05 06:57:00,2026-04-05 12:57:00,0,0.0,0,C/O from 1D25219Z14008SXC10 to 1D25218Z14008QXPC0
2026-04-05,A,4850,1D25218Z14008QXPC0,2026-04-05 12:57:00,2026-04-05 15:00:00,8,25.0,0,LP Scheduled
2026-04-05,B,4850,1D25218Z14008QXPC0,2026-04-05 15:00:00,2026-04-05 23:00:00,38,25.0,0,LP Scheduled
2026-04-05,C,4850,1D25218Z14008QXPC0,2026-04-05 23:00:00,2026-04-06 07:00:00,38,25.0,0,LP Scheduled
2026-04-06,A,4850,1D25218Z14008QXPC0,2026-04-06 07:00:00,2026-04-06 15:00:00,38,25.0,0,LP Scheduled
2026-04-06,B,4850,1D25218Z14008QXPC0,2026-04-06 15:00:00,2026-04-06 23:00:00,38,25.0,0,LP Scheduled
2026-04-06,C,4850,1D25218Z14008QXPC0,2026-04-06 23:00:00,2026-04-07 07:00:00,38,25.0,0,LP Scheduled
2026-04-07,A,4850,1D25218Z14008QXPC0,2026-04-07 07:00:00,2026-04-07 15:00:00,38,25.0,0,LP Scheduled
2026-04-07,B,4850,1D25218Z14008QXPC0,2026-04-07 15:00:00,2026-04-07 23:00:00,38,25.0,0,LP Scheduled
2026-04-07,C,4850,1D25218Z14008QXPC0,2026-04-07 23:00:00,2026-04-08 07:00:00,38,25.0,0,LP Scheduled
2026-04-08,A,4850,1D25218Z14008QXPC0,2026-04-08 07:00:00,2026-04-08 15:00:00,38,25.0,0,LP Scheduled
2026-04-08,B,4850,1D25218Z14008QXPC0,2026-04-08 15:00:00,2026-04-08 23:00:00,38,25.0,0,LP Scheduled
2026-04-08,C,4850,1D25218Z14008QXPC0,2026-04-08 23:00:00,2026-04-09 07:00:00,38,25.0,0,LP Scheduled
2026-04-09,A,4850,1D25218Z14008QXPC0,2026-04-09 07:00:00,2026-04-09 15:00:00,38,25.0,0,LP Scheduled
2026-04-09,B,4850,1D25218Z14008QXPC0,2026-04-09 15:00:00,2026-04-09 23:00:00,38,25.0,0,LP Scheduled
2026-04-09,C,4850,1D25218Z14008QXPC0,2026-04-09 23:00:00,2026-04-10 07:00:00,38,25.0,0,LP Scheduled
2026-04-10,A,4850,1D25218Z14008QXPC0,2026-04-10 07:00:00,2026-04-10 15:00:00,38,25.0,0,LP Scheduled
2026-04-10,B,4850,1D25218Z14008QXPC0,2026-04-10 15:00:00,2026-04-10 23:00:00,38,25.0,0,LP Scheduled
2026-04-10,C,4850,1D25218Z14008QXPC0,2026-04-10 23:00:00,2026-04-11 07:00:00,38,25.0,0,LP Scheduled
2026-04-11,A,4850,1D25218Z14008QXPC0,2026-04-11 07:00:00,2026-04-11 15:00:00,38,25.0,0,LP Scheduled
2026-04-11,B,4850,1D25218Z14008QXPC0,2026-04-11 15:00:00,2026-04-11 23:00:00,38,25.0,0,LP Scheduled
2026-04-11,C,4850,1D25218Z14008QXPC0,2026-04-11 23:00:00,2026-04-12 07:00:00,38,25.0,0,LP Scheduled
2026-04-12,A,4850,1D25218Z14008QXPC0,2026-04-12 07:00:00,2026-04-12 15:00:00,38,25.0,0,LP Scheduled
2026-04-12,B,4850,1D25218Z14008QXPC0,2026-04-12 15:00:00,2026-04-12 23:00:00,38,25.0,0,LP Scheduled
2026-04-12,C,4850,1D25218Z14008QXPC0,2026-04-12 23:00:00,2026-04-13 07:00:00,38,25.0,0,LP Scheduled
2026-04-13,A,4850,1D25218Z14008QXPC0,2026-04-13 07:00:00,2026-04-13 15:00:00,38,25.0,0,LP Scheduled
2026-04-13,B,4850,1D25218Z14008QXPC0,2026-04-13 15:00:00,2026-04-13 23:00:00,38,25.0,0,LP Scheduled
2026-04-13,C,4850,1D25218Z14008QXPC0,2026-04-13 23:00:00,2026-04-14 07:00:00,38,25.0,0,LP Scheduled
2026-04-14,A,4850,1D25218Z14008QXPC0,2026-04-14 07:00:00,2026-04-14 15:00:00,38,25.0,0,LP Scheduled
2026-04-14,B,4850,1D25218Z14008QXPC0,2026-04-14 15:00:00,2026-04-14 23:00:00,38,25.0,0,LP Scheduled
2026-04-14,C,4850,1D25218Z14008QXPC0,2026-04-14 23:00:00,2026-04-15 07:00:00,38,25.0,0,LP Scheduled
2026-04-15,A,4850,1D25218Z14008QXPC0,2026-04-15 07:00:00,2026-04-15 15:00:00,38,25.0,0,LP Scheduled
2026-04-15,B,4850,1D25218Z14008QXPC0,2026-04-15 15:00:00,2026-04-15 23:00:00,38,25.0,0,LP Scheduled
2026-04-15,C,4850,1D25218Z14008QXPC0,2026-04-15 23:00:00,2026-04-16 07:00:00,38,25.0,0,LP Scheduled
2026-04-16,A,4850,1D25218Z14008QXPC0,2026-04-16 07:00:00,2026-04-16 15:00:00,38,25.0,0,LP Scheduled
2026-04-16,B,4850,1D25218Z14008QXPC0,2026-04-16 15:00:00,2026-04-16 18:57:00,34,25.0,0,LP Scheduled
2026-05-01,A,4852,CHANGEOVER,2026-05-01 07:00:00,2026-05-01 13:00:00,0,0.0,0,C/O from 1D25215013008SXC10 to 1D25215013008SXC1T
2026-05-01,A,4852,1D25215013008SXC1T,2026-05-01 13:00:00,2026-05-01 15:00:00,12,20.0,0,LP Scheduled
2026-05-01,B,4852,1D25215013008SXC1T,2026-05-01 15:00:00,2026-05-01 23:00:00,48,20.0,0,LP Scheduled
2026-05-01,C,4852,1D25215013008SXC1T,2026-05-01 23:00:00,2026-05-02 07:00:00,48,20.0,0,LP Scheduled
2026-05-02,A,4852,1D25215013008SXC1T,2026-05-02 07:00:00,2026-05-02 15:00:00,48,20.0,0,LP Scheduled
2026-05-02,B,4852,1D25215013008SXC1T,2026-05-02 15:00:00,2026-05-02 23:00:00,48,20.0,0,LP Scheduled
2026-05-02,C,4852,1D25215013008SXC1T,2026-05-02 23:00:00,2026-05-03 07:00:00,48,20.0,0,LP Scheduled
2026-04-10,B,5201,CHANGEOVER,2026-04-10 18:00:00,2026-04-11 00:00:00,0,0.0,0,C/O from 1325218316083HURL0 to 1D25215013008SXC1T
2026-04-11,C,5201,1D25215013008SXC1T,2026-04-11 00:00:00,2026-04-11 07:00:00,42,20.0,0,LP Scheduled
2026-04-11,A,5201,1D25215013008SXC1T,2026-04-11 07:00:00,2026-04-11 15:00:00,48,20.0,0,LP Scheduled
2026-04-11,B,5201,1D25215013008SXC1T,2026-04-11 15:00:00,2026-04-11 23:00:00,48,20.0,0,LP Scheduled
2026-04-11,C,5201,1D25215013008SXC1T,2026-04-11 23:00:00,2026-04-12 07:00:00,48,20.0,0,LP Scheduled
2026-04-12,A,5201,1D25215013008SXC1T,2026-04-12 07:00:00,2026-04-12 15:00:00,48,20.0,0,LP Scheduled
2026-04-12,B,5201,1D25215013008SXC1T,2026-04-12 15:00:00,2026-04-12 23:00:00,48,20.0,0,LP Scheduled
2026-04-12,C,5201,1D25215013008SXC1T,2026-04-12 23:00:00,2026-04-13 07:00:00,48,20.0,0,LP Scheduled
2026-04-13,A,5201,1D25215013008SXC1T,2026-04-13 07:00:00,2026-04-13 15:00:00,48,20.0,0,LP Scheduled
2026-04-13,B,5201,1D25215013008SXC1T,2026-04-13 15:00:00,2026-04-13 23:00:00,48,20.0,0,LP Scheduled
2026-04-13,C,5201,1D25215013008SXC1T,2026-04-13 23:00:00,2026-04-14 07:00:00,48,20.0,0,LP Scheduled
2026-04-14,A,5201,1D25215013008SXC1T,2026-04-14 07:00:00,2026-04-14 15:00:00,48,20.0,0,LP Scheduled
2026-04-14,B,5201,1D25215013008SXC1T,2026-04-14 15:00:00,2026-04-14 23:00:00,48,20.0,0,LP Scheduled
2026-04-14,C,5201,1D25215013008SXC1T,2026-04-14 23:00:00,2026-04-15 07:00:00,48,20.0,0,LP Scheduled
2026-04-15,A,5201,1D25215013008SXC1T,2026-04-15 07:00:00,2026-04-15 15:00:00,48,20.0,0,LP Scheduled
2026-04-15,B,5201,1D25215013008SXC1T,2026-04-15 15:00:00,2026-04-15 23:00:00,48,20.0,0,LP Scheduled
2026-04-15,C,5201,1D25215013008SXC1T,2026-04-15 23:00:00,2026-04-16 07:00:00,48,20.0,0,LP Scheduled
2026-04-16,A,5201,1D25215013008SXC1T,2026-04-16 07:00:00,2026-04-16 15:00:00,48,20.0,0,LP Scheduled
2026-04-16,B,5201,1D25215013008SXC1T,2026-04-16 15:00:00,2026-04-16 23:00:00,48,20.0,0,LP Scheduled
2026-04-16,C,5201,1D25215013008SXC1T,2026-04-16 23:00:00,2026-04-17 07:00:00,48,20.0,0,LP Scheduled
2026-04-17,A,5201,1D25215013008SXC1T,2026-04-17 07:00:00,2026-04-17 15:00:00,48,20.0,0,LP Scheduled
2026-04-17,B,5201,1D25215013008SXC1T,2026-04-17 15:00:00,2026-04-17 23:00:00,48,20.0,0,LP Scheduled
2026-04-17,C,5201,1D25215013008SXC1T,2026-04-17 23:00:00,2026-04-18 07:00:00,48,20.0,0,LP Scheduled
2026-04-18,A,5201,1D25215013008SXC1T,2026-04-18 07:00:00,2026-04-18 15:00:00,48,20.0,0,LP Scheduled
2026-04-18,B,5201,1D25215013008SXC1T,2026-04-18 15:00:00,2026-04-18 23:00:00,48,20.0,0,LP Scheduled
2026-04-18,C,5201,1D25215013008SXC1T,2026-04-18 23:00:00,2026-04-19 07:00:00,48,20.0,0,LP Scheduled
2026-04-19,A,5201,1D25215013008SXC1T,2026-04-19 07:00:00,2026-04-19 15:00:00,48,20.0,0,LP Scheduled
2026-04-19,B,5201,1D25215013008SXC1T,2026-04-19 15:00:00,2026-04-19 23:00:00,48,20.0,0,LP Scheduled
2026-04-19,C,5201,1D25215013008SXC1T,2026-04-19 23:00:00,2026-04-20 07:00:00,48,20.0,0,LP Scheduled
2026-04-20,A,5201,1D25215013008SXC1T,2026-04-20 07:00:00,2026-04-20 15:00:00,48,20.0,0,LP Scheduled
2026-04-20,B,5201,1D25215013008SXC1T,2026-04-20 15:00:00,2026-04-20 23:00:00,48,20.0,0,LP Scheduled
2026-04-20,C,5201,1D25215013008SXC1T,2026-04-20 23:00:00,2026-04-21 07:00:00,48,20.0,0,LP Scheduled
2026-04-21,A,5201,1D25215013008SXC1T,2026-04-21 07:00:00,2026-04-21 15:00:00,48,20.0,0,LP Scheduled
2026-04-21,B,5201,1D25215013008SXC1T,2026-04-21 15:00:00,2026-04-21 23:00:00,48,20.0,0,LP Scheduled
2026-04-21,C,5201,1D25215013008SXC1T,2026-04-21 23:00:00,2026-04-22 07:00:00,48,20.0,0,LP Scheduled
2026-04-22,A,5201,1D25215013008SXC1T,2026-04-22 07:00:00,2026-04-22 15:00:00,48,20.0,0,LP Scheduled
2026-04-22,B,5201,1D25215013008SXC1T,2026-04-22 15:00:00,2026-04-22 23:00:00,48,20.0,0,LP Scheduled
2026-04-22,C,5201,1D25215013008SXC1T,2026-04-22 23:00:00,2026-04-23 07:00:00,48,20.0,0,LP Scheduled
2026-04-23,A,5201,1D25215013008SXC1T,2026-04-23 07:00:00,2026-04-23 15:00:00,48,20.0,0,LP Scheduled
2026-04-23,B,5201,1D25215013008SXC1T,2026-04-23 15:00:00,2026-04-23 23:00:00,48,20.0,0,LP Scheduled
2026-04-23,C,5201,1D25215013008SXC1T,2026-04-23 23:00:00,2026-04-24 07:00:00,48,20.0,0,LP Scheduled
2026-04-24,A,5201,1D25215013008SXC1T,2026-04-24 07:00:00,2026-04-24 15:00:00,48,20.0,0,LP Scheduled
2026-04-24,B,5201,1D25215013008SXC1T,2026-04-24 15:00:00,2026-04-24 23:00:00,48,20.0,0,LP Scheduled
2026-04-24,C,5201,1D25215013008SXC1T,2026-04-24 23:00:00,2026-04-25 07:00:00,48,20.0,0,LP Scheduled
2026-04-25,A,5201,1D25215013008SXC1T,2026-04-25 07:00:00,2026-04-25 15:00:00,48,20.0,0,LP Scheduled
2026-04-25,B,5201,1D25215013008SXC1T,2026-04-25 15:00:00,2026-04-25 23:00:00,48,20.0,0,LP Scheduled
2026-04-25,C,5201,1D25215013008SXC1T,2026-04-25 23:00:00,2026-04-26 07:00:00,48,20.0,0,LP Scheduled
2026-04-26,A,5201,1D25215013008SXC1T,2026-04-26 07:00:00,2026-04-26 15:00:00,48,20.0,0,LP Scheduled
2026-04-26,B,5201,1D25215013008SXC1T,2026-04-26 15:00:00,2026-04-26 23:00:00,48,20.0,0,LP Scheduled
2026-04-26,C,5201,1D25215013008SXC1T,2026-04-26 23:00:00,2026-04-27 07:00:00,48,20.0,0,LP Scheduled
2026-04-27,A,5201,1D25215013008SXC1T,2026-04-27 07:00:00,2026-04-27 15:00:00,48,20.0,0,LP Scheduled
2026-04-27,B,5201,1D25215013008SXC1T,2026-04-27 15:00:00,2026-04-27 23:00:00,48,20.0,0,LP Scheduled
2026-04-27,C,5201,1D25215013008SXC1T,2026-04-27 23:00:00,2026-04-28 07:00:00,48,20.0,0,LP Scheduled
2026-04-28,A,5201,1D25215013008SXC1T,2026-04-28 07:00:00,2026-04-28 15:00:00,48,20.0,0,LP Scheduled
2026-04-28,B,5201,1D25215013008SXC1T,2026-04-28 15:00:00,2026-04-28 23:00:00,48,20.0,0,LP Scheduled
2026-04-28,C,5201,1D25215013008SXC1T,2026-04-28 23:00:00,2026-04-29 07:00:00,48,20.0,0,LP Scheduled
2026-04-29,A,5201,1D25215013008SXC1T,2026-04-29 07:00:00,2026-04-29 15:00:00,48,20.0,0,LP Scheduled
2026-04-29,B,5201,1D25215013008SXC1T,2026-04-29 15:00:00,2026-04-29 23:00:00,48,20.0,0,LP Scheduled
2026-04-29,C,5201,1D25215013008SXC1T,2026-04-29 23:00:00,2026-04-30 07:00:00,48,20.0,0,LP Scheduled
2026-04-30,A,5201,1D25215013008SXC1T,2026-04-30 07:00:00,2026-04-30 15:00:00,48,20.0,0,LP Scheduled
2026-04-30,B,5201,1D25215013008SXC1T,2026-04-30 15:00:00,2026-04-30 23:00:00,48,20.0,0,LP Scheduled
2026-04-30,C,5201,1D25215013008SXC1T,2026-04-30 23:00:00,2026-05-01 07:00:00,48,20.0,0,LP Scheduled
2026-05-01,A,5201,1D25215013008SXC1T,2026-05-01 07:00:00,2026-05-01 15:00:00,48,20.0,0,LP Scheduled
2026-05-01,B,5201,1D25215013008SXC1T,2026-05-01 15:00:00,2026-05-01 23:00:00,48,20.0,0,LP Scheduled
2026-05-01,C,5201,1D25215013008SXC1T,2026-05-01 23:00:00,2026-05-02 07:00:00,48,20.0,0,LP Scheduled
2026-05-02,A,5201,1D25215013008SXC1T,2026-05-02 07:00:00,2026-05-02 15:00:00,48,20.0,0,LP Scheduled
2026-05-02,B,5201,1D25215013008SXC1T,2026-05-02 15:00:00,2026-05-02 23:00:00,48,20.0,0,LP Scheduled
2026-05-02,C,5201,1D25215013008SXC1T,2026-05-02 23:00:00,2026-05-03 07:00:00,48,20.0,0,LP Scheduled
2026-04-28,B,5202,CHANGEOVER,2026-04-28 16:15:00,2026-04-28 22:15:00,0,0.0,0,C/O from 1325219515091HURL2 to 1325218514086HUTR0
2026-04-28,B,5202,1325218514086HUTR0,2026-04-28 22:15:00,2026-04-28 23:00:00,6,14.0,0,LP Scheduled
2026-04-28,C,5202,1325218514086HUTR0,2026-04-28 23:00:00,2026-04-29 07:00:00,68,14.0,0,LP Scheduled
2026-04-29,A,5202,1325218514086HUTR0,2026-04-29 07:00:00,2026-04-29 15:00:00,68,14.0,0,LP Scheduled
2026-04-29,B,5202,1325218514086HUTR0,2026-04-29 15:00:00,2026-04-29 23:00:00,68,14.0,0,LP Scheduled
2026-04-29,C,5202,1325218514086HUTR0,2026-04-29 23:00:00,2026-04-30 07:00:00,68,14.0,0,LP Scheduled
2026-04-30,A,5202,1325218514086HUTR0,2026-04-30 07:00:00,2026-04-30 15:00:00,68,14.0,0,LP Scheduled
2026-04-30,B,5202,1325218514086HUTR0,2026-04-30 15:00:00,2026-04-30 23:00:00,68,14.0,0,LP Scheduled
2026-04-30,C,5202,1325218514086HUTR0,2026-04-30 23:00:00,2026-05-01 07:00:00,68,14.0,0,LP Scheduled
2026-05-01,A,5202,1325218514086HUTR0,2026-05-01 07:00:00,2026-05-01 15:00:00,68,14.0,0,LP Scheduled
2026-05-01,B,5202,1325218514086HUTR0,2026-05-01 15:00:00,2026-05-01 23:00:00,68,14.0,0,LP Scheduled
2026-05-01,C,5202,1325218514086HUTR0,2026-05-01 23:00:00,2026-05-02 07:00:00,68,14.0,0,LP Scheduled
2026-05-02,A,5202,1325218514086HUTR0,2026-05-02 07:00:00,2026-05-02 15:00:00,68,14.0,0,LP Scheduled
2026-05-02,B,5202,1325218514086HUTR0,2026-05-02 15:00:00,2026-05-02 23:00:00,68,14.0,0,LP Scheduled
2026-05-02,C,5202,1325218514086HUTR0,2026-05-02 23:00:00,2026-05-03 06:47:00,74,14.0,0,LP Scheduled
2026-04-27,A,5203,CHANGEOVER,2026-04-27 12:00:00,2026-04-27 18:00:00,0,0.0,0,C/O from 1325217515084HURL2 to 1325215813079TUNE5
2026-04-27,B,5203,1325215813079TUNE5,2026-04-27 18:00:00,2026-04-27 23:00:00,34,17.0,0,LP Scheduled
2026-04-27,C,5203,1325215813079TUNE5,2026-04-27 23:00:00,2026-04-28 07:00:00,56,17.0,0,LP Scheduled
2026-04-28,A,5203,1325215813079TUNE5,2026-04-28 07:00:00,2026-04-28 15:00:00,56,17.0,0,LP Scheduled
2026-04-28,B,5203,1325215813079TUNE5,2026-04-28 15:00:00,2026-04-28 23:00:00,56,17.0,0,LP Scheduled
2026-04-28,C,5203,1325215813079TUNE5,2026-04-28 23:00:00,2026-04-29 07:00:00,56,17.0,0,LP Scheduled
2026-04-29,A,5203,1325215813079TUNE5,2026-04-29 07:00:00,2026-04-29 15:00:00,56,17.0,0,LP Scheduled
2026-04-29,B,5203,1325215813079TUNE5,2026-04-29 15:00:00,2026-04-29 23:00:00,56,17.0,0,LP Scheduled
2026-04-29,C,5203,1325215813079TUNE5,2026-04-29 23:00:00,2026-04-30 07:00:00,56,17.0,0,LP Scheduled
2026-04-30,A,5203,1325215813079TUNE5,2026-04-30 07:00:00,2026-04-30 15:00:00,56,17.0,0,LP Scheduled
2026-04-30,B,5203,1325215813079TUNE5,2026-04-30 15:00:00,2026-04-30 23:00:00,56,17.0,0,LP Scheduled
2026-04-30,C,5203,1325215813079TUNE5,2026-04-30 23:00:00,2026-05-01 07:00:00,56,17.0,0,LP Scheduled
2026-05-01,A,5203,1325215813079TUNE5,2026-05-01 07:00:00,2026-05-01 13:14:00,50,17.0,0,LP Scheduled
2026-05-01,C,5203,CHANGEOVER,2026-05-01 23:00:00,2026-05-02 05:00:00,0,0.0,0,C/O from 1325215813079TUNE5 to 1325218514086HUTR0
2026-05-02,C,5203,1325218514086HUTR0,2026-05-02 05:00:00,2026-05-02 07:00:00,16,14.0,0,LP Scheduled
2026-05-02,A,5203,1325218514086HUTR0,2026-05-02 07:00:00,2026-05-02 15:00:00,68,14.0,0,LP Scheduled
2026-05-02,B,5203,1325218514086HUTR0,2026-05-02 15:00:00,2026-05-02 23:00:00,68,14.0,0,LP Scheduled
2026-05-02,C,5203,1325218514086HUTR0,2026-05-02 23:00:00,2026-05-03 06:54:00,70,14.0,0,LP Scheduled
2026-04-27,C,6009,CHANGEOVER,2026-04-27 03:08:00,2026-04-27 09:08:00,0,0.0,0,C/O from 1325215813079TUNE3 to 1D25216814008QXPC0
2026-04-27,A,6009,1D25216814008QXPC0,2026-04-27 09:08:00,2026-04-27 15:00:00,34,20.0,0,LP Scheduled
2026-04-27,B,6009,1D25216814008QXPC0,2026-04-27 15:00:00,2026-04-27 23:00:00,48,20.0,0,LP Scheduled
2026-04-27,C,6009,1D25216814008QXPC0,2026-04-27 23:00:00,2026-04-28 07:00:00,48,20.0,0,LP Scheduled
2026-04-28,A,6009,1D25216814008QXPC0,2026-04-28 07:00:00,2026-04-28 15:00:00,48,20.0,0,LP Scheduled
2026-04-28,B,6009,1D25216814008QXPC0,2026-04-28 15:00:00,2026-04-28 23:00:00,48,20.0,0,LP Scheduled
2026-04-28,C,6009,1D25216814008QXPC0,2026-04-28 23:00:00,2026-04-29 07:00:00,48,20.0,0,LP Scheduled
2026-04-29,A,6009,1D25216814008QXPC0,2026-04-29 07:00:00,2026-04-29 11:48:00,30,20.0,0,LP Scheduled
2026-04-29,A,6009,CHANGEOVER,2026-04-29 11:48:00,2026-04-29 17:48:00,0,0.0,0,C/O from 1D25216814008QXPC0 to 1325221318095HURL0
2026-04-29,B,6009,1325221318095HURL0,2026-04-29 17:48:00,2026-04-29 23:00:00,32,19.0,0,LP Scheduled
2026-04-29,C,6009,1325221318095HURL0,2026-04-29 23:00:00,2026-04-30 00:27:00,10,19.0,0,LP Scheduled
2026-04-03 00:00:00,A,3609,1D25214012008QXPCT,2026-04-03 07:00:00,2026-04-03 15:00:00,44,22.0,0,Continuity (2-mould press)
2026-04-03 00:00:00,B,3609,1D25214012008QXPCT,2026-04-03 15:00:00,2026-04-03 23:00:00,44,22.0,0,Continuity (2-mould press)
2026-04-03 00:00:00,C,3609,1D25214012008QXPCT,2026-04-03 23:00:00,2026-04-04 07:00:00,44,22.0,0,Continuity (2-mould press)
2026-04-04 00:00:00,A,3609,1D25214012008QXPCT,2026-04-04 07:00:00,2026-04-04 15:00:00,44,22.0,0,Continuity (2-mould press)
2026-04-04 00:00:00,B,3609,1D25214012008QXPCT,2026-04-04 15:00:00,2026-04-04 23:00:00,44,22.0,0,Continuity (2-mould press)
2026-04-04 00:00:00,C,3609,1D25214012008QXPCT,2026-04-04 23:00:00,2026-04-05 07:00:00,44,22.0,0,Continuity (2-mould press)
2026-04-05 00:00:00,A,3609,1D25214012008QXPCT,2026-04-05 07:00:00,2026-04-05 15:00:00,44,22.0,0,Continuity (2-mould press)
2026-04-05 00:00:00,B,3609,1D25214012008QXPCT,2026-04-05 15:00:00,2026-04-05 23:00:00,44,22.0,0,Continuity (2-mould press)
2026-04-05 00:00:00,C,3609,1D25214012008QXPCT,2026-04-05 23:00:00,2026-04-06 07:00:00,44,22.0,0,Continuity (2-mould press)
2026-04-06 00:00:00,A,3609,1D25214012008QXPCT,2026-04-06 07:00:00,2026-04-06 15:00:00,44,22.0,0,Continuity (2-mould press)
2026-04-06 00:00:00,B,3609,1D25214012008QXPCT,2026-04-06 15:00:00,2026-04-06 23:00:00,44,22.0,0,Continuity (2-mould press)
2026-04-06 00:00:00,C,3609,1D25214012008QXPCT,2026-04-06 23:00:00,2026-04-07 07:00:00,44,22.0,0,Continuity (2-mould press)
2026-04-07 00:00:00,A,3609,1D25214012008QXPCT,2026-04-07 07:00:00,2026-04-07 15:00:00,44,22.0,0,Continuity (2-mould press)
2026-04-07 00:00:00,B,3609,1D25214012008QXPCT,2026-04-07 15:00:00,2026-04-07 23:00:00,44,22.0,0,Continuity (2-mould press)
2026-04-07 00:00:00,C,3609,1D25214012008QXPCT,2026-04-07 23:00:00,2026-04-08 07:00:00,44,22.0,0,Continuity (2-mould press)
2026-04-08 00:00:00,A,3609,1D25214012008QXPCT,2026-04-08 07:00:00,2026-04-08 15:00:00,44,22.0,0,Continuity (2-mould press)
2026-04-08 00:00:00,B,3609,1D25214012008QXPCT,2026-04-08 15:00:00,2026-04-08 23:00:00,44,22.0,0,Continuity (2-mould press)
2026-04-08 00:00:00,C,3609,1D25214012008QXPCT,2026-04-08 23:00:00,2026-04-09 07:00:00,44,22.0,0,Continuity (2-mould press)
2026-04-09 00:00:00,A,3609,1D25214012008QXPCT,2026-04-09 07:00:00,2026-04-09 15:00:00,44,22.0,0,Continuity (2-mould press)
2026-04-09 00:00:00,B,3609,1D25214012008QXPCT,2026-04-09 15:00:00,2026-04-09 23:00:00,44,22.0,0,Continuity (2-mould press)
2026-04-09 00:00:00,C,3609,1D25214012008QXPCT,2026-04-09 23:00:00,2026-04-10 07:00:00,44,22.0,0,Continuity (2-mould press)
2026-04-10 00:00:00,A,3609,1D25214012008QXPCT,2026-04-10 07:00:00,2026-04-10 15:00:00,44,22.0,0,Continuity (2-mould press)
2026-04-10 00:00:00,B,3609,1D25214012008QXPCT,2026-04-10 15:00:00,2026-04-10 23:00:00,44,22.0,0,Continuity (2-mould press)
2026-04-10 00:00:00,C,3609,1D25214012008QXPCT,2026-04-10 23:00:00,2026-04-11 07:00:00,44,22.0,0,Continuity (2-mould press)
2026-04-11 00:00:00,A,3609,1D25214012008QXPCT,2026-04-11 07:00:00,2026-04-11 15:00:00,44,22.0,0,Continuity (2-mould press)
2026-04-11 00:00:00,B,3609,1D25214012008QXPCT,2026-04-11 15:00:00,2026-04-11 23:00:00,44,22.0,0,Continuity (2-mould press)
2026-04-11 00:00:00,C,3609,1D25214012008QXPCT,2026-04-11 23:00:00,2026-04-12 07:00:00,44,22.0,0,Continuity (2-mould press)
2026-04-12 00:00:00,A,3609,1D25214012008QXPCT,2026-04-12 07:00:00,2026-04-12 15:00:00,44,22.0,0,Continuity (2-mould press)
2026-04-12 00:00:00,B,3609,1D25214012008QXPCT,2026-04-12 15:00:00,2026-04-12 23:00:00,44,22.0,0,Continuity (2-mould press)
2026-04-12 00:00:00,C,3609,1D25214012008QXPCT,2026-04-12 23:00:00,2026-04-13 07:00:00,44,22.0,0,Continuity (2-mould press)
2026-04-13 00:00:00,A,3609,1D25214012008QXPCT,2026-04-13 07:00:00,2026-04-13 15:00:00,44,22.0,0,Continuity (2-mould press)
2026-04-13 00:00:00,B,3609,1D25214012008QXPCT,2026-04-13 15:00:00,2026-04-13 23:00:00,44,22.0,0,Continuity (2-mould press)
2026-04-13 00:00:00,C,3609,1D25214012008QXPCT,2026-04-13 23:00:00,2026-04-14 07:00:00,44,22.0,0,Continuity (2-mould press)
2026-04-14 00:00:00,A,3609,1D25214012008QXPCT,2026-04-14 07:00:00,2026-04-14 15:00:00,44,22.0,0,Continuity (2-mould press)
2026-04-14 00:00:00,B,3609,1D25214012008QXPCT,2026-04-14 15:00:00,2026-04-14 23:00:00,44,22.0,0,Continuity (2-mould press)
2026-04-14 00:00:00,C,3609,1D25214012008QXPCT,2026-04-14 23:00:00,2026-04-15 07:00:00,44,22.0,0,Continuity (2-mould press)
2026-04-15 00:00:00,A,3609,1D25214012008QXPCT,2026-04-15 07:00:00,2026-04-15 15:00:00,44,22.0,0,Continuity (2-mould press)
2026-04-15 00:00:00,B,3609,1D25214012008QXPCT,2026-04-15 15:00:00,2026-04-15 23:00:00,44,22.0,0,Continuity (2-mould press)
2026-04-15 00:00:00,C,3609,1D25214012008QXPCT,2026-04-15 23:00:00,2026-04-16 07:00:00,44,22.0,0,Continuity (2-mould press)
2026-04-16 00:00:00,A,3609,1D25214012008QXPCT,2026-04-16 07:00:00,2026-04-16 15:00:00,44,22.0,0,Continuity (2-mould press)
2026-04-16 00:00:00,B,3609,1D25214012008QXPCT,2026-04-16 15:00:00,2026-04-16 23:00:00,44,22.0,0,Continuity (2-mould press)
2026-04-16 00:00:00,C,3609,1D25214012008QXPCT,2026-04-16 23:00:00,2026-04-17 07:00:00,44,22.0,0,Continuity (2-mould press)
2026-04-17 00:00:00,A,3609,1D25214012008QXPCT,2026-04-17 07:00:00,2026-04-17 15:00:00,44,22.0,0,Continuity (2-mould press)
2026-04-17 00:00:00,B,3609,1D25214012008QXPCT,2026-04-17 15:00:00,2026-04-17 23:00:00,44,22.0,0,Continuity (2-mould press)
2026-04-17 00:00:00,C,3609,1D25214012008QXPCT,2026-04-17 23:00:00,2026-04-18 07:00:00,44,22.0,0,Continuity (2-mould press)
2026-04-18 00:00:00,A,3609,1D25214012008QXPCT,2026-04-18 07:00:00,2026-04-18 15:00:00,44,22.0,0,Continuity (2-mould press)
2026-04-18 00:00:00,B,3609,1D25214012008QXPCT,2026-04-18 15:00:00,2026-04-18 23:00:00,44,22.0,0,Continuity (2-mould press)
2026-04-18 00:00:00,C,3609,1D25214012008QXPCT,2026-04-18 23:00:00,2026-04-19 07:00:00,44,22.0,0,Continuity (2-mould press)
2026-04-19 00:00:00,A,3609,1D25214012008QXPCT,2026-04-19 07:00:00,2026-04-19 15:00:00,44,22.0,0,Continuity (2-mould press)
2026-04-19 00:00:00,B,3609,1D25214012008QXPCT,2026-04-19 15:00:00,2026-04-19 21:12:00,34,22.0,0,Continuity (2-mould press)
2026-04-03 00:00:00,A,3610,1D25214012008QXPCT,2026-04-03 07:00:00,2026-04-03 15:00:00,44,22.0,0,Continuity (2-mould press)
2026-04-03 00:00:00,B,3610,1D25214012008QXPCT,2026-04-03 15:00:00,2026-04-03 23:00:00,44,22.0,0,Continuity (2-mould press)
2026-04-03 00:00:00,C,3610,1D25214012008QXPCT,2026-04-03 23:00:00,2026-04-04 07:00:00,44,22.0,0,Continuity (2-mould press)
2026-04-04 00:00:00,A,3610,1D25214012008QXPCT,2026-04-04 07:00:00,2026-04-04 15:00:00,44,22.0,0,Continuity (2-mould press)
2026-04-04 00:00:00,B,3610,1D25214012008QXPCT,2026-04-04 15:00:00,2026-04-04 23:00:00,44,22.0,0,Continuity (2-mould press)
2026-04-04 00:00:00,C,3610,1D25214012008QXPCT,2026-04-04 23:00:00,2026-04-05 07:00:00,44,22.0,0,Continuity (2-mould press)
2026-04-05 00:00:00,A,3610,1D25214012008QXPCT,2026-04-05 07:00:00,2026-04-05 15:00:00,44,22.0,0,Continuity (2-mould press)
2026-04-05 00:00:00,B,3610,1D25214012008QXPCT,2026-04-05 15:00:00,2026-04-05 23:00:00,44,22.0,0,Continuity (2-mould press)
2026-04-05 00:00:00,C,3610,1D25214012008QXPCT,2026-04-05 23:00:00,2026-04-06 07:00:00,44,22.0,0,Continuity (2-mould press)
2026-04-06 00:00:00,A,3610,1D25214012008QXPCT,2026-04-06 07:00:00,2026-04-06 15:00:00,44,22.0,0,Continuity (2-mould press)
2026-04-06 00:00:00,B,3610,1D25214012008QXPCT,2026-04-06 15:00:00,2026-04-06 23:00:00,44,22.0,0,Continuity (2-mould press)
2026-04-06 00:00:00,C,3610,1D25214012008QXPCT,2026-04-06 23:00:00,2026-04-07 07:00:00,44,22.0,0,Continuity (2-mould press)
2026-04-07 00:00:00,A,3610,1D25214012008QXPCT,2026-04-07 07:00:00,2026-04-07 15:00:00,44,22.0,0,Continuity (2-mould press)
2026-04-07 00:00:00,B,3610,1D25214012008QXPCT,2026-04-07 15:00:00,2026-04-07 23:00:00,44,22.0,0,Continuity (2-mould press)
2026-04-07 00:00:00,C,3610,1D25214012008QXPCT,2026-04-07 23:00:00,2026-04-08 07:00:00,44,22.0,0,Continuity (2-mould press)
2026-04-08 00:00:00,A,3610,1D25214012008QXPCT,2026-04-08 07:00:00,2026-04-08 15:00:00,44,22.0,0,Continuity (2-mould press)
2026-04-08 00:00:00,B,3610,1D25214012008QXPCT,2026-04-08 15:00:00,2026-04-08 23:00:00,44,22.0,0,Continuity (2-mould press)
2026-04-08 00:00:00,C,3610,1D25214012008QXPCT,2026-04-08 23:00:00,2026-04-09 07:00:00,44,22.0,0,Continuity (2-mould press)
2026-04-09 00:00:00,A,3610,1D25214012008QXPCT,2026-04-09 07:00:00,2026-04-09 15:00:00,44,22.0,0,Continuity (2-mould press)
2026-04-09 00:00:00,B,3610,1D25214012008QXPCT,2026-04-09 15:00:00,2026-04-09 23:00:00,44,22.0,0,Continuity (2-mould press)
2026-04-09 00:00:00,C,3610,1D25214012008QXPCT,2026-04-09 23:00:00,2026-04-10 07:00:00,44,22.0,0,Continuity (2-mould press)
2026-04-10 00:00:00,A,3610,1D25214012008QXPCT,2026-04-10 07:00:00,2026-04-10 15:00:00,44,22.0,0,Continuity (2-mould press)
2026-04-10 00:00:00,B,3610,1D25214012008QXPCT,2026-04-10 15:00:00,2026-04-10 23:00:00,44,22.0,0,Continuity (2-mould press)
2026-04-10 00:00:00,C,3610,1D25214012008QXPCT,2026-04-10 23:00:00,2026-04-11 07:00:00,44,22.0,0,Continuity (2-mould press)
2026-04-11 00:00:00,A,3610,1D25214012008QXPCT,2026-04-11 07:00:00,2026-04-11 15:00:00,44,22.0,0,Continuity (2-mould press)
2026-04-11 00:00:00,B,3610,1D25214012008QXPCT,2026-04-11 15:00:00,2026-04-11 23:00:00,44,22.0,0,Continuity (2-mould press)
2026-04-11 00:00:00,C,3610,1D25214012008QXPCT,2026-04-11 23:00:00,2026-04-12 07:00:00,44,22.0,0,Continuity (2-mould press)
2026-04-12 00:00:00,A,3610,1D25214012008QXPCT,2026-04-12 07:00:00,2026-04-12 15:00:00,44,22.0,0,Continuity (2-mould press)
2026-04-12 00:00:00,B,3610,1D25214012008QXPCT,2026-04-12 15:00:00,2026-04-12 23:00:00,44,22.0,0,Continuity (2-mould press)
2026-04-12 00:00:00,C,3610,1D25214012008QXPCT,2026-04-12 23:00:00,2026-04-13 07:00:00,44,22.0,0,Continuity (2-mould press)
2026-04-13 00:00:00,A,3610,1D25214012008QXPCT,2026-04-13 07:00:00,2026-04-13 15:00:00,44,22.0,0,Continuity (2-mould press)
2026-04-13 00:00:00,B,3610,1D25214012008QXPCT,2026-04-13 15:00:00,2026-04-13 23:00:00,44,22.0,0,Continuity (2-mould press)
2026-04-13 00:00:00,C,3610,1D25214012008QXPCT,2026-04-13 23:00:00,2026-04-14 07:00:00,44,22.0,0,Continuity (2-mould press)
2026-04-14 00:00:00,A,3610,1D25214012008QXPCT,2026-04-14 07:00:00,2026-04-14 15:00:00,44,22.0,0,Continuity (2-mould press)
2026-04-14 00:00:00,B,3610,1D25214012008QXPCT,2026-04-14 15:00:00,2026-04-14 23:00:00,44,22.0,0,Continuity (2-mould press)
2026-04-14 00:00:00,C,3610,1D25214012008QXPCT,2026-04-14 23:00:00,2026-04-15 07:00:00,44,22.0,0,Continuity (2-mould press)
2026-04-15 00:00:00,A,3610,1D25214012008QXPCT,2026-04-15 07:00:00,2026-04-15 15:00:00,44,22.0,0,Continuity (2-mould press)
2026-04-15 00:00:00,B,3610,1D25214012008QXPCT,2026-04-15 15:00:00,2026-04-15 23:00:00,44,22.0,0,Continuity (2-mould press)
2026-04-15 00:00:00,C,3610,1D25214012008QXPCT,2026-04-15 23:00:00,2026-04-16 07:00:00,44,22.0,0,Continuity (2-mould press)
2026-04-16 00:00:00,A,3610,1D25214012008QXPCT,2026-04-16 07:00:00,2026-04-16 15:00:00,44,22.0,0,Continuity (2-mould press)
2026-04-16 00:00:00,B,3610,1D25214012008QXPCT,2026-04-16 15:00:00,2026-04-16 23:00:00,44,22.0,0,Continuity (2-mould press)
2026-04-16 00:00:00,C,3610,1D25214012008QXPCT,2026-04-16 23:00:00,2026-04-17 07:00:00,44,22.0,0,Continuity (2-mould press)
2026-04-17 00:00:00,A,3610,1D25214012008QXPCT,2026-04-17 07:00:00,2026-04-17 15:00:00,44,22.0,0,Continuity (2-mould press)
2026-04-17 00:00:00,B,3610,1D25214012008QXPCT,2026-04-17 15:00:00,2026-04-17 23:00:00,44,22.0,0,Continuity (2-mould press)
2026-04-17 00:00:00,C,3610,1D25214012008QXPCT,2026-04-17 23:00:00,2026-04-18 07:00:00,44,22.0,0,Continuity (2-mould press)
2026-04-18 00:00:00,A,3610,1D25214012008QXPCT,2026-04-18 07:00:00,2026-04-18 15:00:00,44,22.0,0,Continuity (2-mould press)
2026-04-18 00:00:00,B,3610,1D25214012008QXPCT,2026-04-18 15:00:00,2026-04-18 23:00:00,44,22.0,0,Continuity (2-mould press)
2026-04-18 00:00:00,C,3610,1D25214012008QXPCT,2026-04-18 23:00:00,2026-04-19 07:00:00,44,22.0,0,Continuity (2-mould press)
2026-04-19 00:00:00,A,3610,1D25214012008QXPCT,2026-04-19 07:00:00,2026-04-19 15:00:00,44,22.0,0,Continuity (2-mould press)
2026-04-19 00:00:00,B,3610,1D25214012008QXPCT,2026-04-19 15:00:00,2026-04-19 21:12:00,34,22.0,0,Continuity (2-mould press)
2026-04-03 00:00:00,A,3611,1D25214012008QXPCT,2026-04-03 07:00:00,2026-04-03 15:00:00,44,22.0,0,Continuity (2-mould press)
2026-04-03 00:00:00,B,3611,1D25214012008QXPCT,2026-04-03 15:00:00,2026-04-03 23:00:00,44,22.0,0,Continuity (2-mould press)
2026-04-03 00:00:00,C,3611,1D25214012008QXPCT,2026-04-03 23:00:00,2026-04-04 07:00:00,44,22.0,0,Continuity (2-mould press)
2026-04-04 00:00:00,A,3611,1D25214012008QXPCT,2026-04-04 07:00:00,2026-04-04 15:00:00,44,22.0,0,Continuity (2-mould press)
2026-04-04 00:00:00,B,3611,1D25214012008QXPCT,2026-04-04 15:00:00,2026-04-04 23:00:00,44,22.0,0,Continuity (2-mould press)
2026-04-04 00:00:00,C,3611,1D25214012008QXPCT,2026-04-04 23:00:00,2026-04-05 07:00:00,44,22.0,0,Continuity (2-mould press)
2026-04-05 00:00:00,A,3611,1D25214012008QXPCT,2026-04-05 07:00:00,2026-04-05 15:00:00,44,22.0,0,Continuity (2-mould press)
2026-04-05 00:00:00,B,3611,1D25214012008QXPCT,2026-04-05 15:00:00,2026-04-05 23:00:00,44,22.0,0,Continuity (2-mould press)
2026-04-05 00:00:00,C,3611,1D25214012008QXPCT,2026-04-05 23:00:00,2026-04-06 07:00:00,44,22.0,0,Continuity (2-mould press)
2026-04-06 00:00:00,A,3611,1D25214012008QXPCT,2026-04-06 07:00:00,2026-04-06 15:00:00,44,22.0,0,Continuity (2-mould press)
2026-04-06 00:00:00,B,3611,1D25214012008QXPCT,2026-04-06 15:00:00,2026-04-06 23:00:00,44,22.0,0,Continuity (2-mould press)
2026-04-06 00:00:00,C,3611,1D25214012008QXPCT,2026-04-06 23:00:00,2026-04-07 07:00:00,44,22.0,0,Continuity (2-mould press)
2026-04-07 00:00:00,A,3611,1D25214012008QXPCT,2026-04-07 07:00:00,2026-04-07 15:00:00,44,22.0,0,Continuity (2-mould press)
2026-04-07 00:00:00,B,3611,1D25214012008QXPCT,2026-04-07 15:00:00,2026-04-07 23:00:00,44,22.0,0,Continuity (2-mould press)
2026-04-07 00:00:00,C,3611,1D25214012008QXPCT,2026-04-07 23:00:00,2026-04-08 07:00:00,44,22.0,0,Continuity (2-mould press)
2026-04-08 00:00:00,A,3611,1D25214012008QXPCT,2026-04-08 07:00:00,2026-04-08 15:00:00,44,22.0,0,Continuity (2-mould press)
2026-04-08 00:00:00,B,3611,1D25214012008QXPCT,2026-04-08 15:00:00,2026-04-08 23:00:00,44,22.0,0,Continuity (2-mould press)
2026-04-08 00:00:00,C,3611,1D25214012008QXPCT,2026-04-08 23:00:00,2026-04-09 07:00:00,44,22.0,0,Continuity (2-mould press)
2026-04-09 00:00:00,A,3611,1D25214012008QXPCT,2026-04-09 07:00:00,2026-04-09 15:00:00,44,22.0,0,Continuity (2-mould press)
2026-04-09 00:00:00,B,3611,1D25214012008QXPCT,2026-04-09 15:00:00,2026-04-09 23:00:00,44,22.0,0,Continuity (2-mould press)
2026-04-09 00:00:00,C,3611,1D25214012008QXPCT,2026-04-09 23:00:00,2026-04-10 07:00:00,44,22.0,0,Continuity (2-mould press)
2026-04-10 00:00:00,A,3611,1D25214012008QXPCT,2026-04-10 07:00:00,2026-04-10 15:00:00,44,22.0,0,Continuity (2-mould press)
2026-04-10 00:00:00,B,3611,1D25214012008QXPCT,2026-04-10 15:00:00,2026-04-10 23:00:00,44,22.0,0,Continuity (2-mould press)
2026-04-10 00:00:00,C,3611,1D25214012008QXPCT,2026-04-10 23:00:00,2026-04-11 07:00:00,44,22.0,0,Continuity (2-mould press)
2026-04-11 00:00:00,A,3611,1D25214012008QXPCT,2026-04-11 07:00:00,2026-04-11 15:00:00,44,22.0,0,Continuity (2-mould press)
2026-04-11 00:00:00,B,3611,1D25214012008QXPCT,2026-04-11 15:00:00,2026-04-11 23:00:00,44,22.0,0,Continuity (2-mould press)
2026-04-11 00:00:00,C,3611,1D25214012008QXPCT,2026-04-11 23:00:00,2026-04-12 07:00:00,44,22.0,0,Continuity (2-mould press)
2026-04-12 00:00:00,A,3611,1D25214012008QXPCT,2026-04-12 07:00:00,2026-04-12 15:00:00,44,22.0,0,Continuity (2-mould press)
2026-04-12 00:00:00,B,3611,1D25214012008QXPCT,2026-04-12 15:00:00,2026-04-12 23:00:00,44,22.0,0,Continuity (2-mould press)
2026-04-12 00:00:00,C,3611,1D25214012008QXPCT,2026-04-12 23:00:00,2026-04-13 07:00:00,44,22.0,0,Continuity (2-mould press)
2026-04-13 00:00:00,A,3611,1D25214012008QXPCT,2026-04-13 07:00:00,2026-04-13 15:00:00,44,22.0,0,Continuity (2-mould press)
2026-04-13 00:00:00,B,3611,1D25214012008QXPCT,2026-04-13 15:00:00,2026-04-13 23:00:00,44,22.0,0,Continuity (2-mould press)
2026-04-13 00:00:00,C,3611,1D25214012008QXPCT,2026-04-13 23:00:00,2026-04-14 07:00:00,44,22.0,0,Continuity (2-mould press)
2026-04-14 00:00:00,A,3611,1D25214012008QXPCT,2026-04-14 07:00:00,2026-04-14 15:00:00,44,22.0,0,Continuity (2-mould press)
2026-04-14 00:00:00,B,3611,1D25214012008QXPCT,2026-04-14 15:00:00,2026-04-14 23:00:00,44,22.0,0,Continuity (2-mould press)
2026-04-14 00:00:00,C,3611,1D25214012008QXPCT,2026-04-14 23:00:00,2026-04-15 07:00:00,44,22.0,0,Continuity (2-mould press)
2026-04-15 00:00:00,A,3611,1D25214012008QXPCT,2026-04-15 07:00:00,2026-04-15 15:00:00,44,22.0,0,Continuity (2-mould press)
2026-04-15 00:00:00,B,3611,1D25214012008QXPCT,2026-04-15 15:00:00,2026-04-15 23:00:00,44,22.0,0,Continuity (2-mould press)
2026-04-15 00:00:00,C,3611,1D25214012008QXPCT,2026-04-15 23:00:00,2026-04-16 07:00:00,44,22.0,0,Continuity (2-mould press)
2026-04-16 00:00:00,A,3611,1D25214012008QXPCT,2026-04-16 07:00:00,2026-04-16 15:00:00,44,22.0,0,Continuity (2-mould press)
2026-04-16 00:00:00,B,3611,1D25214012008QXPCT,2026-04-16 15:00:00,2026-04-16 23:00:00,44,22.0,0,Continuity (2-mould press)
2026-04-16 00:00:00,C,3611,1D25214012008QXPCT,2026-04-16 23:00:00,2026-04-17 07:00:00,44,22.0,0,Continuity (2-mould press)
2026-04-17 00:00:00,A,3611,1D25214012008QXPCT,2026-04-17 07:00:00,2026-04-17 15:00:00,44,22.0,0,Continuity (2-mould press)
2026-04-17 00:00:00,B,3611,1D25214012008QXPCT,2026-04-17 15:00:00,2026-04-17 23:00:00,44,22.0,0,Continuity (2-mould press)
2026-04-17 00:00:00,C,3611,1D25214012008QXPCT,2026-04-17 23:00:00,2026-04-18 07:00:00,44,22.0,0,Continuity (2-mould press)
2026-04-18 00:00:00,A,3611,1D25214012008QXPCT,2026-04-18 07:00:00,2026-04-18 15:00:00,44,22.0,0,Continuity (2-mould press)
2026-04-18 00:00:00,B,3611,1D25214012008QXPCT,2026-04-18 15:00:00,2026-04-18 23:00:00,44,22.0,0,Continuity (2-mould press)
2026-04-18 00:00:00,C,3611,1D25214012008QXPCT,2026-04-18 23:00:00,2026-04-19 07:00:00,44,22.0,0,Continuity (2-mould press)
2026-04-19 00:00:00,A,3611,1D25214012008QXPCT,2026-04-19 07:00:00,2026-04-19 15:00:00,44,22.0,0,Continuity (2-mould press)
2026-04-19 00:00:00,B,3611,1D25214012008QXPCT,2026-04-19 15:00:00,2026-04-19 21:12:00,34,22.0,0,Continuity (2-mould press)
2026-04-03 00:00:00,A,3612,1D25214012008QXPCT,2026-04-03 07:00:00,2026-04-03 15:00:00,44,22.0,0,Continuity (2-mould press)
2026-04-03 00:00:00,B,3612,1D25214012008QXPCT,2026-04-03 15:00:00,2026-04-03 23:00:00,44,22.0,0,Continuity (2-mould press)
2026-04-03 00:00:00,C,3612,1D25214012008QXPCT,2026-04-03 23:00:00,2026-04-04 07:00:00,44,22.0,0,Continuity (2-mould press)
2026-04-04 00:00:00,A,3612,1D25214012008QXPCT,2026-04-04 07:00:00,2026-04-04 15:00:00,44,22.0,0,Continuity (2-mould press)
2026-04-04 00:00:00,B,3612,1D25214012008QXPCT,2026-04-04 15:00:00,2026-04-04 23:00:00,44,22.0,0,Continuity (2-mould press)
2026-04-04 00:00:00,C,3612,1D25214012008QXPCT,2026-04-04 23:00:00,2026-04-05 07:00:00,44,22.0,0,Continuity (2-mould press)
2026-04-05 00:00:00,A,3612,1D25214012008QXPCT,2026-04-05 07:00:00,2026-04-05 15:00:00,44,22.0,0,Continuity (2-mould press)
2026-04-05 00:00:00,B,3612,1D25214012008QXPCT,2026-04-05 15:00:00,2026-04-05 23:00:00,44,22.0,0,Continuity (2-mould press)
2026-04-05 00:00:00,C,3612,1D25214012008QXPCT,2026-04-05 23:00:00,2026-04-06 07:00:00,44,22.0,0,Continuity (2-mould press)
2026-04-06 00:00:00,A,3612,1D25214012008QXPCT,2026-04-06 07:00:00,2026-04-06 15:00:00,44,22.0,0,Continuity (2-mould press)
2026-04-06 00:00:00,B,3612,1D25214012008QXPCT,2026-04-06 15:00:00,2026-04-06 23:00:00,44,22.0,0,Continuity (2-mould press)
2026-04-06 00:00:00,C,3612,1D25214012008QXPCT,2026-04-06 23:00:00,2026-04-07 07:00:00,44,22.0,0,Continuity (2-mould press)
2026-04-07 00:00:00,A,3612,1D25214012008QXPCT,2026-04-07 07:00:00,2026-04-07 15:00:00,44,22.0,0,Continuity (2-mould press)
2026-04-07 00:00:00,B,3612,1D25214012008QXPCT,2026-04-07 15:00:00,2026-04-07 23:00:00,44,22.0,0,Continuity (2-mould press)
2026-04-07 00:00:00,C,3612,1D25214012008QXPCT,2026-04-07 23:00:00,2026-04-08 07:00:00,44,22.0,0,Continuity (2-mould press)
2026-04-08 00:00:00,A,3612,1D25214012008QXPCT,2026-04-08 07:00:00,2026-04-08 15:00:00,44,22.0,0,Continuity (2-mould press)
2026-04-08 00:00:00,B,3612,1D25214012008QXPCT,2026-04-08 15:00:00,2026-04-08 23:00:00,44,22.0,0,Continuity (2-mould press)
2026-04-08 00:00:00,C,3612,1D25214012008QXPCT,2026-04-08 23:00:00,2026-04-09 07:00:00,44,22.0,0,Continuity (2-mould press)
2026-04-09 00:00:00,A,3612,1D25214012008QXPCT,2026-04-09 07:00:00,2026-04-09 15:00:00,44,22.0,0,Continuity (2-mould press)
2026-04-09 00:00:00,B,3612,1D25214012008QXPCT,2026-04-09 15:00:00,2026-04-09 23:00:00,44,22.0,0,Continuity (2-mould press)
2026-04-09 00:00:00,C,3612,1D25214012008QXPCT,2026-04-09 23:00:00,2026-04-10 07:00:00,44,22.0,0,Continuity (2-mould press)
2026-04-10 00:00:00,A,3612,1D25214012008QXPCT,2026-04-10 07:00:00,2026-04-10 15:00:00,44,22.0,0,Continuity (2-mould press)
2026-04-10 00:00:00,B,3612,1D25214012008QXPCT,2026-04-10 15:00:00,2026-04-10 23:00:00,44,22.0,0,Continuity (2-mould press)
2026-04-10 00:00:00,C,3612,1D25214012008QXPCT,2026-04-10 23:00:00,2026-04-11 07:00:00,44,22.0,0,Continuity (2-mould press)
2026-04-11 00:00:00,A,3612,1D25214012008QXPCT,2026-04-11 07:00:00,2026-04-11 15:00:00,44,22.0,0,Continuity (2-mould press)
2026-04-11 00:00:00,B,3612,1D25214012008QXPCT,2026-04-11 15:00:00,2026-04-11 23:00:00,44,22.0,0,Continuity (2-mould press)
2026-04-11 00:00:00,C,3612,1D25214012008QXPCT,2026-04-11 23:00:00,2026-04-12 07:00:00,44,22.0,0,Continuity (2-mould press)
2026-04-12 00:00:00,A,3612,1D25214012008QXPCT,2026-04-12 07:00:00,2026-04-12 15:00:00,44,22.0,0,Continuity (2-mould press)
2026-04-12 00:00:00,B,3612,1D25214012008QXPCT,2026-04-12 15:00:00,2026-04-12 23:00:00,44,22.0,0,Continuity (2-mould press)
2026-04-12 00:00:00,C,3612,1D25214012008QXPCT,2026-04-12 23:00:00,2026-04-13 07:00:00,44,22.0,0,Continuity (2-mould press)
2026-04-13 00:00:00,A,3612,1D25214012008QXPCT,2026-04-13 07:00:00,2026-04-13 15:00:00,44,22.0,0,Continuity (2-mould press)
2026-04-13 00:00:00,B,3612,1D25214012008QXPCT,2026-04-13 15:00:00,2026-04-13 23:00:00,44,22.0,0,Continuity (2-mould press)
2026-04-13 00:00:00,C,3612,1D25214012008QXPCT,2026-04-13 23:00:00,2026-04-14 07:00:00,44,22.0,0,Continuity (2-mould press)
2026-04-14 00:00:00,A,3612,1D25214012008QXPCT,2026-04-14 07:00:00,2026-04-14 15:00:00,44,22.0,0,Continuity (2-mould press)
2026-04-14 00:00:00,B,3612,1D25214012008QXPCT,2026-04-14 15:00:00,2026-04-14 23:00:00,44,22.0,0,Continuity (2-mould press)
2026-04-14 00:00:00,C,3612,1D25214012008QXPCT,2026-04-14 23:00:00,2026-04-15 07:00:00,44,22.0,0,Continuity (2-mould press)
2026-04-15 00:00:00,A,3612,1D25214012008QXPCT,2026-04-15 07:00:00,2026-04-15 15:00:00,44,22.0,0,Continuity (2-mould press)
2026-04-15 00:00:00,B,3612,1D25214012008QXPCT,2026-04-15 15:00:00,2026-04-15 23:00:00,44,22.0,0,Continuity (2-mould press)
2026-04-15 00:00:00,C,3612,1D25214012008QXPCT,2026-04-15 23:00:00,2026-04-16 07:00:00,44,22.0,0,Continuity (2-mould press)
2026-04-16 00:00:00,A,3612,1D25214012008QXPCT,2026-04-16 07:00:00,2026-04-16 15:00:00,44,22.0,0,Continuity (2-mould press)
2026-04-16 00:00:00,B,3612,1D25214012008QXPCT,2026-04-16 15:00:00,2026-04-16 23:00:00,44,22.0,0,Continuity (2-mould press)
2026-04-16 00:00:00,C,3612,1D25214012008QXPCT,2026-04-16 23:00:00,2026-04-17 07:00:00,44,22.0,0,Continuity (2-mould press)
2026-04-17 00:00:00,A,3612,1D25214012008QXPCT,2026-04-17 07:00:00,2026-04-17 15:00:00,44,22.0,0,Continuity (2-mould press)
2026-04-17 00:00:00,B,3612,1D25214012008QXPCT,2026-04-17 15:00:00,2026-04-17 23:00:00,44,22.0,0,Continuity (2-mould press)
2026-04-17 00:00:00,C,3612,1D25214012008QXPCT,2026-04-17 23:00:00,2026-04-18 07:00:00,44,22.0,0,Continuity (2-mould press)
2026-04-18 00:00:00,A,3612,1D25214012008QXPCT,2026-04-18 07:00:00,2026-04-18 15:00:00,44,22.0,0,Continuity (2-mould press)
2026-04-18 00:00:00,B,3612,1D25214012008QXPCT,2026-04-18 15:00:00,2026-04-18 23:00:00,44,22.0,0,Continuity (2-mould press)
2026-04-18 00:00:00,C,3612,1D25214012008QXPCT,2026-04-18 23:00:00,2026-04-19 07:00:00,44,22.0,0,Continuity (2-mould press)
2026-04-19 00:00:00,A,3612,1D25214012008QXPCT,2026-04-19 07:00:00,2026-04-19 15:00:00,44,22.0,0,Continuity (2-mould press)
2026-04-19 00:00:00,B,3612,1D25214012008QXPCT,2026-04-19 15:00:00,2026-04-19 21:12:00,34,22.0,0,Continuity (2-mould press)
2026-04-03 00:00:00,A,3613,1D25214012008QXPCT,2026-04-03 07:00:00,2026-04-03 15:00:00,44,22.0,0,Continuity (2-mould press)
2026-04-03 00:00:00,B,3613,1D25214012008QXPCT,2026-04-03 15:00:00,2026-04-03 23:00:00,44,22.0,0,Continuity (2-mould press)
2026-04-03 00:00:00,C,3613,1D25214012008QXPCT,2026-04-03 23:00:00,2026-04-04 07:00:00,44,22.0,0,Continuity (2-mould press)
2026-04-04 00:00:00,A,3613,1D25214012008QXPCT,2026-04-04 07:00:00,2026-04-04 15:00:00,44,22.0,0,Continuity (2-mould press)
2026-04-04 00:00:00,B,3613,1D25214012008QXPCT,2026-04-04 15:00:00,2026-04-04 23:00:00,44,22.0,0,Continuity (2-mould press)
2026-04-04 00:00:00,C,3613,1D25214012008QXPCT,2026-04-04 23:00:00,2026-04-05 07:00:00,44,22.0,0,Continuity (2-mould press)
2026-04-05 00:00:00,A,3613,1D25214012008QXPCT,2026-04-05 07:00:00,2026-04-05 15:00:00,44,22.0,0,Continuity (2-mould press)
2026-04-05 00:00:00,B,3613,1D25214012008QXPCT,2026-04-05 15:00:00,2026-04-05 23:00:00,44,22.0,0,Continuity (2-mould press)
2026-04-05 00:00:00,C,3613,1D25214012008QXPCT,2026-04-05 23:00:00,2026-04-06 07:00:00,44,22.0,0,Continuity (2-mould press)
2026-04-06 00:00:00,A,3613,1D25214012008QXPCT,2026-04-06 07:00:00,2026-04-06 15:00:00,44,22.0,0,Continuity (2-mould press)
2026-04-06 00:00:00,B,3613,1D25214012008QXPCT,2026-04-06 15:00:00,2026-04-06 23:00:00,44,22.0,0,Continuity (2-mould press)
2026-04-06 00:00:00,C,3613,1D25214012008QXPCT,2026-04-06 23:00:00,2026-04-07 07:00:00,44,22.0,0,Continuity (2-mould press)
2026-04-07 00:00:00,A,3613,1D25214012008QXPCT,2026-04-07 07:00:00,2026-04-07 15:00:00,44,22.0,0,Continuity (2-mould press)
2026-04-07 00:00:00,B,3613,1D25214012008QXPCT,2026-04-07 15:00:00,2026-04-07 23:00:00,44,22.0,0,Continuity (2-mould press)
2026-04-07 00:00:00,C,3613,1D25214012008QXPCT,2026-04-07 23:00:00,2026-04-08 07:00:00,44,22.0,0,Continuity (2-mould press)
2026-04-08 00:00:00,A,3613,1D25214012008QXPCT,2026-04-08 07:00:00,2026-04-08 15:00:00,44,22.0,0,Continuity (2-mould press)
2026-04-08 00:00:00,B,3613,1D25214012008QXPCT,2026-04-08 15:00:00,2026-04-08 23:00:00,44,22.0,0,Continuity (2-mould press)
2026-04-08 00:00:00,C,3613,1D25214012008QXPCT,2026-04-08 23:00:00,2026-04-09 07:00:00,44,22.0,0,Continuity (2-mould press)
2026-04-09 00:00:00,A,3613,1D25214012008QXPCT,2026-04-09 07:00:00,2026-04-09 15:00:00,44,22.0,0,Continuity (2-mould press)
2026-04-09 00:00:00,B,3613,1D25214012008QXPCT,2026-04-09 15:00:00,2026-04-09 23:00:00,44,22.0,0,Continuity (2-mould press)
2026-04-09 00:00:00,C,3613,1D25214012008QXPCT,2026-04-09 23:00:00,2026-04-10 07:00:00,44,22.0,0,Continuity (2-mould press)
2026-04-10 00:00:00,A,3613,1D25214012008QXPCT,2026-04-10 07:00:00,2026-04-10 15:00:00,44,22.0,0,Continuity (2-mould press)
2026-04-10 00:00:00,B,3613,1D25214012008QXPCT,2026-04-10 15:00:00,2026-04-10 23:00:00,44,22.0,0,Continuity (2-mould press)
2026-04-10 00:00:00,C,3613,1D25214012008QXPCT,2026-04-10 23:00:00,2026-04-11 07:00:00,44,22.0,0,Continuity (2-mould press)
2026-04-11 00:00:00,A,3613,1D25214012008QXPCT,2026-04-11 07:00:00,2026-04-11 15:00:00,44,22.0,0,Continuity (2-mould press)
2026-04-11 00:00:00,B,3613,1D25214012008QXPCT,2026-04-11 15:00:00,2026-04-11 23:00:00,44,22.0,0,Continuity (2-mould press)
2026-04-11 00:00:00,C,3613,1D25214012008QXPCT,2026-04-11 23:00:00,2026-04-12 07:00:00,44,22.0,0,Continuity (2-mould press)
2026-04-12 00:00:00,A,3613,1D25214012008QXPCT,2026-04-12 07:00:00,2026-04-12 15:00:00,44,22.0,0,Continuity (2-mould press)
2026-04-12 00:00:00,B,3613,1D25214012008QXPCT,2026-04-12 15:00:00,2026-04-12 23:00:00,44,22.0,0,Continuity (2-mould press)
2026-04-12 00:00:00,C,3613,1D25214012008QXPCT,2026-04-12 23:00:00,2026-04-13 07:00:00,44,22.0,0,Continuity (2-mould press)
2026-04-13 00:00:00,A,3613,1D25214012008QXPCT,2026-04-13 07:00:00,2026-04-13 15:00:00,44,22.0,0,Continuity (2-mould press)
2026-04-13 00:00:00,B,3613,1D25214012008QXPCT,2026-04-13 15:00:00,2026-04-13 23:00:00,44,22.0,0,Continuity (2-mould press)
2026-04-13 00:00:00,C,3613,1D25214012008QXPCT,2026-04-13 23:00:00,2026-04-14 07:00:00,44,22.0,0,Continuity (2-mould press)
2026-04-14 00:00:00,A,3613,1D25214012008QXPCT,2026-04-14 07:00:00,2026-04-14 15:00:00,44,22.0,0,Continuity (2-mould press)
2026-04-14 00:00:00,B,3613,1D25214012008QXPCT,2026-04-14 15:00:00,2026-04-14 23:00:00,44,22.0,0,Continuity (2-mould press)
2026-04-14 00:00:00,C,3613,1D25214012008QXPCT,2026-04-14 23:00:00,2026-04-15 07:00:00,44,22.0,0,Continuity (2-mould press)
2026-04-15 00:00:00,A,3613,1D25214012008QXPCT,2026-04-15 07:00:00,2026-04-15 15:00:00,44,22.0,0,Continuity (2-mould press)
2026-04-15 00:00:00,B,3613,1D25214012008QXPCT,2026-04-15 15:00:00,2026-04-15 23:00:00,44,22.0,0,Continuity (2-mould press)
2026-04-15 00:00:00,C,3613,1D25214012008QXPCT,2026-04-15 23:00:00,2026-04-16 07:00:00,44,22.0,0,Continuity (2-mould press)
2026-04-16 00:00:00,A,3613,1D25214012008QXPCT,2026-04-16 07:00:00,2026-04-16 15:00:00,44,22.0,0,Continuity (2-mould press)
2026-04-16 00:00:00,B,3613,1D25214012008QXPCT,2026-04-16 15:00:00,2026-04-16 23:00:00,44,22.0,0,Continuity (2-mould press)
2026-04-16 00:00:00,C,3613,1D25214012008QXPCT,2026-04-16 23:00:00,2026-04-17 07:00:00,44,22.0,0,Continuity (2-mould press)
2026-04-17 00:00:00,A,3613,1D25214012008QXPCT,2026-04-17 07:00:00,2026-04-17 15:00:00,44,22.0,0,Continuity (2-mould press)
2026-04-17 00:00:00,B,3613,1D25214012008QXPCT,2026-04-17 15:00:00,2026-04-17 23:00:00,44,22.0,0,Continuity (2-mould press)
2026-04-17 00:00:00,C,3613,1D25214012008QXPCT,2026-04-17 23:00:00,2026-04-18 07:00:00,44,22.0,0,Continuity (2-mould press)
2026-04-18 00:00:00,A,3613,1D25214012008QXPCT,2026-04-18 07:00:00,2026-04-18 15:00:00,44,22.0,0,Continuity (2-mould press)
2026-04-18 00:00:00,B,3613,1D25214012008QXPCT,2026-04-18 15:00:00,2026-04-18 23:00:00,44,22.0,0,Continuity (2-mould press)
2026-04-18 00:00:00,C,3613,1D25214012008QXPCT,2026-04-18 23:00:00,2026-04-19 07:00:00,44,22.0,0,Continuity (2-mould press)
2026-04-19 00:00:00,A,3613,1D25214012008QXPCT,2026-04-19 07:00:00,2026-04-19 15:00:00,44,22.0,0,Continuity (2-mould press)
2026-04-19 00:00:00,B,3613,1D25214012008QXPCT,2026-04-19 15:00:00,2026-04-19 21:12:00,34,22.0,0,Continuity (2-mould press)
2026-04-03 00:00:00,A,3614,1D25214012008QXPCT,2026-04-03 07:00:00,2026-04-03 15:00:00,44,22.0,0,Continuity (2-mould press)
2026-04-03 00:00:00,B,3614,1D25214012008QXPCT,2026-04-03 15:00:00,2026-04-03 23:00:00,44,22.0,0,Continuity (2-mould press)
2026-04-03 00:00:00,C,3614,1D25214012008QXPCT,2026-04-03 23:00:00,2026-04-04 07:00:00,44,22.0,0,Continuity (2-mould press)
2026-04-04 00:00:00,A,3614,1D25214012008QXPCT,2026-04-04 07:00:00,2026-04-04 15:00:00,44,22.0,0,Continuity (2-mould press)
2026-04-04 00:00:00,B,3614,1D25214012008QXPCT,2026-04-04 15:00:00,2026-04-04 23:00:00,44,22.0,0,Continuity (2-mould press)
2026-04-04 00:00:00,C,3614,1D25214012008QXPCT,2026-04-04 23:00:00,2026-04-05 07:00:00,44,22.0,0,Continuity (2-mould press)
2026-04-05 00:00:00,A,3614,1D25214012008QXPCT,2026-04-05 07:00:00,2026-04-05 15:00:00,44,22.0,0,Continuity (2-mould press)
2026-04-05 00:00:00,B,3614,1D25214012008QXPCT,2026-04-05 15:00:00,2026-04-05 23:00:00,44,22.0,0,Continuity (2-mould press)
2026-04-05 00:00:00,C,3614,1D25214012008QXPCT,2026-04-05 23:00:00,2026-04-06 07:00:00,44,22.0,0,Continuity (2-mould press)
2026-04-06 00:00:00,A,3614,1D25214012008QXPCT,2026-04-06 07:00:00,2026-04-06 15:00:00,44,22.0,0,Continuity (2-mould press)
2026-04-06 00:00:00,B,3614,1D25214012008QXPCT,2026-04-06 15:00:00,2026-04-06 23:00:00,44,22.0,0,Continuity (2-mould press)
2026-04-06 00:00:00,C,3614,1D25214012008QXPCT,2026-04-06 23:00:00,2026-04-07 07:00:00,44,22.0,0,Continuity (2-mould press)
2026-04-07 00:00:00,A,3614,1D25214012008QXPCT,2026-04-07 07:00:00,2026-04-07 15:00:00,44,22.0,0,Continuity (2-mould press)
2026-04-07 00:00:00,B,3614,1D25214012008QXPCT,2026-04-07 15:00:00,2026-04-07 23:00:00,44,22.0,0,Continuity (2-mould press)
2026-04-07 00:00:00,C,3614,1D25214012008QXPCT,2026-04-07 23:00:00,2026-04-08 07:00:00,44,22.0,0,Continuity (2-mould press)
2026-04-08 00:00:00,A,3614,1D25214012008QXPCT,2026-04-08 07:00:00,2026-04-08 15:00:00,44,22.0,0,Continuity (2-mould press)
2026-04-08 00:00:00,B,3614,1D25214012008QXPCT,2026-04-08 15:00:00,2026-04-08 23:00:00,44,22.0,0,Continuity (2-mould press)
2026-04-08 00:00:00,C,3614,1D25214012008QXPCT,2026-04-08 23:00:00,2026-04-09 07:00:00,44,22.0,0,Continuity (2-mould press)
2026-04-09 00:00:00,A,3614,1D25214012008QXPCT,2026-04-09 07:00:00,2026-04-09 15:00:00,44,22.0,0,Continuity (2-mould press)
2026-04-09 00:00:00,B,3614,1D25214012008QXPCT,2026-04-09 15:00:00,2026-04-09 23:00:00,44,22.0,0,Continuity (2-mould press)
2026-04-09 00:00:00,C,3614,1D25214012008QXPCT,2026-04-09 23:00:00,2026-04-10 07:00:00,44,22.0,0,Continuity (2-mould press)
2026-04-10 00:00:00,A,3614,1D25214012008QXPCT,2026-04-10 07:00:00,2026-04-10 15:00:00,44,22.0,0,Continuity (2-mould press)
2026-04-10 00:00:00,B,3614,1D25214012008QXPCT,2026-04-10 15:00:00,2026-04-10 23:00:00,44,22.0,0,Continuity (2-mould press)
2026-04-10 00:00:00,C,3614,1D25214012008QXPCT,2026-04-10 23:00:00,2026-04-11 07:00:00,44,22.0,0,Continuity (2-mould press)
2026-04-11 00:00:00,A,3614,1D25214012008QXPCT,2026-04-11 07:00:00,2026-04-11 15:00:00,44,22.0,0,Continuity (2-mould press)
2026-04-11 00:00:00,B,3614,1D25214012008QXPCT,2026-04-11 15:00:00,2026-04-11 23:00:00,44,22.0,0,Continuity (2-mould press)
2026-04-11 00:00:00,C,3614,1D25214012008QXPCT,2026-04-11 23:00:00,2026-04-12 07:00:00,44,22.0,0,Continuity (2-mould press)
2026-04-12 00:00:00,A,3614,1D25214012008QXPCT,2026-04-12 07:00:00,2026-04-12 15:00:00,44,22.0,0,Continuity (2-mould press)
2026-04-12 00:00:00,B,3614,1D25214012008QXPCT,2026-04-12 15:00:00,2026-04-12 23:00:00,44,22.0,0,Continuity (2-mould press)
2026-04-12 00:00:00,C,3614,1D25214012008QXPCT,2026-04-12 23:00:00,2026-04-13 07:00:00,44,22.0,0,Continuity (2-mould press)
2026-04-13 00:00:00,A,3614,1D25214012008QXPCT,2026-04-13 07:00:00,2026-04-13 15:00:00,44,22.0,0,Continuity (2-mould press)
2026-04-13 00:00:00,B,3614,1D25214012008QXPCT,2026-04-13 15:00:00,2026-04-13 22:34:00,41,22.0,0,Continuity (2-mould press)
2026-04-13 00:00:00,B,3614,MOULD_CLEAN,2026-04-13 22:34:00,2026-04-13 23:00:00,0,0.0,0,Mould cleaning (continuity)
2026-04-13 00:00:00,C,3614,MOULD_CLEAN,2026-04-13 23:00:00,2026-04-14 01:34:00,0,0.0,0,Mould cleaning (continuity)
2026-04-13 00:00:00,C,3614,1D25214012008QXPCT,2026-04-14 01:34:00,2026-04-14 07:00:00,30,22.0,0,Continuity (2-mould press)
2026-04-14 00:00:00,A,3614,1D25214012008QXPCT,2026-04-14 07:00:00,2026-04-14 15:00:00,44,22.0,0,Continuity (2-mould press)
2026-04-14 00:00:00,B,3614,1D25214012008QXPCT,2026-04-14 15:00:00,2026-04-14 23:00:00,44,22.0,0,Continuity (2-mould press)
2026-04-14 00:00:00,C,3614,1D25214012008QXPCT,2026-04-14 23:00:00,2026-04-15 07:00:00,44,22.0,0,Continuity (2-mould press)
2026-04-15 00:00:00,A,3614,1D25214012008QXPCT,2026-04-15 07:00:00,2026-04-15 15:00:00,44,22.0,0,Continuity (2-mould press)
2026-04-15 00:00:00,B,3614,1D25214012008QXPCT,2026-04-15 15:00:00,2026-04-15 23:00:00,44,22.0,0,Continuity (2-mould press)
2026-04-15 00:00:00,C,3614,1D25214012008QXPCT,2026-04-15 23:00:00,2026-04-16 07:00:00,44,22.0,0,Continuity (2-mould press)
2026-04-16 00:00:00,A,3614,1D25214012008QXPCT,2026-04-16 07:00:00,2026-04-16 15:00:00,44,22.0,0,Continuity (2-mould press)
2026-04-16 00:00:00,B,3614,1D25214012008QXPCT,2026-04-16 15:00:00,2026-04-16 23:00:00,44,22.0,0,Continuity (2-mould press)
2026-04-16 00:00:00,C,3614,1D25214012008QXPCT,2026-04-16 23:00:00,2026-04-17 07:00:00,44,22.0,0,Continuity (2-mould press)
2026-04-17 00:00:00,A,3614,1D25214012008QXPCT,2026-04-17 07:00:00,2026-04-17 15:00:00,44,22.0,0,Continuity (2-mould press)
2026-04-17 00:00:00,B,3614,1D25214012008QXPCT,2026-04-17 15:00:00,2026-04-17 23:00:00,44,22.0,0,Continuity (2-mould press)
2026-04-17 00:00:00,C,3614,1D25214012008QXPCT,2026-04-17 23:00:00,2026-04-18 07:00:00,44,22.0,0,Continuity (2-mould press)
2026-04-18 00:00:00,A,3614,1D25214012008QXPCT,2026-04-18 07:00:00,2026-04-18 15:00:00,44,22.0,0,Continuity (2-mould press)
2026-04-18 00:00:00,B,3614,1D25214012008QXPCT,2026-04-18 15:00:00,2026-04-18 23:00:00,44,22.0,0,Continuity (2-mould press)
2026-04-18 00:00:00,C,3614,1D25214012008QXPCT,2026-04-18 23:00:00,2026-04-19 07:00:00,44,22.0,0,Continuity (2-mould press)
2026-04-19 00:00:00,A,3614,1D25214012008QXPCT,2026-04-19 07:00:00,2026-04-19 15:00:00,44,22.0,0,Continuity (2-mould press)
2026-04-19 00:00:00,B,3614,1D25214012008QXPCT,2026-04-19 15:00:00,2026-04-19 23:00:00,44,22.0,0,Continuity (2-mould press)
2026-04-19 00:00:00,C,3614,1D25214012008QXPCT,2026-04-19 23:00:00,2026-04-20 00:12:00,7,22.0,0,Continuity (2-mould press)
2026-04-03 00:00:00,A,3615,1D25214012008QXPCT,2026-04-03 07:00:00,2026-04-03 15:00:00,44,22.0,0,Continuity (2-mould press)
2026-04-03 00:00:00,B,3615,1D25214012008QXPCT,2026-04-03 15:00:00,2026-04-03 23:00:00,44,22.0,0,Continuity (2-mould press)
2026-04-03 00:00:00,C,3615,1D25214012008QXPCT,2026-04-03 23:00:00,2026-04-04 07:00:00,44,22.0,0,Continuity (2-mould press)
2026-04-04 00:00:00,A,3615,1D25214012008QXPCT,2026-04-04 07:00:00,2026-04-04 15:00:00,44,22.0,0,Continuity (2-mould press)
2026-04-04 00:00:00,B,3615,1D25214012008QXPCT,2026-04-04 15:00:00,2026-04-04 23:00:00,44,22.0,0,Continuity (2-mould press)
2026-04-04 00:00:00,C,3615,1D25214012008QXPCT,2026-04-04 23:00:00,2026-04-05 07:00:00,44,22.0,0,Continuity (2-mould press)
2026-04-05 00:00:00,A,3615,1D25214012008QXPCT,2026-04-05 07:00:00,2026-04-05 15:00:00,44,22.0,0,Continuity (2-mould press)
2026-04-05 00:00:00,B,3615,1D25214012008QXPCT,2026-04-05 15:00:00,2026-04-05 23:00:00,44,22.0,0,Continuity (2-mould press)
2026-04-05 00:00:00,C,3615,1D25214012008QXPCT,2026-04-05 23:00:00,2026-04-06 07:00:00,44,22.0,0,Continuity (2-mould press)
2026-04-06 00:00:00,A,3615,1D25214012008QXPCT,2026-04-06 07:00:00,2026-04-06 15:00:00,44,22.0,0,Continuity (2-mould press)
2026-04-06 00:00:00,B,3615,1D25214012008QXPCT,2026-04-06 15:00:00,2026-04-06 23:00:00,44,22.0,0,Continuity (2-mould press)
2026-04-06 00:00:00,C,3615,1D25214012008QXPCT,2026-04-06 23:00:00,2026-04-07 07:00:00,44,22.0,0,Continuity (2-mould press)
2026-04-07 00:00:00,A,3615,1D25214012008QXPCT,2026-04-07 07:00:00,2026-04-07 15:00:00,44,22.0,0,Continuity (2-mould press)
2026-04-07 00:00:00,B,3615,1D25214012008QXPCT,2026-04-07 15:00:00,2026-04-07 23:00:00,44,22.0,0,Continuity (2-mould press)
2026-04-07 00:00:00,C,3615,1D25214012008QXPCT,2026-04-07 23:00:00,2026-04-08 07:00:00,44,22.0,0,Continuity (2-mould press)
2026-04-08 00:00:00,A,3615,1D25214012008QXPCT,2026-04-08 07:00:00,2026-04-08 15:00:00,44,22.0,0,Continuity (2-mould press)
2026-04-08 00:00:00,B,3615,1D25214012008QXPCT,2026-04-08 15:00:00,2026-04-08 23:00:00,44,22.0,0,Continuity (2-mould press)
2026-04-08 00:00:00,C,3615,1D25214012008QXPCT,2026-04-08 23:00:00,2026-04-09 07:00:00,44,22.0,0,Continuity (2-mould press)
2026-04-09 00:00:00,A,3615,1D25214012008QXPCT,2026-04-09 07:00:00,2026-04-09 15:00:00,44,22.0,0,Continuity (2-mould press)
2026-04-09 00:00:00,B,3615,1D25214012008QXPCT,2026-04-09 15:00:00,2026-04-09 23:00:00,44,22.0,0,Continuity (2-mould press)
2026-04-09 00:00:00,C,3615,1D25214012008QXPCT,2026-04-09 23:00:00,2026-04-10 07:00:00,44,22.0,0,Continuity (2-mould press)
2026-04-10 00:00:00,A,3615,1D25214012008QXPCT,2026-04-10 07:00:00,2026-04-10 15:00:00,44,22.0,0,Continuity (2-mould press)
2026-04-10 00:00:00,B,3615,1D25214012008QXPCT,2026-04-10 15:00:00,2026-04-10 23:00:00,44,22.0,0,Continuity (2-mould press)
2026-04-10 00:00:00,C,3615,1D25214012008QXPCT,2026-04-10 23:00:00,2026-04-11 07:00:00,44,22.0,0,Continuity (2-mould press)
2026-04-11 00:00:00,A,3615,1D25214012008QXPCT,2026-04-11 07:00:00,2026-04-11 15:00:00,44,22.0,0,Continuity (2-mould press)
2026-04-11 00:00:00,B,3615,1D25214012008QXPCT,2026-04-11 15:00:00,2026-04-11 23:00:00,44,22.0,0,Continuity (2-mould press)
2026-04-11 00:00:00,C,3615,1D25214012008QXPCT,2026-04-11 23:00:00,2026-04-12 07:00:00,44,22.0,0,Continuity (2-mould press)
2026-04-12 00:00:00,A,3615,1D25214012008QXPCT,2026-04-12 07:00:00,2026-04-12 15:00:00,44,22.0,0,Continuity (2-mould press)
2026-04-12 00:00:00,B,3615,1D25214012008QXPCT,2026-04-12 15:00:00,2026-04-12 23:00:00,44,22.0,0,Continuity (2-mould press)
2026-04-12 00:00:00,C,3615,1D25214012008QXPCT,2026-04-12 23:00:00,2026-04-13 07:00:00,44,22.0,0,Continuity (2-mould press)
2026-04-13 00:00:00,A,3615,1D25214012008QXPCT,2026-04-13 07:00:00,2026-04-13 15:00:00,44,22.0,0,Continuity (2-mould press)
2026-04-13 00:00:00,B,3615,1D25214012008QXPCT,2026-04-13 15:00:00,2026-04-13 23:00:00,44,22.0,0,Continuity (2-mould press)
2026-04-13 00:00:00,C,3615,1D25214012008QXPCT,2026-04-13 23:00:00,2026-04-14 07:00:00,44,22.0,0,Continuity (2-mould press)
2026-04-14 00:00:00,A,3615,1D25214012008QXPCT,2026-04-14 07:00:00,2026-04-14 15:00:00,44,22.0,0,Continuity (2-mould press)
2026-04-14 00:00:00,B,3615,1D25214012008QXPCT,2026-04-14 15:00:00,2026-04-14 23:00:00,44,22.0,0,Continuity (2-mould press)
2026-04-14 00:00:00,C,3615,1D25214012008QXPCT,2026-04-14 23:00:00,2026-04-15 07:00:00,44,22.0,0,Continuity (2-mould press)
2026-04-15 00:00:00,A,3615,1D25214012008QXPCT,2026-04-15 07:00:00,2026-04-15 15:00:00,44,22.0,0,Continuity (2-mould press)
2026-04-15 00:00:00,B,3615,1D25214012008QXPCT,2026-04-15 15:00:00,2026-04-15 23:00:00,44,22.0,0,Continuity (2-mould press)
2026-04-15 00:00:00,C,3615,1D25214012008QXPCT,2026-04-15 23:00:00,2026-04-16 07:00:00,44,22.0,0,Continuity (2-mould press)
2026-04-16 00:00:00,A,3615,1D25214012008QXPCT,2026-04-16 07:00:00,2026-04-16 15:00:00,44,22.0,0,Continuity (2-mould press)
2026-04-16 00:00:00,B,3615,1D25214012008QXPCT,2026-04-16 15:00:00,2026-04-16 23:00:00,44,22.0,0,Continuity (2-mould press)
2026-04-16 00:00:00,C,3615,1D25214012008QXPCT,2026-04-16 23:00:00,2026-04-17 07:00:00,44,22.0,0,Continuity (2-mould press)
2026-04-17 00:00:00,A,3615,1D25214012008QXPCT,2026-04-17 07:00:00,2026-04-17 15:00:00,44,22.0,0,Continuity (2-mould press)
2026-04-17 00:00:00,B,3615,1D25214012008QXPCT,2026-04-17 15:00:00,2026-04-17 23:00:00,44,22.0,0,Continuity (2-mould press)
2026-04-17 00:00:00,C,3615,1D25214012008QXPCT,2026-04-17 23:00:00,2026-04-18 07:00:00,44,22.0,0,Continuity (2-mould press)
2026-04-18 00:00:00,A,3615,1D25214012008QXPCT,2026-04-18 07:00:00,2026-04-18 15:00:00,44,22.0,0,Continuity (2-mould press)
2026-04-18 00:00:00,B,3615,1D25214012008QXPCT,2026-04-18 15:00:00,2026-04-18 23:00:00,44,22.0,0,Continuity (2-mould press)
2026-04-18 00:00:00,C,3615,1D25214012008QXPCT,2026-04-18 23:00:00,2026-04-19 07:00:00,44,22.0,0,Continuity (2-mould press)
2026-04-19 00:00:00,A,3615,1D25214012008QXPCT,2026-04-19 07:00:00,2026-04-19 15:00:00,44,22.0,0,Continuity (2-mould press)
2026-04-19 00:00:00,B,3615,1D25214012008QXPCT,2026-04-19 15:00:00,2026-04-19 21:12:00,34,22.0,0,Continuity (2-mould press)
2026-04-03 00:00:00,A,3616,1D25214012008QXPCT,2026-04-03 07:00:00,2026-04-03 15:00:00,44,22.0,0,Continuity (2-mould press)
2026-04-03 00:00:00,B,3616,1D25214012008QXPCT,2026-04-03 15:00:00,2026-04-03 23:00:00,44,22.0,0,Continuity (2-mould press)
2026-04-03 00:00:00,C,3616,1D25214012008QXPCT,2026-04-03 23:00:00,2026-04-04 07:00:00,44,22.0,0,Continuity (2-mould press)
2026-04-04 00:00:00,A,3616,1D25214012008QXPCT,2026-04-04 07:00:00,2026-04-04 15:00:00,44,22.0,0,Continuity (2-mould press)
2026-04-04 00:00:00,B,3616,1D25214012008QXPCT,2026-04-04 15:00:00,2026-04-04 23:00:00,44,22.0,0,Continuity (2-mould press)
2026-04-04 00:00:00,C,3616,1D25214012008QXPCT,2026-04-04 23:00:00,2026-04-05 07:00:00,44,22.0,0,Continuity (2-mould press)
2026-04-05 00:00:00,A,3616,1D25214012008QXPCT,2026-04-05 07:00:00,2026-04-05 15:00:00,44,22.0,0,Continuity (2-mould press)
2026-04-05 00:00:00,B,3616,1D25214012008QXPCT,2026-04-05 15:00:00,2026-04-05 23:00:00,44,22.0,0,Continuity (2-mould press)
2026-04-05 00:00:00,C,3616,1D25214012008QXPCT,2026-04-05 23:00:00,2026-04-06 07:00:00,44,22.0,0,Continuity (2-mould press)
2026-04-06 00:00:00,A,3616,1D25214012008QXPCT,2026-04-06 07:00:00,2026-04-06 15:00:00,44,22.0,0,Continuity (2-mould press)
2026-04-06 00:00:00,B,3616,1D25214012008QXPCT,2026-04-06 15:00:00,2026-04-06 23:00:00,44,22.0,0,Continuity (2-mould press)
2026-04-06 00:00:00,C,3616,1D25214012008QXPCT,2026-04-06 23:00:00,2026-04-07 07:00:00,44,22.0,0,Continuity (2-mould press)
2026-04-07 00:00:00,A,3616,1D25214012008QXPCT,2026-04-07 07:00:00,2026-04-07 15:00:00,44,22.0,0,Continuity (2-mould press)
2026-04-07 00:00:00,B,3616,1D25214012008QXPCT,2026-04-07 15:00:00,2026-04-07 23:00:00,44,22.0,0,Continuity (2-mould press)
2026-04-07 00:00:00,C,3616,1D25214012008QXPCT,2026-04-07 23:00:00,2026-04-08 07:00:00,44,22.0,0,Continuity (2-mould press)
2026-04-08 00:00:00,A,3616,1D25214012008QXPCT,2026-04-08 07:00:00,2026-04-08 15:00:00,44,22.0,0,Continuity (2-mould press)
2026-04-08 00:00:00,B,3616,1D25214012008QXPCT,2026-04-08 15:00:00,2026-04-08 23:00:00,44,22.0,0,Continuity (2-mould press)
2026-04-08 00:00:00,C,3616,1D25214012008QXPCT,2026-04-08 23:00:00,2026-04-09 07:00:00,44,22.0,0,Continuity (2-mould press)
2026-04-09 00:00:00,A,3616,1D25214012008QXPCT,2026-04-09 07:00:00,2026-04-09 15:00:00,44,22.0,0,Continuity (2-mould press)
2026-04-09 00:00:00,B,3616,1D25214012008QXPCT,2026-04-09 15:00:00,2026-04-09 23:00:00,44,22.0,0,Continuity (2-mould press)
2026-04-09 00:00:00,C,3616,1D25214012008QXPCT,2026-04-09 23:00:00,2026-04-10 07:00:00,44,22.0,0,Continuity (2-mould press)
2026-04-10 00:00:00,A,3616,1D25214012008QXPCT,2026-04-10 07:00:00,2026-04-10 15:00:00,44,22.0,0,Continuity (2-mould press)
2026-04-10 00:00:00,B,3616,1D25214012008QXPCT,2026-04-10 15:00:00,2026-04-10 23:00:00,44,22.0,0,Continuity (2-mould press)
2026-04-10 00:00:00,C,3616,1D25214012008QXPCT,2026-04-10 23:00:00,2026-04-11 07:00:00,44,22.0,0,Continuity (2-mould press)
2026-04-11 00:00:00,A,3616,1D25214012008QXPCT,2026-04-11 07:00:00,2026-04-11 15:00:00,44,22.0,0,Continuity (2-mould press)
2026-04-11 00:00:00,B,3616,1D25214012008QXPCT,2026-04-11 15:00:00,2026-04-11 23:00:00,44,22.0,0,Continuity (2-mould press)
2026-04-11 00:00:00,C,3616,1D25214012008QXPCT,2026-04-11 23:00:00,2026-04-12 07:00:00,44,22.0,0,Continuity (2-mould press)
2026-04-12 00:00:00,A,3616,1D25214012008QXPCT,2026-04-12 07:00:00,2026-04-12 15:00:00,44,22.0,0,Continuity (2-mould press)
2026-04-12 00:00:00,B,3616,1D25214012008QXPCT,2026-04-12 15:00:00,2026-04-12 23:00:00,44,22.0,0,Continuity (2-mould press)
2026-04-12 00:00:00,C,3616,1D25214012008QXPCT,2026-04-12 23:00:00,2026-04-13 07:00:00,44,22.0,0,Continuity (2-mould press)
2026-04-13 00:00:00,A,3616,1D25214012008QXPCT,2026-04-13 07:00:00,2026-04-13 15:00:00,44,22.0,0,Continuity (2-mould press)
2026-04-13 00:00:00,B,3616,1D25214012008QXPCT,2026-04-13 15:00:00,2026-04-13 23:00:00,44,22.0,0,Continuity (2-mould press)
2026-04-13 00:00:00,C,3616,1D25214012008QXPCT,2026-04-13 23:00:00,2026-04-14 07:00:00,44,22.0,0,Continuity (2-mould press)
2026-04-14 00:00:00,A,3616,1D25214012008QXPCT,2026-04-14 07:00:00,2026-04-14 15:00:00,44,22.0,0,Continuity (2-mould press)
2026-04-14 00:00:00,B,3616,1D25214012008QXPCT,2026-04-14 15:00:00,2026-04-14 23:00:00,44,22.0,0,Continuity (2-mould press)
2026-04-14 00:00:00,C,3616,1D25214012008QXPCT,2026-04-14 23:00:00,2026-04-15 07:00:00,44,22.0,0,Continuity (2-mould press)
2026-04-15 00:00:00,A,3616,1D25214012008QXPCT,2026-04-15 07:00:00,2026-04-15 15:00:00,44,22.0,0,Continuity (2-mould press)
2026-04-15 00:00:00,B,3616,1D25214012008QXPCT,2026-04-15 15:00:00,2026-04-15 23:00:00,44,22.0,0,Continuity (2-mould press)
2026-04-15 00:00:00,C,3616,1D25214012008QXPCT,2026-04-15 23:00:00,2026-04-16 07:00:00,44,22.0,0,Continuity (2-mould press)
2026-04-16 00:00:00,A,3616,1D25214012008QXPCT,2026-04-16 07:00:00,2026-04-16 15:00:00,44,22.0,0,Continuity (2-mould press)
2026-04-16 00:00:00,B,3616,1D25214012008QXPCT,2026-04-16 15:00:00,2026-04-16 23:00:00,44,22.0,0,Continuity (2-mould press)
2026-04-16 00:00:00,C,3616,1D25214012008QXPCT,2026-04-16 23:00:00,2026-04-17 07:00:00,44,22.0,0,Continuity (2-mould press)
2026-04-17 00:00:00,A,3616,1D25214012008QXPCT,2026-04-17 07:00:00,2026-04-17 15:00:00,44,22.0,0,Continuity (2-mould press)
2026-04-17 00:00:00,B,3616,1D25214012008QXPCT,2026-04-17 15:00:00,2026-04-17 23:00:00,44,22.0,0,Continuity (2-mould press)
2026-04-17 00:00:00,C,3616,1D25214012008QXPCT,2026-04-17 23:00:00,2026-04-18 00:50:00,10,22.0,0,Continuity (2-mould press)
2026-04-17 00:00:00,C,3616,MOULD_CLEAN,2026-04-18 00:50:00,2026-04-18 03:50:00,0,0.0,0,Mould cleaning (continuity)
2026-04-17 00:00:00,C,3616,1D25214012008QXPCT,2026-04-18 03:50:00,2026-04-18 07:00:00,17,22.0,0,Continuity (2-mould press)
2026-04-18 00:00:00,A,3616,1D25214012008QXPCT,2026-04-18 07:00:00,2026-04-18 15:00:00,44,22.0,0,Continuity (2-mould press)
2026-04-18 00:00:00,B,3616,1D25214012008QXPCT,2026-04-18 15:00:00,2026-04-18 23:00:00,44,22.0,0,Continuity (2-mould press)
2026-04-18 00:00:00,C,3616,1D25214012008QXPCT,2026-04-18 23:00:00,2026-04-19 07:00:00,44,22.0,0,Continuity (2-mould press)
2026-04-19 00:00:00,A,3616,1D25214012008QXPCT,2026-04-19 07:00:00,2026-04-19 15:00:00,44,22.0,0,Continuity (2-mould press)
2026-04-19 00:00:00,B,3616,1D25214012008QXPCT,2026-04-19 15:00:00,2026-04-19 23:00:00,44,22.0,0,Continuity (2-mould press)
2026-04-19 00:00:00,C,3616,1D25214012008QXPCT,2026-04-19 23:00:00,2026-04-20 00:12:00,7,22.0,0,Continuity (2-mould press)
2026-04-03 00:00:00,A,4501,1D25215013008SXC10,2026-04-03 07:00:00,2026-04-03 15:00:00,51,19.0,0,Continuity (2-mould press)
2026-04-03 00:00:00,B,4501,1D25215013008SXC10,2026-04-03 15:00:00,2026-04-03 23:00:00,51,19.0,0,Continuity (2-mould press)
2026-04-03 00:00:00,C,4501,1D25215013008SXC10,2026-04-03 23:00:00,2026-04-04 07:00:00,51,19.0,0,Continuity (2-mould press)
2026-04-04 00:00:00,A,4501,1D25215013008SXC10,2026-04-04 07:00:00,2026-04-04 15:00:00,51,19.0,0,Continuity (2-mould press)
2026-04-04 00:00:00,B,4501,1D25215013008SXC10,2026-04-04 15:00:00,2026-04-04 23:00:00,51,19.0,0,Continuity (2-mould press)
2026-04-04 00:00:00,C,4501,1D25215013008SXC10,2026-04-04 23:00:00,2026-04-05 07:00:00,51,19.0,0,Continuity (2-mould press)
2026-04-05 00:00:00,A,4501,1D25215013008SXC10,2026-04-05 07:00:00,2026-04-05 15:00:00,51,19.0,0,Continuity (2-mould press)
2026-04-05 00:00:00,B,4501,1D25215013008SXC10,2026-04-05 15:00:00,2026-04-05 23:00:00,51,19.0,0,Continuity (2-mould press)
2026-04-05 00:00:00,C,4501,1D25215013008SXC10,2026-04-05 23:00:00,2026-04-06 07:00:00,51,19.0,0,Continuity (2-mould press)
2026-04-06 00:00:00,A,4501,1D25215013008SXC10,2026-04-06 07:00:00,2026-04-06 15:00:00,51,19.0,0,Continuity (2-mould press)
2026-04-06 00:00:00,B,4501,1D25215013008SXC10,2026-04-06 15:00:00,2026-04-06 23:00:00,51,19.0,0,Continuity (2-mould press)
2026-04-06 00:00:00,C,4501,1D25215013008SXC10,2026-04-06 23:00:00,2026-04-07 07:00:00,51,19.0,0,Continuity (2-mould press)
2026-04-07 00:00:00,A,4501,1D25215013008SXC10,2026-04-07 07:00:00,2026-04-07 15:00:00,51,19.0,0,Continuity (2-mould press)
2026-04-07 00:00:00,B,4501,1D25215013008SXC10,2026-04-07 15:00:00,2026-04-07 23:00:00,51,19.0,0,Continuity (2-mould press)
2026-04-07 00:00:00,C,4501,1D25215013008SXC10,2026-04-07 23:00:00,2026-04-08 07:00:00,51,19.0,0,Continuity (2-mould press)
2026-04-08 00:00:00,A,4501,1D25215013008SXC10,2026-04-08 07:00:00,2026-04-08 15:00:00,51,19.0,0,Continuity (2-mould press)
2026-04-08 00:00:00,B,4501,1D25215013008SXC10,2026-04-08 15:00:00,2026-04-08 23:00:00,51,19.0,0,Continuity (2-mould press)
2026-04-08 00:00:00,C,4501,1D25215013008SXC10,2026-04-08 23:00:00,2026-04-09 07:00:00,51,19.0,0,Continuity (2-mould press)
2026-04-09 00:00:00,A,4501,1D25215013008SXC10,2026-04-09 07:00:00,2026-04-09 15:00:00,51,19.0,0,Continuity (2-mould press)
2026-04-09 00:00:00,B,4501,1D25215013008SXC10,2026-04-09 15:00:00,2026-04-09 23:00:00,51,19.0,0,Continuity (2-mould press)
2026-04-09 00:00:00,C,4501,1D25215013008SXC10,2026-04-09 23:00:00,2026-04-10 07:00:00,51,19.0,0,Continuity (2-mould press)
2026-04-10 00:00:00,A,4501,1D25215013008SXC10,2026-04-10 07:00:00,2026-04-10 15:00:00,51,19.0,0,Continuity (2-mould press)
2026-04-10 00:00:00,B,4501,1D25215013008SXC10,2026-04-10 15:00:00,2026-04-10 23:00:00,51,19.0,0,Continuity (2-mould press)
2026-04-10 00:00:00,C,4501,1D25215013008SXC10,2026-04-10 23:00:00,2026-04-11 07:00:00,51,19.0,0,Continuity (2-mould press)
2026-04-11 00:00:00,A,4501,1D25215013008SXC10,2026-04-11 07:00:00,2026-04-11 15:00:00,51,19.0,0,Continuity (2-mould press)
2026-04-11 00:00:00,B,4501,1D25215013008SXC10,2026-04-11 15:00:00,2026-04-11 23:00:00,51,19.0,0,Continuity (2-mould press)
2026-04-11 00:00:00,C,4501,1D25215013008SXC10,2026-04-11 23:00:00,2026-04-12 07:00:00,51,19.0,0,Continuity (2-mould press)
2026-04-12 00:00:00,A,4501,1D25215013008SXC10,2026-04-12 07:00:00,2026-04-12 15:00:00,51,19.0,0,Continuity (2-mould press)
2026-04-12 00:00:00,B,4501,1D25215013008SXC10,2026-04-12 15:00:00,2026-04-12 23:00:00,51,19.0,0,Continuity (2-mould press)
2026-04-12 00:00:00,C,4501,1D25215013008SXC10,2026-04-12 23:00:00,2026-04-13 07:00:00,51,19.0,0,Continuity (2-mould press)
2026-04-13 00:00:00,A,4501,1D25215013008SXC10,2026-04-13 07:00:00,2026-04-13 15:00:00,51,19.0,0,Continuity (2-mould press)
2026-04-13 00:00:00,B,4501,1D25215013008SXC10,2026-04-13 15:00:00,2026-04-13 23:00:00,51,19.0,0,Continuity (2-mould press)
2026-04-13 00:00:00,C,4501,1D25215013008SXC10,2026-04-13 23:00:00,2026-04-14 07:00:00,51,19.0,0,Continuity (2-mould press)
2026-04-14 00:00:00,A,4501,1D25215013008SXC10,2026-04-14 07:00:00,2026-04-14 15:00:00,51,19.0,0,Continuity (2-mould press)
2026-04-14 00:00:00,B,4501,1D25215013008SXC10,2026-04-14 15:00:00,2026-04-14 23:00:00,51,19.0,0,Continuity (2-mould press)
2026-04-14 00:00:00,C,4501,1D25215013008SXC10,2026-04-14 23:00:00,2026-04-15 07:00:00,51,19.0,0,Continuity (2-mould press)
2026-04-15 00:00:00,A,4501,1D25215013008SXC10,2026-04-15 07:00:00,2026-04-15 15:00:00,51,19.0,0,Continuity (2-mould press)
2026-04-15 00:00:00,B,4501,1D25215013008SXC10,2026-04-15 15:00:00,2026-04-15 23:00:00,51,19.0,0,Continuity (2-mould press)
2026-04-15 00:00:00,C,4501,1D25215013008SXC10,2026-04-15 23:00:00,2026-04-16 07:00:00,51,19.0,0,Continuity (2-mould press)
2026-04-16 00:00:00,A,4501,1D25215013008SXC10,2026-04-16 07:00:00,2026-04-16 15:00:00,51,19.0,0,Continuity (2-mould press)
2026-04-16 00:00:00,B,4501,1D25215013008SXC10,2026-04-16 15:00:00,2026-04-16 23:00:00,51,19.0,0,Continuity (2-mould press)
2026-04-16 00:00:00,C,4501,1D25215013008SXC10,2026-04-16 23:00:00,2026-04-17 07:00:00,51,19.0,0,Continuity (2-mould press)
2026-04-17 00:00:00,A,4501,1D25215013008SXC10,2026-04-17 07:00:00,2026-04-17 15:00:00,51,19.0,0,Continuity (2-mould press)
2026-04-17 00:00:00,B,4501,1D25215013008SXC10,2026-04-17 15:00:00,2026-04-17 23:00:00,51,19.0,0,Continuity (2-mould press)
2026-04-17 00:00:00,C,4501,1D25215013008SXC10,2026-04-17 23:00:00,2026-04-18 07:00:00,51,19.0,0,Continuity (2-mould press)
2026-04-18 00:00:00,A,4501,1D25215013008SXC10,2026-04-18 07:00:00,2026-04-18 15:00:00,51,19.0,0,Continuity (2-mould press)
2026-04-18 00:00:00,B,4501,1D25215013008SXC10,2026-04-18 15:00:00,2026-04-18 23:00:00,51,19.0,0,Continuity (2-mould press)
2026-04-18 00:00:00,C,4501,1D25215013008SXC10,2026-04-18 23:00:00,2026-04-19 07:00:00,51,19.0,0,Continuity (2-mould press)
2026-04-19 00:00:00,A,4501,1D25215013008SXC10,2026-04-19 07:00:00,2026-04-19 15:00:00,51,19.0,0,Continuity (2-mould press)
2026-04-19 00:00:00,B,4501,1D25215013008SXC10,2026-04-19 15:00:00,2026-04-19 23:00:00,51,19.0,0,Continuity (2-mould press)
2026-04-19 00:00:00,C,4501,1D25215013008SXC10,2026-04-19 23:00:00,2026-04-20 07:00:00,51,19.0,0,Continuity (2-mould press)
2026-04-20 00:00:00,A,4501,1D25215013008SXC10,2026-04-20 07:00:00,2026-04-20 15:00:00,51,19.0,0,Continuity (2-mould press)
2026-04-20 00:00:00,B,4501,1D25215013008SXC10,2026-04-20 15:00:00,2026-04-20 23:00:00,51,19.0,0,Continuity (2-mould press)
2026-04-20 00:00:00,C,4501,1D25215013008SXC10,2026-04-20 23:00:00,2026-04-21 07:00:00,51,19.0,0,Continuity (2-mould press)
2026-04-21 00:00:00,A,4501,1D25215013008SXC10,2026-04-21 07:00:00,2026-04-21 15:00:00,51,19.0,0,Continuity (2-mould press)
2026-04-21 00:00:00,B,4501,1D25215013008SXC10,2026-04-21 15:00:00,2026-04-21 23:00:00,51,19.0,0,Continuity (2-mould press)
2026-04-21 00:00:00,C,4501,1D25215013008SXC10,2026-04-21 23:00:00,2026-04-22 07:00:00,51,19.0,0,Continuity (2-mould press)
2026-04-22 00:00:00,A,4501,1D25215013008SXC10,2026-04-22 07:00:00,2026-04-22 15:00:00,51,19.0,0,Continuity (2-mould press)
2026-04-22 00:00:00,B,4501,1D25215013008SXC10,2026-04-22 15:00:00,2026-04-22 23:00:00,51,19.0,0,Continuity (2-mould press)
2026-04-22 00:00:00,C,4501,1D25215013008SXC10,2026-04-22 23:00:00,2026-04-23 07:00:00,51,19.0,0,Continuity (2-mould press)
2026-04-23 00:00:00,A,4501,1D25215013008SXC10,2026-04-23 07:00:00,2026-04-23 15:00:00,51,19.0,0,Continuity (2-mould press)
2026-04-23 00:00:00,B,4501,1D25215013008SXC10,2026-04-23 15:00:00,2026-04-23 23:00:00,51,19.0,0,Continuity (2-mould press)
2026-04-23 00:00:00,C,4501,1D25215013008SXC10,2026-04-23 23:00:00,2026-04-24 07:00:00,51,19.0,0,Continuity (2-mould press)
2026-04-24 00:00:00,A,4501,1D25215013008SXC10,2026-04-24 07:00:00,2026-04-24 15:00:00,51,19.0,0,Continuity (2-mould press)
2026-04-24 00:00:00,B,4501,1D25215013008SXC10,2026-04-24 15:00:00,2026-04-24 23:00:00,51,19.0,0,Continuity (2-mould press)
2026-04-24 00:00:00,C,4501,1D25215013008SXC10,2026-04-24 23:00:00,2026-04-25 07:00:00,51,19.0,0,Continuity (2-mould press)
2026-04-25 00:00:00,A,4501,1D25215013008SXC10,2026-04-25 07:00:00,2026-04-25 15:00:00,51,19.0,0,Continuity (2-mould press)
2026-04-25 00:00:00,B,4501,1D25215013008SXC10,2026-04-25 15:00:00,2026-04-25 23:00:00,51,19.0,0,Continuity (2-mould press)
2026-04-25 00:00:00,C,4501,1D25215013008SXC10,2026-04-25 23:00:00,2026-04-26 07:00:00,51,19.0,0,Continuity (2-mould press)
2026-04-26 00:00:00,A,4501,1D25215013008SXC10,2026-04-26 07:00:00,2026-04-26 15:00:00,51,19.0,0,Continuity (2-mould press)
2026-04-26 00:00:00,B,4501,1D25215013008SXC10,2026-04-26 15:00:00,2026-04-26 23:00:00,51,19.0,0,Continuity (2-mould press)
2026-04-26 00:00:00,C,4501,1D25215013008SXC10,2026-04-26 23:00:00,2026-04-27 07:00:00,51,19.0,0,Continuity (2-mould press)
2026-04-27 00:00:00,A,4501,1D25215013008SXC10,2026-04-27 07:00:00,2026-04-27 15:00:00,51,19.0,0,Continuity (2-mould press)
2026-04-27 00:00:00,B,4501,1D25215013008SXC10,2026-04-27 15:00:00,2026-04-27 23:00:00,51,19.0,0,Continuity (2-mould press)
2026-04-27 00:00:00,C,4501,1D25215013008SXC10,2026-04-27 23:00:00,2026-04-28 07:00:00,51,19.0,0,Continuity (2-mould press)
2026-04-28 00:00:00,A,4501,1D25215013008SXC10,2026-04-28 07:00:00,2026-04-28 15:00:00,51,19.0,0,Continuity (2-mould press)
2026-04-28 00:00:00,B,4501,1D25215013008SXC10,2026-04-28 15:00:00,2026-04-28 23:00:00,51,19.0,0,Continuity (2-mould press)
2026-04-28 00:00:00,C,4501,1D25215013008SXC10,2026-04-28 23:00:00,2026-04-29 07:00:00,51,19.0,0,Continuity (2-mould press)
2026-04-29 00:00:00,A,4501,1D25215013008SXC10,2026-04-29 07:00:00,2026-04-29 15:00:00,51,19.0,0,Continuity (2-mould press)
2026-04-29 00:00:00,B,4501,1D25215013008SXC10,2026-04-29 15:00:00,2026-04-29 23:00:00,51,19.0,0,Continuity (2-mould press)
2026-04-29 00:00:00,C,4501,1D25215013008SXC10,2026-04-29 23:00:00,2026-04-30 05:38:00,42,19.0,0,Continuity (2-mould press)
2026-04-03 00:00:00,A,4502,1325215813079TUNE3,2026-04-03 07:00:00,2026-04-03 15:00:00,69,14.0,0,Continuity (2-mould press)
2026-04-03 00:00:00,B,4502,1325215813079TUNE3,2026-04-03 15:00:00,2026-04-03 23:00:00,69,14.0,0,Continuity (2-mould press)
2026-04-03 00:00:00,C,4502,1325215813079TUNE3,2026-04-03 23:00:00,2026-04-04 07:00:00,69,14.0,0,Continuity (2-mould press)
2026-04-04 00:00:00,A,4502,1325215813079TUNE3,2026-04-04 07:00:00,2026-04-04 15:00:00,69,14.0,0,Continuity (2-mould press)
2026-04-04 00:00:00,B,4502,1325215813079TUNE3,2026-04-04 15:00:00,2026-04-04 23:00:00,69,14.0,0,Continuity (2-mould press)
2026-04-04 00:00:00,C,4502,1325215813079TUNE3,2026-04-04 23:00:00,2026-04-05 07:00:00,69,14.0,0,Continuity (2-mould press)
2026-04-05 00:00:00,A,4502,1325215813079TUNE3,2026-04-05 07:00:00,2026-04-05 15:00:00,69,14.0,0,Continuity (2-mould press)
2026-04-05 00:00:00,B,4502,1325215813079TUNE3,2026-04-05 15:00:00,2026-04-05 23:00:00,69,14.0,0,Continuity (2-mould press)
2026-04-05 00:00:00,C,4502,1325215813079TUNE3,2026-04-05 23:00:00,2026-04-06 07:00:00,69,14.0,0,Continuity (2-mould press)
2026-04-06 00:00:00,A,4502,1325215813079TUNE3,2026-04-06 07:00:00,2026-04-06 15:00:00,69,14.0,0,Continuity (2-mould press)
2026-04-06 00:00:00,B,4502,1325215813079TUNE3,2026-04-06 15:00:00,2026-04-06 23:00:00,69,14.0,0,Continuity (2-mould press)
2026-04-06 00:00:00,C,4502,1325215813079TUNE3,2026-04-06 23:00:00,2026-04-07 07:00:00,69,14.0,0,Continuity (2-mould press)
2026-04-07 00:00:00,A,4502,1325215813079TUNE3,2026-04-07 07:00:00,2026-04-07 11:34:00,39,14.0,0,Continuity (2-mould press)
2026-04-07 00:00:00,A,4502,MOULD_CLEAN,2026-04-07 11:34:00,2026-04-07 14:34:00,0,0.0,0,Mould cleaning (continuity)
2026-04-07 00:00:00,A,4502,1325215813079TUNE3,2026-04-07 14:34:00,2026-04-07 15:00:00,4,14.0,0,Continuity (2-mould press)
2026-04-07 00:00:00,B,4502,1325215813079TUNE3,2026-04-07 15:00:00,2026-04-07 23:00:00,69,14.0,0,Continuity (2-mould press)
2026-04-07 00:00:00,C,4502,1325215813079TUNE3,2026-04-07 23:00:00,2026-04-08 07:00:00,69,14.0,0,Continuity (2-mould press)
2026-04-08 00:00:00,A,4502,1325215813079TUNE3,2026-04-08 07:00:00,2026-04-08 15:00:00,69,14.0,0,Continuity (2-mould press)
2026-04-08 00:00:00,B,4502,1325215813079TUNE3,2026-04-08 15:00:00,2026-04-08 23:00:00,69,14.0,0,Continuity (2-mould press)
2026-04-08 00:00:00,C,4502,1325215813079TUNE3,2026-04-08 23:00:00,2026-04-09 07:00:00,69,14.0,0,Continuity (2-mould press)
2026-04-09 00:00:00,A,4502,1325215813079TUNE3,2026-04-09 07:00:00,2026-04-09 15:00:00,69,14.0,0,Continuity (2-mould press)
2026-04-09 00:00:00,B,4502,1325215813079TUNE3,2026-04-09 15:00:00,2026-04-09 23:00:00,69,14.0,0,Continuity (2-mould press)
2026-04-09 00:00:00,C,4502,1325215813079TUNE3,2026-04-09 23:00:00,2026-04-10 07:00:00,69,14.0,0,Continuity (2-mould press)
2026-04-10 00:00:00,A,4502,1325215813079TUNE3,2026-04-10 07:00:00,2026-04-10 15:00:00,69,14.0,0,Continuity (2-mould press)
2026-04-10 00:00:00,B,4502,1325215813079TUNE3,2026-04-10 15:00:00,2026-04-10 23:00:00,69,14.0,0,Continuity (2-mould press)
2026-04-10 00:00:00,C,4502,1325215813079TUNE3,2026-04-10 23:00:00,2026-04-11 07:00:00,69,14.0,0,Continuity (2-mould press)
2026-04-11 00:00:00,A,4502,1325215813079TUNE3,2026-04-11 07:00:00,2026-04-11 15:00:00,69,14.0,0,Continuity (2-mould press)
2026-04-11 00:00:00,B,4502,1325215813079TUNE3,2026-04-11 15:00:00,2026-04-11 23:00:00,69,14.0,0,Continuity (2-mould press)
2026-04-11 00:00:00,C,4502,1325215813079TUNE3,2026-04-11 23:00:00,2026-04-12 07:00:00,69,14.0,0,Continuity (2-mould press)
2026-04-12 00:00:00,A,4502,1325215813079TUNE3,2026-04-12 07:00:00,2026-04-12 15:00:00,69,14.0,0,Continuity (2-mould press)
2026-04-12 00:00:00,B,4502,1325215813079TUNE3,2026-04-12 15:00:00,2026-04-12 23:00:00,69,14.0,0,Continuity (2-mould press)
2026-04-12 00:00:00,C,4502,1325215813079TUNE3,2026-04-12 23:00:00,2026-04-13 07:00:00,69,14.0,0,Continuity (2-mould press)
2026-04-13 00:00:00,A,4502,1325215813079TUNE3,2026-04-13 07:00:00,2026-04-13 15:00:00,69,14.0,0,Continuity (2-mould press)
2026-04-13 00:00:00,B,4502,1325215813079TUNE3,2026-04-13 15:00:00,2026-04-13 23:00:00,69,14.0,0,Continuity (2-mould press)
2026-04-13 00:00:00,C,4502,1325215813079TUNE3,2026-04-13 23:00:00,2026-04-14 07:00:00,69,14.0,0,Continuity (2-mould press)
2026-04-14 00:00:00,A,4502,1325215813079TUNE3,2026-04-14 07:00:00,2026-04-14 15:00:00,69,14.0,0,Continuity (2-mould press)
2026-04-14 00:00:00,B,4502,1325215813079TUNE3,2026-04-14 15:00:00,2026-04-14 23:00:00,69,14.0,0,Continuity (2-mould press)
2026-04-14 00:00:00,C,4502,1325215813079TUNE3,2026-04-14 23:00:00,2026-04-15 07:00:00,69,14.0,0,Continuity (2-mould press)
2026-04-15 00:00:00,A,4502,1325215813079TUNE3,2026-04-15 07:00:00,2026-04-15 15:00:00,69,14.0,0,Continuity (2-mould press)
2026-04-15 00:00:00,B,4502,1325215813079TUNE3,2026-04-15 15:00:00,2026-04-15 23:00:00,69,14.0,0,Continuity (2-mould press)
2026-04-15 00:00:00,C,4502,1325215813079TUNE3,2026-04-15 23:00:00,2026-04-16 07:00:00,69,14.0,0,Continuity (2-mould press)
2026-04-16 00:00:00,A,4502,1325215813079TUNE3,2026-04-16 07:00:00,2026-04-16 15:00:00,69,14.0,0,Continuity (2-mould press)
2026-04-16 00:00:00,B,4502,1325215813079TUNE3,2026-04-16 15:00:00,2026-04-16 23:00:00,69,14.0,0,Continuity (2-mould press)
2026-04-16 00:00:00,C,4502,1325215813079TUNE3,2026-04-16 23:00:00,2026-04-17 07:00:00,69,14.0,0,Continuity (2-mould press)
2026-04-17 00:00:00,A,4502,1325215813079TUNE3,2026-04-17 07:00:00,2026-04-17 15:00:00,69,14.0,0,Continuity (2-mould press)
2026-04-17 00:00:00,B,4502,1325215813079TUNE3,2026-04-17 15:00:00,2026-04-17 23:00:00,69,14.0,0,Continuity (2-mould press)
2026-04-17 00:00:00,C,4502,1325215813079TUNE3,2026-04-17 23:00:00,2026-04-18 07:00:00,69,14.0,0,Continuity (2-mould press)
2026-04-18 00:00:00,A,4502,1325215813079TUNE3,2026-04-18 07:00:00,2026-04-18 15:00:00,69,14.0,0,Continuity (2-mould press)
2026-04-18 00:00:00,B,4502,1325215813079TUNE3,2026-04-18 15:00:00,2026-04-18 23:00:00,69,14.0,0,Continuity (2-mould press)
2026-04-18 00:00:00,C,4502,1325215813079TUNE3,2026-04-18 23:00:00,2026-04-19 07:00:00,69,14.0,0,Continuity (2-mould press)
2026-04-19 00:00:00,A,4502,1325215813079TUNE3,2026-04-19 07:00:00,2026-04-19 15:00:00,69,14.0,0,Continuity (2-mould press)
2026-04-19 00:00:00,B,4502,1325215813079TUNE3,2026-04-19 15:00:00,2026-04-19 23:00:00,69,14.0,0,Continuity (2-mould press)
2026-04-19 00:00:00,C,4502,1325215813079TUNE3,2026-04-19 23:00:00,2026-04-20 07:00:00,69,14.0,0,Continuity (2-mould press)
2026-04-20 00:00:00,A,4502,1325215813079TUNE3,2026-04-20 07:00:00,2026-04-20 15:00:00,69,14.0,0,Continuity (2-mould press)
2026-04-20 00:00:00,B,4502,1325215813079TUNE3,2026-04-20 15:00:00,2026-04-20 23:00:00,69,14.0,0,Continuity (2-mould press)
2026-04-20 00:00:00,C,4502,1325215813079TUNE3,2026-04-20 23:00:00,2026-04-21 07:00:00,69,14.0,0,Continuity (2-mould press)
2026-04-21 00:00:00,A,4502,1325215813079TUNE3,2026-04-21 07:00:00,2026-04-21 15:00:00,69,14.0,0,Continuity (2-mould press)
2026-04-21 00:00:00,B,4502,1325215813079TUNE3,2026-04-21 15:00:00,2026-04-21 23:00:00,69,14.0,0,Continuity (2-mould press)
2026-04-21 00:00:00,C,4502,1325215813079TUNE3,2026-04-21 23:00:00,2026-04-22 07:00:00,69,14.0,0,Continuity (2-mould press)
2026-04-22 00:00:00,A,4502,1325215813079TUNE3,2026-04-22 07:00:00,2026-04-22 15:00:00,69,14.0,0,Continuity (2-mould press)
2026-04-22 00:00:00,B,4502,1325215813079TUNE3,2026-04-22 15:00:00,2026-04-22 23:00:00,69,14.0,0,Continuity (2-mould press)
2026-04-22 00:00:00,C,4502,1325215813079TUNE3,2026-04-22 23:00:00,2026-04-23 07:00:00,69,14.0,0,Continuity (2-mould press)
2026-04-23 00:00:00,A,4502,1325215813079TUNE3,2026-04-23 07:00:00,2026-04-23 15:00:00,69,14.0,0,Continuity (2-mould press)
2026-04-23 00:00:00,B,4502,1325215813079TUNE3,2026-04-23 15:00:00,2026-04-23 23:00:00,69,14.0,0,Continuity (2-mould press)
2026-04-23 00:00:00,C,4502,1325215813079TUNE3,2026-04-23 23:00:00,2026-04-24 07:00:00,69,14.0,0,Continuity (2-mould press)
2026-04-24 00:00:00,A,4502,1325215813079TUNE3,2026-04-24 07:00:00,2026-04-24 15:00:00,69,14.0,0,Continuity (2-mould press)
2026-04-24 00:00:00,B,4502,1325215813079TUNE3,2026-04-24 15:00:00,2026-04-24 23:00:00,69,14.0,0,Continuity (2-mould press)
2026-04-24 00:00:00,C,4502,1325215813079TUNE3,2026-04-24 23:00:00,2026-04-25 07:00:00,69,14.0,0,Continuity (2-mould press)
2026-04-25 00:00:00,A,4502,1325215813079TUNE3,2026-04-25 07:00:00,2026-04-25 15:00:00,69,14.0,0,Continuity (2-mould press)
2026-04-25 00:00:00,B,4502,1325215813079TUNE3,2026-04-25 15:00:00,2026-04-25 23:00:00,69,14.0,0,Continuity (2-mould press)
2026-04-25 00:00:00,C,4502,1325215813079TUNE3,2026-04-25 23:00:00,2026-04-26 07:00:00,69,14.0,0,Continuity (2-mould press)
2026-04-26 00:00:00,A,4502,1325215813079TUNE3,2026-04-26 07:00:00,2026-04-26 15:00:00,69,14.0,0,Continuity (2-mould press)
2026-04-26 00:00:00,B,4502,1325215813079TUNE3,2026-04-26 15:00:00,2026-04-26 23:00:00,69,14.0,0,Continuity (2-mould press)
2026-04-26 00:00:00,C,4502,1325215813079TUNE3,2026-04-26 23:00:00,2026-04-27 06:50:00,67,14.0,0,Continuity (2-mould press)
2026-04-03 00:00:00,A,4503,1325215813079TUNE3,2026-04-03 07:00:00,2026-04-03 15:00:00,69,14.0,0,Continuity (2-mould press)
2026-04-03 00:00:00,B,4503,1325215813079TUNE3,2026-04-03 15:00:00,2026-04-03 23:00:00,69,14.0,0,Continuity (2-mould press)
2026-04-03 00:00:00,C,4503,1325215813079TUNE3,2026-04-03 23:00:00,2026-04-04 07:00:00,69,14.0,0,Continuity (2-mould press)
2026-04-04 00:00:00,A,4503,1325215813079TUNE3,2026-04-04 07:00:00,2026-04-04 15:00:00,69,14.0,0,Continuity (2-mould press)
2026-04-04 00:00:00,B,4503,1325215813079TUNE3,2026-04-04 15:00:00,2026-04-04 23:00:00,69,14.0,0,Continuity (2-mould press)
2026-04-04 00:00:00,C,4503,1325215813079TUNE3,2026-04-04 23:00:00,2026-04-05 07:00:00,69,14.0,0,Continuity (2-mould press)
2026-04-05 00:00:00,A,4503,1325215813079TUNE3,2026-04-05 07:00:00,2026-04-05 15:00:00,69,14.0,0,Continuity (2-mould press)
2026-04-05 00:00:00,B,4503,1325215813079TUNE3,2026-04-05 15:00:00,2026-04-05 23:00:00,69,14.0,0,Continuity (2-mould press)
2026-04-05 00:00:00,C,4503,1325215813079TUNE3,2026-04-05 23:00:00,2026-04-06 07:00:00,69,14.0,0,Continuity (2-mould press)
2026-04-06 00:00:00,A,4503,1325215813079TUNE3,2026-04-06 07:00:00,2026-04-06 15:00:00,69,14.0,0,Continuity (2-mould press)
2026-04-06 00:00:00,B,4503,1325215813079TUNE3,2026-04-06 15:00:00,2026-04-06 23:00:00,69,14.0,0,Continuity (2-mould press)
2026-04-06 00:00:00,C,4503,1325215813079TUNE3,2026-04-06 23:00:00,2026-04-07 07:00:00,69,14.0,0,Continuity (2-mould press)
2026-04-07 00:00:00,A,4503,1325215813079TUNE3,2026-04-07 07:00:00,2026-04-07 15:00:00,69,14.0,0,Continuity (2-mould press)
2026-04-07 00:00:00,B,4503,1325215813079TUNE3,2026-04-07 15:00:00,2026-04-07 23:00:00,69,14.0,0,Continuity (2-mould press)
2026-04-07 00:00:00,C,4503,1325215813079TUNE3,2026-04-07 23:00:00,2026-04-08 07:00:00,69,14.0,0,Continuity (2-mould press)
2026-04-08 00:00:00,A,4503,1325215813079TUNE3,2026-04-08 07:00:00,2026-04-08 15:00:00,69,14.0,0,Continuity (2-mould press)
2026-04-08 00:00:00,B,4503,1325215813079TUNE3,2026-04-08 15:00:00,2026-04-08 15:06:00,1,14.0,0,Continuity (2-mould press)
2026-04-08 00:00:00,B,4503,MOULD_CLEAN,2026-04-08 15:06:00,2026-04-08 18:06:00,0,0.0,0,Mould cleaning (continuity)
2026-04-08 00:00:00,B,4503,1325215813079TUNE3,2026-04-08 18:06:00,2026-04-08 23:00:00,42,14.0,0,Continuity (2-mould press)
2026-04-08 00:00:00,C,4503,1325215813079TUNE3,2026-04-08 23:00:00,2026-04-09 07:00:00,69,14.0,0,Continuity (2-mould press)
2026-04-09 00:00:00,A,4503,1325215813079TUNE3,2026-04-09 07:00:00,2026-04-09 15:00:00,69,14.0,0,Continuity (2-mould press)
2026-04-09 00:00:00,B,4503,1325215813079TUNE3,2026-04-09 15:00:00,2026-04-09 23:00:00,69,14.0,0,Continuity (2-mould press)
2026-04-09 00:00:00,C,4503,1325215813079TUNE3,2026-04-09 23:00:00,2026-04-10 07:00:00,69,14.0,0,Continuity (2-mould press)
2026-04-10 00:00:00,A,4503,1325215813079TUNE3,2026-04-10 07:00:00,2026-04-10 15:00:00,69,14.0,0,Continuity (2-mould press)
2026-04-10 00:00:00,B,4503,1325215813079TUNE3,2026-04-10 15:00:00,2026-04-10 23:00:00,69,14.0,0,Continuity (2-mould press)
2026-04-10 00:00:00,C,4503,1325215813079TUNE3,2026-04-10 23:00:00,2026-04-11 07:00:00,69,14.0,0,Continuity (2-mould press)
2026-04-11 00:00:00,A,4503,1325215813079TUNE3,2026-04-11 07:00:00,2026-04-11 15:00:00,69,14.0,0,Continuity (2-mould press)
2026-04-11 00:00:00,B,4503,1325215813079TUNE3,2026-04-11 15:00:00,2026-04-11 23:00:00,69,14.0,0,Continuity (2-mould press)
2026-04-11 00:00:00,C,4503,1325215813079TUNE3,2026-04-11 23:00:00,2026-04-12 07:00:00,69,14.0,0,Continuity (2-mould press)
2026-04-12 00:00:00,A,4503,1325215813079TUNE3,2026-04-12 07:00:00,2026-04-12 15:00:00,69,14.0,0,Continuity (2-mould press)
2026-04-12 00:00:00,B,4503,1325215813079TUNE3,2026-04-12 15:00:00,2026-04-12 23:00:00,69,14.0,0,Continuity (2-mould press)
2026-04-12 00:00:00,C,4503,1325215813079TUNE3,2026-04-12 23:00:00,2026-04-13 07:00:00,69,14.0,0,Continuity (2-mould press)
2026-04-13 00:00:00,A,4503,1325215813079TUNE3,2026-04-13 07:00:00,2026-04-13 15:00:00,69,14.0,0,Continuity (2-mould press)
2026-04-13 00:00:00,B,4503,1325215813079TUNE3,2026-04-13 15:00:00,2026-04-13 23:00:00,69,14.0,0,Continuity (2-mould press)
2026-04-13 00:00:00,C,4503,1325215813079TUNE3,2026-04-13 23:00:00,2026-04-14 07:00:00,69,14.0,0,Continuity (2-mould press)
2026-04-14 00:00:00,A,4503,1325215813079TUNE3,2026-04-14 07:00:00,2026-04-14 15:00:00,69,14.0,0,Continuity (2-mould press)
2026-04-14 00:00:00,B,4503,1325215813079TUNE3,2026-04-14 15:00:00,2026-04-14 23:00:00,69,14.0,0,Continuity (2-mould press)
2026-04-14 00:00:00,C,4503,1325215813079TUNE3,2026-04-14 23:00:00,2026-04-15 07:00:00,69,14.0,0,Continuity (2-mould press)
2026-04-15 00:00:00,A,4503,1325215813079TUNE3,2026-04-15 07:00:00,2026-04-15 15:00:00,69,14.0,0,Continuity (2-mould press)
2026-04-15 00:00:00,B,4503,1325215813079TUNE3,2026-04-15 15:00:00,2026-04-15 23:00:00,69,14.0,0,Continuity (2-mould press)
2026-04-15 00:00:00,C,4503,1325215813079TUNE3,2026-04-15 23:00:00,2026-04-16 07:00:00,69,14.0,0,Continuity (2-mould press)
2026-04-16 00:00:00,A,4503,1325215813079TUNE3,2026-04-16 07:00:00,2026-04-16 15:00:00,69,14.0,0,Continuity (2-mould press)
2026-04-16 00:00:00,B,4503,1325215813079TUNE3,2026-04-16 15:00:00,2026-04-16 23:00:00,69,14.0,0,Continuity (2-mould press)
2026-04-16 00:00:00,C,4503,1325215813079TUNE3,2026-04-16 23:00:00,2026-04-17 07:00:00,69,14.0,0,Continuity (2-mould press)
2026-04-17 00:00:00,A,4503,1325215813079TUNE3,2026-04-17 07:00:00,2026-04-17 15:00:00,69,14.0,0,Continuity (2-mould press)
2026-04-17 00:00:00,B,4503,1325215813079TUNE3,2026-04-17 15:00:00,2026-04-17 23:00:00,69,14.0,0,Continuity (2-mould press)
2026-04-17 00:00:00,C,4503,1325215813079TUNE3,2026-04-17 23:00:00,2026-04-18 07:00:00,69,14.0,0,Continuity (2-mould press)
2026-04-18 00:00:00,A,4503,1325215813079TUNE3,2026-04-18 07:00:00,2026-04-18 15:00:00,69,14.0,0,Continuity (2-mould press)
2026-04-18 00:00:00,B,4503,1325215813079TUNE3,2026-04-18 15:00:00,2026-04-18 23:00:00,69,14.0,0,Continuity (2-mould press)
2026-04-18 00:00:00,C,4503,1325215813079TUNE3,2026-04-18 23:00:00,2026-04-19 07:00:00,69,14.0,0,Continuity (2-mould press)
2026-04-19 00:00:00,A,4503,1325215813079TUNE3,2026-04-19 07:00:00,2026-04-19 15:00:00,69,14.0,0,Continuity (2-mould press)
2026-04-19 00:00:00,B,4503,1325215813079TUNE3,2026-04-19 15:00:00,2026-04-19 23:00:00,69,14.0,0,Continuity (2-mould press)
2026-04-19 00:00:00,C,4503,1325215813079TUNE3,2026-04-19 23:00:00,2026-04-20 07:00:00,69,14.0,0,Continuity (2-mould press)
2026-04-20 00:00:00,A,4503,1325215813079TUNE3,2026-04-20 07:00:00,2026-04-20 15:00:00,69,14.0,0,Continuity (2-mould press)
2026-04-20 00:00:00,B,4503,1325215813079TUNE3,2026-04-20 15:00:00,2026-04-20 23:00:00,69,14.0,0,Continuity (2-mould press)
2026-04-20 00:00:00,C,4503,1325215813079TUNE3,2026-04-20 23:00:00,2026-04-21 07:00:00,69,14.0,0,Continuity (2-mould press)
2026-04-21 00:00:00,A,4503,1325215813079TUNE3,2026-04-21 07:00:00,2026-04-21 15:00:00,69,14.0,0,Continuity (2-mould press)
2026-04-21 00:00:00,B,4503,1325215813079TUNE3,2026-04-21 15:00:00,2026-04-21 23:00:00,69,14.0,0,Continuity (2-mould press)
2026-04-21 00:00:00,C,4503,1325215813079TUNE3,2026-04-21 23:00:00,2026-04-22 07:00:00,69,14.0,0,Continuity (2-mould press)
2026-04-22 00:00:00,A,4503,1325215813079TUNE3,2026-04-22 07:00:00,2026-04-22 15:00:00,69,14.0,0,Continuity (2-mould press)
2026-04-22 00:00:00,B,4503,1325215813079TUNE3,2026-04-22 15:00:00,2026-04-22 23:00:00,69,14.0,0,Continuity (2-mould press)
2026-04-22 00:00:00,C,4503,1325215813079TUNE3,2026-04-22 23:00:00,2026-04-23 07:00:00,69,14.0,0,Continuity (2-mould press)
2026-04-23 00:00:00,A,4503,1325215813079TUNE3,2026-04-23 07:00:00,2026-04-23 15:00:00,69,14.0,0,Continuity (2-mould press)
2026-04-23 00:00:00,B,4503,1325215813079TUNE3,2026-04-23 15:00:00,2026-04-23 23:00:00,69,14.0,0,Continuity (2-mould press)
2026-04-23 00:00:00,C,4503,1325215813079TUNE3,2026-04-23 23:00:00,2026-04-24 07:00:00,69,14.0,0,Continuity (2-mould press)
2026-04-24 00:00:00,A,4503,1325215813079TUNE3,2026-04-24 07:00:00,2026-04-24 15:00:00,69,14.0,0,Continuity (2-mould press)
2026-04-24 00:00:00,B,4503,1325215813079TUNE3,2026-04-24 15:00:00,2026-04-24 23:00:00,69,14.0,0,Continuity (2-mould press)
2026-04-24 00:00:00,C,4503,1325215813079TUNE3,2026-04-24 23:00:00,2026-04-25 07:00:00,69,14.0,0,Continuity (2-mould press)
2026-04-25 00:00:00,A,4503,1325215813079TUNE3,2026-04-25 07:00:00,2026-04-25 15:00:00,69,14.0,0,Continuity (2-mould press)
2026-04-25 00:00:00,B,4503,1325215813079TUNE3,2026-04-25 15:00:00,2026-04-25 23:00:00,69,14.0,0,Continuity (2-mould press)
2026-04-25 00:00:00,C,4503,1325215813079TUNE3,2026-04-25 23:00:00,2026-04-26 07:00:00,69,14.0,0,Continuity (2-mould press)
2026-04-26 00:00:00,A,4503,1325215813079TUNE3,2026-04-26 07:00:00,2026-04-26 15:00:00,69,14.0,0,Continuity (2-mould press)
2026-04-26 00:00:00,B,4503,1325215813079TUNE3,2026-04-26 15:00:00,2026-04-26 23:00:00,69,14.0,0,Continuity (2-mould press)
2026-04-26 00:00:00,C,4503,1325215813079TUNE3,2026-04-26 23:00:00,2026-04-27 06:50:00,67,14.0,0,Continuity (2-mould press)
2026-04-03 00:00:00,A,4504,1325215813079TUNE3,2026-04-03 07:00:00,2026-04-03 15:00:00,69,14.0,0,Continuity (2-mould press)
2026-04-03 00:00:00,B,4504,1325215813079TUNE3,2026-04-03 15:00:00,2026-04-03 23:00:00,69,14.0,0,Continuity (2-mould press)
2026-04-03 00:00:00,C,4504,1325215813079TUNE3,2026-04-03 23:00:00,2026-04-04 07:00:00,69,14.0,0,Continuity (2-mould press)
2026-04-04 00:00:00,A,4504,1325215813079TUNE3,2026-04-04 07:00:00,2026-04-04 15:00:00,69,14.0,0,Continuity (2-mould press)
2026-04-04 00:00:00,B,4504,1325215813079TUNE3,2026-04-04 15:00:00,2026-04-04 23:00:00,69,14.0,0,Continuity (2-mould press)
2026-04-04 00:00:00,C,4504,1325215813079TUNE3,2026-04-04 23:00:00,2026-04-05 07:00:00,69,14.0,0,Continuity (2-mould press)
2026-04-05 00:00:00,A,4504,1325215813079TUNE3,2026-04-05 07:00:00,2026-04-05 15:00:00,69,14.0,0,Continuity (2-mould press)
2026-04-05 00:00:00,B,4504,1325215813079TUNE3,2026-04-05 15:00:00,2026-04-05 23:00:00,69,14.0,0,Continuity (2-mould press)
2026-04-05 00:00:00,C,4504,1325215813079TUNE3,2026-04-05 23:00:00,2026-04-06 07:00:00,69,14.0,0,Continuity (2-mould press)
2026-04-06 00:00:00,A,4504,1325215813079TUNE3,2026-04-06 07:00:00,2026-04-06 15:00:00,69,14.0,0,Continuity (2-mould press)
2026-04-06 00:00:00,B,4504,1325215813079TUNE3,2026-04-06 15:00:00,2026-04-06 23:00:00,69,14.0,0,Continuity (2-mould press)
2026-04-06 00:00:00,C,4504,1325215813079TUNE3,2026-04-06 23:00:00,2026-04-07 07:00:00,69,14.0,0,Continuity (2-mould press)
2026-04-07 00:00:00,A,4504,1325215813079TUNE3,2026-04-07 07:00:00,2026-04-07 15:00:00,69,14.0,0,Continuity (2-mould press)
2026-04-07 00:00:00,B,4504,1325215813079TUNE3,2026-04-07 15:00:00,2026-04-07 23:00:00,69,14.0,0,Continuity (2-mould press)
2026-04-07 00:00:00,C,4504,1325215813079TUNE3,2026-04-07 23:00:00,2026-04-08 07:00:00,69,14.0,0,Continuity (2-mould press)
2026-04-08 00:00:00,A,4504,1325215813079TUNE3,2026-04-08 07:00:00,2026-04-08 15:00:00,69,14.0,0,Continuity (2-mould press)
2026-04-08 00:00:00,B,4504,1325215813079TUNE3,2026-04-08 15:00:00,2026-04-08 19:46:00,41,14.0,0,Continuity (2-mould press)
2026-04-08 00:00:00,B,4504,MOULD_CLEAN,2026-04-08 19:46:00,2026-04-08 22:46:00,0,0.0,0,Mould cleaning (continuity)
2026-04-08 00:00:00,B,4504,1325215813079TUNE3,2026-04-08 22:46:00,2026-04-08 23:00:00,2,14.0,0,Continuity (2-mould press)
2026-04-08 00:00:00,C,4504,1325215813079TUNE3,2026-04-08 23:00:00,2026-04-09 07:00:00,69,14.0,0,Continuity (2-mould press)
2026-04-09 00:00:00,A,4504,1325215813079TUNE3,2026-04-09 07:00:00,2026-04-09 15:00:00,69,14.0,0,Continuity (2-mould press)
2026-04-09 00:00:00,B,4504,1325215813079TUNE3,2026-04-09 15:00:00,2026-04-09 23:00:00,69,14.0,0,Continuity (2-mould press)
2026-04-09 00:00:00,C,4504,1325215813079TUNE3,2026-04-09 23:00:00,2026-04-10 07:00:00,69,14.0,0,Continuity (2-mould press)
2026-04-10 00:00:00,A,4504,1325215813079TUNE3,2026-04-10 07:00:00,2026-04-10 15:00:00,69,14.0,0,Continuity (2-mould press)
2026-04-10 00:00:00,B,4504,1325215813079TUNE3,2026-04-10 15:00:00,2026-04-10 23:00:00,69,14.0,0,Continuity (2-mould press)
2026-04-10 00:00:00,C,4504,1325215813079TUNE3,2026-04-10 23:00:00,2026-04-11 07:00:00,69,14.0,0,Continuity (2-mould press)
2026-04-11 00:00:00,A,4504,1325215813079TUNE3,2026-04-11 07:00:00,2026-04-11 15:00:00,69,14.0,0,Continuity (2-mould press)
2026-04-11 00:00:00,B,4504,1325215813079TUNE3,2026-04-11 15:00:00,2026-04-11 23:00:00,69,14.0,0,Continuity (2-mould press)
2026-04-11 00:00:00,C,4504,1325215813079TUNE3,2026-04-11 23:00:00,2026-04-12 07:00:00,69,14.0,0,Continuity (2-mould press)
2026-04-12 00:00:00,A,4504,1325215813079TUNE3,2026-04-12 07:00:00,2026-04-12 15:00:00,69,14.0,0,Continuity (2-mould press)
2026-04-12 00:00:00,B,4504,1325215813079TUNE3,2026-04-12 15:00:00,2026-04-12 23:00:00,69,14.0,0,Continuity (2-mould press)
2026-04-12 00:00:00,C,4504,1325215813079TUNE3,2026-04-12 23:00:00,2026-04-13 07:00:00,69,14.0,0,Continuity (2-mould press)
2026-04-13 00:00:00,A,4504,1325215813079TUNE3,2026-04-13 07:00:00,2026-04-13 15:00:00,69,14.0,0,Continuity (2-mould press)
2026-04-13 00:00:00,B,4504,1325215813079TUNE3,2026-04-13 15:00:00,2026-04-13 23:00:00,69,14.0,0,Continuity (2-mould press)
2026-04-13 00:00:00,C,4504,1325215813079TUNE3,2026-04-13 23:00:00,2026-04-14 07:00:00,69,14.0,0,Continuity (2-mould press)
2026-04-14 00:00:00,A,4504,1325215813079TUNE3,2026-04-14 07:00:00,2026-04-14 15:00:00,69,14.0,0,Continuity (2-mould press)
2026-04-14 00:00:00,B,4504,1325215813079TUNE3,2026-04-14 15:00:00,2026-04-14 23:00:00,69,14.0,0,Continuity (2-mould press)
2026-04-14 00:00:00,C,4504,1325215813079TUNE3,2026-04-14 23:00:00,2026-04-15 07:00:00,69,14.0,0,Continuity (2-mould press)
2026-04-15 00:00:00,A,4504,1325215813079TUNE3,2026-04-15 07:00:00,2026-04-15 15:00:00,69,14.0,0,Continuity (2-mould press)
2026-04-15 00:00:00,B,4504,1325215813079TUNE3,2026-04-15 15:00:00,2026-04-15 23:00:00,69,14.0,0,Continuity (2-mould press)
2026-04-15 00:00:00,C,4504,1325215813079TUNE3,2026-04-15 23:00:00,2026-04-16 07:00:00,69,14.0,0,Continuity (2-mould press)
2026-04-16 00:00:00,A,4504,1325215813079TUNE3,2026-04-16 07:00:00,2026-04-16 15:00:00,69,14.0,0,Continuity (2-mould press)
2026-04-16 00:00:00,B,4504,1325215813079TUNE3,2026-04-16 15:00:00,2026-04-16 23:00:00,69,14.0,0,Continuity (2-mould press)
2026-04-16 00:00:00,C,4504,1325215813079TUNE3,2026-04-16 23:00:00,2026-04-17 07:00:00,69,14.0,0,Continuity (2-mould press)
2026-04-17 00:00:00,A,4504,1325215813079TUNE3,2026-04-17 07:00:00,2026-04-17 15:00:00,69,14.0,0,Continuity (2-mould press)
2026-04-17 00:00:00,B,4504,1325215813079TUNE3,2026-04-17 15:00:00,2026-04-17 23:00:00,69,14.0,0,Continuity (2-mould press)
2026-04-17 00:00:00,C,4504,1325215813079TUNE3,2026-04-17 23:00:00,2026-04-18 07:00:00,69,14.0,0,Continuity (2-mould press)
2026-04-18 00:00:00,A,4504,1325215813079TUNE3,2026-04-18 07:00:00,2026-04-18 15:00:00,69,14.0,0,Continuity (2-mould press)
2026-04-18 00:00:00,B,4504,1325215813079TUNE3,2026-04-18 15:00:00,2026-04-18 23:00:00,69,14.0,0,Continuity (2-mould press)
2026-04-18 00:00:00,C,4504,1325215813079TUNE3,2026-04-18 23:00:00,2026-04-19 07:00:00,69,14.0,0,Continuity (2-mould press)
2026-04-19 00:00:00,A,4504,1325215813079TUNE3,2026-04-19 07:00:00,2026-04-19 15:00:00,69,14.0,0,Continuity (2-mould press)
2026-04-19 00:00:00,B,4504,1325215813079TUNE3,2026-04-19 15:00:00,2026-04-19 23:00:00,69,14.0,0,Continuity (2-mould press)
2026-04-19 00:00:00,C,4504,1325215813079TUNE3,2026-04-19 23:00:00,2026-04-20 07:00:00,69,14.0,0,Continuity (2-mould press)
2026-04-20 00:00:00,A,4504,1325215813079TUNE3,2026-04-20 07:00:00,2026-04-20 15:00:00,69,14.0,0,Continuity (2-mould press)
2026-04-20 00:00:00,B,4504,1325215813079TUNE3,2026-04-20 15:00:00,2026-04-20 23:00:00,69,14.0,0,Continuity (2-mould press)
2026-04-20 00:00:00,C,4504,1325215813079TUNE3,2026-04-20 23:00:00,2026-04-21 07:00:00,69,14.0,0,Continuity (2-mould press)
2026-04-21 00:00:00,A,4504,1325215813079TUNE3,2026-04-21 07:00:00,2026-04-21 15:00:00,69,14.0,0,Continuity (2-mould press)
2026-04-21 00:00:00,B,4504,1325215813079TUNE3,2026-04-21 15:00:00,2026-04-21 23:00:00,69,14.0,0,Continuity (2-mould press)
2026-04-21 00:00:00,C,4504,1325215813079TUNE3,2026-04-21 23:00:00,2026-04-22 07:00:00,69,14.0,0,Continuity (2-mould press)
2026-04-22 00:00:00,A,4504,1325215813079TUNE3,2026-04-22 07:00:00,2026-04-22 15:00:00,69,14.0,0,Continuity (2-mould press)
2026-04-22 00:00:00,B,4504,1325215813079TUNE3,2026-04-22 15:00:00,2026-04-22 23:00:00,69,14.0,0,Continuity (2-mould press)
2026-04-22 00:00:00,C,4504,1325215813079TUNE3,2026-04-22 23:00:00,2026-04-23 07:00:00,69,14.0,0,Continuity (2-mould press)
2026-04-23 00:00:00,A,4504,1325215813079TUNE3,2026-04-23 07:00:00,2026-04-23 15:00:00,69,14.0,0,Continuity (2-mould press)
2026-04-23 00:00:00,B,4504,1325215813079TUNE3,2026-04-23 15:00:00,2026-04-23 23:00:00,69,14.0,0,Continuity (2-mould press)
2026-04-23 00:00:00,C,4504,1325215813079TUNE3,2026-04-23 23:00:00,2026-04-24 07:00:00,69,14.0,0,Continuity (2-mould press)
2026-04-24 00:00:00,A,4504,1325215813079TUNE3,2026-04-24 07:00:00,2026-04-24 15:00:00,69,14.0,0,Continuity (2-mould press)
2026-04-24 00:00:00,B,4504,1325215813079TUNE3,2026-04-24 15:00:00,2026-04-24 23:00:00,69,14.0,0,Continuity (2-mould press)
2026-04-24 00:00:00,C,4504,1325215813079TUNE3,2026-04-24 23:00:00,2026-04-25 07:00:00,69,14.0,0,Continuity (2-mould press)
2026-04-25 00:00:00,A,4504,1325215813079TUNE3,2026-04-25 07:00:00,2026-04-25 15:00:00,69,14.0,0,Continuity (2-mould press)
2026-04-25 00:00:00,B,4504,1325215813079TUNE3,2026-04-25 15:00:00,2026-04-25 23:00:00,69,14.0,0,Continuity (2-mould press)
2026-04-25 00:00:00,C,4504,1325215813079TUNE3,2026-04-25 23:00:00,2026-04-26 07:00:00,69,14.0,0,Continuity (2-mould press)
2026-04-26 00:00:00,A,4504,1325215813079TUNE3,2026-04-26 07:00:00,2026-04-26 15:00:00,69,14.0,0,Continuity (2-mould press)
2026-04-26 00:00:00,B,4504,1325215813079TUNE3,2026-04-26 15:00:00,2026-04-26 23:00:00,69,14.0,0,Continuity (2-mould press)
2026-04-26 00:00:00,C,4504,1325215813079TUNE3,2026-04-26 23:00:00,2026-04-27 06:50:00,67,14.0,0,Continuity (2-mould press)
2026-04-03 00:00:00,A,4505,1325215813079TUNE5,2026-04-03 07:00:00,2026-04-03 15:00:00,56,17.0,0,Continuity (2-mould press)
2026-04-03 00:00:00,B,4505,1325215813079TUNE5,2026-04-03 15:00:00,2026-04-03 23:00:00,56,17.0,0,Continuity (2-mould press)
2026-04-03 00:00:00,C,4505,1325215813079TUNE5,2026-04-03 23:00:00,2026-04-04 07:00:00,56,17.0,0,Continuity (2-mould press)
2026-04-04 00:00:00,A,4505,1325215813079TUNE5,2026-04-04 07:00:00,2026-04-04 15:00:00,56,17.0,0,Continuity (2-mould press)
2026-04-04 00:00:00,B,4505,1325215813079TUNE5,2026-04-04 15:00:00,2026-04-04 23:00:00,56,17.0,0,Continuity (2-mould press)
2026-04-04 00:00:00,C,4505,1325215813079TUNE5,2026-04-04 23:00:00,2026-04-05 07:00:00,56,17.0,0,Continuity (2-mould press)
2026-04-05 00:00:00,A,4505,1325215813079TUNE5,2026-04-05 07:00:00,2026-04-05 15:00:00,56,17.0,0,Continuity (2-mould press)
2026-04-05 00:00:00,B,4505,1325215813079TUNE5,2026-04-05 15:00:00,2026-04-05 23:00:00,56,17.0,0,Continuity (2-mould press)
2026-04-05 00:00:00,C,4505,1325215813079TUNE5,2026-04-05 23:00:00,2026-04-06 07:00:00,56,17.0,0,Continuity (2-mould press)
2026-04-06 00:00:00,A,4505,1325215813079TUNE5,2026-04-06 07:00:00,2026-04-06 15:00:00,56,17.0,0,Continuity (2-mould press)
2026-04-06 00:00:00,B,4505,1325215813079TUNE5,2026-04-06 15:00:00,2026-04-06 23:00:00,56,17.0,0,Continuity (2-mould press)
2026-04-06 00:00:00,C,4505,1325215813079TUNE5,2026-04-06 23:00:00,2026-04-07 07:00:00,56,17.0,0,Continuity (2-mould press)
2026-04-07 00:00:00,A,4505,1325215813079TUNE5,2026-04-07 07:00:00,2026-04-07 15:00:00,56,17.0,0,Continuity (2-mould press)
2026-04-07 00:00:00,B,4505,1325215813079TUNE5,2026-04-07 15:00:00,2026-04-07 23:00:00,56,17.0,0,Continuity (2-mould press)
2026-04-07 00:00:00,C,4505,1325215813079TUNE5,2026-04-07 23:00:00,2026-04-08 07:00:00,56,17.0,0,Continuity (2-mould press)
2026-04-08 00:00:00,A,4505,1325215813079TUNE5,2026-04-08 07:00:00,2026-04-08 15:00:00,56,17.0,0,Continuity (2-mould press)
2026-04-08 00:00:00,B,4505,1325215813079TUNE5,2026-04-08 15:00:00,2026-04-08 23:00:00,56,17.0,0,Continuity (2-mould press)
2026-04-08 00:00:00,C,4505,1325215813079TUNE5,2026-04-08 23:00:00,2026-04-09 07:00:00,56,17.0,0,Continuity (2-mould press)
2026-04-09 00:00:00,A,4505,1325215813079TUNE5,2026-04-09 07:00:00,2026-04-09 15:00:00,56,17.0,0,Continuity (2-mould press)
2026-04-09 00:00:00,B,4505,1325215813079TUNE5,2026-04-09 15:00:00,2026-04-09 23:00:00,56,17.0,0,Continuity (2-mould press)
2026-04-09 00:00:00,C,4505,1325215813079TUNE5,2026-04-09 23:00:00,2026-04-10 07:00:00,56,17.0,0,Continuity (2-mould press)
2026-04-10 00:00:00,A,4505,1325215813079TUNE5,2026-04-10 07:00:00,2026-04-10 15:00:00,56,17.0,0,Continuity (2-mould press)
2026-04-10 00:00:00,B,4505,1325215813079TUNE5,2026-04-10 15:00:00,2026-04-10 23:00:00,56,17.0,0,Continuity (2-mould press)
2026-04-10 00:00:00,C,4505,1325215813079TUNE5,2026-04-10 23:00:00,2026-04-11 07:00:00,56,17.0,0,Continuity (2-mould press)
2026-04-11 00:00:00,A,4505,1325215813079TUNE5,2026-04-11 07:00:00,2026-04-11 15:00:00,56,17.0,0,Continuity (2-mould press)
2026-04-11 00:00:00,B,4505,1325215813079TUNE5,2026-04-11 15:00:00,2026-04-11 23:00:00,56,17.0,0,Continuity (2-mould press)
2026-04-11 00:00:00,C,4505,1325215813079TUNE5,2026-04-11 23:00:00,2026-04-12 07:00:00,56,17.0,0,Continuity (2-mould press)
2026-04-12 00:00:00,A,4505,1325215813079TUNE5,2026-04-12 07:00:00,2026-04-12 15:00:00,56,17.0,0,Continuity (2-mould press)
2026-04-12 00:00:00,B,4505,1325215813079TUNE5,2026-04-12 15:00:00,2026-04-12 23:00:00,56,17.0,0,Continuity (2-mould press)
2026-04-12 00:00:00,C,4505,1325215813079TUNE5,2026-04-12 23:00:00,2026-04-13 07:00:00,56,17.0,0,Continuity (2-mould press)
2026-04-13 00:00:00,A,4505,1325215813079TUNE5,2026-04-13 07:00:00,2026-04-13 15:00:00,56,17.0,0,Continuity (2-mould press)
2026-04-13 00:00:00,B,4505,1325215813079TUNE5,2026-04-13 15:00:00,2026-04-13 23:00:00,56,17.0,0,Continuity (2-mould press)
2026-04-13 00:00:00,C,4505,1325215813079TUNE5,2026-04-13 23:00:00,2026-04-14 07:00:00,56,17.0,0,Continuity (2-mould press)
2026-04-14 00:00:00,A,4505,1325215813079TUNE5,2026-04-14 07:00:00,2026-04-14 15:00:00,56,17.0,0,Continuity (2-mould press)
2026-04-14 00:00:00,B,4505,1325215813079TUNE5,2026-04-14 15:00:00,2026-04-14 23:00:00,56,17.0,0,Continuity (2-mould press)
2026-04-14 00:00:00,C,4505,1325215813079TUNE5,2026-04-14 23:00:00,2026-04-15 07:00:00,56,17.0,0,Continuity (2-mould press)
2026-04-15 00:00:00,A,4505,1325215813079TUNE5,2026-04-15 07:00:00,2026-04-15 15:00:00,56,17.0,0,Continuity (2-mould press)
2026-04-15 00:00:00,B,4505,1325215813079TUNE5,2026-04-15 15:00:00,2026-04-15 23:00:00,56,17.0,0,Continuity (2-mould press)
2026-04-15 00:00:00,C,4505,1325215813079TUNE5,2026-04-15 23:00:00,2026-04-16 07:00:00,56,17.0,0,Continuity (2-mould press)
2026-04-16 00:00:00,A,4505,1325215813079TUNE5,2026-04-16 07:00:00,2026-04-16 15:00:00,56,17.0,0,Continuity (2-mould press)
2026-04-16 00:00:00,B,4505,1325215813079TUNE5,2026-04-16 15:00:00,2026-04-16 23:00:00,56,17.0,0,Continuity (2-mould press)
2026-04-16 00:00:00,C,4505,1325215813079TUNE5,2026-04-16 23:00:00,2026-04-17 07:00:00,56,17.0,0,Continuity (2-mould press)
2026-04-17 00:00:00,A,4505,1325215813079TUNE5,2026-04-17 07:00:00,2026-04-17 15:00:00,56,17.0,0,Continuity (2-mould press)
2026-04-17 00:00:00,B,4505,1325215813079TUNE5,2026-04-17 15:00:00,2026-04-17 23:00:00,56,17.0,0,Continuity (2-mould press)
2026-04-17 00:00:00,C,4505,1325215813079TUNE5,2026-04-17 23:00:00,2026-04-18 07:00:00,56,17.0,0,Continuity (2-mould press)
2026-04-18 00:00:00,A,4505,1325215813079TUNE5,2026-04-18 07:00:00,2026-04-18 15:00:00,56,17.0,0,Continuity (2-mould press)
2026-04-18 00:00:00,B,4505,1325215813079TUNE5,2026-04-18 15:00:00,2026-04-18 23:00:00,56,17.0,0,Continuity (2-mould press)
2026-04-18 00:00:00,C,4505,1325215813079TUNE5,2026-04-18 23:00:00,2026-04-19 07:00:00,56,17.0,0,Continuity (2-mould press)
2026-04-19 00:00:00,A,4505,1325215813079TUNE5,2026-04-19 07:00:00,2026-04-19 15:00:00,56,17.0,0,Continuity (2-mould press)
2026-04-19 00:00:00,B,4505,1325215813079TUNE5,2026-04-19 15:00:00,2026-04-19 23:00:00,56,17.0,0,Continuity (2-mould press)
2026-04-19 00:00:00,C,4505,1325215813079TUNE5,2026-04-19 23:00:00,2026-04-20 07:00:00,56,17.0,0,Continuity (2-mould press)
2026-04-20 00:00:00,A,4505,1325215813079TUNE5,2026-04-20 07:00:00,2026-04-20 15:00:00,56,17.0,0,Continuity (2-mould press)
2026-04-20 00:00:00,B,4505,1325215813079TUNE5,2026-04-20 15:00:00,2026-04-20 23:00:00,56,17.0,0,Continuity (2-mould press)
2026-04-20 00:00:00,C,4505,1325215813079TUNE5,2026-04-20 23:00:00,2026-04-21 07:00:00,56,17.0,0,Continuity (2-mould press)
2026-04-21 00:00:00,A,4505,1325215813079TUNE5,2026-04-21 07:00:00,2026-04-21 15:00:00,56,17.0,0,Continuity (2-mould press)
2026-04-21 00:00:00,B,4505,1325215813079TUNE5,2026-04-21 15:00:00,2026-04-21 23:00:00,56,17.0,0,Continuity (2-mould press)
2026-04-21 00:00:00,C,4505,1325215813079TUNE5,2026-04-21 23:00:00,2026-04-22 07:00:00,56,17.0,0,Continuity (2-mould press)
2026-04-22 00:00:00,A,4505,1325215813079TUNE5,2026-04-22 07:00:00,2026-04-22 15:00:00,56,17.0,0,Continuity (2-mould press)
2026-04-22 00:00:00,B,4505,1325215813079TUNE5,2026-04-22 15:00:00,2026-04-22 23:00:00,56,17.0,0,Continuity (2-mould press)
2026-04-22 00:00:00,C,4505,1325215813079TUNE5,2026-04-22 23:00:00,2026-04-23 07:00:00,56,17.0,0,Continuity (2-mould press)
2026-04-23 00:00:00,A,4505,1325215813079TUNE5,2026-04-23 07:00:00,2026-04-23 15:00:00,56,17.0,0,Continuity (2-mould press)
2026-04-23 00:00:00,B,4505,1325215813079TUNE5,2026-04-23 15:00:00,2026-04-23 23:00:00,56,17.0,0,Continuity (2-mould press)
2026-04-23 00:00:00,C,4505,1325215813079TUNE5,2026-04-23 23:00:00,2026-04-24 07:00:00,56,17.0,0,Continuity (2-mould press)
2026-04-24 00:00:00,A,4505,1325215813079TUNE5,2026-04-24 07:00:00,2026-04-24 15:00:00,56,17.0,0,Continuity (2-mould press)
2026-04-24 00:00:00,B,4505,1325215813079TUNE5,2026-04-24 15:00:00,2026-04-24 23:00:00,56,17.0,0,Continuity (2-mould press)
2026-04-24 00:00:00,C,4505,1325215813079TUNE5,2026-04-24 23:00:00,2026-04-25 07:00:00,56,17.0,0,Continuity (2-mould press)
2026-04-25 00:00:00,A,4505,1325215813079TUNE5,2026-04-25 07:00:00,2026-04-25 15:00:00,56,17.0,0,Continuity (2-mould press)
2026-04-25 00:00:00,B,4505,1325215813079TUNE5,2026-04-25 15:00:00,2026-04-25 23:00:00,56,17.0,0,Continuity (2-mould press)
2026-04-25 00:00:00,C,4505,1325215813079TUNE5,2026-04-25 23:00:00,2026-04-26 07:00:00,56,17.0,0,Continuity (2-mould press)
2026-04-26 00:00:00,A,4505,1325215813079TUNE5,2026-04-26 07:00:00,2026-04-26 15:00:00,56,17.0,0,Continuity (2-mould press)
2026-04-26 00:00:00,B,4505,1325215813079TUNE5,2026-04-26 15:00:00,2026-04-26 23:00:00,56,17.0,0,Continuity (2-mould press)
2026-04-26 00:00:00,C,4505,1325215813079TUNE5,2026-04-26 23:00:00,2026-04-27 07:00:00,56,17.0,0,Continuity (2-mould press)
2026-04-27 00:00:00,A,4505,1325215813079TUNE5,2026-04-27 07:00:00,2026-04-27 15:00:00,56,17.0,0,Continuity (2-mould press)
2026-04-27 00:00:00,B,4505,1325215813079TUNE5,2026-04-27 15:00:00,2026-04-27 23:00:00,56,17.0,0,Continuity (2-mould press)
2026-04-27 00:00:00,C,4505,1325215813079TUNE5,2026-04-27 23:00:00,2026-04-28 06:49:00,55,17.0,0,Continuity (2-mould press)
2026-04-27 00:00:00,C,4505,MOULD_CLEAN,2026-04-28 06:49:00,2026-04-28 07:00:00,0,0.0,0,Mould cleaning (continuity)
2026-04-28 00:00:00,A,4505,MOULD_CLEAN,2026-04-28 07:00:00,2026-04-28 09:49:00,0,0.0,0,Mould cleaning (continuity)
2026-04-28 00:00:00,A,4505,1325215813079TUNE5,2026-04-28 09:49:00,2026-04-28 15:00:00,37,17.0,0,Continuity (2-mould press)
2026-04-28 00:00:00,B,4505,1325215813079TUNE5,2026-04-28 15:00:00,2026-04-28 23:00:00,56,17.0,0,Continuity (2-mould press)
2026-04-28 00:00:00,C,4505,1325215813079TUNE5,2026-04-28 23:00:00,2026-04-29 07:00:00,56,17.0,0,Continuity (2-mould press)
2026-04-29 00:00:00,A,4505,1325215813079TUNE5,2026-04-29 07:00:00,2026-04-29 15:00:00,56,17.0,0,Continuity (2-mould press)
2026-04-29 00:00:00,B,4505,1325215813079TUNE5,2026-04-29 15:00:00,2026-04-29 23:00:00,56,17.0,0,Continuity (2-mould press)
2026-04-29 00:00:00,C,4505,1325215813079TUNE5,2026-04-29 23:00:00,2026-04-30 07:00:00,56,17.0,0,Continuity (2-mould press)
2026-04-30 00:00:00,A,4505,1325215813079TUNE5,2026-04-30 07:00:00,2026-04-30 15:00:00,56,17.0,0,Continuity (2-mould press)
2026-04-30 00:00:00,B,4505,1325215813079TUNE5,2026-04-30 15:00:00,2026-04-30 23:00:00,56,17.0,0,Continuity (2-mould press)
2026-04-30 00:00:00,C,4505,1325215813079TUNE5,2026-04-30 23:00:00,2026-05-01 07:00:00,56,17.0,0,Continuity (2-mould press)
2026-05-01 00:00:00,A,4505,1325215813079TUNE5,2026-05-01 07:00:00,2026-05-01 15:00:00,56,17.0,0,Continuity (2-mould press)
2026-05-01 00:00:00,B,4505,1325215813079TUNE5,2026-05-01 15:00:00,2026-05-01 23:00:00,56,17.0,0,Continuity (2-mould press)
2026-05-01 00:00:00,C,4505,1325215813079TUNE5,2026-05-01 23:00:00,2026-05-02 07:00:00,56,17.0,0,Continuity (2-mould press)
2026-05-02 00:00:00,A,4505,1325215813079TUNE5,2026-05-02 07:00:00,2026-05-02 15:00:00,56,17.0,0,Continuity (2-mould press)
2026-05-02 00:00:00,B,4505,1325215813079TUNE5,2026-05-02 15:00:00,2026-05-02 23:00:00,56,17.0,0,Continuity (2-mould press)
2026-05-02 00:00:00,C,4505,1325215813079TUNE5,2026-05-02 23:00:00,2026-05-03 07:00:00,56,17.0,0,Continuity (2-mould press)
2026-04-03 00:00:00,A,4506,1D25215013008SXC10,2026-04-03 07:00:00,2026-04-03 15:00:00,51,19.0,0,Continuity (2-mould press)
2026-04-03 00:00:00,B,4506,1D25215013008SXC10,2026-04-03 15:00:00,2026-04-03 23:00:00,51,19.0,0,Continuity (2-mould press)
2026-04-03 00:00:00,C,4506,1D25215013008SXC10,2026-04-03 23:00:00,2026-04-04 07:00:00,51,19.0,0,Continuity (2-mould press)
2026-04-04 00:00:00,A,4506,1D25215013008SXC10,2026-04-04 07:00:00,2026-04-04 15:00:00,51,19.0,0,Continuity (2-mould press)
2026-04-04 00:00:00,B,4506,1D25215013008SXC10,2026-04-04 15:00:00,2026-04-04 23:00:00,51,19.0,0,Continuity (2-mould press)
2026-04-04 00:00:00,C,4506,1D25215013008SXC10,2026-04-04 23:00:00,2026-04-05 07:00:00,51,19.0,0,Continuity (2-mould press)
2026-04-05 00:00:00,A,4506,1D25215013008SXC10,2026-04-05 07:00:00,2026-04-05 15:00:00,51,19.0,0,Continuity (2-mould press)
2026-04-05 00:00:00,B,4506,1D25215013008SXC10,2026-04-05 15:00:00,2026-04-05 23:00:00,51,19.0,0,Continuity (2-mould press)
2026-04-05 00:00:00,C,4506,1D25215013008SXC10,2026-04-05 23:00:00,2026-04-06 07:00:00,51,19.0,0,Continuity (2-mould press)
2026-04-06 00:00:00,A,4506,1D25215013008SXC10,2026-04-06 07:00:00,2026-04-06 15:00:00,51,19.0,0,Continuity (2-mould press)
2026-04-06 00:00:00,B,4506,1D25215013008SXC10,2026-04-06 15:00:00,2026-04-06 23:00:00,51,19.0,0,Continuity (2-mould press)
2026-04-06 00:00:00,C,4506,1D25215013008SXC10,2026-04-06 23:00:00,2026-04-07 07:00:00,51,19.0,0,Continuity (2-mould press)
2026-04-07 00:00:00,A,4506,1D25215013008SXC10,2026-04-07 07:00:00,2026-04-07 15:00:00,51,19.0,0,Continuity (2-mould press)
2026-04-07 00:00:00,B,4506,1D25215013008SXC10,2026-04-07 15:00:00,2026-04-07 23:00:00,51,19.0,0,Continuity (2-mould press)
2026-04-07 00:00:00,C,4506,1D25215013008SXC10,2026-04-07 23:00:00,2026-04-08 07:00:00,51,19.0,0,Continuity (2-mould press)
2026-04-08 00:00:00,A,4506,1D25215013008SXC10,2026-04-08 07:00:00,2026-04-08 15:00:00,51,19.0,0,Continuity (2-mould press)
2026-04-08 00:00:00,B,4506,1D25215013008SXC10,2026-04-08 15:00:00,2026-04-08 23:00:00,51,19.0,0,Continuity (2-mould press)
2026-04-08 00:00:00,C,4506,1D25215013008SXC10,2026-04-08 23:00:00,2026-04-09 07:00:00,51,19.0,0,Continuity (2-mould press)
2026-04-09 00:00:00,A,4506,1D25215013008SXC10,2026-04-09 07:00:00,2026-04-09 15:00:00,51,19.0,0,Continuity (2-mould press)
2026-04-09 00:00:00,B,4506,1D25215013008SXC10,2026-04-09 15:00:00,2026-04-09 23:00:00,51,19.0,0,Continuity (2-mould press)
2026-04-09 00:00:00,C,4506,1D25215013008SXC10,2026-04-09 23:00:00,2026-04-10 07:00:00,51,19.0,0,Continuity (2-mould press)
2026-04-10 00:00:00,A,4506,1D25215013008SXC10,2026-04-10 07:00:00,2026-04-10 15:00:00,51,19.0,0,Continuity (2-mould press)
2026-04-10 00:00:00,B,4506,1D25215013008SXC10,2026-04-10 15:00:00,2026-04-10 23:00:00,51,19.0,0,Continuity (2-mould press)
2026-04-10 00:00:00,C,4506,1D25215013008SXC10,2026-04-10 23:00:00,2026-04-11 07:00:00,51,19.0,0,Continuity (2-mould press)
2026-04-11 00:00:00,A,4506,1D25215013008SXC10,2026-04-11 07:00:00,2026-04-11 15:00:00,51,19.0,0,Continuity (2-mould press)
2026-04-11 00:00:00,B,4506,1D25215013008SXC10,2026-04-11 15:00:00,2026-04-11 23:00:00,51,19.0,0,Continuity (2-mould press)
2026-04-11 00:00:00,C,4506,1D25215013008SXC10,2026-04-11 23:00:00,2026-04-12 07:00:00,51,19.0,0,Continuity (2-mould press)
2026-04-12 00:00:00,A,4506,1D25215013008SXC10,2026-04-12 07:00:00,2026-04-12 15:00:00,51,19.0,0,Continuity (2-mould press)
2026-04-12 00:00:00,B,4506,1D25215013008SXC10,2026-04-12 15:00:00,2026-04-12 23:00:00,51,19.0,0,Continuity (2-mould press)
2026-04-12 00:00:00,C,4506,1D25215013008SXC10,2026-04-12 23:00:00,2026-04-13 07:00:00,51,19.0,0,Continuity (2-mould press)
2026-04-13 00:00:00,A,4506,1D25215013008SXC10,2026-04-13 07:00:00,2026-04-13 15:00:00,51,19.0,0,Continuity (2-mould press)
2026-04-13 00:00:00,B,4506,1D25215013008SXC10,2026-04-13 15:00:00,2026-04-13 23:00:00,51,19.0,0,Continuity (2-mould press)
2026-04-13 00:00:00,C,4506,1D25215013008SXC10,2026-04-13 23:00:00,2026-04-14 07:00:00,51,19.0,0,Continuity (2-mould press)
2026-04-14 00:00:00,A,4506,1D25215013008SXC10,2026-04-14 07:00:00,2026-04-14 15:00:00,51,19.0,0,Continuity (2-mould press)
2026-04-14 00:00:00,B,4506,1D25215013008SXC10,2026-04-14 15:00:00,2026-04-14 23:00:00,51,19.0,0,Continuity (2-mould press)
2026-04-14 00:00:00,C,4506,1D25215013008SXC10,2026-04-14 23:00:00,2026-04-15 07:00:00,51,19.0,0,Continuity (2-mould press)
2026-04-15 00:00:00,A,4506,1D25215013008SXC10,2026-04-15 07:00:00,2026-04-15 15:00:00,51,19.0,0,Continuity (2-mould press)
2026-04-15 00:00:00,B,4506,1D25215013008SXC10,2026-04-15 15:00:00,2026-04-15 23:00:00,51,19.0,0,Continuity (2-mould press)
2026-04-15 00:00:00,C,4506,1D25215013008SXC10,2026-04-15 23:00:00,2026-04-16 07:00:00,51,19.0,0,Continuity (2-mould press)
2026-04-16 00:00:00,A,4506,1D25215013008SXC10,2026-04-16 07:00:00,2026-04-16 15:00:00,51,19.0,0,Continuity (2-mould press)
2026-04-16 00:00:00,B,4506,1D25215013008SXC10,2026-04-16 15:00:00,2026-04-16 23:00:00,51,19.0,0,Continuity (2-mould press)
2026-04-16 00:00:00,C,4506,1D25215013008SXC10,2026-04-16 23:00:00,2026-04-17 07:00:00,51,19.0,0,Continuity (2-mould press)
2026-04-17 00:00:00,A,4506,1D25215013008SXC10,2026-04-17 07:00:00,2026-04-17 15:00:00,51,19.0,0,Continuity (2-mould press)
2026-04-17 00:00:00,B,4506,1D25215013008SXC10,2026-04-17 15:00:00,2026-04-17 23:00:00,51,19.0,0,Continuity (2-mould press)
2026-04-17 00:00:00,C,4506,1D25215013008SXC10,2026-04-17 23:00:00,2026-04-18 07:00:00,51,19.0,0,Continuity (2-mould press)
2026-04-18 00:00:00,A,4506,1D25215013008SXC10,2026-04-18 07:00:00,2026-04-18 15:00:00,51,19.0,0,Continuity (2-mould press)
2026-04-18 00:00:00,B,4506,1D25215013008SXC10,2026-04-18 15:00:00,2026-04-18 23:00:00,51,19.0,0,Continuity (2-mould press)
2026-04-18 00:00:00,C,4506,1D25215013008SXC10,2026-04-18 23:00:00,2026-04-19 07:00:00,51,19.0,0,Continuity (2-mould press)
2026-04-19 00:00:00,A,4506,1D25215013008SXC10,2026-04-19 07:00:00,2026-04-19 15:00:00,51,19.0,0,Continuity (2-mould press)
2026-04-19 00:00:00,B,4506,1D25215013008SXC10,2026-04-19 15:00:00,2026-04-19 23:00:00,51,19.0,0,Continuity (2-mould press)
2026-04-19 00:00:00,C,4506,1D25215013008SXC10,2026-04-19 23:00:00,2026-04-20 07:00:00,51,19.0,0,Continuity (2-mould press)
2026-04-20 00:00:00,A,4506,1D25215013008SXC10,2026-04-20 07:00:00,2026-04-20 15:00:00,51,19.0,0,Continuity (2-mould press)
2026-04-20 00:00:00,B,4506,1D25215013008SXC10,2026-04-20 15:00:00,2026-04-20 23:00:00,51,19.0,0,Continuity (2-mould press)
2026-04-20 00:00:00,C,4506,1D25215013008SXC10,2026-04-20 23:00:00,2026-04-21 07:00:00,51,19.0,0,Continuity (2-mould press)
2026-04-21 00:00:00,A,4506,1D25215013008SXC10,2026-04-21 07:00:00,2026-04-21 15:00:00,51,19.0,0,Continuity (2-mould press)
2026-04-21 00:00:00,B,4506,1D25215013008SXC10,2026-04-21 15:00:00,2026-04-21 23:00:00,51,19.0,0,Continuity (2-mould press)
2026-04-21 00:00:00,C,4506,1D25215013008SXC10,2026-04-21 23:00:00,2026-04-22 07:00:00,51,19.0,0,Continuity (2-mould press)
2026-04-22 00:00:00,A,4506,1D25215013008SXC10,2026-04-22 07:00:00,2026-04-22 15:00:00,51,19.0,0,Continuity (2-mould press)
2026-04-22 00:00:00,B,4506,1D25215013008SXC10,2026-04-22 15:00:00,2026-04-22 23:00:00,51,19.0,0,Continuity (2-mould press)
2026-04-22 00:00:00,C,4506,1D25215013008SXC10,2026-04-22 23:00:00,2026-04-23 07:00:00,51,19.0,0,Continuity (2-mould press)
2026-04-23 00:00:00,A,4506,1D25215013008SXC10,2026-04-23 07:00:00,2026-04-23 15:00:00,51,19.0,0,Continuity (2-mould press)
2026-04-23 00:00:00,B,4506,1D25215013008SXC10,2026-04-23 15:00:00,2026-04-23 23:00:00,51,19.0,0,Continuity (2-mould press)
2026-04-23 00:00:00,C,4506,1D25215013008SXC10,2026-04-23 23:00:00,2026-04-24 07:00:00,51,19.0,0,Continuity (2-mould press)
2026-04-24 00:00:00,A,4506,1D25215013008SXC10,2026-04-24 07:00:00,2026-04-24 15:00:00,51,19.0,0,Continuity (2-mould press)
2026-04-24 00:00:00,B,4506,1D25215013008SXC10,2026-04-24 15:00:00,2026-04-24 23:00:00,51,19.0,0,Continuity (2-mould press)
2026-04-24 00:00:00,C,4506,1D25215013008SXC10,2026-04-24 23:00:00,2026-04-25 07:00:00,51,19.0,0,Continuity (2-mould press)
2026-04-25 00:00:00,A,4506,1D25215013008SXC10,2026-04-25 07:00:00,2026-04-25 15:00:00,51,19.0,0,Continuity (2-mould press)
2026-04-25 00:00:00,B,4506,1D25215013008SXC10,2026-04-25 15:00:00,2026-04-25 23:00:00,51,19.0,0,Continuity (2-mould press)
2026-04-25 00:00:00,C,4506,1D25215013008SXC10,2026-04-25 23:00:00,2026-04-26 07:00:00,51,19.0,0,Continuity (2-mould press)
2026-04-26 00:00:00,A,4506,1D25215013008SXC10,2026-04-26 07:00:00,2026-04-26 15:00:00,51,19.0,0,Continuity (2-mould press)
2026-04-26 00:00:00,B,4506,1D25215013008SXC10,2026-04-26 15:00:00,2026-04-26 23:00:00,51,19.0,0,Continuity (2-mould press)
2026-04-26 00:00:00,C,4506,1D25215013008SXC10,2026-04-26 23:00:00,2026-04-27 07:00:00,51,19.0,0,Continuity (2-mould press)
2026-04-27 00:00:00,A,4506,1D25215013008SXC10,2026-04-27 07:00:00,2026-04-27 15:00:00,51,19.0,0,Continuity (2-mould press)
2026-04-27 00:00:00,B,4506,1D25215013008SXC10,2026-04-27 15:00:00,2026-04-27 23:00:00,51,19.0,0,Continuity (2-mould press)
2026-04-27 00:00:00,C,4506,1D25215013008SXC10,2026-04-27 23:00:00,2026-04-28 07:00:00,51,19.0,0,Continuity (2-mould press)
2026-04-28 00:00:00,A,4506,1D25215013008SXC10,2026-04-28 07:00:00,2026-04-28 15:00:00,51,19.0,0,Continuity (2-mould press)
2026-04-28 00:00:00,B,4506,1D25215013008SXC10,2026-04-28 15:00:00,2026-04-28 23:00:00,51,19.0,0,Continuity (2-mould press)
2026-04-28 00:00:00,C,4506,1D25215013008SXC10,2026-04-28 23:00:00,2026-04-29 07:00:00,51,19.0,0,Continuity (2-mould press)
2026-04-29 00:00:00,A,4506,1D25215013008SXC10,2026-04-29 07:00:00,2026-04-29 09:03:00,13,19.0,0,Continuity (2-mould press)
2026-04-29 00:00:00,A,4506,MOULD_CLEAN,2026-04-29 09:03:00,2026-04-29 12:03:00,0,0.0,0,Mould cleaning (continuity)
2026-04-29 00:00:00,A,4506,1D25215013008SXC10,2026-04-29 12:03:00,2026-04-29 15:00:00,19,19.0,0,Continuity (2-mould press)
2026-04-29 00:00:00,B,4506,1D25215013008SXC10,2026-04-29 15:00:00,2026-04-29 23:00:00,51,19.0,0,Continuity (2-mould press)
2026-04-29 00:00:00,C,4506,1D25215013008SXC10,2026-04-29 23:00:00,2026-04-30 07:00:00,51,19.0,0,Continuity (2-mould press)
2026-04-30 00:00:00,A,4506,1D25215013008SXC10,2026-04-30 07:00:00,2026-04-30 08:38:00,10,19.0,0,Continuity (2-mould press)
2026-04-03 00:00:00,A,4507,1325215514075TUNE0,2026-04-03 07:00:00,2026-04-03 15:00:00,64,15.0,0,Continuity (2-mould press)
2026-04-03 00:00:00,B,4507,1325215514075TUNE0,2026-04-03 15:00:00,2026-04-03 23:00:00,64,15.0,0,Continuity (2-mould press)
2026-04-03 00:00:00,C,4507,1325215514075TUNE0,2026-04-03 23:00:00,2026-04-04 07:00:00,64,15.0,0,Continuity (2-mould press)
2026-04-04 00:00:00,A,4507,1325215514075TUNE0,2026-04-04 07:00:00,2026-04-04 15:00:00,64,15.0,0,Continuity (2-mould press)
2026-04-04 00:00:00,B,4507,1325215514075TUNE0,2026-04-04 15:00:00,2026-04-04 23:00:00,64,15.0,0,Continuity (2-mould press)
2026-04-04 00:00:00,C,4507,1325215514075TUNE0,2026-04-04 23:00:00,2026-04-05 07:00:00,64,15.0,0,Continuity (2-mould press)
2026-04-05 00:00:00,A,4507,1325215514075TUNE0,2026-04-05 07:00:00,2026-04-05 15:00:00,64,15.0,0,Continuity (2-mould press)
2026-04-05 00:00:00,B,4507,1325215514075TUNE0,2026-04-05 15:00:00,2026-04-05 23:00:00,64,15.0,0,Continuity (2-mould press)
2026-04-05 00:00:00,C,4507,1325215514075TUNE0,2026-04-05 23:00:00,2026-04-06 07:00:00,64,15.0,0,Continuity (2-mould press)
2026-04-06 00:00:00,A,4507,1325215514075TUNE0,2026-04-06 07:00:00,2026-04-06 15:00:00,64,15.0,0,Continuity (2-mould press)
2026-04-06 00:00:00,B,4507,1325215514075TUNE0,2026-04-06 15:00:00,2026-04-06 23:00:00,64,15.0,0,Continuity (2-mould press)
2026-04-06 00:00:00,C,4507,1325215514075TUNE0,2026-04-06 23:00:00,2026-04-07 07:00:00,64,15.0,0,Continuity (2-mould press)
2026-04-07 00:00:00,A,4507,1325215514075TUNE0,2026-04-07 07:00:00,2026-04-07 15:00:00,64,15.0,0,Continuity (2-mould press)
2026-04-07 00:00:00,B,4507,1325215514075TUNE0,2026-04-07 15:00:00,2026-04-07 23:00:00,64,15.0,0,Continuity (2-mould press)
2026-04-07 00:00:00,C,4507,1325215514075TUNE0,2026-04-07 23:00:00,2026-04-08 07:00:00,64,15.0,0,Continuity (2-mould press)
2026-04-08 00:00:00,A,4507,1325215514075TUNE0,2026-04-08 07:00:00,2026-04-08 15:00:00,64,15.0,0,Continuity (2-mould press)
2026-04-08 00:00:00,B,4507,1325215514075TUNE0,2026-04-08 15:00:00,2026-04-08 23:00:00,64,15.0,0,Continuity (2-mould press)
2026-04-08 00:00:00,C,4507,1325215514075TUNE0,2026-04-08 23:00:00,2026-04-09 07:00:00,64,15.0,0,Continuity (2-mould press)
2026-04-09 00:00:00,A,4507,1325215514075TUNE0,2026-04-09 07:00:00,2026-04-09 15:00:00,64,15.0,0,Continuity (2-mould press)
2026-04-09 00:00:00,B,4507,1325215514075TUNE0,2026-04-09 15:00:00,2026-04-09 21:15:00,50,15.0,0,Continuity (2-mould press)
2026-04-03 00:00:00,A,4508,1325215813079TUNE5,2026-04-03 07:00:00,2026-04-03 15:00:00,56,17.0,0,Continuity (2-mould press)
2026-04-03 00:00:00,B,4508,1325215813079TUNE5,2026-04-03 15:00:00,2026-04-03 23:00:00,56,17.0,0,Continuity (2-mould press)
2026-04-03 00:00:00,C,4508,1325215813079TUNE5,2026-04-03 23:00:00,2026-04-04 07:00:00,56,17.0,0,Continuity (2-mould press)
2026-04-04 00:00:00,A,4508,1325215813079TUNE5,2026-04-04 07:00:00,2026-04-04 15:00:00,56,17.0,0,Continuity (2-mould press)
2026-04-04 00:00:00,B,4508,1325215813079TUNE5,2026-04-04 15:00:00,2026-04-04 23:00:00,56,17.0,0,Continuity (2-mould press)
2026-04-04 00:00:00,C,4508,1325215813079TUNE5,2026-04-04 23:00:00,2026-04-05 07:00:00,56,17.0,0,Continuity (2-mould press)
2026-04-05 00:00:00,A,4508,1325215813079TUNE5,2026-04-05 07:00:00,2026-04-05 15:00:00,56,17.0,0,Continuity (2-mould press)
2026-04-05 00:00:00,B,4508,1325215813079TUNE5,2026-04-05 15:00:00,2026-04-05 23:00:00,56,17.0,0,Continuity (2-mould press)
2026-04-05 00:00:00,C,4508,1325215813079TUNE5,2026-04-05 23:00:00,2026-04-06 07:00:00,56,17.0,0,Continuity (2-mould press)
2026-04-06 00:00:00,A,4508,1325215813079TUNE5,2026-04-06 07:00:00,2026-04-06 15:00:00,56,17.0,0,Continuity (2-mould press)
2026-04-06 00:00:00,B,4508,1325215813079TUNE5,2026-04-06 15:00:00,2026-04-06 23:00:00,56,17.0,0,Continuity (2-mould press)
2026-04-06 00:00:00,C,4508,1325215813079TUNE5,2026-04-06 23:00:00,2026-04-07 07:00:00,56,17.0,0,Continuity (2-mould press)
2026-04-07 00:00:00,A,4508,1325215813079TUNE5,2026-04-07 07:00:00,2026-04-07 15:00:00,56,17.0,0,Continuity (2-mould press)
2026-04-07 00:00:00,B,4508,1325215813079TUNE5,2026-04-07 15:00:00,2026-04-07 23:00:00,56,17.0,0,Continuity (2-mould press)
2026-04-07 00:00:00,C,4508,1325215813079TUNE5,2026-04-07 23:00:00,2026-04-08 07:00:00,56,17.0,0,Continuity (2-mould press)
2026-04-08 00:00:00,A,4508,1325215813079TUNE5,2026-04-08 07:00:00,2026-04-08 15:00:00,56,17.0,0,Continuity (2-mould press)
2026-04-08 00:00:00,B,4508,1325215813079TUNE5,2026-04-08 15:00:00,2026-04-08 23:00:00,56,17.0,0,Continuity (2-mould press)
2026-04-08 00:00:00,C,4508,1325215813079TUNE5,2026-04-08 23:00:00,2026-04-09 07:00:00,56,17.0,0,Continuity (2-mould press)
2026-04-09 00:00:00,A,4508,1325215813079TUNE5,2026-04-09 07:00:00,2026-04-09 15:00:00,56,17.0,0,Continuity (2-mould press)
2026-04-09 00:00:00,B,4508,1325215813079TUNE5,2026-04-09 15:00:00,2026-04-09 23:00:00,56,17.0,0,Continuity (2-mould press)
2026-04-09 00:00:00,C,4508,1325215813079TUNE5,2026-04-09 23:00:00,2026-04-10 07:00:00,56,17.0,0,Continuity (2-mould press)
2026-04-10 00:00:00,A,4508,1325215813079TUNE5,2026-04-10 07:00:00,2026-04-10 15:00:00,56,17.0,0,Continuity (2-mould press)
2026-04-10 00:00:00,B,4508,1325215813079TUNE5,2026-04-10 15:00:00,2026-04-10 23:00:00,56,17.0,0,Continuity (2-mould press)
2026-04-10 00:00:00,C,4508,1325215813079TUNE5,2026-04-10 23:00:00,2026-04-11 07:00:00,56,17.0,0,Continuity (2-mould press)
2026-04-11 00:00:00,A,4508,1325215813079TUNE5,2026-04-11 07:00:00,2026-04-11 15:00:00,56,17.0,0,Continuity (2-mould press)
2026-04-11 00:00:00,B,4508,1325215813079TUNE5,2026-04-11 15:00:00,2026-04-11 23:00:00,56,17.0,0,Continuity (2-mould press)
2026-04-11 00:00:00,C,4508,1325215813079TUNE5,2026-04-11 23:00:00,2026-04-12 07:00:00,56,17.0,0,Continuity (2-mould press)
2026-04-12 00:00:00,A,4508,1325215813079TUNE5,2026-04-12 07:00:00,2026-04-12 15:00:00,56,17.0,0,Continuity (2-mould press)
2026-04-12 00:00:00,B,4508,1325215813079TUNE5,2026-04-12 15:00:00,2026-04-12 23:00:00,56,17.0,0,Continuity (2-mould press)
2026-04-12 00:00:00,C,4508,1325215813079TUNE5,2026-04-12 23:00:00,2026-04-13 07:00:00,56,17.0,0,Continuity (2-mould press)
2026-04-13 00:00:00,A,4508,1325215813079TUNE5,2026-04-13 07:00:00,2026-04-13 15:00:00,56,17.0,0,Continuity (2-mould press)
2026-04-13 00:00:00,B,4508,1325215813079TUNE5,2026-04-13 15:00:00,2026-04-13 23:00:00,56,17.0,0,Continuity (2-mould press)
2026-04-13 00:00:00,C,4508,1325215813079TUNE5,2026-04-13 23:00:00,2026-04-14 07:00:00,56,17.0,0,Continuity (2-mould press)
2026-04-14 00:00:00,A,4508,1325215813079TUNE5,2026-04-14 07:00:00,2026-04-14 15:00:00,56,17.0,0,Continuity (2-mould press)
2026-04-14 00:00:00,B,4508,1325215813079TUNE5,2026-04-14 15:00:00,2026-04-14 23:00:00,56,17.0,0,Continuity (2-mould press)
2026-04-14 00:00:00,C,4508,1325215813079TUNE5,2026-04-14 23:00:00,2026-04-15 07:00:00,56,17.0,0,Continuity (2-mould press)
2026-04-15 00:00:00,A,4508,1325215813079TUNE5,2026-04-15 07:00:00,2026-04-15 15:00:00,56,17.0,0,Continuity (2-mould press)
2026-04-15 00:00:00,B,4508,1325215813079TUNE5,2026-04-15 15:00:00,2026-04-15 23:00:00,56,17.0,0,Continuity (2-mould press)
2026-04-15 00:00:00,C,4508,1325215813079TUNE5,2026-04-15 23:00:00,2026-04-16 07:00:00,56,17.0,0,Continuity (2-mould press)
2026-04-16 00:00:00,A,4508,1325215813079TUNE5,2026-04-16 07:00:00,2026-04-16 15:00:00,56,17.0,0,Continuity (2-mould press)
2026-04-16 00:00:00,B,4508,1325215813079TUNE5,2026-04-16 15:00:00,2026-04-16 23:00:00,56,17.0,0,Continuity (2-mould press)
2026-04-16 00:00:00,C,4508,1325215813079TUNE5,2026-04-16 23:00:00,2026-04-17 07:00:00,56,17.0,0,Continuity (2-mould press)
2026-04-17 00:00:00,A,4508,1325215813079TUNE5,2026-04-17 07:00:00,2026-04-17 15:00:00,56,17.0,0,Continuity (2-mould press)
2026-04-17 00:00:00,B,4508,1325215813079TUNE5,2026-04-17 15:00:00,2026-04-17 23:00:00,56,17.0,0,Continuity (2-mould press)
2026-04-17 00:00:00,C,4508,1325215813079TUNE5,2026-04-17 23:00:00,2026-04-18 07:00:00,56,17.0,0,Continuity (2-mould press)
2026-04-18 00:00:00,A,4508,1325215813079TUNE5,2026-04-18 07:00:00,2026-04-18 15:00:00,56,17.0,0,Continuity (2-mould press)
2026-04-18 00:00:00,B,4508,1325215813079TUNE5,2026-04-18 15:00:00,2026-04-18 23:00:00,56,17.0,0,Continuity (2-mould press)
2026-04-18 00:00:00,C,4508,1325215813079TUNE5,2026-04-18 23:00:00,2026-04-19 03:48:00,34,17.0,0,Continuity (2-mould press)
2026-04-18 00:00:00,C,4508,MOULD_CLEAN,2026-04-19 03:48:00,2026-04-19 06:48:00,0,0.0,0,Mould cleaning (continuity)
2026-04-18 00:00:00,C,4508,1325215813079TUNE5,2026-04-19 06:48:00,2026-04-19 07:00:00,1,17.0,0,Continuity (2-mould press)
2026-04-19 00:00:00,A,4508,1325215813079TUNE5,2026-04-19 07:00:00,2026-04-19 15:00:00,56,17.0,0,Continuity (2-mould press)
2026-04-19 00:00:00,B,4508,1325215813079TUNE5,2026-04-19 15:00:00,2026-04-19 23:00:00,56,17.0,0,Continuity (2-mould press)
2026-04-19 00:00:00,C,4508,1325215813079TUNE5,2026-04-19 23:00:00,2026-04-20 07:00:00,56,17.0,0,Continuity (2-mould press)
2026-04-20 00:00:00,A,4508,1325215813079TUNE5,2026-04-20 07:00:00,2026-04-20 15:00:00,56,17.0,0,Continuity (2-mould press)
2026-04-20 00:00:00,B,4508,1325215813079TUNE5,2026-04-20 15:00:00,2026-04-20 23:00:00,56,17.0,0,Continuity (2-mould press)
2026-04-20 00:00:00,C,4508,1325215813079TUNE5,2026-04-20 23:00:00,2026-04-21 07:00:00,56,17.0,0,Continuity (2-mould press)
2026-04-21 00:00:00,A,4508,1325215813079TUNE5,2026-04-21 07:00:00,2026-04-21 15:00:00,56,17.0,0,Continuity (2-mould press)
2026-04-21 00:00:00,B,4508,1325215813079TUNE5,2026-04-21 15:00:00,2026-04-21 23:00:00,56,17.0,0,Continuity (2-mould press)
2026-04-21 00:00:00,C,4508,1325215813079TUNE5,2026-04-21 23:00:00,2026-04-22 07:00:00,56,17.0,0,Continuity (2-mould press)
2026-04-22 00:00:00,A,4508,1325215813079TUNE5,2026-04-22 07:00:00,2026-04-22 15:00:00,56,17.0,0,Continuity (2-mould press)
2026-04-22 00:00:00,B,4508,1325215813079TUNE5,2026-04-22 15:00:00,2026-04-22 23:00:00,56,17.0,0,Continuity (2-mould press)
2026-04-22 00:00:00,C,4508,1325215813079TUNE5,2026-04-22 23:00:00,2026-04-23 07:00:00,56,17.0,0,Continuity (2-mould press)
2026-04-23 00:00:00,A,4508,1325215813079TUNE5,2026-04-23 07:00:00,2026-04-23 15:00:00,56,17.0,0,Continuity (2-mould press)
2026-04-23 00:00:00,B,4508,1325215813079TUNE5,2026-04-23 15:00:00,2026-04-23 23:00:00,56,17.0,0,Continuity (2-mould press)
2026-04-23 00:00:00,C,4508,1325215813079TUNE5,2026-04-23 23:00:00,2026-04-24 07:00:00,56,17.0,0,Continuity (2-mould press)
2026-04-24 00:00:00,A,4508,1325215813079TUNE5,2026-04-24 07:00:00,2026-04-24 15:00:00,56,17.0,0,Continuity (2-mould press)
2026-04-24 00:00:00,B,4508,1325215813079TUNE5,2026-04-24 15:00:00,2026-04-24 23:00:00,56,17.0,0,Continuity (2-mould press)
2026-04-24 00:00:00,C,4508,1325215813079TUNE5,2026-04-24 23:00:00,2026-04-25 07:00:00,56,17.0,0,Continuity (2-mould press)
2026-04-25 00:00:00,A,4508,1325215813079TUNE5,2026-04-25 07:00:00,2026-04-25 15:00:00,56,17.0,0,Continuity (2-mould press)
2026-04-25 00:00:00,B,4508,1325215813079TUNE5,2026-04-25 15:00:00,2026-04-25 23:00:00,56,17.0,0,Continuity (2-mould press)
2026-04-25 00:00:00,C,4508,1325215813079TUNE5,2026-04-25 23:00:00,2026-04-26 07:00:00,56,17.0,0,Continuity (2-mould press)
2026-04-26 00:00:00,A,4508,1325215813079TUNE5,2026-04-26 07:00:00,2026-04-26 15:00:00,56,17.0,0,Continuity (2-mould press)
2026-04-26 00:00:00,B,4508,1325215813079TUNE5,2026-04-26 15:00:00,2026-04-26 23:00:00,56,17.0,0,Continuity (2-mould press)
2026-04-26 00:00:00,C,4508,1325215813079TUNE5,2026-04-26 23:00:00,2026-04-27 07:00:00,56,17.0,0,Continuity (2-mould press)
2026-04-27 00:00:00,A,4508,1325215813079TUNE5,2026-04-27 07:00:00,2026-04-27 15:00:00,56,17.0,0,Continuity (2-mould press)
2026-04-27 00:00:00,B,4508,1325215813079TUNE5,2026-04-27 15:00:00,2026-04-27 23:00:00,56,17.0,0,Continuity (2-mould press)
2026-04-27 00:00:00,C,4508,1325215813079TUNE5,2026-04-27 23:00:00,2026-04-28 07:00:00,56,17.0,0,Continuity (2-mould press)
2026-04-28 00:00:00,A,4508,1325215813079TUNE5,2026-04-28 07:00:00,2026-04-28 15:00:00,56,17.0,0,Continuity (2-mould press)
2026-04-28 00:00:00,B,4508,1325215813079TUNE5,2026-04-28 15:00:00,2026-04-28 23:00:00,56,17.0,0,Continuity (2-mould press)
2026-04-28 00:00:00,C,4508,1325215813079TUNE5,2026-04-28 23:00:00,2026-04-29 07:00:00,56,17.0,0,Continuity (2-mould press)
2026-04-29 00:00:00,A,4508,1325215813079TUNE5,2026-04-29 07:00:00,2026-04-29 15:00:00,56,17.0,0,Continuity (2-mould press)
2026-04-29 00:00:00,B,4508,1325215813079TUNE5,2026-04-29 15:00:00,2026-04-29 23:00:00,56,17.0,0,Continuity (2-mould press)
2026-04-29 00:00:00,C,4508,1325215813079TUNE5,2026-04-29 23:00:00,2026-04-30 07:00:00,56,17.0,0,Continuity (2-mould press)
2026-04-30 00:00:00,A,4508,1325215813079TUNE5,2026-04-30 07:00:00,2026-04-30 15:00:00,56,17.0,0,Continuity (2-mould press)
2026-04-30 00:00:00,B,4508,1325215813079TUNE5,2026-04-30 15:00:00,2026-04-30 23:00:00,56,17.0,0,Continuity (2-mould press)
2026-04-30 00:00:00,C,4508,1325215813079TUNE5,2026-04-30 23:00:00,2026-05-01 07:00:00,56,17.0,0,Continuity (2-mould press)
2026-05-01 00:00:00,A,4508,1325215813079TUNE5,2026-05-01 07:00:00,2026-05-01 15:00:00,56,17.0,0,Continuity (2-mould press)
2026-05-01 00:00:00,B,4508,1325215813079TUNE5,2026-05-01 15:00:00,2026-05-01 23:00:00,56,17.0,0,Continuity (2-mould press)
2026-05-01 00:00:00,C,4508,1325215813079TUNE5,2026-05-01 23:00:00,2026-05-02 07:00:00,56,17.0,0,Continuity (2-mould press)
2026-05-02 00:00:00,A,4508,1325215813079TUNE5,2026-05-02 07:00:00,2026-05-02 15:00:00,56,17.0,0,Continuity (2-mould press)
2026-05-02 00:00:00,B,4508,1325215813079TUNE5,2026-05-02 15:00:00,2026-05-02 23:00:00,56,17.0,0,Continuity (2-mould press)
2026-05-02 00:00:00,C,4508,1325215813079TUNE5,2026-05-02 23:00:00,2026-05-03 07:00:00,56,17.0,0,Continuity (2-mould press)
2026-04-03 00:00:00,A,4509,1325215813079TUNE3,2026-04-03 07:00:00,2026-04-03 15:00:00,69,14.0,0,Continuity (2-mould press)
2026-04-03 00:00:00,B,4509,1325215813079TUNE3,2026-04-03 15:00:00,2026-04-03 23:00:00,69,14.0,0,Continuity (2-mould press)
2026-04-03 00:00:00,C,4509,1325215813079TUNE3,2026-04-03 23:00:00,2026-04-04 07:00:00,69,14.0,0,Continuity (2-mould press)
2026-04-04 00:00:00,A,4509,1325215813079TUNE3,2026-04-04 07:00:00,2026-04-04 15:00:00,69,14.0,0,Continuity (2-mould press)
2026-04-04 00:00:00,B,4509,1325215813079TUNE3,2026-04-04 15:00:00,2026-04-04 23:00:00,69,14.0,0,Continuity (2-mould press)
2026-04-04 00:00:00,C,4509,1325215813079TUNE3,2026-04-04 23:00:00,2026-04-05 07:00:00,69,14.0,0,Continuity (2-mould press)
2026-04-05 00:00:00,A,4509,1325215813079TUNE3,2026-04-05 07:00:00,2026-04-05 15:00:00,69,14.0,0,Continuity (2-mould press)
2026-04-05 00:00:00,B,4509,1325215813079TUNE3,2026-04-05 15:00:00,2026-04-05 23:00:00,69,14.0,0,Continuity (2-mould press)
2026-04-05 00:00:00,C,4509,1325215813079TUNE3,2026-04-05 23:00:00,2026-04-06 07:00:00,69,14.0,0,Continuity (2-mould press)
2026-04-06 00:00:00,A,4509,1325215813079TUNE3,2026-04-06 07:00:00,2026-04-06 15:00:00,69,14.0,0,Continuity (2-mould press)
2026-04-06 00:00:00,B,4509,1325215813079TUNE3,2026-04-06 15:00:00,2026-04-06 23:00:00,69,14.0,0,Continuity (2-mould press)
2026-04-06 00:00:00,C,4509,1325215813079TUNE3,2026-04-06 23:00:00,2026-04-07 07:00:00,69,14.0,0,Continuity (2-mould press)
2026-04-07 00:00:00,A,4509,1325215813079TUNE3,2026-04-07 07:00:00,2026-04-07 15:00:00,69,14.0,0,Continuity (2-mould press)
2026-04-07 00:00:00,B,4509,1325215813079TUNE3,2026-04-07 15:00:00,2026-04-07 23:00:00,69,14.0,0,Continuity (2-mould press)
2026-04-07 00:00:00,C,4509,1325215813079TUNE3,2026-04-07 23:00:00,2026-04-08 07:00:00,69,14.0,0,Continuity (2-mould press)
2026-04-08 00:00:00,A,4509,1325215813079TUNE3,2026-04-08 07:00:00,2026-04-08 15:00:00,69,14.0,0,Continuity (2-mould press)
2026-04-08 00:00:00,B,4509,1325215813079TUNE3,2026-04-08 15:00:00,2026-04-08 23:00:00,69,14.0,0,Continuity (2-mould press)
2026-04-08 00:00:00,C,4509,1325215813079TUNE3,2026-04-08 23:00:00,2026-04-09 07:00:00,69,14.0,0,Continuity (2-mould press)
2026-04-09 00:00:00,A,4509,1325215813079TUNE3,2026-04-09 07:00:00,2026-04-09 15:00:00,69,14.0,0,Continuity (2-mould press)
2026-04-09 00:00:00,B,4509,1325215813079TUNE3,2026-04-09 15:00:00,2026-04-09 23:00:00,69,14.0,0,Continuity (2-mould press)
2026-04-09 00:00:00,C,4509,1325215813079TUNE3,2026-04-09 23:00:00,2026-04-10 07:00:00,69,14.0,0,Continuity (2-mould press)
2026-04-10 00:00:00,A,4509,1325215813079TUNE3,2026-04-10 07:00:00,2026-04-10 15:00:00,69,14.0,0,Continuity (2-mould press)
2026-04-10 00:00:00,B,4509,1325215813079TUNE3,2026-04-10 15:00:00,2026-04-10 23:00:00,69,14.0,0,Continuity (2-mould press)
2026-04-10 00:00:00,C,4509,1325215813079TUNE3,2026-04-10 23:00:00,2026-04-11 07:00:00,69,14.0,0,Continuity (2-mould press)
2026-04-11 00:00:00,A,4509,1325215813079TUNE3,2026-04-11 07:00:00,2026-04-11 15:00:00,69,14.0,0,Continuity (2-mould press)
2026-04-11 00:00:00,B,4509,1325215813079TUNE3,2026-04-11 15:00:00,2026-04-11 23:00:00,69,14.0,0,Continuity (2-mould press)
2026-04-11 00:00:00,C,4509,1325215813079TUNE3,2026-04-11 23:00:00,2026-04-12 07:00:00,69,14.0,0,Continuity (2-mould press)
2026-04-12 00:00:00,A,4509,1325215813079TUNE3,2026-04-12 07:00:00,2026-04-12 15:00:00,69,14.0,0,Continuity (2-mould press)
2026-04-12 00:00:00,B,4509,1325215813079TUNE3,2026-04-12 15:00:00,2026-04-12 23:00:00,69,14.0,0,Continuity (2-mould press)
2026-04-12 00:00:00,C,4509,1325215813079TUNE3,2026-04-12 23:00:00,2026-04-13 07:00:00,69,14.0,0,Continuity (2-mould press)
2026-04-13 00:00:00,A,4509,1325215813079TUNE3,2026-04-13 07:00:00,2026-04-13 15:00:00,69,14.0,0,Continuity (2-mould press)
2026-04-13 00:00:00,B,4509,1325215813079TUNE3,2026-04-13 15:00:00,2026-04-13 23:00:00,69,14.0,0,Continuity (2-mould press)
2026-04-13 00:00:00,C,4509,1325215813079TUNE3,2026-04-13 23:00:00,2026-04-14 07:00:00,69,14.0,0,Continuity (2-mould press)
2026-04-14 00:00:00,A,4509,1325215813079TUNE3,2026-04-14 07:00:00,2026-04-14 15:00:00,69,14.0,0,Continuity (2-mould press)
2026-04-14 00:00:00,B,4509,1325215813079TUNE3,2026-04-14 15:00:00,2026-04-14 23:00:00,69,14.0,0,Continuity (2-mould press)
2026-04-14 00:00:00,C,4509,1325215813079TUNE3,2026-04-14 23:00:00,2026-04-15 07:00:00,69,14.0,0,Continuity (2-mould press)
2026-04-15 00:00:00,A,4509,1325215813079TUNE3,2026-04-15 07:00:00,2026-04-15 15:00:00,69,14.0,0,Continuity (2-mould press)
2026-04-15 00:00:00,B,4509,1325215813079TUNE3,2026-04-15 15:00:00,2026-04-15 23:00:00,69,14.0,0,Continuity (2-mould press)
2026-04-15 00:00:00,C,4509,1325215813079TUNE3,2026-04-15 23:00:00,2026-04-16 07:00:00,69,14.0,0,Continuity (2-mould press)
2026-04-16 00:00:00,A,4509,1325215813079TUNE3,2026-04-16 07:00:00,2026-04-16 15:00:00,69,14.0,0,Continuity (2-mould press)
2026-04-16 00:00:00,B,4509,1325215813079TUNE3,2026-04-16 15:00:00,2026-04-16 23:00:00,69,14.0,0,Continuity (2-mould press)
2026-04-16 00:00:00,C,4509,1325215813079TUNE3,2026-04-16 23:00:00,2026-04-17 07:00:00,69,14.0,0,Continuity (2-mould press)
2026-04-17 00:00:00,A,4509,1325215813079TUNE3,2026-04-17 07:00:00,2026-04-17 15:00:00,69,14.0,0,Continuity (2-mould press)
2026-04-17 00:00:00,B,4509,1325215813079TUNE3,2026-04-17 15:00:00,2026-04-17 23:00:00,69,14.0,0,Continuity (2-mould press)
2026-04-17 00:00:00,C,4509,1325215813079TUNE3,2026-04-17 23:00:00,2026-04-18 07:00:00,69,14.0,0,Continuity (2-mould press)
2026-04-18 00:00:00,A,4509,1325215813079TUNE3,2026-04-18 07:00:00,2026-04-18 15:00:00,69,14.0,0,Continuity (2-mould press)
2026-04-18 00:00:00,B,4509,1325215813079TUNE3,2026-04-18 15:00:00,2026-04-18 23:00:00,69,14.0,0,Continuity (2-mould press)
2026-04-18 00:00:00,C,4509,1325215813079TUNE3,2026-04-18 23:00:00,2026-04-19 07:00:00,69,14.0,0,Continuity (2-mould press)
2026-04-19 00:00:00,A,4509,1325215813079TUNE3,2026-04-19 07:00:00,2026-04-19 15:00:00,69,14.0,0,Continuity (2-mould press)
2026-04-19 00:00:00,B,4509,1325215813079TUNE3,2026-04-19 15:00:00,2026-04-19 23:00:00,69,14.0,0,Continuity (2-mould press)
2026-04-19 00:00:00,C,4509,1325215813079TUNE3,2026-04-19 23:00:00,2026-04-20 07:00:00,69,14.0,0,Continuity (2-mould press)
2026-04-20 00:00:00,A,4509,1325215813079TUNE3,2026-04-20 07:00:00,2026-04-20 15:00:00,69,14.0,0,Continuity (2-mould press)
2026-04-20 00:00:00,B,4509,1325215813079TUNE3,2026-04-20 15:00:00,2026-04-20 23:00:00,69,14.0,0,Continuity (2-mould press)
2026-04-20 00:00:00,C,4509,1325215813079TUNE3,2026-04-20 23:00:00,2026-04-21 07:00:00,69,14.0,0,Continuity (2-mould press)
2026-04-21 00:00:00,A,4509,1325215813079TUNE3,2026-04-21 07:00:00,2026-04-21 15:00:00,69,14.0,0,Continuity (2-mould press)
2026-04-21 00:00:00,B,4509,1325215813079TUNE3,2026-04-21 15:00:00,2026-04-21 23:00:00,69,14.0,0,Continuity (2-mould press)
2026-04-21 00:00:00,C,4509,1325215813079TUNE3,2026-04-21 23:00:00,2026-04-22 07:00:00,69,14.0,0,Continuity (2-mould press)
2026-04-22 00:00:00,A,4509,1325215813079TUNE3,2026-04-22 07:00:00,2026-04-22 15:00:00,69,14.0,0,Continuity (2-mould press)
2026-04-22 00:00:00,B,4509,1325215813079TUNE3,2026-04-22 15:00:00,2026-04-22 23:00:00,69,14.0,0,Continuity (2-mould press)
2026-04-22 00:00:00,C,4509,1325215813079TUNE3,2026-04-22 23:00:00,2026-04-23 07:00:00,69,14.0,0,Continuity (2-mould press)
2026-04-23 00:00:00,A,4509,1325215813079TUNE3,2026-04-23 07:00:00,2026-04-23 15:00:00,69,14.0,0,Continuity (2-mould press)
2026-04-23 00:00:00,B,4509,1325215813079TUNE3,2026-04-23 15:00:00,2026-04-23 23:00:00,69,14.0,0,Continuity (2-mould press)
2026-04-23 00:00:00,C,4509,1325215813079TUNE3,2026-04-23 23:00:00,2026-04-24 07:00:00,69,14.0,0,Continuity (2-mould press)
2026-04-24 00:00:00,A,4509,1325215813079TUNE3,2026-04-24 07:00:00,2026-04-24 15:00:00,69,14.0,0,Continuity (2-mould press)
2026-04-24 00:00:00,B,4509,1325215813079TUNE3,2026-04-24 15:00:00,2026-04-24 23:00:00,69,14.0,0,Continuity (2-mould press)
2026-04-24 00:00:00,C,4509,1325215813079TUNE3,2026-04-24 23:00:00,2026-04-25 07:00:00,69,14.0,0,Continuity (2-mould press)
2026-04-25 00:00:00,A,4509,1325215813079TUNE3,2026-04-25 07:00:00,2026-04-25 15:00:00,69,14.0,0,Continuity (2-mould press)
2026-04-25 00:00:00,B,4509,1325215813079TUNE3,2026-04-25 15:00:00,2026-04-25 23:00:00,69,14.0,0,Continuity (2-mould press)
2026-04-25 00:00:00,C,4509,1325215813079TUNE3,2026-04-25 23:00:00,2026-04-26 07:00:00,69,14.0,0,Continuity (2-mould press)
2026-04-26 00:00:00,A,4509,1325215813079TUNE3,2026-04-26 07:00:00,2026-04-26 15:00:00,69,14.0,0,Continuity (2-mould press)
2026-04-26 00:00:00,B,4509,1325215813079TUNE3,2026-04-26 15:00:00,2026-04-26 23:00:00,69,14.0,0,Continuity (2-mould press)
2026-04-26 00:00:00,C,4509,1325215813079TUNE3,2026-04-26 23:00:00,2026-04-27 03:50:00,41,14.0,0,Continuity (2-mould press)
2026-04-03 00:00:00,A,4510,1D25215013008SXC10,2026-04-03 07:00:00,2026-04-03 15:00:00,51,19.0,0,Continuity (2-mould press)
2026-04-03 00:00:00,B,4510,1D25215013008SXC10,2026-04-03 15:00:00,2026-04-03 23:00:00,51,19.0,0,Continuity (2-mould press)
2026-04-03 00:00:00,C,4510,1D25215013008SXC10,2026-04-03 23:00:00,2026-04-04 07:00:00,51,19.0,0,Continuity (2-mould press)
2026-04-04 00:00:00,A,4510,1D25215013008SXC10,2026-04-04 07:00:00,2026-04-04 15:00:00,51,19.0,0,Continuity (2-mould press)
2026-04-04 00:00:00,B,4510,1D25215013008SXC10,2026-04-04 15:00:00,2026-04-04 23:00:00,51,19.0,0,Continuity (2-mould press)
2026-04-04 00:00:00,C,4510,1D25215013008SXC10,2026-04-04 23:00:00,2026-04-05 07:00:00,51,19.0,0,Continuity (2-mould press)
2026-04-05 00:00:00,A,4510,1D25215013008SXC10,2026-04-05 07:00:00,2026-04-05 15:00:00,51,19.0,0,Continuity (2-mould press)
2026-04-05 00:00:00,B,4510,1D25215013008SXC10,2026-04-05 15:00:00,2026-04-05 23:00:00,51,19.0,0,Continuity (2-mould press)
2026-04-05 00:00:00,C,4510,1D25215013008SXC10,2026-04-05 23:00:00,2026-04-06 07:00:00,51,19.0,0,Continuity (2-mould press)
2026-04-06 00:00:00,A,4510,1D25215013008SXC10,2026-04-06 07:00:00,2026-04-06 15:00:00,51,19.0,0,Continuity (2-mould press)
2026-04-06 00:00:00,B,4510,1D25215013008SXC10,2026-04-06 15:00:00,2026-04-06 23:00:00,51,19.0,0,Continuity (2-mould press)
2026-04-06 00:00:00,C,4510,1D25215013008SXC10,2026-04-06 23:00:00,2026-04-07 07:00:00,51,19.0,0,Continuity (2-mould press)
2026-04-07 00:00:00,A,4510,1D25215013008SXC10,2026-04-07 07:00:00,2026-04-07 15:00:00,51,19.0,0,Continuity (2-mould press)
2026-04-07 00:00:00,B,4510,1D25215013008SXC10,2026-04-07 15:00:00,2026-04-07 23:00:00,51,19.0,0,Continuity (2-mould press)
2026-04-07 00:00:00,C,4510,1D25215013008SXC10,2026-04-07 23:00:00,2026-04-08 07:00:00,51,19.0,0,Continuity (2-mould press)
2026-04-08 00:00:00,A,4510,1D25215013008SXC10,2026-04-08 07:00:00,2026-04-08 15:00:00,51,19.0,0,Continuity (2-mould press)
2026-04-08 00:00:00,B,4510,1D25215013008SXC10,2026-04-08 15:00:00,2026-04-08 23:00:00,51,19.0,0,Continuity (2-mould press)
2026-04-08 00:00:00,C,4510,1D25215013008SXC10,2026-04-08 23:00:00,2026-04-09 07:00:00,51,19.0,0,Continuity (2-mould press)
2026-04-09 00:00:00,A,4510,1D25215013008SXC10,2026-04-09 07:00:00,2026-04-09 15:00:00,51,19.0,0,Continuity (2-mould press)
2026-04-09 00:00:00,B,4510,1D25215013008SXC10,2026-04-09 15:00:00,2026-04-09 23:00:00,51,19.0,0,Continuity (2-mould press)
2026-04-09 00:00:00,C,4510,1D25215013008SXC10,2026-04-09 23:00:00,2026-04-10 07:00:00,51,19.0,0,Continuity (2-mould press)
2026-04-10 00:00:00,A,4510,1D25215013008SXC10,2026-04-10 07:00:00,2026-04-10 15:00:00,51,19.0,0,Continuity (2-mould press)
2026-04-10 00:00:00,B,4510,1D25215013008SXC10,2026-04-10 15:00:00,2026-04-10 23:00:00,51,19.0,0,Continuity (2-mould press)
2026-04-10 00:00:00,C,4510,1D25215013008SXC10,2026-04-10 23:00:00,2026-04-11 07:00:00,51,19.0,0,Continuity (2-mould press)
2026-04-11 00:00:00,A,4510,1D25215013008SXC10,2026-04-11 07:00:00,2026-04-11 15:00:00,51,19.0,0,Continuity (2-mould press)
2026-04-11 00:00:00,B,4510,1D25215013008SXC10,2026-04-11 15:00:00,2026-04-11 23:00:00,51,19.0,0,Continuity (2-mould press)
2026-04-11 00:00:00,C,4510,1D25215013008SXC10,2026-04-11 23:00:00,2026-04-12 07:00:00,51,19.0,0,Continuity (2-mould press)
2026-04-12 00:00:00,A,4510,1D25215013008SXC10,2026-04-12 07:00:00,2026-04-12 15:00:00,51,19.0,0,Continuity (2-mould press)
2026-04-12 00:00:00,B,4510,1D25215013008SXC10,2026-04-12 15:00:00,2026-04-12 23:00:00,51,19.0,0,Continuity (2-mould press)
2026-04-12 00:00:00,C,4510,1D25215013008SXC10,2026-04-12 23:00:00,2026-04-13 07:00:00,51,19.0,0,Continuity (2-mould press)
2026-04-13 00:00:00,A,4510,1D25215013008SXC10,2026-04-13 07:00:00,2026-04-13 15:00:00,51,19.0,0,Continuity (2-mould press)
2026-04-13 00:00:00,B,4510,1D25215013008SXC10,2026-04-13 15:00:00,2026-04-13 23:00:00,51,19.0,0,Continuity (2-mould press)
2026-04-13 00:00:00,C,4510,1D25215013008SXC10,2026-04-13 23:00:00,2026-04-14 07:00:00,51,19.0,0,Continuity (2-mould press)
2026-04-14 00:00:00,A,4510,1D25215013008SXC10,2026-04-14 07:00:00,2026-04-14 15:00:00,51,19.0,0,Continuity (2-mould press)
2026-04-14 00:00:00,B,4510,1D25215013008SXC10,2026-04-14 15:00:00,2026-04-14 23:00:00,51,19.0,0,Continuity (2-mould press)
2026-04-14 00:00:00,C,4510,1D25215013008SXC10,2026-04-14 23:00:00,2026-04-15 07:00:00,51,19.0,0,Continuity (2-mould press)
2026-04-15 00:00:00,A,4510,1D25215013008SXC10,2026-04-15 07:00:00,2026-04-15 15:00:00,51,19.0,0,Continuity (2-mould press)
2026-04-15 00:00:00,B,4510,1D25215013008SXC10,2026-04-15 15:00:00,2026-04-15 23:00:00,51,19.0,0,Continuity (2-mould press)
2026-04-15 00:00:00,C,4510,1D25215013008SXC10,2026-04-15 23:00:00,2026-04-16 07:00:00,51,19.0,0,Continuity (2-mould press)
2026-04-16 00:00:00,A,4510,1D25215013008SXC10,2026-04-16 07:00:00,2026-04-16 15:00:00,51,19.0,0,Continuity (2-mould press)
2026-04-16 00:00:00,B,4510,1D25215013008SXC10,2026-04-16 15:00:00,2026-04-16 23:00:00,51,19.0,0,Continuity (2-mould press)
2026-04-16 00:00:00,C,4510,1D25215013008SXC10,2026-04-16 23:00:00,2026-04-17 07:00:00,51,19.0,0,Continuity (2-mould press)
2026-04-17 00:00:00,A,4510,1D25215013008SXC10,2026-04-17 07:00:00,2026-04-17 15:00:00,51,19.0,0,Continuity (2-mould press)
2026-04-17 00:00:00,B,4510,1D25215013008SXC10,2026-04-17 15:00:00,2026-04-17 23:00:00,51,19.0,0,Continuity (2-mould press)
2026-04-17 00:00:00,C,4510,1D25215013008SXC10,2026-04-17 23:00:00,2026-04-18 07:00:00,51,19.0,0,Continuity (2-mould press)
2026-04-18 00:00:00,A,4510,1D25215013008SXC10,2026-04-18 07:00:00,2026-04-18 15:00:00,51,19.0,0,Continuity (2-mould press)
2026-04-18 00:00:00,B,4510,1D25215013008SXC10,2026-04-18 15:00:00,2026-04-18 23:00:00,51,19.0,0,Continuity (2-mould press)
2026-04-18 00:00:00,C,4510,1D25215013008SXC10,2026-04-18 23:00:00,2026-04-19 07:00:00,51,19.0,0,Continuity (2-mould press)
2026-04-19 00:00:00,A,4510,1D25215013008SXC10,2026-04-19 07:00:00,2026-04-19 15:00:00,51,19.0,0,Continuity (2-mould press)
2026-04-19 00:00:00,B,4510,1D25215013008SXC10,2026-04-19 15:00:00,2026-04-19 23:00:00,51,19.0,0,Continuity (2-mould press)
2026-04-19 00:00:00,C,4510,1D25215013008SXC10,2026-04-19 23:00:00,2026-04-20 07:00:00,51,19.0,0,Continuity (2-mould press)
2026-04-20 00:00:00,A,4510,1D25215013008SXC10,2026-04-20 07:00:00,2026-04-20 15:00:00,51,19.0,0,Continuity (2-mould press)
2026-04-20 00:00:00,B,4510,1D25215013008SXC10,2026-04-20 15:00:00,2026-04-20 23:00:00,51,19.0,0,Continuity (2-mould press)
2026-04-20 00:00:00,C,4510,1D25215013008SXC10,2026-04-20 23:00:00,2026-04-21 07:00:00,51,19.0,0,Continuity (2-mould press)
2026-04-21 00:00:00,A,4510,1D25215013008SXC10,2026-04-21 07:00:00,2026-04-21 15:00:00,51,19.0,0,Continuity (2-mould press)
2026-04-21 00:00:00,B,4510,1D25215013008SXC10,2026-04-21 15:00:00,2026-04-21 23:00:00,51,19.0,0,Continuity (2-mould press)
2026-04-21 00:00:00,C,4510,1D25215013008SXC10,2026-04-21 23:00:00,2026-04-22 07:00:00,51,19.0,0,Continuity (2-mould press)
2026-04-22 00:00:00,A,4510,1D25215013008SXC10,2026-04-22 07:00:00,2026-04-22 15:00:00,51,19.0,0,Continuity (2-mould press)
2026-04-22 00:00:00,B,4510,1D25215013008SXC10,2026-04-22 15:00:00,2026-04-22 23:00:00,51,19.0,0,Continuity (2-mould press)
2026-04-22 00:00:00,C,4510,1D25215013008SXC10,2026-04-22 23:00:00,2026-04-23 07:00:00,51,19.0,0,Continuity (2-mould press)
2026-04-23 00:00:00,A,4510,1D25215013008SXC10,2026-04-23 07:00:00,2026-04-23 15:00:00,51,19.0,0,Continuity (2-mould press)
2026-04-23 00:00:00,B,4510,1D25215013008SXC10,2026-04-23 15:00:00,2026-04-23 23:00:00,51,19.0,0,Continuity (2-mould press)
2026-04-23 00:00:00,C,4510,1D25215013008SXC10,2026-04-23 23:00:00,2026-04-24 07:00:00,51,19.0,0,Continuity (2-mould press)
2026-04-24 00:00:00,A,4510,1D25215013008SXC10,2026-04-24 07:00:00,2026-04-24 15:00:00,51,19.0,0,Continuity (2-mould press)
2026-04-24 00:00:00,B,4510,1D25215013008SXC10,2026-04-24 15:00:00,2026-04-24 23:00:00,51,19.0,0,Continuity (2-mould press)
2026-04-24 00:00:00,C,4510,1D25215013008SXC10,2026-04-24 23:00:00,2026-04-25 07:00:00,51,19.0,0,Continuity (2-mould press)
2026-04-25 00:00:00,A,4510,1D25215013008SXC10,2026-04-25 07:00:00,2026-04-25 15:00:00,51,19.0,0,Continuity (2-mould press)
2026-04-25 00:00:00,B,4510,1D25215013008SXC10,2026-04-25 15:00:00,2026-04-25 23:00:00,51,19.0,0,Continuity (2-mould press)
2026-04-25 00:00:00,C,4510,1D25215013008SXC10,2026-04-25 23:00:00,2026-04-26 07:00:00,51,19.0,0,Continuity (2-mould press)
2026-04-26 00:00:00,A,4510,1D25215013008SXC10,2026-04-26 07:00:00,2026-04-26 15:00:00,51,19.0,0,Continuity (2-mould press)
2026-04-26 00:00:00,B,4510,1D25215013008SXC10,2026-04-26 15:00:00,2026-04-26 23:00:00,51,19.0,0,Continuity (2-mould press)
2026-04-26 00:00:00,C,4510,1D25215013008SXC10,2026-04-26 23:00:00,2026-04-27 07:00:00,51,19.0,0,Continuity (2-mould press)
2026-04-27 00:00:00,A,4510,1D25215013008SXC10,2026-04-27 07:00:00,2026-04-27 15:00:00,51,19.0,0,Continuity (2-mould press)
2026-04-27 00:00:00,B,4510,1D25215013008SXC10,2026-04-27 15:00:00,2026-04-27 23:00:00,51,19.0,0,Continuity (2-mould press)
2026-04-27 00:00:00,C,4510,1D25215013008SXC10,2026-04-27 23:00:00,2026-04-28 07:00:00,51,19.0,0,Continuity (2-mould press)
2026-04-28 00:00:00,A,4510,1D25215013008SXC10,2026-04-28 07:00:00,2026-04-28 15:00:00,51,19.0,0,Continuity (2-mould press)
2026-04-28 00:00:00,B,4510,1D25215013008SXC10,2026-04-28 15:00:00,2026-04-28 23:00:00,51,19.0,0,Continuity (2-mould press)
2026-04-28 00:00:00,C,4510,1D25215013008SXC10,2026-04-28 23:00:00,2026-04-29 06:31:00,47,19.0,0,Continuity (2-mould press)
2026-04-28 00:00:00,C,4510,MOULD_CLEAN,2026-04-29 06:31:00,2026-04-29 07:00:00,0,0.0,0,Mould cleaning (continuity)
2026-04-29 00:00:00,A,4510,MOULD_CLEAN,2026-04-29 07:00:00,2026-04-29 09:31:00,0,0.0,0,Mould cleaning (continuity)
2026-04-29 00:00:00,A,4510,1D25215013008SXC10,2026-04-29 09:31:00,2026-04-29 15:00:00,35,19.0,0,Continuity (2-mould press)
2026-04-29 00:00:00,B,4510,1D25215013008SXC10,2026-04-29 15:00:00,2026-04-29 23:00:00,51,19.0,0,Continuity (2-mould press)
2026-04-29 00:00:00,C,4510,1D25215013008SXC10,2026-04-29 23:00:00,2026-04-30 07:00:00,51,19.0,0,Continuity (2-mould press)
2026-04-30 00:00:00,A,4510,1D25215013008SXC10,2026-04-30 07:00:00,2026-04-30 08:38:00,10,19.0,0,Continuity (2-mould press)
2026-04-03 00:00:00,A,4511,1325215813079TUNE3,2026-04-03 07:00:00,2026-04-03 15:00:00,69,14.0,0,Continuity (2-mould press)
2026-04-03 00:00:00,B,4511,1325215813079TUNE3,2026-04-03 15:00:00,2026-04-03 23:00:00,69,14.0,0,Continuity (2-mould press)
2026-04-03 00:00:00,C,4511,1325215813079TUNE3,2026-04-03 23:00:00,2026-04-04 07:00:00,69,14.0,0,Continuity (2-mould press)
2026-04-04 00:00:00,A,4511,1325215813079TUNE3,2026-04-04 07:00:00,2026-04-04 15:00:00,69,14.0,0,Continuity (2-mould press)
2026-04-04 00:00:00,B,4511,1325215813079TUNE3,2026-04-04 15:00:00,2026-04-04 23:00:00,69,14.0,0,Continuity (2-mould press)
2026-04-04 00:00:00,C,4511,1325215813079TUNE3,2026-04-04 23:00:00,2026-04-05 07:00:00,69,14.0,0,Continuity (2-mould press)
2026-04-05 00:00:00,A,4511,1325215813079TUNE3,2026-04-05 07:00:00,2026-04-05 15:00:00,69,14.0,0,Continuity (2-mould press)
2026-04-05 00:00:00,B,4511,1325215813079TUNE3,2026-04-05 15:00:00,2026-04-05 23:00:00,69,14.0,0,Continuity (2-mould press)
2026-04-05 00:00:00,C,4511,1325215813079TUNE3,2026-04-05 23:00:00,2026-04-06 07:00:00,69,14.0,0,Continuity (2-mould press)
2026-04-06 00:00:00,A,4511,1325215813079TUNE3,2026-04-06 07:00:00,2026-04-06 15:00:00,69,14.0,0,Continuity (2-mould press)
2026-04-06 00:00:00,B,4511,1325215813079TUNE3,2026-04-06 15:00:00,2026-04-06 23:00:00,69,14.0,0,Continuity (2-mould press)
2026-04-06 00:00:00,C,4511,1325215813079TUNE3,2026-04-06 23:00:00,2026-04-07 07:00:00,69,14.0,0,Continuity (2-mould press)
2026-04-07 00:00:00,A,4511,1325215813079TUNE3,2026-04-07 07:00:00,2026-04-07 15:00:00,69,14.0,0,Continuity (2-mould press)
2026-04-07 00:00:00,B,4511,1325215813079TUNE3,2026-04-07 15:00:00,2026-04-07 23:00:00,69,14.0,0,Continuity (2-mould press)
2026-04-07 00:00:00,C,4511,1325215813079TUNE3,2026-04-07 23:00:00,2026-04-08 07:00:00,69,14.0,0,Continuity (2-mould press)
2026-04-08 00:00:00,A,4511,1325215813079TUNE3,2026-04-08 07:00:00,2026-04-08 15:00:00,69,14.0,0,Continuity (2-mould press)
2026-04-08 00:00:00,B,4511,1325215813079TUNE3,2026-04-08 15:00:00,2026-04-08 19:46:00,41,14.0,0,Continuity (2-mould press)
2026-04-08 00:00:00,B,4511,MOULD_CLEAN,2026-04-08 19:46:00,2026-04-08 22:46:00,0,0.0,0,Mould cleaning (continuity)
2026-04-08 00:00:00,B,4511,1325215813079TUNE3,2026-04-08 22:46:00,2026-04-08 23:00:00,2,14.0,0,Continuity (2-mould press)
2026-04-08 00:00:00,C,4511,1325215813079TUNE3,2026-04-08 23:00:00,2026-04-09 07:00:00,69,14.0,0,Continuity (2-mould press)
2026-04-09 00:00:00,A,4511,1325215813079TUNE3,2026-04-09 07:00:00,2026-04-09 15:00:00,69,14.0,0,Continuity (2-mould press)
2026-04-09 00:00:00,B,4511,1325215813079TUNE3,2026-04-09 15:00:00,2026-04-09 23:00:00,69,14.0,0,Continuity (2-mould press)
2026-04-09 00:00:00,C,4511,1325215813079TUNE3,2026-04-09 23:00:00,2026-04-10 07:00:00,69,14.0,0,Continuity (2-mould press)
2026-04-10 00:00:00,A,4511,1325215813079TUNE3,2026-04-10 07:00:00,2026-04-10 15:00:00,69,14.0,0,Continuity (2-mould press)
2026-04-10 00:00:00,B,4511,1325215813079TUNE3,2026-04-10 15:00:00,2026-04-10 23:00:00,69,14.0,0,Continuity (2-mould press)
2026-04-10 00:00:00,C,4511,1325215813079TUNE3,2026-04-10 23:00:00,2026-04-11 07:00:00,69,14.0,0,Continuity (2-mould press)
2026-04-11 00:00:00,A,4511,1325215813079TUNE3,2026-04-11 07:00:00,2026-04-11 15:00:00,69,14.0,0,Continuity (2-mould press)
2026-04-11 00:00:00,B,4511,1325215813079TUNE3,2026-04-11 15:00:00,2026-04-11 23:00:00,69,14.0,0,Continuity (2-mould press)
2026-04-11 00:00:00,C,4511,1325215813079TUNE3,2026-04-11 23:00:00,2026-04-12 07:00:00,69,14.0,0,Continuity (2-mould press)
2026-04-12 00:00:00,A,4511,1325215813079TUNE3,2026-04-12 07:00:00,2026-04-12 15:00:00,69,14.0,0,Continuity (2-mould press)
2026-04-12 00:00:00,B,4511,1325215813079TUNE3,2026-04-12 15:00:00,2026-04-12 23:00:00,69,14.0,0,Continuity (2-mould press)
2026-04-12 00:00:00,C,4511,1325215813079TUNE3,2026-04-12 23:00:00,2026-04-13 07:00:00,69,14.0,0,Continuity (2-mould press)
2026-04-13 00:00:00,A,4511,1325215813079TUNE3,2026-04-13 07:00:00,2026-04-13 15:00:00,69,14.0,0,Continuity (2-mould press)
2026-04-13 00:00:00,B,4511,1325215813079TUNE3,2026-04-13 15:00:00,2026-04-13 23:00:00,69,14.0,0,Continuity (2-mould press)
2026-04-13 00:00:00,C,4511,1325215813079TUNE3,2026-04-13 23:00:00,2026-04-14 07:00:00,69,14.0,0,Continuity (2-mould press)
2026-04-14 00:00:00,A,4511,1325215813079TUNE3,2026-04-14 07:00:00,2026-04-14 15:00:00,69,14.0,0,Continuity (2-mould press)
2026-04-14 00:00:00,B,4511,1325215813079TUNE3,2026-04-14 15:00:00,2026-04-14 23:00:00,69,14.0,0,Continuity (2-mould press)
2026-04-14 00:00:00,C,4511,1325215813079TUNE3,2026-04-14 23:00:00,2026-04-15 07:00:00,69,14.0,0,Continuity (2-mould press)
2026-04-15 00:00:00,A,4511,1325215813079TUNE3,2026-04-15 07:00:00,2026-04-15 15:00:00,69,14.0,0,Continuity (2-mould press)
2026-04-15 00:00:00,B,4511,1325215813079TUNE3,2026-04-15 15:00:00,2026-04-15 23:00:00,69,14.0,0,Continuity (2-mould press)
2026-04-15 00:00:00,C,4511,1325215813079TUNE3,2026-04-15 23:00:00,2026-04-16 07:00:00,69,14.0,0,Continuity (2-mould press)
2026-04-16 00:00:00,A,4511,1325215813079TUNE3,2026-04-16 07:00:00,2026-04-16 15:00:00,69,14.0,0,Continuity (2-mould press)
2026-04-16 00:00:00,B,4511,1325215813079TUNE3,2026-04-16 15:00:00,2026-04-16 23:00:00,69,14.0,0,Continuity (2-mould press)
2026-04-16 00:00:00,C,4511,1325215813079TUNE3,2026-04-16 23:00:00,2026-04-17 07:00:00,69,14.0,0,Continuity (2-mould press)
2026-04-17 00:00:00,A,4511,1325215813079TUNE3,2026-04-17 07:00:00,2026-04-17 15:00:00,69,14.0,0,Continuity (2-mould press)
2026-04-17 00:00:00,B,4511,1325215813079TUNE3,2026-04-17 15:00:00,2026-04-17 23:00:00,69,14.0,0,Continuity (2-mould press)
2026-04-17 00:00:00,C,4511,1325215813079TUNE3,2026-04-17 23:00:00,2026-04-18 07:00:00,69,14.0,0,Continuity (2-mould press)
2026-04-18 00:00:00,A,4511,1325215813079TUNE3,2026-04-18 07:00:00,2026-04-18 15:00:00,69,14.0,0,Continuity (2-mould press)
2026-04-18 00:00:00,B,4511,1325215813079TUNE3,2026-04-18 15:00:00,2026-04-18 23:00:00,69,14.0,0,Continuity (2-mould press)
2026-04-18 00:00:00,C,4511,1325215813079TUNE3,2026-04-18 23:00:00,2026-04-19 07:00:00,69,14.0,0,Continuity (2-mould press)
2026-04-19 00:00:00,A,4511,1325215813079TUNE3,2026-04-19 07:00:00,2026-04-19 15:00:00,69,14.0,0,Continuity (2-mould press)
2026-04-19 00:00:00,B,4511,1325215813079TUNE3,2026-04-19 15:00:00,2026-04-19 23:00:00,69,14.0,0,Continuity (2-mould press)
2026-04-19 00:00:00,C,4511,1325215813079TUNE3,2026-04-19 23:00:00,2026-04-20 07:00:00,69,14.0,0,Continuity (2-mould press)
2026-04-20 00:00:00,A,4511,1325215813079TUNE3,2026-04-20 07:00:00,2026-04-20 15:00:00,69,14.0,0,Continuity (2-mould press)
2026-04-20 00:00:00,B,4511,1325215813079TUNE3,2026-04-20 15:00:00,2026-04-20 23:00:00,69,14.0,0,Continuity (2-mould press)
2026-04-20 00:00:00,C,4511,1325215813079TUNE3,2026-04-20 23:00:00,2026-04-21 07:00:00,69,14.0,0,Continuity (2-mould press)
2026-04-21 00:00:00,A,4511,1325215813079TUNE3,2026-04-21 07:00:00,2026-04-21 15:00:00,69,14.0,0,Continuity (2-mould press)
2026-04-21 00:00:00,B,4511,1325215813079TUNE3,2026-04-21 15:00:00,2026-04-21 23:00:00,69,14.0,0,Continuity (2-mould press)
2026-04-21 00:00:00,C,4511,1325215813079TUNE3,2026-04-21 23:00:00,2026-04-22 07:00:00,69,14.0,0,Continuity (2-mould press)
2026-04-22 00:00:00,A,4511,1325215813079TUNE3,2026-04-22 07:00:00,2026-04-22 15:00:00,69,14.0,0,Continuity (2-mould press)
2026-04-22 00:00:00,B,4511,1325215813079TUNE3,2026-04-22 15:00:00,2026-04-22 23:00:00,69,14.0,0,Continuity (2-mould press)
2026-04-22 00:00:00,C,4511,1325215813079TUNE3,2026-04-22 23:00:00,2026-04-23 07:00:00,69,14.0,0,Continuity (2-mould press)
2026-04-23 00:00:00,A,4511,1325215813079TUNE3,2026-04-23 07:00:00,2026-04-23 15:00:00,69,14.0,0,Continuity (2-mould press)
2026-04-23 00:00:00,B,4511,1325215813079TUNE3,2026-04-23 15:00:00,2026-04-23 23:00:00,69,14.0,0,Continuity (2-mould press)
2026-04-23 00:00:00,C,4511,1325215813079TUNE3,2026-04-23 23:00:00,2026-04-24 07:00:00,69,14.0,0,Continuity (2-mould press)
2026-04-24 00:00:00,A,4511,1325215813079TUNE3,2026-04-24 07:00:00,2026-04-24 15:00:00,69,14.0,0,Continuity (2-mould press)
2026-04-24 00:00:00,B,4511,1325215813079TUNE3,2026-04-24 15:00:00,2026-04-24 23:00:00,69,14.0,0,Continuity (2-mould press)
2026-04-24 00:00:00,C,4511,1325215813079TUNE3,2026-04-24 23:00:00,2026-04-25 07:00:00,69,14.0,0,Continuity (2-mould press)
2026-04-25 00:00:00,A,4511,1325215813079TUNE3,2026-04-25 07:00:00,2026-04-25 15:00:00,69,14.0,0,Continuity (2-mould press)
2026-04-25 00:00:00,B,4511,1325215813079TUNE3,2026-04-25 15:00:00,2026-04-25 23:00:00,69,14.0,0,Continuity (2-mould press)
2026-04-25 00:00:00,C,4511,1325215813079TUNE3,2026-04-25 23:00:00,2026-04-26 07:00:00,69,14.0,0,Continuity (2-mould press)
2026-04-26 00:00:00,A,4511,1325215813079TUNE3,2026-04-26 07:00:00,2026-04-26 15:00:00,69,14.0,0,Continuity (2-mould press)
2026-04-26 00:00:00,B,4511,1325215813079TUNE3,2026-04-26 15:00:00,2026-04-26 23:00:00,69,14.0,0,Continuity (2-mould press)
2026-04-26 00:00:00,C,4511,1325215813079TUNE3,2026-04-26 23:00:00,2026-04-27 06:50:00,67,14.0,0,Continuity (2-mould press)
2026-04-03 00:00:00,A,4512,1D25215013008SXC10,2026-04-03 07:00:00,2026-04-03 15:00:00,51,19.0,0,Continuity (2-mould press)
2026-04-03 00:00:00,B,4512,1D25215013008SXC10,2026-04-03 15:00:00,2026-04-03 23:00:00,51,19.0,0,Continuity (2-mould press)
2026-04-03 00:00:00,C,4512,1D25215013008SXC10,2026-04-03 23:00:00,2026-04-04 07:00:00,51,19.0,0,Continuity (2-mould press)
2026-04-04 00:00:00,A,4512,1D25215013008SXC10,2026-04-04 07:00:00,2026-04-04 15:00:00,51,19.0,0,Continuity (2-mould press)
2026-04-04 00:00:00,B,4512,1D25215013008SXC10,2026-04-04 15:00:00,2026-04-04 23:00:00,51,19.0,0,Continuity (2-mould press)
2026-04-04 00:00:00,C,4512,1D25215013008SXC10,2026-04-04 23:00:00,2026-04-05 07:00:00,51,19.0,0,Continuity (2-mould press)
2026-04-05 00:00:00,A,4512,1D25215013008SXC10,2026-04-05 07:00:00,2026-04-05 15:00:00,51,19.0,0,Continuity (2-mould press)
2026-04-05 00:00:00,B,4512,1D25215013008SXC10,2026-04-05 15:00:00,2026-04-05 23:00:00,51,19.0,0,Continuity (2-mould press)
2026-04-05 00:00:00,C,4512,1D25215013008SXC10,2026-04-05 23:00:00,2026-04-06 07:00:00,51,19.0,0,Continuity (2-mould press)
2026-04-06 00:00:00,A,4512,1D25215013008SXC10,2026-04-06 07:00:00,2026-04-06 15:00:00,51,19.0,0,Continuity (2-mould press)
2026-04-06 00:00:00,B,4512,1D25215013008SXC10,2026-04-06 15:00:00,2026-04-06 23:00:00,51,19.0,0,Continuity (2-mould press)
2026-04-06 00:00:00,C,4512,1D25215013008SXC10,2026-04-06 23:00:00,2026-04-07 07:00:00,51,19.0,0,Continuity (2-mould press)
2026-04-07 00:00:00,A,4512,1D25215013008SXC10,2026-04-07 07:00:00,2026-04-07 15:00:00,51,19.0,0,Continuity (2-mould press)
2026-04-07 00:00:00,B,4512,1D25215013008SXC10,2026-04-07 15:00:00,2026-04-07 23:00:00,51,19.0,0,Continuity (2-mould press)
2026-04-07 00:00:00,C,4512,1D25215013008SXC10,2026-04-07 23:00:00,2026-04-08 07:00:00,51,19.0,0,Continuity (2-mould press)
2026-04-08 00:00:00,A,4512,1D25215013008SXC10,2026-04-08 07:00:00,2026-04-08 15:00:00,51,19.0,0,Continuity (2-mould press)
2026-04-08 00:00:00,B,4512,1D25215013008SXC10,2026-04-08 15:00:00,2026-04-08 23:00:00,51,19.0,0,Continuity (2-mould press)
2026-04-08 00:00:00,C,4512,1D25215013008SXC10,2026-04-08 23:00:00,2026-04-09 07:00:00,51,19.0,0,Continuity (2-mould press)
2026-04-09 00:00:00,A,4512,1D25215013008SXC10,2026-04-09 07:00:00,2026-04-09 15:00:00,51,19.0,0,Continuity (2-mould press)
2026-04-09 00:00:00,B,4512,1D25215013008SXC10,2026-04-09 15:00:00,2026-04-09 23:00:00,51,19.0,0,Continuity (2-mould press)
2026-04-09 00:00:00,C,4512,1D25215013008SXC10,2026-04-09 23:00:00,2026-04-10 07:00:00,51,19.0,0,Continuity (2-mould press)
2026-04-10 00:00:00,A,4512,1D25215013008SXC10,2026-04-10 07:00:00,2026-04-10 15:00:00,51,19.0,0,Continuity (2-mould press)
2026-04-10 00:00:00,B,4512,1D25215013008SXC10,2026-04-10 15:00:00,2026-04-10 23:00:00,51,19.0,0,Continuity (2-mould press)
2026-04-10 00:00:00,C,4512,1D25215013008SXC10,2026-04-10 23:00:00,2026-04-11 07:00:00,51,19.0,0,Continuity (2-mould press)
2026-04-11 00:00:00,A,4512,1D25215013008SXC10,2026-04-11 07:00:00,2026-04-11 15:00:00,51,19.0,0,Continuity (2-mould press)
2026-04-11 00:00:00,B,4512,1D25215013008SXC10,2026-04-11 15:00:00,2026-04-11 23:00:00,51,19.0,0,Continuity (2-mould press)
2026-04-11 00:00:00,C,4512,1D25215013008SXC10,2026-04-11 23:00:00,2026-04-12 07:00:00,51,19.0,0,Continuity (2-mould press)
2026-04-12 00:00:00,A,4512,1D25215013008SXC10,2026-04-12 07:00:00,2026-04-12 15:00:00,51,19.0,0,Continuity (2-mould press)
2026-04-12 00:00:00,B,4512,1D25215013008SXC10,2026-04-12 15:00:00,2026-04-12 23:00:00,51,19.0,0,Continuity (2-mould press)
2026-04-12 00:00:00,C,4512,1D25215013008SXC10,2026-04-12 23:00:00,2026-04-13 07:00:00,51,19.0,0,Continuity (2-mould press)
2026-04-13 00:00:00,A,4512,1D25215013008SXC10,2026-04-13 07:00:00,2026-04-13 15:00:00,51,19.0,0,Continuity (2-mould press)
2026-04-13 00:00:00,B,4512,1D25215013008SXC10,2026-04-13 15:00:00,2026-04-13 23:00:00,51,19.0,0,Continuity (2-mould press)
2026-04-13 00:00:00,C,4512,1D25215013008SXC10,2026-04-13 23:00:00,2026-04-14 07:00:00,51,19.0,0,Continuity (2-mould press)
2026-04-14 00:00:00,A,4512,1D25215013008SXC10,2026-04-14 07:00:00,2026-04-14 15:00:00,51,19.0,0,Continuity (2-mould press)
2026-04-14 00:00:00,B,4512,1D25215013008SXC10,2026-04-14 15:00:00,2026-04-14 23:00:00,51,19.0,0,Continuity (2-mould press)
2026-04-14 00:00:00,C,4512,1D25215013008SXC10,2026-04-14 23:00:00,2026-04-15 07:00:00,51,19.0,0,Continuity (2-mould press)
2026-04-15 00:00:00,A,4512,1D25215013008SXC10,2026-04-15 07:00:00,2026-04-15 15:00:00,51,19.0,0,Continuity (2-mould press)
2026-04-15 00:00:00,B,4512,1D25215013008SXC10,2026-04-15 15:00:00,2026-04-15 23:00:00,51,19.0,0,Continuity (2-mould press)
2026-04-15 00:00:00,C,4512,1D25215013008SXC10,2026-04-15 23:00:00,2026-04-16 07:00:00,51,19.0,0,Continuity (2-mould press)
2026-04-16 00:00:00,A,4512,1D25215013008SXC10,2026-04-16 07:00:00,2026-04-16 15:00:00,51,19.0,0,Continuity (2-mould press)
2026-04-16 00:00:00,B,4512,1D25215013008SXC10,2026-04-16 15:00:00,2026-04-16 23:00:00,51,19.0,0,Continuity (2-mould press)
2026-04-16 00:00:00,C,4512,1D25215013008SXC10,2026-04-16 23:00:00,2026-04-17 07:00:00,51,19.0,0,Continuity (2-mould press)
2026-04-17 00:00:00,A,4512,1D25215013008SXC10,2026-04-17 07:00:00,2026-04-17 15:00:00,51,19.0,0,Continuity (2-mould press)
2026-04-17 00:00:00,B,4512,1D25215013008SXC10,2026-04-17 15:00:00,2026-04-17 23:00:00,51,19.0,0,Continuity (2-mould press)
2026-04-17 00:00:00,C,4512,1D25215013008SXC10,2026-04-17 23:00:00,2026-04-18 07:00:00,51,19.0,0,Continuity (2-mould press)
2026-04-18 00:00:00,A,4512,1D25215013008SXC10,2026-04-18 07:00:00,2026-04-18 15:00:00,51,19.0,0,Continuity (2-mould press)
2026-04-18 00:00:00,B,4512,1D25215013008SXC10,2026-04-18 15:00:00,2026-04-18 23:00:00,51,19.0,0,Continuity (2-mould press)
2026-04-18 00:00:00,C,4512,1D25215013008SXC10,2026-04-18 23:00:00,2026-04-19 07:00:00,51,19.0,0,Continuity (2-mould press)
2026-04-19 00:00:00,A,4512,1D25215013008SXC10,2026-04-19 07:00:00,2026-04-19 15:00:00,51,19.0,0,Continuity (2-mould press)
2026-04-19 00:00:00,B,4512,1D25215013008SXC10,2026-04-19 15:00:00,2026-04-19 23:00:00,51,19.0,0,Continuity (2-mould press)
2026-04-19 00:00:00,C,4512,1D25215013008SXC10,2026-04-19 23:00:00,2026-04-20 07:00:00,51,19.0,0,Continuity (2-mould press)
2026-04-20 00:00:00,A,4512,1D25215013008SXC10,2026-04-20 07:00:00,2026-04-20 15:00:00,51,19.0,0,Continuity (2-mould press)
2026-04-20 00:00:00,B,4512,1D25215013008SXC10,2026-04-20 15:00:00,2026-04-20 23:00:00,51,19.0,0,Continuity (2-mould press)
2026-04-20 00:00:00,C,4512,1D25215013008SXC10,2026-04-20 23:00:00,2026-04-21 07:00:00,51,19.0,0,Continuity (2-mould press)
2026-04-21 00:00:00,A,4512,1D25215013008SXC10,2026-04-21 07:00:00,2026-04-21 15:00:00,51,19.0,0,Continuity (2-mould press)
2026-04-21 00:00:00,B,4512,1D25215013008SXC10,2026-04-21 15:00:00,2026-04-21 23:00:00,51,19.0,0,Continuity (2-mould press)
2026-04-21 00:00:00,C,4512,1D25215013008SXC10,2026-04-21 23:00:00,2026-04-22 07:00:00,51,19.0,0,Continuity (2-mould press)
2026-04-22 00:00:00,A,4512,1D25215013008SXC10,2026-04-22 07:00:00,2026-04-22 15:00:00,51,19.0,0,Continuity (2-mould press)
2026-04-22 00:00:00,B,4512,1D25215013008SXC10,2026-04-22 15:00:00,2026-04-22 23:00:00,51,19.0,0,Continuity (2-mould press)
2026-04-22 00:00:00,C,4512,1D25215013008SXC10,2026-04-22 23:00:00,2026-04-23 07:00:00,51,19.0,0,Continuity (2-mould press)
2026-04-23 00:00:00,A,4512,1D25215013008SXC10,2026-04-23 07:00:00,2026-04-23 15:00:00,51,19.0,0,Continuity (2-mould press)
2026-04-23 00:00:00,B,4512,1D25215013008SXC10,2026-04-23 15:00:00,2026-04-23 23:00:00,51,19.0,0,Continuity (2-mould press)
2026-04-23 00:00:00,C,4512,1D25215013008SXC10,2026-04-23 23:00:00,2026-04-24 07:00:00,51,19.0,0,Continuity (2-mould press)
2026-04-24 00:00:00,A,4512,1D25215013008SXC10,2026-04-24 07:00:00,2026-04-24 15:00:00,51,19.0,0,Continuity (2-mould press)
2026-04-24 00:00:00,B,4512,1D25215013008SXC10,2026-04-24 15:00:00,2026-04-24 23:00:00,51,19.0,0,Continuity (2-mould press)
2026-04-24 00:00:00,C,4512,1D25215013008SXC10,2026-04-24 23:00:00,2026-04-25 07:00:00,51,19.0,0,Continuity (2-mould press)
2026-04-25 00:00:00,A,4512,1D25215013008SXC10,2026-04-25 07:00:00,2026-04-25 15:00:00,51,19.0,0,Continuity (2-mould press)
2026-04-25 00:00:00,B,4512,1D25215013008SXC10,2026-04-25 15:00:00,2026-04-25 23:00:00,51,19.0,0,Continuity (2-mould press)
2026-04-25 00:00:00,C,4512,1D25215013008SXC10,2026-04-25 23:00:00,2026-04-26 07:00:00,51,19.0,0,Continuity (2-mould press)
2026-04-26 00:00:00,A,4512,1D25215013008SXC10,2026-04-26 07:00:00,2026-04-26 15:00:00,51,19.0,0,Continuity (2-mould press)
2026-04-26 00:00:00,B,4512,1D25215013008SXC10,2026-04-26 15:00:00,2026-04-26 23:00:00,51,19.0,0,Continuity (2-mould press)
2026-04-26 00:00:00,C,4512,1D25215013008SXC10,2026-04-26 23:00:00,2026-04-27 07:00:00,51,19.0,0,Continuity (2-mould press)
2026-04-27 00:00:00,A,4512,1D25215013008SXC10,2026-04-27 07:00:00,2026-04-27 15:00:00,51,19.0,0,Continuity (2-mould press)
2026-04-27 00:00:00,B,4512,1D25215013008SXC10,2026-04-27 15:00:00,2026-04-27 23:00:00,51,19.0,0,Continuity (2-mould press)
2026-04-27 00:00:00,C,4512,1D25215013008SXC10,2026-04-27 23:00:00,2026-04-28 07:00:00,51,19.0,0,Continuity (2-mould press)
2026-04-28 00:00:00,A,4512,1D25215013008SXC10,2026-04-28 07:00:00,2026-04-28 15:00:00,51,19.0,0,Continuity (2-mould press)
2026-04-28 00:00:00,B,4512,1D25215013008SXC10,2026-04-28 15:00:00,2026-04-28 23:00:00,51,19.0,0,Continuity (2-mould press)
2026-04-28 00:00:00,C,4512,1D25215013008SXC10,2026-04-28 23:00:00,2026-04-29 06:31:00,47,19.0,0,Continuity (2-mould press)
2026-04-28 00:00:00,C,4512,MOULD_CLEAN,2026-04-29 06:31:00,2026-04-29 07:00:00,0,0.0,0,Mould cleaning (continuity)
2026-04-29 00:00:00,A,4512,MOULD_CLEAN,2026-04-29 07:00:00,2026-04-29 09:31:00,0,0.0,0,Mould cleaning (continuity)
2026-04-29 00:00:00,A,4512,1D25215013008SXC10,2026-04-29 09:31:00,2026-04-29 15:00:00,35,19.0,0,Continuity (2-mould press)
2026-04-29 00:00:00,B,4512,1D25215013008SXC10,2026-04-29 15:00:00,2026-04-29 23:00:00,51,19.0,0,Continuity (2-mould press)
2026-04-29 00:00:00,C,4512,1D25215013008SXC10,2026-04-29 23:00:00,2026-04-30 07:00:00,51,19.0,0,Continuity (2-mould press)
2026-04-30 00:00:00,A,4512,1D25215013008SXC10,2026-04-30 07:00:00,2026-04-30 08:38:00,10,19.0,0,Continuity (2-mould press)
2026-04-03 00:00:00,A,4513,1325215813079TUNE3,2026-04-03 07:00:00,2026-04-03 15:00:00,69,14.0,0,Continuity (2-mould press)
2026-04-03 00:00:00,B,4513,1325215813079TUNE3,2026-04-03 15:00:00,2026-04-03 23:00:00,69,14.0,0,Continuity (2-mould press)
2026-04-03 00:00:00,C,4513,1325215813079TUNE3,2026-04-03 23:00:00,2026-04-04 05:38:00,57,14.0,0,Continuity (2-mould press)
2026-04-03 00:00:00,C,4513,MOULD_CLEAN,2026-04-04 05:38:00,2026-04-04 07:00:00,0,0.0,0,Mould cleaning (continuity)
2026-04-04 00:00:00,A,4513,MOULD_CLEAN,2026-04-04 07:00:00,2026-04-04 08:38:00,0,0.0,0,Mould cleaning (continuity)
2026-04-04 00:00:00,A,4513,1325215813079TUNE3,2026-04-04 08:38:00,2026-04-04 15:00:00,55,14.0,0,Continuity (2-mould press)
2026-04-04 00:00:00,B,4513,1325215813079TUNE3,2026-04-04 15:00:00,2026-04-04 23:00:00,69,14.0,0,Continuity (2-mould press)
2026-04-04 00:00:00,C,4513,1325215813079TUNE3,2026-04-04 23:00:00,2026-04-05 07:00:00,69,14.0,0,Continuity (2-mould press)
2026-04-05 00:00:00,A,4513,1325215813079TUNE3,2026-04-05 07:00:00,2026-04-05 15:00:00,69,14.0,0,Continuity (2-mould press)
2026-04-05 00:00:00,B,4513,1325215813079TUNE3,2026-04-05 15:00:00,2026-04-05 23:00:00,69,14.0,0,Continuity (2-mould press)
2026-04-05 00:00:00,C,4513,1325215813079TUNE3,2026-04-05 23:00:00,2026-04-06 07:00:00,69,14.0,0,Continuity (2-mould press)
2026-04-06 00:00:00,A,4513,1325215813079TUNE3,2026-04-06 07:00:00,2026-04-06 15:00:00,69,14.0,0,Continuity (2-mould press)
2026-04-06 00:00:00,B,4513,1325215813079TUNE3,2026-04-06 15:00:00,2026-04-06 23:00:00,69,14.0,0,Continuity (2-mould press)
2026-04-06 00:00:00,C,4513,1325215813079TUNE3,2026-04-06 23:00:00,2026-04-07 07:00:00,69,14.0,0,Continuity (2-mould press)
2026-04-07 00:00:00,A,4513,1325215813079TUNE3,2026-04-07 07:00:00,2026-04-07 15:00:00,69,14.0,0,Continuity (2-mould press)
2026-04-07 00:00:00,B,4513,1325215813079TUNE3,2026-04-07 15:00:00,2026-04-07 23:00:00,69,14.0,0,Continuity (2-mould press)
2026-04-07 00:00:00,C,4513,1325215813079TUNE3,2026-04-07 23:00:00,2026-04-08 07:00:00,69,14.0,0,Continuity (2-mould press)
2026-04-08 00:00:00,A,4513,1325215813079TUNE3,2026-04-08 07:00:00,2026-04-08 15:00:00,69,14.0,0,Continuity (2-mould press)
2026-04-08 00:00:00,B,4513,1325215813079TUNE3,2026-04-08 15:00:00,2026-04-08 23:00:00,69,14.0,0,Continuity (2-mould press)
2026-04-08 00:00:00,C,4513,1325215813079TUNE3,2026-04-08 23:00:00,2026-04-09 07:00:00,69,14.0,0,Continuity (2-mould press)
2026-04-09 00:00:00,A,4513,1325215813079TUNE3,2026-04-09 07:00:00,2026-04-09 15:00:00,69,14.0,0,Continuity (2-mould press)
2026-04-09 00:00:00,B,4513,1325215813079TUNE3,2026-04-09 15:00:00,2026-04-09 23:00:00,69,14.0,0,Continuity (2-mould press)
2026-04-09 00:00:00,C,4513,1325215813079TUNE3,2026-04-09 23:00:00,2026-04-10 07:00:00,69,14.0,0,Continuity (2-mould press)
2026-04-10 00:00:00,A,4513,1325215813079TUNE3,2026-04-10 07:00:00,2026-04-10 15:00:00,69,14.0,0,Continuity (2-mould press)
2026-04-10 00:00:00,B,4513,1325215813079TUNE3,2026-04-10 15:00:00,2026-04-10 23:00:00,69,14.0,0,Continuity (2-mould press)
2026-04-10 00:00:00,C,4513,1325215813079TUNE3,2026-04-10 23:00:00,2026-04-11 07:00:00,69,14.0,0,Continuity (2-mould press)
2026-04-11 00:00:00,A,4513,1325215813079TUNE3,2026-04-11 07:00:00,2026-04-11 15:00:00,69,14.0,0,Continuity (2-mould press)
2026-04-11 00:00:00,B,4513,1325215813079TUNE3,2026-04-11 15:00:00,2026-04-11 23:00:00,69,14.0,0,Continuity (2-mould press)
2026-04-11 00:00:00,C,4513,1325215813079TUNE3,2026-04-11 23:00:00,2026-04-12 07:00:00,69,14.0,0,Continuity (2-mould press)
2026-04-12 00:00:00,A,4513,1325215813079TUNE3,2026-04-12 07:00:00,2026-04-12 15:00:00,69,14.0,0,Continuity (2-mould press)
2026-04-12 00:00:00,B,4513,1325215813079TUNE3,2026-04-12 15:00:00,2026-04-12 23:00:00,69,14.0,0,Continuity (2-mould press)
2026-04-12 00:00:00,C,4513,1325215813079TUNE3,2026-04-12 23:00:00,2026-04-13 07:00:00,69,14.0,0,Continuity (2-mould press)
2026-04-13 00:00:00,A,4513,1325215813079TUNE3,2026-04-13 07:00:00,2026-04-13 15:00:00,69,14.0,0,Continuity (2-mould press)
2026-04-13 00:00:00,B,4513,1325215813079TUNE3,2026-04-13 15:00:00,2026-04-13 23:00:00,69,14.0,0,Continuity (2-mould press)
2026-04-13 00:00:00,C,4513,1325215813079TUNE3,2026-04-13 23:00:00,2026-04-14 07:00:00,69,14.0,0,Continuity (2-mould press)
2026-04-14 00:00:00,A,4513,1325215813079TUNE3,2026-04-14 07:00:00,2026-04-14 15:00:00,69,14.0,0,Continuity (2-mould press)
2026-04-14 00:00:00,B,4513,1325215813079TUNE3,2026-04-14 15:00:00,2026-04-14 23:00:00,69,14.0,0,Continuity (2-mould press)
2026-04-14 00:00:00,C,4513,1325215813079TUNE3,2026-04-14 23:00:00,2026-04-15 07:00:00,69,14.0,0,Continuity (2-mould press)
2026-04-15 00:00:00,A,4513,1325215813079TUNE3,2026-04-15 07:00:00,2026-04-15 15:00:00,69,14.0,0,Continuity (2-mould press)
2026-04-15 00:00:00,B,4513,1325215813079TUNE3,2026-04-15 15:00:00,2026-04-15 23:00:00,69,14.0,0,Continuity (2-mould press)
2026-04-15 00:00:00,C,4513,1325215813079TUNE3,2026-04-15 23:00:00,2026-04-16 07:00:00,69,14.0,0,Continuity (2-mould press)
2026-04-16 00:00:00,A,4513,1325215813079TUNE3,2026-04-16 07:00:00,2026-04-16 15:00:00,69,14.0,0,Continuity (2-mould press)
2026-04-16 00:00:00,B,4513,1325215813079TUNE3,2026-04-16 15:00:00,2026-04-16 23:00:00,69,14.0,0,Continuity (2-mould press)
2026-04-16 00:00:00,C,4513,1325215813079TUNE3,2026-04-16 23:00:00,2026-04-17 07:00:00,69,14.0,0,Continuity (2-mould press)
2026-04-17 00:00:00,A,4513,1325215813079TUNE3,2026-04-17 07:00:00,2026-04-17 15:00:00,69,14.0,0,Continuity (2-mould press)
2026-04-17 00:00:00,B,4513,1325215813079TUNE3,2026-04-17 15:00:00,2026-04-17 23:00:00,69,14.0,0,Continuity (2-mould press)
2026-04-17 00:00:00,C,4513,1325215813079TUNE3,2026-04-17 23:00:00,2026-04-18 07:00:00,69,14.0,0,Continuity (2-mould press)
2026-04-18 00:00:00,A,4513,1325215813079TUNE3,2026-04-18 07:00:00,2026-04-18 15:00:00,69,14.0,0,Continuity (2-mould press)
2026-04-18 00:00:00,B,4513,1325215813079TUNE3,2026-04-18 15:00:00,2026-04-18 23:00:00,69,14.0,0,Continuity (2-mould press)
2026-04-18 00:00:00,C,4513,1325215813079TUNE3,2026-04-18 23:00:00,2026-04-19 07:00:00,69,14.0,0,Continuity (2-mould press)
2026-04-19 00:00:00,A,4513,1325215813079TUNE3,2026-04-19 07:00:00,2026-04-19 15:00:00,69,14.0,0,Continuity (2-mould press)
2026-04-19 00:00:00,B,4513,1325215813079TUNE3,2026-04-19 15:00:00,2026-04-19 23:00:00,69,14.0,0,Continuity (2-mould press)
2026-04-19 00:00:00,C,4513,1325215813079TUNE3,2026-04-19 23:00:00,2026-04-20 07:00:00,69,14.0,0,Continuity (2-mould press)
2026-04-20 00:00:00,A,4513,1325215813079TUNE3,2026-04-20 07:00:00,2026-04-20 15:00:00,69,14.0,0,Continuity (2-mould press)
2026-04-20 00:00:00,B,4513,1325215813079TUNE3,2026-04-20 15:00:00,2026-04-20 23:00:00,69,14.0,0,Continuity (2-mould press)
2026-04-20 00:00:00,C,4513,1325215813079TUNE3,2026-04-20 23:00:00,2026-04-21 07:00:00,69,14.0,0,Continuity (2-mould press)
2026-04-21 00:00:00,A,4513,1325215813079TUNE3,2026-04-21 07:00:00,2026-04-21 15:00:00,69,14.0,0,Continuity (2-mould press)
2026-04-21 00:00:00,B,4513,1325215813079TUNE3,2026-04-21 15:00:00,2026-04-21 23:00:00,69,14.0,0,Continuity (2-mould press)
2026-04-21 00:00:00,C,4513,1325215813079TUNE3,2026-04-21 23:00:00,2026-04-22 07:00:00,69,14.0,0,Continuity (2-mould press)
2026-04-22 00:00:00,A,4513,1325215813079TUNE3,2026-04-22 07:00:00,2026-04-22 15:00:00,69,14.0,0,Continuity (2-mould press)
2026-04-22 00:00:00,B,4513,1325215813079TUNE3,2026-04-22 15:00:00,2026-04-22 23:00:00,69,14.0,0,Continuity (2-mould press)
2026-04-22 00:00:00,C,4513,1325215813079TUNE3,2026-04-22 23:00:00,2026-04-23 07:00:00,69,14.0,0,Continuity (2-mould press)
2026-04-23 00:00:00,A,4513,1325215813079TUNE3,2026-04-23 07:00:00,2026-04-23 15:00:00,69,14.0,0,Continuity (2-mould press)
2026-04-23 00:00:00,B,4513,1325215813079TUNE3,2026-04-23 15:00:00,2026-04-23 23:00:00,69,14.0,0,Continuity (2-mould press)
2026-04-23 00:00:00,C,4513,1325215813079TUNE3,2026-04-23 23:00:00,2026-04-24 07:00:00,69,14.0,0,Continuity (2-mould press)
2026-04-24 00:00:00,A,4513,1325215813079TUNE3,2026-04-24 07:00:00,2026-04-24 15:00:00,69,14.0,0,Continuity (2-mould press)
2026-04-24 00:00:00,B,4513,1325215813079TUNE3,2026-04-24 15:00:00,2026-04-24 23:00:00,69,14.0,0,Continuity (2-mould press)
2026-04-24 00:00:00,C,4513,1325215813079TUNE3,2026-04-24 23:00:00,2026-04-25 07:00:00,69,14.0,0,Continuity (2-mould press)
2026-04-25 00:00:00,A,4513,1325215813079TUNE3,2026-04-25 07:00:00,2026-04-25 15:00:00,69,14.0,0,Continuity (2-mould press)
2026-04-25 00:00:00,B,4513,1325215813079TUNE3,2026-04-25 15:00:00,2026-04-25 23:00:00,69,14.0,0,Continuity (2-mould press)
2026-04-25 00:00:00,C,4513,1325215813079TUNE3,2026-04-25 23:00:00,2026-04-26 07:00:00,69,14.0,0,Continuity (2-mould press)
2026-04-26 00:00:00,A,4513,1325215813079TUNE3,2026-04-26 07:00:00,2026-04-26 15:00:00,69,14.0,0,Continuity (2-mould press)
2026-04-26 00:00:00,B,4513,1325215813079TUNE3,2026-04-26 15:00:00,2026-04-26 23:00:00,69,14.0,0,Continuity (2-mould press)
2026-04-26 00:00:00,C,4513,1325215813079TUNE3,2026-04-26 23:00:00,2026-04-27 06:50:00,67,14.0,0,Continuity (2-mould press)
2026-04-03 00:00:00,A,4514,1D25215013008SXC10,2026-04-03 07:00:00,2026-04-03 15:00:00,51,19.0,0,Continuity (2-mould press)
2026-04-03 00:00:00,B,4514,1D25215013008SXC10,2026-04-03 15:00:00,2026-04-03 23:00:00,51,19.0,0,Continuity (2-mould press)
2026-04-03 00:00:00,C,4514,1D25215013008SXC10,2026-04-03 23:00:00,2026-04-04 07:00:00,51,19.0,0,Continuity (2-mould press)
2026-04-04 00:00:00,A,4514,1D25215013008SXC10,2026-04-04 07:00:00,2026-04-04 15:00:00,51,19.0,0,Continuity (2-mould press)
2026-04-04 00:00:00,B,4514,1D25215013008SXC10,2026-04-04 15:00:00,2026-04-04 23:00:00,51,19.0,0,Continuity (2-mould press)
2026-04-04 00:00:00,C,4514,1D25215013008SXC10,2026-04-04 23:00:00,2026-04-05 07:00:00,51,19.0,0,Continuity (2-mould press)
2026-04-05 00:00:00,A,4514,1D25215013008SXC10,2026-04-05 07:00:00,2026-04-05 15:00:00,51,19.0,0,Continuity (2-mould press)
2026-04-05 00:00:00,B,4514,1D25215013008SXC10,2026-04-05 15:00:00,2026-04-05 23:00:00,51,19.0,0,Continuity (2-mould press)
2026-04-05 00:00:00,C,4514,1D25215013008SXC10,2026-04-05 23:00:00,2026-04-06 07:00:00,51,19.0,0,Continuity (2-mould press)
2026-04-06 00:00:00,A,4514,1D25215013008SXC10,2026-04-06 07:00:00,2026-04-06 15:00:00,51,19.0,0,Continuity (2-mould press)
2026-04-06 00:00:00,B,4514,1D25215013008SXC10,2026-04-06 15:00:00,2026-04-06 23:00:00,51,19.0,0,Continuity (2-mould press)
2026-04-06 00:00:00,C,4514,1D25215013008SXC10,2026-04-06 23:00:00,2026-04-07 07:00:00,51,19.0,0,Continuity (2-mould press)
2026-04-07 00:00:00,A,4514,1D25215013008SXC10,2026-04-07 07:00:00,2026-04-07 15:00:00,51,19.0,0,Continuity (2-mould press)
2026-04-07 00:00:00,B,4514,1D25215013008SXC10,2026-04-07 15:00:00,2026-04-07 23:00:00,51,19.0,0,Continuity (2-mould press)
2026-04-07 00:00:00,C,4514,1D25215013008SXC10,2026-04-07 23:00:00,2026-04-08 07:00:00,51,19.0,0,Continuity (2-mould press)
2026-04-08 00:00:00,A,4514,1D25215013008SXC10,2026-04-08 07:00:00,2026-04-08 15:00:00,51,19.0,0,Continuity (2-mould press)
2026-04-08 00:00:00,B,4514,1D25215013008SXC10,2026-04-08 15:00:00,2026-04-08 23:00:00,51,19.0,0,Continuity (2-mould press)
2026-04-08 00:00:00,C,4514,1D25215013008SXC10,2026-04-08 23:00:00,2026-04-09 07:00:00,51,19.0,0,Continuity (2-mould press)
2026-04-09 00:00:00,A,4514,1D25215013008SXC10,2026-04-09 07:00:00,2026-04-09 15:00:00,51,19.0,0,Continuity (2-mould press)
2026-04-09 00:00:00,B,4514,1D25215013008SXC10,2026-04-09 15:00:00,2026-04-09 23:00:00,51,19.0,0,Continuity (2-mould press)
2026-04-09 00:00:00,C,4514,1D25215013008SXC10,2026-04-09 23:00:00,2026-04-10 07:00:00,51,19.0,0,Continuity (2-mould press)
2026-04-10 00:00:00,A,4514,1D25215013008SXC10,2026-04-10 07:00:00,2026-04-10 15:00:00,51,19.0,0,Continuity (2-mould press)
2026-04-10 00:00:00,B,4514,1D25215013008SXC10,2026-04-10 15:00:00,2026-04-10 23:00:00,51,19.0,0,Continuity (2-mould press)
2026-04-10 00:00:00,C,4514,1D25215013008SXC10,2026-04-10 23:00:00,2026-04-11 07:00:00,51,19.0,0,Continuity (2-mould press)
2026-04-11 00:00:00,A,4514,1D25215013008SXC10,2026-04-11 07:00:00,2026-04-11 15:00:00,51,19.0,0,Continuity (2-mould press)
2026-04-11 00:00:00,B,4514,1D25215013008SXC10,2026-04-11 15:00:00,2026-04-11 23:00:00,51,19.0,0,Continuity (2-mould press)
2026-04-11 00:00:00,C,4514,1D25215013008SXC10,2026-04-11 23:00:00,2026-04-12 07:00:00,51,19.0,0,Continuity (2-mould press)
2026-04-12 00:00:00,A,4514,1D25215013008SXC10,2026-04-12 07:00:00,2026-04-12 15:00:00,51,19.0,0,Continuity (2-mould press)
2026-04-12 00:00:00,B,4514,1D25215013008SXC10,2026-04-12 15:00:00,2026-04-12 23:00:00,51,19.0,0,Continuity (2-mould press)
2026-04-12 00:00:00,C,4514,1D25215013008SXC10,2026-04-12 23:00:00,2026-04-13 07:00:00,51,19.0,0,Continuity (2-mould press)
2026-04-13 00:00:00,A,4514,1D25215013008SXC10,2026-04-13 07:00:00,2026-04-13 15:00:00,51,19.0,0,Continuity (2-mould press)
2026-04-13 00:00:00,B,4514,1D25215013008SXC10,2026-04-13 15:00:00,2026-04-13 23:00:00,51,19.0,0,Continuity (2-mould press)
2026-04-13 00:00:00,C,4514,1D25215013008SXC10,2026-04-13 23:00:00,2026-04-14 07:00:00,51,19.0,0,Continuity (2-mould press)
2026-04-14 00:00:00,A,4514,1D25215013008SXC10,2026-04-14 07:00:00,2026-04-14 15:00:00,51,19.0,0,Continuity (2-mould press)
2026-04-14 00:00:00,B,4514,1D25215013008SXC10,2026-04-14 15:00:00,2026-04-14 23:00:00,51,19.0,0,Continuity (2-mould press)
2026-04-14 00:00:00,C,4514,1D25215013008SXC10,2026-04-14 23:00:00,2026-04-15 07:00:00,51,19.0,0,Continuity (2-mould press)
2026-04-15 00:00:00,A,4514,1D25215013008SXC10,2026-04-15 07:00:00,2026-04-15 15:00:00,51,19.0,0,Continuity (2-mould press)
2026-04-15 00:00:00,B,4514,1D25215013008SXC10,2026-04-15 15:00:00,2026-04-15 23:00:00,51,19.0,0,Continuity (2-mould press)
2026-04-15 00:00:00,C,4514,1D25215013008SXC10,2026-04-15 23:00:00,2026-04-16 07:00:00,51,19.0,0,Continuity (2-mould press)
2026-04-16 00:00:00,A,4514,1D25215013008SXC10,2026-04-16 07:00:00,2026-04-16 15:00:00,51,19.0,0,Continuity (2-mould press)
2026-04-16 00:00:00,B,4514,1D25215013008SXC10,2026-04-16 15:00:00,2026-04-16 23:00:00,51,19.0,0,Continuity (2-mould press)
2026-04-16 00:00:00,C,4514,1D25215013008SXC10,2026-04-16 23:00:00,2026-04-17 07:00:00,51,19.0,0,Continuity (2-mould press)
2026-04-17 00:00:00,A,4514,1D25215013008SXC10,2026-04-17 07:00:00,2026-04-17 15:00:00,51,19.0,0,Continuity (2-mould press)
2026-04-17 00:00:00,B,4514,1D25215013008SXC10,2026-04-17 15:00:00,2026-04-17 23:00:00,51,19.0,0,Continuity (2-mould press)
2026-04-17 00:00:00,C,4514,1D25215013008SXC10,2026-04-17 23:00:00,2026-04-18 07:00:00,51,19.0,0,Continuity (2-mould press)
2026-04-18 00:00:00,A,4514,1D25215013008SXC10,2026-04-18 07:00:00,2026-04-18 15:00:00,51,19.0,0,Continuity (2-mould press)
2026-04-18 00:00:00,B,4514,1D25215013008SXC10,2026-04-18 15:00:00,2026-04-18 23:00:00,51,19.0,0,Continuity (2-mould press)
2026-04-18 00:00:00,C,4514,1D25215013008SXC10,2026-04-18 23:00:00,2026-04-19 07:00:00,51,19.0,0,Continuity (2-mould press)
2026-04-19 00:00:00,A,4514,1D25215013008SXC10,2026-04-19 07:00:00,2026-04-19 15:00:00,51,19.0,0,Continuity (2-mould press)
2026-04-19 00:00:00,B,4514,1D25215013008SXC10,2026-04-19 15:00:00,2026-04-19 23:00:00,51,19.0,0,Continuity (2-mould press)
2026-04-19 00:00:00,C,4514,1D25215013008SXC10,2026-04-19 23:00:00,2026-04-20 07:00:00,51,19.0,0,Continuity (2-mould press)
2026-04-20 00:00:00,A,4514,1D25215013008SXC10,2026-04-20 07:00:00,2026-04-20 15:00:00,51,19.0,0,Continuity (2-mould press)
2026-04-20 00:00:00,B,4514,1D25215013008SXC10,2026-04-20 15:00:00,2026-04-20 23:00:00,51,19.0,0,Continuity (2-mould press)
2026-04-20 00:00:00,C,4514,1D25215013008SXC10,2026-04-20 23:00:00,2026-04-21 07:00:00,51,19.0,0,Continuity (2-mould press)
2026-04-21 00:00:00,A,4514,1D25215013008SXC10,2026-04-21 07:00:00,2026-04-21 15:00:00,51,19.0,0,Continuity (2-mould press)
2026-04-21 00:00:00,B,4514,1D25215013008SXC10,2026-04-21 15:00:00,2026-04-21 23:00:00,51,19.0,0,Continuity (2-mould press)
2026-04-21 00:00:00,C,4514,1D25215013008SXC10,2026-04-21 23:00:00,2026-04-22 07:00:00,51,19.0,0,Continuity (2-mould press)
2026-04-22 00:00:00,A,4514,1D25215013008SXC10,2026-04-22 07:00:00,2026-04-22 15:00:00,51,19.0,0,Continuity (2-mould press)
2026-04-22 00:00:00,B,4514,1D25215013008SXC10,2026-04-22 15:00:00,2026-04-22 23:00:00,51,19.0,0,Continuity (2-mould press)
2026-04-22 00:00:00,C,4514,1D25215013008SXC10,2026-04-22 23:00:00,2026-04-23 07:00:00,51,19.0,0,Continuity (2-mould press)
2026-04-23 00:00:00,A,4514,1D25215013008SXC10,2026-04-23 07:00:00,2026-04-23 15:00:00,51,19.0,0,Continuity (2-mould press)
2026-04-23 00:00:00,B,4514,1D25215013008SXC10,2026-04-23 15:00:00,2026-04-23 23:00:00,51,19.0,0,Continuity (2-mould press)
2026-04-23 00:00:00,C,4514,1D25215013008SXC10,2026-04-23 23:00:00,2026-04-24 07:00:00,51,19.0,0,Continuity (2-mould press)
2026-04-24 00:00:00,A,4514,1D25215013008SXC10,2026-04-24 07:00:00,2026-04-24 15:00:00,51,19.0,0,Continuity (2-mould press)
2026-04-24 00:00:00,B,4514,1D25215013008SXC10,2026-04-24 15:00:00,2026-04-24 23:00:00,51,19.0,0,Continuity (2-mould press)
2026-04-24 00:00:00,C,4514,1D25215013008SXC10,2026-04-24 23:00:00,2026-04-25 07:00:00,51,19.0,0,Continuity (2-mould press)
2026-04-25 00:00:00,A,4514,1D25215013008SXC10,2026-04-25 07:00:00,2026-04-25 15:00:00,51,19.0,0,Continuity (2-mould press)
2026-04-25 00:00:00,B,4514,1D25215013008SXC10,2026-04-25 15:00:00,2026-04-25 23:00:00,51,19.0,0,Continuity (2-mould press)
2026-04-25 00:00:00,C,4514,1D25215013008SXC10,2026-04-25 23:00:00,2026-04-26 07:00:00,51,19.0,0,Continuity (2-mould press)
2026-04-26 00:00:00,A,4514,1D25215013008SXC10,2026-04-26 07:00:00,2026-04-26 15:00:00,51,19.0,0,Continuity (2-mould press)
2026-04-26 00:00:00,B,4514,1D25215013008SXC10,2026-04-26 15:00:00,2026-04-26 23:00:00,51,19.0,0,Continuity (2-mould press)
2026-04-26 00:00:00,C,4514,1D25215013008SXC10,2026-04-26 23:00:00,2026-04-27 07:00:00,51,19.0,0,Continuity (2-mould press)
2026-04-27 00:00:00,A,4514,1D25215013008SXC10,2026-04-27 07:00:00,2026-04-27 15:00:00,51,19.0,0,Continuity (2-mould press)
2026-04-27 00:00:00,B,4514,1D25215013008SXC10,2026-04-27 15:00:00,2026-04-27 23:00:00,51,19.0,0,Continuity (2-mould press)
2026-04-27 00:00:00,C,4514,1D25215013008SXC10,2026-04-27 23:00:00,2026-04-28 07:00:00,51,19.0,0,Continuity (2-mould press)
2026-04-28 00:00:00,A,4514,1D25215013008SXC10,2026-04-28 07:00:00,2026-04-28 15:00:00,51,19.0,0,Continuity (2-mould press)
2026-04-28 00:00:00,B,4514,1D25215013008SXC10,2026-04-28 15:00:00,2026-04-28 23:00:00,51,19.0,0,Continuity (2-mould press)
2026-04-28 00:00:00,C,4514,1D25215013008SXC10,2026-04-28 23:00:00,2026-04-29 06:12:00,45,19.0,0,Continuity (2-mould press)
2026-04-28 00:00:00,C,4514,MOULD_CLEAN,2026-04-29 06:12:00,2026-04-29 07:00:00,0,0.0,0,Mould cleaning (continuity)
2026-04-29 00:00:00,A,4514,MOULD_CLEAN,2026-04-29 07:00:00,2026-04-29 09:12:00,0,0.0,0,Mould cleaning (continuity)
2026-04-29 00:00:00,A,4514,1D25215013008SXC10,2026-04-29 09:12:00,2026-04-29 15:00:00,37,19.0,0,Continuity (2-mould press)
2026-04-29 00:00:00,B,4514,1D25215013008SXC10,2026-04-29 15:00:00,2026-04-29 23:00:00,51,19.0,0,Continuity (2-mould press)
2026-04-29 00:00:00,C,4514,1D25215013008SXC10,2026-04-29 23:00:00,2026-04-30 07:00:00,51,19.0,0,Continuity (2-mould press)
2026-04-30 00:00:00,A,4514,1D25215013008SXC10,2026-04-30 07:00:00,2026-04-30 08:38:00,10,19.0,0,Continuity (2-mould press)
2026-04-03 00:00:00,A,4515,1325215813079TUNE3,2026-04-03 07:00:00,2026-04-03 15:00:00,69,14.0,0,Continuity (2-mould press)
2026-04-03 00:00:00,B,4515,1325215813079TUNE3,2026-04-03 15:00:00,2026-04-03 23:00:00,69,14.0,0,Continuity (2-mould press)
2026-04-03 00:00:00,C,4515,1325215813079TUNE3,2026-04-03 23:00:00,2026-04-04 07:00:00,69,14.0,0,Continuity (2-mould press)
2026-04-04 00:00:00,A,4515,1325215813079TUNE3,2026-04-04 07:00:00,2026-04-04 15:00:00,69,14.0,0,Continuity (2-mould press)
2026-04-04 00:00:00,B,4515,1325215813079TUNE3,2026-04-04 15:00:00,2026-04-04 23:00:00,69,14.0,0,Continuity (2-mould press)
2026-04-04 00:00:00,C,4515,1325215813079TUNE3,2026-04-04 23:00:00,2026-04-05 07:00:00,69,14.0,0,Continuity (2-mould press)
2026-04-05 00:00:00,A,4515,1325215813079TUNE3,2026-04-05 07:00:00,2026-04-05 15:00:00,69,14.0,0,Continuity (2-mould press)
2026-04-05 00:00:00,B,4515,1325215813079TUNE3,2026-04-05 15:00:00,2026-04-05 23:00:00,69,14.0,0,Continuity (2-mould press)
2026-04-05 00:00:00,C,4515,1325215813079TUNE3,2026-04-05 23:00:00,2026-04-06 07:00:00,69,14.0,0,Continuity (2-mould press)
2026-04-06 00:00:00,A,4515,1325215813079TUNE3,2026-04-06 07:00:00,2026-04-06 15:00:00,69,14.0,0,Continuity (2-mould press)
2026-04-06 00:00:00,B,4515,1325215813079TUNE3,2026-04-06 15:00:00,2026-04-06 23:00:00,69,14.0,0,Continuity (2-mould press)
2026-04-06 00:00:00,C,4515,1325215813079TUNE3,2026-04-06 23:00:00,2026-04-07 07:00:00,69,14.0,0,Continuity (2-mould press)
2026-04-07 00:00:00,A,4515,1325215813079TUNE3,2026-04-07 07:00:00,2026-04-07 15:00:00,69,14.0,0,Continuity (2-mould press)
2026-04-07 00:00:00,B,4515,1325215813079TUNE3,2026-04-07 15:00:00,2026-04-07 23:00:00,69,14.0,0,Continuity (2-mould press)
2026-04-07 00:00:00,C,4515,1325215813079TUNE3,2026-04-07 23:00:00,2026-04-08 07:00:00,69,14.0,0,Continuity (2-mould press)
2026-04-08 00:00:00,A,4515,1325215813079TUNE3,2026-04-08 07:00:00,2026-04-08 15:00:00,69,14.0,0,Continuity (2-mould press)
2026-04-08 00:00:00,B,4515,1325215813079TUNE3,2026-04-08 15:00:00,2026-04-08 23:00:00,69,14.0,0,Continuity (2-mould press)
2026-04-08 00:00:00,C,4515,1325215813079TUNE3,2026-04-08 23:00:00,2026-04-09 07:00:00,69,14.0,0,Continuity (2-mould press)
2026-04-09 00:00:00,A,4515,1325215813079TUNE3,2026-04-09 07:00:00,2026-04-09 15:00:00,69,14.0,0,Continuity (2-mould press)
2026-04-09 00:00:00,B,4515,1325215813079TUNE3,2026-04-09 15:00:00,2026-04-09 23:00:00,69,14.0,0,Continuity (2-mould press)
2026-04-09 00:00:00,C,4515,1325215813079TUNE3,2026-04-09 23:00:00,2026-04-10 07:00:00,69,14.0,0,Continuity (2-mould press)
2026-04-10 00:00:00,A,4515,1325215813079TUNE3,2026-04-10 07:00:00,2026-04-10 15:00:00,69,14.0,0,Continuity (2-mould press)
2026-04-10 00:00:00,B,4515,1325215813079TUNE3,2026-04-10 15:00:00,2026-04-10 23:00:00,69,14.0,0,Continuity (2-mould press)
2026-04-10 00:00:00,C,4515,1325215813079TUNE3,2026-04-10 23:00:00,2026-04-11 07:00:00,69,14.0,0,Continuity (2-mould press)
2026-04-11 00:00:00,A,4515,1325215813079TUNE3,2026-04-11 07:00:00,2026-04-11 15:00:00,69,14.0,0,Continuity (2-mould press)
2026-04-11 00:00:00,B,4515,1325215813079TUNE3,2026-04-11 15:00:00,2026-04-11 23:00:00,69,14.0,0,Continuity (2-mould press)
2026-04-11 00:00:00,C,4515,1325215813079TUNE3,2026-04-11 23:00:00,2026-04-12 07:00:00,69,14.0,0,Continuity (2-mould press)
2026-04-12 00:00:00,A,4515,1325215813079TUNE3,2026-04-12 07:00:00,2026-04-12 15:00:00,69,14.0,0,Continuity (2-mould press)
2026-04-12 00:00:00,B,4515,1325215813079TUNE3,2026-04-12 15:00:00,2026-04-12 19:40:00,40,14.0,0,Continuity (2-mould press)
2026-04-12 00:00:00,B,4515,MOULD_CLEAN,2026-04-12 19:40:00,2026-04-12 22:40:00,0,0.0,0,Mould cleaning (continuity)
2026-04-12 00:00:00,B,4515,1325215813079TUNE3,2026-04-12 22:40:00,2026-04-12 23:00:00,3,14.0,0,Continuity (2-mould press)
2026-04-12 00:00:00,C,4515,1325215813079TUNE3,2026-04-12 23:00:00,2026-04-13 07:00:00,69,14.0,0,Continuity (2-mould press)
2026-04-13 00:00:00,A,4515,1325215813079TUNE3,2026-04-13 07:00:00,2026-04-13 15:00:00,69,14.0,0,Continuity (2-mould press)
2026-04-13 00:00:00,B,4515,1325215813079TUNE3,2026-04-13 15:00:00,2026-04-13 23:00:00,69,14.0,0,Continuity (2-mould press)
2026-04-13 00:00:00,C,4515,1325215813079TUNE3,2026-04-13 23:00:00,2026-04-14 07:00:00,69,14.0,0,Continuity (2-mould press)
2026-04-14 00:00:00,A,4515,1325215813079TUNE3,2026-04-14 07:00:00,2026-04-14 15:00:00,69,14.0,0,Continuity (2-mould press)
2026-04-14 00:00:00,B,4515,1325215813079TUNE3,2026-04-14 15:00:00,2026-04-14 23:00:00,69,14.0,0,Continuity (2-mould press)
2026-04-14 00:00:00,C,4515,1325215813079TUNE3,2026-04-14 23:00:00,2026-04-15 07:00:00,69,14.0,0,Continuity (2-mould press)
2026-04-15 00:00:00,A,4515,1325215813079TUNE3,2026-04-15 07:00:00,2026-04-15 15:00:00,69,14.0,0,Continuity (2-mould press)
2026-04-15 00:00:00,B,4515,1325215813079TUNE3,2026-04-15 15:00:00,2026-04-15 23:00:00,69,14.0,0,Continuity (2-mould press)
2026-04-15 00:00:00,C,4515,1325215813079TUNE3,2026-04-15 23:00:00,2026-04-16 07:00:00,69,14.0,0,Continuity (2-mould press)
2026-04-16 00:00:00,A,4515,1325215813079TUNE3,2026-04-16 07:00:00,2026-04-16 15:00:00,69,14.0,0,Continuity (2-mould press)
2026-04-16 00:00:00,B,4515,1325215813079TUNE3,2026-04-16 15:00:00,2026-04-16 23:00:00,69,14.0,0,Continuity (2-mould press)
2026-04-16 00:00:00,C,4515,1325215813079TUNE3,2026-04-16 23:00:00,2026-04-17 07:00:00,69,14.0,0,Continuity (2-mould press)
2026-04-17 00:00:00,A,4515,1325215813079TUNE3,2026-04-17 07:00:00,2026-04-17 15:00:00,69,14.0,0,Continuity (2-mould press)
2026-04-17 00:00:00,B,4515,1325215813079TUNE3,2026-04-17 15:00:00,2026-04-17 23:00:00,69,14.0,0,Continuity (2-mould press)
2026-04-17 00:00:00,C,4515,1325215813079TUNE3,2026-04-17 23:00:00,2026-04-18 07:00:00,69,14.0,0,Continuity (2-mould press)
2026-04-18 00:00:00,A,4515,1325215813079TUNE3,2026-04-18 07:00:00,2026-04-18 15:00:00,69,14.0,0,Continuity (2-mould press)
2026-04-18 00:00:00,B,4515,1325215813079TUNE3,2026-04-18 15:00:00,2026-04-18 23:00:00,69,14.0,0,Continuity (2-mould press)
2026-04-18 00:00:00,C,4515,1325215813079TUNE3,2026-04-18 23:00:00,2026-04-19 07:00:00,69,14.0,0,Continuity (2-mould press)
2026-04-19 00:00:00,A,4515,1325215813079TUNE3,2026-04-19 07:00:00,2026-04-19 15:00:00,69,14.0,0,Continuity (2-mould press)
2026-04-19 00:00:00,B,4515,1325215813079TUNE3,2026-04-19 15:00:00,2026-04-19 23:00:00,69,14.0,0,Continuity (2-mould press)
2026-04-19 00:00:00,C,4515,1325215813079TUNE3,2026-04-19 23:00:00,2026-04-20 07:00:00,69,14.0,0,Continuity (2-mould press)
2026-04-20 00:00:00,A,4515,1325215813079TUNE3,2026-04-20 07:00:00,2026-04-20 15:00:00,69,14.0,0,Continuity (2-mould press)
2026-04-20 00:00:00,B,4515,1325215813079TUNE3,2026-04-20 15:00:00,2026-04-20 23:00:00,69,14.0,0,Continuity (2-mould press)
2026-04-20 00:00:00,C,4515,1325215813079TUNE3,2026-04-20 23:00:00,2026-04-21 07:00:00,69,14.0,0,Continuity (2-mould press)
2026-04-21 00:00:00,A,4515,1325215813079TUNE3,2026-04-21 07:00:00,2026-04-21 15:00:00,69,14.0,0,Continuity (2-mould press)
2026-04-21 00:00:00,B,4515,1325215813079TUNE3,2026-04-21 15:00:00,2026-04-21 23:00:00,69,14.0,0,Continuity (2-mould press)
2026-04-21 00:00:00,C,4515,1325215813079TUNE3,2026-04-21 23:00:00,2026-04-22 07:00:00,69,14.0,0,Continuity (2-mould press)
2026-04-22 00:00:00,A,4515,1325215813079TUNE3,2026-04-22 07:00:00,2026-04-22 15:00:00,69,14.0,0,Continuity (2-mould press)
2026-04-22 00:00:00,B,4515,1325215813079TUNE3,2026-04-22 15:00:00,2026-04-22 23:00:00,69,14.0,0,Continuity (2-mould press)
2026-04-22 00:00:00,C,4515,1325215813079TUNE3,2026-04-22 23:00:00,2026-04-23 07:00:00,69,14.0,0,Continuity (2-mould press)
2026-04-23 00:00:00,A,4515,1325215813079TUNE3,2026-04-23 07:00:00,2026-04-23 15:00:00,69,14.0,0,Continuity (2-mould press)
2026-04-23 00:00:00,B,4515,1325215813079TUNE3,2026-04-23 15:00:00,2026-04-23 23:00:00,69,14.0,0,Continuity (2-mould press)
2026-04-23 00:00:00,C,4515,1325215813079TUNE3,2026-04-23 23:00:00,2026-04-24 07:00:00,69,14.0,0,Continuity (2-mould press)
2026-04-24 00:00:00,A,4515,1325215813079TUNE3,2026-04-24 07:00:00,2026-04-24 15:00:00,69,14.0,0,Continuity (2-mould press)
2026-04-24 00:00:00,B,4515,1325215813079TUNE3,2026-04-24 15:00:00,2026-04-24 23:00:00,69,14.0,0,Continuity (2-mould press)
2026-04-24 00:00:00,C,4515,1325215813079TUNE3,2026-04-24 23:00:00,2026-04-25 07:00:00,69,14.0,0,Continuity (2-mould press)
2026-04-25 00:00:00,A,4515,1325215813079TUNE3,2026-04-25 07:00:00,2026-04-25 15:00:00,69,14.0,0,Continuity (2-mould press)
2026-04-25 00:00:00,B,4515,1325215813079TUNE3,2026-04-25 15:00:00,2026-04-25 23:00:00,69,14.0,0,Continuity (2-mould press)
2026-04-25 00:00:00,C,4515,1325215813079TUNE3,2026-04-25 23:00:00,2026-04-26 07:00:00,69,14.0,0,Continuity (2-mould press)
2026-04-26 00:00:00,A,4515,1325215813079TUNE3,2026-04-26 07:00:00,2026-04-26 15:00:00,69,14.0,0,Continuity (2-mould press)
2026-04-26 00:00:00,B,4515,1325215813079TUNE3,2026-04-26 15:00:00,2026-04-26 23:00:00,69,14.0,0,Continuity (2-mould press)
2026-04-26 00:00:00,C,4515,1325215813079TUNE3,2026-04-26 23:00:00,2026-04-27 06:50:00,67,14.0,0,Continuity (2-mould press)
2026-04-03 00:00:00,A,4601,1325218614088TTMX0,2026-04-03 07:00:00,2026-04-03 15:00:00,64,15.0,0,Continuity (2-mould press)
2026-04-03 00:00:00,B,4601,1325218614088TTMX0,2026-04-03 15:00:00,2026-04-03 23:00:00,64,15.0,0,Continuity (2-mould press)
2026-04-03 00:00:00,C,4601,1325218614088TTMX0,2026-04-03 23:00:00,2026-04-04 07:00:00,64,15.0,0,Continuity (2-mould press)
2026-04-04 00:00:00,A,4601,1325218614088TTMX0,2026-04-04 07:00:00,2026-04-04 15:00:00,64,15.0,0,Continuity (2-mould press)
2026-04-04 00:00:00,B,4601,1325218614088TTMX0,2026-04-04 15:00:00,2026-04-04 23:00:00,64,15.0,0,Continuity (2-mould press)
2026-04-04 00:00:00,C,4601,1325218614088TTMX0,2026-04-04 23:00:00,2026-04-05 07:00:00,64,15.0,0,Continuity (2-mould press)
2026-04-05 00:00:00,A,4601,1325218614088TTMX0,2026-04-05 07:00:00,2026-04-05 15:00:00,64,15.0,0,Continuity (2-mould press)
2026-04-05 00:00:00,B,4601,1325218614088TTMX0,2026-04-05 15:00:00,2026-04-05 23:00:00,64,15.0,0,Continuity (2-mould press)
2026-04-05 00:00:00,C,4601,1325218614088TTMX0,2026-04-05 23:00:00,2026-04-06 07:00:00,64,15.0,0,Continuity (2-mould press)
2026-04-06 00:00:00,A,4601,1325218614088TTMX0,2026-04-06 07:00:00,2026-04-06 15:00:00,64,15.0,0,Continuity (2-mould press)
2026-04-06 00:00:00,B,4601,1325218614088TTMX0,2026-04-06 15:00:00,2026-04-06 23:00:00,64,15.0,0,Continuity (2-mould press)
2026-04-06 00:00:00,C,4601,1325218614088TTMX0,2026-04-06 23:00:00,2026-04-07 07:00:00,64,15.0,0,Continuity (2-mould press)
2026-04-07 00:00:00,A,4601,1325218614088TTMX0,2026-04-07 07:00:00,2026-04-07 15:00:00,64,15.0,0,Continuity (2-mould press)
2026-04-07 00:00:00,B,4601,1325218614088TTMX0,2026-04-07 15:00:00,2026-04-07 23:00:00,64,15.0,0,Continuity (2-mould press)
2026-04-07 00:00:00,C,4601,1325218614088TTMX0,2026-04-07 23:00:00,2026-04-08 07:00:00,64,15.0,0,Continuity (2-mould press)
2026-04-08 00:00:00,A,4601,1325218614088TTMX0,2026-04-08 07:00:00,2026-04-08 15:00:00,64,15.0,0,Continuity (2-mould press)
2026-04-08 00:00:00,B,4601,1325218614088TTMX0,2026-04-08 15:00:00,2026-04-08 23:00:00,64,15.0,0,Continuity (2-mould press)
2026-04-08 00:00:00,C,4601,1325218614088TTMX0,2026-04-08 23:00:00,2026-04-09 07:00:00,64,15.0,0,Continuity (2-mould press)
2026-04-09 00:00:00,A,4601,1325218614088TTMX0,2026-04-09 07:00:00,2026-04-09 15:00:00,64,15.0,0,Continuity (2-mould press)
2026-04-09 00:00:00,B,4601,1325218614088TTMX0,2026-04-09 15:00:00,2026-04-09 23:00:00,64,15.0,0,Continuity (2-mould press)
2026-04-09 00:00:00,C,4601,1325218614088TTMX0,2026-04-09 23:00:00,2026-04-10 07:00:00,64,15.0,0,Continuity (2-mould press)
2026-04-10 00:00:00,A,4601,1325218614088TTMX0,2026-04-10 07:00:00,2026-04-10 15:00:00,64,15.0,0,Continuity (2-mould press)
2026-04-10 00:00:00,B,4601,1325218614088TTMX0,2026-04-10 15:00:00,2026-04-10 23:00:00,64,15.0,0,Continuity (2-mould press)
2026-04-10 00:00:00,C,4601,1325218614088TTMX0,2026-04-10 23:00:00,2026-04-11 07:00:00,64,15.0,0,Continuity (2-mould press)
2026-04-11 00:00:00,A,4601,1325218614088TTMX0,2026-04-11 07:00:00,2026-04-11 15:00:00,64,15.0,0,Continuity (2-mould press)
2026-04-11 00:00:00,B,4601,1325218614088TTMX0,2026-04-11 15:00:00,2026-04-11 23:00:00,64,15.0,0,Continuity (2-mould press)
2026-04-11 00:00:00,C,4601,1325218614088TTMX0,2026-04-11 23:00:00,2026-04-12 07:00:00,64,15.0,0,Continuity (2-mould press)
2026-04-12 00:00:00,A,4601,1325218614088TTMX0,2026-04-12 07:00:00,2026-04-12 15:00:00,64,15.0,0,Continuity (2-mould press)
2026-04-12 00:00:00,B,4601,1325218614088TTMX0,2026-04-12 15:00:00,2026-04-12 23:00:00,64,15.0,0,Continuity (2-mould press)
2026-04-12 00:00:00,C,4601,1325218614088TTMX0,2026-04-12 23:00:00,2026-04-13 07:00:00,64,15.0,0,Continuity (2-mould press)
2026-04-13 00:00:00,A,4601,1325218614088TTMX0,2026-04-13 07:00:00,2026-04-13 15:00:00,64,15.0,0,Continuity (2-mould press)
2026-04-13 00:00:00,B,4601,1325218614088TTMX0,2026-04-13 15:00:00,2026-04-13 23:00:00,64,15.0,0,Continuity (2-mould press)
2026-04-13 00:00:00,C,4601,1325218614088TTMX0,2026-04-13 23:00:00,2026-04-14 07:00:00,64,15.0,0,Continuity (2-mould press)
2026-04-14 00:00:00,A,4601,1325218614088TTMX0,2026-04-14 07:00:00,2026-04-14 15:00:00,64,15.0,0,Continuity (2-mould press)
2026-04-14 00:00:00,B,4601,1325218614088TTMX0,2026-04-14 15:00:00,2026-04-14 23:00:00,64,15.0,0,Continuity (2-mould press)
2026-04-14 00:00:00,C,4601,1325218614088TTMX0,2026-04-14 23:00:00,2026-04-15 07:00:00,64,15.0,0,Continuity (2-mould press)
2026-04-15 00:00:00,A,4601,1325218614088TTMX0,2026-04-15 07:00:00,2026-04-15 15:00:00,64,15.0,0,Continuity (2-mould press)
2026-04-15 00:00:00,B,4601,1325218614088TTMX0,2026-04-15 15:00:00,2026-04-15 23:00:00,64,15.0,0,Continuity (2-mould press)
2026-04-15 00:00:00,C,4601,1325218614088TTMX0,2026-04-15 23:00:00,2026-04-16 07:00:00,64,15.0,0,Continuity (2-mould press)
2026-04-16 00:00:00,A,4601,1325218614088TTMX0,2026-04-16 07:00:00,2026-04-16 15:00:00,64,15.0,0,Continuity (2-mould press)
2026-04-16 00:00:00,B,4601,1325218614088TTMX0,2026-04-16 15:00:00,2026-04-16 23:00:00,64,15.0,0,Continuity (2-mould press)
2026-04-16 00:00:00,C,4601,1325218614088TTMX0,2026-04-16 23:00:00,2026-04-17 07:00:00,64,15.0,0,Continuity (2-mould press)
2026-04-17 00:00:00,A,4601,1325218614088TTMX0,2026-04-17 07:00:00,2026-04-17 15:00:00,64,15.0,0,Continuity (2-mould press)
2026-04-17 00:00:00,B,4601,1325218614088TTMX0,2026-04-17 15:00:00,2026-04-17 23:00:00,64,15.0,0,Continuity (2-mould press)
2026-04-17 00:00:00,C,4601,1325218614088TTMX0,2026-04-17 23:00:00,2026-04-18 07:00:00,64,15.0,0,Continuity (2-mould press)
2026-04-18 00:00:00,A,4601,1325218614088TTMX0,2026-04-18 07:00:00,2026-04-18 08:30:00,12,15.0,0,Continuity (2-mould press)
2026-04-03 00:00:00,A,4602,1325214812074TTMX0,2026-04-03 07:00:00,2026-04-03 15:00:00,60,16.0,0,Continuity (2-mould press)
2026-04-03 00:00:00,B,4602,1325214812074TTMX0,2026-04-03 15:00:00,2026-04-03 23:00:00,60,16.0,0,Continuity (2-mould press)
2026-04-03 00:00:00,C,4602,1325214812074TTMX0,2026-04-03 23:00:00,2026-04-04 07:00:00,60,16.0,0,Continuity (2-mould press)
2026-04-04 00:00:00,A,4602,1325214812074TTMX0,2026-04-04 07:00:00,2026-04-04 15:00:00,60,16.0,0,Continuity (2-mould press)
2026-04-04 00:00:00,B,4602,1325214812074TTMX0,2026-04-04 15:00:00,2026-04-04 23:00:00,60,16.0,0,Continuity (2-mould press)
2026-04-04 00:00:00,C,4602,1325214812074TTMX0,2026-04-04 23:00:00,2026-04-05 07:00:00,60,16.0,0,Continuity (2-mould press)
2026-04-05 00:00:00,A,4602,1325214812074TTMX0,2026-04-05 07:00:00,2026-04-05 15:00:00,60,16.0,0,Continuity (2-mould press)
2026-04-05 00:00:00,B,4602,1325214812074TTMX0,2026-04-05 15:00:00,2026-04-05 23:00:00,60,16.0,0,Continuity (2-mould press)
2026-04-05 00:00:00,C,4602,1325214812074TTMX0,2026-04-05 23:00:00,2026-04-06 07:00:00,60,16.0,0,Continuity (2-mould press)
2026-04-06 00:00:00,A,4602,1325214812074TTMX0,2026-04-06 07:00:00,2026-04-06 15:00:00,60,16.0,0,Continuity (2-mould press)
2026-04-06 00:00:00,B,4602,1325214812074TTMX0,2026-04-06 15:00:00,2026-04-06 23:00:00,60,16.0,0,Continuity (2-mould press)
2026-04-06 00:00:00,C,4602,1325214812074TTMX0,2026-04-06 23:00:00,2026-04-07 07:00:00,60,16.0,0,Continuity (2-mould press)
2026-04-07 00:00:00,A,4602,1325214812074TTMX0,2026-04-07 07:00:00,2026-04-07 15:00:00,60,16.0,0,Continuity (2-mould press)
2026-04-07 00:00:00,B,4602,1325214812074TTMX0,2026-04-07 15:00:00,2026-04-07 23:00:00,60,16.0,0,Continuity (2-mould press)
2026-04-07 00:00:00,C,4602,1325214812074TTMX0,2026-04-07 23:00:00,2026-04-08 07:00:00,60,16.0,0,Continuity (2-mould press)
2026-04-08 00:00:00,A,4602,1325214812074TTMX0,2026-04-08 07:00:00,2026-04-08 15:00:00,60,16.0,0,Continuity (2-mould press)
2026-04-08 00:00:00,B,4602,1325214812074TTMX0,2026-04-08 15:00:00,2026-04-08 23:00:00,60,16.0,0,Continuity (2-mould press)
2026-04-08 00:00:00,C,4602,1325214812074TTMX0,2026-04-08 23:00:00,2026-04-09 07:00:00,60,16.0,0,Continuity (2-mould press)
2026-04-09 00:00:00,A,4602,1325214812074TTMX0,2026-04-09 07:00:00,2026-04-09 15:00:00,60,16.0,0,Continuity (2-mould press)
2026-04-09 00:00:00,B,4602,1325214812074TTMX0,2026-04-09 15:00:00,2026-04-09 23:00:00,60,16.0,0,Continuity (2-mould press)
2026-04-09 00:00:00,C,4602,1325214812074TTMX0,2026-04-09 23:00:00,2026-04-10 07:00:00,60,16.0,0,Continuity (2-mould press)
2026-04-10 00:00:00,A,4602,1325214812074TTMX0,2026-04-10 07:00:00,2026-04-10 15:00:00,60,16.0,0,Continuity (2-mould press)
2026-04-10 00:00:00,B,4602,1325214812074TTMX0,2026-04-10 15:00:00,2026-04-10 23:00:00,60,16.0,0,Continuity (2-mould press)
2026-04-10 00:00:00,C,4602,1325214812074TTMX0,2026-04-10 23:00:00,2026-04-11 07:00:00,60,16.0,0,Continuity (2-mould press)
2026-04-11 00:00:00,A,4602,1325214812074TTMX0,2026-04-11 07:00:00,2026-04-11 15:00:00,60,16.0,0,Continuity (2-mould press)
2026-04-11 00:00:00,B,4602,1325214812074TTMX0,2026-04-11 15:00:00,2026-04-11 23:00:00,60,16.0,0,Continuity (2-mould press)
2026-04-11 00:00:00,C,4602,1325214812074TTMX0,2026-04-11 23:00:00,2026-04-12 07:00:00,60,16.0,0,Continuity (2-mould press)
2026-04-12 00:00:00,A,4602,1325214812074TTMX0,2026-04-12 07:00:00,2026-04-12 15:00:00,60,16.0,0,Continuity (2-mould press)
2026-04-12 00:00:00,B,4602,1325214812074TTMX0,2026-04-12 15:00:00,2026-04-12 23:00:00,60,16.0,0,Continuity (2-mould press)
2026-04-12 00:00:00,C,4602,1325214812074TTMX0,2026-04-12 23:00:00,2026-04-13 07:00:00,60,16.0,0,Continuity (2-mould press)
2026-04-13 00:00:00,A,4602,1325214812074TTMX0,2026-04-13 07:00:00,2026-04-13 15:00:00,60,16.0,0,Continuity (2-mould press)
2026-04-13 00:00:00,B,4602,1325214812074TTMX0,2026-04-13 15:00:00,2026-04-13 23:00:00,60,16.0,0,Continuity (2-mould press)
2026-04-13 00:00:00,C,4602,1325214812074TTMX0,2026-04-13 23:00:00,2026-04-14 07:00:00,60,16.0,0,Continuity (2-mould press)
2026-04-14 00:00:00,A,4602,1325214812074TTMX0,2026-04-14 07:00:00,2026-04-14 15:00:00,60,16.0,0,Continuity (2-mould press)
2026-04-14 00:00:00,B,4602,1325214812074TTMX0,2026-04-14 15:00:00,2026-04-14 23:00:00,60,16.0,0,Continuity (2-mould press)
2026-04-14 00:00:00,C,4602,1325214812074TTMX0,2026-04-14 23:00:00,2026-04-15 07:00:00,60,16.0,0,Continuity (2-mould press)
2026-04-15 00:00:00,A,4602,1325214812074TTMX0,2026-04-15 07:00:00,2026-04-15 15:00:00,60,16.0,0,Continuity (2-mould press)
2026-04-15 00:00:00,B,4602,1325214812074TTMX0,2026-04-15 15:00:00,2026-04-15 16:36:00,12,16.0,0,Continuity (2-mould press)
2026-04-03 00:00:00,A,4603,1325215514075TUNE0,2026-04-03 07:00:00,2026-04-03 15:00:00,64,15.0,0,Continuity (2-mould press)
2026-04-03 00:00:00,B,4603,1325215514075TUNE0,2026-04-03 15:00:00,2026-04-03 23:00:00,64,15.0,0,Continuity (2-mould press)
2026-04-03 00:00:00,C,4603,1325215514075TUNE0,2026-04-03 23:00:00,2026-04-04 07:00:00,64,15.0,0,Continuity (2-mould press)
2026-04-04 00:00:00,A,4603,1325215514075TUNE0,2026-04-04 07:00:00,2026-04-04 15:00:00,64,15.0,0,Continuity (2-mould press)
2026-04-04 00:00:00,B,4603,1325215514075TUNE0,2026-04-04 15:00:00,2026-04-04 23:00:00,64,15.0,0,Continuity (2-mould press)
2026-04-04 00:00:00,C,4603,1325215514075TUNE0,2026-04-04 23:00:00,2026-04-05 07:00:00,64,15.0,0,Continuity (2-mould press)
2026-04-05 00:00:00,A,4603,1325215514075TUNE0,2026-04-05 07:00:00,2026-04-05 15:00:00,64,15.0,0,Continuity (2-mould press)
2026-04-05 00:00:00,B,4603,1325215514075TUNE0,2026-04-05 15:00:00,2026-04-05 23:00:00,64,15.0,0,Continuity (2-mould press)
2026-04-05 00:00:00,C,4603,1325215514075TUNE0,2026-04-05 23:00:00,2026-04-06 07:00:00,64,15.0,0,Continuity (2-mould press)
2026-04-06 00:00:00,A,4603,1325215514075TUNE0,2026-04-06 07:00:00,2026-04-06 15:00:00,64,15.0,0,Continuity (2-mould press)
2026-04-06 00:00:00,B,4603,1325215514075TUNE0,2026-04-06 15:00:00,2026-04-06 23:00:00,64,15.0,0,Continuity (2-mould press)
2026-04-06 00:00:00,C,4603,1325215514075TUNE0,2026-04-06 23:00:00,2026-04-07 07:00:00,64,15.0,0,Continuity (2-mould press)
2026-04-07 00:00:00,A,4603,1325215514075TUNE0,2026-04-07 07:00:00,2026-04-07 15:00:00,64,15.0,0,Continuity (2-mould press)
2026-04-07 00:00:00,B,4603,1325215514075TUNE0,2026-04-07 15:00:00,2026-04-07 23:00:00,64,15.0,0,Continuity (2-mould press)
2026-04-07 00:00:00,C,4603,1325215514075TUNE0,2026-04-07 23:00:00,2026-04-08 07:00:00,64,15.0,0,Continuity (2-mould press)
2026-04-08 00:00:00,A,4603,1325215514075TUNE0,2026-04-08 07:00:00,2026-04-08 15:00:00,64,15.0,0,Continuity (2-mould press)
2026-04-08 00:00:00,B,4603,1325215514075TUNE0,2026-04-08 15:00:00,2026-04-08 23:00:00,64,15.0,0,Continuity (2-mould press)
2026-04-08 00:00:00,C,4603,1325215514075TUNE0,2026-04-08 23:00:00,2026-04-09 07:00:00,64,15.0,0,Continuity (2-mould press)
2026-04-09 00:00:00,A,4603,1325215514075TUNE0,2026-04-09 07:00:00,2026-04-09 15:00:00,64,15.0,0,Continuity (2-mould press)
2026-04-09 00:00:00,B,4603,1325215514075TUNE0,2026-04-09 15:00:00,2026-04-09 21:15:00,50,15.0,0,Continuity (2-mould press)
2026-04-03 00:00:00,A,4604,1325214617107MSXT0,2026-04-03 07:00:00,2026-04-03 15:00:00,64,15.0,0,Continuity (2-mould press)
2026-04-03 00:00:00,B,4604,1325214617107MSXT0,2026-04-03 15:00:00,2026-04-03 23:00:00,64,15.0,0,Continuity (2-mould press)
2026-04-03 00:00:00,C,4604,1325214617107MSXT0,2026-04-03 23:00:00,2026-04-04 07:00:00,64,15.0,0,Continuity (2-mould press)
2026-04-04 00:00:00,A,4604,1325214617107MSXT0,2026-04-04 07:00:00,2026-04-04 15:00:00,64,15.0,0,Continuity (2-mould press)
2026-04-04 00:00:00,B,4604,1325214617107MSXT0,2026-04-04 15:00:00,2026-04-04 23:00:00,64,15.0,0,Continuity (2-mould press)
2026-04-04 00:00:00,C,4604,1325214617107MSXT0,2026-04-04 23:00:00,2026-04-05 07:00:00,64,15.0,0,Continuity (2-mould press)
2026-04-05 00:00:00,A,4604,1325214617107MSXT0,2026-04-05 07:00:00,2026-04-05 15:00:00,64,15.0,0,Continuity (2-mould press)
2026-04-05 00:00:00,B,4604,1325214617107MSXT0,2026-04-05 15:00:00,2026-04-05 23:00:00,64,15.0,0,Continuity (2-mould press)
2026-04-05 00:00:00,C,4604,1325214617107MSXT0,2026-04-05 23:00:00,2026-04-06 07:00:00,64,15.0,0,Continuity (2-mould press)
2026-04-06 00:00:00,A,4604,1325214617107MSXT0,2026-04-06 07:00:00,2026-04-06 15:00:00,64,15.0,0,Continuity (2-mould press)
2026-04-06 00:00:00,B,4604,1325214617107MSXT0,2026-04-06 15:00:00,2026-04-06 23:00:00,64,15.0,0,Continuity (2-mould press)
2026-04-06 00:00:00,C,4604,1325214617107MSXT0,2026-04-06 23:00:00,2026-04-07 07:00:00,64,15.0,0,Continuity (2-mould press)
2026-04-07 00:00:00,A,4604,1325214617107MSXT0,2026-04-07 07:00:00,2026-04-07 15:00:00,64,15.0,0,Continuity (2-mould press)
2026-04-07 00:00:00,B,4604,1325214617107MSXT0,2026-04-07 15:00:00,2026-04-07 23:00:00,64,15.0,0,Continuity (2-mould press)
2026-04-07 00:00:00,C,4604,1325214617107MSXT0,2026-04-07 23:00:00,2026-04-08 07:00:00,64,15.0,0,Continuity (2-mould press)
2026-04-08 00:00:00,A,4604,1325214617107MSXT0,2026-04-08 07:00:00,2026-04-08 15:00:00,64,15.0,0,Continuity (2-mould press)
2026-04-08 00:00:00,B,4604,1325214617107MSXT0,2026-04-08 15:00:00,2026-04-08 23:00:00,64,15.0,0,Continuity (2-mould press)
2026-04-08 00:00:00,C,4604,1325214617107MSXT0,2026-04-08 23:00:00,2026-04-09 07:00:00,64,15.0,0,Continuity (2-mould press)
2026-04-09 00:00:00,A,4604,1325214617107MSXT0,2026-04-09 07:00:00,2026-04-09 14:45:00,62,15.0,0,Continuity (2-mould press)
2026-04-09 00:00:00,A,4604,MOULD_CLEAN,2026-04-09 14:45:00,2026-04-09 15:00:00,0,0.0,0,Mould cleaning (continuity)
2026-04-09 00:00:00,B,4604,MOULD_CLEAN,2026-04-09 15:00:00,2026-04-09 17:45:00,0,0.0,0,Mould cleaning (continuity)
2026-04-09 00:00:00,B,4604,1325214617107MSXT0,2026-04-09 17:45:00,2026-04-09 23:00:00,42,15.0,0,Continuity (2-mould press)
2026-04-09 00:00:00,C,4604,1325214617107MSXT0,2026-04-09 23:00:00,2026-04-10 07:00:00,64,15.0,0,Continuity (2-mould press)
2026-04-10 00:00:00,A,4604,1325214617107MSXT0,2026-04-10 07:00:00,2026-04-10 15:00:00,64,15.0,0,Continuity (2-mould press)
2026-04-10 00:00:00,B,4604,1325214617107MSXT0,2026-04-10 15:00:00,2026-04-10 23:00:00,64,15.0,0,Continuity (2-mould press)
2026-04-10 00:00:00,C,4604,1325214617107MSXT0,2026-04-10 23:00:00,2026-04-11 07:00:00,64,15.0,0,Continuity (2-mould press)
2026-04-11 00:00:00,A,4604,1325214617107MSXT0,2026-04-11 07:00:00,2026-04-11 15:00:00,64,15.0,0,Continuity (2-mould press)
2026-04-11 00:00:00,B,4604,1325214617107MSXT0,2026-04-11 15:00:00,2026-04-11 23:00:00,64,15.0,0,Continuity (2-mould press)
2026-04-11 00:00:00,C,4604,1325214617107MSXT0,2026-04-11 23:00:00,2026-04-12 07:00:00,64,15.0,0,Continuity (2-mould press)
2026-04-12 00:00:00,A,4604,1325214617107MSXT0,2026-04-12 07:00:00,2026-04-12 15:00:00,64,15.0,0,Continuity (2-mould press)
2026-04-12 00:00:00,B,4604,1325214617107MSXT0,2026-04-12 15:00:00,2026-04-12 23:00:00,64,15.0,0,Continuity (2-mould press)
2026-04-12 00:00:00,C,4604,1325214617107MSXT0,2026-04-12 23:00:00,2026-04-13 07:00:00,64,15.0,0,Continuity (2-mould press)
2026-04-13 00:00:00,A,4604,1325214617107MSXT0,2026-04-13 07:00:00,2026-04-13 15:00:00,64,15.0,0,Continuity (2-mould press)
2026-04-13 00:00:00,B,4604,1325214617107MSXT0,2026-04-13 15:00:00,2026-04-13 23:00:00,64,15.0,0,Continuity (2-mould press)
2026-04-13 00:00:00,C,4604,1325214617107MSXT0,2026-04-13 23:00:00,2026-04-14 07:00:00,64,15.0,0,Continuity (2-mould press)
2026-04-14 00:00:00,A,4604,1325214617107MSXT0,2026-04-14 07:00:00,2026-04-14 15:00:00,64,15.0,0,Continuity (2-mould press)
2026-04-14 00:00:00,B,4604,1325214617107MSXT0,2026-04-14 15:00:00,2026-04-14 23:00:00,64,15.0,0,Continuity (2-mould press)
2026-04-14 00:00:00,C,4604,1325214617107MSXT0,2026-04-14 23:00:00,2026-04-15 07:00:00,64,15.0,0,Continuity (2-mould press)
2026-04-15 00:00:00,A,4604,1325214617107MSXT0,2026-04-15 07:00:00,2026-04-15 15:00:00,64,15.0,0,Continuity (2-mould press)
2026-04-15 00:00:00,B,4604,1325214617107MSXT0,2026-04-15 15:00:00,2026-04-15 23:00:00,64,15.0,0,Continuity (2-mould press)
2026-04-15 00:00:00,C,4604,1325214617107MSXT0,2026-04-15 23:00:00,2026-04-16 07:00:00,64,15.0,0,Continuity (2-mould press)
2026-04-16 00:00:00,A,4604,1325214617107MSXT0,2026-04-16 07:00:00,2026-04-16 15:00:00,64,15.0,0,Continuity (2-mould press)
2026-04-16 00:00:00,B,4604,1325214617107MSXT0,2026-04-16 15:00:00,2026-04-16 23:00:00,64,15.0,0,Continuity (2-mould press)
2026-04-16 00:00:00,C,4604,1325214617107MSXT0,2026-04-16 23:00:00,2026-04-17 07:00:00,64,15.0,0,Continuity (2-mould press)
2026-04-17 00:00:00,A,4604,1325214617107MSXT0,2026-04-17 07:00:00,2026-04-17 15:00:00,64,15.0,0,Continuity (2-mould press)
2026-04-17 00:00:00,B,4604,1325214617107MSXT0,2026-04-17 15:00:00,2026-04-17 23:00:00,64,15.0,0,Continuity (2-mould press)
2026-04-17 00:00:00,C,4604,1325214617107MSXT0,2026-04-17 23:00:00,2026-04-18 07:00:00,64,15.0,0,Continuity (2-mould press)
2026-04-18 00:00:00,A,4604,1325214617107MSXT0,2026-04-18 07:00:00,2026-04-18 15:00:00,64,15.0,0,Continuity (2-mould press)
2026-04-18 00:00:00,B,4604,1325214617107MSXT0,2026-04-18 15:00:00,2026-04-18 23:00:00,64,15.0,0,Continuity (2-mould press)
2026-04-18 00:00:00,C,4604,1325214617107MSXT0,2026-04-18 23:00:00,2026-04-19 07:00:00,64,15.0,0,Continuity (2-mould press)
2026-04-19 00:00:00,A,4604,1325214617107MSXT0,2026-04-19 07:00:00,2026-04-19 15:00:00,64,15.0,0,Continuity (2-mould press)
2026-04-19 00:00:00,B,4604,1325214617107MSXT0,2026-04-19 15:00:00,2026-04-19 23:00:00,64,15.0,0,Continuity (2-mould press)
2026-04-19 00:00:00,C,4604,1325214617107MSXT0,2026-04-19 23:00:00,2026-04-20 07:00:00,64,15.0,0,Continuity (2-mould press)
2026-04-20 00:00:00,A,4604,1325214617107MSXT0,2026-04-20 07:00:00,2026-04-20 15:00:00,64,15.0,0,Continuity (2-mould press)
2026-04-20 00:00:00,B,4604,1325214617107MSXT0,2026-04-20 15:00:00,2026-04-20 23:00:00,64,15.0,0,Continuity (2-mould press)
2026-04-20 00:00:00,C,4604,1325214617107MSXT0,2026-04-20 23:00:00,2026-04-21 07:00:00,64,15.0,0,Continuity (2-mould press)
2026-04-21 00:00:00,A,4604,1325214617107MSXT0,2026-04-21 07:00:00,2026-04-21 15:00:00,64,15.0,0,Continuity (2-mould press)
2026-04-21 00:00:00,B,4604,1325214617107MSXT0,2026-04-21 15:00:00,2026-04-21 23:00:00,64,15.0,0,Continuity (2-mould press)
2026-04-21 00:00:00,C,4604,1325214617107MSXT0,2026-04-21 23:00:00,2026-04-22 07:00:00,64,15.0,0,Continuity (2-mould press)
2026-04-22 00:00:00,A,4604,1325214617107MSXT0,2026-04-22 07:00:00,2026-04-22 15:00:00,64,15.0,0,Continuity (2-mould press)
2026-04-22 00:00:00,B,4604,1325214617107MSXT0,2026-04-22 15:00:00,2026-04-22 23:00:00,64,15.0,0,Continuity (2-mould press)
2026-04-22 00:00:00,C,4604,1325214617107MSXT0,2026-04-22 23:00:00,2026-04-23 07:00:00,64,15.0,0,Continuity (2-mould press)
2026-04-23 00:00:00,A,4604,1325214617107MSXT0,2026-04-23 07:00:00,2026-04-23 15:00:00,64,15.0,0,Continuity (2-mould press)
2026-04-23 00:00:00,B,4604,1325214617107MSXT0,2026-04-23 15:00:00,2026-04-23 23:00:00,64,15.0,0,Continuity (2-mould press)
2026-04-23 00:00:00,C,4604,1325214617107MSXT0,2026-04-23 23:00:00,2026-04-24 07:00:00,64,15.0,0,Continuity (2-mould press)
2026-04-24 00:00:00,A,4604,1325214617107MSXT0,2026-04-24 07:00:00,2026-04-24 15:00:00,64,15.0,0,Continuity (2-mould press)
2026-04-24 00:00:00,B,4604,1325214617107MSXT0,2026-04-24 15:00:00,2026-04-24 23:00:00,64,15.0,0,Continuity (2-mould press)
2026-04-24 00:00:00,C,4604,1325214617107MSXT0,2026-04-24 23:00:00,2026-04-25 07:00:00,64,15.0,0,Continuity (2-mould press)
2026-04-25 00:00:00,A,4604,1325214617107MSXT0,2026-04-25 07:00:00,2026-04-25 15:00:00,64,15.0,0,Continuity (2-mould press)
2026-04-25 00:00:00,B,4604,1325214617107MSXT0,2026-04-25 15:00:00,2026-04-25 23:00:00,64,15.0,0,Continuity (2-mould press)
2026-04-25 00:00:00,C,4604,1325214617107MSXT0,2026-04-25 23:00:00,2026-04-26 07:00:00,64,15.0,0,Continuity (2-mould press)
2026-04-26 00:00:00,A,4604,1325214617107MSXT0,2026-04-26 07:00:00,2026-04-26 15:00:00,64,15.0,0,Continuity (2-mould press)
2026-04-26 00:00:00,B,4604,1325214617107MSXT0,2026-04-26 15:00:00,2026-04-26 23:00:00,64,15.0,0,Continuity (2-mould press)
2026-04-26 00:00:00,C,4604,1325214617107MSXT0,2026-04-26 23:00:00,2026-04-27 07:00:00,64,15.0,0,Continuity (2-mould press)
2026-04-27 00:00:00,A,4604,1325214617107MSXT0,2026-04-27 07:00:00,2026-04-27 15:00:00,64,15.0,0,Continuity (2-mould press)
2026-04-27 00:00:00,B,4604,1325214617107MSXT0,2026-04-27 15:00:00,2026-04-27 23:00:00,64,15.0,0,Continuity (2-mould press)
2026-04-27 00:00:00,C,4604,1325214617107MSXT0,2026-04-27 23:00:00,2026-04-28 07:00:00,64,15.0,0,Continuity (2-mould press)
2026-04-28 00:00:00,A,4604,1325214617107MSXT0,2026-04-28 07:00:00,2026-04-28 15:00:00,64,15.0,0,Continuity (2-mould press)
2026-04-28 00:00:00,B,4604,1325214617107MSXT0,2026-04-28 15:00:00,2026-04-28 23:00:00,64,15.0,0,Continuity (2-mould press)
2026-04-28 00:00:00,C,4604,1325214617107MSXT0,2026-04-28 23:00:00,2026-04-29 07:00:00,64,15.0,0,Continuity (2-mould press)
2026-04-29 00:00:00,A,4604,1325214617107MSXT0,2026-04-29 07:00:00,2026-04-29 15:00:00,64,15.0,0,Continuity (2-mould press)
2026-04-29 00:00:00,B,4604,1325214617107MSXT0,2026-04-29 15:00:00,2026-04-29 23:00:00,64,15.0,0,Continuity (2-mould press)
2026-04-29 00:00:00,C,4604,1325214617107MSXT0,2026-04-29 23:00:00,2026-04-30 07:00:00,64,15.0,0,Continuity (2-mould press)
2026-04-30 00:00:00,A,4604,1325214617107MSXT0,2026-04-30 07:00:00,2026-04-30 15:00:00,64,15.0,0,Continuity (2-mould press)
2026-04-30 00:00:00,B,4604,1325214617107MSXT0,2026-04-30 15:00:00,2026-04-30 16:30:00,12,15.0,0,Continuity (2-mould press)
2026-04-03 00:00:00,A,4605,1325214812074TUHL0,2026-04-03 07:00:00,2026-04-03 15:00:00,64,15.0,0,Continuity (2-mould press)
2026-04-03 00:00:00,B,4605,1325214812074TUHL0,2026-04-03 15:00:00,2026-04-03 23:00:00,64,15.0,0,Continuity (2-mould press)
2026-04-03 00:00:00,C,4605,1325214812074TUHL0,2026-04-03 23:00:00,2026-04-04 07:00:00,64,15.0,0,Continuity (2-mould press)
2026-04-04 00:00:00,A,4605,1325214812074TUHL0,2026-04-04 07:00:00,2026-04-04 15:00:00,64,15.0,0,Continuity (2-mould press)
2026-04-04 00:00:00,B,4605,1325214812074TUHL0,2026-04-04 15:00:00,2026-04-04 23:00:00,64,15.0,0,Continuity (2-mould press)
2026-04-04 00:00:00,C,4605,1325214812074TUHL0,2026-04-04 23:00:00,2026-04-05 07:00:00,64,15.0,0,Continuity (2-mould press)
2026-04-05 00:00:00,A,4605,1325214812074TUHL0,2026-04-05 07:00:00,2026-04-05 15:00:00,64,15.0,0,Continuity (2-mould press)
2026-04-05 00:00:00,B,4605,1325214812074TUHL0,2026-04-05 15:00:00,2026-04-05 23:00:00,64,15.0,0,Continuity (2-mould press)
2026-04-05 00:00:00,C,4605,1325214812074TUHL0,2026-04-05 23:00:00,2026-04-06 07:00:00,64,15.0,0,Continuity (2-mould press)
2026-04-06 00:00:00,A,4605,1325214812074TUHL0,2026-04-06 07:00:00,2026-04-06 15:00:00,64,15.0,0,Continuity (2-mould press)
2026-04-06 00:00:00,B,4605,1325214812074TUHL0,2026-04-06 15:00:00,2026-04-06 23:00:00,64,15.0,0,Continuity (2-mould press)
2026-04-06 00:00:00,C,4605,1325214812074TUHL0,2026-04-06 23:00:00,2026-04-07 07:00:00,64,15.0,0,Continuity (2-mould press)
2026-04-07 00:00:00,A,4605,1325214812074TUHL0,2026-04-07 07:00:00,2026-04-07 15:00:00,64,15.0,0,Continuity (2-mould press)
2026-04-07 00:00:00,B,4605,1325214812074TUHL0,2026-04-07 15:00:00,2026-04-07 23:00:00,64,15.0,0,Continuity (2-mould press)
2026-04-07 00:00:00,C,4605,1325214812074TUHL0,2026-04-07 23:00:00,2026-04-08 07:00:00,64,15.0,0,Continuity (2-mould press)
2026-04-08 00:00:00,A,4605,1325214812074TUHL0,2026-04-08 07:00:00,2026-04-08 15:00:00,64,15.0,0,Continuity (2-mould press)
2026-04-08 00:00:00,B,4605,1325214812074TUHL0,2026-04-08 15:00:00,2026-04-08 23:00:00,64,15.0,0,Continuity (2-mould press)
2026-04-08 00:00:00,C,4605,1325214812074TUHL0,2026-04-08 23:00:00,2026-04-09 07:00:00,64,15.0,0,Continuity (2-mould press)
2026-04-09 00:00:00,A,4605,1325214812074TUHL0,2026-04-09 07:00:00,2026-04-09 15:00:00,64,15.0,0,Continuity (2-mould press)
2026-04-09 00:00:00,B,4605,1325214812074TUHL0,2026-04-09 15:00:00,2026-04-09 23:00:00,64,15.0,0,Continuity (2-mould press)
2026-04-09 00:00:00,C,4605,1325214812074TUHL0,2026-04-09 23:00:00,2026-04-10 07:00:00,64,15.0,0,Continuity (2-mould press)
2026-04-10 00:00:00,A,4605,1325214812074TUHL0,2026-04-10 07:00:00,2026-04-10 15:00:00,64,15.0,0,Continuity (2-mould press)
2026-04-10 00:00:00,B,4605,1325214812074TUHL0,2026-04-10 15:00:00,2026-04-10 23:00:00,64,15.0,0,Continuity (2-mould press)
2026-04-10 00:00:00,C,4605,1325214812074TUHL0,2026-04-10 23:00:00,2026-04-11 07:00:00,64,15.0,0,Continuity (2-mould press)
2026-04-11 00:00:00,A,4605,1325214812074TUHL0,2026-04-11 07:00:00,2026-04-11 15:00:00,64,15.0,0,Continuity (2-mould press)
2026-04-11 00:00:00,B,4605,1325214812074TUHL0,2026-04-11 15:00:00,2026-04-11 23:00:00,64,15.0,0,Continuity (2-mould press)
2026-04-11 00:00:00,C,4605,1325214812074TUHL0,2026-04-11 23:00:00,2026-04-12 07:00:00,64,15.0,0,Continuity (2-mould press)
2026-04-12 00:00:00,A,4605,1325214812074TUHL0,2026-04-12 07:00:00,2026-04-12 15:00:00,64,15.0,0,Continuity (2-mould press)
2026-04-12 00:00:00,B,4605,1325214812074TUHL0,2026-04-12 15:00:00,2026-04-12 23:00:00,64,15.0,0,Continuity (2-mould press)
2026-04-12 00:00:00,C,4605,1325214812074TUHL0,2026-04-12 23:00:00,2026-04-13 07:00:00,64,15.0,0,Continuity (2-mould press)
2026-04-13 00:00:00,A,4605,1325214812074TUHL0,2026-04-13 07:00:00,2026-04-13 15:00:00,64,15.0,0,Continuity (2-mould press)
2026-04-13 00:00:00,B,4605,1325214812074TUHL0,2026-04-13 15:00:00,2026-04-13 23:00:00,64,15.0,0,Continuity (2-mould press)
2026-04-13 00:00:00,C,4605,1325214812074TUHL0,2026-04-13 23:00:00,2026-04-14 07:00:00,64,15.0,0,Continuity (2-mould press)
2026-04-14 00:00:00,A,4605,1325214812074TUHL0,2026-04-14 07:00:00,2026-04-14 15:00:00,64,15.0,0,Continuity (2-mould press)
2026-04-14 00:00:00,B,4605,1325214812074TUHL0,2026-04-14 15:00:00,2026-04-14 23:00:00,64,15.0,0,Continuity (2-mould press)
2026-04-14 00:00:00,C,4605,1325214812074TUHL0,2026-04-14 23:00:00,2026-04-15 07:00:00,64,15.0,0,Continuity (2-mould press)
2026-04-15 00:00:00,A,4605,1325214812074TUHL0,2026-04-15 07:00:00,2026-04-15 15:00:00,64,15.0,0,Continuity (2-mould press)
2026-04-15 00:00:00,B,4605,1325214812074TUHL0,2026-04-15 15:00:00,2026-04-15 23:00:00,64,15.0,0,Continuity (2-mould press)
2026-04-15 00:00:00,C,4605,1325214812074TUHL0,2026-04-15 23:00:00,2026-04-16 07:00:00,64,15.0,0,Continuity (2-mould press)
2026-04-16 00:00:00,A,4605,1325214812074TUHL0,2026-04-16 07:00:00,2026-04-16 15:00:00,64,15.0,0,Continuity (2-mould press)
2026-04-16 00:00:00,B,4605,1325214812074TUHL0,2026-04-16 15:00:00,2026-04-16 23:00:00,64,15.0,0,Continuity (2-mould press)
2026-04-16 00:00:00,C,4605,1325214812074TUHL0,2026-04-16 23:00:00,2026-04-17 07:00:00,64,15.0,0,Continuity (2-mould press)
2026-04-17 00:00:00,A,4605,1325214812074TUHL0,2026-04-17 07:00:00,2026-04-17 15:00:00,64,15.0,0,Continuity (2-mould press)
2026-04-17 00:00:00,B,4605,1325214812074TUHL0,2026-04-17 15:00:00,2026-04-17 23:00:00,64,15.0,0,Continuity (2-mould press)
2026-04-17 00:00:00,C,4605,1325214812074TUHL0,2026-04-17 23:00:00,2026-04-18 07:00:00,64,15.0,0,Continuity (2-mould press)
2026-04-18 00:00:00,A,4605,1325214812074TUHL0,2026-04-18 07:00:00,2026-04-18 15:00:00,64,15.0,0,Continuity (2-mould press)
2026-04-18 00:00:00,B,4605,1325214812074TUHL0,2026-04-18 15:00:00,2026-04-18 23:00:00,64,15.0,0,Continuity (2-mould press)
2026-04-18 00:00:00,C,4605,1325214812074TUHL0,2026-04-18 23:00:00,2026-04-19 07:00:00,64,15.0,0,Continuity (2-mould press)
2026-04-19 00:00:00,A,4605,1325214812074TUHL0,2026-04-19 07:00:00,2026-04-19 15:00:00,64,15.0,0,Continuity (2-mould press)
2026-04-19 00:00:00,B,4605,1325214812074TUHL0,2026-04-19 15:00:00,2026-04-19 23:00:00,64,15.0,0,Continuity (2-mould press)
2026-04-19 00:00:00,C,4605,1325214812074TUHL0,2026-04-19 23:00:00,2026-04-20 07:00:00,64,15.0,0,Continuity (2-mould press)
2026-04-20 00:00:00,A,4605,1325214812074TUHL0,2026-04-20 07:00:00,2026-04-20 15:00:00,64,15.0,0,Continuity (2-mould press)
2026-04-20 00:00:00,B,4605,1325214812074TUHL0,2026-04-20 15:00:00,2026-04-20 15:15:00,2,15.0,0,Continuity (2-mould press)
2026-04-20 00:00:00,B,4605,MOULD_CLEAN,2026-04-20 15:15:00,2026-04-20 18:15:00,0,0.0,0,Mould cleaning (continuity)
2026-04-20 00:00:00,B,4605,1325214812074TUHL0,2026-04-20 18:15:00,2026-04-20 23:00:00,38,15.0,0,Continuity (2-mould press)
2026-04-20 00:00:00,C,4605,1325214812074TUHL0,2026-04-20 23:00:00,2026-04-21 07:00:00,64,15.0,0,Continuity (2-mould press)
2026-04-21 00:00:00,A,4605,1325214812074TUHL0,2026-04-21 07:00:00,2026-04-21 15:00:00,64,15.0,0,Continuity (2-mould press)
2026-04-21 00:00:00,B,4605,1325214812074TUHL0,2026-04-21 15:00:00,2026-04-21 23:00:00,64,15.0,0,Continuity (2-mould press)
2026-04-21 00:00:00,C,4605,1325214812074TUHL0,2026-04-21 23:00:00,2026-04-22 07:00:00,64,15.0,0,Continuity (2-mould press)
2026-04-22 00:00:00,A,4605,1325214812074TUHL0,2026-04-22 07:00:00,2026-04-22 15:00:00,64,15.0,0,Continuity (2-mould press)
2026-04-22 00:00:00,B,4605,1325214812074TUHL0,2026-04-22 15:00:00,2026-04-22 23:00:00,64,15.0,0,Continuity (2-mould press)
2026-04-22 00:00:00,C,4605,1325214812074TUHL0,2026-04-22 23:00:00,2026-04-23 07:00:00,64,15.0,0,Continuity (2-mould press)
2026-04-23 00:00:00,A,4605,1325214812074TUHL0,2026-04-23 07:00:00,2026-04-23 15:00:00,64,15.0,0,Continuity (2-mould press)
2026-04-23 00:00:00,B,4605,1325214812074TUHL0,2026-04-23 15:00:00,2026-04-23 23:00:00,64,15.0,0,Continuity (2-mould press)
2026-04-23 00:00:00,C,4605,1325214812074TUHL0,2026-04-23 23:00:00,2026-04-24 07:00:00,64,15.0,0,Continuity (2-mould press)
2026-04-24 00:00:00,A,4605,1325214812074TUHL0,2026-04-24 07:00:00,2026-04-24 15:00:00,64,15.0,0,Continuity (2-mould press)
2026-04-24 00:00:00,B,4605,1325214812074TUHL0,2026-04-24 15:00:00,2026-04-24 23:00:00,64,15.0,0,Continuity (2-mould press)
2026-04-24 00:00:00,C,4605,1325214812074TUHL0,2026-04-24 23:00:00,2026-04-25 07:00:00,64,15.0,0,Continuity (2-mould press)
2026-04-25 00:00:00,A,4605,1325214812074TUHL0,2026-04-25 07:00:00,2026-04-25 15:00:00,64,15.0,0,Continuity (2-mould press)
2026-04-25 00:00:00,B,4605,1325214812074TUHL0,2026-04-25 15:00:00,2026-04-25 23:00:00,64,15.0,0,Continuity (2-mould press)
2026-04-25 00:00:00,C,4605,1325214812074TUHL0,2026-04-25 23:00:00,2026-04-26 07:00:00,64,15.0,0,Continuity (2-mould press)
2026-04-26 00:00:00,A,4605,1325214812074TUHL0,2026-04-26 07:00:00,2026-04-26 15:00:00,64,15.0,0,Continuity (2-mould press)
2026-04-26 00:00:00,B,4605,1325214812074TUHL0,2026-04-26 15:00:00,2026-04-26 23:00:00,64,15.0,0,Continuity (2-mould press)
2026-04-26 00:00:00,C,4605,1325214812074TUHL0,2026-04-26 23:00:00,2026-04-27 07:00:00,64,15.0,0,Continuity (2-mould press)
2026-04-27 00:00:00,A,4605,1325214812074TUHL0,2026-04-27 07:00:00,2026-04-27 15:00:00,64,15.0,0,Continuity (2-mould press)
2026-04-27 00:00:00,B,4605,1325214812074TUHL0,2026-04-27 15:00:00,2026-04-27 23:00:00,64,15.0,0,Continuity (2-mould press)
2026-04-27 00:00:00,C,4605,1325214812074TUHL0,2026-04-27 23:00:00,2026-04-28 07:00:00,64,15.0,0,Continuity (2-mould press)
2026-04-28 00:00:00,A,4605,1325214812074TUHL0,2026-04-28 07:00:00,2026-04-28 15:00:00,64,15.0,0,Continuity (2-mould press)
2026-04-28 00:00:00,B,4605,1325214812074TUHL0,2026-04-28 15:00:00,2026-04-28 23:00:00,64,15.0,0,Continuity (2-mould press)
2026-04-28 00:00:00,C,4605,1325214812074TUHL0,2026-04-28 23:00:00,2026-04-29 07:00:00,64,15.0,0,Continuity (2-mould press)
2026-04-29 00:00:00,A,4605,1325214812074TUHL0,2026-04-29 07:00:00,2026-04-29 15:00:00,64,15.0,0,Continuity (2-mould press)
2026-04-29 00:00:00,B,4605,1325214812074TUHL0,2026-04-29 15:00:00,2026-04-29 23:00:00,64,15.0,0,Continuity (2-mould press)
2026-04-29 00:00:00,C,4605,1325214812074TUHL0,2026-04-29 23:00:00,2026-04-30 07:00:00,64,15.0,0,Continuity (2-mould press)
2026-04-30 00:00:00,A,4605,1325214812074TUHL0,2026-04-30 07:00:00,2026-04-30 15:00:00,64,15.0,0,Continuity (2-mould press)
2026-04-30 00:00:00,B,4605,1325214812074TUHL0,2026-04-30 15:00:00,2026-04-30 17:30:00,20,15.0,0,Continuity (2-mould press)
2026-04-03 00:00:00,A,4606,1D25214012008QXPCT,2026-04-03 07:00:00,2026-04-03 15:00:00,44,22.0,0,Continuity (2-mould press)
2026-04-03 00:00:00,B,4606,1D25214012008QXPCT,2026-04-03 15:00:00,2026-04-03 23:00:00,44,22.0,0,Continuity (2-mould press)
2026-04-03 00:00:00,C,4606,1D25214012008QXPCT,2026-04-03 23:00:00,2026-04-04 07:00:00,44,22.0,0,Continuity (2-mould press)
2026-04-04 00:00:00,A,4606,1D25214012008QXPCT,2026-04-04 07:00:00,2026-04-04 15:00:00,44,22.0,0,Continuity (2-mould press)
2026-04-04 00:00:00,B,4606,1D25214012008QXPCT,2026-04-04 15:00:00,2026-04-04 23:00:00,44,22.0,0,Continuity (2-mould press)
2026-04-04 00:00:00,C,4606,1D25214012008QXPCT,2026-04-04 23:00:00,2026-04-05 07:00:00,44,22.0,0,Continuity (2-mould press)
2026-04-05 00:00:00,A,4606,1D25214012008QXPCT,2026-04-05 07:00:00,2026-04-05 15:00:00,44,22.0,0,Continuity (2-mould press)
2026-04-05 00:00:00,B,4606,1D25214012008QXPCT,2026-04-05 15:00:00,2026-04-05 23:00:00,44,22.0,0,Continuity (2-mould press)
2026-04-05 00:00:00,C,4606,1D25214012008QXPCT,2026-04-05 23:00:00,2026-04-06 07:00:00,44,22.0,0,Continuity (2-mould press)
2026-04-06 00:00:00,A,4606,1D25214012008QXPCT,2026-04-06 07:00:00,2026-04-06 15:00:00,44,22.0,0,Continuity (2-mould press)
2026-04-06 00:00:00,B,4606,1D25214012008QXPCT,2026-04-06 15:00:00,2026-04-06 23:00:00,44,22.0,0,Continuity (2-mould press)
2026-04-06 00:00:00,C,4606,1D25214012008QXPCT,2026-04-06 23:00:00,2026-04-07 07:00:00,44,22.0,0,Continuity (2-mould press)
2026-04-07 00:00:00,A,4606,1D25214012008QXPCT,2026-04-07 07:00:00,2026-04-07 15:00:00,44,22.0,0,Continuity (2-mould press)
2026-04-07 00:00:00,B,4606,1D25214012008QXPCT,2026-04-07 15:00:00,2026-04-07 23:00:00,44,22.0,0,Continuity (2-mould press)
2026-04-07 00:00:00,C,4606,1D25214012008QXPCT,2026-04-07 23:00:00,2026-04-08 07:00:00,44,22.0,0,Continuity (2-mould press)
2026-04-08 00:00:00,A,4606,1D25214012008QXPCT,2026-04-08 07:00:00,2026-04-08 15:00:00,44,22.0,0,Continuity (2-mould press)
2026-04-08 00:00:00,B,4606,1D25214012008QXPCT,2026-04-08 15:00:00,2026-04-08 23:00:00,44,22.0,0,Continuity (2-mould press)
2026-04-08 00:00:00,C,4606,1D25214012008QXPCT,2026-04-08 23:00:00,2026-04-09 07:00:00,44,22.0,0,Continuity (2-mould press)
2026-04-09 00:00:00,A,4606,1D25214012008QXPCT,2026-04-09 07:00:00,2026-04-09 15:00:00,44,22.0,0,Continuity (2-mould press)
2026-04-09 00:00:00,B,4606,1D25214012008QXPCT,2026-04-09 15:00:00,2026-04-09 23:00:00,44,22.0,0,Continuity (2-mould press)
2026-04-09 00:00:00,C,4606,1D25214012008QXPCT,2026-04-09 23:00:00,2026-04-10 07:00:00,44,22.0,0,Continuity (2-mould press)
2026-04-10 00:00:00,A,4606,1D25214012008QXPCT,2026-04-10 07:00:00,2026-04-10 15:00:00,44,22.0,0,Continuity (2-mould press)
2026-04-10 00:00:00,B,4606,1D25214012008QXPCT,2026-04-10 15:00:00,2026-04-10 23:00:00,44,22.0,0,Continuity (2-mould press)
2026-04-10 00:00:00,C,4606,1D25214012008QXPCT,2026-04-10 23:00:00,2026-04-11 07:00:00,44,22.0,0,Continuity (2-mould press)
2026-04-11 00:00:00,A,4606,1D25214012008QXPCT,2026-04-11 07:00:00,2026-04-11 15:00:00,44,22.0,0,Continuity (2-mould press)
2026-04-11 00:00:00,B,4606,1D25214012008QXPCT,2026-04-11 15:00:00,2026-04-11 23:00:00,44,22.0,0,Continuity (2-mould press)
2026-04-11 00:00:00,C,4606,1D25214012008QXPCT,2026-04-11 23:00:00,2026-04-12 07:00:00,44,22.0,0,Continuity (2-mould press)
2026-04-12 00:00:00,A,4606,1D25214012008QXPCT,2026-04-12 07:00:00,2026-04-12 15:00:00,44,22.0,0,Continuity (2-mould press)
2026-04-12 00:00:00,B,4606,1D25214012008QXPCT,2026-04-12 15:00:00,2026-04-12 23:00:00,44,22.0,0,Continuity (2-mould press)
2026-04-12 00:00:00,C,4606,1D25214012008QXPCT,2026-04-12 23:00:00,2026-04-13 07:00:00,44,22.0,0,Continuity (2-mould press)
2026-04-13 00:00:00,A,4606,1D25214012008QXPCT,2026-04-13 07:00:00,2026-04-13 15:00:00,44,22.0,0,Continuity (2-mould press)
2026-04-13 00:00:00,B,4606,1D25214012008QXPCT,2026-04-13 15:00:00,2026-04-13 23:00:00,44,22.0,0,Continuity (2-mould press)
2026-04-13 00:00:00,C,4606,1D25214012008QXPCT,2026-04-13 23:00:00,2026-04-14 07:00:00,44,22.0,0,Continuity (2-mould press)
2026-04-14 00:00:00,A,4606,1D25214012008QXPCT,2026-04-14 07:00:00,2026-04-14 15:00:00,44,22.0,0,Continuity (2-mould press)
2026-04-14 00:00:00,B,4606,1D25214012008QXPCT,2026-04-14 15:00:00,2026-04-14 23:00:00,44,22.0,0,Continuity (2-mould press)
2026-04-14 00:00:00,C,4606,1D25214012008QXPCT,2026-04-14 23:00:00,2026-04-15 07:00:00,44,22.0,0,Continuity (2-mould press)
2026-04-15 00:00:00,A,4606,1D25214012008QXPCT,2026-04-15 07:00:00,2026-04-15 15:00:00,44,22.0,0,Continuity (2-mould press)
2026-04-15 00:00:00,B,4606,1D25214012008QXPCT,2026-04-15 15:00:00,2026-04-15 23:00:00,44,22.0,0,Continuity (2-mould press)
2026-04-15 00:00:00,C,4606,1D25214012008QXPCT,2026-04-15 23:00:00,2026-04-16 07:00:00,44,22.0,0,Continuity (2-mould press)
2026-04-16 00:00:00,A,4606,1D25214012008QXPCT,2026-04-16 07:00:00,2026-04-16 15:00:00,44,22.0,0,Continuity (2-mould press)
2026-04-16 00:00:00,B,4606,1D25214012008QXPCT,2026-04-16 15:00:00,2026-04-16 23:00:00,44,22.0,0,Continuity (2-mould press)
2026-04-16 00:00:00,C,4606,1D25214012008QXPCT,2026-04-16 23:00:00,2026-04-17 07:00:00,44,22.0,0,Continuity (2-mould press)
2026-04-17 00:00:00,A,4606,1D25214012008QXPCT,2026-04-17 07:00:00,2026-04-17 15:00:00,44,22.0,0,Continuity (2-mould press)
2026-04-17 00:00:00,B,4606,1D25214012008QXPCT,2026-04-17 15:00:00,2026-04-17 23:00:00,44,22.0,0,Continuity (2-mould press)
2026-04-17 00:00:00,C,4606,1D25214012008QXPCT,2026-04-17 23:00:00,2026-04-18 07:00:00,44,22.0,0,Continuity (2-mould press)
2026-04-18 00:00:00,A,4606,1D25214012008QXPCT,2026-04-18 07:00:00,2026-04-18 15:00:00,44,22.0,0,Continuity (2-mould press)
2026-04-18 00:00:00,B,4606,1D25214012008QXPCT,2026-04-18 15:00:00,2026-04-18 23:00:00,44,22.0,0,Continuity (2-mould press)
2026-04-18 00:00:00,C,4606,1D25214012008QXPCT,2026-04-18 23:00:00,2026-04-19 07:00:00,44,22.0,0,Continuity (2-mould press)
2026-04-19 00:00:00,A,4606,1D25214012008QXPCT,2026-04-19 07:00:00,2026-04-19 15:00:00,44,22.0,0,Continuity (2-mould press)
2026-04-19 00:00:00,B,4606,1D25214012008QXPCT,2026-04-19 15:00:00,2026-04-19 21:12:00,34,22.0,0,Continuity (2-mould press)
2026-04-03 00:00:00,A,4607,1D25214012008QXPCT,2026-04-03 07:00:00,2026-04-03 15:00:00,44,22.0,0,Continuity (2-mould press)
2026-04-03 00:00:00,B,4607,1D25214012008QXPCT,2026-04-03 15:00:00,2026-04-03 23:00:00,44,22.0,0,Continuity (2-mould press)
2026-04-03 00:00:00,C,4607,1D25214012008QXPCT,2026-04-03 23:00:00,2026-04-04 07:00:00,44,22.0,0,Continuity (2-mould press)
2026-04-04 00:00:00,A,4607,1D25214012008QXPCT,2026-04-04 07:00:00,2026-04-04 15:00:00,44,22.0,0,Continuity (2-mould press)
2026-04-04 00:00:00,B,4607,1D25214012008QXPCT,2026-04-04 15:00:00,2026-04-04 23:00:00,44,22.0,0,Continuity (2-mould press)
2026-04-04 00:00:00,C,4607,1D25214012008QXPCT,2026-04-04 23:00:00,2026-04-05 07:00:00,44,22.0,0,Continuity (2-mould press)
2026-04-05 00:00:00,A,4607,1D25214012008QXPCT,2026-04-05 07:00:00,2026-04-05 15:00:00,44,22.0,0,Continuity (2-mould press)
2026-04-05 00:00:00,B,4607,1D25214012008QXPCT,2026-04-05 15:00:00,2026-04-05 23:00:00,44,22.0,0,Continuity (2-mould press)
2026-04-05 00:00:00,C,4607,1D25214012008QXPCT,2026-04-05 23:00:00,2026-04-06 07:00:00,44,22.0,0,Continuity (2-mould press)
2026-04-06 00:00:00,A,4607,1D25214012008QXPCT,2026-04-06 07:00:00,2026-04-06 11:16:00,23,22.0,0,Continuity (2-mould press)
2026-04-06 00:00:00,A,4607,MOULD_CLEAN,2026-04-06 11:16:00,2026-04-06 14:16:00,0,0.0,0,Mould cleaning (continuity)
2026-04-06 00:00:00,A,4607,1D25214012008QXPCT,2026-04-06 14:16:00,2026-04-06 15:00:00,4,22.0,0,Continuity (2-mould press)
2026-04-06 00:00:00,B,4607,1D25214012008QXPCT,2026-04-06 15:00:00,2026-04-06 23:00:00,44,22.0,0,Continuity (2-mould press)
2026-04-06 00:00:00,C,4607,1D25214012008QXPCT,2026-04-06 23:00:00,2026-04-07 07:00:00,44,22.0,0,Continuity (2-mould press)
2026-04-07 00:00:00,A,4607,1D25214012008QXPCT,2026-04-07 07:00:00,2026-04-07 15:00:00,44,22.0,0,Continuity (2-mould press)
2026-04-07 00:00:00,B,4607,1D25214012008QXPCT,2026-04-07 15:00:00,2026-04-07 23:00:00,44,22.0,0,Continuity (2-mould press)
2026-04-07 00:00:00,C,4607,1D25214012008QXPCT,2026-04-07 23:00:00,2026-04-08 07:00:00,44,22.0,0,Continuity (2-mould press)
2026-04-08 00:00:00,A,4607,1D25214012008QXPCT,2026-04-08 07:00:00,2026-04-08 15:00:00,44,22.0,0,Continuity (2-mould press)
2026-04-08 00:00:00,B,4607,1D25214012008QXPCT,2026-04-08 15:00:00,2026-04-08 23:00:00,44,22.0,0,Continuity (2-mould press)
2026-04-08 00:00:00,C,4607,1D25214012008QXPCT,2026-04-08 23:00:00,2026-04-09 07:00:00,44,22.0,0,Continuity (2-mould press)
2026-04-09 00:00:00,A,4607,1D25214012008QXPCT,2026-04-09 07:00:00,2026-04-09 15:00:00,44,22.0,0,Continuity (2-mould press)
2026-04-09 00:00:00,B,4607,1D25214012008QXPCT,2026-04-09 15:00:00,2026-04-09 23:00:00,44,22.0,0,Continuity (2-mould press)
2026-04-09 00:00:00,C,4607,1D25214012008QXPCT,2026-04-09 23:00:00,2026-04-10 07:00:00,44,22.0,0,Continuity (2-mould press)
2026-04-10 00:00:00,A,4607,1D25214012008QXPCT,2026-04-10 07:00:00,2026-04-10 15:00:00,44,22.0,0,Continuity (2-mould press)
2026-04-10 00:00:00,B,4607,1D25214012008QXPCT,2026-04-10 15:00:00,2026-04-10 23:00:00,44,22.0,0,Continuity (2-mould press)
2026-04-10 00:00:00,C,4607,1D25214012008QXPCT,2026-04-10 23:00:00,2026-04-11 07:00:00,44,22.0,0,Continuity (2-mould press)
2026-04-11 00:00:00,A,4607,1D25214012008QXPCT,2026-04-11 07:00:00,2026-04-11 15:00:00,44,22.0,0,Continuity (2-mould press)
2026-04-11 00:00:00,B,4607,1D25214012008QXPCT,2026-04-11 15:00:00,2026-04-11 23:00:00,44,22.0,0,Continuity (2-mould press)
2026-04-11 00:00:00,C,4607,1D25214012008QXPCT,2026-04-11 23:00:00,2026-04-12 07:00:00,44,22.0,0,Continuity (2-mould press)
2026-04-12 00:00:00,A,4607,1D25214012008QXPCT,2026-04-12 07:00:00,2026-04-12 15:00:00,44,22.0,0,Continuity (2-mould press)
2026-04-12 00:00:00,B,4607,1D25214012008QXPCT,2026-04-12 15:00:00,2026-04-12 23:00:00,44,22.0,0,Continuity (2-mould press)
2026-04-12 00:00:00,C,4607,1D25214012008QXPCT,2026-04-12 23:00:00,2026-04-13 07:00:00,44,22.0,0,Continuity (2-mould press)
2026-04-13 00:00:00,A,4607,1D25214012008QXPCT,2026-04-13 07:00:00,2026-04-13 15:00:00,44,22.0,0,Continuity (2-mould press)
2026-04-13 00:00:00,B,4607,1D25214012008QXPCT,2026-04-13 15:00:00,2026-04-13 23:00:00,44,22.0,0,Continuity (2-mould press)
2026-04-13 00:00:00,C,4607,1D25214012008QXPCT,2026-04-13 23:00:00,2026-04-14 07:00:00,44,22.0,0,Continuity (2-mould press)
2026-04-14 00:00:00,A,4607,1D25214012008QXPCT,2026-04-14 07:00:00,2026-04-14 15:00:00,44,22.0,0,Continuity (2-mould press)
2026-04-14 00:00:00,B,4607,1D25214012008QXPCT,2026-04-14 15:00:00,2026-04-14 23:00:00,44,22.0,0,Continuity (2-mould press)
2026-04-14 00:00:00,C,4607,1D25214012008QXPCT,2026-04-14 23:00:00,2026-04-15 07:00:00,44,22.0,0,Continuity (2-mould press)
2026-04-15 00:00:00,A,4607,1D25214012008QXPCT,2026-04-15 07:00:00,2026-04-15 15:00:00,44,22.0,0,Continuity (2-mould press)
2026-04-15 00:00:00,B,4607,1D25214012008QXPCT,2026-04-15 15:00:00,2026-04-15 23:00:00,44,22.0,0,Continuity (2-mould press)
2026-04-15 00:00:00,C,4607,1D25214012008QXPCT,2026-04-15 23:00:00,2026-04-16 07:00:00,44,22.0,0,Continuity (2-mould press)
2026-04-16 00:00:00,A,4607,1D25214012008QXPCT,2026-04-16 07:00:00,2026-04-16 15:00:00,44,22.0,0,Continuity (2-mould press)
2026-04-16 00:00:00,B,4607,1D25214012008QXPCT,2026-04-16 15:00:00,2026-04-16 23:00:00,44,22.0,0,Continuity (2-mould press)
2026-04-16 00:00:00,C,4607,1D25214012008QXPCT,2026-04-16 23:00:00,2026-04-17 07:00:00,44,22.0,0,Continuity (2-mould press)
2026-04-17 00:00:00,A,4607,1D25214012008QXPCT,2026-04-17 07:00:00,2026-04-17 15:00:00,44,22.0,0,Continuity (2-mould press)
2026-04-17 00:00:00,B,4607,1D25214012008QXPCT,2026-04-17 15:00:00,2026-04-17 23:00:00,44,22.0,0,Continuity (2-mould press)
2026-04-17 00:00:00,C,4607,1D25214012008QXPCT,2026-04-17 23:00:00,2026-04-18 07:00:00,44,22.0,0,Continuity (2-mould press)
2026-04-18 00:00:00,A,4607,1D25214012008QXPCT,2026-04-18 07:00:00,2026-04-18 15:00:00,44,22.0,0,Continuity (2-mould press)
2026-04-18 00:00:00,B,4607,1D25214012008QXPCT,2026-04-18 15:00:00,2026-04-18 23:00:00,44,22.0,0,Continuity (2-mould press)
2026-04-18 00:00:00,C,4607,1D25214012008QXPCT,2026-04-18 23:00:00,2026-04-19 07:00:00,44,22.0,0,Continuity (2-mould press)
2026-04-19 00:00:00,A,4607,1D25214012008QXPCT,2026-04-19 07:00:00,2026-04-19 15:00:00,44,22.0,0,Continuity (2-mould press)
2026-04-19 00:00:00,B,4607,1D25214012008QXPCT,2026-04-19 15:00:00,2026-04-19 23:00:00,44,22.0,0,Continuity (2-mould press)
2026-04-19 00:00:00,C,4607,1D25214012008QXPCT,2026-04-19 23:00:00,2026-04-20 00:12:00,7,22.0,0,Continuity (2-mould press)
2026-04-03 00:00:00,A,4608,1325214812074TUHL0,2026-04-03 07:00:00,2026-04-03 15:00:00,64,15.0,0,Continuity (2-mould press)
2026-04-03 00:00:00,B,4608,1325214812074TUHL0,2026-04-03 15:00:00,2026-04-03 23:00:00,64,15.0,0,Continuity (2-mould press)
2026-04-03 00:00:00,C,4608,1325214812074TUHL0,2026-04-03 23:00:00,2026-04-04 07:00:00,64,15.0,0,Continuity (2-mould press)
2026-04-04 00:00:00,A,4608,1325214812074TUHL0,2026-04-04 07:00:00,2026-04-04 15:00:00,64,15.0,0,Continuity (2-mould press)
2026-04-04 00:00:00,B,4608,1325214812074TUHL0,2026-04-04 15:00:00,2026-04-04 23:00:00,64,15.0,0,Continuity (2-mould press)
2026-04-04 00:00:00,C,4608,1325214812074TUHL0,2026-04-04 23:00:00,2026-04-05 07:00:00,64,15.0,0,Continuity (2-mould press)
2026-04-05 00:00:00,A,4608,1325214812074TUHL0,2026-04-05 07:00:00,2026-04-05 15:00:00,64,15.0,0,Continuity (2-mould press)
2026-04-05 00:00:00,B,4608,1325214812074TUHL0,2026-04-05 15:00:00,2026-04-05 23:00:00,64,15.0,0,Continuity (2-mould press)
2026-04-05 00:00:00,C,4608,1325214812074TUHL0,2026-04-05 23:00:00,2026-04-06 07:00:00,64,15.0,0,Continuity (2-mould press)
2026-04-06 00:00:00,A,4608,1325214812074TUHL0,2026-04-06 07:00:00,2026-04-06 15:00:00,64,15.0,0,Continuity (2-mould press)
2026-04-06 00:00:00,B,4608,1325214812074TUHL0,2026-04-06 15:00:00,2026-04-06 23:00:00,64,15.0,0,Continuity (2-mould press)
2026-04-06 00:00:00,C,4608,1325214812074TUHL0,2026-04-06 23:00:00,2026-04-07 07:00:00,64,15.0,0,Continuity (2-mould press)
2026-04-07 00:00:00,A,4608,1325214812074TUHL0,2026-04-07 07:00:00,2026-04-07 15:00:00,64,15.0,0,Continuity (2-mould press)
2026-04-07 00:00:00,B,4608,1325214812074TUHL0,2026-04-07 15:00:00,2026-04-07 23:00:00,64,15.0,0,Continuity (2-mould press)
2026-04-07 00:00:00,C,4608,1325214812074TUHL0,2026-04-07 23:00:00,2026-04-08 07:00:00,64,15.0,0,Continuity (2-mould press)
2026-04-08 00:00:00,A,4608,1325214812074TUHL0,2026-04-08 07:00:00,2026-04-08 15:00:00,64,15.0,0,Continuity (2-mould press)
2026-04-08 00:00:00,B,4608,1325214812074TUHL0,2026-04-08 15:00:00,2026-04-08 23:00:00,64,15.0,0,Continuity (2-mould press)
2026-04-08 00:00:00,C,4608,1325214812074TUHL0,2026-04-08 23:00:00,2026-04-09 07:00:00,64,15.0,0,Continuity (2-mould press)
2026-04-09 00:00:00,A,4608,1325214812074TUHL0,2026-04-09 07:00:00,2026-04-09 15:00:00,64,15.0,0,Continuity (2-mould press)
2026-04-09 00:00:00,B,4608,1325214812074TUHL0,2026-04-09 15:00:00,2026-04-09 23:00:00,64,15.0,0,Continuity (2-mould press)
2026-04-09 00:00:00,C,4608,1325214812074TUHL0,2026-04-09 23:00:00,2026-04-10 07:00:00,64,15.0,0,Continuity (2-mould press)
2026-04-10 00:00:00,A,4608,1325214812074TUHL0,2026-04-10 07:00:00,2026-04-10 15:00:00,64,15.0,0,Continuity (2-mould press)
2026-04-10 00:00:00,B,4608,1325214812074TUHL0,2026-04-10 15:00:00,2026-04-10 23:00:00,64,15.0,0,Continuity (2-mould press)
2026-04-10 00:00:00,C,4608,1325214812074TUHL0,2026-04-10 23:00:00,2026-04-11 07:00:00,64,15.0,0,Continuity (2-mould press)
2026-04-11 00:00:00,A,4608,1325214812074TUHL0,2026-04-11 07:00:00,2026-04-11 15:00:00,64,15.0,0,Continuity (2-mould press)
2026-04-11 00:00:00,B,4608,1325214812074TUHL0,2026-04-11 15:00:00,2026-04-11 23:00:00,64,15.0,0,Continuity (2-mould press)
2026-04-11 00:00:00,C,4608,1325214812074TUHL0,2026-04-11 23:00:00,2026-04-12 07:00:00,64,15.0,0,Continuity (2-mould press)
2026-04-12 00:00:00,A,4608,1325214812074TUHL0,2026-04-12 07:00:00,2026-04-12 15:00:00,64,15.0,0,Continuity (2-mould press)
2026-04-12 00:00:00,B,4608,1325214812074TUHL0,2026-04-12 15:00:00,2026-04-12 23:00:00,64,15.0,0,Continuity (2-mould press)
2026-04-12 00:00:00,C,4608,1325214812074TUHL0,2026-04-12 23:00:00,2026-04-13 07:00:00,64,15.0,0,Continuity (2-mould press)
2026-04-13 00:00:00,A,4608,1325214812074TUHL0,2026-04-13 07:00:00,2026-04-13 15:00:00,64,15.0,0,Continuity (2-mould press)
2026-04-13 00:00:00,B,4608,1325214812074TUHL0,2026-04-13 15:00:00,2026-04-13 23:00:00,64,15.0,0,Continuity (2-mould press)
2026-04-13 00:00:00,C,4608,1325214812074TUHL0,2026-04-13 23:00:00,2026-04-14 07:00:00,64,15.0,0,Continuity (2-mould press)
2026-04-14 00:00:00,A,4608,1325214812074TUHL0,2026-04-14 07:00:00,2026-04-14 15:00:00,64,15.0,0,Continuity (2-mould press)
2026-04-14 00:00:00,B,4608,1325214812074TUHL0,2026-04-14 15:00:00,2026-04-14 23:00:00,64,15.0,0,Continuity (2-mould press)
2026-04-14 00:00:00,C,4608,1325214812074TUHL0,2026-04-14 23:00:00,2026-04-15 07:00:00,64,15.0,0,Continuity (2-mould press)
2026-04-15 00:00:00,A,4608,1325214812074TUHL0,2026-04-15 07:00:00,2026-04-15 15:00:00,64,15.0,0,Continuity (2-mould press)
2026-04-15 00:00:00,B,4608,1325214812074TUHL0,2026-04-15 15:00:00,2026-04-15 23:00:00,64,15.0,0,Continuity (2-mould press)
2026-04-15 00:00:00,C,4608,1325214812074TUHL0,2026-04-15 23:00:00,2026-04-16 07:00:00,64,15.0,0,Continuity (2-mould press)
2026-04-16 00:00:00,A,4608,1325214812074TUHL0,2026-04-16 07:00:00,2026-04-16 15:00:00,64,15.0,0,Continuity (2-mould press)
2026-04-16 00:00:00,B,4608,1325214812074TUHL0,2026-04-16 15:00:00,2026-04-16 23:00:00,64,15.0,0,Continuity (2-mould press)
2026-04-16 00:00:00,C,4608,1325214812074TUHL0,2026-04-16 23:00:00,2026-04-17 07:00:00,64,15.0,0,Continuity (2-mould press)
2026-04-17 00:00:00,A,4608,1325214812074TUHL0,2026-04-17 07:00:00,2026-04-17 15:00:00,64,15.0,0,Continuity (2-mould press)
2026-04-17 00:00:00,B,4608,1325214812074TUHL0,2026-04-17 15:00:00,2026-04-17 23:00:00,64,15.0,0,Continuity (2-mould press)
2026-04-17 00:00:00,C,4608,1325214812074TUHL0,2026-04-17 23:00:00,2026-04-18 07:00:00,64,15.0,0,Continuity (2-mould press)
2026-04-18 00:00:00,A,4608,1325214812074TUHL0,2026-04-18 07:00:00,2026-04-18 15:00:00,64,15.0,0,Continuity (2-mould press)
2026-04-18 00:00:00,B,4608,1325214812074TUHL0,2026-04-18 15:00:00,2026-04-18 23:00:00,64,15.0,0,Continuity (2-mould press)
2026-04-18 00:00:00,C,4608,1325214812074TUHL0,2026-04-18 23:00:00,2026-04-19 07:00:00,64,15.0,0,Continuity (2-mould press)
2026-04-19 00:00:00,A,4608,1325214812074TUHL0,2026-04-19 07:00:00,2026-04-19 15:00:00,64,15.0,0,Continuity (2-mould press)
2026-04-19 00:00:00,B,4608,1325214812074TUHL0,2026-04-19 15:00:00,2026-04-19 23:00:00,64,15.0,0,Continuity (2-mould press)
2026-04-19 00:00:00,C,4608,1325214812074TUHL0,2026-04-19 23:00:00,2026-04-20 07:00:00,64,15.0,0,Continuity (2-mould press)
2026-04-20 00:00:00,A,4608,1325214812074TUHL0,2026-04-20 07:00:00,2026-04-20 15:00:00,64,15.0,0,Continuity (2-mould press)
2026-04-20 00:00:00,B,4608,1325214812074TUHL0,2026-04-20 15:00:00,2026-04-20 23:00:00,64,15.0,0,Continuity (2-mould press)
2026-04-20 00:00:00,C,4608,1325214812074TUHL0,2026-04-20 23:00:00,2026-04-21 07:00:00,64,15.0,0,Continuity (2-mould press)
2026-04-21 00:00:00,A,4608,1325214812074TUHL0,2026-04-21 07:00:00,2026-04-21 15:00:00,64,15.0,0,Continuity (2-mould press)
2026-04-21 00:00:00,B,4608,1325214812074TUHL0,2026-04-21 15:00:00,2026-04-21 23:00:00,64,15.0,0,Continuity (2-mould press)
2026-04-21 00:00:00,C,4608,1325214812074TUHL0,2026-04-21 23:00:00,2026-04-22 07:00:00,64,15.0,0,Continuity (2-mould press)
2026-04-22 00:00:00,A,4608,1325214812074TUHL0,2026-04-22 07:00:00,2026-04-22 15:00:00,64,15.0,0,Continuity (2-mould press)
2026-04-22 00:00:00,B,4608,1325214812074TUHL0,2026-04-22 15:00:00,2026-04-22 23:00:00,64,15.0,0,Continuity (2-mould press)
2026-04-22 00:00:00,C,4608,1325214812074TUHL0,2026-04-22 23:00:00,2026-04-23 07:00:00,64,15.0,0,Continuity (2-mould press)
2026-04-23 00:00:00,A,4608,1325214812074TUHL0,2026-04-23 07:00:00,2026-04-23 15:00:00,64,15.0,0,Continuity (2-mould press)
2026-04-23 00:00:00,B,4608,1325214812074TUHL0,2026-04-23 15:00:00,2026-04-23 23:00:00,64,15.0,0,Continuity (2-mould press)
2026-04-23 00:00:00,C,4608,1325214812074TUHL0,2026-04-23 23:00:00,2026-04-24 07:00:00,64,15.0,0,Continuity (2-mould press)
2026-04-24 00:00:00,A,4608,1325214812074TUHL0,2026-04-24 07:00:00,2026-04-24 15:00:00,64,15.0,0,Continuity (2-mould press)
2026-04-24 00:00:00,B,4608,1325214812074TUHL0,2026-04-24 15:00:00,2026-04-24 23:00:00,64,15.0,0,Continuity (2-mould press)
2026-04-24 00:00:00,C,4608,1325214812074TUHL0,2026-04-24 23:00:00,2026-04-25 07:00:00,64,15.0,0,Continuity (2-mould press)
2026-04-25 00:00:00,A,4608,1325214812074TUHL0,2026-04-25 07:00:00,2026-04-25 15:00:00,64,15.0,0,Continuity (2-mould press)
2026-04-25 00:00:00,B,4608,1325214812074TUHL0,2026-04-25 15:00:00,2026-04-25 23:00:00,64,15.0,0,Continuity (2-mould press)
2026-04-25 00:00:00,C,4608,1325214812074TUHL0,2026-04-25 23:00:00,2026-04-26 07:00:00,64,15.0,0,Continuity (2-mould press)
2026-04-26 00:00:00,A,4608,1325214812074TUHL0,2026-04-26 07:00:00,2026-04-26 15:00:00,64,15.0,0,Continuity (2-mould press)
2026-04-26 00:00:00,B,4608,1325214812074TUHL0,2026-04-26 15:00:00,2026-04-26 23:00:00,64,15.0,0,Continuity (2-mould press)
2026-04-26 00:00:00,C,4608,1325214812074TUHL0,2026-04-26 23:00:00,2026-04-27 07:00:00,64,15.0,0,Continuity (2-mould press)
2026-04-27 00:00:00,A,4608,1325214812074TUHL0,2026-04-27 07:00:00,2026-04-27 15:00:00,64,15.0,0,Continuity (2-mould press)
2026-04-27 00:00:00,B,4608,1325214812074TUHL0,2026-04-27 15:00:00,2026-04-27 23:00:00,64,15.0,0,Continuity (2-mould press)
2026-04-27 00:00:00,C,4608,1325214812074TUHL0,2026-04-27 23:00:00,2026-04-28 07:00:00,64,15.0,0,Continuity (2-mould press)
2026-04-28 00:00:00,A,4608,1325214812074TUHL0,2026-04-28 07:00:00,2026-04-28 15:00:00,64,15.0,0,Continuity (2-mould press)
2026-04-28 00:00:00,B,4608,1325214812074TUHL0,2026-04-28 15:00:00,2026-04-28 23:00:00,64,15.0,0,Continuity (2-mould press)
2026-04-28 00:00:00,C,4608,1325214812074TUHL0,2026-04-28 23:00:00,2026-04-29 07:00:00,64,15.0,0,Continuity (2-mould press)
2026-04-29 00:00:00,A,4608,1325214812074TUHL0,2026-04-29 07:00:00,2026-04-29 15:00:00,64,15.0,0,Continuity (2-mould press)
2026-04-29 00:00:00,B,4608,1325214812074TUHL0,2026-04-29 15:00:00,2026-04-29 23:00:00,64,15.0,0,Continuity (2-mould press)
2026-04-29 00:00:00,C,4608,1325214812074TUHL0,2026-04-29 23:00:00,2026-04-30 07:00:00,64,15.0,0,Continuity (2-mould press)
2026-04-30 00:00:00,A,4608,1325214812074TUHL0,2026-04-30 07:00:00,2026-04-30 14:30:00,60,15.0,0,Continuity (2-mould press)
2026-04-03 00:00:00,A,4609,1D25214012008QXPCT,2026-04-03 07:00:00,2026-04-03 15:00:00,44,22.0,0,Continuity (2-mould press)
2026-04-03 00:00:00,B,4609,1D25214012008QXPCT,2026-04-03 15:00:00,2026-04-03 23:00:00,44,22.0,0,Continuity (2-mould press)
2026-04-03 00:00:00,C,4609,1D25214012008QXPCT,2026-04-03 23:00:00,2026-04-04 07:00:00,44,22.0,0,Continuity (2-mould press)
2026-04-04 00:00:00,A,4609,1D25214012008QXPCT,2026-04-04 07:00:00,2026-04-04 15:00:00,44,22.0,0,Continuity (2-mould press)
2026-04-04 00:00:00,B,4609,1D25214012008QXPCT,2026-04-04 15:00:00,2026-04-04 23:00:00,44,22.0,0,Continuity (2-mould press)
2026-04-04 00:00:00,C,4609,1D25214012008QXPCT,2026-04-04 23:00:00,2026-04-05 07:00:00,44,22.0,0,Continuity (2-mould press)
2026-04-05 00:00:00,A,4609,1D25214012008QXPCT,2026-04-05 07:00:00,2026-04-05 15:00:00,44,22.0,0,Continuity (2-mould press)
2026-04-05 00:00:00,B,4609,1D25214012008QXPCT,2026-04-05 15:00:00,2026-04-05 23:00:00,44,22.0,0,Continuity (2-mould press)
2026-04-05 00:00:00,C,4609,1D25214012008QXPCT,2026-04-05 23:00:00,2026-04-06 07:00:00,44,22.0,0,Continuity (2-mould press)
2026-04-06 00:00:00,A,4609,1D25214012008QXPCT,2026-04-06 07:00:00,2026-04-06 15:00:00,44,22.0,0,Continuity (2-mould press)
2026-04-06 00:00:00,B,4609,1D25214012008QXPCT,2026-04-06 15:00:00,2026-04-06 23:00:00,44,22.0,0,Continuity (2-mould press)
2026-04-06 00:00:00,C,4609,1D25214012008QXPCT,2026-04-06 23:00:00,2026-04-07 07:00:00,44,22.0,0,Continuity (2-mould press)
2026-04-07 00:00:00,A,4609,1D25214012008QXPCT,2026-04-07 07:00:00,2026-04-07 15:00:00,44,22.0,0,Continuity (2-mould press)
2026-04-07 00:00:00,B,4609,1D25214012008QXPCT,2026-04-07 15:00:00,2026-04-07 23:00:00,44,22.0,0,Continuity (2-mould press)
2026-04-07 00:00:00,C,4609,1D25214012008QXPCT,2026-04-07 23:00:00,2026-04-08 07:00:00,44,22.0,0,Continuity (2-mould press)
2026-04-08 00:00:00,A,4609,1D25214012008QXPCT,2026-04-08 07:00:00,2026-04-08 15:00:00,44,22.0,0,Continuity (2-mould press)
2026-04-08 00:00:00,B,4609,1D25214012008QXPCT,2026-04-08 15:00:00,2026-04-08 23:00:00,44,22.0,0,Continuity (2-mould press)
2026-04-08 00:00:00,C,4609,1D25214012008QXPCT,2026-04-08 23:00:00,2026-04-09 07:00:00,44,22.0,0,Continuity (2-mould press)
2026-04-09 00:00:00,A,4609,1D25214012008QXPCT,2026-04-09 07:00:00,2026-04-09 15:00:00,44,22.0,0,Continuity (2-mould press)
2026-04-09 00:00:00,B,4609,1D25214012008QXPCT,2026-04-09 15:00:00,2026-04-09 23:00:00,44,22.0,0,Continuity (2-mould press)
2026-04-09 00:00:00,C,4609,1D25214012008QXPCT,2026-04-09 23:00:00,2026-04-10 07:00:00,44,22.0,0,Continuity (2-mould press)
2026-04-10 00:00:00,A,4609,1D25214012008QXPCT,2026-04-10 07:00:00,2026-04-10 15:00:00,44,22.0,0,Continuity (2-mould press)
2026-04-10 00:00:00,B,4609,1D25214012008QXPCT,2026-04-10 15:00:00,2026-04-10 23:00:00,44,22.0,0,Continuity (2-mould press)
2026-04-10 00:00:00,C,4609,1D25214012008QXPCT,2026-04-10 23:00:00,2026-04-11 07:00:00,44,22.0,0,Continuity (2-mould press)
2026-04-11 00:00:00,A,4609,1D25214012008QXPCT,2026-04-11 07:00:00,2026-04-11 15:00:00,44,22.0,0,Continuity (2-mould press)
2026-04-11 00:00:00,B,4609,1D25214012008QXPCT,2026-04-11 15:00:00,2026-04-11 23:00:00,44,22.0,0,Continuity (2-mould press)
2026-04-11 00:00:00,C,4609,1D25214012008QXPCT,2026-04-11 23:00:00,2026-04-12 07:00:00,44,22.0,0,Continuity (2-mould press)
2026-04-12 00:00:00,A,4609,1D25214012008QXPCT,2026-04-12 07:00:00,2026-04-12 15:00:00,44,22.0,0,Continuity (2-mould press)
2026-04-12 00:00:00,B,4609,1D25214012008QXPCT,2026-04-12 15:00:00,2026-04-12 23:00:00,44,22.0,0,Continuity (2-mould press)
2026-04-12 00:00:00,C,4609,1D25214012008QXPCT,2026-04-12 23:00:00,2026-04-13 07:00:00,44,22.0,0,Continuity (2-mould press)
2026-04-13 00:00:00,A,4609,1D25214012008QXPCT,2026-04-13 07:00:00,2026-04-13 15:00:00,44,22.0,0,Continuity (2-mould press)
2026-04-13 00:00:00,B,4609,1D25214012008QXPCT,2026-04-13 15:00:00,2026-04-13 23:00:00,44,22.0,0,Continuity (2-mould press)
2026-04-13 00:00:00,C,4609,1D25214012008QXPCT,2026-04-13 23:00:00,2026-04-14 07:00:00,44,22.0,0,Continuity (2-mould press)
2026-04-14 00:00:00,A,4609,1D25214012008QXPCT,2026-04-14 07:00:00,2026-04-14 15:00:00,44,22.0,0,Continuity (2-mould press)
2026-04-14 00:00:00,B,4609,1D25214012008QXPCT,2026-04-14 15:00:00,2026-04-14 23:00:00,44,22.0,0,Continuity (2-mould press)
2026-04-14 00:00:00,C,4609,1D25214012008QXPCT,2026-04-14 23:00:00,2026-04-15 07:00:00,44,22.0,0,Continuity (2-mould press)
2026-04-15 00:00:00,A,4609,1D25214012008QXPCT,2026-04-15 07:00:00,2026-04-15 15:00:00,44,22.0,0,Continuity (2-mould press)
2026-04-15 00:00:00,B,4609,1D25214012008QXPCT,2026-04-15 15:00:00,2026-04-15 23:00:00,44,22.0,0,Continuity (2-mould press)
2026-04-15 00:00:00,C,4609,1D25214012008QXPCT,2026-04-15 23:00:00,2026-04-16 07:00:00,44,22.0,0,Continuity (2-mould press)
2026-04-16 00:00:00,A,4609,1D25214012008QXPCT,2026-04-16 07:00:00,2026-04-16 15:00:00,44,22.0,0,Continuity (2-mould press)
2026-04-16 00:00:00,B,4609,1D25214012008QXPCT,2026-04-16 15:00:00,2026-04-16 23:00:00,44,22.0,0,Continuity (2-mould press)
2026-04-16 00:00:00,C,4609,1D25214012008QXPCT,2026-04-16 23:00:00,2026-04-17 07:00:00,44,22.0,0,Continuity (2-mould press)
2026-04-17 00:00:00,A,4609,1D25214012008QXPCT,2026-04-17 07:00:00,2026-04-17 15:00:00,44,22.0,0,Continuity (2-mould press)
2026-04-17 00:00:00,B,4609,1D25214012008QXPCT,2026-04-17 15:00:00,2026-04-17 23:00:00,44,22.0,0,Continuity (2-mould press)
2026-04-17 00:00:00,C,4609,1D25214012008QXPCT,2026-04-17 23:00:00,2026-04-18 07:00:00,44,22.0,0,Continuity (2-mould press)
2026-04-18 00:00:00,A,4609,1D25214012008QXPCT,2026-04-18 07:00:00,2026-04-18 15:00:00,44,22.0,0,Continuity (2-mould press)
2026-04-18 00:00:00,B,4609,1D25214012008QXPCT,2026-04-18 15:00:00,2026-04-18 23:00:00,44,22.0,0,Continuity (2-mould press)
2026-04-18 00:00:00,C,4609,1D25214012008QXPCT,2026-04-18 23:00:00,2026-04-19 07:00:00,44,22.0,0,Continuity (2-mould press)
2026-04-19 00:00:00,A,4609,1D25214012008QXPCT,2026-04-19 07:00:00,2026-04-19 15:00:00,44,22.0,0,Continuity (2-mould press)
2026-04-19 00:00:00,B,4609,1D25214012008QXPCT,2026-04-19 15:00:00,2026-04-19 19:44:00,26,22.0,0,Continuity (2-mould press)
2026-04-03 00:00:00,A,4610,1325218316083HURL0,2026-04-03 07:00:00,2026-04-03 15:00:00,48,20.0,0,Continuity (2-mould press)
2026-04-03 00:00:00,B,4610,1325218316083HURL0,2026-04-03 15:00:00,2026-04-03 23:00:00,48,20.0,0,Continuity (2-mould press)
2026-04-03 00:00:00,C,4610,1325218316083HURL0,2026-04-03 23:00:00,2026-04-04 07:00:00,48,20.0,0,Continuity (2-mould press)
2026-04-04 00:00:00,A,4610,1325218316083HURL0,2026-04-04 07:00:00,2026-04-04 15:00:00,48,20.0,0,Continuity (2-mould press)
2026-04-04 00:00:00,B,4610,1325218316083HURL0,2026-04-04 15:00:00,2026-04-04 23:00:00,48,20.0,0,Continuity (2-mould press)
2026-04-04 00:00:00,C,4610,1325218316083HURL0,2026-04-04 23:00:00,2026-04-05 07:00:00,48,20.0,0,Continuity (2-mould press)
2026-04-05 00:00:00,A,4610,1325218316083HURL0,2026-04-05 07:00:00,2026-04-05 15:00:00,48,20.0,0,Continuity (2-mould press)
2026-04-05 00:00:00,B,4610,1325218316083HURL0,2026-04-05 15:00:00,2026-04-05 23:00:00,48,20.0,0,Continuity (2-mould press)
2026-04-05 00:00:00,C,4610,1325218316083HURL0,2026-04-05 23:00:00,2026-04-06 07:00:00,48,20.0,0,Continuity (2-mould press)
2026-04-06 00:00:00,A,4610,1325218316083HURL0,2026-04-06 07:00:00,2026-04-06 15:00:00,48,20.0,0,Continuity (2-mould press)
2026-04-06 00:00:00,B,4610,1325218316083HURL0,2026-04-06 15:00:00,2026-04-06 23:00:00,48,20.0,0,Continuity (2-mould press)
2026-04-06 00:00:00,C,4610,1325218316083HURL0,2026-04-06 23:00:00,2026-04-07 07:00:00,48,20.0,0,Continuity (2-mould press)
2026-04-07 00:00:00,A,4610,1325218316083HURL0,2026-04-07 07:00:00,2026-04-07 15:00:00,48,20.0,0,Continuity (2-mould press)
2026-04-07 00:00:00,B,4610,1325218316083HURL0,2026-04-07 15:00:00,2026-04-07 23:00:00,48,20.0,0,Continuity (2-mould press)
2026-04-07 00:00:00,C,4610,1325218316083HURL0,2026-04-07 23:00:00,2026-04-08 07:00:00,48,20.0,0,Continuity (2-mould press)
2026-04-08 00:00:00,A,4610,1325218316083HURL0,2026-04-08 07:00:00,2026-04-08 15:00:00,48,20.0,0,Continuity (2-mould press)
2026-04-08 00:00:00,B,4610,1325218316083HURL0,2026-04-08 15:00:00,2026-04-08 23:00:00,48,20.0,0,Continuity (2-mould press)
2026-04-08 00:00:00,C,4610,1325218316083HURL0,2026-04-08 23:00:00,2026-04-09 07:00:00,48,20.0,0,Continuity (2-mould press)
2026-04-09 00:00:00,A,4610,1325218316083HURL0,2026-04-09 07:00:00,2026-04-09 15:00:00,48,20.0,0,Continuity (2-mould press)
2026-04-09 00:00:00,B,4610,1325218316083HURL0,2026-04-09 15:00:00,2026-04-09 23:00:00,48,20.0,0,Continuity (2-mould press)
2026-04-09 00:00:00,C,4610,1325218316083HURL0,2026-04-09 23:00:00,2026-04-10 07:00:00,48,20.0,0,Continuity (2-mould press)
2026-04-10 00:00:00,A,4610,1325218316083HURL0,2026-04-10 07:00:00,2026-04-10 15:00:00,48,20.0,0,Continuity (2-mould press)
2026-04-10 00:00:00,B,4610,1325218316083HURL0,2026-04-10 15:00:00,2026-04-10 18:00:00,18,20.0,0,Continuity (2-mould press)
2026-04-03 00:00:00,A,4801,1225219Z15008SXC11,2026-04-03 07:00:00,2026-04-03 15:00:00,36,27.0,0,Continuity (2-mould press)
2026-04-03 00:00:00,B,4801,1225219Z15008SXC11,2026-04-03 15:00:00,2026-04-03 23:00:00,36,27.0,0,Continuity (2-mould press)
2026-04-03 00:00:00,C,4801,1225219Z15008SXC11,2026-04-03 23:00:00,2026-04-04 07:00:00,36,27.0,0,Continuity (2-mould press)
2026-04-04 00:00:00,A,4801,1225219Z15008SXC11,2026-04-04 07:00:00,2026-04-04 15:00:00,36,27.0,0,Continuity (2-mould press)
2026-04-04 00:00:00,B,4801,1225219Z15008SXC11,2026-04-04 15:00:00,2026-04-04 23:00:00,36,27.0,0,Continuity (2-mould press)
2026-04-04 00:00:00,C,4801,1225219Z15008SXC11,2026-04-04 23:00:00,2026-04-05 07:00:00,36,27.0,0,Continuity (2-mould press)
2026-04-05 00:00:00,A,4801,1225219Z15008SXC11,2026-04-05 07:00:00,2026-04-05 15:00:00,36,27.0,0,Continuity (2-mould press)
2026-04-05 00:00:00,B,4801,1225219Z15008SXC11,2026-04-05 15:00:00,2026-04-05 23:00:00,36,27.0,0,Continuity (2-mould press)
2026-04-05 00:00:00,C,4801,1225219Z15008SXC11,2026-04-05 23:00:00,2026-04-06 07:00:00,36,27.0,0,Continuity (2-mould press)
2026-04-06 00:00:00,A,4801,1225219Z15008SXC11,2026-04-06 07:00:00,2026-04-06 15:00:00,36,27.0,0,Continuity (2-mould press)
2026-04-06 00:00:00,B,4801,1225219Z15008SXC11,2026-04-06 15:00:00,2026-04-06 23:00:00,36,27.0,0,Continuity (2-mould press)
2026-04-06 00:00:00,C,4801,1225219Z15008SXC11,2026-04-06 23:00:00,2026-04-07 07:00:00,36,27.0,0,Continuity (2-mould press)
2026-04-07 00:00:00,A,4801,1225219Z15008SXC11,2026-04-07 07:00:00,2026-04-07 15:00:00,36,27.0,0,Continuity (2-mould press)
2026-04-07 00:00:00,B,4801,1225219Z15008SXC11,2026-04-07 15:00:00,2026-04-07 23:00:00,36,27.0,0,Continuity (2-mould press)
2026-04-07 00:00:00,C,4801,1225219Z15008SXC11,2026-04-07 23:00:00,2026-04-08 07:00:00,36,27.0,0,Continuity (2-mould press)
2026-04-08 00:00:00,A,4801,1225219Z15008SXC11,2026-04-08 07:00:00,2026-04-08 15:00:00,36,27.0,0,Continuity (2-mould press)
2026-04-08 00:00:00,B,4801,1225219Z15008SXC11,2026-04-08 15:00:00,2026-04-08 23:00:00,36,27.0,0,Continuity (2-mould press)
2026-04-08 00:00:00,C,4801,1225219Z15008SXC11,2026-04-08 23:00:00,2026-04-09 07:00:00,36,27.0,0,Continuity (2-mould press)
2026-04-09 00:00:00,A,4801,1225219Z15008SXC11,2026-04-09 07:00:00,2026-04-09 15:00:00,36,27.0,0,Continuity (2-mould press)
2026-04-09 00:00:00,B,4801,1225219Z15008SXC11,2026-04-09 15:00:00,2026-04-09 23:00:00,36,27.0,0,Continuity (2-mould press)
2026-04-09 00:00:00,C,4801,1225219Z15008SXC11,2026-04-09 23:00:00,2026-04-10 07:00:00,36,27.0,0,Continuity (2-mould press)
2026-04-10 00:00:00,A,4801,1225219Z15008SXC11,2026-04-10 07:00:00,2026-04-10 15:00:00,36,27.0,0,Continuity (2-mould press)
2026-04-10 00:00:00,B,4801,1225219Z15008SXC11,2026-04-10 15:00:00,2026-04-10 23:00:00,36,27.0,0,Continuity (2-mould press)
2026-04-10 00:00:00,C,4801,1225219Z15008SXC11,2026-04-10 23:00:00,2026-04-11 07:00:00,36,27.0,0,Continuity (2-mould press)
2026-04-11 00:00:00,A,4801,1225219Z15008SXC11,2026-04-11 07:00:00,2026-04-11 15:00:00,36,27.0,0,Continuity (2-mould press)
2026-04-11 00:00:00,B,4801,1225219Z15008SXC11,2026-04-11 15:00:00,2026-04-11 23:00:00,36,27.0,0,Continuity (2-mould press)
2026-04-11 00:00:00,C,4801,1225219Z15008SXC11,2026-04-11 23:00:00,2026-04-12 07:00:00,36,27.0,0,Continuity (2-mould press)
2026-04-12 00:00:00,A,4801,1225219Z15008SXC11,2026-04-12 07:00:00,2026-04-12 15:00:00,36,27.0,0,Continuity (2-mould press)
2026-04-12 00:00:00,B,4801,1225219Z15008SXC11,2026-04-12 15:00:00,2026-04-12 23:00:00,36,27.0,0,Continuity (2-mould press)
2026-04-12 00:00:00,C,4801,1225219Z15008SXC11,2026-04-12 23:00:00,2026-04-13 07:00:00,36,27.0,0,Continuity (2-mould press)
2026-04-13 00:00:00,A,4801,1225219Z15008SXC11,2026-04-13 07:00:00,2026-04-13 15:00:00,36,27.0,0,Continuity (2-mould press)
2026-04-13 00:00:00,B,4801,1225219Z15008SXC11,2026-04-13 15:00:00,2026-04-13 23:00:00,36,27.0,0,Continuity (2-mould press)
2026-04-13 00:00:00,C,4801,1225219Z15008SXC11,2026-04-13 23:00:00,2026-04-14 07:00:00,36,27.0,0,Continuity (2-mould press)
2026-04-14 00:00:00,A,4801,1225219Z15008SXC11,2026-04-14 07:00:00,2026-04-14 15:00:00,36,27.0,0,Continuity (2-mould press)
2026-04-14 00:00:00,B,4801,1225219Z15008SXC11,2026-04-14 15:00:00,2026-04-14 23:00:00,36,27.0,0,Continuity (2-mould press)
2026-04-14 00:00:00,C,4801,1225219Z15008SXC11,2026-04-14 23:00:00,2026-04-15 07:00:00,36,27.0,0,Continuity (2-mould press)
2026-04-15 00:00:00,A,4801,1225219Z15008SXC11,2026-04-15 07:00:00,2026-04-15 15:00:00,36,27.0,0,Continuity (2-mould press)
2026-04-15 00:00:00,B,4801,1225219Z15008SXC11,2026-04-15 15:00:00,2026-04-15 23:00:00,36,27.0,0,Continuity (2-mould press)
2026-04-15 00:00:00,C,4801,1225219Z15008SXC11,2026-04-15 23:00:00,2026-04-16 07:00:00,36,27.0,0,Continuity (2-mould press)
2026-04-16 00:00:00,A,4801,1225219Z15008SXC11,2026-04-16 07:00:00,2026-04-16 15:00:00,36,27.0,0,Continuity (2-mould press)
2026-04-16 00:00:00,B,4801,1225219Z15008SXC11,2026-04-16 15:00:00,2026-04-16 23:00:00,36,27.0,0,Continuity (2-mould press)
2026-04-16 00:00:00,C,4801,1225219Z15008SXC11,2026-04-16 23:00:00,2026-04-17 07:00:00,36,27.0,0,Continuity (2-mould press)
2026-04-17 00:00:00,A,4801,1225219Z15008SXC11,2026-04-17 07:00:00,2026-04-17 15:00:00,36,27.0,0,Continuity (2-mould press)
2026-04-17 00:00:00,B,4801,1225219Z15008SXC11,2026-04-17 15:00:00,2026-04-17 23:00:00,36,27.0,0,Continuity (2-mould press)
2026-04-17 00:00:00,C,4801,1225219Z15008SXC11,2026-04-17 23:00:00,2026-04-18 07:00:00,36,27.0,0,Continuity (2-mould press)
2026-04-18 00:00:00,A,4801,1225219Z15008SXC11,2026-04-18 07:00:00,2026-04-18 15:00:00,36,27.0,0,Continuity (2-mould press)
2026-04-18 00:00:00,B,4801,1225219Z15008SXC11,2026-04-18 15:00:00,2026-04-18 23:00:00,36,27.0,0,Continuity (2-mould press)
2026-04-18 00:00:00,C,4801,1225219Z15008SXC11,2026-04-18 23:00:00,2026-04-19 07:00:00,36,27.0,0,Continuity (2-mould press)
2026-04-19 00:00:00,A,4801,1225219Z15008SXC11,2026-04-19 07:00:00,2026-04-19 15:00:00,36,27.0,0,Continuity (2-mould press)
2026-04-19 00:00:00,B,4801,1225219Z15008SXC11,2026-04-19 15:00:00,2026-04-19 23:00:00,36,27.0,0,Continuity (2-mould press)
2026-04-19 00:00:00,C,4801,1225219Z15008SXC11,2026-04-19 23:00:00,2026-04-20 07:00:00,36,27.0,0,Continuity (2-mould press)
2026-04-20 00:00:00,A,4801,1225219Z15008SXC11,2026-04-20 07:00:00,2026-04-20 15:00:00,36,27.0,0,Continuity (2-mould press)
2026-04-20 00:00:00,B,4801,1225219Z15008SXC11,2026-04-20 15:00:00,2026-04-20 23:00:00,36,27.0,0,Continuity (2-mould press)
2026-04-20 00:00:00,C,4801,1225219Z15008SXC11,2026-04-20 23:00:00,2026-04-21 07:00:00,36,27.0,0,Continuity (2-mould press)
2026-04-21 00:00:00,A,4801,1225219Z15008SXC11,2026-04-21 07:00:00,2026-04-21 15:00:00,36,27.0,0,Continuity (2-mould press)
2026-04-21 00:00:00,B,4801,1225219Z15008SXC11,2026-04-21 15:00:00,2026-04-21 23:00:00,36,27.0,0,Continuity (2-mould press)
2026-04-21 00:00:00,C,4801,1225219Z15008SXC11,2026-04-21 23:00:00,2026-04-22 07:00:00,36,27.0,0,Continuity (2-mould press)
2026-04-22 00:00:00,A,4801,1225219Z15008SXC11,2026-04-22 07:00:00,2026-04-22 15:00:00,36,27.0,0,Continuity (2-mould press)
2026-04-22 00:00:00,B,4801,1225219Z15008SXC11,2026-04-22 15:00:00,2026-04-22 23:00:00,36,27.0,0,Continuity (2-mould press)
2026-04-22 00:00:00,C,4801,1225219Z15008SXC11,2026-04-22 23:00:00,2026-04-23 07:00:00,36,27.0,0,Continuity (2-mould press)
2026-04-23 00:00:00,A,4801,1225219Z15008SXC11,2026-04-23 07:00:00,2026-04-23 07:36:00,3,27.0,0,Continuity (2-mould press)
2026-04-03 00:00:00,A,4802,1D25216814008QXPC0,2026-04-03 07:00:00,2026-04-03 15:00:00,48,20.0,0,Continuity (2-mould press)
2026-04-03 00:00:00,B,4802,1D25216814008QXPC0,2026-04-03 15:00:00,2026-04-03 23:00:00,48,20.0,0,Continuity (2-mould press)
2026-04-03 00:00:00,C,4802,1D25216814008QXPC0,2026-04-03 23:00:00,2026-04-04 07:00:00,48,20.0,0,Continuity (2-mould press)
2026-04-04 00:00:00,A,4802,1D25216814008QXPC0,2026-04-04 07:00:00,2026-04-04 15:00:00,48,20.0,0,Continuity (2-mould press)
2026-04-04 00:00:00,B,4802,1D25216814008QXPC0,2026-04-04 15:00:00,2026-04-04 23:00:00,48,20.0,0,Continuity (2-mould press)
2026-04-04 00:00:00,C,4802,1D25216814008QXPC0,2026-04-04 23:00:00,2026-04-05 07:00:00,48,20.0,0,Continuity (2-mould press)
2026-04-05 00:00:00,A,4802,1D25216814008QXPC0,2026-04-05 07:00:00,2026-04-05 15:00:00,48,20.0,0,Continuity (2-mould press)
2026-04-05 00:00:00,B,4802,1D25216814008QXPC0,2026-04-05 15:00:00,2026-04-05 23:00:00,48,20.0,0,Continuity (2-mould press)
2026-04-05 00:00:00,C,4802,1D25216814008QXPC0,2026-04-05 23:00:00,2026-04-06 07:00:00,48,20.0,0,Continuity (2-mould press)
2026-04-06 00:00:00,A,4802,1D25216814008QXPC0,2026-04-06 07:00:00,2026-04-06 15:00:00,48,20.0,0,Continuity (2-mould press)
2026-04-06 00:00:00,B,4802,1D25216814008QXPC0,2026-04-06 15:00:00,2026-04-06 23:00:00,48,20.0,0,Continuity (2-mould press)
2026-04-06 00:00:00,C,4802,1D25216814008QXPC0,2026-04-06 23:00:00,2026-04-07 07:00:00,48,20.0,0,Continuity (2-mould press)
2026-04-07 00:00:00,A,4802,1D25216814008QXPC0,2026-04-07 07:00:00,2026-04-07 15:00:00,48,20.0,0,Continuity (2-mould press)
2026-04-07 00:00:00,B,4802,1D25216814008QXPC0,2026-04-07 15:00:00,2026-04-07 23:00:00,48,20.0,0,Continuity (2-mould press)
2026-04-07 00:00:00,C,4802,1D25216814008QXPC0,2026-04-07 23:00:00,2026-04-08 07:00:00,48,20.0,0,Continuity (2-mould press)
2026-04-08 00:00:00,A,4802,1D25216814008QXPC0,2026-04-08 07:00:00,2026-04-08 15:00:00,48,20.0,0,Continuity (2-mould press)
2026-04-08 00:00:00,B,4802,1D25216814008QXPC0,2026-04-08 15:00:00,2026-04-08 23:00:00,48,20.0,0,Continuity (2-mould press)
2026-04-08 00:00:00,C,4802,1D25216814008QXPC0,2026-04-08 23:00:00,2026-04-09 07:00:00,48,20.0,0,Continuity (2-mould press)
2026-04-09 00:00:00,A,4802,1D25216814008QXPC0,2026-04-09 07:00:00,2026-04-09 15:00:00,48,20.0,0,Continuity (2-mould press)
2026-04-09 00:00:00,B,4802,1D25216814008QXPC0,2026-04-09 15:00:00,2026-04-09 23:00:00,48,20.0,0,Continuity (2-mould press)
2026-04-09 00:00:00,C,4802,1D25216814008QXPC0,2026-04-09 23:00:00,2026-04-10 07:00:00,48,20.0,0,Continuity (2-mould press)
2026-04-10 00:00:00,A,4802,1D25216814008QXPC0,2026-04-10 07:00:00,2026-04-10 15:00:00,48,20.0,0,Continuity (2-mould press)
2026-04-10 00:00:00,B,4802,1D25216814008QXPC0,2026-04-10 15:00:00,2026-04-10 23:00:00,48,20.0,0,Continuity (2-mould press)
2026-04-10 00:00:00,C,4802,1D25216814008QXPC0,2026-04-10 23:00:00,2026-04-11 07:00:00,48,20.0,0,Continuity (2-mould press)
2026-04-11 00:00:00,A,4802,1D25216814008QXPC0,2026-04-11 07:00:00,2026-04-11 15:00:00,48,20.0,0,Continuity (2-mould press)
2026-04-11 00:00:00,B,4802,1D25216814008QXPC0,2026-04-11 15:00:00,2026-04-11 23:00:00,48,20.0,0,Continuity (2-mould press)
2026-04-11 00:00:00,C,4802,1D25216814008QXPC0,2026-04-11 23:00:00,2026-04-12 07:00:00,48,20.0,0,Continuity (2-mould press)
2026-04-12 00:00:00,A,4802,1D25216814008QXPC0,2026-04-12 07:00:00,2026-04-12 15:00:00,48,20.0,0,Continuity (2-mould press)
2026-04-12 00:00:00,B,4802,1D25216814008QXPC0,2026-04-12 15:00:00,2026-04-12 23:00:00,48,20.0,0,Continuity (2-mould press)
2026-04-12 00:00:00,C,4802,1D25216814008QXPC0,2026-04-12 23:00:00,2026-04-13 07:00:00,48,20.0,0,Continuity (2-mould press)
2026-04-13 00:00:00,A,4802,1D25216814008QXPC0,2026-04-13 07:00:00,2026-04-13 15:00:00,48,20.0,0,Continuity (2-mould press)
2026-04-13 00:00:00,B,4802,1D25216814008QXPC0,2026-04-13 15:00:00,2026-04-13 23:00:00,48,20.0,0,Continuity (2-mould press)
2026-04-13 00:00:00,C,4802,1D25216814008QXPC0,2026-04-13 23:00:00,2026-04-14 07:00:00,48,20.0,0,Continuity (2-mould press)
2026-04-14 00:00:00,A,4802,1D25216814008QXPC0,2026-04-14 07:00:00,2026-04-14 15:00:00,48,20.0,0,Continuity (2-mould press)
2026-04-14 00:00:00,B,4802,1D25216814008QXPC0,2026-04-14 15:00:00,2026-04-14 23:00:00,48,20.0,0,Continuity (2-mould press)
2026-04-14 00:00:00,C,4802,1D25216814008QXPC0,2026-04-14 23:00:00,2026-04-15 07:00:00,48,20.0,0,Continuity (2-mould press)
2026-04-15 00:00:00,A,4802,1D25216814008QXPC0,2026-04-15 07:00:00,2026-04-15 15:00:00,48,20.0,0,Continuity (2-mould press)
2026-04-15 00:00:00,B,4802,1D25216814008QXPC0,2026-04-15 15:00:00,2026-04-15 23:00:00,48,20.0,0,Continuity (2-mould press)
2026-04-15 00:00:00,C,4802,1D25216814008QXPC0,2026-04-15 23:00:00,2026-04-16 07:00:00,48,20.0,0,Continuity (2-mould press)
2026-04-16 00:00:00,A,4802,1D25216814008QXPC0,2026-04-16 07:00:00,2026-04-16 15:00:00,48,20.0,0,Continuity (2-mould press)
2026-04-16 00:00:00,B,4802,1D25216814008QXPC0,2026-04-16 15:00:00,2026-04-16 23:00:00,48,20.0,0,Continuity (2-mould press)
2026-04-16 00:00:00,C,4802,1D25216814008QXPC0,2026-04-16 23:00:00,2026-04-17 07:00:00,48,20.0,0,Continuity (2-mould press)
2026-04-17 00:00:00,A,4802,1D25216814008QXPC0,2026-04-17 07:00:00,2026-04-17 15:00:00,48,20.0,0,Continuity (2-mould press)
2026-04-17 00:00:00,B,4802,1D25216814008QXPC0,2026-04-17 15:00:00,2026-04-17 23:00:00,48,20.0,0,Continuity (2-mould press)
2026-04-17 00:00:00,C,4802,1D25216814008QXPC0,2026-04-17 23:00:00,2026-04-18 07:00:00,48,20.0,0,Continuity (2-mould press)
2026-04-18 00:00:00,A,4802,1D25216814008QXPC0,2026-04-18 07:00:00,2026-04-18 15:00:00,48,20.0,0,Continuity (2-mould press)
2026-04-18 00:00:00,B,4802,1D25216814008QXPC0,2026-04-18 15:00:00,2026-04-18 23:00:00,48,20.0,0,Continuity (2-mould press)
2026-04-18 00:00:00,C,4802,1D25216814008QXPC0,2026-04-18 23:00:00,2026-04-19 05:40:00,40,20.0,0,Continuity (2-mould press)
2026-04-18 00:00:00,C,4802,MOULD_CLEAN,2026-04-19 05:40:00,2026-04-19 07:00:00,0,0.0,0,Mould cleaning (continuity)
2026-04-19 00:00:00,A,4802,MOULD_CLEAN,2026-04-19 07:00:00,2026-04-19 08:40:00,0,0.0,0,Mould cleaning (continuity)
2026-04-19 00:00:00,A,4802,1D25216814008QXPC0,2026-04-19 08:40:00,2026-04-19 15:00:00,38,20.0,0,Continuity (2-mould press)
2026-04-19 00:00:00,B,4802,1D25216814008QXPC0,2026-04-19 15:00:00,2026-04-19 23:00:00,48,20.0,0,Continuity (2-mould press)
2026-04-19 00:00:00,C,4802,1D25216814008QXPC0,2026-04-19 23:00:00,2026-04-20 07:00:00,48,20.0,0,Continuity (2-mould press)
2026-04-20 00:00:00,A,4802,1D25216814008QXPC0,2026-04-20 07:00:00,2026-04-20 15:00:00,48,20.0,0,Continuity (2-mould press)
2026-04-20 00:00:00,B,4802,1D25216814008QXPC0,2026-04-20 15:00:00,2026-04-20 23:00:00,48,20.0,0,Continuity (2-mould press)
2026-04-20 00:00:00,C,4802,1D25216814008QXPC0,2026-04-20 23:00:00,2026-04-21 07:00:00,48,20.0,0,Continuity (2-mould press)
2026-04-21 00:00:00,A,4802,1D25216814008QXPC0,2026-04-21 07:00:00,2026-04-21 15:00:00,48,20.0,0,Continuity (2-mould press)
2026-04-21 00:00:00,B,4802,1D25216814008QXPC0,2026-04-21 15:00:00,2026-04-21 23:00:00,48,20.0,0,Continuity (2-mould press)
2026-04-21 00:00:00,C,4802,1D25216814008QXPC0,2026-04-21 23:00:00,2026-04-22 07:00:00,48,20.0,0,Continuity (2-mould press)
2026-04-22 00:00:00,A,4802,1D25216814008QXPC0,2026-04-22 07:00:00,2026-04-22 15:00:00,48,20.0,0,Continuity (2-mould press)
2026-04-22 00:00:00,B,4802,1D25216814008QXPC0,2026-04-22 15:00:00,2026-04-22 23:00:00,48,20.0,0,Continuity (2-mould press)
2026-04-22 00:00:00,C,4802,1D25216814008QXPC0,2026-04-22 23:00:00,2026-04-23 07:00:00,48,20.0,0,Continuity (2-mould press)
2026-04-23 00:00:00,A,4802,1D25216814008QXPC0,2026-04-23 07:00:00,2026-04-23 15:00:00,48,20.0,0,Continuity (2-mould press)
2026-04-23 00:00:00,B,4802,1D25216814008QXPC0,2026-04-23 15:00:00,2026-04-23 23:00:00,48,20.0,0,Continuity (2-mould press)
2026-04-23 00:00:00,C,4802,1D25216814008QXPC0,2026-04-23 23:00:00,2026-04-24 07:00:00,48,20.0,0,Continuity (2-mould press)
2026-04-24 00:00:00,A,4802,1D25216814008QXPC0,2026-04-24 07:00:00,2026-04-24 15:00:00,48,20.0,0,Continuity (2-mould press)
2026-04-24 00:00:00,B,4802,1D25216814008QXPC0,2026-04-24 15:00:00,2026-04-24 23:00:00,48,20.0,0,Continuity (2-mould press)
2026-04-24 00:00:00,C,4802,1D25216814008QXPC0,2026-04-24 23:00:00,2026-04-25 07:00:00,48,20.0,0,Continuity (2-mould press)
2026-04-25 00:00:00,A,4802,1D25216814008QXPC0,2026-04-25 07:00:00,2026-04-25 15:00:00,48,20.0,0,Continuity (2-mould press)
2026-04-25 00:00:00,B,4802,1D25216814008QXPC0,2026-04-25 15:00:00,2026-04-25 23:00:00,48,20.0,0,Continuity (2-mould press)
2026-04-25 00:00:00,C,4802,1D25216814008QXPC0,2026-04-25 23:00:00,2026-04-26 07:00:00,48,20.0,0,Continuity (2-mould press)
2026-04-26 00:00:00,A,4802,1D25216814008QXPC0,2026-04-26 07:00:00,2026-04-26 15:00:00,48,20.0,0,Continuity (2-mould press)
2026-04-26 00:00:00,B,4802,1D25216814008QXPC0,2026-04-26 15:00:00,2026-04-26 23:00:00,48,20.0,0,Continuity (2-mould press)
2026-04-26 00:00:00,C,4802,1D25216814008QXPC0,2026-04-26 23:00:00,2026-04-27 07:00:00,48,20.0,0,Continuity (2-mould press)
2026-04-27 00:00:00,A,4802,1D25216814008QXPC0,2026-04-27 07:00:00,2026-04-27 15:00:00,48,20.0,0,Continuity (2-mould press)
2026-04-27 00:00:00,B,4802,1D25216814008QXPC0,2026-04-27 15:00:00,2026-04-27 23:00:00,48,20.0,0,Continuity (2-mould press)
2026-04-27 00:00:00,C,4802,1D25216814008QXPC0,2026-04-27 23:00:00,2026-04-28 07:00:00,48,20.0,0,Continuity (2-mould press)
2026-04-28 00:00:00,A,4802,1D25216814008QXPC0,2026-04-28 07:00:00,2026-04-28 15:00:00,48,20.0,0,Continuity (2-mould press)
2026-04-28 00:00:00,B,4802,1D25216814008QXPC0,2026-04-28 15:00:00,2026-04-28 23:00:00,48,20.0,0,Continuity (2-mould press)
2026-04-28 00:00:00,C,4802,1D25216814008QXPC0,2026-04-28 23:00:00,2026-04-29 07:00:00,48,20.0,0,Continuity (2-mould press)
2026-04-29 00:00:00,A,4802,1D25216814008QXPC0,2026-04-29 07:00:00,2026-04-29 15:00:00,48,20.0,0,Continuity (2-mould press)
2026-04-29 00:00:00,B,4802,1D25216814008QXPC0,2026-04-29 15:00:00,2026-04-29 23:00:00,48,20.0,0,Continuity (2-mould press)
2026-04-29 00:00:00,C,4802,1D25216814008QXPC0,2026-04-29 23:00:00,2026-04-30 07:00:00,48,20.0,0,Continuity (2-mould press)
2026-04-30 00:00:00,A,4802,1D25216814008QXPC0,2026-04-30 07:00:00,2026-04-30 15:00:00,48,20.0,0,Continuity (2-mould press)
2026-04-30 00:00:00,B,4802,1D25216814008QXPC0,2026-04-30 15:00:00,2026-04-30 23:00:00,48,20.0,0,Continuity (2-mould press)
2026-04-30 00:00:00,C,4802,1D25216814008QXPC0,2026-04-30 23:00:00,2026-05-01 07:00:00,48,20.0,0,Continuity (2-mould press)
2026-05-01 00:00:00,A,4802,1D25216814008QXPC0,2026-05-01 07:00:00,2026-05-01 15:00:00,48,20.0,0,Continuity (2-mould press)
2026-05-01 00:00:00,B,4802,1D25216814008QXPC0,2026-05-01 15:00:00,2026-05-01 23:00:00,48,20.0,0,Continuity (2-mould press)
2026-05-01 00:00:00,C,4802,1D25216814008QXPC0,2026-05-01 23:00:00,2026-05-02 07:00:00,48,20.0,0,Continuity (2-mould press)
2026-05-02 00:00:00,A,4802,1D25216814008QXPC0,2026-05-02 07:00:00,2026-05-02 15:00:00,48,20.0,0,Continuity (2-mould press)
2026-05-02 00:00:00,B,4802,1D25216814008QXPC0,2026-05-02 15:00:00,2026-05-02 23:00:00,48,20.0,0,Continuity (2-mould press)
2026-05-02 00:00:00,C,4802,1D25216814008QXPC0,2026-05-02 23:00:00,2026-05-03 07:00:00,48,20.0,0,Continuity (2-mould press)
2026-04-03 00:00:00,A,4803,1225219Z15008SXC11,2026-04-03 07:00:00,2026-04-03 15:00:00,36,27.0,0,Continuity (2-mould press)
2026-04-03 00:00:00,B,4803,1225219Z15008SXC11,2026-04-03 15:00:00,2026-04-03 23:00:00,36,27.0,0,Continuity (2-mould press)
2026-04-03 00:00:00,C,4803,1225219Z15008SXC11,2026-04-03 23:00:00,2026-04-04 07:00:00,36,27.0,0,Continuity (2-mould press)
2026-04-04 00:00:00,A,4803,1225219Z15008SXC11,2026-04-04 07:00:00,2026-04-04 15:00:00,36,27.0,0,Continuity (2-mould press)
2026-04-04 00:00:00,B,4803,1225219Z15008SXC11,2026-04-04 15:00:00,2026-04-04 23:00:00,36,27.0,0,Continuity (2-mould press)
2026-04-04 00:00:00,C,4803,1225219Z15008SXC11,2026-04-04 23:00:00,2026-04-05 07:00:00,36,27.0,0,Continuity (2-mould press)
2026-04-05 00:00:00,A,4803,1225219Z15008SXC11,2026-04-05 07:00:00,2026-04-05 15:00:00,36,27.0,0,Continuity (2-mould press)
2026-04-05 00:00:00,B,4803,1225219Z15008SXC11,2026-04-05 15:00:00,2026-04-05 23:00:00,36,27.0,0,Continuity (2-mould press)
2026-04-05 00:00:00,C,4803,1225219Z15008SXC11,2026-04-05 23:00:00,2026-04-06 07:00:00,36,27.0,0,Continuity (2-mould press)
2026-04-06 00:00:00,A,4803,1225219Z15008SXC11,2026-04-06 07:00:00,2026-04-06 15:00:00,36,27.0,0,Continuity (2-mould press)
2026-04-06 00:00:00,B,4803,1225219Z15008SXC11,2026-04-06 15:00:00,2026-04-06 23:00:00,36,27.0,0,Continuity (2-mould press)
2026-04-06 00:00:00,C,4803,1225219Z15008SXC11,2026-04-06 23:00:00,2026-04-07 07:00:00,36,27.0,0,Continuity (2-mould press)
2026-04-07 00:00:00,A,4803,1225219Z15008SXC11,2026-04-07 07:00:00,2026-04-07 15:00:00,36,27.0,0,Continuity (2-mould press)
2026-04-07 00:00:00,B,4803,1225219Z15008SXC11,2026-04-07 15:00:00,2026-04-07 23:00:00,36,27.0,0,Continuity (2-mould press)
2026-04-07 00:00:00,C,4803,1225219Z15008SXC11,2026-04-07 23:00:00,2026-04-08 07:00:00,36,27.0,0,Continuity (2-mould press)
2026-04-08 00:00:00,A,4803,1225219Z15008SXC11,2026-04-08 07:00:00,2026-04-08 15:00:00,36,27.0,0,Continuity (2-mould press)
2026-04-08 00:00:00,B,4803,1225219Z15008SXC11,2026-04-08 15:00:00,2026-04-08 23:00:00,36,27.0,0,Continuity (2-mould press)
2026-04-08 00:00:00,C,4803,1225219Z15008SXC11,2026-04-08 23:00:00,2026-04-09 07:00:00,36,27.0,0,Continuity (2-mould press)
2026-04-09 00:00:00,A,4803,1225219Z15008SXC11,2026-04-09 07:00:00,2026-04-09 15:00:00,36,27.0,0,Continuity (2-mould press)
2026-04-09 00:00:00,B,4803,1225219Z15008SXC11,2026-04-09 15:00:00,2026-04-09 23:00:00,36,27.0,0,Continuity (2-mould press)
2026-04-09 00:00:00,C,4803,1225219Z15008SXC11,2026-04-09 23:00:00,2026-04-10 07:00:00,36,27.0,0,Continuity (2-mould press)
2026-04-10 00:00:00,A,4803,1225219Z15008SXC11,2026-04-10 07:00:00,2026-04-10 15:00:00,36,27.0,0,Continuity (2-mould press)
2026-04-10 00:00:00,B,4803,1225219Z15008SXC11,2026-04-10 15:00:00,2026-04-10 23:00:00,36,27.0,0,Continuity (2-mould press)
2026-04-10 00:00:00,C,4803,1225219Z15008SXC11,2026-04-10 23:00:00,2026-04-11 07:00:00,36,27.0,0,Continuity (2-mould press)
2026-04-11 00:00:00,A,4803,1225219Z15008SXC11,2026-04-11 07:00:00,2026-04-11 15:00:00,36,27.0,0,Continuity (2-mould press)
2026-04-11 00:00:00,B,4803,1225219Z15008SXC11,2026-04-11 15:00:00,2026-04-11 23:00:00,36,27.0,0,Continuity (2-mould press)
2026-04-11 00:00:00,C,4803,1225219Z15008SXC11,2026-04-11 23:00:00,2026-04-12 07:00:00,36,27.0,0,Continuity (2-mould press)
2026-04-12 00:00:00,A,4803,1225219Z15008SXC11,2026-04-12 07:00:00,2026-04-12 15:00:00,36,27.0,0,Continuity (2-mould press)
2026-04-12 00:00:00,B,4803,1225219Z15008SXC11,2026-04-12 15:00:00,2026-04-12 23:00:00,36,27.0,0,Continuity (2-mould press)
2026-04-12 00:00:00,C,4803,1225219Z15008SXC11,2026-04-12 23:00:00,2026-04-13 07:00:00,36,27.0,0,Continuity (2-mould press)
2026-04-13 00:00:00,A,4803,1225219Z15008SXC11,2026-04-13 07:00:00,2026-04-13 15:00:00,36,27.0,0,Continuity (2-mould press)
2026-04-13 00:00:00,B,4803,1225219Z15008SXC11,2026-04-13 15:00:00,2026-04-13 23:00:00,36,27.0,0,Continuity (2-mould press)
2026-04-13 00:00:00,C,4803,1225219Z15008SXC11,2026-04-13 23:00:00,2026-04-14 07:00:00,36,27.0,0,Continuity (2-mould press)
2026-04-14 00:00:00,A,4803,1225219Z15008SXC11,2026-04-14 07:00:00,2026-04-14 15:00:00,36,27.0,0,Continuity (2-mould press)
2026-04-14 00:00:00,B,4803,1225219Z15008SXC11,2026-04-14 15:00:00,2026-04-14 23:00:00,36,27.0,0,Continuity (2-mould press)
2026-04-14 00:00:00,C,4803,1225219Z15008SXC11,2026-04-14 23:00:00,2026-04-15 07:00:00,36,27.0,0,Continuity (2-mould press)
2026-04-15 00:00:00,A,4803,1225219Z15008SXC11,2026-04-15 07:00:00,2026-04-15 15:00:00,36,27.0,0,Continuity (2-mould press)
2026-04-15 00:00:00,B,4803,1225219Z15008SXC11,2026-04-15 15:00:00,2026-04-15 23:00:00,36,27.0,0,Continuity (2-mould press)
2026-04-15 00:00:00,C,4803,1225219Z15008SXC11,2026-04-15 23:00:00,2026-04-16 07:00:00,36,27.0,0,Continuity (2-mould press)
2026-04-16 00:00:00,A,4803,1225219Z15008SXC11,2026-04-16 07:00:00,2026-04-16 15:00:00,36,27.0,0,Continuity (2-mould press)
2026-04-16 00:00:00,B,4803,1225219Z15008SXC11,2026-04-16 15:00:00,2026-04-16 23:00:00,36,27.0,0,Continuity (2-mould press)
2026-04-16 00:00:00,C,4803,1225219Z15008SXC11,2026-04-16 23:00:00,2026-04-17 07:00:00,36,27.0,0,Continuity (2-mould press)
2026-04-17 00:00:00,A,4803,1225219Z15008SXC11,2026-04-17 07:00:00,2026-04-17 15:00:00,36,27.0,0,Continuity (2-mould press)
2026-04-17 00:00:00,B,4803,1225219Z15008SXC11,2026-04-17 15:00:00,2026-04-17 23:00:00,36,27.0,0,Continuity (2-mould press)
2026-04-17 00:00:00,C,4803,1225219Z15008SXC11,2026-04-17 23:00:00,2026-04-18 07:00:00,36,27.0,0,Continuity (2-mould press)
2026-04-18 00:00:00,A,4803,1225219Z15008SXC11,2026-04-18 07:00:00,2026-04-18 15:00:00,36,27.0,0,Continuity (2-mould press)
2026-04-18 00:00:00,B,4803,1225219Z15008SXC11,2026-04-18 15:00:00,2026-04-18 23:00:00,36,27.0,0,Continuity (2-mould press)
2026-04-18 00:00:00,C,4803,1225219Z15008SXC11,2026-04-18 23:00:00,2026-04-19 07:00:00,36,27.0,0,Continuity (2-mould press)
2026-04-19 00:00:00,A,4803,1225219Z15008SXC11,2026-04-19 07:00:00,2026-04-19 15:00:00,36,27.0,0,Continuity (2-mould press)
2026-04-19 00:00:00,B,4803,1225219Z15008SXC11,2026-04-19 15:00:00,2026-04-19 23:00:00,36,27.0,0,Continuity (2-mould press)
2026-04-19 00:00:00,C,4803,1225219Z15008SXC11,2026-04-19 23:00:00,2026-04-20 07:00:00,36,27.0,0,Continuity (2-mould press)
2026-04-20 00:00:00,A,4803,1225219Z15008SXC11,2026-04-20 07:00:00,2026-04-20 15:00:00,36,27.0,0,Continuity (2-mould press)
2026-04-20 00:00:00,B,4803,1225219Z15008SXC11,2026-04-20 15:00:00,2026-04-20 23:00:00,36,27.0,0,Continuity (2-mould press)
2026-04-20 00:00:00,C,4803,1225219Z15008SXC11,2026-04-20 23:00:00,2026-04-21 07:00:00,36,27.0,0,Continuity (2-mould press)
2026-04-21 00:00:00,A,4803,1225219Z15008SXC11,2026-04-21 07:00:00,2026-04-21 15:00:00,36,27.0,0,Continuity (2-mould press)
2026-04-21 00:00:00,B,4803,1225219Z15008SXC11,2026-04-21 15:00:00,2026-04-21 23:00:00,36,27.0,0,Continuity (2-mould press)
2026-04-21 00:00:00,C,4803,1225219Z15008SXC11,2026-04-21 23:00:00,2026-04-22 07:00:00,36,27.0,0,Continuity (2-mould press)
2026-04-22 00:00:00,A,4803,1225219Z15008SXC11,2026-04-22 07:00:00,2026-04-22 15:00:00,36,27.0,0,Continuity (2-mould press)
2026-04-22 00:00:00,B,4803,1225219Z15008SXC11,2026-04-22 15:00:00,2026-04-22 23:00:00,36,27.0,0,Continuity (2-mould press)
2026-04-22 00:00:00,C,4803,1225219Z15008SXC11,2026-04-22 23:00:00,2026-04-23 07:00:00,36,27.0,0,Continuity (2-mould press)
2026-04-23 00:00:00,A,4803,1225219Z15008SXC11,2026-04-23 07:00:00,2026-04-23 07:36:00,3,27.0,0,Continuity (2-mould press)
2026-04-03 00:00:00,A,4804,1225219Z15008SXC11,2026-04-03 07:00:00,2026-04-03 15:00:00,36,27.0,0,Continuity (2-mould press)
2026-04-03 00:00:00,B,4804,1225219Z15008SXC11,2026-04-03 15:00:00,2026-04-03 23:00:00,36,27.0,0,Continuity (2-mould press)
2026-04-03 00:00:00,C,4804,1225219Z15008SXC11,2026-04-03 23:00:00,2026-04-04 07:00:00,36,27.0,0,Continuity (2-mould press)
2026-04-04 00:00:00,A,4804,1225219Z15008SXC11,2026-04-04 07:00:00,2026-04-04 15:00:00,36,27.0,0,Continuity (2-mould press)
2026-04-04 00:00:00,B,4804,1225219Z15008SXC11,2026-04-04 15:00:00,2026-04-04 23:00:00,36,27.0,0,Continuity (2-mould press)
2026-04-04 00:00:00,C,4804,1225219Z15008SXC11,2026-04-04 23:00:00,2026-04-05 07:00:00,36,27.0,0,Continuity (2-mould press)
2026-04-05 00:00:00,A,4804,1225219Z15008SXC11,2026-04-05 07:00:00,2026-04-05 15:00:00,36,27.0,0,Continuity (2-mould press)
2026-04-05 00:00:00,B,4804,1225219Z15008SXC11,2026-04-05 15:00:00,2026-04-05 23:00:00,36,27.0,0,Continuity (2-mould press)
2026-04-05 00:00:00,C,4804,1225219Z15008SXC11,2026-04-05 23:00:00,2026-04-06 07:00:00,36,27.0,0,Continuity (2-mould press)
2026-04-06 00:00:00,A,4804,1225219Z15008SXC11,2026-04-06 07:00:00,2026-04-06 15:00:00,36,27.0,0,Continuity (2-mould press)
2026-04-06 00:00:00,B,4804,1225219Z15008SXC11,2026-04-06 15:00:00,2026-04-06 23:00:00,36,27.0,0,Continuity (2-mould press)
2026-04-06 00:00:00,C,4804,1225219Z15008SXC11,2026-04-06 23:00:00,2026-04-07 07:00:00,36,27.0,0,Continuity (2-mould press)
2026-04-07 00:00:00,A,4804,1225219Z15008SXC11,2026-04-07 07:00:00,2026-04-07 15:00:00,36,27.0,0,Continuity (2-mould press)
2026-04-07 00:00:00,B,4804,1225219Z15008SXC11,2026-04-07 15:00:00,2026-04-07 23:00:00,36,27.0,0,Continuity (2-mould press)
2026-04-07 00:00:00,C,4804,1225219Z15008SXC11,2026-04-07 23:00:00,2026-04-08 07:00:00,36,27.0,0,Continuity (2-mould press)
2026-04-08 00:00:00,A,4804,1225219Z15008SXC11,2026-04-08 07:00:00,2026-04-08 15:00:00,36,27.0,0,Continuity (2-mould press)
2026-04-08 00:00:00,B,4804,1225219Z15008SXC11,2026-04-08 15:00:00,2026-04-08 23:00:00,36,27.0,0,Continuity (2-mould press)
2026-04-08 00:00:00,C,4804,1225219Z15008SXC11,2026-04-08 23:00:00,2026-04-09 07:00:00,36,27.0,0,Continuity (2-mould press)
2026-04-09 00:00:00,A,4804,1225219Z15008SXC11,2026-04-09 07:00:00,2026-04-09 15:00:00,36,27.0,0,Continuity (2-mould press)
2026-04-09 00:00:00,B,4804,1225219Z15008SXC11,2026-04-09 15:00:00,2026-04-09 23:00:00,36,27.0,0,Continuity (2-mould press)
2026-04-09 00:00:00,C,4804,1225219Z15008SXC11,2026-04-09 23:00:00,2026-04-10 07:00:00,36,27.0,0,Continuity (2-mould press)
2026-04-10 00:00:00,A,4804,1225219Z15008SXC11,2026-04-10 07:00:00,2026-04-10 15:00:00,36,27.0,0,Continuity (2-mould press)
2026-04-10 00:00:00,B,4804,1225219Z15008SXC11,2026-04-10 15:00:00,2026-04-10 23:00:00,36,27.0,0,Continuity (2-mould press)
2026-04-10 00:00:00,C,4804,1225219Z15008SXC11,2026-04-10 23:00:00,2026-04-11 07:00:00,36,27.0,0,Continuity (2-mould press)
2026-04-11 00:00:00,A,4804,1225219Z15008SXC11,2026-04-11 07:00:00,2026-04-11 15:00:00,36,27.0,0,Continuity (2-mould press)
2026-04-11 00:00:00,B,4804,1225219Z15008SXC11,2026-04-11 15:00:00,2026-04-11 23:00:00,36,27.0,0,Continuity (2-mould press)
2026-04-11 00:00:00,C,4804,1225219Z15008SXC11,2026-04-11 23:00:00,2026-04-12 07:00:00,36,27.0,0,Continuity (2-mould press)
2026-04-12 00:00:00,A,4804,1225219Z15008SXC11,2026-04-12 07:00:00,2026-04-12 15:00:00,36,27.0,0,Continuity (2-mould press)
2026-04-12 00:00:00,B,4804,1225219Z15008SXC11,2026-04-12 15:00:00,2026-04-12 23:00:00,36,27.0,0,Continuity (2-mould press)
2026-04-12 00:00:00,C,4804,1225219Z15008SXC11,2026-04-12 23:00:00,2026-04-13 07:00:00,36,27.0,0,Continuity (2-mould press)
2026-04-13 00:00:00,A,4804,1225219Z15008SXC11,2026-04-13 07:00:00,2026-04-13 15:00:00,36,27.0,0,Continuity (2-mould press)
2026-04-13 00:00:00,B,4804,1225219Z15008SXC11,2026-04-13 15:00:00,2026-04-13 23:00:00,36,27.0,0,Continuity (2-mould press)
2026-04-13 00:00:00,C,4804,1225219Z15008SXC11,2026-04-13 23:00:00,2026-04-14 07:00:00,36,27.0,0,Continuity (2-mould press)
2026-04-14 00:00:00,A,4804,1225219Z15008SXC11,2026-04-14 07:00:00,2026-04-14 15:00:00,36,27.0,0,Continuity (2-mould press)
2026-04-14 00:00:00,B,4804,1225219Z15008SXC11,2026-04-14 15:00:00,2026-04-14 23:00:00,36,27.0,0,Continuity (2-mould press)
2026-04-14 00:00:00,C,4804,1225219Z15008SXC11,2026-04-14 23:00:00,2026-04-15 07:00:00,36,27.0,0,Continuity (2-mould press)
2026-04-15 00:00:00,A,4804,1225219Z15008SXC11,2026-04-15 07:00:00,2026-04-15 15:00:00,36,27.0,0,Continuity (2-mould press)
2026-04-15 00:00:00,B,4804,1225219Z15008SXC11,2026-04-15 15:00:00,2026-04-15 23:00:00,36,27.0,0,Continuity (2-mould press)
2026-04-15 00:00:00,C,4804,1225219Z15008SXC11,2026-04-15 23:00:00,2026-04-16 07:00:00,36,27.0,0,Continuity (2-mould press)
2026-04-16 00:00:00,A,4804,1225219Z15008SXC11,2026-04-16 07:00:00,2026-04-16 15:00:00,36,27.0,0,Continuity (2-mould press)
2026-04-16 00:00:00,B,4804,1225219Z15008SXC11,2026-04-16 15:00:00,2026-04-16 23:00:00,36,27.0,0,Continuity (2-mould press)
2026-04-16 00:00:00,C,4804,1225219Z15008SXC11,2026-04-16 23:00:00,2026-04-17 07:00:00,36,27.0,0,Continuity (2-mould press)
2026-04-17 00:00:00,A,4804,1225219Z15008SXC11,2026-04-17 07:00:00,2026-04-17 15:00:00,36,27.0,0,Continuity (2-mould press)
2026-04-17 00:00:00,B,4804,1225219Z15008SXC11,2026-04-17 15:00:00,2026-04-17 23:00:00,36,27.0,0,Continuity (2-mould press)
2026-04-17 00:00:00,C,4804,1225219Z15008SXC11,2026-04-17 23:00:00,2026-04-18 07:00:00,36,27.0,0,Continuity (2-mould press)
2026-04-18 00:00:00,A,4804,1225219Z15008SXC11,2026-04-18 07:00:00,2026-04-18 15:00:00,36,27.0,0,Continuity (2-mould press)
2026-04-18 00:00:00,B,4804,1225219Z15008SXC11,2026-04-18 15:00:00,2026-04-18 23:00:00,36,27.0,0,Continuity (2-mould press)
2026-04-18 00:00:00,C,4804,1225219Z15008SXC11,2026-04-18 23:00:00,2026-04-19 07:00:00,36,27.0,0,Continuity (2-mould press)
2026-04-19 00:00:00,A,4804,1225219Z15008SXC11,2026-04-19 07:00:00,2026-04-19 15:00:00,36,27.0,0,Continuity (2-mould press)
2026-04-19 00:00:00,B,4804,1225219Z15008SXC11,2026-04-19 15:00:00,2026-04-19 23:00:00,36,27.0,0,Continuity (2-mould press)
2026-04-19 00:00:00,C,4804,1225219Z15008SXC11,2026-04-19 23:00:00,2026-04-20 07:00:00,36,27.0,0,Continuity (2-mould press)
2026-04-20 00:00:00,A,4804,1225219Z15008SXC11,2026-04-20 07:00:00,2026-04-20 15:00:00,36,27.0,0,Continuity (2-mould press)
2026-04-20 00:00:00,B,4804,1225219Z15008SXC11,2026-04-20 15:00:00,2026-04-20 23:00:00,36,27.0,0,Continuity (2-mould press)
2026-04-20 00:00:00,C,4804,1225219Z15008SXC11,2026-04-20 23:00:00,2026-04-21 07:00:00,36,27.0,0,Continuity (2-mould press)
2026-04-21 00:00:00,A,4804,1225219Z15008SXC11,2026-04-21 07:00:00,2026-04-21 15:00:00,36,27.0,0,Continuity (2-mould press)
2026-04-21 00:00:00,B,4804,1225219Z15008SXC11,2026-04-21 15:00:00,2026-04-21 23:00:00,36,27.0,0,Continuity (2-mould press)
2026-04-21 00:00:00,C,4804,1225219Z15008SXC11,2026-04-21 23:00:00,2026-04-22 07:00:00,36,27.0,0,Continuity (2-mould press)
2026-04-22 00:00:00,A,4804,1225219Z15008SXC11,2026-04-22 07:00:00,2026-04-22 15:00:00,36,27.0,0,Continuity (2-mould press)
2026-04-22 00:00:00,B,4804,1225219Z15008SXC11,2026-04-22 15:00:00,2026-04-22 23:00:00,36,27.0,0,Continuity (2-mould press)
2026-04-22 00:00:00,C,4804,1225219Z15008SXC11,2026-04-22 23:00:00,2026-04-23 07:00:00,36,27.0,0,Continuity (2-mould press)
2026-04-23 00:00:00,A,4804,1225219Z15008SXC11,2026-04-23 07:00:00,2026-04-23 07:36:00,3,27.0,0,Continuity (2-mould press)
2026-04-03 00:00:00,A,4805,1225219Z15008SXC11,2026-04-03 07:00:00,2026-04-03 15:00:00,36,27.0,0,Continuity (2-mould press)
2026-04-03 00:00:00,B,4805,1225219Z15008SXC11,2026-04-03 15:00:00,2026-04-03 23:00:00,36,27.0,0,Continuity (2-mould press)
2026-04-03 00:00:00,C,4805,1225219Z15008SXC11,2026-04-03 23:00:00,2026-04-04 07:00:00,36,27.0,0,Continuity (2-mould press)
2026-04-04 00:00:00,A,4805,1225219Z15008SXC11,2026-04-04 07:00:00,2026-04-04 15:00:00,36,27.0,0,Continuity (2-mould press)
2026-04-04 00:00:00,B,4805,1225219Z15008SXC11,2026-04-04 15:00:00,2026-04-04 23:00:00,36,27.0,0,Continuity (2-mould press)
2026-04-04 00:00:00,C,4805,1225219Z15008SXC11,2026-04-04 23:00:00,2026-04-05 07:00:00,36,27.0,0,Continuity (2-mould press)
2026-04-05 00:00:00,A,4805,1225219Z15008SXC11,2026-04-05 07:00:00,2026-04-05 15:00:00,36,27.0,0,Continuity (2-mould press)
2026-04-05 00:00:00,B,4805,1225219Z15008SXC11,2026-04-05 15:00:00,2026-04-05 23:00:00,36,27.0,0,Continuity (2-mould press)
2026-04-05 00:00:00,C,4805,1225219Z15008SXC11,2026-04-05 23:00:00,2026-04-06 07:00:00,36,27.0,0,Continuity (2-mould press)
2026-04-06 00:00:00,A,4805,1225219Z15008SXC11,2026-04-06 07:00:00,2026-04-06 15:00:00,36,27.0,0,Continuity (2-mould press)
2026-04-06 00:00:00,B,4805,1225219Z15008SXC11,2026-04-06 15:00:00,2026-04-06 23:00:00,36,27.0,0,Continuity (2-mould press)
2026-04-06 00:00:00,C,4805,1225219Z15008SXC11,2026-04-06 23:00:00,2026-04-07 07:00:00,36,27.0,0,Continuity (2-mould press)
2026-04-07 00:00:00,A,4805,1225219Z15008SXC11,2026-04-07 07:00:00,2026-04-07 15:00:00,36,27.0,0,Continuity (2-mould press)
2026-04-07 00:00:00,B,4805,1225219Z15008SXC11,2026-04-07 15:00:00,2026-04-07 23:00:00,36,27.0,0,Continuity (2-mould press)
2026-04-07 00:00:00,C,4805,1225219Z15008SXC11,2026-04-07 23:00:00,2026-04-08 07:00:00,36,27.0,0,Continuity (2-mould press)
2026-04-08 00:00:00,A,4805,1225219Z15008SXC11,2026-04-08 07:00:00,2026-04-08 15:00:00,36,27.0,0,Continuity (2-mould press)
2026-04-08 00:00:00,B,4805,1225219Z15008SXC11,2026-04-08 15:00:00,2026-04-08 23:00:00,36,27.0,0,Continuity (2-mould press)
2026-04-08 00:00:00,C,4805,1225219Z15008SXC11,2026-04-08 23:00:00,2026-04-09 07:00:00,36,27.0,0,Continuity (2-mould press)
2026-04-09 00:00:00,A,4805,1225219Z15008SXC11,2026-04-09 07:00:00,2026-04-09 15:00:00,36,27.0,0,Continuity (2-mould press)
2026-04-09 00:00:00,B,4805,1225219Z15008SXC11,2026-04-09 15:00:00,2026-04-09 23:00:00,36,27.0,0,Continuity (2-mould press)
2026-04-09 00:00:00,C,4805,1225219Z15008SXC11,2026-04-09 23:00:00,2026-04-10 07:00:00,36,27.0,0,Continuity (2-mould press)
2026-04-10 00:00:00,A,4805,1225219Z15008SXC11,2026-04-10 07:00:00,2026-04-10 15:00:00,36,27.0,0,Continuity (2-mould press)
2026-04-10 00:00:00,B,4805,1225219Z15008SXC11,2026-04-10 15:00:00,2026-04-10 23:00:00,36,27.0,0,Continuity (2-mould press)
2026-04-10 00:00:00,C,4805,1225219Z15008SXC11,2026-04-10 23:00:00,2026-04-11 07:00:00,36,27.0,0,Continuity (2-mould press)
2026-04-11 00:00:00,A,4805,1225219Z15008SXC11,2026-04-11 07:00:00,2026-04-11 15:00:00,36,27.0,0,Continuity (2-mould press)
2026-04-11 00:00:00,B,4805,1225219Z15008SXC11,2026-04-11 15:00:00,2026-04-11 23:00:00,36,27.0,0,Continuity (2-mould press)
2026-04-11 00:00:00,C,4805,1225219Z15008SXC11,2026-04-11 23:00:00,2026-04-12 07:00:00,36,27.0,0,Continuity (2-mould press)
2026-04-12 00:00:00,A,4805,1225219Z15008SXC11,2026-04-12 07:00:00,2026-04-12 15:00:00,36,27.0,0,Continuity (2-mould press)
2026-04-12 00:00:00,B,4805,1225219Z15008SXC11,2026-04-12 15:00:00,2026-04-12 23:00:00,36,27.0,0,Continuity (2-mould press)
2026-04-12 00:00:00,C,4805,1225219Z15008SXC11,2026-04-12 23:00:00,2026-04-13 07:00:00,36,27.0,0,Continuity (2-mould press)
2026-04-13 00:00:00,A,4805,1225219Z15008SXC11,2026-04-13 07:00:00,2026-04-13 15:00:00,36,27.0,0,Continuity (2-mould press)
2026-04-13 00:00:00,B,4805,1225219Z15008SXC11,2026-04-13 15:00:00,2026-04-13 23:00:00,36,27.0,0,Continuity (2-mould press)
2026-04-13 00:00:00,C,4805,1225219Z15008SXC11,2026-04-13 23:00:00,2026-04-14 07:00:00,36,27.0,0,Continuity (2-mould press)
2026-04-14 00:00:00,A,4805,1225219Z15008SXC11,2026-04-14 07:00:00,2026-04-14 15:00:00,36,27.0,0,Continuity (2-mould press)
2026-04-14 00:00:00,B,4805,1225219Z15008SXC11,2026-04-14 15:00:00,2026-04-14 23:00:00,36,27.0,0,Continuity (2-mould press)
2026-04-14 00:00:00,C,4805,1225219Z15008SXC11,2026-04-14 23:00:00,2026-04-15 07:00:00,36,27.0,0,Continuity (2-mould press)
2026-04-15 00:00:00,A,4805,1225219Z15008SXC11,2026-04-15 07:00:00,2026-04-15 15:00:00,36,27.0,0,Continuity (2-mould press)
2026-04-15 00:00:00,B,4805,1225219Z15008SXC11,2026-04-15 15:00:00,2026-04-15 23:00:00,36,27.0,0,Continuity (2-mould press)
2026-04-15 00:00:00,C,4805,1225219Z15008SXC11,2026-04-15 23:00:00,2026-04-16 07:00:00,36,27.0,0,Continuity (2-mould press)
2026-04-16 00:00:00,A,4805,1225219Z15008SXC11,2026-04-16 07:00:00,2026-04-16 15:00:00,36,27.0,0,Continuity (2-mould press)
2026-04-16 00:00:00,B,4805,1225219Z15008SXC11,2026-04-16 15:00:00,2026-04-16 23:00:00,36,27.0,0,Continuity (2-mould press)
2026-04-16 00:00:00,C,4805,1225219Z15008SXC11,2026-04-16 23:00:00,2026-04-17 07:00:00,36,27.0,0,Continuity (2-mould press)
2026-04-17 00:00:00,A,4805,1225219Z15008SXC11,2026-04-17 07:00:00,2026-04-17 15:00:00,36,27.0,0,Continuity (2-mould press)
2026-04-17 00:00:00,B,4805,1225219Z15008SXC11,2026-04-17 15:00:00,2026-04-17 23:00:00,36,27.0,0,Continuity (2-mould press)
2026-04-17 00:00:00,C,4805,1225219Z15008SXC11,2026-04-17 23:00:00,2026-04-18 07:00:00,36,27.0,0,Continuity (2-mould press)
2026-04-18 00:00:00,A,4805,1225219Z15008SXC11,2026-04-18 07:00:00,2026-04-18 15:00:00,36,27.0,0,Continuity (2-mould press)
2026-04-18 00:00:00,B,4805,1225219Z15008SXC11,2026-04-18 15:00:00,2026-04-18 23:00:00,36,27.0,0,Continuity (2-mould press)
2026-04-18 00:00:00,C,4805,1225219Z15008SXC11,2026-04-18 23:00:00,2026-04-19 07:00:00,36,27.0,0,Continuity (2-mould press)
2026-04-19 00:00:00,A,4805,1225219Z15008SXC11,2026-04-19 07:00:00,2026-04-19 15:00:00,36,27.0,0,Continuity (2-mould press)
2026-04-19 00:00:00,B,4805,1225219Z15008SXC11,2026-04-19 15:00:00,2026-04-19 23:00:00,36,27.0,0,Continuity (2-mould press)
2026-04-19 00:00:00,C,4805,1225219Z15008SXC11,2026-04-19 23:00:00,2026-04-20 07:00:00,36,27.0,0,Continuity (2-mould press)
2026-04-20 00:00:00,A,4805,1225219Z15008SXC11,2026-04-20 07:00:00,2026-04-20 15:00:00,36,27.0,0,Continuity (2-mould press)
2026-04-20 00:00:00,B,4805,1225219Z15008SXC11,2026-04-20 15:00:00,2026-04-20 23:00:00,36,27.0,0,Continuity (2-mould press)
2026-04-20 00:00:00,C,4805,1225219Z15008SXC11,2026-04-20 23:00:00,2026-04-21 07:00:00,36,27.0,0,Continuity (2-mould press)
2026-04-21 00:00:00,A,4805,1225219Z15008SXC11,2026-04-21 07:00:00,2026-04-21 15:00:00,36,27.0,0,Continuity (2-mould press)
2026-04-21 00:00:00,B,4805,1225219Z15008SXC11,2026-04-21 15:00:00,2026-04-21 23:00:00,36,27.0,0,Continuity (2-mould press)
2026-04-21 00:00:00,C,4805,1225219Z15008SXC11,2026-04-21 23:00:00,2026-04-22 07:00:00,36,27.0,0,Continuity (2-mould press)
2026-04-22 00:00:00,A,4805,1225219Z15008SXC11,2026-04-22 07:00:00,2026-04-22 15:00:00,36,27.0,0,Continuity (2-mould press)
2026-04-22 00:00:00,B,4805,1225219Z15008SXC11,2026-04-22 15:00:00,2026-04-22 23:00:00,36,27.0,0,Continuity (2-mould press)
2026-04-22 00:00:00,C,4805,1225219Z15008SXC11,2026-04-22 23:00:00,2026-04-23 07:00:00,36,27.0,0,Continuity (2-mould press)
2026-04-23 00:00:00,A,4805,1225219Z15008SXC11,2026-04-23 07:00:00,2026-04-23 07:36:00,3,27.0,0,Continuity (2-mould press)
2026-04-03 00:00:00,A,4806,1325218614088TTMX0,2026-04-03 07:00:00,2026-04-03 15:00:00,64,15.0,0,Continuity (2-mould press)
2026-04-03 00:00:00,B,4806,1325218614088TTMX0,2026-04-03 15:00:00,2026-04-03 23:00:00,64,15.0,0,Continuity (2-mould press)
2026-04-03 00:00:00,C,4806,1325218614088TTMX0,2026-04-03 23:00:00,2026-04-04 07:00:00,64,15.0,0,Continuity (2-mould press)
2026-04-04 00:00:00,A,4806,1325218614088TTMX0,2026-04-04 07:00:00,2026-04-04 15:00:00,64,15.0,0,Continuity (2-mould press)
2026-04-04 00:00:00,B,4806,1325218614088TTMX0,2026-04-04 15:00:00,2026-04-04 23:00:00,64,15.0,0,Continuity (2-mould press)
2026-04-04 00:00:00,C,4806,1325218614088TTMX0,2026-04-04 23:00:00,2026-04-05 07:00:00,64,15.0,0,Continuity (2-mould press)
2026-04-05 00:00:00,A,4806,1325218614088TTMX0,2026-04-05 07:00:00,2026-04-05 15:00:00,64,15.0,0,Continuity (2-mould press)
2026-04-05 00:00:00,B,4806,1325218614088TTMX0,2026-04-05 15:00:00,2026-04-05 23:00:00,64,15.0,0,Continuity (2-mould press)
2026-04-05 00:00:00,C,4806,1325218614088TTMX0,2026-04-05 23:00:00,2026-04-06 07:00:00,64,15.0,0,Continuity (2-mould press)
2026-04-06 00:00:00,A,4806,1325218614088TTMX0,2026-04-06 07:00:00,2026-04-06 15:00:00,64,15.0,0,Continuity (2-mould press)
2026-04-06 00:00:00,B,4806,1325218614088TTMX0,2026-04-06 15:00:00,2026-04-06 23:00:00,64,15.0,0,Continuity (2-mould press)
2026-04-06 00:00:00,C,4806,1325218614088TTMX0,2026-04-06 23:00:00,2026-04-07 07:00:00,64,15.0,0,Continuity (2-mould press)
2026-04-07 00:00:00,A,4806,1325218614088TTMX0,2026-04-07 07:00:00,2026-04-07 15:00:00,64,15.0,0,Continuity (2-mould press)
2026-04-07 00:00:00,B,4806,1325218614088TTMX0,2026-04-07 15:00:00,2026-04-07 23:00:00,64,15.0,0,Continuity (2-mould press)
2026-04-07 00:00:00,C,4806,1325218614088TTMX0,2026-04-07 23:00:00,2026-04-08 07:00:00,64,15.0,0,Continuity (2-mould press)
2026-04-08 00:00:00,A,4806,1325218614088TTMX0,2026-04-08 07:00:00,2026-04-08 15:00:00,64,15.0,0,Continuity (2-mould press)
2026-04-08 00:00:00,B,4806,1325218614088TTMX0,2026-04-08 15:00:00,2026-04-08 23:00:00,64,15.0,0,Continuity (2-mould press)
2026-04-08 00:00:00,C,4806,1325218614088TTMX0,2026-04-08 23:00:00,2026-04-09 07:00:00,64,15.0,0,Continuity (2-mould press)
2026-04-09 00:00:00,A,4806,1325218614088TTMX0,2026-04-09 07:00:00,2026-04-09 15:00:00,64,15.0,0,Continuity (2-mould press)
2026-04-09 00:00:00,B,4806,1325218614088TTMX0,2026-04-09 15:00:00,2026-04-09 23:00:00,64,15.0,0,Continuity (2-mould press)
2026-04-09 00:00:00,C,4806,1325218614088TTMX0,2026-04-09 23:00:00,2026-04-10 07:00:00,64,15.0,0,Continuity (2-mould press)
2026-04-10 00:00:00,A,4806,1325218614088TTMX0,2026-04-10 07:00:00,2026-04-10 15:00:00,64,15.0,0,Continuity (2-mould press)
2026-04-10 00:00:00,B,4806,1325218614088TTMX0,2026-04-10 15:00:00,2026-04-10 23:00:00,64,15.0,0,Continuity (2-mould press)
2026-04-10 00:00:00,C,4806,1325218614088TTMX0,2026-04-10 23:00:00,2026-04-11 07:00:00,64,15.0,0,Continuity (2-mould press)
2026-04-11 00:00:00,A,4806,1325218614088TTMX0,2026-04-11 07:00:00,2026-04-11 15:00:00,64,15.0,0,Continuity (2-mould press)
2026-04-11 00:00:00,B,4806,1325218614088TTMX0,2026-04-11 15:00:00,2026-04-11 23:00:00,64,15.0,0,Continuity (2-mould press)
2026-04-11 00:00:00,C,4806,1325218614088TTMX0,2026-04-11 23:00:00,2026-04-12 07:00:00,64,15.0,0,Continuity (2-mould press)
2026-04-12 00:00:00,A,4806,1325218614088TTMX0,2026-04-12 07:00:00,2026-04-12 15:00:00,64,15.0,0,Continuity (2-mould press)
2026-04-12 00:00:00,B,4806,1325218614088TTMX0,2026-04-12 15:00:00,2026-04-12 23:00:00,64,15.0,0,Continuity (2-mould press)
2026-04-12 00:00:00,C,4806,1325218614088TTMX0,2026-04-12 23:00:00,2026-04-13 07:00:00,64,15.0,0,Continuity (2-mould press)
2026-04-13 00:00:00,A,4806,1325218614088TTMX0,2026-04-13 07:00:00,2026-04-13 15:00:00,64,15.0,0,Continuity (2-mould press)
2026-04-13 00:00:00,B,4806,1325218614088TTMX0,2026-04-13 15:00:00,2026-04-13 23:00:00,64,15.0,0,Continuity (2-mould press)
2026-04-13 00:00:00,C,4806,1325218614088TTMX0,2026-04-13 23:00:00,2026-04-14 07:00:00,64,15.0,0,Continuity (2-mould press)
2026-04-14 00:00:00,A,4806,1325218614088TTMX0,2026-04-14 07:00:00,2026-04-14 15:00:00,64,15.0,0,Continuity (2-mould press)
2026-04-14 00:00:00,B,4806,1325218614088TTMX0,2026-04-14 15:00:00,2026-04-14 23:00:00,64,15.0,0,Continuity (2-mould press)
2026-04-14 00:00:00,C,4806,1325218614088TTMX0,2026-04-14 23:00:00,2026-04-15 07:00:00,64,15.0,0,Continuity (2-mould press)
2026-04-15 00:00:00,A,4806,1325218614088TTMX0,2026-04-15 07:00:00,2026-04-15 15:00:00,64,15.0,0,Continuity (2-mould press)
2026-04-15 00:00:00,B,4806,1325218614088TTMX0,2026-04-15 15:00:00,2026-04-15 23:00:00,64,15.0,0,Continuity (2-mould press)
2026-04-15 00:00:00,C,4806,1325218614088TTMX0,2026-04-15 23:00:00,2026-04-16 07:00:00,64,15.0,0,Continuity (2-mould press)
2026-04-16 00:00:00,A,4806,1325218614088TTMX0,2026-04-16 07:00:00,2026-04-16 15:00:00,64,15.0,0,Continuity (2-mould press)
2026-04-16 00:00:00,B,4806,1325218614088TTMX0,2026-04-16 15:00:00,2026-04-16 23:00:00,64,15.0,0,Continuity (2-mould press)
2026-04-16 00:00:00,C,4806,1325218614088TTMX0,2026-04-16 23:00:00,2026-04-17 07:00:00,64,15.0,0,Continuity (2-mould press)
2026-04-17 00:00:00,A,4806,1325218614088TTMX0,2026-04-17 07:00:00,2026-04-17 15:00:00,64,15.0,0,Continuity (2-mould press)
2026-04-17 00:00:00,B,4806,1325218614088TTMX0,2026-04-17 15:00:00,2026-04-17 23:00:00,64,15.0,0,Continuity (2-mould press)
2026-04-17 00:00:00,C,4806,1325218614088TTMX0,2026-04-17 23:00:00,2026-04-18 07:00:00,64,15.0,0,Continuity (2-mould press)
2026-04-18 00:00:00,A,4806,1325218614088TTMX0,2026-04-18 07:00:00,2026-04-18 08:30:00,12,15.0,0,Continuity (2-mould press)
2026-04-03 00:00:00,A,4807,1D25118014010RXPC0,2026-04-03 07:00:00,2026-04-03 15:00:00,64,15.0,0,Continuity (2-mould press)
2026-04-03 00:00:00,B,4807,1D25118014010RXPC0,2026-04-03 15:00:00,2026-04-03 23:00:00,64,15.0,0,Continuity (2-mould press)
2026-04-03 00:00:00,C,4807,1D25118014010RXPC0,2026-04-03 23:00:00,2026-04-04 07:00:00,64,15.0,0,Continuity (2-mould press)
2026-04-04 00:00:00,A,4807,1D25118014010RXPC0,2026-04-04 07:00:00,2026-04-04 15:00:00,64,15.0,0,Continuity (2-mould press)
2026-04-04 00:00:00,B,4807,1D25118014010RXPC0,2026-04-04 15:00:00,2026-04-04 23:00:00,64,15.0,0,Continuity (2-mould press)
2026-04-04 00:00:00,C,4807,1D25118014010RXPC0,2026-04-04 23:00:00,2026-04-05 07:00:00,64,15.0,0,Continuity (2-mould press)
2026-04-05 00:00:00,A,4807,1D25118014010RXPC0,2026-04-05 07:00:00,2026-04-05 15:00:00,64,15.0,0,Continuity (2-mould press)
2026-04-05 00:00:00,B,4807,1D25118014010RXPC0,2026-04-05 15:00:00,2026-04-05 23:00:00,64,15.0,0,Continuity (2-mould press)
2026-04-05 00:00:00,C,4807,1D25118014010RXPC0,2026-04-05 23:00:00,2026-04-06 07:00:00,64,15.0,0,Continuity (2-mould press)
2026-04-06 00:00:00,A,4807,1D25118014010RXPC0,2026-04-06 07:00:00,2026-04-06 15:00:00,64,15.0,0,Continuity (2-mould press)
2026-04-06 00:00:00,B,4807,1D25118014010RXPC0,2026-04-06 15:00:00,2026-04-06 23:00:00,64,15.0,0,Continuity (2-mould press)
2026-04-06 00:00:00,C,4807,1D25118014010RXPC0,2026-04-06 23:00:00,2026-04-07 07:00:00,64,15.0,0,Continuity (2-mould press)
2026-04-07 00:00:00,A,4807,1D25118014010RXPC0,2026-04-07 07:00:00,2026-04-07 15:00:00,64,15.0,0,Continuity (2-mould press)
2026-04-07 00:00:00,B,4807,1D25118014010RXPC0,2026-04-07 15:00:00,2026-04-07 23:00:00,64,15.0,0,Continuity (2-mould press)
2026-04-07 00:00:00,C,4807,1D25118014010RXPC0,2026-04-07 23:00:00,2026-04-08 07:00:00,64,15.0,0,Continuity (2-mould press)
2026-04-08 00:00:00,A,4807,1D25118014010RXPC0,2026-04-08 07:00:00,2026-04-08 15:00:00,64,15.0,0,Continuity (2-mould press)
2026-04-08 00:00:00,B,4807,1D25118014010RXPC0,2026-04-08 15:00:00,2026-04-08 23:00:00,64,15.0,0,Continuity (2-mould press)
2026-04-08 00:00:00,C,4807,1D25118014010RXPC0,2026-04-08 23:00:00,2026-04-09 07:00:00,64,15.0,0,Continuity (2-mould press)
2026-04-09 00:00:00,A,4807,1D25118014010RXPC0,2026-04-09 07:00:00,2026-04-09 15:00:00,64,15.0,0,Continuity (2-mould press)
2026-04-09 00:00:00,B,4807,1D25118014010RXPC0,2026-04-09 15:00:00,2026-04-09 23:00:00,64,15.0,0,Continuity (2-mould press)
2026-04-09 00:00:00,C,4807,1D25118014010RXPC0,2026-04-09 23:00:00,2026-04-10 07:00:00,64,15.0,0,Continuity (2-mould press)
2026-04-10 00:00:00,A,4807,1D25118014010RXPC0,2026-04-10 07:00:00,2026-04-10 15:00:00,64,15.0,0,Continuity (2-mould press)
2026-04-10 00:00:00,B,4807,1D25118014010RXPC0,2026-04-10 15:00:00,2026-04-10 23:00:00,64,15.0,0,Continuity (2-mould press)
2026-04-10 00:00:00,C,4807,1D25118014010RXPC0,2026-04-10 23:00:00,2026-04-11 07:00:00,64,15.0,0,Continuity (2-mould press)
2026-04-11 00:00:00,A,4807,1D25118014010RXPC0,2026-04-11 07:00:00,2026-04-11 15:00:00,64,15.0,0,Continuity (2-mould press)
2026-04-11 00:00:00,B,4807,1D25118014010RXPC0,2026-04-11 15:00:00,2026-04-11 23:00:00,64,15.0,0,Continuity (2-mould press)
2026-04-11 00:00:00,C,4807,1D25118014010RXPC0,2026-04-11 23:00:00,2026-04-12 07:00:00,64,15.0,0,Continuity (2-mould press)
2026-04-12 00:00:00,A,4807,1D25118014010RXPC0,2026-04-12 07:00:00,2026-04-12 12:30:00,44,15.0,0,Continuity (2-mould press)
2026-04-03 00:00:00,A,4808,1325214812074TUHL0,2026-04-03 07:00:00,2026-04-03 15:00:00,64,15.0,0,Continuity (2-mould press)
2026-04-03 00:00:00,B,4808,1325214812074TUHL0,2026-04-03 15:00:00,2026-04-03 23:00:00,64,15.0,0,Continuity (2-mould press)
2026-04-03 00:00:00,C,4808,1325214812074TUHL0,2026-04-03 23:00:00,2026-04-04 07:00:00,64,15.0,0,Continuity (2-mould press)
2026-04-04 00:00:00,A,4808,1325214812074TUHL0,2026-04-04 07:00:00,2026-04-04 15:00:00,64,15.0,0,Continuity (2-mould press)
2026-04-04 00:00:00,B,4808,1325214812074TUHL0,2026-04-04 15:00:00,2026-04-04 23:00:00,64,15.0,0,Continuity (2-mould press)
2026-04-04 00:00:00,C,4808,1325214812074TUHL0,2026-04-04 23:00:00,2026-04-05 07:00:00,64,15.0,0,Continuity (2-mould press)
2026-04-05 00:00:00,A,4808,1325214812074TUHL0,2026-04-05 07:00:00,2026-04-05 15:00:00,64,15.0,0,Continuity (2-mould press)
2026-04-05 00:00:00,B,4808,1325214812074TUHL0,2026-04-05 15:00:00,2026-04-05 23:00:00,64,15.0,0,Continuity (2-mould press)
2026-04-05 00:00:00,C,4808,1325214812074TUHL0,2026-04-05 23:00:00,2026-04-06 07:00:00,64,15.0,0,Continuity (2-mould press)
2026-04-06 00:00:00,A,4808,1325214812074TUHL0,2026-04-06 07:00:00,2026-04-06 15:00:00,64,15.0,0,Continuity (2-mould press)
2026-04-06 00:00:00,B,4808,1325214812074TUHL0,2026-04-06 15:00:00,2026-04-06 23:00:00,64,15.0,0,Continuity (2-mould press)
2026-04-06 00:00:00,C,4808,1325214812074TUHL0,2026-04-06 23:00:00,2026-04-07 07:00:00,64,15.0,0,Continuity (2-mould press)
2026-04-07 00:00:00,A,4808,1325214812074TUHL0,2026-04-07 07:00:00,2026-04-07 15:00:00,64,15.0,0,Continuity (2-mould press)
2026-04-07 00:00:00,B,4808,1325214812074TUHL0,2026-04-07 15:00:00,2026-04-07 23:00:00,64,15.0,0,Continuity (2-mould press)
2026-04-07 00:00:00,C,4808,1325214812074TUHL0,2026-04-07 23:00:00,2026-04-08 07:00:00,64,15.0,0,Continuity (2-mould press)
2026-04-08 00:00:00,A,4808,1325214812074TUHL0,2026-04-08 07:00:00,2026-04-08 15:00:00,64,15.0,0,Continuity (2-mould press)
2026-04-08 00:00:00,B,4808,1325214812074TUHL0,2026-04-08 15:00:00,2026-04-08 23:00:00,64,15.0,0,Continuity (2-mould press)
2026-04-08 00:00:00,C,4808,1325214812074TUHL0,2026-04-08 23:00:00,2026-04-09 07:00:00,64,15.0,0,Continuity (2-mould press)
2026-04-09 00:00:00,A,4808,1325214812074TUHL0,2026-04-09 07:00:00,2026-04-09 15:00:00,64,15.0,0,Continuity (2-mould press)
2026-04-09 00:00:00,B,4808,1325214812074TUHL0,2026-04-09 15:00:00,2026-04-09 23:00:00,64,15.0,0,Continuity (2-mould press)
2026-04-09 00:00:00,C,4808,1325214812074TUHL0,2026-04-09 23:00:00,2026-04-10 07:00:00,64,15.0,0,Continuity (2-mould press)
2026-04-10 00:00:00,A,4808,1325214812074TUHL0,2026-04-10 07:00:00,2026-04-10 15:00:00,64,15.0,0,Continuity (2-mould press)
2026-04-10 00:00:00,B,4808,1325214812074TUHL0,2026-04-10 15:00:00,2026-04-10 23:00:00,64,15.0,0,Continuity (2-mould press)
2026-04-10 00:00:00,C,4808,1325214812074TUHL0,2026-04-10 23:00:00,2026-04-11 07:00:00,64,15.0,0,Continuity (2-mould press)
2026-04-11 00:00:00,A,4808,1325214812074TUHL0,2026-04-11 07:00:00,2026-04-11 15:00:00,64,15.0,0,Continuity (2-mould press)
2026-04-11 00:00:00,B,4808,1325214812074TUHL0,2026-04-11 15:00:00,2026-04-11 23:00:00,64,15.0,0,Continuity (2-mould press)
2026-04-11 00:00:00,C,4808,1325214812074TUHL0,2026-04-11 23:00:00,2026-04-12 07:00:00,64,15.0,0,Continuity (2-mould press)
2026-04-12 00:00:00,A,4808,1325214812074TUHL0,2026-04-12 07:00:00,2026-04-12 15:00:00,64,15.0,0,Continuity (2-mould press)
2026-04-12 00:00:00,B,4808,1325214812074TUHL0,2026-04-12 15:00:00,2026-04-12 23:00:00,64,15.0,0,Continuity (2-mould press)
2026-04-12 00:00:00,C,4808,1325214812074TUHL0,2026-04-12 23:00:00,2026-04-13 07:00:00,64,15.0,0,Continuity (2-mould press)
2026-04-13 00:00:00,A,4808,1325214812074TUHL0,2026-04-13 07:00:00,2026-04-13 15:00:00,64,15.0,0,Continuity (2-mould press)
2026-04-13 00:00:00,B,4808,1325214812074TUHL0,2026-04-13 15:00:00,2026-04-13 23:00:00,64,15.0,0,Continuity (2-mould press)
2026-04-13 00:00:00,C,4808,1325214812074TUHL0,2026-04-13 23:00:00,2026-04-14 07:00:00,64,15.0,0,Continuity (2-mould press)
2026-04-14 00:00:00,A,4808,1325214812074TUHL0,2026-04-14 07:00:00,2026-04-14 15:00:00,64,15.0,0,Continuity (2-mould press)
2026-04-14 00:00:00,B,4808,1325214812074TUHL0,2026-04-14 15:00:00,2026-04-14 23:00:00,64,15.0,0,Continuity (2-mould press)
2026-04-14 00:00:00,C,4808,1325214812074TUHL0,2026-04-14 23:00:00,2026-04-15 07:00:00,64,15.0,0,Continuity (2-mould press)
2026-04-15 00:00:00,A,4808,1325214812074TUHL0,2026-04-15 07:00:00,2026-04-15 15:00:00,64,15.0,0,Continuity (2-mould press)
2026-04-15 00:00:00,B,4808,1325214812074TUHL0,2026-04-15 15:00:00,2026-04-15 23:00:00,64,15.0,0,Continuity (2-mould press)
2026-04-15 00:00:00,C,4808,1325214812074TUHL0,2026-04-15 23:00:00,2026-04-16 07:00:00,64,15.0,0,Continuity (2-mould press)
2026-04-16 00:00:00,A,4808,1325214812074TUHL0,2026-04-16 07:00:00,2026-04-16 15:00:00,64,15.0,0,Continuity (2-mould press)
2026-04-16 00:00:00,B,4808,1325214812074TUHL0,2026-04-16 15:00:00,2026-04-16 23:00:00,64,15.0,0,Continuity (2-mould press)
2026-04-16 00:00:00,C,4808,1325214812074TUHL0,2026-04-16 23:00:00,2026-04-17 07:00:00,64,15.0,0,Continuity (2-mould press)
2026-04-17 00:00:00,A,4808,1325214812074TUHL0,2026-04-17 07:00:00,2026-04-17 15:00:00,64,15.0,0,Continuity (2-mould press)
2026-04-17 00:00:00,B,4808,1325214812074TUHL0,2026-04-17 15:00:00,2026-04-17 23:00:00,64,15.0,0,Continuity (2-mould press)
2026-04-17 00:00:00,C,4808,1325214812074TUHL0,2026-04-17 23:00:00,2026-04-18 07:00:00,64,15.0,0,Continuity (2-mould press)
2026-04-18 00:00:00,A,4808,1325214812074TUHL0,2026-04-18 07:00:00,2026-04-18 15:00:00,64,15.0,0,Continuity (2-mould press)
2026-04-18 00:00:00,B,4808,1325214812074TUHL0,2026-04-18 15:00:00,2026-04-18 23:00:00,64,15.0,0,Continuity (2-mould press)
2026-04-18 00:00:00,C,4808,1325214812074TUHL0,2026-04-18 23:00:00,2026-04-19 07:00:00,64,15.0,0,Continuity (2-mould press)
2026-04-19 00:00:00,A,4808,1325214812074TUHL0,2026-04-19 07:00:00,2026-04-19 15:00:00,64,15.0,0,Continuity (2-mould press)
2026-04-19 00:00:00,B,4808,1325214812074TUHL0,2026-04-19 15:00:00,2026-04-19 23:00:00,64,15.0,0,Continuity (2-mould press)
2026-04-19 00:00:00,C,4808,1325214812074TUHL0,2026-04-19 23:00:00,2026-04-20 07:00:00,64,15.0,0,Continuity (2-mould press)
2026-04-20 00:00:00,A,4808,1325214812074TUHL0,2026-04-20 07:00:00,2026-04-20 15:00:00,64,15.0,0,Continuity (2-mould press)
2026-04-20 00:00:00,B,4808,1325214812074TUHL0,2026-04-20 15:00:00,2026-04-20 23:00:00,64,15.0,0,Continuity (2-mould press)
2026-04-20 00:00:00,C,4808,1325214812074TUHL0,2026-04-20 23:00:00,2026-04-21 07:00:00,64,15.0,0,Continuity (2-mould press)
2026-04-21 00:00:00,A,4808,1325214812074TUHL0,2026-04-21 07:00:00,2026-04-21 15:00:00,64,15.0,0,Continuity (2-mould press)
2026-04-21 00:00:00,B,4808,1325214812074TUHL0,2026-04-21 15:00:00,2026-04-21 23:00:00,64,15.0,0,Continuity (2-mould press)
2026-04-21 00:00:00,C,4808,1325214812074TUHL0,2026-04-21 23:00:00,2026-04-22 07:00:00,64,15.0,0,Continuity (2-mould press)
2026-04-22 00:00:00,A,4808,1325214812074TUHL0,2026-04-22 07:00:00,2026-04-22 15:00:00,64,15.0,0,Continuity (2-mould press)
2026-04-22 00:00:00,B,4808,1325214812074TUHL0,2026-04-22 15:00:00,2026-04-22 23:00:00,64,15.0,0,Continuity (2-mould press)
2026-04-22 00:00:00,C,4808,1325214812074TUHL0,2026-04-22 23:00:00,2026-04-23 07:00:00,64,15.0,0,Continuity (2-mould press)
2026-04-23 00:00:00,A,4808,1325214812074TUHL0,2026-04-23 07:00:00,2026-04-23 15:00:00,64,15.0,0,Continuity (2-mould press)
2026-04-23 00:00:00,B,4808,1325214812074TUHL0,2026-04-23 15:00:00,2026-04-23 23:00:00,64,15.0,0,Continuity (2-mould press)
2026-04-23 00:00:00,C,4808,1325214812074TUHL0,2026-04-23 23:00:00,2026-04-24 07:00:00,64,15.0,0,Continuity (2-mould press)
2026-04-24 00:00:00,A,4808,1325214812074TUHL0,2026-04-24 07:00:00,2026-04-24 15:00:00,64,15.0,0,Continuity (2-mould press)
2026-04-24 00:00:00,B,4808,1325214812074TUHL0,2026-04-24 15:00:00,2026-04-24 23:00:00,64,15.0,0,Continuity (2-mould press)
2026-04-24 00:00:00,C,4808,1325214812074TUHL0,2026-04-24 23:00:00,2026-04-25 07:00:00,64,15.0,0,Continuity (2-mould press)
2026-04-25 00:00:00,A,4808,1325214812074TUHL0,2026-04-25 07:00:00,2026-04-25 15:00:00,64,15.0,0,Continuity (2-mould press)
2026-04-25 00:00:00,B,4808,1325214812074TUHL0,2026-04-25 15:00:00,2026-04-25 23:00:00,64,15.0,0,Continuity (2-mould press)
2026-04-25 00:00:00,C,4808,1325214812074TUHL0,2026-04-25 23:00:00,2026-04-26 07:00:00,64,15.0,0,Continuity (2-mould press)
2026-04-26 00:00:00,A,4808,1325214812074TUHL0,2026-04-26 07:00:00,2026-04-26 15:00:00,64,15.0,0,Continuity (2-mould press)
2026-04-26 00:00:00,B,4808,1325214812074TUHL0,2026-04-26 15:00:00,2026-04-26 23:00:00,64,15.0,0,Continuity (2-mould press)
2026-04-26 00:00:00,C,4808,1325214812074TUHL0,2026-04-26 23:00:00,2026-04-27 07:00:00,64,15.0,0,Continuity (2-mould press)
2026-04-27 00:00:00,A,4808,1325214812074TUHL0,2026-04-27 07:00:00,2026-04-27 15:00:00,64,15.0,0,Continuity (2-mould press)
2026-04-27 00:00:00,B,4808,1325214812074TUHL0,2026-04-27 15:00:00,2026-04-27 23:00:00,64,15.0,0,Continuity (2-mould press)
2026-04-27 00:00:00,C,4808,1325214812074TUHL0,2026-04-27 23:00:00,2026-04-28 07:00:00,64,15.0,0,Continuity (2-mould press)
2026-04-28 00:00:00,A,4808,1325214812074TUHL0,2026-04-28 07:00:00,2026-04-28 15:00:00,64,15.0,0,Continuity (2-mould press)
2026-04-28 00:00:00,B,4808,1325214812074TUHL0,2026-04-28 15:00:00,2026-04-28 23:00:00,64,15.0,0,Continuity (2-mould press)
2026-04-28 00:00:00,C,4808,1325214812074TUHL0,2026-04-28 23:00:00,2026-04-29 07:00:00,64,15.0,0,Continuity (2-mould press)
2026-04-29 00:00:00,A,4808,1325214812074TUHL0,2026-04-29 07:00:00,2026-04-29 15:00:00,64,15.0,0,Continuity (2-mould press)
2026-04-29 00:00:00,B,4808,1325214812074TUHL0,2026-04-29 15:00:00,2026-04-29 23:00:00,64,15.0,0,Continuity (2-mould press)
2026-04-29 00:00:00,C,4808,1325214812074TUHL0,2026-04-29 23:00:00,2026-04-30 07:00:00,64,15.0,0,Continuity (2-mould press)
2026-04-30 00:00:00,A,4808,1325214812074TUHL0,2026-04-30 07:00:00,2026-04-30 14:15:00,58,15.0,0,Continuity (2-mould press)
2026-04-03 00:00:00,A,4809,1325221417096HURL0,2026-04-03 07:00:00,2026-04-03 15:00:00,60,16.0,0,Continuity (2-mould press)
2026-04-03 00:00:00,B,4809,1325221417096HURL0,2026-04-03 15:00:00,2026-04-03 23:00:00,60,16.0,0,Continuity (2-mould press)
2026-04-03 00:00:00,C,4809,1325221417096HURL0,2026-04-03 23:00:00,2026-04-04 07:00:00,60,16.0,0,Continuity (2-mould press)
2026-04-04 00:00:00,A,4809,1325221417096HURL0,2026-04-04 07:00:00,2026-04-04 15:00:00,60,16.0,0,Continuity (2-mould press)
2026-04-04 00:00:00,B,4809,1325221417096HURL0,2026-04-04 15:00:00,2026-04-04 23:00:00,60,16.0,0,Continuity (2-mould press)
2026-04-04 00:00:00,C,4809,1325221417096HURL0,2026-04-04 23:00:00,2026-04-05 07:00:00,60,16.0,0,Continuity (2-mould press)
2026-04-05 00:00:00,A,4809,1325221417096HURL0,2026-04-05 07:00:00,2026-04-05 15:00:00,60,16.0,0,Continuity (2-mould press)
2026-04-05 00:00:00,B,4809,1325221417096HURL0,2026-04-05 15:00:00,2026-04-05 23:00:00,60,16.0,0,Continuity (2-mould press)
2026-04-05 00:00:00,C,4809,1325221417096HURL0,2026-04-05 23:00:00,2026-04-06 07:00:00,60,16.0,0,Continuity (2-mould press)
2026-04-06 00:00:00,A,4809,1325221417096HURL0,2026-04-06 07:00:00,2026-04-06 15:00:00,60,16.0,0,Continuity (2-mould press)
2026-04-06 00:00:00,B,4809,1325221417096HURL0,2026-04-06 15:00:00,2026-04-06 23:00:00,60,16.0,0,Continuity (2-mould press)
2026-04-06 00:00:00,C,4809,1325221417096HURL0,2026-04-06 23:00:00,2026-04-07 07:00:00,60,16.0,0,Continuity (2-mould press)
2026-04-07 00:00:00,A,4809,1325221417096HURL0,2026-04-07 07:00:00,2026-04-07 15:00:00,60,16.0,0,Continuity (2-mould press)
2026-04-07 00:00:00,B,4809,1325221417096HURL0,2026-04-07 15:00:00,2026-04-07 23:00:00,60,16.0,0,Continuity (2-mould press)
2026-04-07 00:00:00,C,4809,1325221417096HURL0,2026-04-07 23:00:00,2026-04-08 07:00:00,60,16.0,0,Continuity (2-mould press)
2026-04-08 00:00:00,A,4809,1325221417096HURL0,2026-04-08 07:00:00,2026-04-08 15:00:00,60,16.0,0,Continuity (2-mould press)
2026-04-08 00:00:00,B,4809,1325221417096HURL0,2026-04-08 15:00:00,2026-04-08 23:00:00,60,16.0,0,Continuity (2-mould press)
2026-04-08 00:00:00,C,4809,1325221417096HURL0,2026-04-08 23:00:00,2026-04-09 07:00:00,60,16.0,0,Continuity (2-mould press)
2026-04-09 00:00:00,A,4809,1325221417096HURL0,2026-04-09 07:00:00,2026-04-09 15:00:00,60,16.0,0,Continuity (2-mould press)
2026-04-09 00:00:00,B,4809,1325221417096HURL0,2026-04-09 15:00:00,2026-04-09 23:00:00,60,16.0,0,Continuity (2-mould press)
2026-04-09 00:00:00,C,4809,1325221417096HURL0,2026-04-09 23:00:00,2026-04-10 07:00:00,60,16.0,0,Continuity (2-mould press)
2026-04-10 00:00:00,A,4809,1325221417096HURL0,2026-04-10 07:00:00,2026-04-10 15:00:00,60,16.0,0,Continuity (2-mould press)
2026-04-10 00:00:00,B,4809,1325221417096HURL0,2026-04-10 15:00:00,2026-04-10 23:00:00,60,16.0,0,Continuity (2-mould press)
2026-04-10 00:00:00,C,4809,1325221417096HURL0,2026-04-10 23:00:00,2026-04-11 07:00:00,60,16.0,0,Continuity (2-mould press)
2026-04-11 00:00:00,A,4809,1325221417096HURL0,2026-04-11 07:00:00,2026-04-11 15:00:00,60,16.0,0,Continuity (2-mould press)
2026-04-11 00:00:00,B,4809,1325221417096HURL0,2026-04-11 15:00:00,2026-04-11 23:00:00,60,16.0,0,Continuity (2-mould press)
2026-04-11 00:00:00,C,4809,1325221417096HURL0,2026-04-11 23:00:00,2026-04-12 07:00:00,60,16.0,0,Continuity (2-mould press)
2026-04-12 00:00:00,A,4809,1325221417096HURL0,2026-04-12 07:00:00,2026-04-12 15:00:00,60,16.0,0,Continuity (2-mould press)
2026-04-12 00:00:00,B,4809,1325221417096HURL0,2026-04-12 15:00:00,2026-04-12 23:00:00,60,16.0,0,Continuity (2-mould press)
2026-04-12 00:00:00,C,4809,1325221417096HURL0,2026-04-12 23:00:00,2026-04-13 07:00:00,60,16.0,0,Continuity (2-mould press)
2026-04-13 00:00:00,A,4809,1325221417096HURL0,2026-04-13 07:00:00,2026-04-13 15:00:00,60,16.0,0,Continuity (2-mould press)
2026-04-13 00:00:00,B,4809,1325221417096HURL0,2026-04-13 15:00:00,2026-04-13 23:00:00,60,16.0,0,Continuity (2-mould press)
2026-04-13 00:00:00,C,4809,1325221417096HURL0,2026-04-13 23:00:00,2026-04-14 07:00:00,60,16.0,0,Continuity (2-mould press)
2026-04-14 00:00:00,A,4809,1325221417096HURL0,2026-04-14 07:00:00,2026-04-14 15:00:00,60,16.0,0,Continuity (2-mould press)
2026-04-14 00:00:00,B,4809,1325221417096HURL0,2026-04-14 15:00:00,2026-04-14 23:00:00,60,16.0,0,Continuity (2-mould press)
2026-04-14 00:00:00,C,4809,1325221417096HURL0,2026-04-14 23:00:00,2026-04-15 07:00:00,60,16.0,0,Continuity (2-mould press)
2026-04-15 00:00:00,A,4809,1325221417096HURL0,2026-04-15 07:00:00,2026-04-15 15:00:00,60,16.0,0,Continuity (2-mould press)
2026-04-15 00:00:00,B,4809,1325221417096HURL0,2026-04-15 15:00:00,2026-04-15 23:00:00,60,16.0,0,Continuity (2-mould press)
2026-04-15 00:00:00,C,4809,1325221417096HURL0,2026-04-15 23:00:00,2026-04-16 07:00:00,60,16.0,0,Continuity (2-mould press)
2026-04-16 00:00:00,A,4809,1325221417096HURL0,2026-04-16 07:00:00,2026-04-16 15:00:00,60,16.0,0,Continuity (2-mould press)
2026-04-16 00:00:00,B,4809,1325221417096HURL0,2026-04-16 15:00:00,2026-04-16 23:00:00,60,16.0,0,Continuity (2-mould press)
2026-04-16 00:00:00,C,4809,1325221417096HURL0,2026-04-16 23:00:00,2026-04-17 07:00:00,60,16.0,0,Continuity (2-mould press)
2026-04-17 00:00:00,A,4809,1325221417096HURL0,2026-04-17 07:00:00,2026-04-17 15:00:00,60,16.0,0,Continuity (2-mould press)
2026-04-17 00:00:00,B,4809,1325221417096HURL0,2026-04-17 15:00:00,2026-04-17 23:00:00,60,16.0,0,Continuity (2-mould press)
2026-04-17 00:00:00,C,4809,1325221417096HURL0,2026-04-17 23:00:00,2026-04-18 07:00:00,60,16.0,0,Continuity (2-mould press)
2026-04-18 00:00:00,A,4809,1325221417096HURL0,2026-04-18 07:00:00,2026-04-18 15:00:00,60,16.0,0,Continuity (2-mould press)
2026-04-18 00:00:00,B,4809,1325221417096HURL0,2026-04-18 15:00:00,2026-04-18 23:00:00,60,16.0,0,Continuity (2-mould press)
2026-04-18 00:00:00,C,4809,1325221417096HURL0,2026-04-18 23:00:00,2026-04-19 07:00:00,60,16.0,0,Continuity (2-mould press)
2026-04-19 00:00:00,A,4809,1325221417096HURL0,2026-04-19 07:00:00,2026-04-19 15:00:00,60,16.0,0,Continuity (2-mould press)
2026-04-19 00:00:00,B,4809,1325221417096HURL0,2026-04-19 15:00:00,2026-04-19 23:00:00,60,16.0,0,Continuity (2-mould press)
2026-04-19 00:00:00,C,4809,1325221417096HURL0,2026-04-19 23:00:00,2026-04-20 07:00:00,60,16.0,0,Continuity (2-mould press)
2026-04-20 00:00:00,A,4809,1325221417096HURL0,2026-04-20 07:00:00,2026-04-20 15:00:00,60,16.0,0,Continuity (2-mould press)
2026-04-20 00:00:00,B,4809,1325221417096HURL0,2026-04-20 15:00:00,2026-04-20 23:00:00,60,16.0,0,Continuity (2-mould press)
2026-04-20 00:00:00,C,4809,1325221417096HURL0,2026-04-20 23:00:00,2026-04-21 07:00:00,60,16.0,0,Continuity (2-mould press)
2026-04-21 00:00:00,A,4809,1325221417096HURL0,2026-04-21 07:00:00,2026-04-21 15:00:00,60,16.0,0,Continuity (2-mould press)
2026-04-21 00:00:00,B,4809,1325221417096HURL0,2026-04-21 15:00:00,2026-04-21 23:00:00,60,16.0,0,Continuity (2-mould press)
2026-04-21 00:00:00,C,4809,1325221417096HURL0,2026-04-21 23:00:00,2026-04-22 07:00:00,60,16.0,0,Continuity (2-mould press)
2026-04-22 00:00:00,A,4809,1325221417096HURL0,2026-04-22 07:00:00,2026-04-22 15:00:00,60,16.0,0,Continuity (2-mould press)
2026-04-22 00:00:00,B,4809,1325221417096HURL0,2026-04-22 15:00:00,2026-04-22 23:00:00,60,16.0,0,Continuity (2-mould press)
2026-04-22 00:00:00,C,4809,1325221417096HURL0,2026-04-22 23:00:00,2026-04-23 07:00:00,60,16.0,0,Continuity (2-mould press)
2026-04-23 00:00:00,A,4809,1325221417096HURL0,2026-04-23 07:00:00,2026-04-23 15:00:00,60,16.0,0,Continuity (2-mould press)
2026-04-23 00:00:00,B,4809,1325221417096HURL0,2026-04-23 15:00:00,2026-04-23 23:00:00,60,16.0,0,Continuity (2-mould press)
2026-04-23 00:00:00,C,4809,1325221417096HURL0,2026-04-23 23:00:00,2026-04-24 07:00:00,60,16.0,0,Continuity (2-mould press)
2026-04-24 00:00:00,A,4809,1325221417096HURL0,2026-04-24 07:00:00,2026-04-24 15:00:00,60,16.0,0,Continuity (2-mould press)
2026-04-24 00:00:00,B,4809,1325221417096HURL0,2026-04-24 15:00:00,2026-04-24 23:00:00,60,16.0,0,Continuity (2-mould press)
2026-04-24 00:00:00,C,4809,1325221417096HURL0,2026-04-24 23:00:00,2026-04-25 07:00:00,60,16.0,0,Continuity (2-mould press)
2026-04-25 00:00:00,A,4809,1325221417096HURL0,2026-04-25 07:00:00,2026-04-25 15:00:00,60,16.0,0,Continuity (2-mould press)
2026-04-25 00:00:00,B,4809,1325221417096HURL0,2026-04-25 15:00:00,2026-04-25 23:00:00,60,16.0,0,Continuity (2-mould press)
2026-04-25 00:00:00,C,4809,1325221417096HURL0,2026-04-25 23:00:00,2026-04-26 07:00:00,60,16.0,0,Continuity (2-mould press)
2026-04-26 00:00:00,A,4809,1325221417096HURL0,2026-04-26 07:00:00,2026-04-26 15:00:00,60,16.0,0,Continuity (2-mould press)
2026-04-26 00:00:00,B,4809,1325221417096HURL0,2026-04-26 15:00:00,2026-04-26 23:00:00,60,16.0,0,Continuity (2-mould press)
2026-04-26 00:00:00,C,4809,1325221417096HURL0,2026-04-26 23:00:00,2026-04-27 07:00:00,60,16.0,0,Continuity (2-mould press)
2026-04-27 00:00:00,A,4809,1325221417096HURL0,2026-04-27 07:00:00,2026-04-27 15:00:00,60,16.0,0,Continuity (2-mould press)
2026-04-27 00:00:00,B,4809,1325221417096HURL0,2026-04-27 15:00:00,2026-04-27 23:00:00,60,16.0,0,Continuity (2-mould press)
2026-04-27 00:00:00,C,4809,1325221417096HURL0,2026-04-27 23:00:00,2026-04-28 07:00:00,60,16.0,0,Continuity (2-mould press)
2026-04-28 00:00:00,A,4809,1325221417096HURL0,2026-04-28 07:00:00,2026-04-28 15:00:00,60,16.0,0,Continuity (2-mould press)
2026-04-28 00:00:00,B,4809,1325221417096HURL0,2026-04-28 15:00:00,2026-04-28 23:00:00,60,16.0,0,Continuity (2-mould press)
2026-04-28 00:00:00,C,4809,1325221417096HURL0,2026-04-28 23:00:00,2026-04-29 07:00:00,60,16.0,0,Continuity (2-mould press)
2026-04-29 00:00:00,A,4809,1325221417096HURL0,2026-04-29 07:00:00,2026-04-29 15:00:00,60,16.0,0,Continuity (2-mould press)
2026-04-29 00:00:00,B,4809,1325221417096HURL0,2026-04-29 15:00:00,2026-04-29 16:36:00,12,16.0,0,Continuity (2-mould press)
2026-04-03 00:00:00,A,4810,1325216613079HUNE0,2026-04-03 07:00:00,2026-04-03 15:00:00,64,15.0,0,Continuity (2-mould press)
2026-04-03 00:00:00,B,4810,1325216613079HUNE0,2026-04-03 15:00:00,2026-04-03 23:00:00,64,15.0,0,Continuity (2-mould press)
2026-04-03 00:00:00,C,4810,1325216613079HUNE0,2026-04-03 23:00:00,2026-04-04 07:00:00,64,15.0,0,Continuity (2-mould press)
2026-04-04 00:00:00,A,4810,1325216613079HUNE0,2026-04-04 07:00:00,2026-04-04 15:00:00,64,15.0,0,Continuity (2-mould press)
2026-04-04 00:00:00,B,4810,1325216613079HUNE0,2026-04-04 15:00:00,2026-04-04 23:00:00,64,15.0,0,Continuity (2-mould press)
2026-04-04 00:00:00,C,4810,1325216613079HUNE0,2026-04-04 23:00:00,2026-04-05 07:00:00,64,15.0,0,Continuity (2-mould press)
2026-04-05 00:00:00,A,4810,1325216613079HUNE0,2026-04-05 07:00:00,2026-04-05 15:00:00,64,15.0,0,Continuity (2-mould press)
2026-04-05 00:00:00,B,4810,1325216613079HUNE0,2026-04-05 15:00:00,2026-04-05 23:00:00,64,15.0,0,Continuity (2-mould press)
2026-04-05 00:00:00,C,4810,1325216613079HUNE0,2026-04-05 23:00:00,2026-04-06 07:00:00,64,15.0,0,Continuity (2-mould press)
2026-04-06 00:00:00,A,4810,1325216613079HUNE0,2026-04-06 07:00:00,2026-04-06 15:00:00,64,15.0,0,Continuity (2-mould press)
2026-04-06 00:00:00,B,4810,1325216613079HUNE0,2026-04-06 15:00:00,2026-04-06 23:00:00,64,15.0,0,Continuity (2-mould press)
2026-04-06 00:00:00,C,4810,1325216613079HUNE0,2026-04-06 23:00:00,2026-04-07 07:00:00,64,15.0,0,Continuity (2-mould press)
2026-04-07 00:00:00,A,4810,1325216613079HUNE0,2026-04-07 07:00:00,2026-04-07 15:00:00,64,15.0,0,Continuity (2-mould press)
2026-04-07 00:00:00,B,4810,1325216613079HUNE0,2026-04-07 15:00:00,2026-04-07 23:00:00,64,15.0,0,Continuity (2-mould press)
2026-04-07 00:00:00,C,4810,1325216613079HUNE0,2026-04-07 23:00:00,2026-04-08 07:00:00,64,15.0,0,Continuity (2-mould press)
2026-04-08 00:00:00,A,4810,1325216613079HUNE0,2026-04-08 07:00:00,2026-04-08 15:00:00,64,15.0,0,Continuity (2-mould press)
2026-04-08 00:00:00,B,4810,1325216613079HUNE0,2026-04-08 15:00:00,2026-04-08 23:00:00,64,15.0,0,Continuity (2-mould press)
2026-04-08 00:00:00,C,4810,1325216613079HUNE0,2026-04-08 23:00:00,2026-04-09 07:00:00,64,15.0,0,Continuity (2-mould press)
2026-04-09 00:00:00,A,4810,1325216613079HUNE0,2026-04-09 07:00:00,2026-04-09 15:00:00,64,15.0,0,Continuity (2-mould press)
2026-04-09 00:00:00,B,4810,1325216613079HUNE0,2026-04-09 15:00:00,2026-04-09 23:00:00,64,15.0,0,Continuity (2-mould press)
2026-04-09 00:00:00,C,4810,1325216613079HUNE0,2026-04-09 23:00:00,2026-04-10 07:00:00,64,15.0,0,Continuity (2-mould press)
2026-04-10 00:00:00,A,4810,1325216613079HUNE0,2026-04-10 07:00:00,2026-04-10 15:00:00,64,15.0,0,Continuity (2-mould press)
2026-04-10 00:00:00,B,4810,1325216613079HUNE0,2026-04-10 15:00:00,2026-04-10 23:00:00,64,15.0,0,Continuity (2-mould press)
2026-04-10 00:00:00,C,4810,1325216613079HUNE0,2026-04-10 23:00:00,2026-04-11 07:00:00,64,15.0,0,Continuity (2-mould press)
2026-04-11 00:00:00,A,4810,1325216613079HUNE0,2026-04-11 07:00:00,2026-04-11 15:00:00,64,15.0,0,Continuity (2-mould press)
2026-04-11 00:00:00,B,4810,1325216613079HUNE0,2026-04-11 15:00:00,2026-04-11 23:00:00,64,15.0,0,Continuity (2-mould press)
2026-04-11 00:00:00,C,4810,1325216613079HUNE0,2026-04-11 23:00:00,2026-04-12 07:00:00,64,15.0,0,Continuity (2-mould press)
2026-04-12 00:00:00,A,4810,1325216613079HUNE0,2026-04-12 07:00:00,2026-04-12 15:00:00,64,15.0,0,Continuity (2-mould press)
2026-04-12 00:00:00,B,4810,1325216613079HUNE0,2026-04-12 15:00:00,2026-04-12 23:00:00,64,15.0,0,Continuity (2-mould press)
2026-04-12 00:00:00,C,4810,1325216613079HUNE0,2026-04-12 23:00:00,2026-04-13 07:00:00,64,15.0,0,Continuity (2-mould press)
2026-04-13 00:00:00,A,4810,1325216613079HUNE0,2026-04-13 07:00:00,2026-04-13 15:00:00,64,15.0,0,Continuity (2-mould press)
2026-04-13 00:00:00,B,4810,1325216613079HUNE0,2026-04-13 15:00:00,2026-04-13 23:00:00,64,15.0,0,Continuity (2-mould press)
2026-04-13 00:00:00,C,4810,1325216613079HUNE0,2026-04-13 23:00:00,2026-04-14 07:00:00,64,15.0,0,Continuity (2-mould press)
2026-04-14 00:00:00,A,4810,1325216613079HUNE0,2026-04-14 07:00:00,2026-04-14 15:00:00,64,15.0,0,Continuity (2-mould press)
2026-04-14 00:00:00,B,4810,1325216613079HUNE0,2026-04-14 15:00:00,2026-04-14 23:00:00,64,15.0,0,Continuity (2-mould press)
2026-04-14 00:00:00,C,4810,1325216613079HUNE0,2026-04-14 23:00:00,2026-04-15 07:00:00,64,15.0,0,Continuity (2-mould press)
2026-04-15 00:00:00,A,4810,1325216613079HUNE0,2026-04-15 07:00:00,2026-04-15 15:00:00,64,15.0,0,Continuity (2-mould press)
2026-04-15 00:00:00,B,4810,1325216613079HUNE0,2026-04-15 15:00:00,2026-04-15 23:00:00,64,15.0,0,Continuity (2-mould press)
2026-04-15 00:00:00,C,4810,1325216613079HUNE0,2026-04-15 23:00:00,2026-04-16 07:00:00,64,15.0,0,Continuity (2-mould press)
2026-04-16 00:00:00,A,4810,1325216613079HUNE0,2026-04-16 07:00:00,2026-04-16 15:00:00,64,15.0,0,Continuity (2-mould press)
2026-04-16 00:00:00,B,4810,1325216613079HUNE0,2026-04-16 15:00:00,2026-04-16 23:00:00,64,15.0,0,Continuity (2-mould press)
2026-04-16 00:00:00,C,4810,1325216613079HUNE0,2026-04-16 23:00:00,2026-04-17 07:00:00,64,15.0,0,Continuity (2-mould press)
2026-04-17 00:00:00,A,4810,1325216613079HUNE0,2026-04-17 07:00:00,2026-04-17 15:00:00,64,15.0,0,Continuity (2-mould press)
2026-04-17 00:00:00,B,4810,1325216613079HUNE0,2026-04-17 15:00:00,2026-04-17 23:00:00,64,15.0,0,Continuity (2-mould press)
2026-04-17 00:00:00,C,4810,1325216613079HUNE0,2026-04-17 23:00:00,2026-04-18 07:00:00,64,15.0,0,Continuity (2-mould press)
2026-04-18 00:00:00,A,4810,1325216613079HUNE0,2026-04-18 07:00:00,2026-04-18 15:00:00,64,15.0,0,Continuity (2-mould press)
2026-04-18 00:00:00,B,4810,1325216613079HUNE0,2026-04-18 15:00:00,2026-04-18 23:00:00,64,15.0,0,Continuity (2-mould press)
2026-04-18 00:00:00,C,4810,1325216613079HUNE0,2026-04-18 23:00:00,2026-04-19 07:00:00,64,15.0,0,Continuity (2-mould press)
2026-04-19 00:00:00,A,4810,1325216613079HUNE0,2026-04-19 07:00:00,2026-04-19 15:00:00,64,15.0,0,Continuity (2-mould press)
2026-04-19 00:00:00,B,4810,1325216613079HUNE0,2026-04-19 15:00:00,2026-04-19 23:00:00,64,15.0,0,Continuity (2-mould press)
2026-04-19 00:00:00,C,4810,1325216613079HUNE0,2026-04-19 23:00:00,2026-04-20 07:00:00,64,15.0,0,Continuity (2-mould press)
2026-04-20 00:00:00,A,4810,1325216613079HUNE0,2026-04-20 07:00:00,2026-04-20 15:00:00,64,15.0,0,Continuity (2-mould press)
2026-04-20 00:00:00,B,4810,1325216613079HUNE0,2026-04-20 15:00:00,2026-04-20 23:00:00,64,15.0,0,Continuity (2-mould press)
2026-04-20 00:00:00,C,4810,1325216613079HUNE0,2026-04-20 23:00:00,2026-04-21 07:00:00,64,15.0,0,Continuity (2-mould press)
2026-04-21 00:00:00,A,4810,1325216613079HUNE0,2026-04-21 07:00:00,2026-04-21 15:00:00,64,15.0,0,Continuity (2-mould press)
2026-04-21 00:00:00,B,4810,1325216613079HUNE0,2026-04-21 15:00:00,2026-04-21 23:00:00,64,15.0,0,Continuity (2-mould press)
2026-04-21 00:00:00,C,4810,1325216613079HUNE0,2026-04-21 23:00:00,2026-04-22 07:00:00,64,15.0,0,Continuity (2-mould press)
2026-04-22 00:00:00,A,4810,1325216613079HUNE0,2026-04-22 07:00:00,2026-04-22 15:00:00,64,15.0,0,Continuity (2-mould press)
2026-04-22 00:00:00,B,4810,1325216613079HUNE0,2026-04-22 15:00:00,2026-04-22 23:00:00,64,15.0,0,Continuity (2-mould press)
2026-04-22 00:00:00,C,4810,1325216613079HUNE0,2026-04-22 23:00:00,2026-04-23 07:00:00,64,15.0,0,Continuity (2-mould press)
2026-04-23 00:00:00,A,4810,1325216613079HUNE0,2026-04-23 07:00:00,2026-04-23 15:00:00,64,15.0,0,Continuity (2-mould press)
2026-04-23 00:00:00,B,4810,1325216613079HUNE0,2026-04-23 15:00:00,2026-04-23 23:00:00,64,15.0,0,Continuity (2-mould press)
2026-04-23 00:00:00,C,4810,1325216613079HUNE0,2026-04-23 23:00:00,2026-04-24 07:00:00,64,15.0,0,Continuity (2-mould press)
2026-04-24 00:00:00,A,4810,1325216613079HUNE0,2026-04-24 07:00:00,2026-04-24 15:00:00,64,15.0,0,Continuity (2-mould press)
2026-04-24 00:00:00,B,4810,1325216613079HUNE0,2026-04-24 15:00:00,2026-04-24 23:00:00,64,15.0,0,Continuity (2-mould press)
2026-04-24 00:00:00,C,4810,1325216613079HUNE0,2026-04-24 23:00:00,2026-04-25 07:00:00,64,15.0,0,Continuity (2-mould press)
2026-04-25 00:00:00,A,4810,1325216613079HUNE0,2026-04-25 07:00:00,2026-04-25 15:00:00,64,15.0,0,Continuity (2-mould press)
2026-04-25 00:00:00,B,4810,1325216613079HUNE0,2026-04-25 15:00:00,2026-04-25 23:00:00,64,15.0,0,Continuity (2-mould press)
2026-04-25 00:00:00,C,4810,1325216613079HUNE0,2026-04-25 23:00:00,2026-04-26 07:00:00,64,15.0,0,Continuity (2-mould press)
2026-04-26 00:00:00,A,4810,1325216613079HUNE0,2026-04-26 07:00:00,2026-04-26 15:00:00,64,15.0,0,Continuity (2-mould press)
2026-04-26 00:00:00,B,4810,1325216613079HUNE0,2026-04-26 15:00:00,2026-04-26 18:30:00,28,15.0,0,Continuity (2-mould press)
2026-04-03 00:00:00,A,4811,1225219Z15008SXC11,2026-04-03 07:00:00,2026-04-03 15:00:00,36,27.0,0,Continuity (2-mould press)
2026-04-03 00:00:00,B,4811,1225219Z15008SXC11,2026-04-03 15:00:00,2026-04-03 23:00:00,36,27.0,0,Continuity (2-mould press)
2026-04-03 00:00:00,C,4811,1225219Z15008SXC11,2026-04-03 23:00:00,2026-04-04 07:00:00,36,27.0,0,Continuity (2-mould press)
2026-04-04 00:00:00,A,4811,1225219Z15008SXC11,2026-04-04 07:00:00,2026-04-04 15:00:00,36,27.0,0,Continuity (2-mould press)
2026-04-04 00:00:00,B,4811,1225219Z15008SXC11,2026-04-04 15:00:00,2026-04-04 23:00:00,36,27.0,0,Continuity (2-mould press)
2026-04-04 00:00:00,C,4811,1225219Z15008SXC11,2026-04-04 23:00:00,2026-04-05 07:00:00,36,27.0,0,Continuity (2-mould press)
2026-04-05 00:00:00,A,4811,1225219Z15008SXC11,2026-04-05 07:00:00,2026-04-05 15:00:00,36,27.0,0,Continuity (2-mould press)
2026-04-05 00:00:00,B,4811,1225219Z15008SXC11,2026-04-05 15:00:00,2026-04-05 23:00:00,36,27.0,0,Continuity (2-mould press)
2026-04-05 00:00:00,C,4811,1225219Z15008SXC11,2026-04-05 23:00:00,2026-04-06 07:00:00,36,27.0,0,Continuity (2-mould press)
2026-04-06 00:00:00,A,4811,1225219Z15008SXC11,2026-04-06 07:00:00,2026-04-06 15:00:00,36,27.0,0,Continuity (2-mould press)
2026-04-06 00:00:00,B,4811,1225219Z15008SXC11,2026-04-06 15:00:00,2026-04-06 23:00:00,36,27.0,0,Continuity (2-mould press)
2026-04-06 00:00:00,C,4811,1225219Z15008SXC11,2026-04-06 23:00:00,2026-04-07 07:00:00,36,27.0,0,Continuity (2-mould press)
2026-04-07 00:00:00,A,4811,1225219Z15008SXC11,2026-04-07 07:00:00,2026-04-07 15:00:00,36,27.0,0,Continuity (2-mould press)
2026-04-07 00:00:00,B,4811,1225219Z15008SXC11,2026-04-07 15:00:00,2026-04-07 23:00:00,36,27.0,0,Continuity (2-mould press)
2026-04-07 00:00:00,C,4811,1225219Z15008SXC11,2026-04-07 23:00:00,2026-04-08 07:00:00,36,27.0,0,Continuity (2-mould press)
2026-04-08 00:00:00,A,4811,1225219Z15008SXC11,2026-04-08 07:00:00,2026-04-08 15:00:00,36,27.0,0,Continuity (2-mould press)
2026-04-08 00:00:00,B,4811,1225219Z15008SXC11,2026-04-08 15:00:00,2026-04-08 23:00:00,36,27.0,0,Continuity (2-mould press)
2026-04-08 00:00:00,C,4811,1225219Z15008SXC11,2026-04-08 23:00:00,2026-04-09 07:00:00,36,27.0,0,Continuity (2-mould press)
2026-04-09 00:00:00,A,4811,1225219Z15008SXC11,2026-04-09 07:00:00,2026-04-09 15:00:00,36,27.0,0,Continuity (2-mould press)
2026-04-09 00:00:00,B,4811,1225219Z15008SXC11,2026-04-09 15:00:00,2026-04-09 23:00:00,36,27.0,0,Continuity (2-mould press)
2026-04-09 00:00:00,C,4811,1225219Z15008SXC11,2026-04-09 23:00:00,2026-04-10 07:00:00,36,27.0,0,Continuity (2-mould press)
2026-04-10 00:00:00,A,4811,1225219Z15008SXC11,2026-04-10 07:00:00,2026-04-10 15:00:00,36,27.0,0,Continuity (2-mould press)
2026-04-10 00:00:00,B,4811,1225219Z15008SXC11,2026-04-10 15:00:00,2026-04-10 23:00:00,36,27.0,0,Continuity (2-mould press)
2026-04-10 00:00:00,C,4811,1225219Z15008SXC11,2026-04-10 23:00:00,2026-04-11 07:00:00,36,27.0,0,Continuity (2-mould press)
2026-04-11 00:00:00,A,4811,1225219Z15008SXC11,2026-04-11 07:00:00,2026-04-11 15:00:00,36,27.0,0,Continuity (2-mould press)
2026-04-11 00:00:00,B,4811,1225219Z15008SXC11,2026-04-11 15:00:00,2026-04-11 23:00:00,36,27.0,0,Continuity (2-mould press)
2026-04-11 00:00:00,C,4811,1225219Z15008SXC11,2026-04-11 23:00:00,2026-04-12 07:00:00,36,27.0,0,Continuity (2-mould press)
2026-04-12 00:00:00,A,4811,1225219Z15008SXC11,2026-04-12 07:00:00,2026-04-12 15:00:00,36,27.0,0,Continuity (2-mould press)
2026-04-12 00:00:00,B,4811,1225219Z15008SXC11,2026-04-12 15:00:00,2026-04-12 23:00:00,36,27.0,0,Continuity (2-mould press)
2026-04-12 00:00:00,C,4811,1225219Z15008SXC11,2026-04-12 23:00:00,2026-04-13 07:00:00,36,27.0,0,Continuity (2-mould press)
2026-04-13 00:00:00,A,4811,1225219Z15008SXC11,2026-04-13 07:00:00,2026-04-13 15:00:00,36,27.0,0,Continuity (2-mould press)
2026-04-13 00:00:00,B,4811,1225219Z15008SXC11,2026-04-13 15:00:00,2026-04-13 23:00:00,36,27.0,0,Continuity (2-mould press)
2026-04-13 00:00:00,C,4811,1225219Z15008SXC11,2026-04-13 23:00:00,2026-04-14 07:00:00,36,27.0,0,Continuity (2-mould press)
2026-04-14 00:00:00,A,4811,1225219Z15008SXC11,2026-04-14 07:00:00,2026-04-14 15:00:00,36,27.0,0,Continuity (2-mould press)
2026-04-14 00:00:00,B,4811,1225219Z15008SXC11,2026-04-14 15:00:00,2026-04-14 23:00:00,36,27.0,0,Continuity (2-mould press)
2026-04-14 00:00:00,C,4811,1225219Z15008SXC11,2026-04-14 23:00:00,2026-04-15 07:00:00,36,27.0,0,Continuity (2-mould press)
2026-04-15 00:00:00,A,4811,1225219Z15008SXC11,2026-04-15 07:00:00,2026-04-15 15:00:00,36,27.0,0,Continuity (2-mould press)
2026-04-15 00:00:00,B,4811,1225219Z15008SXC11,2026-04-15 15:00:00,2026-04-15 23:00:00,36,27.0,0,Continuity (2-mould press)
2026-04-15 00:00:00,C,4811,1225219Z15008SXC11,2026-04-15 23:00:00,2026-04-16 07:00:00,36,27.0,0,Continuity (2-mould press)
2026-04-16 00:00:00,A,4811,1225219Z15008SXC11,2026-04-16 07:00:00,2026-04-16 15:00:00,36,27.0,0,Continuity (2-mould press)
2026-04-16 00:00:00,B,4811,1225219Z15008SXC11,2026-04-16 15:00:00,2026-04-16 23:00:00,36,27.0,0,Continuity (2-mould press)
2026-04-16 00:00:00,C,4811,1225219Z15008SXC11,2026-04-16 23:00:00,2026-04-17 07:00:00,36,27.0,0,Continuity (2-mould press)
2026-04-17 00:00:00,A,4811,1225219Z15008SXC11,2026-04-17 07:00:00,2026-04-17 15:00:00,36,27.0,0,Continuity (2-mould press)
2026-04-17 00:00:00,B,4811,1225219Z15008SXC11,2026-04-17 15:00:00,2026-04-17 23:00:00,36,27.0,0,Continuity (2-mould press)
2026-04-17 00:00:00,C,4811,1225219Z15008SXC11,2026-04-17 23:00:00,2026-04-18 07:00:00,36,27.0,0,Continuity (2-mould press)
2026-04-18 00:00:00,A,4811,1225219Z15008SXC11,2026-04-18 07:00:00,2026-04-18 15:00:00,36,27.0,0,Continuity (2-mould press)
2026-04-18 00:00:00,B,4811,1225219Z15008SXC11,2026-04-18 15:00:00,2026-04-18 23:00:00,36,27.0,0,Continuity (2-mould press)
2026-04-18 00:00:00,C,4811,1225219Z15008SXC11,2026-04-18 23:00:00,2026-04-19 07:00:00,36,27.0,0,Continuity (2-mould press)
2026-04-19 00:00:00,A,4811,1225219Z15008SXC11,2026-04-19 07:00:00,2026-04-19 15:00:00,36,27.0,0,Continuity (2-mould press)
2026-04-19 00:00:00,B,4811,1225219Z15008SXC11,2026-04-19 15:00:00,2026-04-19 23:00:00,36,27.0,0,Continuity (2-mould press)
2026-04-19 00:00:00,C,4811,1225219Z15008SXC11,2026-04-19 23:00:00,2026-04-20 07:00:00,36,27.0,0,Continuity (2-mould press)
2026-04-20 00:00:00,A,4811,1225219Z15008SXC11,2026-04-20 07:00:00,2026-04-20 15:00:00,36,27.0,0,Continuity (2-mould press)
2026-04-20 00:00:00,B,4811,1225219Z15008SXC11,2026-04-20 15:00:00,2026-04-20 23:00:00,36,27.0,0,Continuity (2-mould press)
2026-04-20 00:00:00,C,4811,1225219Z15008SXC11,2026-04-20 23:00:00,2026-04-21 07:00:00,36,27.0,0,Continuity (2-mould press)
2026-04-21 00:00:00,A,4811,1225219Z15008SXC11,2026-04-21 07:00:00,2026-04-21 15:00:00,36,27.0,0,Continuity (2-mould press)
2026-04-21 00:00:00,B,4811,1225219Z15008SXC11,2026-04-21 15:00:00,2026-04-21 23:00:00,36,27.0,0,Continuity (2-mould press)
2026-04-21 00:00:00,C,4811,1225219Z15008SXC11,2026-04-21 23:00:00,2026-04-22 07:00:00,36,27.0,0,Continuity (2-mould press)
2026-04-22 00:00:00,A,4811,1225219Z15008SXC11,2026-04-22 07:00:00,2026-04-22 15:00:00,36,27.0,0,Continuity (2-mould press)
2026-04-22 00:00:00,B,4811,1225219Z15008SXC11,2026-04-22 15:00:00,2026-04-22 23:00:00,36,27.0,0,Continuity (2-mould press)
2026-04-22 00:00:00,C,4811,1225219Z15008SXC11,2026-04-22 23:00:00,2026-04-23 07:00:00,36,27.0,0,Continuity (2-mould press)
2026-04-23 00:00:00,A,4811,1225219Z15008SXC11,2026-04-23 07:00:00,2026-04-23 07:36:00,3,27.0,0,Continuity (2-mould press)
2026-04-03 00:00:00,A,4812,1D25218014010RXPCT,2026-04-03 07:00:00,2026-04-03 15:00:00,42,23.0,0,Continuity (2-mould press)
2026-04-03 00:00:00,B,4812,1D25218014010RXPCT,2026-04-03 15:00:00,2026-04-03 23:00:00,42,23.0,0,Continuity (2-mould press)
2026-04-03 00:00:00,C,4812,1D25218014010RXPCT,2026-04-03 23:00:00,2026-04-04 07:00:00,42,23.0,0,Continuity (2-mould press)
2026-04-04 00:00:00,A,4812,1D25218014010RXPCT,2026-04-04 07:00:00,2026-04-04 15:00:00,42,23.0,0,Continuity (2-mould press)
2026-04-04 00:00:00,B,4812,1D25218014010RXPCT,2026-04-04 15:00:00,2026-04-04 23:00:00,42,23.0,0,Continuity (2-mould press)
2026-04-04 00:00:00,C,4812,1D25218014010RXPCT,2026-04-04 23:00:00,2026-04-05 07:00:00,42,23.0,0,Continuity (2-mould press)
2026-04-05 00:00:00,A,4812,1D25218014010RXPCT,2026-04-05 07:00:00,2026-04-05 15:00:00,42,23.0,0,Continuity (2-mould press)
2026-04-05 00:00:00,B,4812,1D25218014010RXPCT,2026-04-05 15:00:00,2026-04-05 23:00:00,42,23.0,0,Continuity (2-mould press)
2026-04-05 00:00:00,C,4812,1D25218014010RXPCT,2026-04-05 23:00:00,2026-04-06 07:00:00,42,23.0,0,Continuity (2-mould press)
2026-04-06 00:00:00,A,4812,1D25218014010RXPCT,2026-04-06 07:00:00,2026-04-06 15:00:00,42,23.0,0,Continuity (2-mould press)
2026-04-06 00:00:00,B,4812,1D25218014010RXPCT,2026-04-06 15:00:00,2026-04-06 23:00:00,42,23.0,0,Continuity (2-mould press)
2026-04-06 00:00:00,C,4812,1D25218014010RXPCT,2026-04-06 23:00:00,2026-04-07 07:00:00,42,23.0,0,Continuity (2-mould press)
2026-04-07 00:00:00,A,4812,1D25218014010RXPCT,2026-04-07 07:00:00,2026-04-07 15:00:00,42,23.0,0,Continuity (2-mould press)
2026-04-07 00:00:00,B,4812,1D25218014010RXPCT,2026-04-07 15:00:00,2026-04-07 23:00:00,42,23.0,0,Continuity (2-mould press)
2026-04-07 00:00:00,C,4812,1D25218014010RXPCT,2026-04-07 23:00:00,2026-04-08 07:00:00,42,23.0,0,Continuity (2-mould press)
2026-04-08 00:00:00,A,4812,1D25218014010RXPCT,2026-04-08 07:00:00,2026-04-08 15:00:00,42,23.0,0,Continuity (2-mould press)
2026-04-08 00:00:00,B,4812,1D25218014010RXPCT,2026-04-08 15:00:00,2026-04-08 23:00:00,42,23.0,0,Continuity (2-mould press)
2026-04-08 00:00:00,C,4812,1D25218014010RXPCT,2026-04-08 23:00:00,2026-04-09 07:00:00,42,23.0,0,Continuity (2-mould press)
2026-04-09 00:00:00,A,4812,1D25218014010RXPCT,2026-04-09 07:00:00,2026-04-09 15:00:00,42,23.0,0,Continuity (2-mould press)
2026-04-09 00:00:00,B,4812,1D25218014010RXPCT,2026-04-09 15:00:00,2026-04-09 23:00:00,42,23.0,0,Continuity (2-mould press)
2026-04-09 00:00:00,C,4812,1D25218014010RXPCT,2026-04-09 23:00:00,2026-04-10 07:00:00,42,23.0,0,Continuity (2-mould press)
2026-04-10 00:00:00,A,4812,1D25218014010RXPCT,2026-04-10 07:00:00,2026-04-10 15:00:00,42,23.0,0,Continuity (2-mould press)
2026-04-10 00:00:00,B,4812,1D25218014010RXPCT,2026-04-10 15:00:00,2026-04-10 23:00:00,42,23.0,0,Continuity (2-mould press)
2026-04-10 00:00:00,C,4812,1D25218014010RXPCT,2026-04-10 23:00:00,2026-04-11 07:00:00,42,23.0,0,Continuity (2-mould press)
2026-04-11 00:00:00,A,4812,1D25218014010RXPCT,2026-04-11 07:00:00,2026-04-11 15:00:00,42,23.0,0,Continuity (2-mould press)
2026-04-11 00:00:00,B,4812,1D25218014010RXPCT,2026-04-11 15:00:00,2026-04-11 23:00:00,42,23.0,0,Continuity (2-mould press)
2026-04-11 00:00:00,C,4812,1D25218014010RXPCT,2026-04-11 23:00:00,2026-04-12 07:00:00,42,23.0,0,Continuity (2-mould press)
2026-04-12 00:00:00,A,4812,1D25218014010RXPCT,2026-04-12 07:00:00,2026-04-12 15:00:00,42,23.0,0,Continuity (2-mould press)
2026-04-12 00:00:00,B,4812,1D25218014010RXPCT,2026-04-12 15:00:00,2026-04-12 23:00:00,42,23.0,0,Continuity (2-mould press)
2026-04-12 00:00:00,C,4812,1D25218014010RXPCT,2026-04-12 23:00:00,2026-04-13 07:00:00,42,23.0,0,Continuity (2-mould press)
2026-04-13 00:00:00,A,4812,1D25218014010RXPCT,2026-04-13 07:00:00,2026-04-13 15:00:00,42,23.0,0,Continuity (2-mould press)
2026-04-13 00:00:00,B,4812,1D25218014010RXPCT,2026-04-13 15:00:00,2026-04-13 23:00:00,42,23.0,0,Continuity (2-mould press)
2026-04-13 00:00:00,C,4812,1D25218014010RXPCT,2026-04-13 23:00:00,2026-04-14 07:00:00,42,23.0,0,Continuity (2-mould press)
2026-04-14 00:00:00,A,4812,1D25218014010RXPCT,2026-04-14 07:00:00,2026-04-14 15:00:00,42,23.0,0,Continuity (2-mould press)
2026-04-14 00:00:00,B,4812,1D25218014010RXPCT,2026-04-14 15:00:00,2026-04-14 23:00:00,42,23.0,0,Continuity (2-mould press)
2026-04-14 00:00:00,C,4812,1D25218014010RXPCT,2026-04-14 23:00:00,2026-04-15 07:00:00,42,23.0,0,Continuity (2-mould press)
2026-04-15 00:00:00,A,4812,1D25218014010RXPCT,2026-04-15 07:00:00,2026-04-15 15:00:00,42,23.0,0,Continuity (2-mould press)
2026-04-15 00:00:00,B,4812,1D25218014010RXPCT,2026-04-15 15:00:00,2026-04-15 23:00:00,42,23.0,0,Continuity (2-mould press)
2026-04-15 00:00:00,C,4812,1D25218014010RXPCT,2026-04-15 23:00:00,2026-04-16 02:26:00,18,23.0,0,Continuity (2-mould press)
2026-04-15 00:00:00,C,4812,MOULD_CLEAN,2026-04-16 02:26:00,2026-04-16 05:26:00,0,0.0,0,Mould cleaning (continuity)
2026-04-15 00:00:00,C,4812,1D25218014010RXPCT,2026-04-16 05:26:00,2026-04-16 07:00:00,8,23.0,0,Continuity (2-mould press)
2026-04-16 00:00:00,A,4812,1D25218014010RXPCT,2026-04-16 07:00:00,2026-04-16 15:00:00,42,23.0,0,Continuity (2-mould press)
2026-04-16 00:00:00,B,4812,1D25218014010RXPCT,2026-04-16 15:00:00,2026-04-16 23:00:00,42,23.0,0,Continuity (2-mould press)
2026-04-16 00:00:00,C,4812,1D25218014010RXPCT,2026-04-16 23:00:00,2026-04-17 07:00:00,42,23.0,0,Continuity (2-mould press)
2026-04-17 00:00:00,A,4812,1D25218014010RXPCT,2026-04-17 07:00:00,2026-04-17 15:00:00,42,23.0,0,Continuity (2-mould press)
2026-04-17 00:00:00,B,4812,1D25218014010RXPCT,2026-04-17 15:00:00,2026-04-17 23:00:00,42,23.0,0,Continuity (2-mould press)
2026-04-17 00:00:00,C,4812,1D25218014010RXPCT,2026-04-17 23:00:00,2026-04-18 07:00:00,42,23.0,0,Continuity (2-mould press)
2026-04-18 00:00:00,A,4812,1D25218014010RXPCT,2026-04-18 07:00:00,2026-04-18 15:00:00,42,23.0,0,Continuity (2-mould press)
2026-04-18 00:00:00,B,4812,1D25218014010RXPCT,2026-04-18 15:00:00,2026-04-18 23:00:00,42,23.0,0,Continuity (2-mould press)
2026-04-18 00:00:00,C,4812,1D25218014010RXPCT,2026-04-18 23:00:00,2026-04-19 07:00:00,42,23.0,0,Continuity (2-mould press)
2026-04-19 00:00:00,A,4812,1D25218014010RXPCT,2026-04-19 07:00:00,2026-04-19 15:00:00,42,23.0,0,Continuity (2-mould press)
2026-04-19 00:00:00,B,4812,1D25218014010RXPCT,2026-04-19 15:00:00,2026-04-19 23:00:00,42,23.0,0,Continuity (2-mould press)
2026-04-19 00:00:00,C,4812,1D25218014010RXPCT,2026-04-19 23:00:00,2026-04-20 07:00:00,42,23.0,0,Continuity (2-mould press)
2026-04-20 00:00:00,A,4812,1D25218014010RXPCT,2026-04-20 07:00:00,2026-04-20 15:00:00,42,23.0,0,Continuity (2-mould press)
2026-04-20 00:00:00,B,4812,1D25218014010RXPCT,2026-04-20 15:00:00,2026-04-20 23:00:00,42,23.0,0,Continuity (2-mould press)
2026-04-20 00:00:00,C,4812,1D25218014010RXPCT,2026-04-20 23:00:00,2026-04-21 07:00:00,42,23.0,0,Continuity (2-mould press)
2026-04-21 00:00:00,A,4812,1D25218014010RXPCT,2026-04-21 07:00:00,2026-04-21 15:00:00,42,23.0,0,Continuity (2-mould press)
2026-04-21 00:00:00,B,4812,1D25218014010RXPCT,2026-04-21 15:00:00,2026-04-21 23:00:00,42,23.0,0,Continuity (2-mould press)
2026-04-21 00:00:00,C,4812,1D25218014010RXPCT,2026-04-21 23:00:00,2026-04-22 07:00:00,42,23.0,0,Continuity (2-mould press)
2026-04-22 00:00:00,A,4812,1D25218014010RXPCT,2026-04-22 07:00:00,2026-04-22 15:00:00,42,23.0,0,Continuity (2-mould press)
2026-04-22 00:00:00,B,4812,1D25218014010RXPCT,2026-04-22 15:00:00,2026-04-22 23:00:00,42,23.0,0,Continuity (2-mould press)
2026-04-22 00:00:00,C,4812,1D25218014010RXPCT,2026-04-22 23:00:00,2026-04-23 07:00:00,42,23.0,0,Continuity (2-mould press)
2026-04-23 00:00:00,A,4812,1D25218014010RXPCT,2026-04-23 07:00:00,2026-04-23 15:00:00,42,23.0,0,Continuity (2-mould press)
2026-04-23 00:00:00,B,4812,1D25218014010RXPCT,2026-04-23 15:00:00,2026-04-23 23:00:00,42,23.0,0,Continuity (2-mould press)
2026-04-23 00:00:00,C,4812,1D25218014010RXPCT,2026-04-23 23:00:00,2026-04-24 07:00:00,42,23.0,0,Continuity (2-mould press)
2026-04-24 00:00:00,A,4812,1D25218014010RXPCT,2026-04-24 07:00:00,2026-04-24 15:00:00,42,23.0,0,Continuity (2-mould press)
2026-04-24 00:00:00,B,4812,1D25218014010RXPCT,2026-04-24 15:00:00,2026-04-24 23:00:00,42,23.0,0,Continuity (2-mould press)
2026-04-24 00:00:00,C,4812,1D25218014010RXPCT,2026-04-24 23:00:00,2026-04-25 07:00:00,42,23.0,0,Continuity (2-mould press)
2026-04-25 00:00:00,A,4812,1D25218014010RXPCT,2026-04-25 07:00:00,2026-04-25 15:00:00,42,23.0,0,Continuity (2-mould press)
2026-04-25 00:00:00,B,4812,1D25218014010RXPCT,2026-04-25 15:00:00,2026-04-25 23:00:00,42,23.0,0,Continuity (2-mould press)
2026-04-25 00:00:00,C,4812,1D25218014010RXPCT,2026-04-25 23:00:00,2026-04-26 07:00:00,42,23.0,0,Continuity (2-mould press)
2026-04-26 00:00:00,A,4812,1D25218014010RXPCT,2026-04-26 07:00:00,2026-04-26 15:00:00,42,23.0,0,Continuity (2-mould press)
2026-04-26 00:00:00,B,4812,1D25218014010RXPCT,2026-04-26 15:00:00,2026-04-26 23:00:00,42,23.0,0,Continuity (2-mould press)
2026-04-26 00:00:00,C,4812,1D25218014010RXPCT,2026-04-26 23:00:00,2026-04-27 07:00:00,42,23.0,0,Continuity (2-mould press)
2026-04-27 00:00:00,A,4812,1D25218014010RXPCT,2026-04-27 07:00:00,2026-04-27 15:00:00,42,23.0,0,Continuity (2-mould press)
2026-04-27 00:00:00,B,4812,1D25218014010RXPCT,2026-04-27 15:00:00,2026-04-27 23:00:00,42,23.0,0,Continuity (2-mould press)
2026-04-27 00:00:00,C,4812,1D25218014010RXPCT,2026-04-27 23:00:00,2026-04-28 07:00:00,42,23.0,0,Continuity (2-mould press)
2026-04-28 00:00:00,A,4812,1D25218014010RXPCT,2026-04-28 07:00:00,2026-04-28 15:00:00,42,23.0,0,Continuity (2-mould press)
2026-04-28 00:00:00,B,4812,1D25218014010RXPCT,2026-04-28 15:00:00,2026-04-28 23:00:00,42,23.0,0,Continuity (2-mould press)
2026-04-28 00:00:00,C,4812,1D25218014010RXPCT,2026-04-28 23:00:00,2026-04-29 07:00:00,42,23.0,0,Continuity (2-mould press)
2026-04-29 00:00:00,A,4812,1D25218014010RXPCT,2026-04-29 07:00:00,2026-04-29 15:00:00,42,23.0,0,Continuity (2-mould press)
2026-04-29 00:00:00,B,4812,1D25218014010RXPCT,2026-04-29 15:00:00,2026-04-29 23:00:00,42,23.0,0,Continuity (2-mould press)
2026-04-29 00:00:00,C,4812,1D25218014010RXPCT,2026-04-29 23:00:00,2026-04-30 07:00:00,42,23.0,0,Continuity (2-mould press)
2026-04-30 00:00:00,A,4812,1D25218014010RXPCT,2026-04-30 07:00:00,2026-04-30 15:00:00,42,23.0,0,Continuity (2-mould press)
2026-04-30 00:00:00,B,4812,1D25218014010RXPCT,2026-04-30 15:00:00,2026-04-30 23:00:00,42,23.0,0,Continuity (2-mould press)
2026-04-30 00:00:00,C,4812,1D25218014010RXPCT,2026-04-30 23:00:00,2026-05-01 07:00:00,42,23.0,0,Continuity (2-mould press)
2026-05-01 00:00:00,A,4812,1D25218014010RXPCT,2026-05-01 07:00:00,2026-05-01 15:00:00,42,23.0,0,Continuity (2-mould press)
2026-05-01 00:00:00,B,4812,1D25218014010RXPCT,2026-05-01 15:00:00,2026-05-01 23:00:00,42,23.0,0,Continuity (2-mould press)
2026-05-01 00:00:00,C,4812,1D25218014010RXPCT,2026-05-01 23:00:00,2026-05-02 07:00:00,42,23.0,0,Continuity (2-mould press)
2026-05-02 00:00:00,A,4812,1D25218014010RXPCT,2026-05-02 07:00:00,2026-05-02 15:00:00,42,23.0,0,Continuity (2-mould press)
2026-05-02 00:00:00,B,4812,1D25218014010RXPCT,2026-05-02 15:00:00,2026-05-02 23:00:00,42,23.0,0,Continuity (2-mould press)
2026-05-02 00:00:00,C,4812,1D25218014010RXPCT,2026-05-02 23:00:00,2026-05-03 07:00:00,42,23.0,0,Continuity (2-mould press)
2026-04-03 00:00:00,A,4813,1D25218014010RXPCT,2026-04-03 07:00:00,2026-04-03 15:00:00,42,23.0,0,Continuity (2-mould press)
2026-04-03 00:00:00,B,4813,1D25218014010RXPCT,2026-04-03 15:00:00,2026-04-03 23:00:00,42,23.0,0,Continuity (2-mould press)
2026-04-03 00:00:00,C,4813,1D25218014010RXPCT,2026-04-03 23:00:00,2026-04-04 07:00:00,42,23.0,0,Continuity (2-mould press)
2026-04-04 00:00:00,A,4813,1D25218014010RXPCT,2026-04-04 07:00:00,2026-04-04 15:00:00,42,23.0,0,Continuity (2-mould press)
2026-04-04 00:00:00,B,4813,1D25218014010RXPCT,2026-04-04 15:00:00,2026-04-04 23:00:00,42,23.0,0,Continuity (2-mould press)
2026-04-04 00:00:00,C,4813,1D25218014010RXPCT,2026-04-04 23:00:00,2026-04-05 07:00:00,42,23.0,0,Continuity (2-mould press)
2026-04-05 00:00:00,A,4813,1D25218014010RXPCT,2026-04-05 07:00:00,2026-04-05 15:00:00,42,23.0,0,Continuity (2-mould press)
2026-04-05 00:00:00,B,4813,1D25218014010RXPCT,2026-04-05 15:00:00,2026-04-05 23:00:00,42,23.0,0,Continuity (2-mould press)
2026-04-05 00:00:00,C,4813,1D25218014010RXPCT,2026-04-05 23:00:00,2026-04-06 07:00:00,42,23.0,0,Continuity (2-mould press)
2026-04-06 00:00:00,A,4813,1D25218014010RXPCT,2026-04-06 07:00:00,2026-04-06 15:00:00,42,23.0,0,Continuity (2-mould press)
2026-04-06 00:00:00,B,4813,1D25218014010RXPCT,2026-04-06 15:00:00,2026-04-06 23:00:00,42,23.0,0,Continuity (2-mould press)
2026-04-06 00:00:00,C,4813,1D25218014010RXPCT,2026-04-06 23:00:00,2026-04-07 07:00:00,42,23.0,0,Continuity (2-mould press)
2026-04-07 00:00:00,A,4813,1D25218014010RXPCT,2026-04-07 07:00:00,2026-04-07 15:00:00,42,23.0,0,Continuity (2-mould press)
2026-04-07 00:00:00,B,4813,1D25218014010RXPCT,2026-04-07 15:00:00,2026-04-07 23:00:00,42,23.0,0,Continuity (2-mould press)
2026-04-07 00:00:00,C,4813,1D25218014010RXPCT,2026-04-07 23:00:00,2026-04-08 07:00:00,42,23.0,0,Continuity (2-mould press)
2026-04-08 00:00:00,A,4813,1D25218014010RXPCT,2026-04-08 07:00:00,2026-04-08 15:00:00,42,23.0,0,Continuity (2-mould press)
2026-04-08 00:00:00,B,4813,1D25218014010RXPCT,2026-04-08 15:00:00,2026-04-08 23:00:00,42,23.0,0,Continuity (2-mould press)
2026-04-08 00:00:00,C,4813,1D25218014010RXPCT,2026-04-08 23:00:00,2026-04-09 07:00:00,42,23.0,0,Continuity (2-mould press)
2026-04-09 00:00:00,A,4813,1D25218014010RXPCT,2026-04-09 07:00:00,2026-04-09 15:00:00,42,23.0,0,Continuity (2-mould press)
2026-04-09 00:00:00,B,4813,1D25218014010RXPCT,2026-04-09 15:00:00,2026-04-09 23:00:00,42,23.0,0,Continuity (2-mould press)
2026-04-09 00:00:00,C,4813,1D25218014010RXPCT,2026-04-09 23:00:00,2026-04-10 07:00:00,42,23.0,0,Continuity (2-mould press)
2026-04-10 00:00:00,A,4813,1D25218014010RXPCT,2026-04-10 07:00:00,2026-04-10 15:00:00,42,23.0,0,Continuity (2-mould press)
2026-04-10 00:00:00,B,4813,1D25218014010RXPCT,2026-04-10 15:00:00,2026-04-10 23:00:00,42,23.0,0,Continuity (2-mould press)
2026-04-10 00:00:00,C,4813,1D25218014010RXPCT,2026-04-10 23:00:00,2026-04-11 07:00:00,42,23.0,0,Continuity (2-mould press)
2026-04-11 00:00:00,A,4813,1D25218014010RXPCT,2026-04-11 07:00:00,2026-04-11 15:00:00,42,23.0,0,Continuity (2-mould press)
2026-04-11 00:00:00,B,4813,1D25218014010RXPCT,2026-04-11 15:00:00,2026-04-11 23:00:00,42,23.0,0,Continuity (2-mould press)
2026-04-11 00:00:00,C,4813,1D25218014010RXPCT,2026-04-11 23:00:00,2026-04-12 07:00:00,42,23.0,0,Continuity (2-mould press)
2026-04-12 00:00:00,A,4813,1D25218014010RXPCT,2026-04-12 07:00:00,2026-04-12 15:00:00,42,23.0,0,Continuity (2-mould press)
2026-04-12 00:00:00,B,4813,1D25218014010RXPCT,2026-04-12 15:00:00,2026-04-12 23:00:00,42,23.0,0,Continuity (2-mould press)
2026-04-12 00:00:00,C,4813,1D25218014010RXPCT,2026-04-12 23:00:00,2026-04-13 07:00:00,42,23.0,0,Continuity (2-mould press)
2026-04-13 00:00:00,A,4813,1D25218014010RXPCT,2026-04-13 07:00:00,2026-04-13 15:00:00,42,23.0,0,Continuity (2-mould press)
2026-04-13 00:00:00,B,4813,1D25218014010RXPCT,2026-04-13 15:00:00,2026-04-13 23:00:00,42,23.0,0,Continuity (2-mould press)
2026-04-13 00:00:00,C,4813,1D25218014010RXPCT,2026-04-13 23:00:00,2026-04-14 07:00:00,42,23.0,0,Continuity (2-mould press)
2026-04-14 00:00:00,A,4813,1D25218014010RXPCT,2026-04-14 07:00:00,2026-04-14 15:00:00,42,23.0,0,Continuity (2-mould press)
2026-04-14 00:00:00,B,4813,1D25218014010RXPCT,2026-04-14 15:00:00,2026-04-14 23:00:00,42,23.0,0,Continuity (2-mould press)
2026-04-14 00:00:00,C,4813,1D25218014010RXPCT,2026-04-14 23:00:00,2026-04-15 07:00:00,42,23.0,0,Continuity (2-mould press)
2026-04-15 00:00:00,A,4813,1D25218014010RXPCT,2026-04-15 07:00:00,2026-04-15 15:00:00,42,23.0,0,Continuity (2-mould press)
2026-04-15 00:00:00,B,4813,1D25218014010RXPCT,2026-04-15 15:00:00,2026-04-15 23:00:00,42,23.0,0,Continuity (2-mould press)
2026-04-15 00:00:00,C,4813,1D25218014010RXPCT,2026-04-15 23:00:00,2026-04-16 07:00:00,42,23.0,0,Continuity (2-mould press)
2026-04-16 00:00:00,A,4813,1D25218014010RXPCT,2026-04-16 07:00:00,2026-04-16 15:00:00,42,23.0,0,Continuity (2-mould press)
2026-04-16 00:00:00,B,4813,1D25218014010RXPCT,2026-04-16 15:00:00,2026-04-16 23:00:00,42,23.0,0,Continuity (2-mould press)
2026-04-16 00:00:00,C,4813,1D25218014010RXPCT,2026-04-16 23:00:00,2026-04-17 07:00:00,42,23.0,0,Continuity (2-mould press)
2026-04-17 00:00:00,A,4813,1D25218014010RXPCT,2026-04-17 07:00:00,2026-04-17 15:00:00,42,23.0,0,Continuity (2-mould press)
2026-04-17 00:00:00,B,4813,1D25218014010RXPCT,2026-04-17 15:00:00,2026-04-17 23:00:00,42,23.0,0,Continuity (2-mould press)
2026-04-17 00:00:00,C,4813,1D25218014010RXPCT,2026-04-17 23:00:00,2026-04-18 07:00:00,42,23.0,0,Continuity (2-mould press)
2026-04-18 00:00:00,A,4813,1D25218014010RXPCT,2026-04-18 07:00:00,2026-04-18 15:00:00,42,23.0,0,Continuity (2-mould press)
2026-04-18 00:00:00,B,4813,1D25218014010RXPCT,2026-04-18 15:00:00,2026-04-18 23:00:00,42,23.0,0,Continuity (2-mould press)
2026-04-18 00:00:00,C,4813,1D25218014010RXPCT,2026-04-18 23:00:00,2026-04-19 07:00:00,42,23.0,0,Continuity (2-mould press)
2026-04-19 00:00:00,A,4813,1D25218014010RXPCT,2026-04-19 07:00:00,2026-04-19 15:00:00,42,23.0,0,Continuity (2-mould press)
2026-04-19 00:00:00,B,4813,1D25218014010RXPCT,2026-04-19 15:00:00,2026-04-19 23:00:00,42,23.0,0,Continuity (2-mould press)
2026-04-19 00:00:00,C,4813,1D25218014010RXPCT,2026-04-19 23:00:00,2026-04-20 07:00:00,42,23.0,0,Continuity (2-mould press)
2026-04-20 00:00:00,A,4813,1D25218014010RXPCT,2026-04-20 07:00:00,2026-04-20 15:00:00,42,23.0,0,Continuity (2-mould press)
2026-04-20 00:00:00,B,4813,1D25218014010RXPCT,2026-04-20 15:00:00,2026-04-20 23:00:00,42,23.0,0,Continuity (2-mould press)
2026-04-20 00:00:00,C,4813,1D25218014010RXPCT,2026-04-20 23:00:00,2026-04-21 07:00:00,42,23.0,0,Continuity (2-mould press)
2026-04-21 00:00:00,A,4813,1D25218014010RXPCT,2026-04-21 07:00:00,2026-04-21 15:00:00,42,23.0,0,Continuity (2-mould press)
2026-04-21 00:00:00,B,4813,1D25218014010RXPCT,2026-04-21 15:00:00,2026-04-21 23:00:00,42,23.0,0,Continuity (2-mould press)
2026-04-21 00:00:00,C,4813,1D25218014010RXPCT,2026-04-21 23:00:00,2026-04-22 07:00:00,42,23.0,0,Continuity (2-mould press)
2026-04-22 00:00:00,A,4813,1D25218014010RXPCT,2026-04-22 07:00:00,2026-04-22 15:00:00,42,23.0,0,Continuity (2-mould press)
2026-04-22 00:00:00,B,4813,1D25218014010RXPCT,2026-04-22 15:00:00,2026-04-22 23:00:00,42,23.0,0,Continuity (2-mould press)
2026-04-22 00:00:00,C,4813,1D25218014010RXPCT,2026-04-22 23:00:00,2026-04-23 07:00:00,42,23.0,0,Continuity (2-mould press)
2026-04-23 00:00:00,A,4813,1D25218014010RXPCT,2026-04-23 07:00:00,2026-04-23 15:00:00,42,23.0,0,Continuity (2-mould press)
2026-04-23 00:00:00,B,4813,1D25218014010RXPCT,2026-04-23 15:00:00,2026-04-23 23:00:00,42,23.0,0,Continuity (2-mould press)
2026-04-23 00:00:00,C,4813,1D25218014010RXPCT,2026-04-23 23:00:00,2026-04-24 07:00:00,42,23.0,0,Continuity (2-mould press)
2026-04-24 00:00:00,A,4813,1D25218014010RXPCT,2026-04-24 07:00:00,2026-04-24 15:00:00,42,23.0,0,Continuity (2-mould press)
2026-04-24 00:00:00,B,4813,1D25218014010RXPCT,2026-04-24 15:00:00,2026-04-24 23:00:00,42,23.0,0,Continuity (2-mould press)
2026-04-24 00:00:00,C,4813,1D25218014010RXPCT,2026-04-24 23:00:00,2026-04-25 07:00:00,42,23.0,0,Continuity (2-mould press)
2026-04-25 00:00:00,A,4813,1D25218014010RXPCT,2026-04-25 07:00:00,2026-04-25 15:00:00,42,23.0,0,Continuity (2-mould press)
2026-04-25 00:00:00,B,4813,1D25218014010RXPCT,2026-04-25 15:00:00,2026-04-25 23:00:00,42,23.0,0,Continuity (2-mould press)
2026-04-25 00:00:00,C,4813,1D25218014010RXPCT,2026-04-25 23:00:00,2026-04-26 07:00:00,42,23.0,0,Continuity (2-mould press)
2026-04-26 00:00:00,A,4813,1D25218014010RXPCT,2026-04-26 07:00:00,2026-04-26 15:00:00,42,23.0,0,Continuity (2-mould press)
2026-04-26 00:00:00,B,4813,1D25218014010RXPCT,2026-04-26 15:00:00,2026-04-26 23:00:00,42,23.0,0,Continuity (2-mould press)
2026-04-26 00:00:00,C,4813,1D25218014010RXPCT,2026-04-26 23:00:00,2026-04-27 07:00:00,42,23.0,0,Continuity (2-mould press)
2026-04-27 00:00:00,A,4813,1D25218014010RXPCT,2026-04-27 07:00:00,2026-04-27 15:00:00,42,23.0,0,Continuity (2-mould press)
2026-04-27 00:00:00,B,4813,1D25218014010RXPCT,2026-04-27 15:00:00,2026-04-27 23:00:00,42,23.0,0,Continuity (2-mould press)
2026-04-27 00:00:00,C,4813,1D25218014010RXPCT,2026-04-27 23:00:00,2026-04-28 07:00:00,42,23.0,0,Continuity (2-mould press)
2026-04-28 00:00:00,A,4813,1D25218014010RXPCT,2026-04-28 07:00:00,2026-04-28 15:00:00,42,23.0,0,Continuity (2-mould press)
2026-04-28 00:00:00,B,4813,1D25218014010RXPCT,2026-04-28 15:00:00,2026-04-28 23:00:00,42,23.0,0,Continuity (2-mould press)
2026-04-28 00:00:00,C,4813,1D25218014010RXPCT,2026-04-28 23:00:00,2026-04-29 07:00:00,42,23.0,0,Continuity (2-mould press)
2026-04-29 00:00:00,A,4813,1D25218014010RXPCT,2026-04-29 07:00:00,2026-04-29 15:00:00,42,23.0,0,Continuity (2-mould press)
2026-04-29 00:00:00,B,4813,1D25218014010RXPCT,2026-04-29 15:00:00,2026-04-29 23:00:00,42,23.0,0,Continuity (2-mould press)
2026-04-29 00:00:00,C,4813,1D25218014010RXPCT,2026-04-29 23:00:00,2026-04-30 07:00:00,42,23.0,0,Continuity (2-mould press)
2026-04-30 00:00:00,A,4813,1D25218014010RXPCT,2026-04-30 07:00:00,2026-04-30 15:00:00,42,23.0,0,Continuity (2-mould press)
2026-04-30 00:00:00,B,4813,1D25218014010RXPCT,2026-04-30 15:00:00,2026-04-30 23:00:00,42,23.0,0,Continuity (2-mould press)
2026-04-30 00:00:00,C,4813,1D25218014010RXPCT,2026-04-30 23:00:00,2026-05-01 06:36:00,40,23.0,0,Continuity (2-mould press)
2026-04-30 00:00:00,C,4813,MOULD_CLEAN,2026-05-01 06:36:00,2026-05-01 07:00:00,0,0.0,0,Mould cleaning (continuity)
2026-05-01 00:00:00,A,4813,MOULD_CLEAN,2026-05-01 07:00:00,2026-05-01 09:36:00,0,0.0,0,Mould cleaning (continuity)
2026-05-01 00:00:00,A,4813,1D25218014010RXPCT,2026-05-01 09:36:00,2026-05-01 15:00:00,28,23.0,0,Continuity (2-mould press)
2026-05-01 00:00:00,B,4813,1D25218014010RXPCT,2026-05-01 15:00:00,2026-05-01 23:00:00,42,23.0,0,Continuity (2-mould press)
2026-05-01 00:00:00,C,4813,1D25218014010RXPCT,2026-05-01 23:00:00,2026-05-02 07:00:00,42,23.0,0,Continuity (2-mould press)
2026-05-02 00:00:00,A,4813,1D25218014010RXPCT,2026-05-02 07:00:00,2026-05-02 15:00:00,42,23.0,0,Continuity (2-mould press)
2026-05-02 00:00:00,B,4813,1D25218014010RXPCT,2026-05-02 15:00:00,2026-05-02 23:00:00,42,23.0,0,Continuity (2-mould press)
2026-05-02 00:00:00,C,4813,1D25218014010RXPCT,2026-05-02 23:00:00,2026-05-03 07:00:00,42,23.0,0,Continuity (2-mould press)
2026-04-03 00:00:00,A,4814,1D25215013008SXC10,2026-04-03 07:00:00,2026-04-03 15:00:00,51,19.0,0,Continuity (2-mould press)
2026-04-03 00:00:00,B,4814,1D25215013008SXC10,2026-04-03 15:00:00,2026-04-03 23:00:00,51,19.0,0,Continuity (2-mould press)
2026-04-03 00:00:00,C,4814,1D25215013008SXC10,2026-04-03 23:00:00,2026-04-04 07:00:00,51,19.0,0,Continuity (2-mould press)
2026-04-04 00:00:00,A,4814,1D25215013008SXC10,2026-04-04 07:00:00,2026-04-04 15:00:00,51,19.0,0,Continuity (2-mould press)
2026-04-04 00:00:00,B,4814,1D25215013008SXC10,2026-04-04 15:00:00,2026-04-04 23:00:00,51,19.0,0,Continuity (2-mould press)
2026-04-04 00:00:00,C,4814,1D25215013008SXC10,2026-04-04 23:00:00,2026-04-05 07:00:00,51,19.0,0,Continuity (2-mould press)
2026-04-05 00:00:00,A,4814,1D25215013008SXC10,2026-04-05 07:00:00,2026-04-05 15:00:00,51,19.0,0,Continuity (2-mould press)
2026-04-05 00:00:00,B,4814,1D25215013008SXC10,2026-04-05 15:00:00,2026-04-05 23:00:00,51,19.0,0,Continuity (2-mould press)
2026-04-05 00:00:00,C,4814,1D25215013008SXC10,2026-04-05 23:00:00,2026-04-06 07:00:00,51,19.0,0,Continuity (2-mould press)
2026-04-06 00:00:00,A,4814,1D25215013008SXC10,2026-04-06 07:00:00,2026-04-06 15:00:00,51,19.0,0,Continuity (2-mould press)
2026-04-06 00:00:00,B,4814,1D25215013008SXC10,2026-04-06 15:00:00,2026-04-06 23:00:00,51,19.0,0,Continuity (2-mould press)
2026-04-06 00:00:00,C,4814,1D25215013008SXC10,2026-04-06 23:00:00,2026-04-07 07:00:00,51,19.0,0,Continuity (2-mould press)
2026-04-07 00:00:00,A,4814,1D25215013008SXC10,2026-04-07 07:00:00,2026-04-07 15:00:00,51,19.0,0,Continuity (2-mould press)
2026-04-07 00:00:00,B,4814,1D25215013008SXC10,2026-04-07 15:00:00,2026-04-07 23:00:00,51,19.0,0,Continuity (2-mould press)
2026-04-07 00:00:00,C,4814,1D25215013008SXC10,2026-04-07 23:00:00,2026-04-08 07:00:00,51,19.0,0,Continuity (2-mould press)
2026-04-08 00:00:00,A,4814,1D25215013008SXC10,2026-04-08 07:00:00,2026-04-08 15:00:00,51,19.0,0,Continuity (2-mould press)
2026-04-08 00:00:00,B,4814,1D25215013008SXC10,2026-04-08 15:00:00,2026-04-08 23:00:00,51,19.0,0,Continuity (2-mould press)
2026-04-08 00:00:00,C,4814,1D25215013008SXC10,2026-04-08 23:00:00,2026-04-09 07:00:00,51,19.0,0,Continuity (2-mould press)
2026-04-09 00:00:00,A,4814,1D25215013008SXC10,2026-04-09 07:00:00,2026-04-09 15:00:00,51,19.0,0,Continuity (2-mould press)
2026-04-09 00:00:00,B,4814,1D25215013008SXC10,2026-04-09 15:00:00,2026-04-09 23:00:00,51,19.0,0,Continuity (2-mould press)
2026-04-09 00:00:00,C,4814,1D25215013008SXC10,2026-04-09 23:00:00,2026-04-10 07:00:00,51,19.0,0,Continuity (2-mould press)
2026-04-10 00:00:00,A,4814,1D25215013008SXC10,2026-04-10 07:00:00,2026-04-10 15:00:00,51,19.0,0,Continuity (2-mould press)
2026-04-10 00:00:00,B,4814,1D25215013008SXC10,2026-04-10 15:00:00,2026-04-10 23:00:00,51,19.0,0,Continuity (2-mould press)
2026-04-10 00:00:00,C,4814,1D25215013008SXC10,2026-04-10 23:00:00,2026-04-11 07:00:00,51,19.0,0,Continuity (2-mould press)
2026-04-11 00:00:00,A,4814,1D25215013008SXC10,2026-04-11 07:00:00,2026-04-11 15:00:00,51,19.0,0,Continuity (2-mould press)
2026-04-11 00:00:00,B,4814,1D25215013008SXC10,2026-04-11 15:00:00,2026-04-11 23:00:00,51,19.0,0,Continuity (2-mould press)
2026-04-11 00:00:00,C,4814,1D25215013008SXC10,2026-04-11 23:00:00,2026-04-12 07:00:00,51,19.0,0,Continuity (2-mould press)
2026-04-12 00:00:00,A,4814,1D25215013008SXC10,2026-04-12 07:00:00,2026-04-12 15:00:00,51,19.0,0,Continuity (2-mould press)
2026-04-12 00:00:00,B,4814,1D25215013008SXC10,2026-04-12 15:00:00,2026-04-12 23:00:00,51,19.0,0,Continuity (2-mould press)
2026-04-12 00:00:00,C,4814,1D25215013008SXC10,2026-04-12 23:00:00,2026-04-13 07:00:00,51,19.0,0,Continuity (2-mould press)
2026-04-13 00:00:00,A,4814,1D25215013008SXC10,2026-04-13 07:00:00,2026-04-13 15:00:00,51,19.0,0,Continuity (2-mould press)
2026-04-13 00:00:00,B,4814,1D25215013008SXC10,2026-04-13 15:00:00,2026-04-13 23:00:00,51,19.0,0,Continuity (2-mould press)
2026-04-13 00:00:00,C,4814,1D25215013008SXC10,2026-04-13 23:00:00,2026-04-14 07:00:00,51,19.0,0,Continuity (2-mould press)
2026-04-14 00:00:00,A,4814,1D25215013008SXC10,2026-04-14 07:00:00,2026-04-14 15:00:00,51,19.0,0,Continuity (2-mould press)
2026-04-14 00:00:00,B,4814,1D25215013008SXC10,2026-04-14 15:00:00,2026-04-14 23:00:00,51,19.0,0,Continuity (2-mould press)
2026-04-14 00:00:00,C,4814,1D25215013008SXC10,2026-04-14 23:00:00,2026-04-15 07:00:00,51,19.0,0,Continuity (2-mould press)
2026-04-15 00:00:00,A,4814,1D25215013008SXC10,2026-04-15 07:00:00,2026-04-15 15:00:00,51,19.0,0,Continuity (2-mould press)
2026-04-15 00:00:00,B,4814,1D25215013008SXC10,2026-04-15 15:00:00,2026-04-15 23:00:00,51,19.0,0,Continuity (2-mould press)
2026-04-15 00:00:00,C,4814,1D25215013008SXC10,2026-04-15 23:00:00,2026-04-16 07:00:00,51,19.0,0,Continuity (2-mould press)
2026-04-16 00:00:00,A,4814,1D25215013008SXC10,2026-04-16 07:00:00,2026-04-16 15:00:00,51,19.0,0,Continuity (2-mould press)
2026-04-16 00:00:00,B,4814,1D25215013008SXC10,2026-04-16 15:00:00,2026-04-16 23:00:00,51,19.0,0,Continuity (2-mould press)
2026-04-16 00:00:00,C,4814,1D25215013008SXC10,2026-04-16 23:00:00,2026-04-17 07:00:00,51,19.0,0,Continuity (2-mould press)
2026-04-17 00:00:00,A,4814,1D25215013008SXC10,2026-04-17 07:00:00,2026-04-17 15:00:00,51,19.0,0,Continuity (2-mould press)
2026-04-17 00:00:00,B,4814,1D25215013008SXC10,2026-04-17 15:00:00,2026-04-17 23:00:00,51,19.0,0,Continuity (2-mould press)
2026-04-17 00:00:00,C,4814,1D25215013008SXC10,2026-04-17 23:00:00,2026-04-18 07:00:00,51,19.0,0,Continuity (2-mould press)
2026-04-18 00:00:00,A,4814,1D25215013008SXC10,2026-04-18 07:00:00,2026-04-18 15:00:00,51,19.0,0,Continuity (2-mould press)
2026-04-18 00:00:00,B,4814,1D25215013008SXC10,2026-04-18 15:00:00,2026-04-18 23:00:00,51,19.0,0,Continuity (2-mould press)
2026-04-18 00:00:00,C,4814,1D25215013008SXC10,2026-04-18 23:00:00,2026-04-19 07:00:00,51,19.0,0,Continuity (2-mould press)
2026-04-19 00:00:00,A,4814,1D25215013008SXC10,2026-04-19 07:00:00,2026-04-19 15:00:00,51,19.0,0,Continuity (2-mould press)
2026-04-19 00:00:00,B,4814,1D25215013008SXC10,2026-04-19 15:00:00,2026-04-19 23:00:00,51,19.0,0,Continuity (2-mould press)
2026-04-19 00:00:00,C,4814,1D25215013008SXC10,2026-04-19 23:00:00,2026-04-20 07:00:00,51,19.0,0,Continuity (2-mould press)
2026-04-20 00:00:00,A,4814,1D25215013008SXC10,2026-04-20 07:00:00,2026-04-20 15:00:00,51,19.0,0,Continuity (2-mould press)
2026-04-20 00:00:00,B,4814,1D25215013008SXC10,2026-04-20 15:00:00,2026-04-20 23:00:00,51,19.0,0,Continuity (2-mould press)
2026-04-20 00:00:00,C,4814,1D25215013008SXC10,2026-04-20 23:00:00,2026-04-21 07:00:00,51,19.0,0,Continuity (2-mould press)
2026-04-21 00:00:00,A,4814,1D25215013008SXC10,2026-04-21 07:00:00,2026-04-21 15:00:00,51,19.0,0,Continuity (2-mould press)
2026-04-21 00:00:00,B,4814,1D25215013008SXC10,2026-04-21 15:00:00,2026-04-21 23:00:00,51,19.0,0,Continuity (2-mould press)
2026-04-21 00:00:00,C,4814,1D25215013008SXC10,2026-04-21 23:00:00,2026-04-22 07:00:00,51,19.0,0,Continuity (2-mould press)
2026-04-22 00:00:00,A,4814,1D25215013008SXC10,2026-04-22 07:00:00,2026-04-22 15:00:00,51,19.0,0,Continuity (2-mould press)
2026-04-22 00:00:00,B,4814,1D25215013008SXC10,2026-04-22 15:00:00,2026-04-22 23:00:00,51,19.0,0,Continuity (2-mould press)
2026-04-22 00:00:00,C,4814,1D25215013008SXC10,2026-04-22 23:00:00,2026-04-23 07:00:00,51,19.0,0,Continuity (2-mould press)
2026-04-23 00:00:00,A,4814,1D25215013008SXC10,2026-04-23 07:00:00,2026-04-23 15:00:00,51,19.0,0,Continuity (2-mould press)
2026-04-23 00:00:00,B,4814,1D25215013008SXC10,2026-04-23 15:00:00,2026-04-23 23:00:00,51,19.0,0,Continuity (2-mould press)
2026-04-23 00:00:00,C,4814,1D25215013008SXC10,2026-04-23 23:00:00,2026-04-24 07:00:00,51,19.0,0,Continuity (2-mould press)
2026-04-24 00:00:00,A,4814,1D25215013008SXC10,2026-04-24 07:00:00,2026-04-24 15:00:00,51,19.0,0,Continuity (2-mould press)
2026-04-24 00:00:00,B,4814,1D25215013008SXC10,2026-04-24 15:00:00,2026-04-24 23:00:00,51,19.0,0,Continuity (2-mould press)
2026-04-24 00:00:00,C,4814,1D25215013008SXC10,2026-04-24 23:00:00,2026-04-25 07:00:00,51,19.0,0,Continuity (2-mould press)
2026-04-25 00:00:00,A,4814,1D25215013008SXC10,2026-04-25 07:00:00,2026-04-25 15:00:00,51,19.0,0,Continuity (2-mould press)
2026-04-25 00:00:00,B,4814,1D25215013008SXC10,2026-04-25 15:00:00,2026-04-25 23:00:00,51,19.0,0,Continuity (2-mould press)
2026-04-25 00:00:00,C,4814,1D25215013008SXC10,2026-04-25 23:00:00,2026-04-26 07:00:00,51,19.0,0,Continuity (2-mould press)
2026-04-26 00:00:00,A,4814,1D25215013008SXC10,2026-04-26 07:00:00,2026-04-26 15:00:00,51,19.0,0,Continuity (2-mould press)
2026-04-26 00:00:00,B,4814,1D25215013008SXC10,2026-04-26 15:00:00,2026-04-26 23:00:00,51,19.0,0,Continuity (2-mould press)
2026-04-26 00:00:00,C,4814,1D25215013008SXC10,2026-04-26 23:00:00,2026-04-27 07:00:00,51,19.0,0,Continuity (2-mould press)
2026-04-27 00:00:00,A,4814,1D25215013008SXC10,2026-04-27 07:00:00,2026-04-27 15:00:00,51,19.0,0,Continuity (2-mould press)
2026-04-27 00:00:00,B,4814,1D25215013008SXC10,2026-04-27 15:00:00,2026-04-27 23:00:00,51,19.0,0,Continuity (2-mould press)
2026-04-27 00:00:00,C,4814,1D25215013008SXC10,2026-04-27 23:00:00,2026-04-28 07:00:00,51,19.0,0,Continuity (2-mould press)
2026-04-28 00:00:00,A,4814,1D25215013008SXC10,2026-04-28 07:00:00,2026-04-28 15:00:00,51,19.0,0,Continuity (2-mould press)
2026-04-28 00:00:00,B,4814,1D25215013008SXC10,2026-04-28 15:00:00,2026-04-28 23:00:00,51,19.0,0,Continuity (2-mould press)
2026-04-28 00:00:00,C,4814,1D25215013008SXC10,2026-04-28 23:00:00,2026-04-29 07:00:00,51,19.0,0,Continuity (2-mould press)
2026-04-29 00:00:00,A,4814,1D25215013008SXC10,2026-04-29 07:00:00,2026-04-29 15:00:00,51,19.0,0,Continuity (2-mould press)
2026-04-29 00:00:00,B,4814,1D25215013008SXC10,2026-04-29 15:00:00,2026-04-29 23:00:00,51,19.0,0,Continuity (2-mould press)
2026-04-29 00:00:00,C,4814,1D25215013008SXC10,2026-04-29 23:00:00,2026-04-30 05:38:00,42,19.0,0,Continuity (2-mould press)
2026-04-03 00:00:00,A,4815,1325219416089VRHE0,2026-04-03 07:00:00,2026-04-03 15:00:00,56,17.0,0,Continuity (2-mould press)
2026-04-03 00:00:00,B,4815,1325219416089VRHE0,2026-04-03 15:00:00,2026-04-03 23:00:00,56,17.0,0,Continuity (2-mould press)
2026-04-03 00:00:00,C,4815,1325219416089VRHE0,2026-04-03 23:00:00,2026-04-04 07:00:00,56,17.0,0,Continuity (2-mould press)
2026-04-04 00:00:00,A,4815,1325219416089VRHE0,2026-04-04 07:00:00,2026-04-04 15:00:00,56,17.0,0,Continuity (2-mould press)
2026-04-04 00:00:00,B,4815,1325219416089VRHE0,2026-04-04 15:00:00,2026-04-04 23:00:00,56,17.0,0,Continuity (2-mould press)
2026-04-04 00:00:00,C,4815,1325219416089VRHE0,2026-04-04 23:00:00,2026-04-05 07:00:00,56,17.0,0,Continuity (2-mould press)
2026-04-05 00:00:00,A,4815,1325219416089VRHE0,2026-04-05 07:00:00,2026-04-05 15:00:00,56,17.0,0,Continuity (2-mould press)
2026-04-05 00:00:00,B,4815,1325219416089VRHE0,2026-04-05 15:00:00,2026-04-05 23:00:00,56,17.0,0,Continuity (2-mould press)
2026-04-05 00:00:00,C,4815,1325219416089VRHE0,2026-04-05 23:00:00,2026-04-06 07:00:00,56,17.0,0,Continuity (2-mould press)
2026-04-06 00:00:00,A,4815,1325219416089VRHE0,2026-04-06 07:00:00,2026-04-06 15:00:00,56,17.0,0,Continuity (2-mould press)
2026-04-06 00:00:00,B,4815,1325219416089VRHE0,2026-04-06 15:00:00,2026-04-06 23:00:00,56,17.0,0,Continuity (2-mould press)
2026-04-06 00:00:00,C,4815,1325219416089VRHE0,2026-04-06 23:00:00,2026-04-07 07:00:00,56,17.0,0,Continuity (2-mould press)
2026-04-07 00:00:00,A,4815,1325219416089VRHE0,2026-04-07 07:00:00,2026-04-07 15:00:00,56,17.0,0,Continuity (2-mould press)
2026-04-07 00:00:00,B,4815,1325219416089VRHE0,2026-04-07 15:00:00,2026-04-07 23:00:00,56,17.0,0,Continuity (2-mould press)
2026-04-07 00:00:00,C,4815,1325219416089VRHE0,2026-04-07 23:00:00,2026-04-08 07:00:00,56,17.0,0,Continuity (2-mould press)
2026-04-08 00:00:00,A,4815,1325219416089VRHE0,2026-04-08 07:00:00,2026-04-08 15:00:00,56,17.0,0,Continuity (2-mould press)
2026-04-08 00:00:00,B,4815,1325219416089VRHE0,2026-04-08 15:00:00,2026-04-08 23:00:00,56,17.0,0,Continuity (2-mould press)
2026-04-08 00:00:00,C,4815,1325219416089VRHE0,2026-04-08 23:00:00,2026-04-09 07:00:00,56,17.0,0,Continuity (2-mould press)
2026-04-09 00:00:00,A,4815,1325219416089VRHE0,2026-04-09 07:00:00,2026-04-09 14:01:00,50,17.0,0,Continuity (2-mould press)
2026-04-03 00:00:00,A,4816,1325221417096HURL0,2026-04-03 07:00:00,2026-04-03 15:00:00,60,16.0,0,Continuity (2-mould press)
2026-04-03 00:00:00,B,4816,1325221417096HURL0,2026-04-03 15:00:00,2026-04-03 23:00:00,60,16.0,0,Continuity (2-mould press)
2026-04-03 00:00:00,C,4816,1325221417096HURL0,2026-04-03 23:00:00,2026-04-04 07:00:00,60,16.0,0,Continuity (2-mould press)
2026-04-04 00:00:00,A,4816,1325221417096HURL0,2026-04-04 07:00:00,2026-04-04 15:00:00,60,16.0,0,Continuity (2-mould press)
2026-04-04 00:00:00,B,4816,1325221417096HURL0,2026-04-04 15:00:00,2026-04-04 23:00:00,60,16.0,0,Continuity (2-mould press)
2026-04-04 00:00:00,C,4816,1325221417096HURL0,2026-04-04 23:00:00,2026-04-05 07:00:00,60,16.0,0,Continuity (2-mould press)
2026-04-05 00:00:00,A,4816,1325221417096HURL0,2026-04-05 07:00:00,2026-04-05 15:00:00,60,16.0,0,Continuity (2-mould press)
2026-04-05 00:00:00,B,4816,1325221417096HURL0,2026-04-05 15:00:00,2026-04-05 23:00:00,60,16.0,0,Continuity (2-mould press)
2026-04-05 00:00:00,C,4816,1325221417096HURL0,2026-04-05 23:00:00,2026-04-06 07:00:00,60,16.0,0,Continuity (2-mould press)
2026-04-06 00:00:00,A,4816,1325221417096HURL0,2026-04-06 07:00:00,2026-04-06 15:00:00,60,16.0,0,Continuity (2-mould press)
2026-04-06 00:00:00,B,4816,1325221417096HURL0,2026-04-06 15:00:00,2026-04-06 23:00:00,60,16.0,0,Continuity (2-mould press)
2026-04-06 00:00:00,C,4816,1325221417096HURL0,2026-04-06 23:00:00,2026-04-07 07:00:00,60,16.0,0,Continuity (2-mould press)
2026-04-07 00:00:00,A,4816,1325221417096HURL0,2026-04-07 07:00:00,2026-04-07 15:00:00,60,16.0,0,Continuity (2-mould press)
2026-04-07 00:00:00,B,4816,1325221417096HURL0,2026-04-07 15:00:00,2026-04-07 23:00:00,60,16.0,0,Continuity (2-mould press)
2026-04-07 00:00:00,C,4816,1325221417096HURL0,2026-04-07 23:00:00,2026-04-08 07:00:00,60,16.0,0,Continuity (2-mould press)
2026-04-08 00:00:00,A,4816,1325221417096HURL0,2026-04-08 07:00:00,2026-04-08 15:00:00,60,16.0,0,Continuity (2-mould press)
2026-04-08 00:00:00,B,4816,1325221417096HURL0,2026-04-08 15:00:00,2026-04-08 23:00:00,60,16.0,0,Continuity (2-mould press)
2026-04-08 00:00:00,C,4816,1325221417096HURL0,2026-04-08 23:00:00,2026-04-09 07:00:00,60,16.0,0,Continuity (2-mould press)
2026-04-09 00:00:00,A,4816,1325221417096HURL0,2026-04-09 07:00:00,2026-04-09 15:00:00,60,16.0,0,Continuity (2-mould press)
2026-04-09 00:00:00,B,4816,1325221417096HURL0,2026-04-09 15:00:00,2026-04-09 23:00:00,60,16.0,0,Continuity (2-mould press)
2026-04-09 00:00:00,C,4816,1325221417096HURL0,2026-04-09 23:00:00,2026-04-10 07:00:00,60,16.0,0,Continuity (2-mould press)
2026-04-10 00:00:00,A,4816,1325221417096HURL0,2026-04-10 07:00:00,2026-04-10 15:00:00,60,16.0,0,Continuity (2-mould press)
2026-04-10 00:00:00,B,4816,1325221417096HURL0,2026-04-10 15:00:00,2026-04-10 23:00:00,60,16.0,0,Continuity (2-mould press)
2026-04-10 00:00:00,C,4816,1325221417096HURL0,2026-04-10 23:00:00,2026-04-11 07:00:00,60,16.0,0,Continuity (2-mould press)
2026-04-11 00:00:00,A,4816,1325221417096HURL0,2026-04-11 07:00:00,2026-04-11 15:00:00,60,16.0,0,Continuity (2-mould press)
2026-04-11 00:00:00,B,4816,1325221417096HURL0,2026-04-11 15:00:00,2026-04-11 23:00:00,60,16.0,0,Continuity (2-mould press)
2026-04-11 00:00:00,C,4816,1325221417096HURL0,2026-04-11 23:00:00,2026-04-12 07:00:00,60,16.0,0,Continuity (2-mould press)
2026-04-12 00:00:00,A,4816,1325221417096HURL0,2026-04-12 07:00:00,2026-04-12 15:00:00,60,16.0,0,Continuity (2-mould press)
2026-04-12 00:00:00,B,4816,1325221417096HURL0,2026-04-12 15:00:00,2026-04-12 23:00:00,60,16.0,0,Continuity (2-mould press)
2026-04-12 00:00:00,C,4816,1325221417096HURL0,2026-04-12 23:00:00,2026-04-13 07:00:00,60,16.0,0,Continuity (2-mould press)
2026-04-13 00:00:00,A,4816,1325221417096HURL0,2026-04-13 07:00:00,2026-04-13 15:00:00,60,16.0,0,Continuity (2-mould press)
2026-04-13 00:00:00,B,4816,1325221417096HURL0,2026-04-13 15:00:00,2026-04-13 23:00:00,60,16.0,0,Continuity (2-mould press)
2026-04-13 00:00:00,C,4816,1325221417096HURL0,2026-04-13 23:00:00,2026-04-14 07:00:00,60,16.0,0,Continuity (2-mould press)
2026-04-14 00:00:00,A,4816,1325221417096HURL0,2026-04-14 07:00:00,2026-04-14 15:00:00,60,16.0,0,Continuity (2-mould press)
2026-04-14 00:00:00,B,4816,1325221417096HURL0,2026-04-14 15:00:00,2026-04-14 23:00:00,60,16.0,0,Continuity (2-mould press)
2026-04-14 00:00:00,C,4816,1325221417096HURL0,2026-04-14 23:00:00,2026-04-15 07:00:00,60,16.0,0,Continuity (2-mould press)
2026-04-15 00:00:00,A,4816,1325221417096HURL0,2026-04-15 07:00:00,2026-04-15 15:00:00,60,16.0,0,Continuity (2-mould press)
2026-04-15 00:00:00,B,4816,1325221417096HURL0,2026-04-15 15:00:00,2026-04-15 23:00:00,60,16.0,0,Continuity (2-mould press)
2026-04-15 00:00:00,C,4816,1325221417096HURL0,2026-04-15 23:00:00,2026-04-16 07:00:00,60,16.0,0,Continuity (2-mould press)
2026-04-16 00:00:00,A,4816,1325221417096HURL0,2026-04-16 07:00:00,2026-04-16 10:44:00,28,16.0,0,Continuity (2-mould press)
2026-04-16 00:00:00,A,4816,MOULD_CLEAN,2026-04-16 10:44:00,2026-04-16 13:44:00,0,0.0,0,Mould cleaning (continuity)
2026-04-16 00:00:00,A,4816,1325221417096HURL0,2026-04-16 13:44:00,2026-04-16 15:00:00,10,16.0,0,Continuity (2-mould press)
2026-04-16 00:00:00,B,4816,1325221417096HURL0,2026-04-16 15:00:00,2026-04-16 23:00:00,60,16.0,0,Continuity (2-mould press)
2026-04-16 00:00:00,C,4816,1325221417096HURL0,2026-04-16 23:00:00,2026-04-17 07:00:00,60,16.0,0,Continuity (2-mould press)
2026-04-17 00:00:00,A,4816,1325221417096HURL0,2026-04-17 07:00:00,2026-04-17 15:00:00,60,16.0,0,Continuity (2-mould press)
2026-04-17 00:00:00,B,4816,1325221417096HURL0,2026-04-17 15:00:00,2026-04-17 23:00:00,60,16.0,0,Continuity (2-mould press)
2026-04-17 00:00:00,C,4816,1325221417096HURL0,2026-04-17 23:00:00,2026-04-18 07:00:00,60,16.0,0,Continuity (2-mould press)
2026-04-18 00:00:00,A,4816,1325221417096HURL0,2026-04-18 07:00:00,2026-04-18 15:00:00,60,16.0,0,Continuity (2-mould press)
2026-04-18 00:00:00,B,4816,1325221417096HURL0,2026-04-18 15:00:00,2026-04-18 23:00:00,60,16.0,0,Continuity (2-mould press)
2026-04-18 00:00:00,C,4816,1325221417096HURL0,2026-04-18 23:00:00,2026-04-19 07:00:00,60,16.0,0,Continuity (2-mould press)
2026-04-19 00:00:00,A,4816,1325221417096HURL0,2026-04-19 07:00:00,2026-04-19 15:00:00,60,16.0,0,Continuity (2-mould press)
2026-04-19 00:00:00,B,4816,1325221417096HURL0,2026-04-19 15:00:00,2026-04-19 23:00:00,60,16.0,0,Continuity (2-mould press)
2026-04-19 00:00:00,C,4816,1325221417096HURL0,2026-04-19 23:00:00,2026-04-20 07:00:00,60,16.0,0,Continuity (2-mould press)
2026-04-20 00:00:00,A,4816,1325221417096HURL0,2026-04-20 07:00:00,2026-04-20 15:00:00,60,16.0,0,Continuity (2-mould press)
2026-04-20 00:00:00,B,4816,1325221417096HURL0,2026-04-20 15:00:00,2026-04-20 23:00:00,60,16.0,0,Continuity (2-mould press)
2026-04-20 00:00:00,C,4816,1325221417096HURL0,2026-04-20 23:00:00,2026-04-21 07:00:00,60,16.0,0,Continuity (2-mould press)
2026-04-21 00:00:00,A,4816,1325221417096HURL0,2026-04-21 07:00:00,2026-04-21 15:00:00,60,16.0,0,Continuity (2-mould press)
2026-04-21 00:00:00,B,4816,1325221417096HURL0,2026-04-21 15:00:00,2026-04-21 23:00:00,60,16.0,0,Continuity (2-mould press)
2026-04-21 00:00:00,C,4816,1325221417096HURL0,2026-04-21 23:00:00,2026-04-22 07:00:00,60,16.0,0,Continuity (2-mould press)
2026-04-22 00:00:00,A,4816,1325221417096HURL0,2026-04-22 07:00:00,2026-04-22 15:00:00,60,16.0,0,Continuity (2-mould press)
2026-04-22 00:00:00,B,4816,1325221417096HURL0,2026-04-22 15:00:00,2026-04-22 23:00:00,60,16.0,0,Continuity (2-mould press)
2026-04-22 00:00:00,C,4816,1325221417096HURL0,2026-04-22 23:00:00,2026-04-23 07:00:00,60,16.0,0,Continuity (2-mould press)
2026-04-23 00:00:00,A,4816,1325221417096HURL0,2026-04-23 07:00:00,2026-04-23 15:00:00,60,16.0,0,Continuity (2-mould press)
2026-04-23 00:00:00,B,4816,1325221417096HURL0,2026-04-23 15:00:00,2026-04-23 23:00:00,60,16.0,0,Continuity (2-mould press)
2026-04-23 00:00:00,C,4816,1325221417096HURL0,2026-04-23 23:00:00,2026-04-24 07:00:00,60,16.0,0,Continuity (2-mould press)
2026-04-24 00:00:00,A,4816,1325221417096HURL0,2026-04-24 07:00:00,2026-04-24 15:00:00,60,16.0,0,Continuity (2-mould press)
2026-04-24 00:00:00,B,4816,1325221417096HURL0,2026-04-24 15:00:00,2026-04-24 23:00:00,60,16.0,0,Continuity (2-mould press)
2026-04-24 00:00:00,C,4816,1325221417096HURL0,2026-04-24 23:00:00,2026-04-25 07:00:00,60,16.0,0,Continuity (2-mould press)
2026-04-25 00:00:00,A,4816,1325221417096HURL0,2026-04-25 07:00:00,2026-04-25 15:00:00,60,16.0,0,Continuity (2-mould press)
2026-04-25 00:00:00,B,4816,1325221417096HURL0,2026-04-25 15:00:00,2026-04-25 23:00:00,60,16.0,0,Continuity (2-mould press)
2026-04-25 00:00:00,C,4816,1325221417096HURL0,2026-04-25 23:00:00,2026-04-26 07:00:00,60,16.0,0,Continuity (2-mould press)
2026-04-26 00:00:00,A,4816,1325221417096HURL0,2026-04-26 07:00:00,2026-04-26 15:00:00,60,16.0,0,Continuity (2-mould press)
2026-04-26 00:00:00,B,4816,1325221417096HURL0,2026-04-26 15:00:00,2026-04-26 23:00:00,60,16.0,0,Continuity (2-mould press)
2026-04-26 00:00:00,C,4816,1325221417096HURL0,2026-04-26 23:00:00,2026-04-27 07:00:00,60,16.0,0,Continuity (2-mould press)
2026-04-27 00:00:00,A,4816,1325221417096HURL0,2026-04-27 07:00:00,2026-04-27 15:00:00,60,16.0,0,Continuity (2-mould press)
2026-04-27 00:00:00,B,4816,1325221417096HURL0,2026-04-27 15:00:00,2026-04-27 23:00:00,60,16.0,0,Continuity (2-mould press)
2026-04-27 00:00:00,C,4816,1325221417096HURL0,2026-04-27 23:00:00,2026-04-28 07:00:00,60,16.0,0,Continuity (2-mould press)
2026-04-28 00:00:00,A,4816,1325221417096HURL0,2026-04-28 07:00:00,2026-04-28 15:00:00,60,16.0,0,Continuity (2-mould press)
2026-04-28 00:00:00,B,4816,1325221417096HURL0,2026-04-28 15:00:00,2026-04-28 23:00:00,60,16.0,0,Continuity (2-mould press)
2026-04-28 00:00:00,C,4816,1325221417096HURL0,2026-04-28 23:00:00,2026-04-29 07:00:00,60,16.0,0,Continuity (2-mould press)
2026-04-29 00:00:00,A,4816,1325221417096HURL0,2026-04-29 07:00:00,2026-04-29 15:00:00,60,16.0,0,Continuity (2-mould press)
2026-04-29 00:00:00,B,4816,1325221417096HURL0,2026-04-29 15:00:00,2026-04-29 19:36:00,34,16.0,0,Continuity (2-mould press)
2026-04-03 00:00:00,A,4817,1D25219Z14008SXC10,2026-04-03 07:00:00,2026-04-03 15:00:00,46,21.0,0,Continuity (2-mould press)
2026-04-03 00:00:00,B,4817,1D25219Z14008SXC10,2026-04-03 15:00:00,2026-04-03 23:00:00,46,21.0,0,Continuity (2-mould press)
2026-04-03 00:00:00,C,4817,1D25219Z14008SXC10,2026-04-03 23:00:00,2026-04-04 07:00:00,46,21.0,0,Continuity (2-mould press)
2026-04-04 00:00:00,A,4817,1D25219Z14008SXC10,2026-04-04 07:00:00,2026-04-04 15:00:00,46,21.0,0,Continuity (2-mould press)
2026-04-04 00:00:00,B,4817,1D25219Z14008SXC10,2026-04-04 15:00:00,2026-04-04 23:00:00,46,21.0,0,Continuity (2-mould press)
2026-04-04 00:00:00,C,4817,1D25219Z14008SXC10,2026-04-04 23:00:00,2026-04-05 06:57:00,45,21.0,0,Continuity (2-mould press)
2026-04-03 00:00:00,A,4818,1D25215013008SXC10,2026-04-03 07:00:00,2026-04-03 15:00:00,51,19.0,0,Continuity (2-mould press)
2026-04-03 00:00:00,B,4818,1D25215013008SXC10,2026-04-03 15:00:00,2026-04-03 23:00:00,51,19.0,0,Continuity (2-mould press)
2026-04-03 00:00:00,C,4818,1D25215013008SXC10,2026-04-03 23:00:00,2026-04-04 07:00:00,51,19.0,0,Continuity (2-mould press)
2026-04-04 00:00:00,A,4818,1D25215013008SXC10,2026-04-04 07:00:00,2026-04-04 15:00:00,51,19.0,0,Continuity (2-mould press)
2026-04-04 00:00:00,B,4818,1D25215013008SXC10,2026-04-04 15:00:00,2026-04-04 23:00:00,51,19.0,0,Continuity (2-mould press)
2026-04-04 00:00:00,C,4818,1D25215013008SXC10,2026-04-04 23:00:00,2026-04-05 07:00:00,51,19.0,0,Continuity (2-mould press)
2026-04-05 00:00:00,A,4818,1D25215013008SXC10,2026-04-05 07:00:00,2026-04-05 15:00:00,51,19.0,0,Continuity (2-mould press)
2026-04-05 00:00:00,B,4818,1D25215013008SXC10,2026-04-05 15:00:00,2026-04-05 23:00:00,51,19.0,0,Continuity (2-mould press)
2026-04-05 00:00:00,C,4818,1D25215013008SXC10,2026-04-05 23:00:00,2026-04-06 07:00:00,51,19.0,0,Continuity (2-mould press)
2026-04-06 00:00:00,A,4818,1D25215013008SXC10,2026-04-06 07:00:00,2026-04-06 15:00:00,51,19.0,0,Continuity (2-mould press)
2026-04-06 00:00:00,B,4818,1D25215013008SXC10,2026-04-06 15:00:00,2026-04-06 23:00:00,51,19.0,0,Continuity (2-mould press)
2026-04-06 00:00:00,C,4818,1D25215013008SXC10,2026-04-06 23:00:00,2026-04-07 07:00:00,51,19.0,0,Continuity (2-mould press)
2026-04-07 00:00:00,A,4818,1D25215013008SXC10,2026-04-07 07:00:00,2026-04-07 15:00:00,51,19.0,0,Continuity (2-mould press)
2026-04-07 00:00:00,B,4818,1D25215013008SXC10,2026-04-07 15:00:00,2026-04-07 23:00:00,51,19.0,0,Continuity (2-mould press)
2026-04-07 00:00:00,C,4818,1D25215013008SXC10,2026-04-07 23:00:00,2026-04-08 07:00:00,51,19.0,0,Continuity (2-mould press)
2026-04-08 00:00:00,A,4818,1D25215013008SXC10,2026-04-08 07:00:00,2026-04-08 15:00:00,51,19.0,0,Continuity (2-mould press)
2026-04-08 00:00:00,B,4818,1D25215013008SXC10,2026-04-08 15:00:00,2026-04-08 23:00:00,51,19.0,0,Continuity (2-mould press)
2026-04-08 00:00:00,C,4818,1D25215013008SXC10,2026-04-08 23:00:00,2026-04-09 07:00:00,51,19.0,0,Continuity (2-mould press)
2026-04-09 00:00:00,A,4818,1D25215013008SXC10,2026-04-09 07:00:00,2026-04-09 08:21:00,9,19.0,0,Continuity (2-mould press)
2026-04-09 00:00:00,A,4818,MOULD_CLEAN,2026-04-09 08:21:00,2026-04-09 11:21:00,0,0.0,0,Mould cleaning (continuity)
2026-04-09 00:00:00,A,4818,1D25215013008SXC10,2026-04-09 11:21:00,2026-04-09 15:00:00,23,19.0,0,Continuity (2-mould press)
2026-04-09 00:00:00,B,4818,1D25215013008SXC10,2026-04-09 15:00:00,2026-04-09 23:00:00,51,19.0,0,Continuity (2-mould press)
2026-04-09 00:00:00,C,4818,1D25215013008SXC10,2026-04-09 23:00:00,2026-04-10 07:00:00,51,19.0,0,Continuity (2-mould press)
2026-04-10 00:00:00,A,4818,1D25215013008SXC10,2026-04-10 07:00:00,2026-04-10 15:00:00,51,19.0,0,Continuity (2-mould press)
2026-04-10 00:00:00,B,4818,1D25215013008SXC10,2026-04-10 15:00:00,2026-04-10 23:00:00,51,19.0,0,Continuity (2-mould press)
2026-04-10 00:00:00,C,4818,1D25215013008SXC10,2026-04-10 23:00:00,2026-04-11 07:00:00,51,19.0,0,Continuity (2-mould press)
2026-04-11 00:00:00,A,4818,1D25215013008SXC10,2026-04-11 07:00:00,2026-04-11 15:00:00,51,19.0,0,Continuity (2-mould press)
2026-04-11 00:00:00,B,4818,1D25215013008SXC10,2026-04-11 15:00:00,2026-04-11 23:00:00,51,19.0,0,Continuity (2-mould press)
2026-04-11 00:00:00,C,4818,1D25215013008SXC10,2026-04-11 23:00:00,2026-04-12 07:00:00,51,19.0,0,Continuity (2-mould press)
2026-04-12 00:00:00,A,4818,1D25215013008SXC10,2026-04-12 07:00:00,2026-04-12 15:00:00,51,19.0,0,Continuity (2-mould press)
2026-04-12 00:00:00,B,4818,1D25215013008SXC10,2026-04-12 15:00:00,2026-04-12 23:00:00,51,19.0,0,Continuity (2-mould press)
2026-04-12 00:00:00,C,4818,1D25215013008SXC10,2026-04-12 23:00:00,2026-04-13 07:00:00,51,19.0,0,Continuity (2-mould press)
2026-04-13 00:00:00,A,4818,1D25215013008SXC10,2026-04-13 07:00:00,2026-04-13 15:00:00,51,19.0,0,Continuity (2-mould press)
2026-04-13 00:00:00,B,4818,1D25215013008SXC10,2026-04-13 15:00:00,2026-04-13 23:00:00,51,19.0,0,Continuity (2-mould press)
2026-04-13 00:00:00,C,4818,1D25215013008SXC10,2026-04-13 23:00:00,2026-04-14 07:00:00,51,19.0,0,Continuity (2-mould press)
2026-04-14 00:00:00,A,4818,1D25215013008SXC10,2026-04-14 07:00:00,2026-04-14 15:00:00,51,19.0,0,Continuity (2-mould press)
2026-04-14 00:00:00,B,4818,1D25215013008SXC10,2026-04-14 15:00:00,2026-04-14 23:00:00,51,19.0,0,Continuity (2-mould press)
2026-04-14 00:00:00,C,4818,1D25215013008SXC10,2026-04-14 23:00:00,2026-04-15 07:00:00,51,19.0,0,Continuity (2-mould press)
2026-04-15 00:00:00,A,4818,1D25215013008SXC10,2026-04-15 07:00:00,2026-04-15 15:00:00,51,19.0,0,Continuity (2-mould press)
2026-04-15 00:00:00,B,4818,1D25215013008SXC10,2026-04-15 15:00:00,2026-04-15 23:00:00,51,19.0,0,Continuity (2-mould press)
2026-04-15 00:00:00,C,4818,1D25215013008SXC10,2026-04-15 23:00:00,2026-04-16 07:00:00,51,19.0,0,Continuity (2-mould press)
2026-04-16 00:00:00,A,4818,1D25215013008SXC10,2026-04-16 07:00:00,2026-04-16 15:00:00,51,19.0,0,Continuity (2-mould press)
2026-04-16 00:00:00,B,4818,1D25215013008SXC10,2026-04-16 15:00:00,2026-04-16 23:00:00,51,19.0,0,Continuity (2-mould press)
2026-04-16 00:00:00,C,4818,1D25215013008SXC10,2026-04-16 23:00:00,2026-04-17 07:00:00,51,19.0,0,Continuity (2-mould press)
2026-04-17 00:00:00,A,4818,1D25215013008SXC10,2026-04-17 07:00:00,2026-04-17 15:00:00,51,19.0,0,Continuity (2-mould press)
2026-04-17 00:00:00,B,4818,1D25215013008SXC10,2026-04-17 15:00:00,2026-04-17 23:00:00,51,19.0,0,Continuity (2-mould press)
2026-04-17 00:00:00,C,4818,1D25215013008SXC10,2026-04-17 23:00:00,2026-04-18 07:00:00,51,19.0,0,Continuity (2-mould press)
2026-04-18 00:00:00,A,4818,1D25215013008SXC10,2026-04-18 07:00:00,2026-04-18 15:00:00,51,19.0,0,Continuity (2-mould press)
2026-04-18 00:00:00,B,4818,1D25215013008SXC10,2026-04-18 15:00:00,2026-04-18 23:00:00,51,19.0,0,Continuity (2-mould press)
2026-04-18 00:00:00,C,4818,1D25215013008SXC10,2026-04-18 23:00:00,2026-04-19 07:00:00,51,19.0,0,Continuity (2-mould press)
2026-04-19 00:00:00,A,4818,1D25215013008SXC10,2026-04-19 07:00:00,2026-04-19 15:00:00,51,19.0,0,Continuity (2-mould press)
2026-04-19 00:00:00,B,4818,1D25215013008SXC10,2026-04-19 15:00:00,2026-04-19 23:00:00,51,19.0,0,Continuity (2-mould press)
2026-04-19 00:00:00,C,4818,1D25215013008SXC10,2026-04-19 23:00:00,2026-04-20 07:00:00,51,19.0,0,Continuity (2-mould press)
2026-04-20 00:00:00,A,4818,1D25215013008SXC10,2026-04-20 07:00:00,2026-04-20 15:00:00,51,19.0,0,Continuity (2-mould press)
2026-04-20 00:00:00,B,4818,1D25215013008SXC10,2026-04-20 15:00:00,2026-04-20 23:00:00,51,19.0,0,Continuity (2-mould press)
2026-04-20 00:00:00,C,4818,1D25215013008SXC10,2026-04-20 23:00:00,2026-04-21 07:00:00,51,19.0,0,Continuity (2-mould press)
2026-04-21 00:00:00,A,4818,1D25215013008SXC10,2026-04-21 07:00:00,2026-04-21 15:00:00,51,19.0,0,Continuity (2-mould press)
2026-04-21 00:00:00,B,4818,1D25215013008SXC10,2026-04-21 15:00:00,2026-04-21 23:00:00,51,19.0,0,Continuity (2-mould press)
2026-04-21 00:00:00,C,4818,1D25215013008SXC10,2026-04-21 23:00:00,2026-04-22 07:00:00,51,19.0,0,Continuity (2-mould press)
2026-04-22 00:00:00,A,4818,1D25215013008SXC10,2026-04-22 07:00:00,2026-04-22 15:00:00,51,19.0,0,Continuity (2-mould press)
2026-04-22 00:00:00,B,4818,1D25215013008SXC10,2026-04-22 15:00:00,2026-04-22 23:00:00,51,19.0,0,Continuity (2-mould press)
2026-04-22 00:00:00,C,4818,1D25215013008SXC10,2026-04-22 23:00:00,2026-04-23 07:00:00,51,19.0,0,Continuity (2-mould press)
2026-04-23 00:00:00,A,4818,1D25215013008SXC10,2026-04-23 07:00:00,2026-04-23 15:00:00,51,19.0,0,Continuity (2-mould press)
2026-04-23 00:00:00,B,4818,1D25215013008SXC10,2026-04-23 15:00:00,2026-04-23 23:00:00,51,19.0,0,Continuity (2-mould press)
2026-04-23 00:00:00,C,4818,1D25215013008SXC10,2026-04-23 23:00:00,2026-04-24 07:00:00,51,19.0,0,Continuity (2-mould press)
2026-04-24 00:00:00,A,4818,1D25215013008SXC10,2026-04-24 07:00:00,2026-04-24 15:00:00,51,19.0,0,Continuity (2-mould press)
2026-04-24 00:00:00,B,4818,1D25215013008SXC10,2026-04-24 15:00:00,2026-04-24 23:00:00,51,19.0,0,Continuity (2-mould press)
2026-04-24 00:00:00,C,4818,1D25215013008SXC10,2026-04-24 23:00:00,2026-04-25 07:00:00,51,19.0,0,Continuity (2-mould press)
2026-04-25 00:00:00,A,4818,1D25215013008SXC10,2026-04-25 07:00:00,2026-04-25 15:00:00,51,19.0,0,Continuity (2-mould press)
2026-04-25 00:00:00,B,4818,1D25215013008SXC10,2026-04-25 15:00:00,2026-04-25 23:00:00,51,19.0,0,Continuity (2-mould press)
2026-04-25 00:00:00,C,4818,1D25215013008SXC10,2026-04-25 23:00:00,2026-04-26 07:00:00,51,19.0,0,Continuity (2-mould press)
2026-04-26 00:00:00,A,4818,1D25215013008SXC10,2026-04-26 07:00:00,2026-04-26 15:00:00,51,19.0,0,Continuity (2-mould press)
2026-04-26 00:00:00,B,4818,1D25215013008SXC10,2026-04-26 15:00:00,2026-04-26 23:00:00,51,19.0,0,Continuity (2-mould press)
2026-04-26 00:00:00,C,4818,1D25215013008SXC10,2026-04-26 23:00:00,2026-04-27 07:00:00,51,19.0,0,Continuity (2-mould press)
2026-04-27 00:00:00,A,4818,1D25215013008SXC10,2026-04-27 07:00:00,2026-04-27 15:00:00,51,19.0,0,Continuity (2-mould press)
2026-04-27 00:00:00,B,4818,1D25215013008SXC10,2026-04-27 15:00:00,2026-04-27 23:00:00,51,19.0,0,Continuity (2-mould press)
2026-04-27 00:00:00,C,4818,1D25215013008SXC10,2026-04-27 23:00:00,2026-04-28 07:00:00,51,19.0,0,Continuity (2-mould press)
2026-04-28 00:00:00,A,4818,1D25215013008SXC10,2026-04-28 07:00:00,2026-04-28 15:00:00,51,19.0,0,Continuity (2-mould press)
2026-04-28 00:00:00,B,4818,1D25215013008SXC10,2026-04-28 15:00:00,2026-04-28 23:00:00,51,19.0,0,Continuity (2-mould press)
2026-04-28 00:00:00,C,4818,1D25215013008SXC10,2026-04-28 23:00:00,2026-04-29 07:00:00,51,19.0,0,Continuity (2-mould press)
2026-04-29 00:00:00,A,4818,1D25215013008SXC10,2026-04-29 07:00:00,2026-04-29 15:00:00,51,19.0,0,Continuity (2-mould press)
2026-04-29 00:00:00,B,4818,1D25215013008SXC10,2026-04-29 15:00:00,2026-04-29 23:00:00,51,19.0,0,Continuity (2-mould press)
2026-04-29 00:00:00,C,4818,1D25215013008SXC10,2026-04-29 23:00:00,2026-04-30 07:00:00,51,19.0,0,Continuity (2-mould press)
2026-04-30 00:00:00,A,4818,1D25215013008SXC10,2026-04-30 07:00:00,2026-04-30 08:38:00,10,19.0,0,Continuity (2-mould press)
2026-04-03 00:00:00,A,4819,1325225518111HRHB0,2026-04-03 07:00:00,2026-04-03 15:00:00,53,18.0,0,Continuity (2-mould press)
2026-04-03 00:00:00,B,4819,1325225518111HRHB0,2026-04-03 15:00:00,2026-04-03 23:00:00,53,18.0,0,Continuity (2-mould press)
2026-04-03 00:00:00,C,4819,1325225518111HRHB0,2026-04-03 23:00:00,2026-04-04 07:00:00,53,18.0,0,Continuity (2-mould press)
2026-04-04 00:00:00,A,4819,1325225518111HRHB0,2026-04-04 07:00:00,2026-04-04 15:00:00,53,18.0,0,Continuity (2-mould press)
2026-04-04 00:00:00,B,4819,1325225518111HRHB0,2026-04-04 15:00:00,2026-04-04 23:00:00,53,18.0,0,Continuity (2-mould press)
2026-04-04 00:00:00,C,4819,1325225518111HRHB0,2026-04-04 23:00:00,2026-04-05 07:00:00,53,18.0,0,Continuity (2-mould press)
2026-04-05 00:00:00,A,4819,1325225518111HRHB0,2026-04-05 07:00:00,2026-04-05 15:00:00,53,18.0,0,Continuity (2-mould press)
2026-04-05 00:00:00,B,4819,1325225518111HRHB0,2026-04-05 15:00:00,2026-04-05 23:00:00,53,18.0,0,Continuity (2-mould press)
2026-04-05 00:00:00,C,4819,1325225518111HRHB0,2026-04-05 23:00:00,2026-04-06 07:00:00,53,18.0,0,Continuity (2-mould press)
2026-04-06 00:00:00,A,4819,1325225518111HRHB0,2026-04-06 07:00:00,2026-04-06 15:00:00,53,18.0,0,Continuity (2-mould press)
2026-04-06 00:00:00,B,4819,1325225518111HRHB0,2026-04-06 15:00:00,2026-04-06 23:00:00,53,18.0,0,Continuity (2-mould press)
2026-04-06 00:00:00,C,4819,1325225518111HRHB0,2026-04-06 23:00:00,2026-04-07 07:00:00,53,18.0,0,Continuity (2-mould press)
2026-04-07 00:00:00,A,4819,1325225518111HRHB0,2026-04-07 07:00:00,2026-04-07 15:00:00,53,18.0,0,Continuity (2-mould press)
2026-04-07 00:00:00,B,4819,1325225518111HRHB0,2026-04-07 15:00:00,2026-04-07 23:00:00,53,18.0,0,Continuity (2-mould press)
2026-04-07 00:00:00,C,4819,1325225518111HRHB0,2026-04-07 23:00:00,2026-04-08 07:00:00,53,18.0,0,Continuity (2-mould press)
2026-04-08 00:00:00,A,4819,1325225518111HRHB0,2026-04-08 07:00:00,2026-04-08 15:00:00,53,18.0,0,Continuity (2-mould press)
2026-04-08 00:00:00,B,4819,1325225518111HRHB0,2026-04-08 15:00:00,2026-04-08 23:00:00,53,18.0,0,Continuity (2-mould press)
2026-04-08 00:00:00,C,4819,1325225518111HRHB0,2026-04-08 23:00:00,2026-04-09 07:00:00,53,18.0,0,Continuity (2-mould press)
2026-04-09 00:00:00,A,4819,1325225518111HRHB0,2026-04-09 07:00:00,2026-04-09 15:00:00,53,18.0,0,Continuity (2-mould press)
2026-04-09 00:00:00,B,4819,1325225518111HRHB0,2026-04-09 15:00:00,2026-04-09 23:00:00,53,18.0,0,Continuity (2-mould press)
2026-04-09 00:00:00,C,4819,1325225518111HRHB0,2026-04-09 23:00:00,2026-04-10 07:00:00,53,18.0,0,Continuity (2-mould press)
2026-04-10 00:00:00,A,4819,1325225518111HRHB0,2026-04-10 07:00:00,2026-04-10 15:00:00,53,18.0,0,Continuity (2-mould press)
2026-04-10 00:00:00,B,4819,1325225518111HRHB0,2026-04-10 15:00:00,2026-04-10 23:00:00,53,18.0,0,Continuity (2-mould press)
2026-04-10 00:00:00,C,4819,1325225518111HRHB0,2026-04-10 23:00:00,2026-04-11 07:00:00,53,18.0,0,Continuity (2-mould press)
2026-04-11 00:00:00,A,4819,1325225518111HRHB0,2026-04-11 07:00:00,2026-04-11 15:00:00,53,18.0,0,Continuity (2-mould press)
2026-04-11 00:00:00,B,4819,1325225518111HRHB0,2026-04-11 15:00:00,2026-04-11 23:00:00,53,18.0,0,Continuity (2-mould press)
2026-04-11 00:00:00,C,4819,1325225518111HRHB0,2026-04-11 23:00:00,2026-04-12 07:00:00,53,18.0,0,Continuity (2-mould press)
2026-04-12 00:00:00,A,4819,1325225518111HRHB0,2026-04-12 07:00:00,2026-04-12 15:00:00,53,18.0,0,Continuity (2-mould press)
2026-04-12 00:00:00,B,4819,1325225518111HRHB0,2026-04-12 15:00:00,2026-04-12 21:24:00,43,18.0,0,Continuity (2-mould press)
2026-04-12 00:00:00,B,4819,MOULD_CLEAN,2026-04-12 21:24:00,2026-04-12 23:00:00,0,0.0,0,Mould cleaning (continuity)
2026-04-12 00:00:00,C,4819,MOULD_CLEAN,2026-04-12 23:00:00,2026-04-13 00:24:00,0,0.0,0,Mould cleaning (continuity)
2026-04-12 00:00:00,C,4819,1325225518111HRHB0,2026-04-13 00:24:00,2026-04-13 07:00:00,44,18.0,0,Continuity (2-mould press)
2026-04-13 00:00:00,A,4819,1325225518111HRHB0,2026-04-13 07:00:00,2026-04-13 15:00:00,53,18.0,0,Continuity (2-mould press)
2026-04-13 00:00:00,B,4819,1325225518111HRHB0,2026-04-13 15:00:00,2026-04-13 23:00:00,53,18.0,0,Continuity (2-mould press)
2026-04-13 00:00:00,C,4819,1325225518111HRHB0,2026-04-13 23:00:00,2026-04-14 07:00:00,53,18.0,0,Continuity (2-mould press)
2026-04-14 00:00:00,A,4819,1325225518111HRHB0,2026-04-14 07:00:00,2026-04-14 15:00:00,53,18.0,0,Continuity (2-mould press)
2026-04-14 00:00:00,B,4819,1325225518111HRHB0,2026-04-14 15:00:00,2026-04-14 23:00:00,53,18.0,0,Continuity (2-mould press)
2026-04-14 00:00:00,C,4819,1325225518111HRHB0,2026-04-14 23:00:00,2026-04-15 07:00:00,53,18.0,0,Continuity (2-mould press)
2026-04-15 00:00:00,A,4819,1325225518111HRHB0,2026-04-15 07:00:00,2026-04-15 15:00:00,53,18.0,0,Continuity (2-mould press)
2026-04-15 00:00:00,B,4819,1325225518111HRHB0,2026-04-15 15:00:00,2026-04-15 23:00:00,53,18.0,0,Continuity (2-mould press)
2026-04-15 00:00:00,C,4819,1325225518111HRHB0,2026-04-15 23:00:00,2026-04-16 07:00:00,53,18.0,0,Continuity (2-mould press)
2026-04-16 00:00:00,A,4819,1325225518111HRHB0,2026-04-16 07:00:00,2026-04-16 15:00:00,53,18.0,0,Continuity (2-mould press)
2026-04-16 00:00:00,B,4819,1325225518111HRHB0,2026-04-16 15:00:00,2026-04-16 23:00:00,53,18.0,0,Continuity (2-mould press)
2026-04-16 00:00:00,C,4819,1325225518111HRHB0,2026-04-16 23:00:00,2026-04-17 07:00:00,53,18.0,0,Continuity (2-mould press)
2026-04-17 00:00:00,A,4819,1325225518111HRHB0,2026-04-17 07:00:00,2026-04-17 15:00:00,53,18.0,0,Continuity (2-mould press)
2026-04-17 00:00:00,B,4819,1325225518111HRHB0,2026-04-17 15:00:00,2026-04-17 23:00:00,53,18.0,0,Continuity (2-mould press)
2026-04-17 00:00:00,C,4819,1325225518111HRHB0,2026-04-17 23:00:00,2026-04-18 07:00:00,53,18.0,0,Continuity (2-mould press)
2026-04-18 00:00:00,A,4819,1325225518111HRHB0,2026-04-18 07:00:00,2026-04-18 15:00:00,53,18.0,0,Continuity (2-mould press)
2026-04-18 00:00:00,B,4819,1325225518111HRHB0,2026-04-18 15:00:00,2026-04-18 23:00:00,53,18.0,0,Continuity (2-mould press)
2026-04-18 00:00:00,C,4819,1325225518111HRHB0,2026-04-18 23:00:00,2026-04-19 07:00:00,53,18.0,0,Continuity (2-mould press)
2026-04-19 00:00:00,A,4819,1325225518111HRHB0,2026-04-19 07:00:00,2026-04-19 15:00:00,53,18.0,0,Continuity (2-mould press)
2026-04-19 00:00:00,B,4819,1325225518111HRHB0,2026-04-19 15:00:00,2026-04-19 23:00:00,53,18.0,0,Continuity (2-mould press)
2026-04-19 00:00:00,C,4819,1325225518111HRHB0,2026-04-19 23:00:00,2026-04-20 07:00:00,53,18.0,0,Continuity (2-mould press)
2026-04-20 00:00:00,A,4819,1325225518111HRHB0,2026-04-20 07:00:00,2026-04-20 15:00:00,53,18.0,0,Continuity (2-mould press)
2026-04-20 00:00:00,B,4819,1325225518111HRHB0,2026-04-20 15:00:00,2026-04-20 23:00:00,53,18.0,0,Continuity (2-mould press)
2026-04-20 00:00:00,C,4819,1325225518111HRHB0,2026-04-20 23:00:00,2026-04-21 07:00:00,53,18.0,0,Continuity (2-mould press)
2026-04-21 00:00:00,A,4819,1325225518111HRHB0,2026-04-21 07:00:00,2026-04-21 15:00:00,53,18.0,0,Continuity (2-mould press)
2026-04-21 00:00:00,B,4819,1325225518111HRHB0,2026-04-21 15:00:00,2026-04-21 23:00:00,53,18.0,0,Continuity (2-mould press)
2026-04-21 00:00:00,C,4819,1325225518111HRHB0,2026-04-21 23:00:00,2026-04-22 07:00:00,53,18.0,0,Continuity (2-mould press)
2026-04-22 00:00:00,A,4819,1325225518111HRHB0,2026-04-22 07:00:00,2026-04-22 15:00:00,53,18.0,0,Continuity (2-mould press)
2026-04-22 00:00:00,B,4819,1325225518111HRHB0,2026-04-22 15:00:00,2026-04-22 23:00:00,53,18.0,0,Continuity (2-mould press)
2026-04-22 00:00:00,C,4819,1325225518111HRHB0,2026-04-22 23:00:00,2026-04-23 07:00:00,53,18.0,0,Continuity (2-mould press)
2026-04-23 00:00:00,A,4819,1325225518111HRHB0,2026-04-23 07:00:00,2026-04-23 15:00:00,53,18.0,0,Continuity (2-mould press)
2026-04-23 00:00:00,B,4819,1325225518111HRHB0,2026-04-23 15:00:00,2026-04-23 23:00:00,53,18.0,0,Continuity (2-mould press)
2026-04-23 00:00:00,C,4819,1325225518111HRHB0,2026-04-23 23:00:00,2026-04-24 07:00:00,53,18.0,0,Continuity (2-mould press)
2026-04-24 00:00:00,A,4819,1325225518111HRHB0,2026-04-24 07:00:00,2026-04-24 15:00:00,53,18.0,0,Continuity (2-mould press)
2026-04-24 00:00:00,B,4819,1325225518111HRHB0,2026-04-24 15:00:00,2026-04-24 23:00:00,53,18.0,0,Continuity (2-mould press)
2026-04-24 00:00:00,C,4819,1325225518111HRHB0,2026-04-24 23:00:00,2026-04-25 07:00:00,53,18.0,0,Continuity (2-mould press)
2026-04-25 00:00:00,A,4819,1325225518111HRHB0,2026-04-25 07:00:00,2026-04-25 15:00:00,53,18.0,0,Continuity (2-mould press)
2026-04-25 00:00:00,B,4819,1325225518111HRHB0,2026-04-25 15:00:00,2026-04-25 23:00:00,53,18.0,0,Continuity (2-mould press)
2026-04-25 00:00:00,C,4819,1325225518111HRHB0,2026-04-25 23:00:00,2026-04-26 07:00:00,53,18.0,0,Continuity (2-mould press)
2026-04-26 00:00:00,A,4819,1325225518111HRHB0,2026-04-26 07:00:00,2026-04-26 15:00:00,53,18.0,0,Continuity (2-mould press)
2026-04-26 00:00:00,B,4819,1325225518111HRHB0,2026-04-26 15:00:00,2026-04-26 23:00:00,53,18.0,0,Continuity (2-mould press)
2026-04-26 00:00:00,C,4819,1325225518111HRHB0,2026-04-26 23:00:00,2026-04-27 07:00:00,53,18.0,0,Continuity (2-mould press)
2026-04-27 00:00:00,A,4819,1325225518111HRHB0,2026-04-27 07:00:00,2026-04-27 15:00:00,53,18.0,0,Continuity (2-mould press)
2026-04-27 00:00:00,B,4819,1325225518111HRHB0,2026-04-27 15:00:00,2026-04-27 23:00:00,53,18.0,0,Continuity (2-mould press)
2026-04-27 00:00:00,C,4819,1325225518111HRHB0,2026-04-27 23:00:00,2026-04-28 07:00:00,53,18.0,0,Continuity (2-mould press)
2026-04-28 00:00:00,A,4819,1325225518111HRHB0,2026-04-28 07:00:00,2026-04-28 15:00:00,53,18.0,0,Continuity (2-mould press)
2026-04-28 00:00:00,B,4819,1325225518111HRHB0,2026-04-28 15:00:00,2026-04-28 23:00:00,53,18.0,0,Continuity (2-mould press)
2026-04-28 00:00:00,C,4819,1325225518111HRHB0,2026-04-28 23:00:00,2026-04-29 07:00:00,53,18.0,0,Continuity (2-mould press)
2026-04-29 00:00:00,A,4819,1325225518111HRHB0,2026-04-29 07:00:00,2026-04-29 15:00:00,53,18.0,0,Continuity (2-mould press)
2026-04-29 00:00:00,B,4819,1325225518111HRHB0,2026-04-29 15:00:00,2026-04-29 23:00:00,53,18.0,0,Continuity (2-mould press)
2026-04-29 00:00:00,C,4819,1325225518111HRHB0,2026-04-29 23:00:00,2026-04-30 07:00:00,53,18.0,0,Continuity (2-mould press)
2026-04-30 00:00:00,A,4819,1325225518111HRHB0,2026-04-30 07:00:00,2026-04-30 15:00:00,53,18.0,0,Continuity (2-mould press)
2026-04-30 00:00:00,B,4819,1325225518111HRHB0,2026-04-30 15:00:00,2026-04-30 23:00:00,53,18.0,0,Continuity (2-mould press)
2026-04-30 00:00:00,C,4819,1325225518111HRHB0,2026-04-30 23:00:00,2026-05-01 07:00:00,53,18.0,0,Continuity (2-mould press)
2026-05-01 00:00:00,A,4819,1325225518111HRHB0,2026-05-01 07:00:00,2026-05-01 15:00:00,53,18.0,0,Continuity (2-mould press)
2026-05-01 00:00:00,B,4819,1325225518111HRHB0,2026-05-01 15:00:00,2026-05-01 23:00:00,53,18.0,0,Continuity (2-mould press)
2026-05-01 00:00:00,C,4819,1325225518111HRHB0,2026-05-01 23:00:00,2026-05-02 07:00:00,53,18.0,0,Continuity (2-mould press)
2026-05-02 00:00:00,A,4819,1325225518111HRHB0,2026-05-02 07:00:00,2026-05-02 15:00:00,53,18.0,0,Continuity (2-mould press)
2026-05-02 00:00:00,B,4819,1325225518111HRHB0,2026-05-02 15:00:00,2026-05-02 23:00:00,53,18.0,0,Continuity (2-mould press)
2026-05-02 00:00:00,C,4819,1325225518111HRHB0,2026-05-02 23:00:00,2026-05-03 07:00:00,53,18.0,0,Continuity (2-mould press)
2026-04-03 00:00:00,A,4820,1325218614088TTMX0,2026-04-03 07:00:00,2026-04-03 15:00:00,64,15.0,0,Continuity (2-mould press)
2026-04-03 00:00:00,B,4820,1325218614088TTMX0,2026-04-03 15:00:00,2026-04-03 23:00:00,64,15.0,0,Continuity (2-mould press)
2026-04-03 00:00:00,C,4820,1325218614088TTMX0,2026-04-03 23:00:00,2026-04-04 07:00:00,64,15.0,0,Continuity (2-mould press)
2026-04-04 00:00:00,A,4820,1325218614088TTMX0,2026-04-04 07:00:00,2026-04-04 15:00:00,64,15.0,0,Continuity (2-mould press)
2026-04-04 00:00:00,B,4820,1325218614088TTMX0,2026-04-04 15:00:00,2026-04-04 23:00:00,64,15.0,0,Continuity (2-mould press)
2026-04-04 00:00:00,C,4820,1325218614088TTMX0,2026-04-04 23:00:00,2026-04-05 07:00:00,64,15.0,0,Continuity (2-mould press)
2026-04-05 00:00:00,A,4820,1325218614088TTMX0,2026-04-05 07:00:00,2026-04-05 15:00:00,64,15.0,0,Continuity (2-mould press)
2026-04-05 00:00:00,B,4820,1325218614088TTMX0,2026-04-05 15:00:00,2026-04-05 23:00:00,64,15.0,0,Continuity (2-mould press)
2026-04-05 00:00:00,C,4820,1325218614088TTMX0,2026-04-05 23:00:00,2026-04-06 07:00:00,64,15.0,0,Continuity (2-mould press)
2026-04-06 00:00:00,A,4820,1325218614088TTMX0,2026-04-06 07:00:00,2026-04-06 15:00:00,64,15.0,0,Continuity (2-mould press)
2026-04-06 00:00:00,B,4820,1325218614088TTMX0,2026-04-06 15:00:00,2026-04-06 23:00:00,64,15.0,0,Continuity (2-mould press)
2026-04-06 00:00:00,C,4820,1325218614088TTMX0,2026-04-06 23:00:00,2026-04-07 07:00:00,64,15.0,0,Continuity (2-mould press)
2026-04-07 00:00:00,A,4820,1325218614088TTMX0,2026-04-07 07:00:00,2026-04-07 15:00:00,64,15.0,0,Continuity (2-mould press)
2026-04-07 00:00:00,B,4820,1325218614088TTMX0,2026-04-07 15:00:00,2026-04-07 23:00:00,64,15.0,0,Continuity (2-mould press)
2026-04-07 00:00:00,C,4820,1325218614088TTMX0,2026-04-07 23:00:00,2026-04-08 07:00:00,64,15.0,0,Continuity (2-mould press)
2026-04-08 00:00:00,A,4820,1325218614088TTMX0,2026-04-08 07:00:00,2026-04-08 15:00:00,64,15.0,0,Continuity (2-mould press)
2026-04-08 00:00:00,B,4820,1325218614088TTMX0,2026-04-08 15:00:00,2026-04-08 23:00:00,64,15.0,0,Continuity (2-mould press)
2026-04-08 00:00:00,C,4820,1325218614088TTMX0,2026-04-08 23:00:00,2026-04-09 07:00:00,64,15.0,0,Continuity (2-mould press)
2026-04-09 00:00:00,A,4820,1325218614088TTMX0,2026-04-09 07:00:00,2026-04-09 15:00:00,64,15.0,0,Continuity (2-mould press)
2026-04-09 00:00:00,B,4820,1325218614088TTMX0,2026-04-09 15:00:00,2026-04-09 23:00:00,64,15.0,0,Continuity (2-mould press)
2026-04-09 00:00:00,C,4820,1325218614088TTMX0,2026-04-09 23:00:00,2026-04-10 07:00:00,64,15.0,0,Continuity (2-mould press)
2026-04-10 00:00:00,A,4820,1325218614088TTMX0,2026-04-10 07:00:00,2026-04-10 15:00:00,64,15.0,0,Continuity (2-mould press)
2026-04-10 00:00:00,B,4820,1325218614088TTMX0,2026-04-10 15:00:00,2026-04-10 23:00:00,64,15.0,0,Continuity (2-mould press)
2026-04-10 00:00:00,C,4820,1325218614088TTMX0,2026-04-10 23:00:00,2026-04-11 07:00:00,64,15.0,0,Continuity (2-mould press)
2026-04-11 00:00:00,A,4820,1325218614088TTMX0,2026-04-11 07:00:00,2026-04-11 15:00:00,64,15.0,0,Continuity (2-mould press)
2026-04-11 00:00:00,B,4820,1325218614088TTMX0,2026-04-11 15:00:00,2026-04-11 23:00:00,64,15.0,0,Continuity (2-mould press)
2026-04-11 00:00:00,C,4820,1325218614088TTMX0,2026-04-11 23:00:00,2026-04-12 07:00:00,64,15.0,0,Continuity (2-mould press)
2026-04-12 00:00:00,A,4820,1325218614088TTMX0,2026-04-12 07:00:00,2026-04-12 15:00:00,64,15.0,0,Continuity (2-mould press)
2026-04-12 00:00:00,B,4820,1325218614088TTMX0,2026-04-12 15:00:00,2026-04-12 23:00:00,64,15.0,0,Continuity (2-mould press)
2026-04-12 00:00:00,C,4820,1325218614088TTMX0,2026-04-12 23:00:00,2026-04-13 07:00:00,64,15.0,0,Continuity (2-mould press)
2026-04-13 00:00:00,A,4820,1325218614088TTMX0,2026-04-13 07:00:00,2026-04-13 15:00:00,64,15.0,0,Continuity (2-mould press)
2026-04-13 00:00:00,B,4820,1325218614088TTMX0,2026-04-13 15:00:00,2026-04-13 23:00:00,64,15.0,0,Continuity (2-mould press)
2026-04-13 00:00:00,C,4820,1325218614088TTMX0,2026-04-13 23:00:00,2026-04-14 07:00:00,64,15.0,0,Continuity (2-mould press)
2026-04-14 00:00:00,A,4820,1325218614088TTMX0,2026-04-14 07:00:00,2026-04-14 15:00:00,64,15.0,0,Continuity (2-mould press)
2026-04-14 00:00:00,B,4820,1325218614088TTMX0,2026-04-14 15:00:00,2026-04-14 23:00:00,64,15.0,0,Continuity (2-mould press)
2026-04-14 00:00:00,C,4820,1325218614088TTMX0,2026-04-14 23:00:00,2026-04-15 07:00:00,64,15.0,0,Continuity (2-mould press)
2026-04-15 00:00:00,A,4820,1325218614088TTMX0,2026-04-15 07:00:00,2026-04-15 15:00:00,64,15.0,0,Continuity (2-mould press)
2026-04-15 00:00:00,B,4820,1325218614088TTMX0,2026-04-15 15:00:00,2026-04-15 23:00:00,64,15.0,0,Continuity (2-mould press)
2026-04-15 00:00:00,C,4820,1325218614088TTMX0,2026-04-15 23:00:00,2026-04-16 07:00:00,64,15.0,0,Continuity (2-mould press)
2026-04-16 00:00:00,A,4820,1325218614088TTMX0,2026-04-16 07:00:00,2026-04-16 15:00:00,64,15.0,0,Continuity (2-mould press)
2026-04-16 00:00:00,B,4820,1325218614088TTMX0,2026-04-16 15:00:00,2026-04-16 23:00:00,64,15.0,0,Continuity (2-mould press)
2026-04-16 00:00:00,C,4820,1325218614088TTMX0,2026-04-16 23:00:00,2026-04-17 07:00:00,64,15.0,0,Continuity (2-mould press)
2026-04-17 00:00:00,A,4820,1325218614088TTMX0,2026-04-17 07:00:00,2026-04-17 15:00:00,64,15.0,0,Continuity (2-mould press)
2026-04-17 00:00:00,B,4820,1325218614088TTMX0,2026-04-17 15:00:00,2026-04-17 23:00:00,64,15.0,0,Continuity (2-mould press)
2026-04-17 00:00:00,C,4820,1325218614088TTMX0,2026-04-17 23:00:00,2026-04-18 07:00:00,64,15.0,0,Continuity (2-mould press)
2026-04-18 00:00:00,A,4820,1325218614088TTMX0,2026-04-18 07:00:00,2026-04-18 08:30:00,12,15.0,0,Continuity (2-mould press)
2026-04-03 00:00:00,A,4821,1D25215013008SXC10,2026-04-03 07:00:00,2026-04-03 15:00:00,51,19.0,0,Continuity (2-mould press)
2026-04-03 00:00:00,B,4821,1D25215013008SXC10,2026-04-03 15:00:00,2026-04-03 23:00:00,51,19.0,0,Continuity (2-mould press)
2026-04-03 00:00:00,C,4821,1D25215013008SXC10,2026-04-03 23:00:00,2026-04-04 07:00:00,51,19.0,0,Continuity (2-mould press)
2026-04-04 00:00:00,A,4821,1D25215013008SXC10,2026-04-04 07:00:00,2026-04-04 15:00:00,51,19.0,0,Continuity (2-mould press)
2026-04-04 00:00:00,B,4821,1D25215013008SXC10,2026-04-04 15:00:00,2026-04-04 22:54:00,50,19.0,0,Continuity (2-mould press)
2026-04-04 00:00:00,B,4821,MOULD_CLEAN,2026-04-04 22:54:00,2026-04-04 23:00:00,0,0.0,0,Mould cleaning (continuity)
2026-04-04 00:00:00,C,4821,MOULD_CLEAN,2026-04-04 23:00:00,2026-04-05 01:54:00,0,0.0,0,Mould cleaning (continuity)
2026-04-04 00:00:00,C,4821,1D25215013008SXC10,2026-04-05 01:54:00,2026-04-05 07:00:00,32,19.0,0,Continuity (2-mould press)
2026-04-05 00:00:00,A,4821,1D25215013008SXC10,2026-04-05 07:00:00,2026-04-05 15:00:00,51,19.0,0,Continuity (2-mould press)
2026-04-05 00:00:00,B,4821,1D25215013008SXC10,2026-04-05 15:00:00,2026-04-05 23:00:00,51,19.0,0,Continuity (2-mould press)
2026-04-05 00:00:00,C,4821,1D25215013008SXC10,2026-04-05 23:00:00,2026-04-06 07:00:00,51,19.0,0,Continuity (2-mould press)
2026-04-06 00:00:00,A,4821,1D25215013008SXC10,2026-04-06 07:00:00,2026-04-06 15:00:00,51,19.0,0,Continuity (2-mould press)
2026-04-06 00:00:00,B,4821,1D25215013008SXC10,2026-04-06 15:00:00,2026-04-06 23:00:00,51,19.0,0,Continuity (2-mould press)
2026-04-06 00:00:00,C,4821,1D25215013008SXC10,2026-04-06 23:00:00,2026-04-07 07:00:00,51,19.0,0,Continuity (2-mould press)
2026-04-07 00:00:00,A,4821,1D25215013008SXC10,2026-04-07 07:00:00,2026-04-07 15:00:00,51,19.0,0,Continuity (2-mould press)
2026-04-07 00:00:00,B,4821,1D25215013008SXC10,2026-04-07 15:00:00,2026-04-07 23:00:00,51,19.0,0,Continuity (2-mould press)
2026-04-07 00:00:00,C,4821,1D25215013008SXC10,2026-04-07 23:00:00,2026-04-08 07:00:00,51,19.0,0,Continuity (2-mould press)
2026-04-08 00:00:00,A,4821,1D25215013008SXC10,2026-04-08 07:00:00,2026-04-08 15:00:00,51,19.0,0,Continuity (2-mould press)
2026-04-08 00:00:00,B,4821,1D25215013008SXC10,2026-04-08 15:00:00,2026-04-08 23:00:00,51,19.0,0,Continuity (2-mould press)
2026-04-08 00:00:00,C,4821,1D25215013008SXC10,2026-04-08 23:00:00,2026-04-09 07:00:00,51,19.0,0,Continuity (2-mould press)
2026-04-09 00:00:00,A,4821,1D25215013008SXC10,2026-04-09 07:00:00,2026-04-09 15:00:00,51,19.0,0,Continuity (2-mould press)
2026-04-09 00:00:00,B,4821,1D25215013008SXC10,2026-04-09 15:00:00,2026-04-09 23:00:00,51,19.0,0,Continuity (2-mould press)
2026-04-09 00:00:00,C,4821,1D25215013008SXC10,2026-04-09 23:00:00,2026-04-10 07:00:00,51,19.0,0,Continuity (2-mould press)
2026-04-10 00:00:00,A,4821,1D25215013008SXC10,2026-04-10 07:00:00,2026-04-10 15:00:00,51,19.0,0,Continuity (2-mould press)
2026-04-10 00:00:00,B,4821,1D25215013008SXC10,2026-04-10 15:00:00,2026-04-10 23:00:00,51,19.0,0,Continuity (2-mould press)
2026-04-10 00:00:00,C,4821,1D25215013008SXC10,2026-04-10 23:00:00,2026-04-11 07:00:00,51,19.0,0,Continuity (2-mould press)
2026-04-11 00:00:00,A,4821,1D25215013008SXC10,2026-04-11 07:00:00,2026-04-11 15:00:00,51,19.0,0,Continuity (2-mould press)
2026-04-11 00:00:00,B,4821,1D25215013008SXC10,2026-04-11 15:00:00,2026-04-11 23:00:00,51,19.0,0,Continuity (2-mould press)
2026-04-11 00:00:00,C,4821,1D25215013008SXC10,2026-04-11 23:00:00,2026-04-12 07:00:00,51,19.0,0,Continuity (2-mould press)
2026-04-12 00:00:00,A,4821,1D25215013008SXC10,2026-04-12 07:00:00,2026-04-12 15:00:00,51,19.0,0,Continuity (2-mould press)
2026-04-12 00:00:00,B,4821,1D25215013008SXC10,2026-04-12 15:00:00,2026-04-12 23:00:00,51,19.0,0,Continuity (2-mould press)
2026-04-12 00:00:00,C,4821,1D25215013008SXC10,2026-04-12 23:00:00,2026-04-13 07:00:00,51,19.0,0,Continuity (2-mould press)
2026-04-13 00:00:00,A,4821,1D25215013008SXC10,2026-04-13 07:00:00,2026-04-13 15:00:00,51,19.0,0,Continuity (2-mould press)
2026-04-13 00:00:00,B,4821,1D25215013008SXC10,2026-04-13 15:00:00,2026-04-13 23:00:00,51,19.0,0,Continuity (2-mould press)
2026-04-13 00:00:00,C,4821,1D25215013008SXC10,2026-04-13 23:00:00,2026-04-14 07:00:00,51,19.0,0,Continuity (2-mould press)
2026-04-14 00:00:00,A,4821,1D25215013008SXC10,2026-04-14 07:00:00,2026-04-14 15:00:00,51,19.0,0,Continuity (2-mould press)
2026-04-14 00:00:00,B,4821,1D25215013008SXC10,2026-04-14 15:00:00,2026-04-14 23:00:00,51,19.0,0,Continuity (2-mould press)
2026-04-14 00:00:00,C,4821,1D25215013008SXC10,2026-04-14 23:00:00,2026-04-15 07:00:00,51,19.0,0,Continuity (2-mould press)
2026-04-15 00:00:00,A,4821,1D25215013008SXC10,2026-04-15 07:00:00,2026-04-15 15:00:00,51,19.0,0,Continuity (2-mould press)
2026-04-15 00:00:00,B,4821,1D25215013008SXC10,2026-04-15 15:00:00,2026-04-15 23:00:00,51,19.0,0,Continuity (2-mould press)
2026-04-15 00:00:00,C,4821,1D25215013008SXC10,2026-04-15 23:00:00,2026-04-16 07:00:00,51,19.0,0,Continuity (2-mould press)
2026-04-16 00:00:00,A,4821,1D25215013008SXC10,2026-04-16 07:00:00,2026-04-16 15:00:00,51,19.0,0,Continuity (2-mould press)
2026-04-16 00:00:00,B,4821,1D25215013008SXC10,2026-04-16 15:00:00,2026-04-16 23:00:00,51,19.0,0,Continuity (2-mould press)
2026-04-16 00:00:00,C,4821,1D25215013008SXC10,2026-04-16 23:00:00,2026-04-17 07:00:00,51,19.0,0,Continuity (2-mould press)
2026-04-17 00:00:00,A,4821,1D25215013008SXC10,2026-04-17 07:00:00,2026-04-17 15:00:00,51,19.0,0,Continuity (2-mould press)
2026-04-17 00:00:00,B,4821,1D25215013008SXC10,2026-04-17 15:00:00,2026-04-17 23:00:00,51,19.0,0,Continuity (2-mould press)
2026-04-17 00:00:00,C,4821,1D25215013008SXC10,2026-04-17 23:00:00,2026-04-18 07:00:00,51,19.0,0,Continuity (2-mould press)
2026-04-18 00:00:00,A,4821,1D25215013008SXC10,2026-04-18 07:00:00,2026-04-18 15:00:00,51,19.0,0,Continuity (2-mould press)
2026-04-18 00:00:00,B,4821,1D25215013008SXC10,2026-04-18 15:00:00,2026-04-18 23:00:00,51,19.0,0,Continuity (2-mould press)
2026-04-18 00:00:00,C,4821,1D25215013008SXC10,2026-04-18 23:00:00,2026-04-19 07:00:00,51,19.0,0,Continuity (2-mould press)
2026-04-19 00:00:00,A,4821,1D25215013008SXC10,2026-04-19 07:00:00,2026-04-19 15:00:00,51,19.0,0,Continuity (2-mould press)
2026-04-19 00:00:00,B,4821,1D25215013008SXC10,2026-04-19 15:00:00,2026-04-19 23:00:00,51,19.0,0,Continuity (2-mould press)
2026-04-19 00:00:00,C,4821,1D25215013008SXC10,2026-04-19 23:00:00,2026-04-20 07:00:00,51,19.0,0,Continuity (2-mould press)
2026-04-20 00:00:00,A,4821,1D25215013008SXC10,2026-04-20 07:00:00,2026-04-20 15:00:00,51,19.0,0,Continuity (2-mould press)
2026-04-20 00:00:00,B,4821,1D25215013008SXC10,2026-04-20 15:00:00,2026-04-20 23:00:00,51,19.0,0,Continuity (2-mould press)
2026-04-20 00:00:00,C,4821,1D25215013008SXC10,2026-04-20 23:00:00,2026-04-21 07:00:00,51,19.0,0,Continuity (2-mould press)
2026-04-21 00:00:00,A,4821,1D25215013008SXC10,2026-04-21 07:00:00,2026-04-21 15:00:00,51,19.0,0,Continuity (2-mould press)
2026-04-21 00:00:00,B,4821,1D25215013008SXC10,2026-04-21 15:00:00,2026-04-21 23:00:00,51,19.0,0,Continuity (2-mould press)
2026-04-21 00:00:00,C,4821,1D25215013008SXC10,2026-04-21 23:00:00,2026-04-22 07:00:00,51,19.0,0,Continuity (2-mould press)
2026-04-22 00:00:00,A,4821,1D25215013008SXC10,2026-04-22 07:00:00,2026-04-22 15:00:00,51,19.0,0,Continuity (2-mould press)
2026-04-22 00:00:00,B,4821,1D25215013008SXC10,2026-04-22 15:00:00,2026-04-22 23:00:00,51,19.0,0,Continuity (2-mould press)
2026-04-22 00:00:00,C,4821,1D25215013008SXC10,2026-04-22 23:00:00,2026-04-23 07:00:00,51,19.0,0,Continuity (2-mould press)
2026-04-23 00:00:00,A,4821,1D25215013008SXC10,2026-04-23 07:00:00,2026-04-23 15:00:00,51,19.0,0,Continuity (2-mould press)
2026-04-23 00:00:00,B,4821,1D25215013008SXC10,2026-04-23 15:00:00,2026-04-23 23:00:00,51,19.0,0,Continuity (2-mould press)
2026-04-23 00:00:00,C,4821,1D25215013008SXC10,2026-04-23 23:00:00,2026-04-24 07:00:00,51,19.0,0,Continuity (2-mould press)
2026-04-24 00:00:00,A,4821,1D25215013008SXC10,2026-04-24 07:00:00,2026-04-24 15:00:00,51,19.0,0,Continuity (2-mould press)
2026-04-24 00:00:00,B,4821,1D25215013008SXC10,2026-04-24 15:00:00,2026-04-24 23:00:00,51,19.0,0,Continuity (2-mould press)
2026-04-24 00:00:00,C,4821,1D25215013008SXC10,2026-04-24 23:00:00,2026-04-25 07:00:00,51,19.0,0,Continuity (2-mould press)
2026-04-25 00:00:00,A,4821,1D25215013008SXC10,2026-04-25 07:00:00,2026-04-25 15:00:00,51,19.0,0,Continuity (2-mould press)
2026-04-25 00:00:00,B,4821,1D25215013008SXC10,2026-04-25 15:00:00,2026-04-25 23:00:00,51,19.0,0,Continuity (2-mould press)
2026-04-25 00:00:00,C,4821,1D25215013008SXC10,2026-04-25 23:00:00,2026-04-26 07:00:00,51,19.0,0,Continuity (2-mould press)
2026-04-26 00:00:00,A,4821,1D25215013008SXC10,2026-04-26 07:00:00,2026-04-26 15:00:00,51,19.0,0,Continuity (2-mould press)
2026-04-26 00:00:00,B,4821,1D25215013008SXC10,2026-04-26 15:00:00,2026-04-26 23:00:00,51,19.0,0,Continuity (2-mould press)
2026-04-26 00:00:00,C,4821,1D25215013008SXC10,2026-04-26 23:00:00,2026-04-27 07:00:00,51,19.0,0,Continuity (2-mould press)
2026-04-27 00:00:00,A,4821,1D25215013008SXC10,2026-04-27 07:00:00,2026-04-27 15:00:00,51,19.0,0,Continuity (2-mould press)
2026-04-27 00:00:00,B,4821,1D25215013008SXC10,2026-04-27 15:00:00,2026-04-27 23:00:00,51,19.0,0,Continuity (2-mould press)
2026-04-27 00:00:00,C,4821,1D25215013008SXC10,2026-04-27 23:00:00,2026-04-28 07:00:00,51,19.0,0,Continuity (2-mould press)
2026-04-28 00:00:00,A,4821,1D25215013008SXC10,2026-04-28 07:00:00,2026-04-28 15:00:00,51,19.0,0,Continuity (2-mould press)
2026-04-28 00:00:00,B,4821,1D25215013008SXC10,2026-04-28 15:00:00,2026-04-28 23:00:00,51,19.0,0,Continuity (2-mould press)
2026-04-28 00:00:00,C,4821,1D25215013008SXC10,2026-04-28 23:00:00,2026-04-29 07:00:00,51,19.0,0,Continuity (2-mould press)
2026-04-29 00:00:00,A,4821,1D25215013008SXC10,2026-04-29 07:00:00,2026-04-29 15:00:00,51,19.0,0,Continuity (2-mould press)
2026-04-29 00:00:00,B,4821,1D25215013008SXC10,2026-04-29 15:00:00,2026-04-29 23:00:00,51,19.0,0,Continuity (2-mould press)
2026-04-29 00:00:00,C,4821,1D25215013008SXC10,2026-04-29 23:00:00,2026-04-30 07:00:00,51,19.0,0,Continuity (2-mould press)
2026-04-30 00:00:00,A,4821,1D25215013008SXC10,2026-04-30 07:00:00,2026-04-30 08:38:00,10,19.0,0,Continuity (2-mould press)
2026-04-03 00:00:00,A,4822,1325219515091HURL2,2026-04-03 07:00:00,2026-04-03 15:00:00,64,15.0,0,Continuity (2-mould press)
2026-04-03 00:00:00,B,4822,1325219515091HURL2,2026-04-03 15:00:00,2026-04-03 23:00:00,64,15.0,0,Continuity (2-mould press)
2026-04-03 00:00:00,C,4822,1325219515091HURL2,2026-04-03 23:00:00,2026-04-04 07:00:00,64,15.0,0,Continuity (2-mould press)
2026-04-04 00:00:00,A,4822,1325219515091HURL2,2026-04-04 07:00:00,2026-04-04 15:00:00,64,15.0,0,Continuity (2-mould press)
2026-04-04 00:00:00,B,4822,1325219515091HURL2,2026-04-04 15:00:00,2026-04-04 23:00:00,64,15.0,0,Continuity (2-mould press)
2026-04-04 00:00:00,C,4822,1325219515091HURL2,2026-04-04 23:00:00,2026-04-05 07:00:00,64,15.0,0,Continuity (2-mould press)
2026-04-05 00:00:00,A,4822,1325219515091HURL2,2026-04-05 07:00:00,2026-04-05 15:00:00,64,15.0,0,Continuity (2-mould press)
2026-04-05 00:00:00,B,4822,1325219515091HURL2,2026-04-05 15:00:00,2026-04-05 23:00:00,64,15.0,0,Continuity (2-mould press)
2026-04-05 00:00:00,C,4822,1325219515091HURL2,2026-04-05 23:00:00,2026-04-06 07:00:00,64,15.0,0,Continuity (2-mould press)
2026-04-06 00:00:00,A,4822,1325219515091HURL2,2026-04-06 07:00:00,2026-04-06 15:00:00,64,15.0,0,Continuity (2-mould press)
2026-04-06 00:00:00,B,4822,1325219515091HURL2,2026-04-06 15:00:00,2026-04-06 23:00:00,64,15.0,0,Continuity (2-mould press)
2026-04-06 00:00:00,C,4822,1325219515091HURL2,2026-04-06 23:00:00,2026-04-07 07:00:00,64,15.0,0,Continuity (2-mould press)
2026-04-07 00:00:00,A,4822,1325219515091HURL2,2026-04-07 07:00:00,2026-04-07 15:00:00,64,15.0,0,Continuity (2-mould press)
2026-04-07 00:00:00,B,4822,1325219515091HURL2,2026-04-07 15:00:00,2026-04-07 23:00:00,64,15.0,0,Continuity (2-mould press)
2026-04-07 00:00:00,C,4822,1325219515091HURL2,2026-04-07 23:00:00,2026-04-08 07:00:00,64,15.0,0,Continuity (2-mould press)
2026-04-08 00:00:00,A,4822,1325219515091HURL2,2026-04-08 07:00:00,2026-04-08 15:00:00,64,15.0,0,Continuity (2-mould press)
2026-04-08 00:00:00,B,4822,1325219515091HURL2,2026-04-08 15:00:00,2026-04-08 23:00:00,64,15.0,0,Continuity (2-mould press)
2026-04-08 00:00:00,C,4822,1325219515091HURL2,2026-04-08 23:00:00,2026-04-09 07:00:00,64,15.0,0,Continuity (2-mould press)
2026-04-09 00:00:00,A,4822,1325219515091HURL2,2026-04-09 07:00:00,2026-04-09 15:00:00,64,15.0,0,Continuity (2-mould press)
2026-04-09 00:00:00,B,4822,1325219515091HURL2,2026-04-09 15:00:00,2026-04-09 23:00:00,64,15.0,0,Continuity (2-mould press)
2026-04-09 00:00:00,C,4822,1325219515091HURL2,2026-04-09 23:00:00,2026-04-10 07:00:00,64,15.0,0,Continuity (2-mould press)
2026-04-10 00:00:00,A,4822,1325219515091HURL2,2026-04-10 07:00:00,2026-04-10 15:00:00,64,15.0,0,Continuity (2-mould press)
2026-04-10 00:00:00,B,4822,1325219515091HURL2,2026-04-10 15:00:00,2026-04-10 23:00:00,64,15.0,0,Continuity (2-mould press)
2026-04-10 00:00:00,C,4822,1325219515091HURL2,2026-04-10 23:00:00,2026-04-11 03:30:00,36,15.0,0,Continuity (2-mould press)
2026-04-10 00:00:00,C,4822,MOULD_CLEAN,2026-04-11 03:30:00,2026-04-11 06:30:00,0,0.0,0,Mould cleaning (continuity)
2026-04-10 00:00:00,C,4822,1325219515091HURL2,2026-04-11 06:30:00,2026-04-11 07:00:00,4,15.0,0,Continuity (2-mould press)
2026-04-11 00:00:00,A,4822,1325219515091HURL2,2026-04-11 07:00:00,2026-04-11 15:00:00,64,15.0,0,Continuity (2-mould press)
2026-04-11 00:00:00,B,4822,1325219515091HURL2,2026-04-11 15:00:00,2026-04-11 23:00:00,64,15.0,0,Continuity (2-mould press)
2026-04-11 00:00:00,C,4822,1325219515091HURL2,2026-04-11 23:00:00,2026-04-12 07:00:00,64,15.0,0,Continuity (2-mould press)
2026-04-12 00:00:00,A,4822,1325219515091HURL2,2026-04-12 07:00:00,2026-04-12 15:00:00,64,15.0,0,Continuity (2-mould press)
2026-04-12 00:00:00,B,4822,1325219515091HURL2,2026-04-12 15:00:00,2026-04-12 23:00:00,64,15.0,0,Continuity (2-mould press)
2026-04-12 00:00:00,C,4822,1325219515091HURL2,2026-04-12 23:00:00,2026-04-13 07:00:00,64,15.0,0,Continuity (2-mould press)
2026-04-13 00:00:00,A,4822,1325219515091HURL2,2026-04-13 07:00:00,2026-04-13 15:00:00,64,15.0,0,Continuity (2-mould press)
2026-04-13 00:00:00,B,4822,1325219515091HURL2,2026-04-13 15:00:00,2026-04-13 23:00:00,64,15.0,0,Continuity (2-mould press)
2026-04-13 00:00:00,C,4822,1325219515091HURL2,2026-04-13 23:00:00,2026-04-14 07:00:00,64,15.0,0,Continuity (2-mould press)
2026-04-14 00:00:00,A,4822,1325219515091HURL2,2026-04-14 07:00:00,2026-04-14 15:00:00,64,15.0,0,Continuity (2-mould press)
2026-04-14 00:00:00,B,4822,1325219515091HURL2,2026-04-14 15:00:00,2026-04-14 23:00:00,64,15.0,0,Continuity (2-mould press)
2026-04-14 00:00:00,C,4822,1325219515091HURL2,2026-04-14 23:00:00,2026-04-15 07:00:00,64,15.0,0,Continuity (2-mould press)
2026-04-15 00:00:00,A,4822,1325219515091HURL2,2026-04-15 07:00:00,2026-04-15 15:00:00,64,15.0,0,Continuity (2-mould press)
2026-04-15 00:00:00,B,4822,1325219515091HURL2,2026-04-15 15:00:00,2026-04-15 23:00:00,64,15.0,0,Continuity (2-mould press)
2026-04-15 00:00:00,C,4822,1325219515091HURL2,2026-04-15 23:00:00,2026-04-16 07:00:00,64,15.0,0,Continuity (2-mould press)
2026-04-16 00:00:00,A,4822,1325219515091HURL2,2026-04-16 07:00:00,2026-04-16 15:00:00,64,15.0,0,Continuity (2-mould press)
2026-04-16 00:00:00,B,4822,1325219515091HURL2,2026-04-16 15:00:00,2026-04-16 23:00:00,64,15.0,0,Continuity (2-mould press)
2026-04-16 00:00:00,C,4822,1325219515091HURL2,2026-04-16 23:00:00,2026-04-17 07:00:00,64,15.0,0,Continuity (2-mould press)
2026-04-17 00:00:00,A,4822,1325219515091HURL2,2026-04-17 07:00:00,2026-04-17 15:00:00,64,15.0,0,Continuity (2-mould press)
2026-04-17 00:00:00,B,4822,1325219515091HURL2,2026-04-17 15:00:00,2026-04-17 23:00:00,64,15.0,0,Continuity (2-mould press)
2026-04-17 00:00:00,C,4822,1325219515091HURL2,2026-04-17 23:00:00,2026-04-18 07:00:00,64,15.0,0,Continuity (2-mould press)
2026-04-18 00:00:00,A,4822,1325219515091HURL2,2026-04-18 07:00:00,2026-04-18 15:00:00,64,15.0,0,Continuity (2-mould press)
2026-04-18 00:00:00,B,4822,1325219515091HURL2,2026-04-18 15:00:00,2026-04-18 23:00:00,64,15.0,0,Continuity (2-mould press)
2026-04-18 00:00:00,C,4822,1325219515091HURL2,2026-04-18 23:00:00,2026-04-19 07:00:00,64,15.0,0,Continuity (2-mould press)
2026-04-19 00:00:00,A,4822,1325219515091HURL2,2026-04-19 07:00:00,2026-04-19 15:00:00,64,15.0,0,Continuity (2-mould press)
2026-04-19 00:00:00,B,4822,1325219515091HURL2,2026-04-19 15:00:00,2026-04-19 23:00:00,64,15.0,0,Continuity (2-mould press)
2026-04-19 00:00:00,C,4822,1325219515091HURL2,2026-04-19 23:00:00,2026-04-20 07:00:00,64,15.0,0,Continuity (2-mould press)
2026-04-20 00:00:00,A,4822,1325219515091HURL2,2026-04-20 07:00:00,2026-04-20 15:00:00,64,15.0,0,Continuity (2-mould press)
2026-04-20 00:00:00,B,4822,1325219515091HURL2,2026-04-20 15:00:00,2026-04-20 23:00:00,64,15.0,0,Continuity (2-mould press)
2026-04-20 00:00:00,C,4822,1325219515091HURL2,2026-04-20 23:00:00,2026-04-21 07:00:00,64,15.0,0,Continuity (2-mould press)
2026-04-21 00:00:00,A,4822,1325219515091HURL2,2026-04-21 07:00:00,2026-04-21 15:00:00,64,15.0,0,Continuity (2-mould press)
2026-04-21 00:00:00,B,4822,1325219515091HURL2,2026-04-21 15:00:00,2026-04-21 23:00:00,64,15.0,0,Continuity (2-mould press)
2026-04-21 00:00:00,C,4822,1325219515091HURL2,2026-04-21 23:00:00,2026-04-22 07:00:00,64,15.0,0,Continuity (2-mould press)
2026-04-22 00:00:00,A,4822,1325219515091HURL2,2026-04-22 07:00:00,2026-04-22 15:00:00,64,15.0,0,Continuity (2-mould press)
2026-04-22 00:00:00,B,4822,1325219515091HURL2,2026-04-22 15:00:00,2026-04-22 23:00:00,64,15.0,0,Continuity (2-mould press)
2026-04-22 00:00:00,C,4822,1325219515091HURL2,2026-04-22 23:00:00,2026-04-23 07:00:00,64,15.0,0,Continuity (2-mould press)
2026-04-23 00:00:00,A,4822,1325219515091HURL2,2026-04-23 07:00:00,2026-04-23 15:00:00,64,15.0,0,Continuity (2-mould press)
2026-04-23 00:00:00,B,4822,1325219515091HURL2,2026-04-23 15:00:00,2026-04-23 23:00:00,64,15.0,0,Continuity (2-mould press)
2026-04-23 00:00:00,C,4822,1325219515091HURL2,2026-04-23 23:00:00,2026-04-24 07:00:00,64,15.0,0,Continuity (2-mould press)
2026-04-24 00:00:00,A,4822,1325219515091HURL2,2026-04-24 07:00:00,2026-04-24 15:00:00,64,15.0,0,Continuity (2-mould press)
2026-04-24 00:00:00,B,4822,1325219515091HURL2,2026-04-24 15:00:00,2026-04-24 23:00:00,64,15.0,0,Continuity (2-mould press)
2026-04-24 00:00:00,C,4822,1325219515091HURL2,2026-04-24 23:00:00,2026-04-25 07:00:00,64,15.0,0,Continuity (2-mould press)
2026-04-25 00:00:00,A,4822,1325219515091HURL2,2026-04-25 07:00:00,2026-04-25 15:00:00,64,15.0,0,Continuity (2-mould press)
2026-04-25 00:00:00,B,4822,1325219515091HURL2,2026-04-25 15:00:00,2026-04-25 23:00:00,64,15.0,0,Continuity (2-mould press)
2026-04-25 00:00:00,C,4822,1325219515091HURL2,2026-04-25 23:00:00,2026-04-26 07:00:00,64,15.0,0,Continuity (2-mould press)
2026-04-26 00:00:00,A,4822,1325219515091HURL2,2026-04-26 07:00:00,2026-04-26 15:00:00,64,15.0,0,Continuity (2-mould press)
2026-04-26 00:00:00,B,4822,1325219515091HURL2,2026-04-26 15:00:00,2026-04-26 23:00:00,64,15.0,0,Continuity (2-mould press)
2026-04-26 00:00:00,C,4822,1325219515091HURL2,2026-04-26 23:00:00,2026-04-27 07:00:00,64,15.0,0,Continuity (2-mould press)
2026-04-27 00:00:00,A,4822,1325219515091HURL2,2026-04-27 07:00:00,2026-04-27 15:00:00,64,15.0,0,Continuity (2-mould press)
2026-04-27 00:00:00,B,4822,1325219515091HURL2,2026-04-27 15:00:00,2026-04-27 23:00:00,64,15.0,0,Continuity (2-mould press)
2026-04-27 00:00:00,C,4822,1325219515091HURL2,2026-04-27 23:00:00,2026-04-28 07:00:00,64,15.0,0,Continuity (2-mould press)
2026-04-28 00:00:00,A,4822,1325219515091HURL2,2026-04-28 07:00:00,2026-04-28 15:00:00,64,15.0,0,Continuity (2-mould press)
2026-04-28 00:00:00,B,4822,1325219515091HURL2,2026-04-28 15:00:00,2026-04-28 16:15:00,10,15.0,0,Continuity (2-mould press)
2026-04-03 00:00:00,A,4823,1D25215013008SXC10,2026-04-03 07:00:00,2026-04-03 15:00:00,51,19.0,0,Continuity (2-mould press)
2026-04-03 00:00:00,B,4823,1D25215013008SXC10,2026-04-03 15:00:00,2026-04-03 23:00:00,51,19.0,0,Continuity (2-mould press)
2026-04-03 00:00:00,C,4823,1D25215013008SXC10,2026-04-03 23:00:00,2026-04-04 07:00:00,51,19.0,0,Continuity (2-mould press)
2026-04-04 00:00:00,A,4823,1D25215013008SXC10,2026-04-04 07:00:00,2026-04-04 15:00:00,51,19.0,0,Continuity (2-mould press)
2026-04-04 00:00:00,B,4823,1D25215013008SXC10,2026-04-04 15:00:00,2026-04-04 23:00:00,51,19.0,0,Continuity (2-mould press)
2026-04-04 00:00:00,C,4823,1D25215013008SXC10,2026-04-04 23:00:00,2026-04-05 07:00:00,51,19.0,0,Continuity (2-mould press)
2026-04-05 00:00:00,A,4823,1D25215013008SXC10,2026-04-05 07:00:00,2026-04-05 15:00:00,51,19.0,0,Continuity (2-mould press)
2026-04-05 00:00:00,B,4823,1D25215013008SXC10,2026-04-05 15:00:00,2026-04-05 23:00:00,51,19.0,0,Continuity (2-mould press)
2026-04-05 00:00:00,C,4823,1D25215013008SXC10,2026-04-05 23:00:00,2026-04-06 07:00:00,51,19.0,0,Continuity (2-mould press)
2026-04-06 00:00:00,A,4823,1D25215013008SXC10,2026-04-06 07:00:00,2026-04-06 15:00:00,51,19.0,0,Continuity (2-mould press)
2026-04-06 00:00:00,B,4823,1D25215013008SXC10,2026-04-06 15:00:00,2026-04-06 23:00:00,51,19.0,0,Continuity (2-mould press)
2026-04-06 00:00:00,C,4823,1D25215013008SXC10,2026-04-06 23:00:00,2026-04-07 07:00:00,51,19.0,0,Continuity (2-mould press)
2026-04-07 00:00:00,A,4823,1D25215013008SXC10,2026-04-07 07:00:00,2026-04-07 15:00:00,51,19.0,0,Continuity (2-mould press)
2026-04-07 00:00:00,B,4823,1D25215013008SXC10,2026-04-07 15:00:00,2026-04-07 23:00:00,51,19.0,0,Continuity (2-mould press)
2026-04-07 00:00:00,C,4823,1D25215013008SXC10,2026-04-07 23:00:00,2026-04-08 07:00:00,51,19.0,0,Continuity (2-mould press)
2026-04-08 00:00:00,A,4823,1D25215013008SXC10,2026-04-08 07:00:00,2026-04-08 15:00:00,51,19.0,0,Continuity (2-mould press)
2026-04-08 00:00:00,B,4823,1D25215013008SXC10,2026-04-08 15:00:00,2026-04-08 23:00:00,51,19.0,0,Continuity (2-mould press)
2026-04-08 00:00:00,C,4823,1D25215013008SXC10,2026-04-08 23:00:00,2026-04-09 07:00:00,51,19.0,0,Continuity (2-mould press)
2026-04-09 00:00:00,A,4823,1D25215013008SXC10,2026-04-09 07:00:00,2026-04-09 15:00:00,51,19.0,0,Continuity (2-mould press)
2026-04-09 00:00:00,B,4823,1D25215013008SXC10,2026-04-09 15:00:00,2026-04-09 23:00:00,51,19.0,0,Continuity (2-mould press)
2026-04-09 00:00:00,C,4823,1D25215013008SXC10,2026-04-09 23:00:00,2026-04-10 07:00:00,51,19.0,0,Continuity (2-mould press)
2026-04-10 00:00:00,A,4823,1D25215013008SXC10,2026-04-10 07:00:00,2026-04-10 15:00:00,51,19.0,0,Continuity (2-mould press)
2026-04-10 00:00:00,B,4823,1D25215013008SXC10,2026-04-10 15:00:00,2026-04-10 23:00:00,51,19.0,0,Continuity (2-mould press)
2026-04-10 00:00:00,C,4823,1D25215013008SXC10,2026-04-10 23:00:00,2026-04-11 07:00:00,51,19.0,0,Continuity (2-mould press)
2026-04-11 00:00:00,A,4823,1D25215013008SXC10,2026-04-11 07:00:00,2026-04-11 15:00:00,51,19.0,0,Continuity (2-mould press)
2026-04-11 00:00:00,B,4823,1D25215013008SXC10,2026-04-11 15:00:00,2026-04-11 23:00:00,51,19.0,0,Continuity (2-mould press)
2026-04-11 00:00:00,C,4823,1D25215013008SXC10,2026-04-11 23:00:00,2026-04-12 07:00:00,51,19.0,0,Continuity (2-mould press)
2026-04-12 00:00:00,A,4823,1D25215013008SXC10,2026-04-12 07:00:00,2026-04-12 15:00:00,51,19.0,0,Continuity (2-mould press)
2026-04-12 00:00:00,B,4823,1D25215013008SXC10,2026-04-12 15:00:00,2026-04-12 23:00:00,51,19.0,0,Continuity (2-mould press)
2026-04-12 00:00:00,C,4823,1D25215013008SXC10,2026-04-12 23:00:00,2026-04-13 07:00:00,51,19.0,0,Continuity (2-mould press)
2026-04-13 00:00:00,A,4823,1D25215013008SXC10,2026-04-13 07:00:00,2026-04-13 15:00:00,51,19.0,0,Continuity (2-mould press)
2026-04-13 00:00:00,B,4823,1D25215013008SXC10,2026-04-13 15:00:00,2026-04-13 23:00:00,51,19.0,0,Continuity (2-mould press)
2026-04-13 00:00:00,C,4823,1D25215013008SXC10,2026-04-13 23:00:00,2026-04-14 07:00:00,51,19.0,0,Continuity (2-mould press)
2026-04-14 00:00:00,A,4823,1D25215013008SXC10,2026-04-14 07:00:00,2026-04-14 15:00:00,51,19.0,0,Continuity (2-mould press)
2026-04-14 00:00:00,B,4823,1D25215013008SXC10,2026-04-14 15:00:00,2026-04-14 23:00:00,51,19.0,0,Continuity (2-mould press)
2026-04-14 00:00:00,C,4823,1D25215013008SXC10,2026-04-14 23:00:00,2026-04-15 07:00:00,51,19.0,0,Continuity (2-mould press)
2026-04-15 00:00:00,A,4823,1D25215013008SXC10,2026-04-15 07:00:00,2026-04-15 15:00:00,51,19.0,0,Continuity (2-mould press)
2026-04-15 00:00:00,B,4823,1D25215013008SXC10,2026-04-15 15:00:00,2026-04-15 23:00:00,51,19.0,0,Continuity (2-mould press)
2026-04-15 00:00:00,C,4823,1D25215013008SXC10,2026-04-15 23:00:00,2026-04-16 07:00:00,51,19.0,0,Continuity (2-mould press)
2026-04-16 00:00:00,A,4823,1D25215013008SXC10,2026-04-16 07:00:00,2026-04-16 15:00:00,51,19.0,0,Continuity (2-mould press)
2026-04-16 00:00:00,B,4823,1D25215013008SXC10,2026-04-16 15:00:00,2026-04-16 23:00:00,51,19.0,0,Continuity (2-mould press)
2026-04-16 00:00:00,C,4823,1D25215013008SXC10,2026-04-16 23:00:00,2026-04-17 07:00:00,51,19.0,0,Continuity (2-mould press)
2026-04-17 00:00:00,A,4823,1D25215013008SXC10,2026-04-17 07:00:00,2026-04-17 15:00:00,51,19.0,0,Continuity (2-mould press)
2026-04-17 00:00:00,B,4823,1D25215013008SXC10,2026-04-17 15:00:00,2026-04-17 23:00:00,51,19.0,0,Continuity (2-mould press)
2026-04-17 00:00:00,C,4823,1D25215013008SXC10,2026-04-17 23:00:00,2026-04-18 07:00:00,51,19.0,0,Continuity (2-mould press)
2026-04-18 00:00:00,A,4823,1D25215013008SXC10,2026-04-18 07:00:00,2026-04-18 15:00:00,51,19.0,0,Continuity (2-mould press)
2026-04-18 00:00:00,B,4823,1D25215013008SXC10,2026-04-18 15:00:00,2026-04-18 23:00:00,51,19.0,0,Continuity (2-mould press)
2026-04-18 00:00:00,C,4823,1D25215013008SXC10,2026-04-18 23:00:00,2026-04-19 07:00:00,51,19.0,0,Continuity (2-mould press)
2026-04-19 00:00:00,A,4823,1D25215013008SXC10,2026-04-19 07:00:00,2026-04-19 15:00:00,51,19.0,0,Continuity (2-mould press)
2026-04-19 00:00:00,B,4823,1D25215013008SXC10,2026-04-19 15:00:00,2026-04-19 23:00:00,51,19.0,0,Continuity (2-mould press)
2026-04-19 00:00:00,C,4823,1D25215013008SXC10,2026-04-19 23:00:00,2026-04-20 07:00:00,51,19.0,0,Continuity (2-mould press)
2026-04-20 00:00:00,A,4823,1D25215013008SXC10,2026-04-20 07:00:00,2026-04-20 15:00:00,51,19.0,0,Continuity (2-mould press)
2026-04-20 00:00:00,B,4823,1D25215013008SXC10,2026-04-20 15:00:00,2026-04-20 23:00:00,51,19.0,0,Continuity (2-mould press)
2026-04-20 00:00:00,C,4823,1D25215013008SXC10,2026-04-20 23:00:00,2026-04-21 07:00:00,51,19.0,0,Continuity (2-mould press)
2026-04-21 00:00:00,A,4823,1D25215013008SXC10,2026-04-21 07:00:00,2026-04-21 15:00:00,51,19.0,0,Continuity (2-mould press)
2026-04-21 00:00:00,B,4823,1D25215013008SXC10,2026-04-21 15:00:00,2026-04-21 23:00:00,51,19.0,0,Continuity (2-mould press)
2026-04-21 00:00:00,C,4823,1D25215013008SXC10,2026-04-21 23:00:00,2026-04-22 07:00:00,51,19.0,0,Continuity (2-mould press)
2026-04-22 00:00:00,A,4823,1D25215013008SXC10,2026-04-22 07:00:00,2026-04-22 15:00:00,51,19.0,0,Continuity (2-mould press)
2026-04-22 00:00:00,B,4823,1D25215013008SXC10,2026-04-22 15:00:00,2026-04-22 23:00:00,51,19.0,0,Continuity (2-mould press)
2026-04-22 00:00:00,C,4823,1D25215013008SXC10,2026-04-22 23:00:00,2026-04-23 07:00:00,51,19.0,0,Continuity (2-mould press)
2026-04-23 00:00:00,A,4823,1D25215013008SXC10,2026-04-23 07:00:00,2026-04-23 15:00:00,51,19.0,0,Continuity (2-mould press)
2026-04-23 00:00:00,B,4823,1D25215013008SXC10,2026-04-23 15:00:00,2026-04-23 23:00:00,51,19.0,0,Continuity (2-mould press)
2026-04-23 00:00:00,C,4823,1D25215013008SXC10,2026-04-23 23:00:00,2026-04-24 07:00:00,51,19.0,0,Continuity (2-mould press)
2026-04-24 00:00:00,A,4823,1D25215013008SXC10,2026-04-24 07:00:00,2026-04-24 15:00:00,51,19.0,0,Continuity (2-mould press)
2026-04-24 00:00:00,B,4823,1D25215013008SXC10,2026-04-24 15:00:00,2026-04-24 23:00:00,51,19.0,0,Continuity (2-mould press)
2026-04-24 00:00:00,C,4823,1D25215013008SXC10,2026-04-24 23:00:00,2026-04-25 07:00:00,51,19.0,0,Continuity (2-mould press)
2026-04-25 00:00:00,A,4823,1D25215013008SXC10,2026-04-25 07:00:00,2026-04-25 15:00:00,51,19.0,0,Continuity (2-mould press)
2026-04-25 00:00:00,B,4823,1D25215013008SXC10,2026-04-25 15:00:00,2026-04-25 23:00:00,51,19.0,0,Continuity (2-mould press)
2026-04-25 00:00:00,C,4823,1D25215013008SXC10,2026-04-25 23:00:00,2026-04-26 07:00:00,51,19.0,0,Continuity (2-mould press)
2026-04-26 00:00:00,A,4823,1D25215013008SXC10,2026-04-26 07:00:00,2026-04-26 15:00:00,51,19.0,0,Continuity (2-mould press)
2026-04-26 00:00:00,B,4823,1D25215013008SXC10,2026-04-26 15:00:00,2026-04-26 23:00:00,51,19.0,0,Continuity (2-mould press)
2026-04-26 00:00:00,C,4823,1D25215013008SXC10,2026-04-26 23:00:00,2026-04-27 07:00:00,51,19.0,0,Continuity (2-mould press)
2026-04-27 00:00:00,A,4823,1D25215013008SXC10,2026-04-27 07:00:00,2026-04-27 15:00:00,51,19.0,0,Continuity (2-mould press)
2026-04-27 00:00:00,B,4823,1D25215013008SXC10,2026-04-27 15:00:00,2026-04-27 23:00:00,51,19.0,0,Continuity (2-mould press)
2026-04-27 00:00:00,C,4823,1D25215013008SXC10,2026-04-27 23:00:00,2026-04-28 07:00:00,51,19.0,0,Continuity (2-mould press)
2026-04-28 00:00:00,A,4823,1D25215013008SXC10,2026-04-28 07:00:00,2026-04-28 15:00:00,51,19.0,0,Continuity (2-mould press)
2026-04-28 00:00:00,B,4823,1D25215013008SXC10,2026-04-28 15:00:00,2026-04-28 23:00:00,51,19.0,0,Continuity (2-mould press)
2026-04-28 00:00:00,C,4823,1D25215013008SXC10,2026-04-28 23:00:00,2026-04-29 03:21:00,27,19.0,0,Continuity (2-mould press)
2026-04-28 00:00:00,C,4823,MOULD_CLEAN,2026-04-29 03:21:00,2026-04-29 06:21:00,0,0.0,0,Mould cleaning (continuity)
2026-04-28 00:00:00,C,4823,1D25215013008SXC10,2026-04-29 06:21:00,2026-04-29 07:00:00,4,19.0,0,Continuity (2-mould press)
2026-04-29 00:00:00,A,4823,1D25215013008SXC10,2026-04-29 07:00:00,2026-04-29 15:00:00,51,19.0,0,Continuity (2-mould press)
2026-04-29 00:00:00,B,4823,1D25215013008SXC10,2026-04-29 15:00:00,2026-04-29 23:00:00,51,19.0,0,Continuity (2-mould press)
2026-04-29 00:00:00,C,4823,1D25215013008SXC10,2026-04-29 23:00:00,2026-04-30 07:00:00,51,19.0,0,Continuity (2-mould press)
2026-04-30 00:00:00,A,4823,1D25215013008SXC10,2026-04-30 07:00:00,2026-04-30 08:38:00,10,19.0,0,Continuity (2-mould press)
2026-04-03 00:00:00,A,4824,1D25215013008SXC10,2026-04-03 07:00:00,2026-04-03 15:00:00,51,19.0,0,Continuity (2-mould press)
2026-04-03 00:00:00,B,4824,1D25215013008SXC10,2026-04-03 15:00:00,2026-04-03 23:00:00,51,19.0,0,Continuity (2-mould press)
2026-04-03 00:00:00,C,4824,1D25215013008SXC10,2026-04-03 23:00:00,2026-04-04 07:00:00,51,19.0,0,Continuity (2-mould press)
2026-04-04 00:00:00,A,4824,1D25215013008SXC10,2026-04-04 07:00:00,2026-04-04 15:00:00,51,19.0,0,Continuity (2-mould press)
2026-04-04 00:00:00,B,4824,1D25215013008SXC10,2026-04-04 15:00:00,2026-04-04 23:00:00,51,19.0,0,Continuity (2-mould press)
2026-04-04 00:00:00,C,4824,1D25215013008SXC10,2026-04-04 23:00:00,2026-04-05 07:00:00,51,19.0,0,Continuity (2-mould press)
2026-04-05 00:00:00,A,4824,1D25215013008SXC10,2026-04-05 07:00:00,2026-04-05 15:00:00,51,19.0,0,Continuity (2-mould press)
2026-04-05 00:00:00,B,4824,1D25215013008SXC10,2026-04-05 15:00:00,2026-04-05 23:00:00,51,19.0,0,Continuity (2-mould press)
2026-04-05 00:00:00,C,4824,1D25215013008SXC10,2026-04-05 23:00:00,2026-04-06 07:00:00,51,19.0,0,Continuity (2-mould press)
2026-04-06 00:00:00,A,4824,1D25215013008SXC10,2026-04-06 07:00:00,2026-04-06 15:00:00,51,19.0,0,Continuity (2-mould press)
2026-04-06 00:00:00,B,4824,1D25215013008SXC10,2026-04-06 15:00:00,2026-04-06 23:00:00,51,19.0,0,Continuity (2-mould press)
2026-04-06 00:00:00,C,4824,1D25215013008SXC10,2026-04-06 23:00:00,2026-04-07 07:00:00,51,19.0,0,Continuity (2-mould press)
2026-04-07 00:00:00,A,4824,1D25215013008SXC10,2026-04-07 07:00:00,2026-04-07 15:00:00,51,19.0,0,Continuity (2-mould press)
2026-04-07 00:00:00,B,4824,1D25215013008SXC10,2026-04-07 15:00:00,2026-04-07 23:00:00,51,19.0,0,Continuity (2-mould press)
2026-04-07 00:00:00,C,4824,1D25215013008SXC10,2026-04-07 23:00:00,2026-04-08 07:00:00,51,19.0,0,Continuity (2-mould press)
2026-04-08 00:00:00,A,4824,1D25215013008SXC10,2026-04-08 07:00:00,2026-04-08 15:00:00,51,19.0,0,Continuity (2-mould press)
2026-04-08 00:00:00,B,4824,1D25215013008SXC10,2026-04-08 15:00:00,2026-04-08 23:00:00,51,19.0,0,Continuity (2-mould press)
2026-04-08 00:00:00,C,4824,1D25215013008SXC10,2026-04-08 23:00:00,2026-04-09 07:00:00,51,19.0,0,Continuity (2-mould press)
2026-04-09 00:00:00,A,4824,1D25215013008SXC10,2026-04-09 07:00:00,2026-04-09 15:00:00,51,19.0,0,Continuity (2-mould press)
2026-04-09 00:00:00,B,4824,1D25215013008SXC10,2026-04-09 15:00:00,2026-04-09 23:00:00,51,19.0,0,Continuity (2-mould press)
2026-04-09 00:00:00,C,4824,1D25215013008SXC10,2026-04-09 23:00:00,2026-04-10 07:00:00,51,19.0,0,Continuity (2-mould press)
2026-04-10 00:00:00,A,4824,1D25215013008SXC10,2026-04-10 07:00:00,2026-04-10 15:00:00,51,19.0,0,Continuity (2-mould press)
2026-04-10 00:00:00,B,4824,1D25215013008SXC10,2026-04-10 15:00:00,2026-04-10 23:00:00,51,19.0,0,Continuity (2-mould press)
2026-04-10 00:00:00,C,4824,1D25215013008SXC10,2026-04-10 23:00:00,2026-04-11 07:00:00,51,19.0,0,Continuity (2-mould press)
2026-04-11 00:00:00,A,4824,1D25215013008SXC10,2026-04-11 07:00:00,2026-04-11 15:00:00,51,19.0,0,Continuity (2-mould press)
2026-04-11 00:00:00,B,4824,1D25215013008SXC10,2026-04-11 15:00:00,2026-04-11 23:00:00,51,19.0,0,Continuity (2-mould press)
2026-04-11 00:00:00,C,4824,1D25215013008SXC10,2026-04-11 23:00:00,2026-04-12 07:00:00,51,19.0,0,Continuity (2-mould press)
2026-04-12 00:00:00,A,4824,1D25215013008SXC10,2026-04-12 07:00:00,2026-04-12 15:00:00,51,19.0,0,Continuity (2-mould press)
2026-04-12 00:00:00,B,4824,1D25215013008SXC10,2026-04-12 15:00:00,2026-04-12 23:00:00,51,19.0,0,Continuity (2-mould press)
2026-04-12 00:00:00,C,4824,1D25215013008SXC10,2026-04-12 23:00:00,2026-04-13 07:00:00,51,19.0,0,Continuity (2-mould press)
2026-04-13 00:00:00,A,4824,1D25215013008SXC10,2026-04-13 07:00:00,2026-04-13 15:00:00,51,19.0,0,Continuity (2-mould press)
2026-04-13 00:00:00,B,4824,1D25215013008SXC10,2026-04-13 15:00:00,2026-04-13 23:00:00,51,19.0,0,Continuity (2-mould press)
2026-04-13 00:00:00,C,4824,1D25215013008SXC10,2026-04-13 23:00:00,2026-04-14 07:00:00,51,19.0,0,Continuity (2-mould press)
2026-04-14 00:00:00,A,4824,1D25215013008SXC10,2026-04-14 07:00:00,2026-04-14 15:00:00,51,19.0,0,Continuity (2-mould press)
2026-04-14 00:00:00,B,4824,1D25215013008SXC10,2026-04-14 15:00:00,2026-04-14 23:00:00,51,19.0,0,Continuity (2-mould press)
2026-04-14 00:00:00,C,4824,1D25215013008SXC10,2026-04-14 23:00:00,2026-04-15 07:00:00,51,19.0,0,Continuity (2-mould press)
2026-04-15 00:00:00,A,4824,1D25215013008SXC10,2026-04-15 07:00:00,2026-04-15 15:00:00,51,19.0,0,Continuity (2-mould press)
2026-04-15 00:00:00,B,4824,1D25215013008SXC10,2026-04-15 15:00:00,2026-04-15 23:00:00,51,19.0,0,Continuity (2-mould press)
2026-04-15 00:00:00,C,4824,1D25215013008SXC10,2026-04-15 23:00:00,2026-04-16 07:00:00,51,19.0,0,Continuity (2-mould press)
2026-04-16 00:00:00,A,4824,1D25215013008SXC10,2026-04-16 07:00:00,2026-04-16 15:00:00,51,19.0,0,Continuity (2-mould press)
2026-04-16 00:00:00,B,4824,1D25215013008SXC10,2026-04-16 15:00:00,2026-04-16 23:00:00,51,19.0,0,Continuity (2-mould press)
2026-04-16 00:00:00,C,4824,1D25215013008SXC10,2026-04-16 23:00:00,2026-04-17 07:00:00,51,19.0,0,Continuity (2-mould press)
2026-04-17 00:00:00,A,4824,1D25215013008SXC10,2026-04-17 07:00:00,2026-04-17 15:00:00,51,19.0,0,Continuity (2-mould press)
2026-04-17 00:00:00,B,4824,1D25215013008SXC10,2026-04-17 15:00:00,2026-04-17 23:00:00,51,19.0,0,Continuity (2-mould press)
2026-04-17 00:00:00,C,4824,1D25215013008SXC10,2026-04-17 23:00:00,2026-04-18 07:00:00,51,19.0,0,Continuity (2-mould press)
2026-04-18 00:00:00,A,4824,1D25215013008SXC10,2026-04-18 07:00:00,2026-04-18 15:00:00,51,19.0,0,Continuity (2-mould press)
2026-04-18 00:00:00,B,4824,1D25215013008SXC10,2026-04-18 15:00:00,2026-04-18 23:00:00,51,19.0,0,Continuity (2-mould press)
2026-04-18 00:00:00,C,4824,1D25215013008SXC10,2026-04-18 23:00:00,2026-04-19 07:00:00,51,19.0,0,Continuity (2-mould press)
2026-04-19 00:00:00,A,4824,1D25215013008SXC10,2026-04-19 07:00:00,2026-04-19 15:00:00,51,19.0,0,Continuity (2-mould press)
2026-04-19 00:00:00,B,4824,1D25215013008SXC10,2026-04-19 15:00:00,2026-04-19 23:00:00,51,19.0,0,Continuity (2-mould press)
2026-04-19 00:00:00,C,4824,1D25215013008SXC10,2026-04-19 23:00:00,2026-04-20 07:00:00,51,19.0,0,Continuity (2-mould press)
2026-04-20 00:00:00,A,4824,1D25215013008SXC10,2026-04-20 07:00:00,2026-04-20 15:00:00,51,19.0,0,Continuity (2-mould press)
2026-04-20 00:00:00,B,4824,1D25215013008SXC10,2026-04-20 15:00:00,2026-04-20 23:00:00,51,19.0,0,Continuity (2-mould press)
2026-04-20 00:00:00,C,4824,1D25215013008SXC10,2026-04-20 23:00:00,2026-04-21 07:00:00,51,19.0,0,Continuity (2-mould press)
2026-04-21 00:00:00,A,4824,1D25215013008SXC10,2026-04-21 07:00:00,2026-04-21 15:00:00,51,19.0,0,Continuity (2-mould press)
2026-04-21 00:00:00,B,4824,1D25215013008SXC10,2026-04-21 15:00:00,2026-04-21 23:00:00,51,19.0,0,Continuity (2-mould press)
2026-04-21 00:00:00,C,4824,1D25215013008SXC10,2026-04-21 23:00:00,2026-04-22 07:00:00,51,19.0,0,Continuity (2-mould press)
2026-04-22 00:00:00,A,4824,1D25215013008SXC10,2026-04-22 07:00:00,2026-04-22 15:00:00,51,19.0,0,Continuity (2-mould press)
2026-04-22 00:00:00,B,4824,1D25215013008SXC10,2026-04-22 15:00:00,2026-04-22 23:00:00,51,19.0,0,Continuity (2-mould press)
2026-04-22 00:00:00,C,4824,1D25215013008SXC10,2026-04-22 23:00:00,2026-04-23 07:00:00,51,19.0,0,Continuity (2-mould press)
2026-04-23 00:00:00,A,4824,1D25215013008SXC10,2026-04-23 07:00:00,2026-04-23 08:01:00,6,19.0,0,Continuity (2-mould press)
2026-04-23 00:00:00,A,4824,MOULD_CLEAN,2026-04-23 08:01:00,2026-04-23 11:01:00,0,0.0,0,Mould cleaning (continuity)
2026-04-23 00:00:00,A,4824,1D25215013008SXC10,2026-04-23 11:01:00,2026-04-23 15:00:00,25,19.0,0,Continuity (2-mould press)
2026-04-23 00:00:00,B,4824,1D25215013008SXC10,2026-04-23 15:00:00,2026-04-23 23:00:00,51,19.0,0,Continuity (2-mould press)
2026-04-23 00:00:00,C,4824,1D25215013008SXC10,2026-04-23 23:00:00,2026-04-24 07:00:00,51,19.0,0,Continuity (2-mould press)
2026-04-24 00:00:00,A,4824,1D25215013008SXC10,2026-04-24 07:00:00,2026-04-24 15:00:00,51,19.0,0,Continuity (2-mould press)
2026-04-24 00:00:00,B,4824,1D25215013008SXC10,2026-04-24 15:00:00,2026-04-24 23:00:00,51,19.0,0,Continuity (2-mould press)
2026-04-24 00:00:00,C,4824,1D25215013008SXC10,2026-04-24 23:00:00,2026-04-25 07:00:00,51,19.0,0,Continuity (2-mould press)
2026-04-25 00:00:00,A,4824,1D25215013008SXC10,2026-04-25 07:00:00,2026-04-25 15:00:00,51,19.0,0,Continuity (2-mould press)
2026-04-25 00:00:00,B,4824,1D25215013008SXC10,2026-04-25 15:00:00,2026-04-25 23:00:00,51,19.0,0,Continuity (2-mould press)
2026-04-25 00:00:00,C,4824,1D25215013008SXC10,2026-04-25 23:00:00,2026-04-26 07:00:00,51,19.0,0,Continuity (2-mould press)
2026-04-26 00:00:00,A,4824,1D25215013008SXC10,2026-04-26 07:00:00,2026-04-26 15:00:00,51,19.0,0,Continuity (2-mould press)
2026-04-26 00:00:00,B,4824,1D25215013008SXC10,2026-04-26 15:00:00,2026-04-26 23:00:00,51,19.0,0,Continuity (2-mould press)
2026-04-26 00:00:00,C,4824,1D25215013008SXC10,2026-04-26 23:00:00,2026-04-27 07:00:00,51,19.0,0,Continuity (2-mould press)
2026-04-27 00:00:00,A,4824,1D25215013008SXC10,2026-04-27 07:00:00,2026-04-27 15:00:00,51,19.0,0,Continuity (2-mould press)
2026-04-27 00:00:00,B,4824,1D25215013008SXC10,2026-04-27 15:00:00,2026-04-27 23:00:00,51,19.0,0,Continuity (2-mould press)
2026-04-27 00:00:00,C,4824,1D25215013008SXC10,2026-04-27 23:00:00,2026-04-28 07:00:00,51,19.0,0,Continuity (2-mould press)
2026-04-28 00:00:00,A,4824,1D25215013008SXC10,2026-04-28 07:00:00,2026-04-28 15:00:00,51,19.0,0,Continuity (2-mould press)
2026-04-28 00:00:00,B,4824,1D25215013008SXC10,2026-04-28 15:00:00,2026-04-28 23:00:00,51,19.0,0,Continuity (2-mould press)
2026-04-28 00:00:00,C,4824,1D25215013008SXC10,2026-04-28 23:00:00,2026-04-29 07:00:00,51,19.0,0,Continuity (2-mould press)
2026-04-29 00:00:00,A,4824,1D25215013008SXC10,2026-04-29 07:00:00,2026-04-29 15:00:00,51,19.0,0,Continuity (2-mould press)
2026-04-29 00:00:00,B,4824,1D25215013008SXC10,2026-04-29 15:00:00,2026-04-29 23:00:00,51,19.0,0,Continuity (2-mould press)
2026-04-29 00:00:00,C,4824,1D25215013008SXC10,2026-04-29 23:00:00,2026-04-30 07:00:00,51,19.0,0,Continuity (2-mould press)
2026-04-30 00:00:00,A,4824,1D25215013008SXC10,2026-04-30 07:00:00,2026-04-30 08:38:00,10,19.0,0,Continuity (2-mould press)
2026-04-03 00:00:00,A,4825,1D25215013008SXC10,2026-04-03 07:00:00,2026-04-03 15:00:00,51,19.0,0,Continuity (2-mould press)
2026-04-03 00:00:00,B,4825,1D25215013008SXC10,2026-04-03 15:00:00,2026-04-03 23:00:00,51,19.0,0,Continuity (2-mould press)
2026-04-03 00:00:00,C,4825,1D25215013008SXC10,2026-04-03 23:00:00,2026-04-04 07:00:00,51,19.0,0,Continuity (2-mould press)
2026-04-04 00:00:00,A,4825,1D25215013008SXC10,2026-04-04 07:00:00,2026-04-04 15:00:00,51,19.0,0,Continuity (2-mould press)
2026-04-04 00:00:00,B,4825,1D25215013008SXC10,2026-04-04 15:00:00,2026-04-04 23:00:00,51,19.0,0,Continuity (2-mould press)
2026-04-04 00:00:00,C,4825,1D25215013008SXC10,2026-04-04 23:00:00,2026-04-05 07:00:00,51,19.0,0,Continuity (2-mould press)
2026-04-05 00:00:00,A,4825,1D25215013008SXC10,2026-04-05 07:00:00,2026-04-05 15:00:00,51,19.0,0,Continuity (2-mould press)
2026-04-05 00:00:00,B,4825,1D25215013008SXC10,2026-04-05 15:00:00,2026-04-05 23:00:00,51,19.0,0,Continuity (2-mould press)
2026-04-05 00:00:00,C,4825,1D25215013008SXC10,2026-04-05 23:00:00,2026-04-06 07:00:00,51,19.0,0,Continuity (2-mould press)
2026-04-06 00:00:00,A,4825,1D25215013008SXC10,2026-04-06 07:00:00,2026-04-06 15:00:00,51,19.0,0,Continuity (2-mould press)
2026-04-06 00:00:00,B,4825,1D25215013008SXC10,2026-04-06 15:00:00,2026-04-06 23:00:00,51,19.0,0,Continuity (2-mould press)
2026-04-06 00:00:00,C,4825,1D25215013008SXC10,2026-04-06 23:00:00,2026-04-07 07:00:00,51,19.0,0,Continuity (2-mould press)
2026-04-07 00:00:00,A,4825,1D25215013008SXC10,2026-04-07 07:00:00,2026-04-07 15:00:00,51,19.0,0,Continuity (2-mould press)
2026-04-07 00:00:00,B,4825,1D25215013008SXC10,2026-04-07 15:00:00,2026-04-07 23:00:00,51,19.0,0,Continuity (2-mould press)
2026-04-07 00:00:00,C,4825,1D25215013008SXC10,2026-04-07 23:00:00,2026-04-08 07:00:00,51,19.0,0,Continuity (2-mould press)
2026-04-08 00:00:00,A,4825,1D25215013008SXC10,2026-04-08 07:00:00,2026-04-08 15:00:00,51,19.0,0,Continuity (2-mould press)
2026-04-08 00:00:00,B,4825,1D25215013008SXC10,2026-04-08 15:00:00,2026-04-08 23:00:00,51,19.0,0,Continuity (2-mould press)
2026-04-08 00:00:00,C,4825,1D25215013008SXC10,2026-04-08 23:00:00,2026-04-09 07:00:00,51,19.0,0,Continuity (2-mould press)
2026-04-09 00:00:00,A,4825,1D25215013008SXC10,2026-04-09 07:00:00,2026-04-09 15:00:00,51,19.0,0,Continuity (2-mould press)
2026-04-09 00:00:00,B,4825,1D25215013008SXC10,2026-04-09 15:00:00,2026-04-09 23:00:00,51,19.0,0,Continuity (2-mould press)
2026-04-09 00:00:00,C,4825,1D25215013008SXC10,2026-04-09 23:00:00,2026-04-10 07:00:00,51,19.0,0,Continuity (2-mould press)
2026-04-10 00:00:00,A,4825,1D25215013008SXC10,2026-04-10 07:00:00,2026-04-10 15:00:00,51,19.0,0,Continuity (2-mould press)
2026-04-10 00:00:00,B,4825,1D25215013008SXC10,2026-04-10 15:00:00,2026-04-10 23:00:00,51,19.0,0,Continuity (2-mould press)
2026-04-10 00:00:00,C,4825,1D25215013008SXC10,2026-04-10 23:00:00,2026-04-11 07:00:00,51,19.0,0,Continuity (2-mould press)
2026-04-11 00:00:00,A,4825,1D25215013008SXC10,2026-04-11 07:00:00,2026-04-11 15:00:00,51,19.0,0,Continuity (2-mould press)
2026-04-11 00:00:00,B,4825,1D25215013008SXC10,2026-04-11 15:00:00,2026-04-11 23:00:00,51,19.0,0,Continuity (2-mould press)
2026-04-11 00:00:00,C,4825,1D25215013008SXC10,2026-04-11 23:00:00,2026-04-12 07:00:00,51,19.0,0,Continuity (2-mould press)
2026-04-12 00:00:00,A,4825,1D25215013008SXC10,2026-04-12 07:00:00,2026-04-12 15:00:00,51,19.0,0,Continuity (2-mould press)
2026-04-12 00:00:00,B,4825,1D25215013008SXC10,2026-04-12 15:00:00,2026-04-12 23:00:00,51,19.0,0,Continuity (2-mould press)
2026-04-12 00:00:00,C,4825,1D25215013008SXC10,2026-04-12 23:00:00,2026-04-13 07:00:00,51,19.0,0,Continuity (2-mould press)
2026-04-13 00:00:00,A,4825,1D25215013008SXC10,2026-04-13 07:00:00,2026-04-13 15:00:00,51,19.0,0,Continuity (2-mould press)
2026-04-13 00:00:00,B,4825,1D25215013008SXC10,2026-04-13 15:00:00,2026-04-13 23:00:00,51,19.0,0,Continuity (2-mould press)
2026-04-13 00:00:00,C,4825,1D25215013008SXC10,2026-04-13 23:00:00,2026-04-14 07:00:00,51,19.0,0,Continuity (2-mould press)
2026-04-14 00:00:00,A,4825,1D25215013008SXC10,2026-04-14 07:00:00,2026-04-14 15:00:00,51,19.0,0,Continuity (2-mould press)
2026-04-14 00:00:00,B,4825,1D25215013008SXC10,2026-04-14 15:00:00,2026-04-14 23:00:00,51,19.0,0,Continuity (2-mould press)
2026-04-14 00:00:00,C,4825,1D25215013008SXC10,2026-04-14 23:00:00,2026-04-15 07:00:00,51,19.0,0,Continuity (2-mould press)
2026-04-15 00:00:00,A,4825,1D25215013008SXC10,2026-04-15 07:00:00,2026-04-15 15:00:00,51,19.0,0,Continuity (2-mould press)
2026-04-15 00:00:00,B,4825,1D25215013008SXC10,2026-04-15 15:00:00,2026-04-15 23:00:00,51,19.0,0,Continuity (2-mould press)
2026-04-15 00:00:00,C,4825,1D25215013008SXC10,2026-04-15 23:00:00,2026-04-16 07:00:00,51,19.0,0,Continuity (2-mould press)
2026-04-16 00:00:00,A,4825,1D25215013008SXC10,2026-04-16 07:00:00,2026-04-16 15:00:00,51,19.0,0,Continuity (2-mould press)
2026-04-16 00:00:00,B,4825,1D25215013008SXC10,2026-04-16 15:00:00,2026-04-16 23:00:00,51,19.0,0,Continuity (2-mould press)
2026-04-16 00:00:00,C,4825,1D25215013008SXC10,2026-04-16 23:00:00,2026-04-17 07:00:00,51,19.0,0,Continuity (2-mould press)
2026-04-17 00:00:00,A,4825,1D25215013008SXC10,2026-04-17 07:00:00,2026-04-17 15:00:00,51,19.0,0,Continuity (2-mould press)
2026-04-17 00:00:00,B,4825,1D25215013008SXC10,2026-04-17 15:00:00,2026-04-17 23:00:00,51,19.0,0,Continuity (2-mould press)
2026-04-17 00:00:00,C,4825,1D25215013008SXC10,2026-04-17 23:00:00,2026-04-18 07:00:00,51,19.0,0,Continuity (2-mould press)
2026-04-18 00:00:00,A,4825,1D25215013008SXC10,2026-04-18 07:00:00,2026-04-18 15:00:00,51,19.0,0,Continuity (2-mould press)
2026-04-18 00:00:00,B,4825,1D25215013008SXC10,2026-04-18 15:00:00,2026-04-18 23:00:00,51,19.0,0,Continuity (2-mould press)
2026-04-18 00:00:00,C,4825,1D25215013008SXC10,2026-04-18 23:00:00,2026-04-19 07:00:00,51,19.0,0,Continuity (2-mould press)
2026-04-19 00:00:00,A,4825,1D25215013008SXC10,2026-04-19 07:00:00,2026-04-19 15:00:00,51,19.0,0,Continuity (2-mould press)
2026-04-19 00:00:00,B,4825,1D25215013008SXC10,2026-04-19 15:00:00,2026-04-19 23:00:00,51,19.0,0,Continuity (2-mould press)
2026-04-19 00:00:00,C,4825,1D25215013008SXC10,2026-04-19 23:00:00,2026-04-20 07:00:00,51,19.0,0,Continuity (2-mould press)
2026-04-20 00:00:00,A,4825,1D25215013008SXC10,2026-04-20 07:00:00,2026-04-20 15:00:00,51,19.0,0,Continuity (2-mould press)
2026-04-20 00:00:00,B,4825,1D25215013008SXC10,2026-04-20 15:00:00,2026-04-20 23:00:00,51,19.0,0,Continuity (2-mould press)
2026-04-20 00:00:00,C,4825,1D25215013008SXC10,2026-04-20 23:00:00,2026-04-21 07:00:00,51,19.0,0,Continuity (2-mould press)
2026-04-21 00:00:00,A,4825,1D25215013008SXC10,2026-04-21 07:00:00,2026-04-21 15:00:00,51,19.0,0,Continuity (2-mould press)
2026-04-21 00:00:00,B,4825,1D25215013008SXC10,2026-04-21 15:00:00,2026-04-21 23:00:00,51,19.0,0,Continuity (2-mould press)
2026-04-21 00:00:00,C,4825,1D25215013008SXC10,2026-04-21 23:00:00,2026-04-22 07:00:00,51,19.0,0,Continuity (2-mould press)
2026-04-22 00:00:00,A,4825,1D25215013008SXC10,2026-04-22 07:00:00,2026-04-22 15:00:00,51,19.0,0,Continuity (2-mould press)
2026-04-22 00:00:00,B,4825,1D25215013008SXC10,2026-04-22 15:00:00,2026-04-22 23:00:00,51,19.0,0,Continuity (2-mould press)
2026-04-22 00:00:00,C,4825,1D25215013008SXC10,2026-04-22 23:00:00,2026-04-23 07:00:00,51,19.0,0,Continuity (2-mould press)
2026-04-23 00:00:00,A,4825,1D25215013008SXC10,2026-04-23 07:00:00,2026-04-23 07:42:00,4,19.0,0,Continuity (2-mould press)
2026-04-23 00:00:00,A,4825,MOULD_CLEAN,2026-04-23 07:42:00,2026-04-23 10:42:00,0,0.0,0,Mould cleaning (continuity)
2026-04-23 00:00:00,A,4825,1D25215013008SXC10,2026-04-23 10:42:00,2026-04-23 15:00:00,27,19.0,0,Continuity (2-mould press)
2026-04-23 00:00:00,B,4825,1D25215013008SXC10,2026-04-23 15:00:00,2026-04-23 23:00:00,51,19.0,0,Continuity (2-mould press)
2026-04-23 00:00:00,C,4825,1D25215013008SXC10,2026-04-23 23:00:00,2026-04-24 07:00:00,51,19.0,0,Continuity (2-mould press)
2026-04-24 00:00:00,A,4825,1D25215013008SXC10,2026-04-24 07:00:00,2026-04-24 15:00:00,51,19.0,0,Continuity (2-mould press)
2026-04-24 00:00:00,B,4825,1D25215013008SXC10,2026-04-24 15:00:00,2026-04-24 23:00:00,51,19.0,0,Continuity (2-mould press)
2026-04-24 00:00:00,C,4825,1D25215013008SXC10,2026-04-24 23:00:00,2026-04-25 07:00:00,51,19.0,0,Continuity (2-mould press)
2026-04-25 00:00:00,A,4825,1D25215013008SXC10,2026-04-25 07:00:00,2026-04-25 15:00:00,51,19.0,0,Continuity (2-mould press)
2026-04-25 00:00:00,B,4825,1D25215013008SXC10,2026-04-25 15:00:00,2026-04-25 23:00:00,51,19.0,0,Continuity (2-mould press)
2026-04-25 00:00:00,C,4825,1D25215013008SXC10,2026-04-25 23:00:00,2026-04-26 07:00:00,51,19.0,0,Continuity (2-mould press)
2026-04-26 00:00:00,A,4825,1D25215013008SXC10,2026-04-26 07:00:00,2026-04-26 15:00:00,51,19.0,0,Continuity (2-mould press)
2026-04-26 00:00:00,B,4825,1D25215013008SXC10,2026-04-26 15:00:00,2026-04-26 23:00:00,51,19.0,0,Continuity (2-mould press)
2026-04-26 00:00:00,C,4825,1D25215013008SXC10,2026-04-26 23:00:00,2026-04-27 07:00:00,51,19.0,0,Continuity (2-mould press)
2026-04-27 00:00:00,A,4825,1D25215013008SXC10,2026-04-27 07:00:00,2026-04-27 15:00:00,51,19.0,0,Continuity (2-mould press)
2026-04-27 00:00:00,B,4825,1D25215013008SXC10,2026-04-27 15:00:00,2026-04-27 23:00:00,51,19.0,0,Continuity (2-mould press)
2026-04-27 00:00:00,C,4825,1D25215013008SXC10,2026-04-27 23:00:00,2026-04-28 07:00:00,51,19.0,0,Continuity (2-mould press)
2026-04-28 00:00:00,A,4825,1D25215013008SXC10,2026-04-28 07:00:00,2026-04-28 15:00:00,51,19.0,0,Continuity (2-mould press)
2026-04-28 00:00:00,B,4825,1D25215013008SXC10,2026-04-28 15:00:00,2026-04-28 23:00:00,51,19.0,0,Continuity (2-mould press)
2026-04-28 00:00:00,C,4825,1D25215013008SXC10,2026-04-28 23:00:00,2026-04-29 07:00:00,51,19.0,0,Continuity (2-mould press)
2026-04-29 00:00:00,A,4825,1D25215013008SXC10,2026-04-29 07:00:00,2026-04-29 15:00:00,51,19.0,0,Continuity (2-mould press)
2026-04-29 00:00:00,B,4825,1D25215013008SXC10,2026-04-29 15:00:00,2026-04-29 23:00:00,51,19.0,0,Continuity (2-mould press)
2026-04-29 00:00:00,C,4825,1D25215013008SXC10,2026-04-29 23:00:00,2026-04-30 07:00:00,51,19.0,0,Continuity (2-mould press)
2026-04-30 00:00:00,A,4825,1D25215013008SXC10,2026-04-30 07:00:00,2026-04-30 08:38:00,10,19.0,0,Continuity (2-mould press)
2026-04-03 00:00:00,A,4826,1325217515084HURL2,2026-04-03 07:00:00,2026-04-03 15:00:00,64,15.0,0,Continuity (2-mould press)
2026-04-03 00:00:00,B,4826,1325217515084HURL2,2026-04-03 15:00:00,2026-04-03 23:00:00,64,15.0,0,Continuity (2-mould press)
2026-04-03 00:00:00,C,4826,1325217515084HURL2,2026-04-03 23:00:00,2026-04-04 07:00:00,64,15.0,0,Continuity (2-mould press)
2026-04-04 00:00:00,A,4826,1325217515084HURL2,2026-04-04 07:00:00,2026-04-04 15:00:00,64,15.0,0,Continuity (2-mould press)
2026-04-04 00:00:00,B,4826,1325217515084HURL2,2026-04-04 15:00:00,2026-04-04 23:00:00,64,15.0,0,Continuity (2-mould press)
2026-04-04 00:00:00,C,4826,1325217515084HURL2,2026-04-04 23:00:00,2026-04-05 07:00:00,64,15.0,0,Continuity (2-mould press)
2026-04-05 00:00:00,A,4826,1325217515084HURL2,2026-04-05 07:00:00,2026-04-05 15:00:00,64,15.0,0,Continuity (2-mould press)
2026-04-05 00:00:00,B,4826,1325217515084HURL2,2026-04-05 15:00:00,2026-04-05 23:00:00,64,15.0,0,Continuity (2-mould press)
2026-04-05 00:00:00,C,4826,1325217515084HURL2,2026-04-05 23:00:00,2026-04-06 07:00:00,64,15.0,0,Continuity (2-mould press)
2026-04-06 00:00:00,A,4826,1325217515084HURL2,2026-04-06 07:00:00,2026-04-06 15:00:00,64,15.0,0,Continuity (2-mould press)
2026-04-06 00:00:00,B,4826,1325217515084HURL2,2026-04-06 15:00:00,2026-04-06 23:00:00,64,15.0,0,Continuity (2-mould press)
2026-04-06 00:00:00,C,4826,1325217515084HURL2,2026-04-06 23:00:00,2026-04-07 07:00:00,64,15.0,0,Continuity (2-mould press)
2026-04-07 00:00:00,A,4826,1325217515084HURL2,2026-04-07 07:00:00,2026-04-07 15:00:00,64,15.0,0,Continuity (2-mould press)
2026-04-07 00:00:00,B,4826,1325217515084HURL2,2026-04-07 15:00:00,2026-04-07 23:00:00,64,15.0,0,Continuity (2-mould press)
2026-04-07 00:00:00,C,4826,1325217515084HURL2,2026-04-07 23:00:00,2026-04-08 07:00:00,64,15.0,0,Continuity (2-mould press)
2026-04-08 00:00:00,A,4826,1325217515084HURL2,2026-04-08 07:00:00,2026-04-08 15:00:00,64,15.0,0,Continuity (2-mould press)
2026-04-08 00:00:00,B,4826,1325217515084HURL2,2026-04-08 15:00:00,2026-04-08 23:00:00,64,15.0,0,Continuity (2-mould press)
2026-04-08 00:00:00,C,4826,1325217515084HURL2,2026-04-08 23:00:00,2026-04-09 07:00:00,64,15.0,0,Continuity (2-mould press)
2026-04-09 00:00:00,A,4826,1325217515084HURL2,2026-04-09 07:00:00,2026-04-09 15:00:00,64,15.0,0,Continuity (2-mould press)
2026-04-09 00:00:00,B,4826,1325217515084HURL2,2026-04-09 15:00:00,2026-04-09 23:00:00,64,15.0,0,Continuity (2-mould press)
2026-04-09 00:00:00,C,4826,1325217515084HURL2,2026-04-09 23:00:00,2026-04-10 07:00:00,64,15.0,0,Continuity (2-mould press)
2026-04-10 00:00:00,A,4826,1325217515084HURL2,2026-04-10 07:00:00,2026-04-10 15:00:00,64,15.0,0,Continuity (2-mould press)
2026-04-10 00:00:00,B,4826,1325217515084HURL2,2026-04-10 15:00:00,2026-04-10 23:00:00,64,15.0,0,Continuity (2-mould press)
2026-04-10 00:00:00,C,4826,1325217515084HURL2,2026-04-10 23:00:00,2026-04-11 07:00:00,64,15.0,0,Continuity (2-mould press)
2026-04-11 00:00:00,A,4826,1325217515084HURL2,2026-04-11 07:00:00,2026-04-11 15:00:00,64,15.0,0,Continuity (2-mould press)
2026-04-11 00:00:00,B,4826,1325217515084HURL2,2026-04-11 15:00:00,2026-04-11 23:00:00,64,15.0,0,Continuity (2-mould press)
2026-04-11 00:00:00,C,4826,1325217515084HURL2,2026-04-11 23:00:00,2026-04-12 07:00:00,64,15.0,0,Continuity (2-mould press)
2026-04-12 00:00:00,A,4826,1325217515084HURL2,2026-04-12 07:00:00,2026-04-12 15:00:00,64,15.0,0,Continuity (2-mould press)
2026-04-12 00:00:00,B,4826,1325217515084HURL2,2026-04-12 15:00:00,2026-04-12 23:00:00,64,15.0,0,Continuity (2-mould press)
2026-04-12 00:00:00,C,4826,1325217515084HURL2,2026-04-12 23:00:00,2026-04-13 07:00:00,64,15.0,0,Continuity (2-mould press)
2026-04-13 00:00:00,A,4826,1325217515084HURL2,2026-04-13 07:00:00,2026-04-13 15:00:00,64,15.0,0,Continuity (2-mould press)
2026-04-13 00:00:00,B,4826,1325217515084HURL2,2026-04-13 15:00:00,2026-04-13 23:00:00,64,15.0,0,Continuity (2-mould press)
2026-04-13 00:00:00,C,4826,1325217515084HURL2,2026-04-13 23:00:00,2026-04-14 07:00:00,64,15.0,0,Continuity (2-mould press)
2026-04-14 00:00:00,A,4826,1325217515084HURL2,2026-04-14 07:00:00,2026-04-14 15:00:00,64,15.0,0,Continuity (2-mould press)
2026-04-14 00:00:00,B,4826,1325217515084HURL2,2026-04-14 15:00:00,2026-04-14 23:00:00,64,15.0,0,Continuity (2-mould press)
2026-04-14 00:00:00,C,4826,1325217515084HURL2,2026-04-14 23:00:00,2026-04-15 07:00:00,64,15.0,0,Continuity (2-mould press)
2026-04-15 00:00:00,A,4826,1325217515084HURL2,2026-04-15 07:00:00,2026-04-15 15:00:00,64,15.0,0,Continuity (2-mould press)
2026-04-15 00:00:00,B,4826,1325217515084HURL2,2026-04-15 15:00:00,2026-04-15 23:00:00,64,15.0,0,Continuity (2-mould press)
2026-04-15 00:00:00,C,4826,1325217515084HURL2,2026-04-15 23:00:00,2026-04-16 07:00:00,64,15.0,0,Continuity (2-mould press)
2026-04-16 00:00:00,A,4826,1325217515084HURL2,2026-04-16 07:00:00,2026-04-16 15:00:00,64,15.0,0,Continuity (2-mould press)
2026-04-16 00:00:00,B,4826,1325217515084HURL2,2026-04-16 15:00:00,2026-04-16 23:00:00,64,15.0,0,Continuity (2-mould press)
2026-04-16 00:00:00,C,4826,1325217515084HURL2,2026-04-16 23:00:00,2026-04-17 07:00:00,64,15.0,0,Continuity (2-mould press)
2026-04-17 00:00:00,A,4826,1325217515084HURL2,2026-04-17 07:00:00,2026-04-17 15:00:00,64,15.0,0,Continuity (2-mould press)
2026-04-17 00:00:00,B,4826,1325217515084HURL2,2026-04-17 15:00:00,2026-04-17 23:00:00,64,15.0,0,Continuity (2-mould press)
2026-04-17 00:00:00,C,4826,1325217515084HURL2,2026-04-17 23:00:00,2026-04-18 07:00:00,64,15.0,0,Continuity (2-mould press)
2026-04-18 00:00:00,A,4826,1325217515084HURL2,2026-04-18 07:00:00,2026-04-18 15:00:00,64,15.0,0,Continuity (2-mould press)
2026-04-18 00:00:00,B,4826,1325217515084HURL2,2026-04-18 15:00:00,2026-04-18 23:00:00,64,15.0,0,Continuity (2-mould press)
2026-04-18 00:00:00,C,4826,1325217515084HURL2,2026-04-18 23:00:00,2026-04-19 07:00:00,64,15.0,0,Continuity (2-mould press)
2026-04-19 00:00:00,A,4826,1325217515084HURL2,2026-04-19 07:00:00,2026-04-19 15:00:00,64,15.0,0,Continuity (2-mould press)
2026-04-19 00:00:00,B,4826,1325217515084HURL2,2026-04-19 15:00:00,2026-04-19 23:00:00,64,15.0,0,Continuity (2-mould press)
2026-04-19 00:00:00,C,4826,1325217515084HURL2,2026-04-19 23:00:00,2026-04-20 07:00:00,64,15.0,0,Continuity (2-mould press)
2026-04-20 00:00:00,A,4826,1325217515084HURL2,2026-04-20 07:00:00,2026-04-20 15:00:00,64,15.0,0,Continuity (2-mould press)
2026-04-20 00:00:00,B,4826,1325217515084HURL2,2026-04-20 15:00:00,2026-04-20 23:00:00,64,15.0,0,Continuity (2-mould press)
2026-04-20 00:00:00,C,4826,1325217515084HURL2,2026-04-20 23:00:00,2026-04-21 07:00:00,64,15.0,0,Continuity (2-mould press)
2026-04-21 00:00:00,A,4826,1325217515084HURL2,2026-04-21 07:00:00,2026-04-21 15:00:00,64,15.0,0,Continuity (2-mould press)
2026-04-21 00:00:00,B,4826,1325217515084HURL2,2026-04-21 15:00:00,2026-04-21 23:00:00,64,15.0,0,Continuity (2-mould press)
2026-04-21 00:00:00,C,4826,1325217515084HURL2,2026-04-21 23:00:00,2026-04-22 07:00:00,64,15.0,0,Continuity (2-mould press)
2026-04-22 00:00:00,A,4826,1325217515084HURL2,2026-04-22 07:00:00,2026-04-22 15:00:00,64,15.0,0,Continuity (2-mould press)
2026-04-22 00:00:00,B,4826,1325217515084HURL2,2026-04-22 15:00:00,2026-04-22 23:00:00,64,15.0,0,Continuity (2-mould press)
2026-04-22 00:00:00,C,4826,1325217515084HURL2,2026-04-22 23:00:00,2026-04-23 07:00:00,64,15.0,0,Continuity (2-mould press)
2026-04-23 00:00:00,A,4826,1325217515084HURL2,2026-04-23 07:00:00,2026-04-23 15:00:00,64,15.0,0,Continuity (2-mould press)
2026-04-23 00:00:00,B,4826,1325217515084HURL2,2026-04-23 15:00:00,2026-04-23 23:00:00,64,15.0,0,Continuity (2-mould press)
2026-04-23 00:00:00,C,4826,1325217515084HURL2,2026-04-23 23:00:00,2026-04-24 07:00:00,64,15.0,0,Continuity (2-mould press)
2026-04-24 00:00:00,A,4826,1325217515084HURL2,2026-04-24 07:00:00,2026-04-24 15:00:00,64,15.0,0,Continuity (2-mould press)
2026-04-24 00:00:00,B,4826,1325217515084HURL2,2026-04-24 15:00:00,2026-04-24 23:00:00,64,15.0,0,Continuity (2-mould press)
2026-04-24 00:00:00,C,4826,1325217515084HURL2,2026-04-24 23:00:00,2026-04-25 07:00:00,64,15.0,0,Continuity (2-mould press)
2026-04-25 00:00:00,A,4826,1325217515084HURL2,2026-04-25 07:00:00,2026-04-25 15:00:00,64,15.0,0,Continuity (2-mould press)
2026-04-25 00:00:00,B,4826,1325217515084HURL2,2026-04-25 15:00:00,2026-04-25 23:00:00,64,15.0,0,Continuity (2-mould press)
2026-04-25 00:00:00,C,4826,1325217515084HURL2,2026-04-25 23:00:00,2026-04-26 07:00:00,64,15.0,0,Continuity (2-mould press)
2026-04-26 00:00:00,A,4826,1325217515084HURL2,2026-04-26 07:00:00,2026-04-26 15:00:00,64,15.0,0,Continuity (2-mould press)
2026-04-26 00:00:00,B,4826,1325217515084HURL2,2026-04-26 15:00:00,2026-04-26 23:00:00,64,15.0,0,Continuity (2-mould press)
2026-04-26 00:00:00,C,4826,1325217515084HURL2,2026-04-26 23:00:00,2026-04-27 07:00:00,64,15.0,0,Continuity (2-mould press)
2026-04-27 00:00:00,A,4826,1325217515084HURL2,2026-04-27 07:00:00,2026-04-27 09:15:00,18,15.0,0,Continuity (2-mould press)
2026-04-03 00:00:00,A,4827,1325225518111HRHB0,2026-04-03 07:00:00,2026-04-03 15:00:00,53,18.0,0,Continuity (2-mould press)
2026-04-03 00:00:00,B,4827,1325225518111HRHB0,2026-04-03 15:00:00,2026-04-03 23:00:00,53,18.0,0,Continuity (2-mould press)
2026-04-03 00:00:00,C,4827,1325225518111HRHB0,2026-04-03 23:00:00,2026-04-04 07:00:00,53,18.0,0,Continuity (2-mould press)
2026-04-04 00:00:00,A,4827,1325225518111HRHB0,2026-04-04 07:00:00,2026-04-04 15:00:00,53,18.0,0,Continuity (2-mould press)
2026-04-04 00:00:00,B,4827,1325225518111HRHB0,2026-04-04 15:00:00,2026-04-04 23:00:00,53,18.0,0,Continuity (2-mould press)
2026-04-04 00:00:00,C,4827,1325225518111HRHB0,2026-04-04 23:00:00,2026-04-05 07:00:00,53,18.0,0,Continuity (2-mould press)
2026-04-05 00:00:00,A,4827,1325225518111HRHB0,2026-04-05 07:00:00,2026-04-05 15:00:00,53,18.0,0,Continuity (2-mould press)
2026-04-05 00:00:00,B,4827,1325225518111HRHB0,2026-04-05 15:00:00,2026-04-05 23:00:00,53,18.0,0,Continuity (2-mould press)
2026-04-05 00:00:00,C,4827,1325225518111HRHB0,2026-04-05 23:00:00,2026-04-06 07:00:00,53,18.0,0,Continuity (2-mould press)
2026-04-06 00:00:00,A,4827,1325225518111HRHB0,2026-04-06 07:00:00,2026-04-06 15:00:00,53,18.0,0,Continuity (2-mould press)
2026-04-06 00:00:00,B,4827,1325225518111HRHB0,2026-04-06 15:00:00,2026-04-06 23:00:00,53,18.0,0,Continuity (2-mould press)
2026-04-06 00:00:00,C,4827,1325225518111HRHB0,2026-04-06 23:00:00,2026-04-07 07:00:00,53,18.0,0,Continuity (2-mould press)
2026-04-07 00:00:00,A,4827,1325225518111HRHB0,2026-04-07 07:00:00,2026-04-07 15:00:00,53,18.0,0,Continuity (2-mould press)
2026-04-07 00:00:00,B,4827,1325225518111HRHB0,2026-04-07 15:00:00,2026-04-07 23:00:00,53,18.0,0,Continuity (2-mould press)
2026-04-07 00:00:00,C,4827,1325225518111HRHB0,2026-04-07 23:00:00,2026-04-08 07:00:00,53,18.0,0,Continuity (2-mould press)
2026-04-08 00:00:00,A,4827,1325225518111HRHB0,2026-04-08 07:00:00,2026-04-08 15:00:00,53,18.0,0,Continuity (2-mould press)
2026-04-08 00:00:00,B,4827,1325225518111HRHB0,2026-04-08 15:00:00,2026-04-08 23:00:00,53,18.0,0,Continuity (2-mould press)
2026-04-08 00:00:00,C,4827,1325225518111HRHB0,2026-04-08 23:00:00,2026-04-09 07:00:00,53,18.0,0,Continuity (2-mould press)
2026-04-09 00:00:00,A,4827,1325225518111HRHB0,2026-04-09 07:00:00,2026-04-09 15:00:00,53,18.0,0,Continuity (2-mould press)
2026-04-09 00:00:00,B,4827,1325225518111HRHB0,2026-04-09 15:00:00,2026-04-09 23:00:00,53,18.0,0,Continuity (2-mould press)
2026-04-09 00:00:00,C,4827,1325225518111HRHB0,2026-04-09 23:00:00,2026-04-10 07:00:00,53,18.0,0,Continuity (2-mould press)
2026-04-10 00:00:00,A,4827,1325225518111HRHB0,2026-04-10 07:00:00,2026-04-10 15:00:00,53,18.0,0,Continuity (2-mould press)
2026-04-10 00:00:00,B,4827,1325225518111HRHB0,2026-04-10 15:00:00,2026-04-10 23:00:00,53,18.0,0,Continuity (2-mould press)
2026-04-10 00:00:00,C,4827,1325225518111HRHB0,2026-04-10 23:00:00,2026-04-11 07:00:00,53,18.0,0,Continuity (2-mould press)
2026-04-11 00:00:00,A,4827,1325225518111HRHB0,2026-04-11 07:00:00,2026-04-11 15:00:00,53,18.0,0,Continuity (2-mould press)
2026-04-11 00:00:00,B,4827,1325225518111HRHB0,2026-04-11 15:00:00,2026-04-11 23:00:00,53,18.0,0,Continuity (2-mould press)
2026-04-11 00:00:00,C,4827,1325225518111HRHB0,2026-04-11 23:00:00,2026-04-12 07:00:00,53,18.0,0,Continuity (2-mould press)
2026-04-12 00:00:00,A,4827,1325225518111HRHB0,2026-04-12 07:00:00,2026-04-12 15:00:00,53,18.0,0,Continuity (2-mould press)
2026-04-12 00:00:00,B,4827,1325225518111HRHB0,2026-04-12 15:00:00,2026-04-12 23:00:00,53,18.0,0,Continuity (2-mould press)
2026-04-12 00:00:00,C,4827,1325225518111HRHB0,2026-04-12 23:00:00,2026-04-13 07:00:00,53,18.0,0,Continuity (2-mould press)
2026-04-13 00:00:00,A,4827,1325225518111HRHB0,2026-04-13 07:00:00,2026-04-13 15:00:00,53,18.0,0,Continuity (2-mould press)
2026-04-13 00:00:00,B,4827,1325225518111HRHB0,2026-04-13 15:00:00,2026-04-13 23:00:00,53,18.0,0,Continuity (2-mould press)
2026-04-13 00:00:00,C,4827,1325225518111HRHB0,2026-04-13 23:00:00,2026-04-14 07:00:00,53,18.0,0,Continuity (2-mould press)
2026-04-14 00:00:00,A,4827,1325225518111HRHB0,2026-04-14 07:00:00,2026-04-14 15:00:00,53,18.0,0,Continuity (2-mould press)
2026-04-14 00:00:00,B,4827,1325225518111HRHB0,2026-04-14 15:00:00,2026-04-14 23:00:00,53,18.0,0,Continuity (2-mould press)
2026-04-14 00:00:00,C,4827,1325225518111HRHB0,2026-04-14 23:00:00,2026-04-15 07:00:00,53,18.0,0,Continuity (2-mould press)
2026-04-15 00:00:00,A,4827,1325225518111HRHB0,2026-04-15 07:00:00,2026-04-15 15:00:00,53,18.0,0,Continuity (2-mould press)
2026-04-15 00:00:00,B,4827,1325225518111HRHB0,2026-04-15 15:00:00,2026-04-15 23:00:00,53,18.0,0,Continuity (2-mould press)
2026-04-15 00:00:00,C,4827,1325225518111HRHB0,2026-04-15 23:00:00,2026-04-16 07:00:00,53,18.0,0,Continuity (2-mould press)
2026-04-16 00:00:00,A,4827,1325225518111HRHB0,2026-04-16 07:00:00,2026-04-16 15:00:00,53,18.0,0,Continuity (2-mould press)
2026-04-16 00:00:00,B,4827,1325225518111HRHB0,2026-04-16 15:00:00,2026-04-16 23:00:00,53,18.0,0,Continuity (2-mould press)
2026-04-16 00:00:00,C,4827,1325225518111HRHB0,2026-04-16 23:00:00,2026-04-17 07:00:00,53,18.0,0,Continuity (2-mould press)
2026-04-17 00:00:00,A,4827,1325225518111HRHB0,2026-04-17 07:00:00,2026-04-17 15:00:00,53,18.0,0,Continuity (2-mould press)
2026-04-17 00:00:00,B,4827,1325225518111HRHB0,2026-04-17 15:00:00,2026-04-17 23:00:00,53,18.0,0,Continuity (2-mould press)
2026-04-17 00:00:00,C,4827,1325225518111HRHB0,2026-04-17 23:00:00,2026-04-18 07:00:00,53,18.0,0,Continuity (2-mould press)
2026-04-18 00:00:00,A,4827,1325225518111HRHB0,2026-04-18 07:00:00,2026-04-18 15:00:00,53,18.0,0,Continuity (2-mould press)
2026-04-18 00:00:00,B,4827,1325225518111HRHB0,2026-04-18 15:00:00,2026-04-18 23:00:00,53,18.0,0,Continuity (2-mould press)
2026-04-18 00:00:00,C,4827,1325225518111HRHB0,2026-04-18 23:00:00,2026-04-19 07:00:00,53,18.0,0,Continuity (2-mould press)
2026-04-19 00:00:00,A,4827,1325225518111HRHB0,2026-04-19 07:00:00,2026-04-19 15:00:00,53,18.0,0,Continuity (2-mould press)
2026-04-19 00:00:00,B,4827,1325225518111HRHB0,2026-04-19 15:00:00,2026-04-19 23:00:00,53,18.0,0,Continuity (2-mould press)
2026-04-19 00:00:00,C,4827,1325225518111HRHB0,2026-04-19 23:00:00,2026-04-20 07:00:00,53,18.0,0,Continuity (2-mould press)
2026-04-20 00:00:00,A,4827,1325225518111HRHB0,2026-04-20 07:00:00,2026-04-20 15:00:00,53,18.0,0,Continuity (2-mould press)
2026-04-20 00:00:00,B,4827,1325225518111HRHB0,2026-04-20 15:00:00,2026-04-20 23:00:00,53,18.0,0,Continuity (2-mould press)
2026-04-20 00:00:00,C,4827,1325225518111HRHB0,2026-04-20 23:00:00,2026-04-21 07:00:00,53,18.0,0,Continuity (2-mould press)
2026-04-21 00:00:00,A,4827,1325225518111HRHB0,2026-04-21 07:00:00,2026-04-21 15:00:00,53,18.0,0,Continuity (2-mould press)
2026-04-21 00:00:00,B,4827,1325225518111HRHB0,2026-04-21 15:00:00,2026-04-21 18:06:00,21,18.0,0,Continuity (2-mould press)
2026-04-21 00:00:00,B,4827,MOULD_CLEAN,2026-04-21 18:06:00,2026-04-21 21:06:00,0,0.0,0,Mould cleaning (continuity)
2026-04-21 00:00:00,B,4827,1325225518111HRHB0,2026-04-21 21:06:00,2026-04-21 23:00:00,13,18.0,0,Continuity (2-mould press)
2026-04-21 00:00:00,C,4827,1325225518111HRHB0,2026-04-21 23:00:00,2026-04-22 07:00:00,53,18.0,0,Continuity (2-mould press)
2026-04-22 00:00:00,A,4827,1325225518111HRHB0,2026-04-22 07:00:00,2026-04-22 15:00:00,53,18.0,0,Continuity (2-mould press)
2026-04-22 00:00:00,B,4827,1325225518111HRHB0,2026-04-22 15:00:00,2026-04-22 23:00:00,53,18.0,0,Continuity (2-mould press)
2026-04-22 00:00:00,C,4827,1325225518111HRHB0,2026-04-22 23:00:00,2026-04-23 07:00:00,53,18.0,0,Continuity (2-mould press)
2026-04-23 00:00:00,A,4827,1325225518111HRHB0,2026-04-23 07:00:00,2026-04-23 15:00:00,53,18.0,0,Continuity (2-mould press)
2026-04-23 00:00:00,B,4827,1325225518111HRHB0,2026-04-23 15:00:00,2026-04-23 23:00:00,53,18.0,0,Continuity (2-mould press)
2026-04-23 00:00:00,C,4827,1325225518111HRHB0,2026-04-23 23:00:00,2026-04-24 07:00:00,53,18.0,0,Continuity (2-mould press)
2026-04-24 00:00:00,A,4827,1325225518111HRHB0,2026-04-24 07:00:00,2026-04-24 15:00:00,53,18.0,0,Continuity (2-mould press)
2026-04-24 00:00:00,B,4827,1325225518111HRHB0,2026-04-24 15:00:00,2026-04-24 23:00:00,53,18.0,0,Continuity (2-mould press)
2026-04-24 00:00:00,C,4827,1325225518111HRHB0,2026-04-24 23:00:00,2026-04-25 07:00:00,53,18.0,0,Continuity (2-mould press)
2026-04-25 00:00:00,A,4827,1325225518111HRHB0,2026-04-25 07:00:00,2026-04-25 15:00:00,53,18.0,0,Continuity (2-mould press)
2026-04-25 00:00:00,B,4827,1325225518111HRHB0,2026-04-25 15:00:00,2026-04-25 23:00:00,53,18.0,0,Continuity (2-mould press)
2026-04-25 00:00:00,C,4827,1325225518111HRHB0,2026-04-25 23:00:00,2026-04-26 07:00:00,53,18.0,0,Continuity (2-mould press)
2026-04-26 00:00:00,A,4827,1325225518111HRHB0,2026-04-26 07:00:00,2026-04-26 15:00:00,53,18.0,0,Continuity (2-mould press)
2026-04-26 00:00:00,B,4827,1325225518111HRHB0,2026-04-26 15:00:00,2026-04-26 23:00:00,53,18.0,0,Continuity (2-mould press)
2026-04-26 00:00:00,C,4827,1325225518111HRHB0,2026-04-26 23:00:00,2026-04-27 07:00:00,53,18.0,0,Continuity (2-mould press)
2026-04-27 00:00:00,A,4827,1325225518111HRHB0,2026-04-27 07:00:00,2026-04-27 15:00:00,53,18.0,0,Continuity (2-mould press)
2026-04-27 00:00:00,B,4827,1325225518111HRHB0,2026-04-27 15:00:00,2026-04-27 23:00:00,53,18.0,0,Continuity (2-mould press)
2026-04-27 00:00:00,C,4827,1325225518111HRHB0,2026-04-27 23:00:00,2026-04-28 07:00:00,53,18.0,0,Continuity (2-mould press)
2026-04-28 00:00:00,A,4827,1325225518111HRHB0,2026-04-28 07:00:00,2026-04-28 15:00:00,53,18.0,0,Continuity (2-mould press)
2026-04-28 00:00:00,B,4827,1325225518111HRHB0,2026-04-28 15:00:00,2026-04-28 23:00:00,53,18.0,0,Continuity (2-mould press)
2026-04-28 00:00:00,C,4827,1325225518111HRHB0,2026-04-28 23:00:00,2026-04-29 07:00:00,53,18.0,0,Continuity (2-mould press)
2026-04-29 00:00:00,A,4827,1325225518111HRHB0,2026-04-29 07:00:00,2026-04-29 15:00:00,53,18.0,0,Continuity (2-mould press)
2026-04-29 00:00:00,B,4827,1325225518111HRHB0,2026-04-29 15:00:00,2026-04-29 23:00:00,53,18.0,0,Continuity (2-mould press)
2026-04-29 00:00:00,C,4827,1325225518111HRHB0,2026-04-29 23:00:00,2026-04-30 07:00:00,53,18.0,0,Continuity (2-mould press)
2026-04-30 00:00:00,A,4827,1325225518111HRHB0,2026-04-30 07:00:00,2026-04-30 15:00:00,53,18.0,0,Continuity (2-mould press)
2026-04-30 00:00:00,B,4827,1325225518111HRHB0,2026-04-30 15:00:00,2026-04-30 23:00:00,53,18.0,0,Continuity (2-mould press)
2026-04-30 00:00:00,C,4827,1325225518111HRHB0,2026-04-30 23:00:00,2026-05-01 07:00:00,53,18.0,0,Continuity (2-mould press)
2026-05-01 00:00:00,A,4827,1325225518111HRHB0,2026-05-01 07:00:00,2026-05-01 15:00:00,53,18.0,0,Continuity (2-mould press)
2026-05-01 00:00:00,B,4827,1325225518111HRHB0,2026-05-01 15:00:00,2026-05-01 23:00:00,53,18.0,0,Continuity (2-mould press)
2026-05-01 00:00:00,C,4827,1325225518111HRHB0,2026-05-01 23:00:00,2026-05-02 07:00:00,53,18.0,0,Continuity (2-mould press)
2026-05-02 00:00:00,A,4827,1325225518111HRHB0,2026-05-02 07:00:00,2026-05-02 15:00:00,53,18.0,0,Continuity (2-mould press)
2026-05-02 00:00:00,B,4827,1325225518111HRHB0,2026-05-02 15:00:00,2026-05-02 23:00:00,53,18.0,0,Continuity (2-mould press)
2026-05-02 00:00:00,C,4827,1325225518111HRHB0,2026-05-02 23:00:00,2026-05-03 07:00:00,53,18.0,0,Continuity (2-mould press)
2026-04-03 00:00:00,A,4828,1325217515084HURL2,2026-04-03 07:00:00,2026-04-03 15:00:00,64,15.0,0,Continuity (2-mould press)
2026-04-03 00:00:00,B,4828,1325217515084HURL2,2026-04-03 15:00:00,2026-04-03 23:00:00,64,15.0,0,Continuity (2-mould press)
2026-04-03 00:00:00,C,4828,1325217515084HURL2,2026-04-03 23:00:00,2026-04-04 07:00:00,64,15.0,0,Continuity (2-mould press)
2026-04-04 00:00:00,A,4828,1325217515084HURL2,2026-04-04 07:00:00,2026-04-04 15:00:00,64,15.0,0,Continuity (2-mould press)
2026-04-04 00:00:00,B,4828,1325217515084HURL2,2026-04-04 15:00:00,2026-04-04 23:00:00,64,15.0,0,Continuity (2-mould press)
2026-04-04 00:00:00,C,4828,1325217515084HURL2,2026-04-04 23:00:00,2026-04-05 07:00:00,64,15.0,0,Continuity (2-mould press)
2026-04-05 00:00:00,A,4828,1325217515084HURL2,2026-04-05 07:00:00,2026-04-05 15:00:00,64,15.0,0,Continuity (2-mould press)
2026-04-05 00:00:00,B,4828,1325217515084HURL2,2026-04-05 15:00:00,2026-04-05 23:00:00,64,15.0,0,Continuity (2-mould press)
2026-04-05 00:00:00,C,4828,1325217515084HURL2,2026-04-05 23:00:00,2026-04-06 07:00:00,64,15.0,0,Continuity (2-mould press)
2026-04-06 00:00:00,A,4828,1325217515084HURL2,2026-04-06 07:00:00,2026-04-06 15:00:00,64,15.0,0,Continuity (2-mould press)
2026-04-06 00:00:00,B,4828,1325217515084HURL2,2026-04-06 15:00:00,2026-04-06 23:00:00,64,15.0,0,Continuity (2-mould press)
2026-04-06 00:00:00,C,4828,1325217515084HURL2,2026-04-06 23:00:00,2026-04-07 07:00:00,64,15.0,0,Continuity (2-mould press)
2026-04-07 00:00:00,A,4828,1325217515084HURL2,2026-04-07 07:00:00,2026-04-07 15:00:00,64,15.0,0,Continuity (2-mould press)
2026-04-07 00:00:00,B,4828,1325217515084HURL2,2026-04-07 15:00:00,2026-04-07 23:00:00,64,15.0,0,Continuity (2-mould press)
2026-04-07 00:00:00,C,4828,1325217515084HURL2,2026-04-07 23:00:00,2026-04-08 07:00:00,64,15.0,0,Continuity (2-mould press)
2026-04-08 00:00:00,A,4828,1325217515084HURL2,2026-04-08 07:00:00,2026-04-08 15:00:00,64,15.0,0,Continuity (2-mould press)
2026-04-08 00:00:00,B,4828,1325217515084HURL2,2026-04-08 15:00:00,2026-04-08 23:00:00,64,15.0,0,Continuity (2-mould press)
2026-04-08 00:00:00,C,4828,1325217515084HURL2,2026-04-08 23:00:00,2026-04-09 07:00:00,64,15.0,0,Continuity (2-mould press)
2026-04-09 00:00:00,A,4828,1325217515084HURL2,2026-04-09 07:00:00,2026-04-09 15:00:00,64,15.0,0,Continuity (2-mould press)
2026-04-09 00:00:00,B,4828,1325217515084HURL2,2026-04-09 15:00:00,2026-04-09 23:00:00,64,15.0,0,Continuity (2-mould press)
2026-04-09 00:00:00,C,4828,1325217515084HURL2,2026-04-09 23:00:00,2026-04-10 07:00:00,64,15.0,0,Continuity (2-mould press)
2026-04-10 00:00:00,A,4828,1325217515084HURL2,2026-04-10 07:00:00,2026-04-10 15:00:00,64,15.0,0,Continuity (2-mould press)
2026-04-10 00:00:00,B,4828,1325217515084HURL2,2026-04-10 15:00:00,2026-04-10 23:00:00,64,15.0,0,Continuity (2-mould press)
2026-04-10 00:00:00,C,4828,1325217515084HURL2,2026-04-10 23:00:00,2026-04-11 07:00:00,64,15.0,0,Continuity (2-mould press)
2026-04-11 00:00:00,A,4828,1325217515084HURL2,2026-04-11 07:00:00,2026-04-11 15:00:00,64,15.0,0,Continuity (2-mould press)
2026-04-11 00:00:00,B,4828,1325217515084HURL2,2026-04-11 15:00:00,2026-04-11 23:00:00,64,15.0,0,Continuity (2-mould press)
2026-04-11 00:00:00,C,4828,1325217515084HURL2,2026-04-11 23:00:00,2026-04-12 07:00:00,64,15.0,0,Continuity (2-mould press)
2026-04-12 00:00:00,A,4828,1325217515084HURL2,2026-04-12 07:00:00,2026-04-12 15:00:00,64,15.0,0,Continuity (2-mould press)
2026-04-12 00:00:00,B,4828,1325217515084HURL2,2026-04-12 15:00:00,2026-04-12 23:00:00,64,15.0,0,Continuity (2-mould press)
2026-04-12 00:00:00,C,4828,1325217515084HURL2,2026-04-12 23:00:00,2026-04-13 07:00:00,64,15.0,0,Continuity (2-mould press)
2026-04-13 00:00:00,A,4828,1325217515084HURL2,2026-04-13 07:00:00,2026-04-13 15:00:00,64,15.0,0,Continuity (2-mould press)
2026-04-13 00:00:00,B,4828,1325217515084HURL2,2026-04-13 15:00:00,2026-04-13 23:00:00,64,15.0,0,Continuity (2-mould press)
2026-04-13 00:00:00,C,4828,1325217515084HURL2,2026-04-13 23:00:00,2026-04-14 07:00:00,64,15.0,0,Continuity (2-mould press)
2026-04-14 00:00:00,A,4828,1325217515084HURL2,2026-04-14 07:00:00,2026-04-14 15:00:00,64,15.0,0,Continuity (2-mould press)
2026-04-14 00:00:00,B,4828,1325217515084HURL2,2026-04-14 15:00:00,2026-04-14 23:00:00,64,15.0,0,Continuity (2-mould press)
2026-04-14 00:00:00,C,4828,1325217515084HURL2,2026-04-14 23:00:00,2026-04-15 07:00:00,64,15.0,0,Continuity (2-mould press)
2026-04-15 00:00:00,A,4828,1325217515084HURL2,2026-04-15 07:00:00,2026-04-15 15:00:00,64,15.0,0,Continuity (2-mould press)
2026-04-15 00:00:00,B,4828,1325217515084HURL2,2026-04-15 15:00:00,2026-04-15 23:00:00,64,15.0,0,Continuity (2-mould press)
2026-04-15 00:00:00,C,4828,1325217515084HURL2,2026-04-15 23:00:00,2026-04-16 07:00:00,64,15.0,0,Continuity (2-mould press)
2026-04-16 00:00:00,A,4828,1325217515084HURL2,2026-04-16 07:00:00,2026-04-16 15:00:00,64,15.0,0,Continuity (2-mould press)
2026-04-16 00:00:00,B,4828,1325217515084HURL2,2026-04-16 15:00:00,2026-04-16 23:00:00,64,15.0,0,Continuity (2-mould press)
2026-04-16 00:00:00,C,4828,1325217515084HURL2,2026-04-16 23:00:00,2026-04-17 03:15:00,34,15.0,0,Continuity (2-mould press)
2026-04-16 00:00:00,C,4828,MOULD_CLEAN,2026-04-17 03:15:00,2026-04-17 06:15:00,0,0.0,0,Mould cleaning (continuity)
2026-04-16 00:00:00,C,4828,1325217515084HURL2,2026-04-17 06:15:00,2026-04-17 07:00:00,6,15.0,0,Continuity (2-mould press)
2026-04-17 00:00:00,A,4828,1325217515084HURL2,2026-04-17 07:00:00,2026-04-17 15:00:00,64,15.0,0,Continuity (2-mould press)
2026-04-17 00:00:00,B,4828,1325217515084HURL2,2026-04-17 15:00:00,2026-04-17 23:00:00,64,15.0,0,Continuity (2-mould press)
2026-04-17 00:00:00,C,4828,1325217515084HURL2,2026-04-17 23:00:00,2026-04-18 07:00:00,64,15.0,0,Continuity (2-mould press)
2026-04-18 00:00:00,A,4828,1325217515084HURL2,2026-04-18 07:00:00,2026-04-18 15:00:00,64,15.0,0,Continuity (2-mould press)
2026-04-18 00:00:00,B,4828,1325217515084HURL2,2026-04-18 15:00:00,2026-04-18 23:00:00,64,15.0,0,Continuity (2-mould press)
2026-04-18 00:00:00,C,4828,1325217515084HURL2,2026-04-18 23:00:00,2026-04-19 07:00:00,64,15.0,0,Continuity (2-mould press)
2026-04-19 00:00:00,A,4828,1325217515084HURL2,2026-04-19 07:00:00,2026-04-19 15:00:00,64,15.0,0,Continuity (2-mould press)
2026-04-19 00:00:00,B,4828,1325217515084HURL2,2026-04-19 15:00:00,2026-04-19 23:00:00,64,15.0,0,Continuity (2-mould press)
2026-04-19 00:00:00,C,4828,1325217515084HURL2,2026-04-19 23:00:00,2026-04-20 07:00:00,64,15.0,0,Continuity (2-mould press)
2026-04-20 00:00:00,A,4828,1325217515084HURL2,2026-04-20 07:00:00,2026-04-20 15:00:00,64,15.0,0,Continuity (2-mould press)
2026-04-20 00:00:00,B,4828,1325217515084HURL2,2026-04-20 15:00:00,2026-04-20 23:00:00,64,15.0,0,Continuity (2-mould press)
2026-04-20 00:00:00,C,4828,1325217515084HURL2,2026-04-20 23:00:00,2026-04-21 07:00:00,64,15.0,0,Continuity (2-mould press)
2026-04-21 00:00:00,A,4828,1325217515084HURL2,2026-04-21 07:00:00,2026-04-21 15:00:00,64,15.0,0,Continuity (2-mould press)
2026-04-21 00:00:00,B,4828,1325217515084HURL2,2026-04-21 15:00:00,2026-04-21 23:00:00,64,15.0,0,Continuity (2-mould press)
2026-04-21 00:00:00,C,4828,1325217515084HURL2,2026-04-21 23:00:00,2026-04-22 07:00:00,64,15.0,0,Continuity (2-mould press)
2026-04-22 00:00:00,A,4828,1325217515084HURL2,2026-04-22 07:00:00,2026-04-22 15:00:00,64,15.0,0,Continuity (2-mould press)
2026-04-22 00:00:00,B,4828,1325217515084HURL2,2026-04-22 15:00:00,2026-04-22 23:00:00,64,15.0,0,Continuity (2-mould press)
2026-04-22 00:00:00,C,4828,1325217515084HURL2,2026-04-22 23:00:00,2026-04-23 07:00:00,64,15.0,0,Continuity (2-mould press)
2026-04-23 00:00:00,A,4828,1325217515084HURL2,2026-04-23 07:00:00,2026-04-23 15:00:00,64,15.0,0,Continuity (2-mould press)
2026-04-23 00:00:00,B,4828,1325217515084HURL2,2026-04-23 15:00:00,2026-04-23 23:00:00,64,15.0,0,Continuity (2-mould press)
2026-04-23 00:00:00,C,4828,1325217515084HURL2,2026-04-23 23:00:00,2026-04-24 07:00:00,64,15.0,0,Continuity (2-mould press)
2026-04-24 00:00:00,A,4828,1325217515084HURL2,2026-04-24 07:00:00,2026-04-24 15:00:00,64,15.0,0,Continuity (2-mould press)
2026-04-24 00:00:00,B,4828,1325217515084HURL2,2026-04-24 15:00:00,2026-04-24 23:00:00,64,15.0,0,Continuity (2-mould press)
2026-04-24 00:00:00,C,4828,1325217515084HURL2,2026-04-24 23:00:00,2026-04-25 07:00:00,64,15.0,0,Continuity (2-mould press)
2026-04-25 00:00:00,A,4828,1325217515084HURL2,2026-04-25 07:00:00,2026-04-25 15:00:00,64,15.0,0,Continuity (2-mould press)
2026-04-25 00:00:00,B,4828,1325217515084HURL2,2026-04-25 15:00:00,2026-04-25 23:00:00,64,15.0,0,Continuity (2-mould press)
2026-04-25 00:00:00,C,4828,1325217515084HURL2,2026-04-25 23:00:00,2026-04-26 07:00:00,64,15.0,0,Continuity (2-mould press)
2026-04-26 00:00:00,A,4828,1325217515084HURL2,2026-04-26 07:00:00,2026-04-26 15:00:00,64,15.0,0,Continuity (2-mould press)
2026-04-26 00:00:00,B,4828,1325217515084HURL2,2026-04-26 15:00:00,2026-04-26 23:00:00,64,15.0,0,Continuity (2-mould press)
2026-04-26 00:00:00,C,4828,1325217515084HURL2,2026-04-26 23:00:00,2026-04-27 07:00:00,64,15.0,0,Continuity (2-mould press)
2026-04-27 00:00:00,A,4828,1325217515084HURL2,2026-04-27 07:00:00,2026-04-27 12:15:00,42,15.0,0,Continuity (2-mould press)
2026-04-03 00:00:00,A,4829,1325221417096HURL0,2026-04-03 07:00:00,2026-04-03 15:00:00,60,16.0,0,Continuity (2-mould press)
2026-04-03 00:00:00,B,4829,1325221417096HURL0,2026-04-03 15:00:00,2026-04-03 23:00:00,60,16.0,0,Continuity (2-mould press)
2026-04-03 00:00:00,C,4829,1325221417096HURL0,2026-04-03 23:00:00,2026-04-04 07:00:00,60,16.0,0,Continuity (2-mould press)
2026-04-04 00:00:00,A,4829,1325221417096HURL0,2026-04-04 07:00:00,2026-04-04 15:00:00,60,16.0,0,Continuity (2-mould press)
2026-04-04 00:00:00,B,4829,1325221417096HURL0,2026-04-04 15:00:00,2026-04-04 23:00:00,60,16.0,0,Continuity (2-mould press)
2026-04-04 00:00:00,C,4829,1325221417096HURL0,2026-04-04 23:00:00,2026-04-05 07:00:00,60,16.0,0,Continuity (2-mould press)
2026-04-05 00:00:00,A,4829,1325221417096HURL0,2026-04-05 07:00:00,2026-04-05 15:00:00,60,16.0,0,Continuity (2-mould press)
2026-04-05 00:00:00,B,4829,1325221417096HURL0,2026-04-05 15:00:00,2026-04-05 23:00:00,60,16.0,0,Continuity (2-mould press)
2026-04-05 00:00:00,C,4829,1325221417096HURL0,2026-04-05 23:00:00,2026-04-06 07:00:00,60,16.0,0,Continuity (2-mould press)
2026-04-06 00:00:00,A,4829,1325221417096HURL0,2026-04-06 07:00:00,2026-04-06 15:00:00,60,16.0,0,Continuity (2-mould press)
2026-04-06 00:00:00,B,4829,1325221417096HURL0,2026-04-06 15:00:00,2026-04-06 23:00:00,60,16.0,0,Continuity (2-mould press)
2026-04-06 00:00:00,C,4829,1325221417096HURL0,2026-04-06 23:00:00,2026-04-07 07:00:00,60,16.0,0,Continuity (2-mould press)
2026-04-07 00:00:00,A,4829,1325221417096HURL0,2026-04-07 07:00:00,2026-04-07 15:00:00,60,16.0,0,Continuity (2-mould press)
2026-04-07 00:00:00,B,4829,1325221417096HURL0,2026-04-07 15:00:00,2026-04-07 23:00:00,60,16.0,0,Continuity (2-mould press)
2026-04-07 00:00:00,C,4829,1325221417096HURL0,2026-04-07 23:00:00,2026-04-08 07:00:00,60,16.0,0,Continuity (2-mould press)
2026-04-08 00:00:00,A,4829,1325221417096HURL0,2026-04-08 07:00:00,2026-04-08 15:00:00,60,16.0,0,Continuity (2-mould press)
2026-04-08 00:00:00,B,4829,1325221417096HURL0,2026-04-08 15:00:00,2026-04-08 23:00:00,60,16.0,0,Continuity (2-mould press)
2026-04-08 00:00:00,C,4829,1325221417096HURL0,2026-04-08 23:00:00,2026-04-09 07:00:00,60,16.0,0,Continuity (2-mould press)
2026-04-09 00:00:00,A,4829,1325221417096HURL0,2026-04-09 07:00:00,2026-04-09 15:00:00,60,16.0,0,Continuity (2-mould press)
2026-04-09 00:00:00,B,4829,1325221417096HURL0,2026-04-09 15:00:00,2026-04-09 23:00:00,60,16.0,0,Continuity (2-mould press)
2026-04-09 00:00:00,C,4829,1325221417096HURL0,2026-04-09 23:00:00,2026-04-10 07:00:00,60,16.0,0,Continuity (2-mould press)
2026-04-10 00:00:00,A,4829,1325221417096HURL0,2026-04-10 07:00:00,2026-04-10 15:00:00,60,16.0,0,Continuity (2-mould press)
2026-04-10 00:00:00,B,4829,1325221417096HURL0,2026-04-10 15:00:00,2026-04-10 23:00:00,60,16.0,0,Continuity (2-mould press)
2026-04-10 00:00:00,C,4829,1325221417096HURL0,2026-04-10 23:00:00,2026-04-11 07:00:00,60,16.0,0,Continuity (2-mould press)
2026-04-11 00:00:00,A,4829,1325221417096HURL0,2026-04-11 07:00:00,2026-04-11 15:00:00,60,16.0,0,Continuity (2-mould press)
2026-04-11 00:00:00,B,4829,1325221417096HURL0,2026-04-11 15:00:00,2026-04-11 23:00:00,60,16.0,0,Continuity (2-mould press)
2026-04-11 00:00:00,C,4829,1325221417096HURL0,2026-04-11 23:00:00,2026-04-12 07:00:00,60,16.0,0,Continuity (2-mould press)
2026-04-12 00:00:00,A,4829,1325221417096HURL0,2026-04-12 07:00:00,2026-04-12 15:00:00,60,16.0,0,Continuity (2-mould press)
2026-04-12 00:00:00,B,4829,1325221417096HURL0,2026-04-12 15:00:00,2026-04-12 23:00:00,60,16.0,0,Continuity (2-mould press)
2026-04-12 00:00:00,C,4829,1325221417096HURL0,2026-04-12 23:00:00,2026-04-13 07:00:00,60,16.0,0,Continuity (2-mould press)
2026-04-13 00:00:00,A,4829,1325221417096HURL0,2026-04-13 07:00:00,2026-04-13 15:00:00,60,16.0,0,Continuity (2-mould press)
2026-04-13 00:00:00,B,4829,1325221417096HURL0,2026-04-13 15:00:00,2026-04-13 23:00:00,60,16.0,0,Continuity (2-mould press)
2026-04-13 00:00:00,C,4829,1325221417096HURL0,2026-04-13 23:00:00,2026-04-14 07:00:00,60,16.0,0,Continuity (2-mould press)
2026-04-14 00:00:00,A,4829,1325221417096HURL0,2026-04-14 07:00:00,2026-04-14 15:00:00,60,16.0,0,Continuity (2-mould press)
2026-04-14 00:00:00,B,4829,1325221417096HURL0,2026-04-14 15:00:00,2026-04-14 23:00:00,60,16.0,0,Continuity (2-mould press)
2026-04-14 00:00:00,C,4829,1325221417096HURL0,2026-04-14 23:00:00,2026-04-15 07:00:00,60,16.0,0,Continuity (2-mould press)
2026-04-15 00:00:00,A,4829,1325221417096HURL0,2026-04-15 07:00:00,2026-04-15 15:00:00,60,16.0,0,Continuity (2-mould press)
2026-04-15 00:00:00,B,4829,1325221417096HURL0,2026-04-15 15:00:00,2026-04-15 23:00:00,60,16.0,0,Continuity (2-mould press)
2026-04-15 00:00:00,C,4829,1325221417096HURL0,2026-04-15 23:00:00,2026-04-16 07:00:00,60,16.0,0,Continuity (2-mould press)
2026-04-16 00:00:00,A,4829,1325221417096HURL0,2026-04-16 07:00:00,2026-04-16 15:00:00,60,16.0,0,Continuity (2-mould press)
2026-04-16 00:00:00,B,4829,1325221417096HURL0,2026-04-16 15:00:00,2026-04-16 23:00:00,60,16.0,0,Continuity (2-mould press)
2026-04-16 00:00:00,C,4829,1325221417096HURL0,2026-04-16 23:00:00,2026-04-17 07:00:00,60,16.0,0,Continuity (2-mould press)
2026-04-17 00:00:00,A,4829,1325221417096HURL0,2026-04-17 07:00:00,2026-04-17 15:00:00,60,16.0,0,Continuity (2-mould press)
2026-04-17 00:00:00,B,4829,1325221417096HURL0,2026-04-17 15:00:00,2026-04-17 23:00:00,60,16.0,0,Continuity (2-mould press)
2026-04-17 00:00:00,C,4829,1325221417096HURL0,2026-04-17 23:00:00,2026-04-18 07:00:00,60,16.0,0,Continuity (2-mould press)
2026-04-18 00:00:00,A,4829,1325221417096HURL0,2026-04-18 07:00:00,2026-04-18 15:00:00,60,16.0,0,Continuity (2-mould press)
2026-04-18 00:00:00,B,4829,1325221417096HURL0,2026-04-18 15:00:00,2026-04-18 23:00:00,60,16.0,0,Continuity (2-mould press)
2026-04-18 00:00:00,C,4829,1325221417096HURL0,2026-04-18 23:00:00,2026-04-19 07:00:00,60,16.0,0,Continuity (2-mould press)
2026-04-19 00:00:00,A,4829,1325221417096HURL0,2026-04-19 07:00:00,2026-04-19 15:00:00,60,16.0,0,Continuity (2-mould press)
2026-04-19 00:00:00,B,4829,1325221417096HURL0,2026-04-19 15:00:00,2026-04-19 23:00:00,60,16.0,0,Continuity (2-mould press)
2026-04-19 00:00:00,C,4829,1325221417096HURL0,2026-04-19 23:00:00,2026-04-20 07:00:00,60,16.0,0,Continuity (2-mould press)
2026-04-20 00:00:00,A,4829,1325221417096HURL0,2026-04-20 07:00:00,2026-04-20 15:00:00,60,16.0,0,Continuity (2-mould press)
2026-04-20 00:00:00,B,4829,1325221417096HURL0,2026-04-20 15:00:00,2026-04-20 23:00:00,60,16.0,0,Continuity (2-mould press)
2026-04-20 00:00:00,C,4829,1325221417096HURL0,2026-04-20 23:00:00,2026-04-21 07:00:00,60,16.0,0,Continuity (2-mould press)
2026-04-21 00:00:00,A,4829,1325221417096HURL0,2026-04-21 07:00:00,2026-04-21 15:00:00,60,16.0,0,Continuity (2-mould press)
2026-04-21 00:00:00,B,4829,1325221417096HURL0,2026-04-21 15:00:00,2026-04-21 23:00:00,60,16.0,0,Continuity (2-mould press)
2026-04-21 00:00:00,C,4829,1325221417096HURL0,2026-04-21 23:00:00,2026-04-22 07:00:00,60,16.0,0,Continuity (2-mould press)
2026-04-22 00:00:00,A,4829,1325221417096HURL0,2026-04-22 07:00:00,2026-04-22 15:00:00,60,16.0,0,Continuity (2-mould press)
2026-04-22 00:00:00,B,4829,1325221417096HURL0,2026-04-22 15:00:00,2026-04-22 23:00:00,60,16.0,0,Continuity (2-mould press)
2026-04-22 00:00:00,C,4829,1325221417096HURL0,2026-04-22 23:00:00,2026-04-23 07:00:00,60,16.0,0,Continuity (2-mould press)
2026-04-23 00:00:00,A,4829,1325221417096HURL0,2026-04-23 07:00:00,2026-04-23 15:00:00,60,16.0,0,Continuity (2-mould press)
2026-04-23 00:00:00,B,4829,1325221417096HURL0,2026-04-23 15:00:00,2026-04-23 23:00:00,60,16.0,0,Continuity (2-mould press)
2026-04-23 00:00:00,C,4829,1325221417096HURL0,2026-04-23 23:00:00,2026-04-24 07:00:00,60,16.0,0,Continuity (2-mould press)
2026-04-24 00:00:00,A,4829,1325221417096HURL0,2026-04-24 07:00:00,2026-04-24 15:00:00,60,16.0,0,Continuity (2-mould press)
2026-04-24 00:00:00,B,4829,1325221417096HURL0,2026-04-24 15:00:00,2026-04-24 23:00:00,60,16.0,0,Continuity (2-mould press)
2026-04-24 00:00:00,C,4829,1325221417096HURL0,2026-04-24 23:00:00,2026-04-25 07:00:00,60,16.0,0,Continuity (2-mould press)
2026-04-25 00:00:00,A,4829,1325221417096HURL0,2026-04-25 07:00:00,2026-04-25 15:00:00,60,16.0,0,Continuity (2-mould press)
2026-04-25 00:00:00,B,4829,1325221417096HURL0,2026-04-25 15:00:00,2026-04-25 23:00:00,60,16.0,0,Continuity (2-mould press)
2026-04-25 00:00:00,C,4829,1325221417096HURL0,2026-04-25 23:00:00,2026-04-26 07:00:00,60,16.0,0,Continuity (2-mould press)
2026-04-26 00:00:00,A,4829,1325221417096HURL0,2026-04-26 07:00:00,2026-04-26 15:00:00,60,16.0,0,Continuity (2-mould press)
2026-04-26 00:00:00,B,4829,1325221417096HURL0,2026-04-26 15:00:00,2026-04-26 23:00:00,60,16.0,0,Continuity (2-mould press)
2026-04-26 00:00:00,C,4829,1325221417096HURL0,2026-04-26 23:00:00,2026-04-27 07:00:00,60,16.0,0,Continuity (2-mould press)
2026-04-27 00:00:00,A,4829,1325221417096HURL0,2026-04-27 07:00:00,2026-04-27 15:00:00,60,16.0,0,Continuity (2-mould press)
2026-04-27 00:00:00,B,4829,1325221417096HURL0,2026-04-27 15:00:00,2026-04-27 23:00:00,60,16.0,0,Continuity (2-mould press)
2026-04-27 00:00:00,C,4829,1325221417096HURL0,2026-04-27 23:00:00,2026-04-28 07:00:00,60,16.0,0,Continuity (2-mould press)
2026-04-28 00:00:00,A,4829,1325221417096HURL0,2026-04-28 07:00:00,2026-04-28 15:00:00,60,16.0,0,Continuity (2-mould press)
2026-04-28 00:00:00,B,4829,1325221417096HURL0,2026-04-28 15:00:00,2026-04-28 23:00:00,60,16.0,0,Continuity (2-mould press)
2026-04-28 00:00:00,C,4829,1325221417096HURL0,2026-04-28 23:00:00,2026-04-29 07:00:00,60,16.0,0,Continuity (2-mould press)
2026-04-29 00:00:00,A,4829,1325221417096HURL0,2026-04-29 07:00:00,2026-04-29 15:00:00,60,16.0,0,Continuity (2-mould press)
2026-04-29 00:00:00,B,4829,1325221417096HURL0,2026-04-29 15:00:00,2026-04-29 16:36:00,12,16.0,0,Continuity (2-mould press)
2026-04-03 00:00:00,A,4830,1D25216814008QXPC0,2026-04-03 07:00:00,2026-04-03 15:00:00,48,20.0,0,Continuity (2-mould press)
2026-04-03 00:00:00,B,4830,1D25216814008QXPC0,2026-04-03 15:00:00,2026-04-03 23:00:00,48,20.0,0,Continuity (2-mould press)
2026-04-03 00:00:00,C,4830,1D25216814008QXPC0,2026-04-03 23:00:00,2026-04-04 07:00:00,48,20.0,0,Continuity (2-mould press)
2026-04-04 00:00:00,A,4830,1D25216814008QXPC0,2026-04-04 07:00:00,2026-04-04 15:00:00,48,20.0,0,Continuity (2-mould press)
2026-04-04 00:00:00,B,4830,1D25216814008QXPC0,2026-04-04 15:00:00,2026-04-04 23:00:00,48,20.0,0,Continuity (2-mould press)
2026-04-04 00:00:00,C,4830,1D25216814008QXPC0,2026-04-04 23:00:00,2026-04-05 07:00:00,48,20.0,0,Continuity (2-mould press)
2026-04-05 00:00:00,A,4830,1D25216814008QXPC0,2026-04-05 07:00:00,2026-04-05 15:00:00,48,20.0,0,Continuity (2-mould press)
2026-04-05 00:00:00,B,4830,1D25216814008QXPC0,2026-04-05 15:00:00,2026-04-05 23:00:00,48,20.0,0,Continuity (2-mould press)
2026-04-05 00:00:00,C,4830,1D25216814008QXPC0,2026-04-05 23:00:00,2026-04-06 07:00:00,48,20.0,0,Continuity (2-mould press)
2026-04-06 00:00:00,A,4830,1D25216814008QXPC0,2026-04-06 07:00:00,2026-04-06 15:00:00,48,20.0,0,Continuity (2-mould press)
2026-04-06 00:00:00,B,4830,1D25216814008QXPC0,2026-04-06 15:00:00,2026-04-06 23:00:00,48,20.0,0,Continuity (2-mould press)
2026-04-06 00:00:00,C,4830,1D25216814008QXPC0,2026-04-06 23:00:00,2026-04-07 07:00:00,48,20.0,0,Continuity (2-mould press)
2026-04-07 00:00:00,A,4830,1D25216814008QXPC0,2026-04-07 07:00:00,2026-04-07 15:00:00,48,20.0,0,Continuity (2-mould press)
2026-04-07 00:00:00,B,4830,1D25216814008QXPC0,2026-04-07 15:00:00,2026-04-07 23:00:00,48,20.0,0,Continuity (2-mould press)
2026-04-07 00:00:00,C,4830,1D25216814008QXPC0,2026-04-07 23:00:00,2026-04-08 07:00:00,48,20.0,0,Continuity (2-mould press)
2026-04-08 00:00:00,A,4830,1D25216814008QXPC0,2026-04-08 07:00:00,2026-04-08 15:00:00,48,20.0,0,Continuity (2-mould press)
2026-04-08 00:00:00,B,4830,1D25216814008QXPC0,2026-04-08 15:00:00,2026-04-08 23:00:00,48,20.0,0,Continuity (2-mould press)
2026-04-08 00:00:00,C,4830,1D25216814008QXPC0,2026-04-08 23:00:00,2026-04-09 07:00:00,48,20.0,0,Continuity (2-mould press)
2026-04-09 00:00:00,A,4830,1D25216814008QXPC0,2026-04-09 07:00:00,2026-04-09 15:00:00,48,20.0,0,Continuity (2-mould press)
2026-04-09 00:00:00,B,4830,1D25216814008QXPC0,2026-04-09 15:00:00,2026-04-09 23:00:00,48,20.0,0,Continuity (2-mould press)
2026-04-09 00:00:00,C,4830,1D25216814008QXPC0,2026-04-09 23:00:00,2026-04-10 07:00:00,48,20.0,0,Continuity (2-mould press)
2026-04-10 00:00:00,A,4830,1D25216814008QXPC0,2026-04-10 07:00:00,2026-04-10 15:00:00,48,20.0,0,Continuity (2-mould press)
2026-04-10 00:00:00,B,4830,1D25216814008QXPC0,2026-04-10 15:00:00,2026-04-10 23:00:00,48,20.0,0,Continuity (2-mould press)
2026-04-10 00:00:00,C,4830,1D25216814008QXPC0,2026-04-10 23:00:00,2026-04-11 07:00:00,48,20.0,0,Continuity (2-mould press)
2026-04-11 00:00:00,A,4830,1D25216814008QXPC0,2026-04-11 07:00:00,2026-04-11 15:00:00,48,20.0,0,Continuity (2-mould press)
2026-04-11 00:00:00,B,4830,1D25216814008QXPC0,2026-04-11 15:00:00,2026-04-11 23:00:00,48,20.0,0,Continuity (2-mould press)
2026-04-11 00:00:00,C,4830,1D25216814008QXPC0,2026-04-11 23:00:00,2026-04-12 07:00:00,48,20.0,0,Continuity (2-mould press)
2026-04-12 00:00:00,A,4830,1D25216814008QXPC0,2026-04-12 07:00:00,2026-04-12 15:00:00,48,20.0,0,Continuity (2-mould press)
2026-04-12 00:00:00,B,4830,1D25216814008QXPC0,2026-04-12 15:00:00,2026-04-12 23:00:00,48,20.0,0,Continuity (2-mould press)
2026-04-12 00:00:00,C,4830,1D25216814008QXPC0,2026-04-12 23:00:00,2026-04-13 07:00:00,48,20.0,0,Continuity (2-mould press)
2026-04-13 00:00:00,A,4830,1D25216814008QXPC0,2026-04-13 07:00:00,2026-04-13 15:00:00,48,20.0,0,Continuity (2-mould press)
2026-04-13 00:00:00,B,4830,1D25216814008QXPC0,2026-04-13 15:00:00,2026-04-13 23:00:00,48,20.0,0,Continuity (2-mould press)
2026-04-13 00:00:00,C,4830,1D25216814008QXPC0,2026-04-13 23:00:00,2026-04-14 07:00:00,48,20.0,0,Continuity (2-mould press)
2026-04-14 00:00:00,A,4830,1D25216814008QXPC0,2026-04-14 07:00:00,2026-04-14 15:00:00,48,20.0,0,Continuity (2-mould press)
2026-04-14 00:00:00,B,4830,1D25216814008QXPC0,2026-04-14 15:00:00,2026-04-14 23:00:00,48,20.0,0,Continuity (2-mould press)
2026-04-14 00:00:00,C,4830,1D25216814008QXPC0,2026-04-14 23:00:00,2026-04-15 07:00:00,48,20.0,0,Continuity (2-mould press)
2026-04-15 00:00:00,A,4830,1D25216814008QXPC0,2026-04-15 07:00:00,2026-04-15 15:00:00,48,20.0,0,Continuity (2-mould press)
2026-04-15 00:00:00,B,4830,1D25216814008QXPC0,2026-04-15 15:00:00,2026-04-15 23:00:00,48,20.0,0,Continuity (2-mould press)
2026-04-15 00:00:00,C,4830,1D25216814008QXPC0,2026-04-15 23:00:00,2026-04-16 07:00:00,48,20.0,0,Continuity (2-mould press)
2026-04-16 00:00:00,A,4830,1D25216814008QXPC0,2026-04-16 07:00:00,2026-04-16 15:00:00,48,20.0,0,Continuity (2-mould press)
2026-04-16 00:00:00,B,4830,1D25216814008QXPC0,2026-04-16 15:00:00,2026-04-16 23:00:00,48,20.0,0,Continuity (2-mould press)
2026-04-16 00:00:00,C,4830,1D25216814008QXPC0,2026-04-16 23:00:00,2026-04-17 07:00:00,48,20.0,0,Continuity (2-mould press)
2026-04-17 00:00:00,A,4830,1D25216814008QXPC0,2026-04-17 07:00:00,2026-04-17 15:00:00,48,20.0,0,Continuity (2-mould press)
2026-04-17 00:00:00,B,4830,1D25216814008QXPC0,2026-04-17 15:00:00,2026-04-17 23:00:00,48,20.0,0,Continuity (2-mould press)
2026-04-17 00:00:00,C,4830,1D25216814008QXPC0,2026-04-17 23:00:00,2026-04-18 07:00:00,48,20.0,0,Continuity (2-mould press)
2026-04-18 00:00:00,A,4830,1D25216814008QXPC0,2026-04-18 07:00:00,2026-04-18 15:00:00,48,20.0,0,Continuity (2-mould press)
2026-04-18 00:00:00,B,4830,1D25216814008QXPC0,2026-04-18 15:00:00,2026-04-18 23:00:00,48,20.0,0,Continuity (2-mould press)
2026-04-18 00:00:00,C,4830,1D25216814008QXPC0,2026-04-18 23:00:00,2026-04-19 07:00:00,48,20.0,0,Continuity (2-mould press)
2026-04-19 00:00:00,A,4830,1D25216814008QXPC0,2026-04-19 07:00:00,2026-04-19 15:00:00,48,20.0,0,Continuity (2-mould press)
2026-04-19 00:00:00,B,4830,1D25216814008QXPC0,2026-04-19 15:00:00,2026-04-19 23:00:00,48,20.0,0,Continuity (2-mould press)
2026-04-19 00:00:00,C,4830,1D25216814008QXPC0,2026-04-19 23:00:00,2026-04-20 07:00:00,48,20.0,0,Continuity (2-mould press)
2026-04-20 00:00:00,A,4830,1D25216814008QXPC0,2026-04-20 07:00:00,2026-04-20 15:00:00,48,20.0,0,Continuity (2-mould press)
2026-04-20 00:00:00,B,4830,1D25216814008QXPC0,2026-04-20 15:00:00,2026-04-20 23:00:00,48,20.0,0,Continuity (2-mould press)
2026-04-20 00:00:00,C,4830,1D25216814008QXPC0,2026-04-20 23:00:00,2026-04-21 07:00:00,48,20.0,0,Continuity (2-mould press)
2026-04-21 00:00:00,A,4830,1D25216814008QXPC0,2026-04-21 07:00:00,2026-04-21 15:00:00,48,20.0,0,Continuity (2-mould press)
2026-04-21 00:00:00,B,4830,1D25216814008QXPC0,2026-04-21 15:00:00,2026-04-21 23:00:00,48,20.0,0,Continuity (2-mould press)
2026-04-21 00:00:00,C,4830,1D25216814008QXPC0,2026-04-21 23:00:00,2026-04-22 07:00:00,48,20.0,0,Continuity (2-mould press)
2026-04-22 00:00:00,A,4830,1D25216814008QXPC0,2026-04-22 07:00:00,2026-04-22 15:00:00,48,20.0,0,Continuity (2-mould press)
2026-04-22 00:00:00,B,4830,1D25216814008QXPC0,2026-04-22 15:00:00,2026-04-22 23:00:00,48,20.0,0,Continuity (2-mould press)
2026-04-22 00:00:00,C,4830,1D25216814008QXPC0,2026-04-22 23:00:00,2026-04-23 07:00:00,48,20.0,0,Continuity (2-mould press)
2026-04-23 00:00:00,A,4830,1D25216814008QXPC0,2026-04-23 07:00:00,2026-04-23 15:00:00,48,20.0,0,Continuity (2-mould press)
2026-04-23 00:00:00,B,4830,1D25216814008QXPC0,2026-04-23 15:00:00,2026-04-23 23:00:00,48,20.0,0,Continuity (2-mould press)
2026-04-23 00:00:00,C,4830,1D25216814008QXPC0,2026-04-23 23:00:00,2026-04-24 07:00:00,48,20.0,0,Continuity (2-mould press)
2026-04-24 00:00:00,A,4830,1D25216814008QXPC0,2026-04-24 07:00:00,2026-04-24 15:00:00,48,20.0,0,Continuity (2-mould press)
2026-04-24 00:00:00,B,4830,1D25216814008QXPC0,2026-04-24 15:00:00,2026-04-24 23:00:00,48,20.0,0,Continuity (2-mould press)
2026-04-24 00:00:00,C,4830,1D25216814008QXPC0,2026-04-24 23:00:00,2026-04-25 07:00:00,48,20.0,0,Continuity (2-mould press)
2026-04-25 00:00:00,A,4830,1D25216814008QXPC0,2026-04-25 07:00:00,2026-04-25 15:00:00,48,20.0,0,Continuity (2-mould press)
2026-04-25 00:00:00,B,4830,1D25216814008QXPC0,2026-04-25 15:00:00,2026-04-25 23:00:00,48,20.0,0,Continuity (2-mould press)
2026-04-25 00:00:00,C,4830,1D25216814008QXPC0,2026-04-25 23:00:00,2026-04-26 07:00:00,48,20.0,0,Continuity (2-mould press)
2026-04-26 00:00:00,A,4830,1D25216814008QXPC0,2026-04-26 07:00:00,2026-04-26 15:00:00,48,20.0,0,Continuity (2-mould press)
2026-04-26 00:00:00,B,4830,1D25216814008QXPC0,2026-04-26 15:00:00,2026-04-26 23:00:00,48,20.0,0,Continuity (2-mould press)
2026-04-26 00:00:00,C,4830,1D25216814008QXPC0,2026-04-26 23:00:00,2026-04-27 07:00:00,48,20.0,0,Continuity (2-mould press)
2026-04-27 00:00:00,A,4830,1D25216814008QXPC0,2026-04-27 07:00:00,2026-04-27 15:00:00,48,20.0,0,Continuity (2-mould press)
2026-04-27 00:00:00,B,4830,1D25216814008QXPC0,2026-04-27 15:00:00,2026-04-27 23:00:00,48,20.0,0,Continuity (2-mould press)
2026-04-27 00:00:00,C,4830,1D25216814008QXPC0,2026-04-27 23:00:00,2026-04-28 07:00:00,48,20.0,0,Continuity (2-mould press)
2026-04-28 00:00:00,A,4830,1D25216814008QXPC0,2026-04-28 07:00:00,2026-04-28 15:00:00,48,20.0,0,Continuity (2-mould press)
2026-04-28 00:00:00,B,4830,1D25216814008QXPC0,2026-04-28 15:00:00,2026-04-28 23:00:00,48,20.0,0,Continuity (2-mould press)
2026-04-28 00:00:00,C,4830,1D25216814008QXPC0,2026-04-28 23:00:00,2026-04-29 07:00:00,48,20.0,0,Continuity (2-mould press)
2026-04-29 00:00:00,A,4830,1D25216814008QXPC0,2026-04-29 07:00:00,2026-04-29 15:00:00,48,20.0,0,Continuity (2-mould press)
2026-04-29 00:00:00,B,4830,1D25216814008QXPC0,2026-04-29 15:00:00,2026-04-29 23:00:00,48,20.0,0,Continuity (2-mould press)
2026-04-29 00:00:00,C,4830,1D25216814008QXPC0,2026-04-29 23:00:00,2026-04-30 07:00:00,48,20.0,0,Continuity (2-mould press)
2026-04-30 00:00:00,A,4830,1D25216814008QXPC0,2026-04-30 07:00:00,2026-04-30 15:00:00,48,20.0,0,Continuity (2-mould press)
2026-04-30 00:00:00,B,4830,1D25216814008QXPC0,2026-04-30 15:00:00,2026-04-30 23:00:00,48,20.0,0,Continuity (2-mould press)
2026-04-30 00:00:00,C,4830,1D25216814008QXPC0,2026-04-30 23:00:00,2026-05-01 07:00:00,48,20.0,0,Continuity (2-mould press)
2026-05-01 00:00:00,A,4830,1D25216814008QXPC0,2026-05-01 07:00:00,2026-05-01 15:00:00,48,20.0,0,Continuity (2-mould press)
2026-05-01 00:00:00,B,4830,1D25216814008QXPC0,2026-05-01 15:00:00,2026-05-01 23:00:00,48,20.0,0,Continuity (2-mould press)
2026-05-01 00:00:00,C,4830,1D25216814008QXPC0,2026-05-01 23:00:00,2026-05-02 07:00:00,48,20.0,0,Continuity (2-mould press)
2026-05-02 00:00:00,A,4830,1D25216814008QXPC0,2026-05-02 07:00:00,2026-05-02 15:00:00,48,20.0,0,Continuity (2-mould press)
2026-05-02 00:00:00,B,4830,1D25216814008QXPC0,2026-05-02 15:00:00,2026-05-02 23:00:00,48,20.0,0,Continuity (2-mould press)
2026-05-02 00:00:00,C,4830,1D25216814008QXPC0,2026-05-02 23:00:00,2026-05-03 07:00:00,48,20.0,0,Continuity (2-mould press)
2026-04-03 00:00:00,A,4831,1D25215013008SXC10,2026-04-03 07:00:00,2026-04-03 07:38:00,4,19.0,0,Continuity (2-mould press)
2026-04-03 00:00:00,A,4831,MOULD_CLEAN,2026-04-03 07:38:00,2026-04-03 10:38:00,0,0.0,0,Mould cleaning (continuity)
2026-04-03 00:00:00,A,4831,1D25215013008SXC10,2026-04-03 10:38:00,2026-04-03 15:00:00,28,19.0,0,Continuity (2-mould press)
2026-04-03 00:00:00,B,4831,1D25215013008SXC10,2026-04-03 15:00:00,2026-04-03 23:00:00,51,19.0,0,Continuity (2-mould press)
2026-04-03 00:00:00,C,4831,1D25215013008SXC10,2026-04-03 23:00:00,2026-04-04 07:00:00,51,19.0,0,Continuity (2-mould press)
2026-04-04 00:00:00,A,4831,1D25215013008SXC10,2026-04-04 07:00:00,2026-04-04 15:00:00,51,19.0,0,Continuity (2-mould press)
2026-04-04 00:00:00,B,4831,1D25215013008SXC10,2026-04-04 15:00:00,2026-04-04 23:00:00,51,19.0,0,Continuity (2-mould press)
2026-04-04 00:00:00,C,4831,1D25215013008SXC10,2026-04-04 23:00:00,2026-04-05 07:00:00,51,19.0,0,Continuity (2-mould press)
2026-04-05 00:00:00,A,4831,1D25215013008SXC10,2026-04-05 07:00:00,2026-04-05 15:00:00,51,19.0,0,Continuity (2-mould press)
2026-04-05 00:00:00,B,4831,1D25215013008SXC10,2026-04-05 15:00:00,2026-04-05 23:00:00,51,19.0,0,Continuity (2-mould press)
2026-04-05 00:00:00,C,4831,1D25215013008SXC10,2026-04-05 23:00:00,2026-04-06 07:00:00,51,19.0,0,Continuity (2-mould press)
2026-04-06 00:00:00,A,4831,1D25215013008SXC10,2026-04-06 07:00:00,2026-04-06 15:00:00,51,19.0,0,Continuity (2-mould press)
2026-04-06 00:00:00,B,4831,1D25215013008SXC10,2026-04-06 15:00:00,2026-04-06 23:00:00,51,19.0,0,Continuity (2-mould press)
2026-04-06 00:00:00,C,4831,1D25215013008SXC10,2026-04-06 23:00:00,2026-04-07 07:00:00,51,19.0,0,Continuity (2-mould press)
2026-04-07 00:00:00,A,4831,1D25215013008SXC10,2026-04-07 07:00:00,2026-04-07 15:00:00,51,19.0,0,Continuity (2-mould press)
2026-04-07 00:00:00,B,4831,1D25215013008SXC10,2026-04-07 15:00:00,2026-04-07 23:00:00,51,19.0,0,Continuity (2-mould press)
2026-04-07 00:00:00,C,4831,1D25215013008SXC10,2026-04-07 23:00:00,2026-04-08 07:00:00,51,19.0,0,Continuity (2-mould press)
2026-04-08 00:00:00,A,4831,1D25215013008SXC10,2026-04-08 07:00:00,2026-04-08 15:00:00,51,19.0,0,Continuity (2-mould press)
2026-04-08 00:00:00,B,4831,1D25215013008SXC10,2026-04-08 15:00:00,2026-04-08 23:00:00,51,19.0,0,Continuity (2-mould press)
2026-04-08 00:00:00,C,4831,1D25215013008SXC10,2026-04-08 23:00:00,2026-04-09 07:00:00,51,19.0,0,Continuity (2-mould press)
2026-04-09 00:00:00,A,4831,1D25215013008SXC10,2026-04-09 07:00:00,2026-04-09 15:00:00,51,19.0,0,Continuity (2-mould press)
2026-04-09 00:00:00,B,4831,1D25215013008SXC10,2026-04-09 15:00:00,2026-04-09 23:00:00,51,19.0,0,Continuity (2-mould press)
2026-04-09 00:00:00,C,4831,1D25215013008SXC10,2026-04-09 23:00:00,2026-04-10 07:00:00,51,19.0,0,Continuity (2-mould press)
2026-04-10 00:00:00,A,4831,1D25215013008SXC10,2026-04-10 07:00:00,2026-04-10 15:00:00,51,19.0,0,Continuity (2-mould press)
2026-04-10 00:00:00,B,4831,1D25215013008SXC10,2026-04-10 15:00:00,2026-04-10 23:00:00,51,19.0,0,Continuity (2-mould press)
2026-04-10 00:00:00,C,4831,1D25215013008SXC10,2026-04-10 23:00:00,2026-04-11 07:00:00,51,19.0,0,Continuity (2-mould press)
2026-04-11 00:00:00,A,4831,1D25215013008SXC10,2026-04-11 07:00:00,2026-04-11 15:00:00,51,19.0,0,Continuity (2-mould press)
2026-04-11 00:00:00,B,4831,1D25215013008SXC10,2026-04-11 15:00:00,2026-04-11 23:00:00,51,19.0,0,Continuity (2-mould press)
2026-04-11 00:00:00,C,4831,1D25215013008SXC10,2026-04-11 23:00:00,2026-04-12 07:00:00,51,19.0,0,Continuity (2-mould press)
2026-04-12 00:00:00,A,4831,1D25215013008SXC10,2026-04-12 07:00:00,2026-04-12 15:00:00,51,19.0,0,Continuity (2-mould press)
2026-04-12 00:00:00,B,4831,1D25215013008SXC10,2026-04-12 15:00:00,2026-04-12 23:00:00,51,19.0,0,Continuity (2-mould press)
2026-04-12 00:00:00,C,4831,1D25215013008SXC10,2026-04-12 23:00:00,2026-04-13 07:00:00,51,19.0,0,Continuity (2-mould press)
2026-04-13 00:00:00,A,4831,1D25215013008SXC10,2026-04-13 07:00:00,2026-04-13 15:00:00,51,19.0,0,Continuity (2-mould press)
2026-04-13 00:00:00,B,4831,1D25215013008SXC10,2026-04-13 15:00:00,2026-04-13 23:00:00,51,19.0,0,Continuity (2-mould press)
2026-04-13 00:00:00,C,4831,1D25215013008SXC10,2026-04-13 23:00:00,2026-04-14 07:00:00,51,19.0,0,Continuity (2-mould press)
2026-04-14 00:00:00,A,4831,1D25215013008SXC10,2026-04-14 07:00:00,2026-04-14 15:00:00,51,19.0,0,Continuity (2-mould press)
2026-04-14 00:00:00,B,4831,1D25215013008SXC10,2026-04-14 15:00:00,2026-04-14 23:00:00,51,19.0,0,Continuity (2-mould press)
2026-04-14 00:00:00,C,4831,1D25215013008SXC10,2026-04-14 23:00:00,2026-04-15 07:00:00,51,19.0,0,Continuity (2-mould press)
2026-04-15 00:00:00,A,4831,1D25215013008SXC10,2026-04-15 07:00:00,2026-04-15 15:00:00,51,19.0,0,Continuity (2-mould press)
2026-04-15 00:00:00,B,4831,1D25215013008SXC10,2026-04-15 15:00:00,2026-04-15 23:00:00,51,19.0,0,Continuity (2-mould press)
2026-04-15 00:00:00,C,4831,1D25215013008SXC10,2026-04-15 23:00:00,2026-04-16 07:00:00,51,19.0,0,Continuity (2-mould press)
2026-04-16 00:00:00,A,4831,1D25215013008SXC10,2026-04-16 07:00:00,2026-04-16 15:00:00,51,19.0,0,Continuity (2-mould press)
2026-04-16 00:00:00,B,4831,1D25215013008SXC10,2026-04-16 15:00:00,2026-04-16 23:00:00,51,19.0,0,Continuity (2-mould press)
2026-04-16 00:00:00,C,4831,1D25215013008SXC10,2026-04-16 23:00:00,2026-04-17 07:00:00,51,19.0,0,Continuity (2-mould press)
2026-04-17 00:00:00,A,4831,1D25215013008SXC10,2026-04-17 07:00:00,2026-04-17 15:00:00,51,19.0,0,Continuity (2-mould press)
2026-04-17 00:00:00,B,4831,1D25215013008SXC10,2026-04-17 15:00:00,2026-04-17 23:00:00,51,19.0,0,Continuity (2-mould press)
2026-04-17 00:00:00,C,4831,1D25215013008SXC10,2026-04-17 23:00:00,2026-04-18 07:00:00,51,19.0,0,Continuity (2-mould press)
2026-04-18 00:00:00,A,4831,1D25215013008SXC10,2026-04-18 07:00:00,2026-04-18 15:00:00,51,19.0,0,Continuity (2-mould press)
2026-04-18 00:00:00,B,4831,1D25215013008SXC10,2026-04-18 15:00:00,2026-04-18 23:00:00,51,19.0,0,Continuity (2-mould press)
2026-04-18 00:00:00,C,4831,1D25215013008SXC10,2026-04-18 23:00:00,2026-04-19 07:00:00,51,19.0,0,Continuity (2-mould press)
2026-04-19 00:00:00,A,4831,1D25215013008SXC10,2026-04-19 07:00:00,2026-04-19 15:00:00,51,19.0,0,Continuity (2-mould press)
2026-04-19 00:00:00,B,4831,1D25215013008SXC10,2026-04-19 15:00:00,2026-04-19 23:00:00,51,19.0,0,Continuity (2-mould press)
2026-04-19 00:00:00,C,4831,1D25215013008SXC10,2026-04-19 23:00:00,2026-04-20 07:00:00,51,19.0,0,Continuity (2-mould press)
2026-04-20 00:00:00,A,4831,1D25215013008SXC10,2026-04-20 07:00:00,2026-04-20 15:00:00,51,19.0,0,Continuity (2-mould press)
2026-04-20 00:00:00,B,4831,1D25215013008SXC10,2026-04-20 15:00:00,2026-04-20 23:00:00,51,19.0,0,Continuity (2-mould press)
2026-04-20 00:00:00,C,4831,1D25215013008SXC10,2026-04-20 23:00:00,2026-04-21 07:00:00,51,19.0,0,Continuity (2-mould press)
2026-04-21 00:00:00,A,4831,1D25215013008SXC10,2026-04-21 07:00:00,2026-04-21 15:00:00,51,19.0,0,Continuity (2-mould press)
2026-04-21 00:00:00,B,4831,1D25215013008SXC10,2026-04-21 15:00:00,2026-04-21 23:00:00,51,19.0,0,Continuity (2-mould press)
2026-04-21 00:00:00,C,4831,1D25215013008SXC10,2026-04-21 23:00:00,2026-04-22 07:00:00,51,19.0,0,Continuity (2-mould press)
2026-04-22 00:00:00,A,4831,1D25215013008SXC10,2026-04-22 07:00:00,2026-04-22 15:00:00,51,19.0,0,Continuity (2-mould press)
2026-04-22 00:00:00,B,4831,1D25215013008SXC10,2026-04-22 15:00:00,2026-04-22 23:00:00,51,19.0,0,Continuity (2-mould press)
2026-04-22 00:00:00,C,4831,1D25215013008SXC10,2026-04-22 23:00:00,2026-04-23 07:00:00,51,19.0,0,Continuity (2-mould press)
2026-04-23 00:00:00,A,4831,1D25215013008SXC10,2026-04-23 07:00:00,2026-04-23 15:00:00,51,19.0,0,Continuity (2-mould press)
2026-04-23 00:00:00,B,4831,1D25215013008SXC10,2026-04-23 15:00:00,2026-04-23 23:00:00,51,19.0,0,Continuity (2-mould press)
2026-04-23 00:00:00,C,4831,1D25215013008SXC10,2026-04-23 23:00:00,2026-04-24 07:00:00,51,19.0,0,Continuity (2-mould press)
2026-04-24 00:00:00,A,4831,1D25215013008SXC10,2026-04-24 07:00:00,2026-04-24 15:00:00,51,19.0,0,Continuity (2-mould press)
2026-04-24 00:00:00,B,4831,1D25215013008SXC10,2026-04-24 15:00:00,2026-04-24 23:00:00,51,19.0,0,Continuity (2-mould press)
2026-04-24 00:00:00,C,4831,1D25215013008SXC10,2026-04-24 23:00:00,2026-04-25 07:00:00,51,19.0,0,Continuity (2-mould press)
2026-04-25 00:00:00,A,4831,1D25215013008SXC10,2026-04-25 07:00:00,2026-04-25 15:00:00,51,19.0,0,Continuity (2-mould press)
2026-04-25 00:00:00,B,4831,1D25215013008SXC10,2026-04-25 15:00:00,2026-04-25 23:00:00,51,19.0,0,Continuity (2-mould press)
2026-04-25 00:00:00,C,4831,1D25215013008SXC10,2026-04-25 23:00:00,2026-04-26 07:00:00,51,19.0,0,Continuity (2-mould press)
2026-04-26 00:00:00,A,4831,1D25215013008SXC10,2026-04-26 07:00:00,2026-04-26 15:00:00,51,19.0,0,Continuity (2-mould press)
2026-04-26 00:00:00,B,4831,1D25215013008SXC10,2026-04-26 15:00:00,2026-04-26 23:00:00,51,19.0,0,Continuity (2-mould press)
2026-04-26 00:00:00,C,4831,1D25215013008SXC10,2026-04-26 23:00:00,2026-04-27 07:00:00,51,19.0,0,Continuity (2-mould press)
2026-04-27 00:00:00,A,4831,1D25215013008SXC10,2026-04-27 07:00:00,2026-04-27 15:00:00,51,19.0,0,Continuity (2-mould press)
2026-04-27 00:00:00,B,4831,1D25215013008SXC10,2026-04-27 15:00:00,2026-04-27 23:00:00,51,19.0,0,Continuity (2-mould press)
2026-04-27 00:00:00,C,4831,1D25215013008SXC10,2026-04-27 23:00:00,2026-04-28 07:00:00,51,19.0,0,Continuity (2-mould press)
2026-04-28 00:00:00,A,4831,1D25215013008SXC10,2026-04-28 07:00:00,2026-04-28 15:00:00,51,19.0,0,Continuity (2-mould press)
2026-04-28 00:00:00,B,4831,1D25215013008SXC10,2026-04-28 15:00:00,2026-04-28 23:00:00,51,19.0,0,Continuity (2-mould press)
2026-04-28 00:00:00,C,4831,1D25215013008SXC10,2026-04-28 23:00:00,2026-04-29 07:00:00,51,19.0,0,Continuity (2-mould press)
2026-04-29 00:00:00,A,4831,1D25215013008SXC10,2026-04-29 07:00:00,2026-04-29 15:00:00,51,19.0,0,Continuity (2-mould press)
2026-04-29 00:00:00,B,4831,1D25215013008SXC10,2026-04-29 15:00:00,2026-04-29 23:00:00,51,19.0,0,Continuity (2-mould press)
2026-04-29 00:00:00,C,4831,1D25215013008SXC10,2026-04-29 23:00:00,2026-04-30 07:00:00,51,19.0,0,Continuity (2-mould press)
2026-04-30 00:00:00,A,4831,1D25215013008SXC10,2026-04-30 07:00:00,2026-04-30 08:38:00,10,19.0,0,Continuity (2-mould press)
2026-04-03 00:00:00,A,4832,1325219515091HURL2,2026-04-03 07:00:00,2026-04-03 15:00:00,64,15.0,0,Continuity (2-mould press)
2026-04-03 00:00:00,B,4832,1325219515091HURL2,2026-04-03 15:00:00,2026-04-03 23:00:00,64,15.0,0,Continuity (2-mould press)
2026-04-03 00:00:00,C,4832,1325219515091HURL2,2026-04-03 23:00:00,2026-04-04 07:00:00,64,15.0,0,Continuity (2-mould press)
2026-04-04 00:00:00,A,4832,1325219515091HURL2,2026-04-04 07:00:00,2026-04-04 15:00:00,64,15.0,0,Continuity (2-mould press)
2026-04-04 00:00:00,B,4832,1325219515091HURL2,2026-04-04 15:00:00,2026-04-04 23:00:00,64,15.0,0,Continuity (2-mould press)
2026-04-04 00:00:00,C,4832,1325219515091HURL2,2026-04-04 23:00:00,2026-04-05 07:00:00,64,15.0,0,Continuity (2-mould press)
2026-04-05 00:00:00,A,4832,1325219515091HURL2,2026-04-05 07:00:00,2026-04-05 15:00:00,64,15.0,0,Continuity (2-mould press)
2026-04-05 00:00:00,B,4832,1325219515091HURL2,2026-04-05 15:00:00,2026-04-05 23:00:00,64,15.0,0,Continuity (2-mould press)
2026-04-05 00:00:00,C,4832,1325219515091HURL2,2026-04-05 23:00:00,2026-04-06 07:00:00,64,15.0,0,Continuity (2-mould press)
2026-04-06 00:00:00,A,4832,1325219515091HURL2,2026-04-06 07:00:00,2026-04-06 15:00:00,64,15.0,0,Continuity (2-mould press)
2026-04-06 00:00:00,B,4832,1325219515091HURL2,2026-04-06 15:00:00,2026-04-06 23:00:00,64,15.0,0,Continuity (2-mould press)
2026-04-06 00:00:00,C,4832,1325219515091HURL2,2026-04-06 23:00:00,2026-04-07 07:00:00,64,15.0,0,Continuity (2-mould press)
2026-04-07 00:00:00,A,4832,1325219515091HURL2,2026-04-07 07:00:00,2026-04-07 15:00:00,64,15.0,0,Continuity (2-mould press)
2026-04-07 00:00:00,B,4832,1325219515091HURL2,2026-04-07 15:00:00,2026-04-07 23:00:00,64,15.0,0,Continuity (2-mould press)
2026-04-07 00:00:00,C,4832,1325219515091HURL2,2026-04-07 23:00:00,2026-04-08 07:00:00,64,15.0,0,Continuity (2-mould press)
2026-04-08 00:00:00,A,4832,1325219515091HURL2,2026-04-08 07:00:00,2026-04-08 15:00:00,64,15.0,0,Continuity (2-mould press)
2026-04-08 00:00:00,B,4832,1325219515091HURL2,2026-04-08 15:00:00,2026-04-08 23:00:00,64,15.0,0,Continuity (2-mould press)
2026-04-08 00:00:00,C,4832,1325219515091HURL2,2026-04-08 23:00:00,2026-04-09 07:00:00,64,15.0,0,Continuity (2-mould press)
2026-04-09 00:00:00,A,4832,1325219515091HURL2,2026-04-09 07:00:00,2026-04-09 15:00:00,64,15.0,0,Continuity (2-mould press)
2026-04-09 00:00:00,B,4832,1325219515091HURL2,2026-04-09 15:00:00,2026-04-09 23:00:00,64,15.0,0,Continuity (2-mould press)
2026-04-09 00:00:00,C,4832,1325219515091HURL2,2026-04-09 23:00:00,2026-04-10 07:00:00,64,15.0,0,Continuity (2-mould press)
2026-04-10 00:00:00,A,4832,1325219515091HURL2,2026-04-10 07:00:00,2026-04-10 15:00:00,64,15.0,0,Continuity (2-mould press)
2026-04-10 00:00:00,B,4832,1325219515091HURL2,2026-04-10 15:00:00,2026-04-10 23:00:00,64,15.0,0,Continuity (2-mould press)
2026-04-10 00:00:00,C,4832,1325219515091HURL2,2026-04-10 23:00:00,2026-04-11 07:00:00,64,15.0,0,Continuity (2-mould press)
2026-04-11 00:00:00,A,4832,1325219515091HURL2,2026-04-11 07:00:00,2026-04-11 08:00:00,8,15.0,0,Continuity (2-mould press)
2026-04-11 00:00:00,A,4832,MOULD_CLEAN,2026-04-11 08:00:00,2026-04-11 11:00:00,0,0.0,0,Mould cleaning (continuity)
2026-04-11 00:00:00,A,4832,1325219515091HURL2,2026-04-11 11:00:00,2026-04-11 15:00:00,32,15.0,0,Continuity (2-mould press)
2026-04-11 00:00:00,B,4832,1325219515091HURL2,2026-04-11 15:00:00,2026-04-11 23:00:00,64,15.0,0,Continuity (2-mould press)
2026-04-11 00:00:00,C,4832,1325219515091HURL2,2026-04-11 23:00:00,2026-04-12 07:00:00,64,15.0,0,Continuity (2-mould press)
2026-04-12 00:00:00,A,4832,1325219515091HURL2,2026-04-12 07:00:00,2026-04-12 15:00:00,64,15.0,0,Continuity (2-mould press)
2026-04-12 00:00:00,B,4832,1325219515091HURL2,2026-04-12 15:00:00,2026-04-12 23:00:00,64,15.0,0,Continuity (2-mould press)
2026-04-12 00:00:00,C,4832,1325219515091HURL2,2026-04-12 23:00:00,2026-04-13 07:00:00,64,15.0,0,Continuity (2-mould press)
2026-04-13 00:00:00,A,4832,1325219515091HURL2,2026-04-13 07:00:00,2026-04-13 15:00:00,64,15.0,0,Continuity (2-mould press)
2026-04-13 00:00:00,B,4832,1325219515091HURL2,2026-04-13 15:00:00,2026-04-13 23:00:00,64,15.0,0,Continuity (2-mould press)
2026-04-13 00:00:00,C,4832,1325219515091HURL2,2026-04-13 23:00:00,2026-04-14 07:00:00,64,15.0,0,Continuity (2-mould press)
2026-04-14 00:00:00,A,4832,1325219515091HURL2,2026-04-14 07:00:00,2026-04-14 15:00:00,64,15.0,0,Continuity (2-mould press)
2026-04-14 00:00:00,B,4832,1325219515091HURL2,2026-04-14 15:00:00,2026-04-14 23:00:00,64,15.0,0,Continuity (2-mould press)
2026-04-14 00:00:00,C,4832,1325219515091HURL2,2026-04-14 23:00:00,2026-04-15 07:00:00,64,15.0,0,Continuity (2-mould press)
2026-04-15 00:00:00,A,4832,1325219515091HURL2,2026-04-15 07:00:00,2026-04-15 15:00:00,64,15.0,0,Continuity (2-mould press)
2026-04-15 00:00:00,B,4832,1325219515091HURL2,2026-04-15 15:00:00,2026-04-15 23:00:00,64,15.0,0,Continuity (2-mould press)
2026-04-15 00:00:00,C,4832,1325219515091HURL2,2026-04-15 23:00:00,2026-04-16 07:00:00,64,15.0,0,Continuity (2-mould press)
2026-04-16 00:00:00,A,4832,1325219515091HURL2,2026-04-16 07:00:00,2026-04-16 15:00:00,64,15.0,0,Continuity (2-mould press)
2026-04-16 00:00:00,B,4832,1325219515091HURL2,2026-04-16 15:00:00,2026-04-16 23:00:00,64,15.0,0,Continuity (2-mould press)
2026-04-16 00:00:00,C,4832,1325219515091HURL2,2026-04-16 23:00:00,2026-04-17 07:00:00,64,15.0,0,Continuity (2-mould press)
2026-04-17 00:00:00,A,4832,1325219515091HURL2,2026-04-17 07:00:00,2026-04-17 15:00:00,64,15.0,0,Continuity (2-mould press)
2026-04-17 00:00:00,B,4832,1325219515091HURL2,2026-04-17 15:00:00,2026-04-17 23:00:00,64,15.0,0,Continuity (2-mould press)
2026-04-17 00:00:00,C,4832,1325219515091HURL2,2026-04-17 23:00:00,2026-04-18 07:00:00,64,15.0,0,Continuity (2-mould press)
2026-04-18 00:00:00,A,4832,1325219515091HURL2,2026-04-18 07:00:00,2026-04-18 15:00:00,64,15.0,0,Continuity (2-mould press)
2026-04-18 00:00:00,B,4832,1325219515091HURL2,2026-04-18 15:00:00,2026-04-18 23:00:00,64,15.0,0,Continuity (2-mould press)
2026-04-18 00:00:00,C,4832,1325219515091HURL2,2026-04-18 23:00:00,2026-04-19 07:00:00,64,15.0,0,Continuity (2-mould press)
2026-04-19 00:00:00,A,4832,1325219515091HURL2,2026-04-19 07:00:00,2026-04-19 15:00:00,64,15.0,0,Continuity (2-mould press)
2026-04-19 00:00:00,B,4832,1325219515091HURL2,2026-04-19 15:00:00,2026-04-19 23:00:00,64,15.0,0,Continuity (2-mould press)
2026-04-19 00:00:00,C,4832,1325219515091HURL2,2026-04-19 23:00:00,2026-04-20 07:00:00,64,15.0,0,Continuity (2-mould press)
2026-04-20 00:00:00,A,4832,1325219515091HURL2,2026-04-20 07:00:00,2026-04-20 15:00:00,64,15.0,0,Continuity (2-mould press)
2026-04-20 00:00:00,B,4832,1325219515091HURL2,2026-04-20 15:00:00,2026-04-20 23:00:00,64,15.0,0,Continuity (2-mould press)
2026-04-20 00:00:00,C,4832,1325219515091HURL2,2026-04-20 23:00:00,2026-04-21 07:00:00,64,15.0,0,Continuity (2-mould press)
2026-04-21 00:00:00,A,4832,1325219515091HURL2,2026-04-21 07:00:00,2026-04-21 15:00:00,64,15.0,0,Continuity (2-mould press)
2026-04-21 00:00:00,B,4832,1325219515091HURL2,2026-04-21 15:00:00,2026-04-21 23:00:00,64,15.0,0,Continuity (2-mould press)
2026-04-21 00:00:00,C,4832,1325219515091HURL2,2026-04-21 23:00:00,2026-04-22 07:00:00,64,15.0,0,Continuity (2-mould press)
2026-04-22 00:00:00,A,4832,1325219515091HURL2,2026-04-22 07:00:00,2026-04-22 15:00:00,64,15.0,0,Continuity (2-mould press)
2026-04-22 00:00:00,B,4832,1325219515091HURL2,2026-04-22 15:00:00,2026-04-22 23:00:00,64,15.0,0,Continuity (2-mould press)
2026-04-22 00:00:00,C,4832,1325219515091HURL2,2026-04-22 23:00:00,2026-04-23 07:00:00,64,15.0,0,Continuity (2-mould press)
2026-04-23 00:00:00,A,4832,1325219515091HURL2,2026-04-23 07:00:00,2026-04-23 15:00:00,64,15.0,0,Continuity (2-mould press)
2026-04-23 00:00:00,B,4832,1325219515091HURL2,2026-04-23 15:00:00,2026-04-23 23:00:00,64,15.0,0,Continuity (2-mould press)
2026-04-23 00:00:00,C,4832,1325219515091HURL2,2026-04-23 23:00:00,2026-04-24 07:00:00,64,15.0,0,Continuity (2-mould press)
2026-04-24 00:00:00,A,4832,1325219515091HURL2,2026-04-24 07:00:00,2026-04-24 15:00:00,64,15.0,0,Continuity (2-mould press)
2026-04-24 00:00:00,B,4832,1325219515091HURL2,2026-04-24 15:00:00,2026-04-24 23:00:00,64,15.0,0,Continuity (2-mould press)
2026-04-24 00:00:00,C,4832,1325219515091HURL2,2026-04-24 23:00:00,2026-04-25 07:00:00,64,15.0,0,Continuity (2-mould press)
2026-04-25 00:00:00,A,4832,1325219515091HURL2,2026-04-25 07:00:00,2026-04-25 15:00:00,64,15.0,0,Continuity (2-mould press)
2026-04-25 00:00:00,B,4832,1325219515091HURL2,2026-04-25 15:00:00,2026-04-25 23:00:00,64,15.0,0,Continuity (2-mould press)
2026-04-25 00:00:00,C,4832,1325219515091HURL2,2026-04-25 23:00:00,2026-04-26 07:00:00,64,15.0,0,Continuity (2-mould press)
2026-04-26 00:00:00,A,4832,1325219515091HURL2,2026-04-26 07:00:00,2026-04-26 15:00:00,64,15.0,0,Continuity (2-mould press)
2026-04-26 00:00:00,B,4832,1325219515091HURL2,2026-04-26 15:00:00,2026-04-26 23:00:00,64,15.0,0,Continuity (2-mould press)
2026-04-26 00:00:00,C,4832,1325219515091HURL2,2026-04-26 23:00:00,2026-04-27 07:00:00,64,15.0,0,Continuity (2-mould press)
2026-04-27 00:00:00,A,4832,1325219515091HURL2,2026-04-27 07:00:00,2026-04-27 15:00:00,64,15.0,0,Continuity (2-mould press)
2026-04-27 00:00:00,B,4832,1325219515091HURL2,2026-04-27 15:00:00,2026-04-27 23:00:00,64,15.0,0,Continuity (2-mould press)
2026-04-27 00:00:00,C,4832,1325219515091HURL2,2026-04-27 23:00:00,2026-04-28 07:00:00,64,15.0,0,Continuity (2-mould press)
2026-04-28 00:00:00,A,4832,1325219515091HURL2,2026-04-28 07:00:00,2026-04-28 15:00:00,64,15.0,0,Continuity (2-mould press)
2026-04-28 00:00:00,B,4832,1325219515091HURL2,2026-04-28 15:00:00,2026-04-28 16:15:00,10,15.0,0,Continuity (2-mould press)
2026-04-03 00:00:00,A,4833,1325220416092HRHT0,2026-04-03 07:00:00,2026-04-03 15:00:00,60,16.0,0,Continuity (2-mould press)
2026-04-03 00:00:00,B,4833,1325220416092HRHT0,2026-04-03 15:00:00,2026-04-03 23:00:00,60,16.0,0,Continuity (2-mould press)
2026-04-03 00:00:00,C,4833,1325220416092HRHT0,2026-04-03 23:00:00,2026-04-04 07:00:00,60,16.0,0,Continuity (2-mould press)
2026-04-04 00:00:00,A,4833,1325220416092HRHT0,2026-04-04 07:00:00,2026-04-04 15:00:00,60,16.0,0,Continuity (2-mould press)
2026-04-04 00:00:00,B,4833,1325220416092HRHT0,2026-04-04 15:00:00,2026-04-04 23:00:00,60,16.0,0,Continuity (2-mould press)
2026-04-04 00:00:00,C,4833,1325220416092HRHT0,2026-04-04 23:00:00,2026-04-05 07:00:00,60,16.0,0,Continuity (2-mould press)
2026-04-05 00:00:00,A,4833,1325220416092HRHT0,2026-04-05 07:00:00,2026-04-05 15:00:00,60,16.0,0,Continuity (2-mould press)
2026-04-05 00:00:00,B,4833,1325220416092HRHT0,2026-04-05 15:00:00,2026-04-05 23:00:00,60,16.0,0,Continuity (2-mould press)
2026-04-05 00:00:00,C,4833,1325220416092HRHT0,2026-04-05 23:00:00,2026-04-06 07:00:00,60,16.0,0,Continuity (2-mould press)
2026-04-06 00:00:00,A,4833,1325220416092HRHT0,2026-04-06 07:00:00,2026-04-06 15:00:00,60,16.0,0,Continuity (2-mould press)
2026-04-06 00:00:00,B,4833,1325220416092HRHT0,2026-04-06 15:00:00,2026-04-06 23:00:00,60,16.0,0,Continuity (2-mould press)
2026-04-06 00:00:00,C,4833,1325220416092HRHT0,2026-04-06 23:00:00,2026-04-07 07:00:00,60,16.0,0,Continuity (2-mould press)
2026-04-07 00:00:00,A,4833,1325220416092HRHT0,2026-04-07 07:00:00,2026-04-07 15:00:00,60,16.0,0,Continuity (2-mould press)
2026-04-07 00:00:00,B,4833,1325220416092HRHT0,2026-04-07 15:00:00,2026-04-07 23:00:00,60,16.0,0,Continuity (2-mould press)
2026-04-07 00:00:00,C,4833,1325220416092HRHT0,2026-04-07 23:00:00,2026-04-08 07:00:00,60,16.0,0,Continuity (2-mould press)
2026-04-08 00:00:00,A,4833,1325220416092HRHT0,2026-04-08 07:00:00,2026-04-08 15:00:00,60,16.0,0,Continuity (2-mould press)
2026-04-08 00:00:00,B,4833,1325220416092HRHT0,2026-04-08 15:00:00,2026-04-08 23:00:00,60,16.0,0,Continuity (2-mould press)
2026-04-08 00:00:00,C,4833,1325220416092HRHT0,2026-04-08 23:00:00,2026-04-09 07:00:00,60,16.0,0,Continuity (2-mould press)
2026-04-09 00:00:00,A,4833,1325220416092HRHT0,2026-04-09 07:00:00,2026-04-09 09:08:00,16,16.0,0,Continuity (2-mould press)
2026-04-03 00:00:00,A,4834,1325221318095HURL0,2026-04-03 07:00:00,2026-04-03 15:00:00,51,19.0,0,Continuity (2-mould press)
2026-04-03 00:00:00,B,4834,1325221318095HURL0,2026-04-03 15:00:00,2026-04-03 23:00:00,51,19.0,0,Continuity (2-mould press)
2026-04-03 00:00:00,C,4834,1325221318095HURL0,2026-04-03 23:00:00,2026-04-04 07:00:00,51,19.0,0,Continuity (2-mould press)
2026-04-04 00:00:00,A,4834,1325221318095HURL0,2026-04-04 07:00:00,2026-04-04 15:00:00,51,19.0,0,Continuity (2-mould press)
2026-04-04 00:00:00,B,4834,1325221318095HURL0,2026-04-04 15:00:00,2026-04-04 23:00:00,51,19.0,0,Continuity (2-mould press)
2026-04-04 00:00:00,C,4834,1325221318095HURL0,2026-04-04 23:00:00,2026-04-05 07:00:00,51,19.0,0,Continuity (2-mould press)
2026-04-05 00:00:00,A,4834,1325221318095HURL0,2026-04-05 07:00:00,2026-04-05 15:00:00,51,19.0,0,Continuity (2-mould press)
2026-04-05 00:00:00,B,4834,1325221318095HURL0,2026-04-05 15:00:00,2026-04-05 23:00:00,51,19.0,0,Continuity (2-mould press)
2026-04-05 00:00:00,C,4834,1325221318095HURL0,2026-04-05 23:00:00,2026-04-06 07:00:00,51,19.0,0,Continuity (2-mould press)
2026-04-06 00:00:00,A,4834,1325221318095HURL0,2026-04-06 07:00:00,2026-04-06 15:00:00,51,19.0,0,Continuity (2-mould press)
2026-04-06 00:00:00,B,4834,1325221318095HURL0,2026-04-06 15:00:00,2026-04-06 23:00:00,51,19.0,0,Continuity (2-mould press)
2026-04-06 00:00:00,C,4834,1325221318095HURL0,2026-04-06 23:00:00,2026-04-07 07:00:00,51,19.0,0,Continuity (2-mould press)
2026-04-07 00:00:00,A,4834,1325221318095HURL0,2026-04-07 07:00:00,2026-04-07 15:00:00,51,19.0,0,Continuity (2-mould press)
2026-04-07 00:00:00,B,4834,1325221318095HURL0,2026-04-07 15:00:00,2026-04-07 23:00:00,51,19.0,0,Continuity (2-mould press)
2026-04-07 00:00:00,C,4834,1325221318095HURL0,2026-04-07 23:00:00,2026-04-08 07:00:00,51,19.0,0,Continuity (2-mould press)
2026-04-08 00:00:00,A,4834,1325221318095HURL0,2026-04-08 07:00:00,2026-04-08 15:00:00,51,19.0,0,Continuity (2-mould press)
2026-04-08 00:00:00,B,4834,1325221318095HURL0,2026-04-08 15:00:00,2026-04-08 23:00:00,51,19.0,0,Continuity (2-mould press)
2026-04-08 00:00:00,C,4834,1325221318095HURL0,2026-04-08 23:00:00,2026-04-09 07:00:00,51,19.0,0,Continuity (2-mould press)
2026-04-09 00:00:00,A,4834,1325221318095HURL0,2026-04-09 07:00:00,2026-04-09 15:00:00,51,19.0,0,Continuity (2-mould press)
2026-04-09 00:00:00,B,4834,1325221318095HURL0,2026-04-09 15:00:00,2026-04-09 23:00:00,51,19.0,0,Continuity (2-mould press)
2026-04-09 00:00:00,C,4834,1325221318095HURL0,2026-04-09 23:00:00,2026-04-10 07:00:00,51,19.0,0,Continuity (2-mould press)
2026-04-10 00:00:00,A,4834,1325221318095HURL0,2026-04-10 07:00:00,2026-04-10 15:00:00,51,19.0,0,Continuity (2-mould press)
2026-04-10 00:00:00,B,4834,1325221318095HURL0,2026-04-10 15:00:00,2026-04-10 23:00:00,51,19.0,0,Continuity (2-mould press)
2026-04-10 00:00:00,C,4834,1325221318095HURL0,2026-04-10 23:00:00,2026-04-11 07:00:00,51,19.0,0,Continuity (2-mould press)
2026-04-11 00:00:00,A,4834,1325221318095HURL0,2026-04-11 07:00:00,2026-04-11 15:00:00,51,19.0,0,Continuity (2-mould press)
2026-04-11 00:00:00,B,4834,1325221318095HURL0,2026-04-11 15:00:00,2026-04-11 23:00:00,51,19.0,0,Continuity (2-mould press)
2026-04-11 00:00:00,C,4834,1325221318095HURL0,2026-04-11 23:00:00,2026-04-12 07:00:00,51,19.0,0,Continuity (2-mould press)
2026-04-12 00:00:00,A,4834,1325221318095HURL0,2026-04-12 07:00:00,2026-04-12 15:00:00,51,19.0,0,Continuity (2-mould press)
2026-04-12 00:00:00,B,4834,1325221318095HURL0,2026-04-12 15:00:00,2026-04-12 23:00:00,51,19.0,0,Continuity (2-mould press)
2026-04-12 00:00:00,C,4834,1325221318095HURL0,2026-04-12 23:00:00,2026-04-13 07:00:00,51,19.0,0,Continuity (2-mould press)
2026-04-13 00:00:00,A,4834,1325221318095HURL0,2026-04-13 07:00:00,2026-04-13 15:00:00,51,19.0,0,Continuity (2-mould press)
2026-04-13 00:00:00,B,4834,1325221318095HURL0,2026-04-13 15:00:00,2026-04-13 23:00:00,51,19.0,0,Continuity (2-mould press)
2026-04-13 00:00:00,C,4834,1325221318095HURL0,2026-04-13 23:00:00,2026-04-14 07:00:00,51,19.0,0,Continuity (2-mould press)
2026-04-14 00:00:00,A,4834,1325221318095HURL0,2026-04-14 07:00:00,2026-04-14 15:00:00,51,19.0,0,Continuity (2-mould press)
2026-04-14 00:00:00,B,4834,1325221318095HURL0,2026-04-14 15:00:00,2026-04-14 23:00:00,51,19.0,0,Continuity (2-mould press)
2026-04-14 00:00:00,C,4834,1325221318095HURL0,2026-04-14 23:00:00,2026-04-15 07:00:00,51,19.0,0,Continuity (2-mould press)
2026-04-15 00:00:00,A,4834,1325221318095HURL0,2026-04-15 07:00:00,2026-04-15 15:00:00,51,19.0,0,Continuity (2-mould press)
2026-04-15 00:00:00,B,4834,1325221318095HURL0,2026-04-15 15:00:00,2026-04-15 23:00:00,51,19.0,0,Continuity (2-mould press)
2026-04-15 00:00:00,C,4834,1325221318095HURL0,2026-04-15 23:00:00,2026-04-16 07:00:00,51,19.0,0,Continuity (2-mould press)
2026-04-16 00:00:00,A,4834,1325221318095HURL0,2026-04-16 07:00:00,2026-04-16 15:00:00,51,19.0,0,Continuity (2-mould press)
2026-04-16 00:00:00,B,4834,1325221318095HURL0,2026-04-16 15:00:00,2026-04-16 23:00:00,51,19.0,0,Continuity (2-mould press)
2026-04-16 00:00:00,C,4834,1325221318095HURL0,2026-04-16 23:00:00,2026-04-17 07:00:00,51,19.0,0,Continuity (2-mould press)
2026-04-17 00:00:00,A,4834,1325221318095HURL0,2026-04-17 07:00:00,2026-04-17 15:00:00,51,19.0,0,Continuity (2-mould press)
2026-04-17 00:00:00,B,4834,1325221318095HURL0,2026-04-17 15:00:00,2026-04-17 23:00:00,51,19.0,0,Continuity (2-mould press)
2026-04-17 00:00:00,C,4834,1325221318095HURL0,2026-04-17 23:00:00,2026-04-18 07:00:00,51,19.0,0,Continuity (2-mould press)
2026-04-18 00:00:00,A,4834,1325221318095HURL0,2026-04-18 07:00:00,2026-04-18 15:00:00,51,19.0,0,Continuity (2-mould press)
2026-04-18 00:00:00,B,4834,1325221318095HURL0,2026-04-18 15:00:00,2026-04-18 23:00:00,51,19.0,0,Continuity (2-mould press)
2026-04-18 00:00:00,C,4834,1325221318095HURL0,2026-04-18 23:00:00,2026-04-19 07:00:00,51,19.0,0,Continuity (2-mould press)
2026-04-19 00:00:00,A,4834,1325221318095HURL0,2026-04-19 07:00:00,2026-04-19 15:00:00,51,19.0,0,Continuity (2-mould press)
2026-04-19 00:00:00,B,4834,1325221318095HURL0,2026-04-19 15:00:00,2026-04-19 23:00:00,51,19.0,0,Continuity (2-mould press)
2026-04-19 00:00:00,C,4834,1325221318095HURL0,2026-04-19 23:00:00,2026-04-20 07:00:00,51,19.0,0,Continuity (2-mould press)
2026-04-20 00:00:00,A,4834,1325221318095HURL0,2026-04-20 07:00:00,2026-04-20 15:00:00,51,19.0,0,Continuity (2-mould press)
2026-04-20 00:00:00,B,4834,1325221318095HURL0,2026-04-20 15:00:00,2026-04-20 23:00:00,51,19.0,0,Continuity (2-mould press)
2026-04-20 00:00:00,C,4834,1325221318095HURL0,2026-04-20 23:00:00,2026-04-21 07:00:00,51,19.0,0,Continuity (2-mould press)
2026-04-21 00:00:00,A,4834,1325221318095HURL0,2026-04-21 07:00:00,2026-04-21 15:00:00,51,19.0,0,Continuity (2-mould press)
2026-04-21 00:00:00,B,4834,1325221318095HURL0,2026-04-21 15:00:00,2026-04-21 23:00:00,51,19.0,0,Continuity (2-mould press)
2026-04-21 00:00:00,C,4834,1325221318095HURL0,2026-04-21 23:00:00,2026-04-22 07:00:00,51,19.0,0,Continuity (2-mould press)
2026-04-22 00:00:00,A,4834,1325221318095HURL0,2026-04-22 07:00:00,2026-04-22 15:00:00,51,19.0,0,Continuity (2-mould press)
2026-04-22 00:00:00,B,4834,1325221318095HURL0,2026-04-22 15:00:00,2026-04-22 23:00:00,51,19.0,0,Continuity (2-mould press)
2026-04-22 00:00:00,C,4834,1325221318095HURL0,2026-04-22 23:00:00,2026-04-23 07:00:00,51,19.0,0,Continuity (2-mould press)
2026-04-23 00:00:00,A,4834,1325221318095HURL0,2026-04-23 07:00:00,2026-04-23 15:00:00,51,19.0,0,Continuity (2-mould press)
2026-04-23 00:00:00,B,4834,1325221318095HURL0,2026-04-23 15:00:00,2026-04-23 23:00:00,51,19.0,0,Continuity (2-mould press)
2026-04-23 00:00:00,C,4834,1325221318095HURL0,2026-04-23 23:00:00,2026-04-24 07:00:00,51,19.0,0,Continuity (2-mould press)
2026-04-24 00:00:00,A,4834,1325221318095HURL0,2026-04-24 07:00:00,2026-04-24 15:00:00,51,19.0,0,Continuity (2-mould press)
2026-04-24 00:00:00,B,4834,1325221318095HURL0,2026-04-24 15:00:00,2026-04-24 23:00:00,51,19.0,0,Continuity (2-mould press)
2026-04-24 00:00:00,C,4834,1325221318095HURL0,2026-04-24 23:00:00,2026-04-25 07:00:00,51,19.0,0,Continuity (2-mould press)
2026-04-25 00:00:00,A,4834,1325221318095HURL0,2026-04-25 07:00:00,2026-04-25 15:00:00,51,19.0,0,Continuity (2-mould press)
2026-04-25 00:00:00,B,4834,1325221318095HURL0,2026-04-25 15:00:00,2026-04-25 23:00:00,51,19.0,0,Continuity (2-mould press)
2026-04-25 00:00:00,C,4834,1325221318095HURL0,2026-04-25 23:00:00,2026-04-26 07:00:00,51,19.0,0,Continuity (2-mould press)
2026-04-26 00:00:00,A,4834,1325221318095HURL0,2026-04-26 07:00:00,2026-04-26 15:00:00,51,19.0,0,Continuity (2-mould press)
2026-04-26 00:00:00,B,4834,1325221318095HURL0,2026-04-26 15:00:00,2026-04-26 23:00:00,51,19.0,0,Continuity (2-mould press)
2026-04-26 00:00:00,C,4834,1325221318095HURL0,2026-04-26 23:00:00,2026-04-27 07:00:00,51,19.0,0,Continuity (2-mould press)
2026-04-27 00:00:00,A,4834,1325221318095HURL0,2026-04-27 07:00:00,2026-04-27 15:00:00,51,19.0,0,Continuity (2-mould press)
2026-04-27 00:00:00,B,4834,1325221318095HURL0,2026-04-27 15:00:00,2026-04-27 23:00:00,51,19.0,0,Continuity (2-mould press)
2026-04-27 00:00:00,C,4834,1325221318095HURL0,2026-04-27 23:00:00,2026-04-28 07:00:00,51,19.0,0,Continuity (2-mould press)
2026-04-28 00:00:00,A,4834,1325221318095HURL0,2026-04-28 07:00:00,2026-04-28 15:00:00,51,19.0,0,Continuity (2-mould press)
2026-04-28 00:00:00,B,4834,1325221318095HURL0,2026-04-28 15:00:00,2026-04-28 23:00:00,51,19.0,0,Continuity (2-mould press)
2026-04-28 00:00:00,C,4834,1325221318095HURL0,2026-04-28 23:00:00,2026-04-29 07:00:00,51,19.0,0,Continuity (2-mould press)
2026-04-29 00:00:00,A,4834,1325221318095HURL0,2026-04-29 07:00:00,2026-04-29 15:00:00,51,19.0,0,Continuity (2-mould press)
2026-04-29 00:00:00,B,4834,1325221318095HURL0,2026-04-29 15:00:00,2026-04-29 23:00:00,51,19.0,0,Continuity (2-mould press)
2026-04-29 00:00:00,C,4834,1325221318095HURL0,2026-04-29 23:00:00,2026-04-30 07:00:00,51,19.0,0,Continuity (2-mould press)
2026-04-30 00:00:00,A,4834,1325221318095HURL0,2026-04-30 07:00:00,2026-04-30 15:00:00,51,19.0,0,Continuity (2-mould press)
2026-04-30 00:00:00,B,4834,1325221318095HURL0,2026-04-30 15:00:00,2026-04-30 23:00:00,51,19.0,0,Continuity (2-mould press)
2026-04-30 00:00:00,C,4834,1325221318095HURL0,2026-04-30 23:00:00,2026-05-01 07:00:00,51,19.0,0,Continuity (2-mould press)
2026-05-01 00:00:00,A,4834,1325221318095HURL0,2026-05-01 07:00:00,2026-05-01 15:00:00,51,19.0,0,Continuity (2-mould press)
2026-05-01 00:00:00,B,4834,1325221318095HURL0,2026-05-01 15:00:00,2026-05-01 23:00:00,51,19.0,0,Continuity (2-mould press)
2026-05-01 00:00:00,C,4834,1325221318095HURL0,2026-05-01 23:00:00,2026-05-02 07:00:00,51,19.0,0,Continuity (2-mould press)
2026-05-02 00:00:00,A,4834,1325221318095HURL0,2026-05-02 07:00:00,2026-05-02 15:00:00,51,19.0,0,Continuity (2-mould press)
2026-05-02 00:00:00,B,4834,1325221318095HURL0,2026-05-02 15:00:00,2026-05-02 23:00:00,51,19.0,0,Continuity (2-mould press)
2026-05-02 00:00:00,C,4834,1325221318095HURL0,2026-05-02 23:00:00,2026-05-03 06:47:00,49,19.0,0,Continuity (2-mould press)
2026-04-03 00:00:00,A,4835,1D25215013008SXC10,2026-04-03 07:00:00,2026-04-03 15:00:00,51,19.0,0,Continuity (2-mould press)
2026-04-03 00:00:00,B,4835,1D25215013008SXC10,2026-04-03 15:00:00,2026-04-03 23:00:00,51,19.0,0,Continuity (2-mould press)
2026-04-03 00:00:00,C,4835,1D25215013008SXC10,2026-04-03 23:00:00,2026-04-04 07:00:00,51,19.0,0,Continuity (2-mould press)
2026-04-04 00:00:00,A,4835,1D25215013008SXC10,2026-04-04 07:00:00,2026-04-04 15:00:00,51,19.0,0,Continuity (2-mould press)
2026-04-04 00:00:00,B,4835,1D25215013008SXC10,2026-04-04 15:00:00,2026-04-04 23:00:00,51,19.0,0,Continuity (2-mould press)
2026-04-04 00:00:00,C,4835,1D25215013008SXC10,2026-04-04 23:00:00,2026-04-05 07:00:00,51,19.0,0,Continuity (2-mould press)
2026-04-05 00:00:00,A,4835,1D25215013008SXC10,2026-04-05 07:00:00,2026-04-05 15:00:00,51,19.0,0,Continuity (2-mould press)
2026-04-05 00:00:00,B,4835,1D25215013008SXC10,2026-04-05 15:00:00,2026-04-05 23:00:00,51,19.0,0,Continuity (2-mould press)
2026-04-05 00:00:00,C,4835,1D25215013008SXC10,2026-04-05 23:00:00,2026-04-06 07:00:00,51,19.0,0,Continuity (2-mould press)
2026-04-06 00:00:00,A,4835,1D25215013008SXC10,2026-04-06 07:00:00,2026-04-06 15:00:00,51,19.0,0,Continuity (2-mould press)
2026-04-06 00:00:00,B,4835,1D25215013008SXC10,2026-04-06 15:00:00,2026-04-06 23:00:00,51,19.0,0,Continuity (2-mould press)
2026-04-06 00:00:00,C,4835,1D25215013008SXC10,2026-04-06 23:00:00,2026-04-07 07:00:00,51,19.0,0,Continuity (2-mould press)
2026-04-07 00:00:00,A,4835,1D25215013008SXC10,2026-04-07 07:00:00,2026-04-07 15:00:00,51,19.0,0,Continuity (2-mould press)
2026-04-07 00:00:00,B,4835,1D25215013008SXC10,2026-04-07 15:00:00,2026-04-07 23:00:00,51,19.0,0,Continuity (2-mould press)
2026-04-07 00:00:00,C,4835,1D25215013008SXC10,2026-04-07 23:00:00,2026-04-08 07:00:00,51,19.0,0,Continuity (2-mould press)
2026-04-08 00:00:00,A,4835,1D25215013008SXC10,2026-04-08 07:00:00,2026-04-08 15:00:00,51,19.0,0,Continuity (2-mould press)
2026-04-08 00:00:00,B,4835,1D25215013008SXC10,2026-04-08 15:00:00,2026-04-08 23:00:00,51,19.0,0,Continuity (2-mould press)
2026-04-08 00:00:00,C,4835,1D25215013008SXC10,2026-04-08 23:00:00,2026-04-09 07:00:00,51,19.0,0,Continuity (2-mould press)
2026-04-09 00:00:00,A,4835,1D25215013008SXC10,2026-04-09 07:00:00,2026-04-09 15:00:00,51,19.0,0,Continuity (2-mould press)
2026-04-09 00:00:00,B,4835,1D25215013008SXC10,2026-04-09 15:00:00,2026-04-09 23:00:00,51,19.0,0,Continuity (2-mould press)
2026-04-09 00:00:00,C,4835,1D25215013008SXC10,2026-04-09 23:00:00,2026-04-10 07:00:00,51,19.0,0,Continuity (2-mould press)
2026-04-10 00:00:00,A,4835,1D25215013008SXC10,2026-04-10 07:00:00,2026-04-10 15:00:00,51,19.0,0,Continuity (2-mould press)
2026-04-10 00:00:00,B,4835,1D25215013008SXC10,2026-04-10 15:00:00,2026-04-10 23:00:00,51,19.0,0,Continuity (2-mould press)
2026-04-10 00:00:00,C,4835,1D25215013008SXC10,2026-04-10 23:00:00,2026-04-11 07:00:00,51,19.0,0,Continuity (2-mould press)
2026-04-11 00:00:00,A,4835,1D25215013008SXC10,2026-04-11 07:00:00,2026-04-11 15:00:00,51,19.0,0,Continuity (2-mould press)
2026-04-11 00:00:00,B,4835,1D25215013008SXC10,2026-04-11 15:00:00,2026-04-11 23:00:00,51,19.0,0,Continuity (2-mould press)
2026-04-11 00:00:00,C,4835,1D25215013008SXC10,2026-04-11 23:00:00,2026-04-12 07:00:00,51,19.0,0,Continuity (2-mould press)
2026-04-12 00:00:00,A,4835,1D25215013008SXC10,2026-04-12 07:00:00,2026-04-12 15:00:00,51,19.0,0,Continuity (2-mould press)
2026-04-12 00:00:00,B,4835,1D25215013008SXC10,2026-04-12 15:00:00,2026-04-12 23:00:00,51,19.0,0,Continuity (2-mould press)
2026-04-12 00:00:00,C,4835,1D25215013008SXC10,2026-04-12 23:00:00,2026-04-13 07:00:00,51,19.0,0,Continuity (2-mould press)
2026-04-13 00:00:00,A,4835,1D25215013008SXC10,2026-04-13 07:00:00,2026-04-13 15:00:00,51,19.0,0,Continuity (2-mould press)
2026-04-13 00:00:00,B,4835,1D25215013008SXC10,2026-04-13 15:00:00,2026-04-13 23:00:00,51,19.0,0,Continuity (2-mould press)
2026-04-13 00:00:00,C,4835,1D25215013008SXC10,2026-04-13 23:00:00,2026-04-14 07:00:00,51,19.0,0,Continuity (2-mould press)
2026-04-14 00:00:00,A,4835,1D25215013008SXC10,2026-04-14 07:00:00,2026-04-14 15:00:00,51,19.0,0,Continuity (2-mould press)
2026-04-14 00:00:00,B,4835,1D25215013008SXC10,2026-04-14 15:00:00,2026-04-14 23:00:00,51,19.0,0,Continuity (2-mould press)
2026-04-14 00:00:00,C,4835,1D25215013008SXC10,2026-04-14 23:00:00,2026-04-15 07:00:00,51,19.0,0,Continuity (2-mould press)
2026-04-15 00:00:00,A,4835,1D25215013008SXC10,2026-04-15 07:00:00,2026-04-15 15:00:00,51,19.0,0,Continuity (2-mould press)
2026-04-15 00:00:00,B,4835,1D25215013008SXC10,2026-04-15 15:00:00,2026-04-15 23:00:00,51,19.0,0,Continuity (2-mould press)
2026-04-15 00:00:00,C,4835,1D25215013008SXC10,2026-04-15 23:00:00,2026-04-16 07:00:00,51,19.0,0,Continuity (2-mould press)
2026-04-16 00:00:00,A,4835,1D25215013008SXC10,2026-04-16 07:00:00,2026-04-16 15:00:00,51,19.0,0,Continuity (2-mould press)
2026-04-16 00:00:00,B,4835,1D25215013008SXC10,2026-04-16 15:00:00,2026-04-16 23:00:00,51,19.0,0,Continuity (2-mould press)
2026-04-16 00:00:00,C,4835,1D25215013008SXC10,2026-04-16 23:00:00,2026-04-17 07:00:00,51,19.0,0,Continuity (2-mould press)
2026-04-17 00:00:00,A,4835,1D25215013008SXC10,2026-04-17 07:00:00,2026-04-17 15:00:00,51,19.0,0,Continuity (2-mould press)
2026-04-17 00:00:00,B,4835,1D25215013008SXC10,2026-04-17 15:00:00,2026-04-17 23:00:00,51,19.0,0,Continuity (2-mould press)
2026-04-17 00:00:00,C,4835,1D25215013008SXC10,2026-04-17 23:00:00,2026-04-18 07:00:00,51,19.0,0,Continuity (2-mould press)
2026-04-18 00:00:00,A,4835,1D25215013008SXC10,2026-04-18 07:00:00,2026-04-18 15:00:00,51,19.0,0,Continuity (2-mould press)
2026-04-18 00:00:00,B,4835,1D25215013008SXC10,2026-04-18 15:00:00,2026-04-18 23:00:00,51,19.0,0,Continuity (2-mould press)
2026-04-18 00:00:00,C,4835,1D25215013008SXC10,2026-04-18 23:00:00,2026-04-19 07:00:00,51,19.0,0,Continuity (2-mould press)
2026-04-19 00:00:00,A,4835,1D25215013008SXC10,2026-04-19 07:00:00,2026-04-19 15:00:00,51,19.0,0,Continuity (2-mould press)
2026-04-19 00:00:00,B,4835,1D25215013008SXC10,2026-04-19 15:00:00,2026-04-19 23:00:00,51,19.0,0,Continuity (2-mould press)
2026-04-19 00:00:00,C,4835,1D25215013008SXC10,2026-04-19 23:00:00,2026-04-20 07:00:00,51,19.0,0,Continuity (2-mould press)
2026-04-20 00:00:00,A,4835,1D25215013008SXC10,2026-04-20 07:00:00,2026-04-20 15:00:00,51,19.0,0,Continuity (2-mould press)
2026-04-20 00:00:00,B,4835,1D25215013008SXC10,2026-04-20 15:00:00,2026-04-20 23:00:00,51,19.0,0,Continuity (2-mould press)
2026-04-20 00:00:00,C,4835,1D25215013008SXC10,2026-04-20 23:00:00,2026-04-21 07:00:00,51,19.0,0,Continuity (2-mould press)
2026-04-21 00:00:00,A,4835,1D25215013008SXC10,2026-04-21 07:00:00,2026-04-21 15:00:00,51,19.0,0,Continuity (2-mould press)
2026-04-21 00:00:00,B,4835,1D25215013008SXC10,2026-04-21 15:00:00,2026-04-21 23:00:00,51,19.0,0,Continuity (2-mould press)
2026-04-21 00:00:00,C,4835,1D25215013008SXC10,2026-04-21 23:00:00,2026-04-22 07:00:00,51,19.0,0,Continuity (2-mould press)
2026-04-22 00:00:00,A,4835,1D25215013008SXC10,2026-04-22 07:00:00,2026-04-22 15:00:00,51,19.0,0,Continuity (2-mould press)
2026-04-22 00:00:00,B,4835,1D25215013008SXC10,2026-04-22 15:00:00,2026-04-22 23:00:00,51,19.0,0,Continuity (2-mould press)
2026-04-22 00:00:00,C,4835,1D25215013008SXC10,2026-04-22 23:00:00,2026-04-23 07:00:00,51,19.0,0,Continuity (2-mould press)
2026-04-23 00:00:00,A,4835,1D25215013008SXC10,2026-04-23 07:00:00,2026-04-23 15:00:00,51,19.0,0,Continuity (2-mould press)
2026-04-23 00:00:00,B,4835,1D25215013008SXC10,2026-04-23 15:00:00,2026-04-23 23:00:00,51,19.0,0,Continuity (2-mould press)
2026-04-23 00:00:00,C,4835,1D25215013008SXC10,2026-04-23 23:00:00,2026-04-24 07:00:00,51,19.0,0,Continuity (2-mould press)
2026-04-24 00:00:00,A,4835,1D25215013008SXC10,2026-04-24 07:00:00,2026-04-24 15:00:00,51,19.0,0,Continuity (2-mould press)
2026-04-24 00:00:00,B,4835,1D25215013008SXC10,2026-04-24 15:00:00,2026-04-24 23:00:00,51,19.0,0,Continuity (2-mould press)
2026-04-24 00:00:00,C,4835,1D25215013008SXC10,2026-04-24 23:00:00,2026-04-25 07:00:00,51,19.0,0,Continuity (2-mould press)
2026-04-25 00:00:00,A,4835,1D25215013008SXC10,2026-04-25 07:00:00,2026-04-25 15:00:00,51,19.0,0,Continuity (2-mould press)
2026-04-25 00:00:00,B,4835,1D25215013008SXC10,2026-04-25 15:00:00,2026-04-25 23:00:00,51,19.0,0,Continuity (2-mould press)
2026-04-25 00:00:00,C,4835,1D25215013008SXC10,2026-04-25 23:00:00,2026-04-26 07:00:00,51,19.0,0,Continuity (2-mould press)
2026-04-26 00:00:00,A,4835,1D25215013008SXC10,2026-04-26 07:00:00,2026-04-26 15:00:00,51,19.0,0,Continuity (2-mould press)
2026-04-26 00:00:00,B,4835,1D25215013008SXC10,2026-04-26 15:00:00,2026-04-26 23:00:00,51,19.0,0,Continuity (2-mould press)
2026-04-26 00:00:00,C,4835,1D25215013008SXC10,2026-04-26 23:00:00,2026-04-27 07:00:00,51,19.0,0,Continuity (2-mould press)
2026-04-27 00:00:00,A,4835,1D25215013008SXC10,2026-04-27 07:00:00,2026-04-27 15:00:00,51,19.0,0,Continuity (2-mould press)
2026-04-27 00:00:00,B,4835,1D25215013008SXC10,2026-04-27 15:00:00,2026-04-27 23:00:00,51,19.0,0,Continuity (2-mould press)
2026-04-27 00:00:00,C,4835,1D25215013008SXC10,2026-04-27 23:00:00,2026-04-28 07:00:00,51,19.0,0,Continuity (2-mould press)
2026-04-28 00:00:00,A,4835,1D25215013008SXC10,2026-04-28 07:00:00,2026-04-28 15:00:00,51,19.0,0,Continuity (2-mould press)
2026-04-28 00:00:00,B,4835,1D25215013008SXC10,2026-04-28 15:00:00,2026-04-28 23:00:00,51,19.0,0,Continuity (2-mould press)
2026-04-28 00:00:00,C,4835,1D25215013008SXC10,2026-04-28 23:00:00,2026-04-29 07:00:00,51,19.0,0,Continuity (2-mould press)
2026-04-29 00:00:00,A,4835,1D25215013008SXC10,2026-04-29 07:00:00,2026-04-29 15:00:00,51,19.0,0,Continuity (2-mould press)
2026-04-29 00:00:00,B,4835,1D25215013008SXC10,2026-04-29 15:00:00,2026-04-29 23:00:00,51,19.0,0,Continuity (2-mould press)
2026-04-29 00:00:00,C,4835,1D25215013008SXC10,2026-04-29 23:00:00,2026-04-30 05:38:00,42,19.0,0,Continuity (2-mould press)
2026-04-03 00:00:00,A,4836,1D25215013008SXC10,2026-04-03 07:00:00,2026-04-03 15:00:00,51,19.0,0,Continuity (2-mould press)
2026-04-03 00:00:00,B,4836,1D25215013008SXC10,2026-04-03 15:00:00,2026-04-03 23:00:00,51,19.0,0,Continuity (2-mould press)
2026-04-03 00:00:00,C,4836,1D25215013008SXC10,2026-04-03 23:00:00,2026-04-04 07:00:00,51,19.0,0,Continuity (2-mould press)
2026-04-04 00:00:00,A,4836,1D25215013008SXC10,2026-04-04 07:00:00,2026-04-04 15:00:00,51,19.0,0,Continuity (2-mould press)
2026-04-04 00:00:00,B,4836,1D25215013008SXC10,2026-04-04 15:00:00,2026-04-04 23:00:00,51,19.0,0,Continuity (2-mould press)
2026-04-04 00:00:00,C,4836,1D25215013008SXC10,2026-04-04 23:00:00,2026-04-05 07:00:00,51,19.0,0,Continuity (2-mould press)
2026-04-05 00:00:00,A,4836,1D25215013008SXC10,2026-04-05 07:00:00,2026-04-05 15:00:00,51,19.0,0,Continuity (2-mould press)
2026-04-05 00:00:00,B,4836,1D25215013008SXC10,2026-04-05 15:00:00,2026-04-05 23:00:00,51,19.0,0,Continuity (2-mould press)
2026-04-05 00:00:00,C,4836,1D25215013008SXC10,2026-04-05 23:00:00,2026-04-06 07:00:00,51,19.0,0,Continuity (2-mould press)
2026-04-06 00:00:00,A,4836,1D25215013008SXC10,2026-04-06 07:00:00,2026-04-06 15:00:00,51,19.0,0,Continuity (2-mould press)
2026-04-06 00:00:00,B,4836,1D25215013008SXC10,2026-04-06 15:00:00,2026-04-06 23:00:00,51,19.0,0,Continuity (2-mould press)
2026-04-06 00:00:00,C,4836,1D25215013008SXC10,2026-04-06 23:00:00,2026-04-07 07:00:00,51,19.0,0,Continuity (2-mould press)
2026-04-07 00:00:00,A,4836,1D25215013008SXC10,2026-04-07 07:00:00,2026-04-07 15:00:00,51,19.0,0,Continuity (2-mould press)
2026-04-07 00:00:00,B,4836,1D25215013008SXC10,2026-04-07 15:00:00,2026-04-07 23:00:00,51,19.0,0,Continuity (2-mould press)
2026-04-07 00:00:00,C,4836,1D25215013008SXC10,2026-04-07 23:00:00,2026-04-08 07:00:00,51,19.0,0,Continuity (2-mould press)
2026-04-08 00:00:00,A,4836,1D25215013008SXC10,2026-04-08 07:00:00,2026-04-08 15:00:00,51,19.0,0,Continuity (2-mould press)
2026-04-08 00:00:00,B,4836,1D25215013008SXC10,2026-04-08 15:00:00,2026-04-08 23:00:00,51,19.0,0,Continuity (2-mould press)
2026-04-08 00:00:00,C,4836,1D25215013008SXC10,2026-04-08 23:00:00,2026-04-09 07:00:00,51,19.0,0,Continuity (2-mould press)
2026-04-09 00:00:00,A,4836,1D25215013008SXC10,2026-04-09 07:00:00,2026-04-09 15:00:00,51,19.0,0,Continuity (2-mould press)
2026-04-09 00:00:00,B,4836,1D25215013008SXC10,2026-04-09 15:00:00,2026-04-09 23:00:00,51,19.0,0,Continuity (2-mould press)
2026-04-09 00:00:00,C,4836,1D25215013008SXC10,2026-04-09 23:00:00,2026-04-10 07:00:00,51,19.0,0,Continuity (2-mould press)
2026-04-10 00:00:00,A,4836,1D25215013008SXC10,2026-04-10 07:00:00,2026-04-10 15:00:00,51,19.0,0,Continuity (2-mould press)
2026-04-10 00:00:00,B,4836,1D25215013008SXC10,2026-04-10 15:00:00,2026-04-10 23:00:00,51,19.0,0,Continuity (2-mould press)
2026-04-10 00:00:00,C,4836,1D25215013008SXC10,2026-04-10 23:00:00,2026-04-11 07:00:00,51,19.0,0,Continuity (2-mould press)
2026-04-11 00:00:00,A,4836,1D25215013008SXC10,2026-04-11 07:00:00,2026-04-11 15:00:00,51,19.0,0,Continuity (2-mould press)
2026-04-11 00:00:00,B,4836,1D25215013008SXC10,2026-04-11 15:00:00,2026-04-11 23:00:00,51,19.0,0,Continuity (2-mould press)
2026-04-11 00:00:00,C,4836,1D25215013008SXC10,2026-04-11 23:00:00,2026-04-12 07:00:00,51,19.0,0,Continuity (2-mould press)
2026-04-12 00:00:00,A,4836,1D25215013008SXC10,2026-04-12 07:00:00,2026-04-12 15:00:00,51,19.0,0,Continuity (2-mould press)
2026-04-12 00:00:00,B,4836,1D25215013008SXC10,2026-04-12 15:00:00,2026-04-12 23:00:00,51,19.0,0,Continuity (2-mould press)
2026-04-12 00:00:00,C,4836,1D25215013008SXC10,2026-04-12 23:00:00,2026-04-13 07:00:00,51,19.0,0,Continuity (2-mould press)
2026-04-13 00:00:00,A,4836,1D25215013008SXC10,2026-04-13 07:00:00,2026-04-13 15:00:00,51,19.0,0,Continuity (2-mould press)
2026-04-13 00:00:00,B,4836,1D25215013008SXC10,2026-04-13 15:00:00,2026-04-13 23:00:00,51,19.0,0,Continuity (2-mould press)
2026-04-13 00:00:00,C,4836,1D25215013008SXC10,2026-04-13 23:00:00,2026-04-14 07:00:00,51,19.0,0,Continuity (2-mould press)
2026-04-14 00:00:00,A,4836,1D25215013008SXC10,2026-04-14 07:00:00,2026-04-14 15:00:00,51,19.0,0,Continuity (2-mould press)
2026-04-14 00:00:00,B,4836,1D25215013008SXC10,2026-04-14 15:00:00,2026-04-14 23:00:00,51,19.0,0,Continuity (2-mould press)
2026-04-14 00:00:00,C,4836,1D25215013008SXC10,2026-04-14 23:00:00,2026-04-15 07:00:00,51,19.0,0,Continuity (2-mould press)
2026-04-15 00:00:00,A,4836,1D25215013008SXC10,2026-04-15 07:00:00,2026-04-15 15:00:00,51,19.0,0,Continuity (2-mould press)
2026-04-15 00:00:00,B,4836,1D25215013008SXC10,2026-04-15 15:00:00,2026-04-15 23:00:00,51,19.0,0,Continuity (2-mould press)
2026-04-15 00:00:00,C,4836,1D25215013008SXC10,2026-04-15 23:00:00,2026-04-16 07:00:00,51,19.0,0,Continuity (2-mould press)
2026-04-16 00:00:00,A,4836,1D25215013008SXC10,2026-04-16 07:00:00,2026-04-16 15:00:00,51,19.0,0,Continuity (2-mould press)
2026-04-16 00:00:00,B,4836,1D25215013008SXC10,2026-04-16 15:00:00,2026-04-16 23:00:00,51,19.0,0,Continuity (2-mould press)
2026-04-16 00:00:00,C,4836,1D25215013008SXC10,2026-04-16 23:00:00,2026-04-17 07:00:00,51,19.0,0,Continuity (2-mould press)
2026-04-17 00:00:00,A,4836,1D25215013008SXC10,2026-04-17 07:00:00,2026-04-17 15:00:00,51,19.0,0,Continuity (2-mould press)
2026-04-17 00:00:00,B,4836,1D25215013008SXC10,2026-04-17 15:00:00,2026-04-17 23:00:00,51,19.0,0,Continuity (2-mould press)
2026-04-17 00:00:00,C,4836,1D25215013008SXC10,2026-04-17 23:00:00,2026-04-18 07:00:00,51,19.0,0,Continuity (2-mould press)
2026-04-18 00:00:00,A,4836,1D25215013008SXC10,2026-04-18 07:00:00,2026-04-18 15:00:00,51,19.0,0,Continuity (2-mould press)
2026-04-18 00:00:00,B,4836,1D25215013008SXC10,2026-04-18 15:00:00,2026-04-18 23:00:00,51,19.0,0,Continuity (2-mould press)
2026-04-18 00:00:00,C,4836,1D25215013008SXC10,2026-04-18 23:00:00,2026-04-19 07:00:00,51,19.0,0,Continuity (2-mould press)
2026-04-19 00:00:00,A,4836,1D25215013008SXC10,2026-04-19 07:00:00,2026-04-19 15:00:00,51,19.0,0,Continuity (2-mould press)
2026-04-19 00:00:00,B,4836,1D25215013008SXC10,2026-04-19 15:00:00,2026-04-19 23:00:00,51,19.0,0,Continuity (2-mould press)
2026-04-19 00:00:00,C,4836,1D25215013008SXC10,2026-04-19 23:00:00,2026-04-20 07:00:00,51,19.0,0,Continuity (2-mould press)
2026-04-20 00:00:00,A,4836,1D25215013008SXC10,2026-04-20 07:00:00,2026-04-20 15:00:00,51,19.0,0,Continuity (2-mould press)
2026-04-20 00:00:00,B,4836,1D25215013008SXC10,2026-04-20 15:00:00,2026-04-20 23:00:00,51,19.0,0,Continuity (2-mould press)
2026-04-20 00:00:00,C,4836,1D25215013008SXC10,2026-04-20 23:00:00,2026-04-21 07:00:00,51,19.0,0,Continuity (2-mould press)
2026-04-21 00:00:00,A,4836,1D25215013008SXC10,2026-04-21 07:00:00,2026-04-21 15:00:00,51,19.0,0,Continuity (2-mould press)
2026-04-21 00:00:00,B,4836,1D25215013008SXC10,2026-04-21 15:00:00,2026-04-21 23:00:00,51,19.0,0,Continuity (2-mould press)
2026-04-21 00:00:00,C,4836,1D25215013008SXC10,2026-04-21 23:00:00,2026-04-22 07:00:00,51,19.0,0,Continuity (2-mould press)
2026-04-22 00:00:00,A,4836,1D25215013008SXC10,2026-04-22 07:00:00,2026-04-22 15:00:00,51,19.0,0,Continuity (2-mould press)
2026-04-22 00:00:00,B,4836,1D25215013008SXC10,2026-04-22 15:00:00,2026-04-22 23:00:00,51,19.0,0,Continuity (2-mould press)
2026-04-22 00:00:00,C,4836,1D25215013008SXC10,2026-04-22 23:00:00,2026-04-23 07:00:00,51,19.0,0,Continuity (2-mould press)
2026-04-23 00:00:00,A,4836,1D25215013008SXC10,2026-04-23 07:00:00,2026-04-23 15:00:00,51,19.0,0,Continuity (2-mould press)
2026-04-23 00:00:00,B,4836,1D25215013008SXC10,2026-04-23 15:00:00,2026-04-23 23:00:00,51,19.0,0,Continuity (2-mould press)
2026-04-23 00:00:00,C,4836,1D25215013008SXC10,2026-04-23 23:00:00,2026-04-24 07:00:00,51,19.0,0,Continuity (2-mould press)
2026-04-24 00:00:00,A,4836,1D25215013008SXC10,2026-04-24 07:00:00,2026-04-24 15:00:00,51,19.0,0,Continuity (2-mould press)
2026-04-24 00:00:00,B,4836,1D25215013008SXC10,2026-04-24 15:00:00,2026-04-24 23:00:00,51,19.0,0,Continuity (2-mould press)
2026-04-24 00:00:00,C,4836,1D25215013008SXC10,2026-04-24 23:00:00,2026-04-25 07:00:00,51,19.0,0,Continuity (2-mould press)
2026-04-25 00:00:00,A,4836,1D25215013008SXC10,2026-04-25 07:00:00,2026-04-25 15:00:00,51,19.0,0,Continuity (2-mould press)
2026-04-25 00:00:00,B,4836,1D25215013008SXC10,2026-04-25 15:00:00,2026-04-25 23:00:00,51,19.0,0,Continuity (2-mould press)
2026-04-25 00:00:00,C,4836,1D25215013008SXC10,2026-04-25 23:00:00,2026-04-26 07:00:00,51,19.0,0,Continuity (2-mould press)
2026-04-26 00:00:00,A,4836,1D25215013008SXC10,2026-04-26 07:00:00,2026-04-26 15:00:00,51,19.0,0,Continuity (2-mould press)
2026-04-26 00:00:00,B,4836,1D25215013008SXC10,2026-04-26 15:00:00,2026-04-26 23:00:00,51,19.0,0,Continuity (2-mould press)
2026-04-26 00:00:00,C,4836,1D25215013008SXC10,2026-04-26 23:00:00,2026-04-27 07:00:00,51,19.0,0,Continuity (2-mould press)
2026-04-27 00:00:00,A,4836,1D25215013008SXC10,2026-04-27 07:00:00,2026-04-27 15:00:00,51,19.0,0,Continuity (2-mould press)
2026-04-27 00:00:00,B,4836,1D25215013008SXC10,2026-04-27 15:00:00,2026-04-27 23:00:00,51,19.0,0,Continuity (2-mould press)
2026-04-27 00:00:00,C,4836,1D25215013008SXC10,2026-04-27 23:00:00,2026-04-28 07:00:00,51,19.0,0,Continuity (2-mould press)
2026-04-28 00:00:00,A,4836,1D25215013008SXC10,2026-04-28 07:00:00,2026-04-28 15:00:00,51,19.0,0,Continuity (2-mould press)
2026-04-28 00:00:00,B,4836,1D25215013008SXC10,2026-04-28 15:00:00,2026-04-28 23:00:00,51,19.0,0,Continuity (2-mould press)
2026-04-28 00:00:00,C,4836,1D25215013008SXC10,2026-04-28 23:00:00,2026-04-29 07:00:00,51,19.0,0,Continuity (2-mould press)
2026-04-29 00:00:00,A,4836,1D25215013008SXC10,2026-04-29 07:00:00,2026-04-29 15:00:00,51,19.0,0,Continuity (2-mould press)
2026-04-29 00:00:00,B,4836,1D25215013008SXC10,2026-04-29 15:00:00,2026-04-29 23:00:00,51,19.0,0,Continuity (2-mould press)
2026-04-29 00:00:00,C,4836,1D25215013008SXC10,2026-04-29 23:00:00,2026-04-30 05:38:00,42,19.0,0,Continuity (2-mould press)
2026-04-03 00:00:00,A,4837,1325220416092HRHT0,2026-04-03 07:00:00,2026-04-03 15:00:00,60,16.0,0,Continuity (2-mould press)
2026-04-03 00:00:00,B,4837,1325220416092HRHT0,2026-04-03 15:00:00,2026-04-03 23:00:00,60,16.0,0,Continuity (2-mould press)
2026-04-03 00:00:00,C,4837,1325220416092HRHT0,2026-04-03 23:00:00,2026-04-04 07:00:00,60,16.0,0,Continuity (2-mould press)
2026-04-04 00:00:00,A,4837,1325220416092HRHT0,2026-04-04 07:00:00,2026-04-04 15:00:00,60,16.0,0,Continuity (2-mould press)
2026-04-04 00:00:00,B,4837,1325220416092HRHT0,2026-04-04 15:00:00,2026-04-04 23:00:00,60,16.0,0,Continuity (2-mould press)
2026-04-04 00:00:00,C,4837,1325220416092HRHT0,2026-04-04 23:00:00,2026-04-05 07:00:00,60,16.0,0,Continuity (2-mould press)
2026-04-05 00:00:00,A,4837,1325220416092HRHT0,2026-04-05 07:00:00,2026-04-05 15:00:00,60,16.0,0,Continuity (2-mould press)
2026-04-05 00:00:00,B,4837,1325220416092HRHT0,2026-04-05 15:00:00,2026-04-05 23:00:00,60,16.0,0,Continuity (2-mould press)
2026-04-05 00:00:00,C,4837,1325220416092HRHT0,2026-04-05 23:00:00,2026-04-06 07:00:00,60,16.0,0,Continuity (2-mould press)
2026-04-06 00:00:00,A,4837,1325220416092HRHT0,2026-04-06 07:00:00,2026-04-06 15:00:00,60,16.0,0,Continuity (2-mould press)
2026-04-06 00:00:00,B,4837,1325220416092HRHT0,2026-04-06 15:00:00,2026-04-06 23:00:00,60,16.0,0,Continuity (2-mould press)
2026-04-06 00:00:00,C,4837,1325220416092HRHT0,2026-04-06 23:00:00,2026-04-07 07:00:00,60,16.0,0,Continuity (2-mould press)
2026-04-07 00:00:00,A,4837,1325220416092HRHT0,2026-04-07 07:00:00,2026-04-07 15:00:00,60,16.0,0,Continuity (2-mould press)
2026-04-07 00:00:00,B,4837,1325220416092HRHT0,2026-04-07 15:00:00,2026-04-07 23:00:00,60,16.0,0,Continuity (2-mould press)
2026-04-07 00:00:00,C,4837,1325220416092HRHT0,2026-04-07 23:00:00,2026-04-08 07:00:00,60,16.0,0,Continuity (2-mould press)
2026-04-08 00:00:00,A,4837,1325220416092HRHT0,2026-04-08 07:00:00,2026-04-08 15:00:00,60,16.0,0,Continuity (2-mould press)
2026-04-08 00:00:00,B,4837,1325220416092HRHT0,2026-04-08 15:00:00,2026-04-08 23:00:00,60,16.0,0,Continuity (2-mould press)
2026-04-08 00:00:00,C,4837,1325220416092HRHT0,2026-04-08 23:00:00,2026-04-09 07:00:00,60,16.0,0,Continuity (2-mould press)
2026-04-09 00:00:00,A,4837,1325220416092HRHT0,2026-04-09 07:00:00,2026-04-09 09:08:00,16,16.0,0,Continuity (2-mould press)
2026-04-03 00:00:00,A,4838,1325221318095HURL0,2026-04-03 07:00:00,2026-04-03 15:00:00,51,19.0,0,Continuity (2-mould press)
2026-04-03 00:00:00,B,4838,1325221318095HURL0,2026-04-03 15:00:00,2026-04-03 23:00:00,51,19.0,0,Continuity (2-mould press)
2026-04-03 00:00:00,C,4838,1325221318095HURL0,2026-04-03 23:00:00,2026-04-04 07:00:00,51,19.0,0,Continuity (2-mould press)
2026-04-04 00:00:00,A,4838,1325221318095HURL0,2026-04-04 07:00:00,2026-04-04 15:00:00,51,19.0,0,Continuity (2-mould press)
2026-04-04 00:00:00,B,4838,1325221318095HURL0,2026-04-04 15:00:00,2026-04-04 23:00:00,51,19.0,0,Continuity (2-mould press)
2026-04-04 00:00:00,C,4838,1325221318095HURL0,2026-04-04 23:00:00,2026-04-05 07:00:00,51,19.0,0,Continuity (2-mould press)
2026-04-05 00:00:00,A,4838,1325221318095HURL0,2026-04-05 07:00:00,2026-04-05 15:00:00,51,19.0,0,Continuity (2-mould press)
2026-04-05 00:00:00,B,4838,1325221318095HURL0,2026-04-05 15:00:00,2026-04-05 23:00:00,51,19.0,0,Continuity (2-mould press)
2026-04-05 00:00:00,C,4838,1325221318095HURL0,2026-04-05 23:00:00,2026-04-06 07:00:00,51,19.0,0,Continuity (2-mould press)
2026-04-06 00:00:00,A,4838,1325221318095HURL0,2026-04-06 07:00:00,2026-04-06 15:00:00,51,19.0,0,Continuity (2-mould press)
2026-04-06 00:00:00,B,4838,1325221318095HURL0,2026-04-06 15:00:00,2026-04-06 23:00:00,51,19.0,0,Continuity (2-mould press)
2026-04-06 00:00:00,C,4838,1325221318095HURL0,2026-04-06 23:00:00,2026-04-07 07:00:00,51,19.0,0,Continuity (2-mould press)
2026-04-07 00:00:00,A,4838,1325221318095HURL0,2026-04-07 07:00:00,2026-04-07 15:00:00,51,19.0,0,Continuity (2-mould press)
2026-04-07 00:00:00,B,4838,1325221318095HURL0,2026-04-07 15:00:00,2026-04-07 23:00:00,51,19.0,0,Continuity (2-mould press)
2026-04-07 00:00:00,C,4838,1325221318095HURL0,2026-04-07 23:00:00,2026-04-08 07:00:00,51,19.0,0,Continuity (2-mould press)
2026-04-08 00:00:00,A,4838,1325221318095HURL0,2026-04-08 07:00:00,2026-04-08 15:00:00,51,19.0,0,Continuity (2-mould press)
2026-04-08 00:00:00,B,4838,1325221318095HURL0,2026-04-08 15:00:00,2026-04-08 23:00:00,51,19.0,0,Continuity (2-mould press)
2026-04-08 00:00:00,C,4838,1325221318095HURL0,2026-04-08 23:00:00,2026-04-09 07:00:00,51,19.0,0,Continuity (2-mould press)
2026-04-09 00:00:00,A,4838,1325221318095HURL0,2026-04-09 07:00:00,2026-04-09 15:00:00,51,19.0,0,Continuity (2-mould press)
2026-04-09 00:00:00,B,4838,1325221318095HURL0,2026-04-09 15:00:00,2026-04-09 23:00:00,51,19.0,0,Continuity (2-mould press)
2026-04-09 00:00:00,C,4838,1325221318095HURL0,2026-04-09 23:00:00,2026-04-10 07:00:00,51,19.0,0,Continuity (2-mould press)
2026-04-10 00:00:00,A,4838,1325221318095HURL0,2026-04-10 07:00:00,2026-04-10 15:00:00,51,19.0,0,Continuity (2-mould press)
2026-04-10 00:00:00,B,4838,1325221318095HURL0,2026-04-10 15:00:00,2026-04-10 23:00:00,51,19.0,0,Continuity (2-mould press)
2026-04-10 00:00:00,C,4838,1325221318095HURL0,2026-04-10 23:00:00,2026-04-11 07:00:00,51,19.0,0,Continuity (2-mould press)
2026-04-11 00:00:00,A,4838,1325221318095HURL0,2026-04-11 07:00:00,2026-04-11 15:00:00,51,19.0,0,Continuity (2-mould press)
2026-04-11 00:00:00,B,4838,1325221318095HURL0,2026-04-11 15:00:00,2026-04-11 23:00:00,51,19.0,0,Continuity (2-mould press)
2026-04-11 00:00:00,C,4838,1325221318095HURL0,2026-04-11 23:00:00,2026-04-12 07:00:00,51,19.0,0,Continuity (2-mould press)
2026-04-12 00:00:00,A,4838,1325221318095HURL0,2026-04-12 07:00:00,2026-04-12 15:00:00,51,19.0,0,Continuity (2-mould press)
2026-04-12 00:00:00,B,4838,1325221318095HURL0,2026-04-12 15:00:00,2026-04-12 23:00:00,51,19.0,0,Continuity (2-mould press)
2026-04-12 00:00:00,C,4838,1325221318095HURL0,2026-04-12 23:00:00,2026-04-13 07:00:00,51,19.0,0,Continuity (2-mould press)
2026-04-13 00:00:00,A,4838,1325221318095HURL0,2026-04-13 07:00:00,2026-04-13 15:00:00,51,19.0,0,Continuity (2-mould press)
2026-04-13 00:00:00,B,4838,1325221318095HURL0,2026-04-13 15:00:00,2026-04-13 23:00:00,51,19.0,0,Continuity (2-mould press)
2026-04-13 00:00:00,C,4838,1325221318095HURL0,2026-04-13 23:00:00,2026-04-14 07:00:00,51,19.0,0,Continuity (2-mould press)
2026-04-14 00:00:00,A,4838,1325221318095HURL0,2026-04-14 07:00:00,2026-04-14 15:00:00,51,19.0,0,Continuity (2-mould press)
2026-04-14 00:00:00,B,4838,1325221318095HURL0,2026-04-14 15:00:00,2026-04-14 23:00:00,51,19.0,0,Continuity (2-mould press)
2026-04-14 00:00:00,C,4838,1325221318095HURL0,2026-04-14 23:00:00,2026-04-15 07:00:00,51,19.0,0,Continuity (2-mould press)
2026-04-15 00:00:00,A,4838,1325221318095HURL0,2026-04-15 07:00:00,2026-04-15 15:00:00,51,19.0,0,Continuity (2-mould press)
2026-04-15 00:00:00,B,4838,1325221318095HURL0,2026-04-15 15:00:00,2026-04-15 23:00:00,51,19.0,0,Continuity (2-mould press)
2026-04-15 00:00:00,C,4838,1325221318095HURL0,2026-04-15 23:00:00,2026-04-16 07:00:00,51,19.0,0,Continuity (2-mould press)
2026-04-16 00:00:00,A,4838,1325221318095HURL0,2026-04-16 07:00:00,2026-04-16 15:00:00,51,19.0,0,Continuity (2-mould press)
2026-04-16 00:00:00,B,4838,1325221318095HURL0,2026-04-16 15:00:00,2026-04-16 23:00:00,51,19.0,0,Continuity (2-mould press)
2026-04-16 00:00:00,C,4838,1325221318095HURL0,2026-04-16 23:00:00,2026-04-17 07:00:00,51,19.0,0,Continuity (2-mould press)
2026-04-17 00:00:00,A,4838,1325221318095HURL0,2026-04-17 07:00:00,2026-04-17 15:00:00,51,19.0,0,Continuity (2-mould press)
2026-04-17 00:00:00,B,4838,1325221318095HURL0,2026-04-17 15:00:00,2026-04-17 23:00:00,51,19.0,0,Continuity (2-mould press)
2026-04-17 00:00:00,C,4838,1325221318095HURL0,2026-04-17 23:00:00,2026-04-18 07:00:00,51,19.0,0,Continuity (2-mould press)
2026-04-18 00:00:00,A,4838,1325221318095HURL0,2026-04-18 07:00:00,2026-04-18 15:00:00,51,19.0,0,Continuity (2-mould press)
2026-04-18 00:00:00,B,4838,1325221318095HURL0,2026-04-18 15:00:00,2026-04-18 23:00:00,51,19.0,0,Continuity (2-mould press)
2026-04-18 00:00:00,C,4838,1325221318095HURL0,2026-04-18 23:00:00,2026-04-19 07:00:00,51,19.0,0,Continuity (2-mould press)
2026-04-19 00:00:00,A,4838,1325221318095HURL0,2026-04-19 07:00:00,2026-04-19 15:00:00,51,19.0,0,Continuity (2-mould press)
2026-04-19 00:00:00,B,4838,1325221318095HURL0,2026-04-19 15:00:00,2026-04-19 23:00:00,51,19.0,0,Continuity (2-mould press)
2026-04-19 00:00:00,C,4838,1325221318095HURL0,2026-04-19 23:00:00,2026-04-20 07:00:00,51,19.0,0,Continuity (2-mould press)
2026-04-20 00:00:00,A,4838,1325221318095HURL0,2026-04-20 07:00:00,2026-04-20 15:00:00,51,19.0,0,Continuity (2-mould press)
2026-04-20 00:00:00,B,4838,1325221318095HURL0,2026-04-20 15:00:00,2026-04-20 23:00:00,51,19.0,0,Continuity (2-mould press)
2026-04-20 00:00:00,C,4838,1325221318095HURL0,2026-04-20 23:00:00,2026-04-21 07:00:00,51,19.0,0,Continuity (2-mould press)
2026-04-21 00:00:00,A,4838,1325221318095HURL0,2026-04-21 07:00:00,2026-04-21 15:00:00,51,19.0,0,Continuity (2-mould press)
2026-04-21 00:00:00,B,4838,1325221318095HURL0,2026-04-21 15:00:00,2026-04-21 23:00:00,51,19.0,0,Continuity (2-mould press)
2026-04-21 00:00:00,C,4838,1325221318095HURL0,2026-04-21 23:00:00,2026-04-22 07:00:00,51,19.0,0,Continuity (2-mould press)
2026-04-22 00:00:00,A,4838,1325221318095HURL0,2026-04-22 07:00:00,2026-04-22 15:00:00,51,19.0,0,Continuity (2-mould press)
2026-04-22 00:00:00,B,4838,1325221318095HURL0,2026-04-22 15:00:00,2026-04-22 23:00:00,51,19.0,0,Continuity (2-mould press)
2026-04-22 00:00:00,C,4838,1325221318095HURL0,2026-04-22 23:00:00,2026-04-23 07:00:00,51,19.0,0,Continuity (2-mould press)
2026-04-23 00:00:00,A,4838,1325221318095HURL0,2026-04-23 07:00:00,2026-04-23 15:00:00,51,19.0,0,Continuity (2-mould press)
2026-04-23 00:00:00,B,4838,1325221318095HURL0,2026-04-23 15:00:00,2026-04-23 23:00:00,51,19.0,0,Continuity (2-mould press)
2026-04-23 00:00:00,C,4838,1325221318095HURL0,2026-04-23 23:00:00,2026-04-24 07:00:00,51,19.0,0,Continuity (2-mould press)
2026-04-24 00:00:00,A,4838,1325221318095HURL0,2026-04-24 07:00:00,2026-04-24 15:00:00,51,19.0,0,Continuity (2-mould press)
2026-04-24 00:00:00,B,4838,1325221318095HURL0,2026-04-24 15:00:00,2026-04-24 23:00:00,51,19.0,0,Continuity (2-mould press)
2026-04-24 00:00:00,C,4838,1325221318095HURL0,2026-04-24 23:00:00,2026-04-25 07:00:00,51,19.0,0,Continuity (2-mould press)
2026-04-25 00:00:00,A,4838,1325221318095HURL0,2026-04-25 07:00:00,2026-04-25 15:00:00,51,19.0,0,Continuity (2-mould press)
2026-04-25 00:00:00,B,4838,1325221318095HURL0,2026-04-25 15:00:00,2026-04-25 23:00:00,51,19.0,0,Continuity (2-mould press)
2026-04-25 00:00:00,C,4838,1325221318095HURL0,2026-04-25 23:00:00,2026-04-26 07:00:00,51,19.0,0,Continuity (2-mould press)
2026-04-26 00:00:00,A,4838,1325221318095HURL0,2026-04-26 07:00:00,2026-04-26 15:00:00,51,19.0,0,Continuity (2-mould press)
2026-04-26 00:00:00,B,4838,1325221318095HURL0,2026-04-26 15:00:00,2026-04-26 23:00:00,51,19.0,0,Continuity (2-mould press)
2026-04-26 00:00:00,C,4838,1325221318095HURL0,2026-04-26 23:00:00,2026-04-27 07:00:00,51,19.0,0,Continuity (2-mould press)
2026-04-27 00:00:00,A,4838,1325221318095HURL0,2026-04-27 07:00:00,2026-04-27 15:00:00,51,19.0,0,Continuity (2-mould press)
2026-04-27 00:00:00,B,4838,1325221318095HURL0,2026-04-27 15:00:00,2026-04-27 23:00:00,51,19.0,0,Continuity (2-mould press)
2026-04-27 00:00:00,C,4838,1325221318095HURL0,2026-04-27 23:00:00,2026-04-28 07:00:00,51,19.0,0,Continuity (2-mould press)
2026-04-28 00:00:00,A,4838,1325221318095HURL0,2026-04-28 07:00:00,2026-04-28 15:00:00,51,19.0,0,Continuity (2-mould press)
2026-04-28 00:00:00,B,4838,1325221318095HURL0,2026-04-28 15:00:00,2026-04-28 23:00:00,51,19.0,0,Continuity (2-mould press)
2026-04-28 00:00:00,C,4838,1325221318095HURL0,2026-04-28 23:00:00,2026-04-29 07:00:00,51,19.0,0,Continuity (2-mould press)
2026-04-29 00:00:00,A,4838,1325221318095HURL0,2026-04-29 07:00:00,2026-04-29 15:00:00,51,19.0,0,Continuity (2-mould press)
2026-04-29 00:00:00,B,4838,1325221318095HURL0,2026-04-29 15:00:00,2026-04-29 23:00:00,51,19.0,0,Continuity (2-mould press)
2026-04-29 00:00:00,C,4838,1325221318095HURL0,2026-04-29 23:00:00,2026-04-30 07:00:00,51,19.0,0,Continuity (2-mould press)
2026-04-30 00:00:00,A,4838,1325221318095HURL0,2026-04-30 07:00:00,2026-04-30 15:00:00,51,19.0,0,Continuity (2-mould press)
2026-04-30 00:00:00,B,4838,1325221318095HURL0,2026-04-30 15:00:00,2026-04-30 23:00:00,51,19.0,0,Continuity (2-mould press)
2026-04-30 00:00:00,C,4838,1325221318095HURL0,2026-04-30 23:00:00,2026-05-01 07:00:00,51,19.0,0,Continuity (2-mould press)
2026-05-01 00:00:00,A,4838,1325221318095HURL0,2026-05-01 07:00:00,2026-05-01 15:00:00,51,19.0,0,Continuity (2-mould press)
2026-05-01 00:00:00,B,4838,1325221318095HURL0,2026-05-01 15:00:00,2026-05-01 23:00:00,51,19.0,0,Continuity (2-mould press)
2026-05-01 00:00:00,C,4838,1325221318095HURL0,2026-05-01 23:00:00,2026-05-02 07:00:00,51,19.0,0,Continuity (2-mould press)
2026-05-02 00:00:00,A,4838,1325221318095HURL0,2026-05-02 07:00:00,2026-05-02 15:00:00,51,19.0,0,Continuity (2-mould press)
2026-05-02 00:00:00,B,4838,1325221318095HURL0,2026-05-02 15:00:00,2026-05-02 23:00:00,51,19.0,0,Continuity (2-mould press)
2026-05-02 00:00:00,C,4838,1325221318095HURL0,2026-05-02 23:00:00,2026-05-03 06:47:00,49,19.0,0,Continuity (2-mould press)
2026-04-03 00:00:00,A,4839,1325221417096HURL0,2026-04-03 07:00:00,2026-04-03 15:00:00,60,16.0,0,Continuity (2-mould press)
2026-04-03 00:00:00,B,4839,1325221417096HURL0,2026-04-03 15:00:00,2026-04-03 23:00:00,60,16.0,0,Continuity (2-mould press)
2026-04-03 00:00:00,C,4839,1325221417096HURL0,2026-04-03 23:00:00,2026-04-04 07:00:00,60,16.0,0,Continuity (2-mould press)
2026-04-04 00:00:00,A,4839,1325221417096HURL0,2026-04-04 07:00:00,2026-04-04 15:00:00,60,16.0,0,Continuity (2-mould press)
2026-04-04 00:00:00,B,4839,1325221417096HURL0,2026-04-04 15:00:00,2026-04-04 23:00:00,60,16.0,0,Continuity (2-mould press)
2026-04-04 00:00:00,C,4839,1325221417096HURL0,2026-04-04 23:00:00,2026-04-05 07:00:00,60,16.0,0,Continuity (2-mould press)
2026-04-05 00:00:00,A,4839,1325221417096HURL0,2026-04-05 07:00:00,2026-04-05 15:00:00,60,16.0,0,Continuity (2-mould press)
2026-04-05 00:00:00,B,4839,1325221417096HURL0,2026-04-05 15:00:00,2026-04-05 23:00:00,60,16.0,0,Continuity (2-mould press)
2026-04-05 00:00:00,C,4839,1325221417096HURL0,2026-04-05 23:00:00,2026-04-06 07:00:00,60,16.0,0,Continuity (2-mould press)
2026-04-06 00:00:00,A,4839,1325221417096HURL0,2026-04-06 07:00:00,2026-04-06 15:00:00,60,16.0,0,Continuity (2-mould press)
2026-04-06 00:00:00,B,4839,1325221417096HURL0,2026-04-06 15:00:00,2026-04-06 23:00:00,60,16.0,0,Continuity (2-mould press)
2026-04-06 00:00:00,C,4839,1325221417096HURL0,2026-04-06 23:00:00,2026-04-07 07:00:00,60,16.0,0,Continuity (2-mould press)
2026-04-07 00:00:00,A,4839,1325221417096HURL0,2026-04-07 07:00:00,2026-04-07 15:00:00,60,16.0,0,Continuity (2-mould press)
2026-04-07 00:00:00,B,4839,1325221417096HURL0,2026-04-07 15:00:00,2026-04-07 23:00:00,60,16.0,0,Continuity (2-mould press)
2026-04-07 00:00:00,C,4839,1325221417096HURL0,2026-04-07 23:00:00,2026-04-08 07:00:00,60,16.0,0,Continuity (2-mould press)
2026-04-08 00:00:00,A,4839,1325221417096HURL0,2026-04-08 07:00:00,2026-04-08 15:00:00,60,16.0,0,Continuity (2-mould press)
2026-04-08 00:00:00,B,4839,1325221417096HURL0,2026-04-08 15:00:00,2026-04-08 23:00:00,60,16.0,0,Continuity (2-mould press)
2026-04-08 00:00:00,C,4839,1325221417096HURL0,2026-04-08 23:00:00,2026-04-09 07:00:00,60,16.0,0,Continuity (2-mould press)
2026-04-09 00:00:00,A,4839,1325221417096HURL0,2026-04-09 07:00:00,2026-04-09 15:00:00,60,16.0,0,Continuity (2-mould press)
2026-04-09 00:00:00,B,4839,1325221417096HURL0,2026-04-09 15:00:00,2026-04-09 23:00:00,60,16.0,0,Continuity (2-mould press)
2026-04-09 00:00:00,C,4839,1325221417096HURL0,2026-04-09 23:00:00,2026-04-10 07:00:00,60,16.0,0,Continuity (2-mould press)
2026-04-10 00:00:00,A,4839,1325221417096HURL0,2026-04-10 07:00:00,2026-04-10 15:00:00,60,16.0,0,Continuity (2-mould press)
2026-04-10 00:00:00,B,4839,1325221417096HURL0,2026-04-10 15:00:00,2026-04-10 23:00:00,60,16.0,0,Continuity (2-mould press)
2026-04-10 00:00:00,C,4839,1325221417096HURL0,2026-04-10 23:00:00,2026-04-11 07:00:00,60,16.0,0,Continuity (2-mould press)
2026-04-11 00:00:00,A,4839,1325221417096HURL0,2026-04-11 07:00:00,2026-04-11 15:00:00,60,16.0,0,Continuity (2-mould press)
2026-04-11 00:00:00,B,4839,1325221417096HURL0,2026-04-11 15:00:00,2026-04-11 23:00:00,60,16.0,0,Continuity (2-mould press)
2026-04-11 00:00:00,C,4839,1325221417096HURL0,2026-04-11 23:00:00,2026-04-12 07:00:00,60,16.0,0,Continuity (2-mould press)
2026-04-12 00:00:00,A,4839,1325221417096HURL0,2026-04-12 07:00:00,2026-04-12 15:00:00,60,16.0,0,Continuity (2-mould press)
2026-04-12 00:00:00,B,4839,1325221417096HURL0,2026-04-12 15:00:00,2026-04-12 23:00:00,60,16.0,0,Continuity (2-mould press)
2026-04-12 00:00:00,C,4839,1325221417096HURL0,2026-04-12 23:00:00,2026-04-13 07:00:00,60,16.0,0,Continuity (2-mould press)
2026-04-13 00:00:00,A,4839,1325221417096HURL0,2026-04-13 07:00:00,2026-04-13 15:00:00,60,16.0,0,Continuity (2-mould press)
2026-04-13 00:00:00,B,4839,1325221417096HURL0,2026-04-13 15:00:00,2026-04-13 23:00:00,60,16.0,0,Continuity (2-mould press)
2026-04-13 00:00:00,C,4839,1325221417096HURL0,2026-04-13 23:00:00,2026-04-14 07:00:00,60,16.0,0,Continuity (2-mould press)
2026-04-14 00:00:00,A,4839,1325221417096HURL0,2026-04-14 07:00:00,2026-04-14 15:00:00,60,16.0,0,Continuity (2-mould press)
2026-04-14 00:00:00,B,4839,1325221417096HURL0,2026-04-14 15:00:00,2026-04-14 23:00:00,60,16.0,0,Continuity (2-mould press)
2026-04-14 00:00:00,C,4839,1325221417096HURL0,2026-04-14 23:00:00,2026-04-15 07:00:00,60,16.0,0,Continuity (2-mould press)
2026-04-15 00:00:00,A,4839,1325221417096HURL0,2026-04-15 07:00:00,2026-04-15 15:00:00,60,16.0,0,Continuity (2-mould press)
2026-04-15 00:00:00,B,4839,1325221417096HURL0,2026-04-15 15:00:00,2026-04-15 23:00:00,60,16.0,0,Continuity (2-mould press)
2026-04-15 00:00:00,C,4839,1325221417096HURL0,2026-04-15 23:00:00,2026-04-16 07:00:00,60,16.0,0,Continuity (2-mould press)
2026-04-16 00:00:00,A,4839,1325221417096HURL0,2026-04-16 07:00:00,2026-04-16 15:00:00,60,16.0,0,Continuity (2-mould press)
2026-04-16 00:00:00,B,4839,1325221417096HURL0,2026-04-16 15:00:00,2026-04-16 23:00:00,60,16.0,0,Continuity (2-mould press)
2026-04-16 00:00:00,C,4839,1325221417096HURL0,2026-04-16 23:00:00,2026-04-17 07:00:00,60,16.0,0,Continuity (2-mould press)
2026-04-17 00:00:00,A,4839,1325221417096HURL0,2026-04-17 07:00:00,2026-04-17 15:00:00,60,16.0,0,Continuity (2-mould press)
2026-04-17 00:00:00,B,4839,1325221417096HURL0,2026-04-17 15:00:00,2026-04-17 23:00:00,60,16.0,0,Continuity (2-mould press)
2026-04-17 00:00:00,C,4839,1325221417096HURL0,2026-04-17 23:00:00,2026-04-18 07:00:00,60,16.0,0,Continuity (2-mould press)
2026-04-18 00:00:00,A,4839,1325221417096HURL0,2026-04-18 07:00:00,2026-04-18 15:00:00,60,16.0,0,Continuity (2-mould press)
2026-04-18 00:00:00,B,4839,1325221417096HURL0,2026-04-18 15:00:00,2026-04-18 23:00:00,60,16.0,0,Continuity (2-mould press)
2026-04-18 00:00:00,C,4839,1325221417096HURL0,2026-04-18 23:00:00,2026-04-19 07:00:00,60,16.0,0,Continuity (2-mould press)
2026-04-19 00:00:00,A,4839,1325221417096HURL0,2026-04-19 07:00:00,2026-04-19 15:00:00,60,16.0,0,Continuity (2-mould press)
2026-04-19 00:00:00,B,4839,1325221417096HURL0,2026-04-19 15:00:00,2026-04-19 23:00:00,60,16.0,0,Continuity (2-mould press)
2026-04-19 00:00:00,C,4839,1325221417096HURL0,2026-04-19 23:00:00,2026-04-20 07:00:00,60,16.0,0,Continuity (2-mould press)
2026-04-20 00:00:00,A,4839,1325221417096HURL0,2026-04-20 07:00:00,2026-04-20 15:00:00,60,16.0,0,Continuity (2-mould press)
2026-04-20 00:00:00,B,4839,1325221417096HURL0,2026-04-20 15:00:00,2026-04-20 23:00:00,60,16.0,0,Continuity (2-mould press)
2026-04-20 00:00:00,C,4839,1325221417096HURL0,2026-04-20 23:00:00,2026-04-21 04:04:00,38,16.0,0,Continuity (2-mould press)
2026-04-20 00:00:00,C,4839,MOULD_CLEAN,2026-04-21 04:04:00,2026-04-21 07:00:00,0,0.0,0,Mould cleaning (continuity)
2026-04-21 00:00:00,A,4839,MOULD_CLEAN,2026-04-21 07:00:00,2026-04-21 07:04:00,0,0.0,0,Mould cleaning (continuity)
2026-04-21 00:00:00,A,4839,1325221417096HURL0,2026-04-21 07:04:00,2026-04-21 15:00:00,60,16.0,0,Continuity (2-mould press)
2026-04-21 00:00:00,B,4839,1325221417096HURL0,2026-04-21 15:00:00,2026-04-21 23:00:00,60,16.0,0,Continuity (2-mould press)
2026-04-21 00:00:00,C,4839,1325221417096HURL0,2026-04-21 23:00:00,2026-04-22 07:00:00,60,16.0,0,Continuity (2-mould press)
2026-04-22 00:00:00,A,4839,1325221417096HURL0,2026-04-22 07:00:00,2026-04-22 15:00:00,60,16.0,0,Continuity (2-mould press)
2026-04-22 00:00:00,B,4839,1325221417096HURL0,2026-04-22 15:00:00,2026-04-22 23:00:00,60,16.0,0,Continuity (2-mould press)
2026-04-22 00:00:00,C,4839,1325221417096HURL0,2026-04-22 23:00:00,2026-04-23 07:00:00,60,16.0,0,Continuity (2-mould press)
2026-04-23 00:00:00,A,4839,1325221417096HURL0,2026-04-23 07:00:00,2026-04-23 15:00:00,60,16.0,0,Continuity (2-mould press)
2026-04-23 00:00:00,B,4839,1325221417096HURL0,2026-04-23 15:00:00,2026-04-23 23:00:00,60,16.0,0,Continuity (2-mould press)
2026-04-23 00:00:00,C,4839,1325221417096HURL0,2026-04-23 23:00:00,2026-04-24 07:00:00,60,16.0,0,Continuity (2-mould press)
2026-04-24 00:00:00,A,4839,1325221417096HURL0,2026-04-24 07:00:00,2026-04-24 15:00:00,60,16.0,0,Continuity (2-mould press)
2026-04-24 00:00:00,B,4839,1325221417096HURL0,2026-04-24 15:00:00,2026-04-24 23:00:00,60,16.0,0,Continuity (2-mould press)
2026-04-24 00:00:00,C,4839,1325221417096HURL0,2026-04-24 23:00:00,2026-04-25 07:00:00,60,16.0,0,Continuity (2-mould press)
2026-04-25 00:00:00,A,4839,1325221417096HURL0,2026-04-25 07:00:00,2026-04-25 15:00:00,60,16.0,0,Continuity (2-mould press)
2026-04-25 00:00:00,B,4839,1325221417096HURL0,2026-04-25 15:00:00,2026-04-25 23:00:00,60,16.0,0,Continuity (2-mould press)
2026-04-25 00:00:00,C,4839,1325221417096HURL0,2026-04-25 23:00:00,2026-04-26 07:00:00,60,16.0,0,Continuity (2-mould press)
2026-04-26 00:00:00,A,4839,1325221417096HURL0,2026-04-26 07:00:00,2026-04-26 15:00:00,60,16.0,0,Continuity (2-mould press)
2026-04-26 00:00:00,B,4839,1325221417096HURL0,2026-04-26 15:00:00,2026-04-26 23:00:00,60,16.0,0,Continuity (2-mould press)
2026-04-26 00:00:00,C,4839,1325221417096HURL0,2026-04-26 23:00:00,2026-04-27 07:00:00,60,16.0,0,Continuity (2-mould press)
2026-04-27 00:00:00,A,4839,1325221417096HURL0,2026-04-27 07:00:00,2026-04-27 15:00:00,60,16.0,0,Continuity (2-mould press)
2026-04-27 00:00:00,B,4839,1325221417096HURL0,2026-04-27 15:00:00,2026-04-27 23:00:00,60,16.0,0,Continuity (2-mould press)
2026-04-27 00:00:00,C,4839,1325221417096HURL0,2026-04-27 23:00:00,2026-04-28 07:00:00,60,16.0,0,Continuity (2-mould press)
2026-04-28 00:00:00,A,4839,1325221417096HURL0,2026-04-28 07:00:00,2026-04-28 15:00:00,60,16.0,0,Continuity (2-mould press)
2026-04-28 00:00:00,B,4839,1325221417096HURL0,2026-04-28 15:00:00,2026-04-28 23:00:00,60,16.0,0,Continuity (2-mould press)
2026-04-28 00:00:00,C,4839,1325221417096HURL0,2026-04-28 23:00:00,2026-04-29 07:00:00,60,16.0,0,Continuity (2-mould press)
2026-04-29 00:00:00,A,4839,1325221417096HURL0,2026-04-29 07:00:00,2026-04-29 15:00:00,60,16.0,0,Continuity (2-mould press)
2026-04-29 00:00:00,B,4839,1325221417096HURL0,2026-04-29 15:00:00,2026-04-29 19:36:00,34,16.0,0,Continuity (2-mould press)
2026-04-03 00:00:00,A,4840,1325219515091HURL2,2026-04-03 07:00:00,2026-04-03 15:00:00,64,15.0,0,Continuity (2-mould press)
2026-04-03 00:00:00,B,4840,1325219515091HURL2,2026-04-03 15:00:00,2026-04-03 23:00:00,64,15.0,0,Continuity (2-mould press)
2026-04-03 00:00:00,C,4840,1325219515091HURL2,2026-04-03 23:00:00,2026-04-04 07:00:00,64,15.0,0,Continuity (2-mould press)
2026-04-04 00:00:00,A,4840,1325219515091HURL2,2026-04-04 07:00:00,2026-04-04 15:00:00,64,15.0,0,Continuity (2-mould press)
2026-04-04 00:00:00,B,4840,1325219515091HURL2,2026-04-04 15:00:00,2026-04-04 23:00:00,64,15.0,0,Continuity (2-mould press)
2026-04-04 00:00:00,C,4840,1325219515091HURL2,2026-04-04 23:00:00,2026-04-05 07:00:00,64,15.0,0,Continuity (2-mould press)
2026-04-05 00:00:00,A,4840,1325219515091HURL2,2026-04-05 07:00:00,2026-04-05 15:00:00,64,15.0,0,Continuity (2-mould press)
2026-04-05 00:00:00,B,4840,1325219515091HURL2,2026-04-05 15:00:00,2026-04-05 23:00:00,64,15.0,0,Continuity (2-mould press)
2026-04-05 00:00:00,C,4840,1325219515091HURL2,2026-04-05 23:00:00,2026-04-06 07:00:00,64,15.0,0,Continuity (2-mould press)
2026-04-06 00:00:00,A,4840,1325219515091HURL2,2026-04-06 07:00:00,2026-04-06 15:00:00,64,15.0,0,Continuity (2-mould press)
2026-04-06 00:00:00,B,4840,1325219515091HURL2,2026-04-06 15:00:00,2026-04-06 23:00:00,64,15.0,0,Continuity (2-mould press)
2026-04-06 00:00:00,C,4840,1325219515091HURL2,2026-04-06 23:00:00,2026-04-07 07:00:00,64,15.0,0,Continuity (2-mould press)
2026-04-07 00:00:00,A,4840,1325219515091HURL2,2026-04-07 07:00:00,2026-04-07 15:00:00,64,15.0,0,Continuity (2-mould press)
2026-04-07 00:00:00,B,4840,1325219515091HURL2,2026-04-07 15:00:00,2026-04-07 23:00:00,64,15.0,0,Continuity (2-mould press)
2026-04-07 00:00:00,C,4840,1325219515091HURL2,2026-04-07 23:00:00,2026-04-08 07:00:00,64,15.0,0,Continuity (2-mould press)
2026-04-08 00:00:00,A,4840,1325219515091HURL2,2026-04-08 07:00:00,2026-04-08 15:00:00,64,15.0,0,Continuity (2-mould press)
2026-04-08 00:00:00,B,4840,1325219515091HURL2,2026-04-08 15:00:00,2026-04-08 23:00:00,64,15.0,0,Continuity (2-mould press)
2026-04-08 00:00:00,C,4840,1325219515091HURL2,2026-04-08 23:00:00,2026-04-09 07:00:00,64,15.0,0,Continuity (2-mould press)
2026-04-09 00:00:00,A,4840,1325219515091HURL2,2026-04-09 07:00:00,2026-04-09 15:00:00,64,15.0,0,Continuity (2-mould press)
2026-04-09 00:00:00,B,4840,1325219515091HURL2,2026-04-09 15:00:00,2026-04-09 23:00:00,64,15.0,0,Continuity (2-mould press)
2026-04-09 00:00:00,C,4840,1325219515091HURL2,2026-04-09 23:00:00,2026-04-10 07:00:00,64,15.0,0,Continuity (2-mould press)
2026-04-10 00:00:00,A,4840,1325219515091HURL2,2026-04-10 07:00:00,2026-04-10 15:00:00,64,15.0,0,Continuity (2-mould press)
2026-04-10 00:00:00,B,4840,1325219515091HURL2,2026-04-10 15:00:00,2026-04-10 23:00:00,64,15.0,0,Continuity (2-mould press)
2026-04-10 00:00:00,C,4840,1325219515091HURL2,2026-04-10 23:00:00,2026-04-11 07:00:00,64,15.0,0,Continuity (2-mould press)
2026-04-11 00:00:00,A,4840,1325219515091HURL2,2026-04-11 07:00:00,2026-04-11 15:00:00,64,15.0,0,Continuity (2-mould press)
2026-04-11 00:00:00,B,4840,1325219515091HURL2,2026-04-11 15:00:00,2026-04-11 23:00:00,64,15.0,0,Continuity (2-mould press)
2026-04-11 00:00:00,C,4840,1325219515091HURL2,2026-04-11 23:00:00,2026-04-12 07:00:00,64,15.0,0,Continuity (2-mould press)
2026-04-12 00:00:00,A,4840,1325219515091HURL2,2026-04-12 07:00:00,2026-04-12 15:00:00,64,15.0,0,Continuity (2-mould press)
2026-04-12 00:00:00,B,4840,1325219515091HURL2,2026-04-12 15:00:00,2026-04-12 23:00:00,64,15.0,0,Continuity (2-mould press)
2026-04-12 00:00:00,C,4840,1325219515091HURL2,2026-04-12 23:00:00,2026-04-13 07:00:00,64,15.0,0,Continuity (2-mould press)
2026-04-13 00:00:00,A,4840,1325219515091HURL2,2026-04-13 07:00:00,2026-04-13 15:00:00,64,15.0,0,Continuity (2-mould press)
2026-04-13 00:00:00,B,4840,1325219515091HURL2,2026-04-13 15:00:00,2026-04-13 23:00:00,64,15.0,0,Continuity (2-mould press)
2026-04-13 00:00:00,C,4840,1325219515091HURL2,2026-04-13 23:00:00,2026-04-14 07:00:00,64,15.0,0,Continuity (2-mould press)
2026-04-14 00:00:00,A,4840,1325219515091HURL2,2026-04-14 07:00:00,2026-04-14 15:00:00,64,15.0,0,Continuity (2-mould press)
2026-04-14 00:00:00,B,4840,1325219515091HURL2,2026-04-14 15:00:00,2026-04-14 23:00:00,64,15.0,0,Continuity (2-mould press)
2026-04-14 00:00:00,C,4840,1325219515091HURL2,2026-04-14 23:00:00,2026-04-15 07:00:00,64,15.0,0,Continuity (2-mould press)
2026-04-15 00:00:00,A,4840,1325219515091HURL2,2026-04-15 07:00:00,2026-04-15 15:00:00,64,15.0,0,Continuity (2-mould press)
2026-04-15 00:00:00,B,4840,1325219515091HURL2,2026-04-15 15:00:00,2026-04-15 23:00:00,64,15.0,0,Continuity (2-mould press)
2026-04-15 00:00:00,C,4840,1325219515091HURL2,2026-04-15 23:00:00,2026-04-16 07:00:00,64,15.0,0,Continuity (2-mould press)
2026-04-16 00:00:00,A,4840,1325219515091HURL2,2026-04-16 07:00:00,2026-04-16 15:00:00,64,15.0,0,Continuity (2-mould press)
2026-04-16 00:00:00,B,4840,1325219515091HURL2,2026-04-16 15:00:00,2026-04-16 23:00:00,64,15.0,0,Continuity (2-mould press)
2026-04-16 00:00:00,C,4840,1325219515091HURL2,2026-04-16 23:00:00,2026-04-17 07:00:00,64,15.0,0,Continuity (2-mould press)
2026-04-17 00:00:00,A,4840,1325219515091HURL2,2026-04-17 07:00:00,2026-04-17 15:00:00,64,15.0,0,Continuity (2-mould press)
2026-04-17 00:00:00,B,4840,1325219515091HURL2,2026-04-17 15:00:00,2026-04-17 23:00:00,64,15.0,0,Continuity (2-mould press)
2026-04-17 00:00:00,C,4840,1325219515091HURL2,2026-04-17 23:00:00,2026-04-18 07:00:00,64,15.0,0,Continuity (2-mould press)
2026-04-18 00:00:00,A,4840,1325219515091HURL2,2026-04-18 07:00:00,2026-04-18 15:00:00,64,15.0,0,Continuity (2-mould press)
2026-04-18 00:00:00,B,4840,1325219515091HURL2,2026-04-18 15:00:00,2026-04-18 23:00:00,64,15.0,0,Continuity (2-mould press)
2026-04-18 00:00:00,C,4840,1325219515091HURL2,2026-04-18 23:00:00,2026-04-19 07:00:00,64,15.0,0,Continuity (2-mould press)
2026-04-19 00:00:00,A,4840,1325219515091HURL2,2026-04-19 07:00:00,2026-04-19 15:00:00,64,15.0,0,Continuity (2-mould press)
2026-04-19 00:00:00,B,4840,1325219515091HURL2,2026-04-19 15:00:00,2026-04-19 23:00:00,64,15.0,0,Continuity (2-mould press)
2026-04-19 00:00:00,C,4840,1325219515091HURL2,2026-04-19 23:00:00,2026-04-20 07:00:00,64,15.0,0,Continuity (2-mould press)
2026-04-20 00:00:00,A,4840,1325219515091HURL2,2026-04-20 07:00:00,2026-04-20 15:00:00,64,15.0,0,Continuity (2-mould press)
2026-04-20 00:00:00,B,4840,1325219515091HURL2,2026-04-20 15:00:00,2026-04-20 23:00:00,64,15.0,0,Continuity (2-mould press)
2026-04-20 00:00:00,C,4840,1325219515091HURL2,2026-04-20 23:00:00,2026-04-21 07:00:00,64,15.0,0,Continuity (2-mould press)
2026-04-21 00:00:00,A,4840,1325219515091HURL2,2026-04-21 07:00:00,2026-04-21 15:00:00,64,15.0,0,Continuity (2-mould press)
2026-04-21 00:00:00,B,4840,1325219515091HURL2,2026-04-21 15:00:00,2026-04-21 23:00:00,64,15.0,0,Continuity (2-mould press)
2026-04-21 00:00:00,C,4840,1325219515091HURL2,2026-04-21 23:00:00,2026-04-22 07:00:00,64,15.0,0,Continuity (2-mould press)
2026-04-22 00:00:00,A,4840,1325219515091HURL2,2026-04-22 07:00:00,2026-04-22 15:00:00,64,15.0,0,Continuity (2-mould press)
2026-04-22 00:00:00,B,4840,1325219515091HURL2,2026-04-22 15:00:00,2026-04-22 23:00:00,64,15.0,0,Continuity (2-mould press)
2026-04-22 00:00:00,C,4840,1325219515091HURL2,2026-04-22 23:00:00,2026-04-23 07:00:00,64,15.0,0,Continuity (2-mould press)
2026-04-23 00:00:00,A,4840,1325219515091HURL2,2026-04-23 07:00:00,2026-04-23 15:00:00,64,15.0,0,Continuity (2-mould press)
2026-04-23 00:00:00,B,4840,1325219515091HURL2,2026-04-23 15:00:00,2026-04-23 23:00:00,64,15.0,0,Continuity (2-mould press)
2026-04-23 00:00:00,C,4840,1325219515091HURL2,2026-04-23 23:00:00,2026-04-24 07:00:00,64,15.0,0,Continuity (2-mould press)
2026-04-24 00:00:00,A,4840,1325219515091HURL2,2026-04-24 07:00:00,2026-04-24 15:00:00,64,15.0,0,Continuity (2-mould press)
2026-04-24 00:00:00,B,4840,1325219515091HURL2,2026-04-24 15:00:00,2026-04-24 23:00:00,64,15.0,0,Continuity (2-mould press)
2026-04-24 00:00:00,C,4840,1325219515091HURL2,2026-04-24 23:00:00,2026-04-25 07:00:00,64,15.0,0,Continuity (2-mould press)
2026-04-25 00:00:00,A,4840,1325219515091HURL2,2026-04-25 07:00:00,2026-04-25 15:00:00,64,15.0,0,Continuity (2-mould press)
2026-04-25 00:00:00,B,4840,1325219515091HURL2,2026-04-25 15:00:00,2026-04-25 23:00:00,64,15.0,0,Continuity (2-mould press)
2026-04-25 00:00:00,C,4840,1325219515091HURL2,2026-04-25 23:00:00,2026-04-26 07:00:00,64,15.0,0,Continuity (2-mould press)
2026-04-26 00:00:00,A,4840,1325219515091HURL2,2026-04-26 07:00:00,2026-04-26 15:00:00,64,15.0,0,Continuity (2-mould press)
2026-04-26 00:00:00,B,4840,1325219515091HURL2,2026-04-26 15:00:00,2026-04-26 23:00:00,64,15.0,0,Continuity (2-mould press)
2026-04-26 00:00:00,C,4840,1325219515091HURL2,2026-04-26 23:00:00,2026-04-27 07:00:00,64,15.0,0,Continuity (2-mould press)
2026-04-27 00:00:00,A,4840,1325219515091HURL2,2026-04-27 07:00:00,2026-04-27 15:00:00,64,15.0,0,Continuity (2-mould press)
2026-04-27 00:00:00,B,4840,1325219515091HURL2,2026-04-27 15:00:00,2026-04-27 23:00:00,64,15.0,0,Continuity (2-mould press)
2026-04-27 00:00:00,C,4840,1325219515091HURL2,2026-04-27 23:00:00,2026-04-28 07:00:00,64,15.0,0,Continuity (2-mould press)
2026-04-28 00:00:00,A,4840,1325219515091HURL2,2026-04-28 07:00:00,2026-04-28 13:15:00,50,15.0,0,Continuity (2-mould press)
2026-04-03 00:00:00,A,4841,1325221417096HURL0,2026-04-03 07:00:00,2026-04-03 15:00:00,60,16.0,0,Continuity (2-mould press)
2026-04-03 00:00:00,B,4841,1325221417096HURL0,2026-04-03 15:00:00,2026-04-03 23:00:00,60,16.0,0,Continuity (2-mould press)
2026-04-03 00:00:00,C,4841,1325221417096HURL0,2026-04-03 23:00:00,2026-04-04 07:00:00,60,16.0,0,Continuity (2-mould press)
2026-04-04 00:00:00,A,4841,1325221417096HURL0,2026-04-04 07:00:00,2026-04-04 15:00:00,60,16.0,0,Continuity (2-mould press)
2026-04-04 00:00:00,B,4841,1325221417096HURL0,2026-04-04 15:00:00,2026-04-04 23:00:00,60,16.0,0,Continuity (2-mould press)
2026-04-04 00:00:00,C,4841,1325221417096HURL0,2026-04-04 23:00:00,2026-04-05 07:00:00,60,16.0,0,Continuity (2-mould press)
2026-04-05 00:00:00,A,4841,1325221417096HURL0,2026-04-05 07:00:00,2026-04-05 15:00:00,60,16.0,0,Continuity (2-mould press)
2026-04-05 00:00:00,B,4841,1325221417096HURL0,2026-04-05 15:00:00,2026-04-05 23:00:00,60,16.0,0,Continuity (2-mould press)
2026-04-05 00:00:00,C,4841,1325221417096HURL0,2026-04-05 23:00:00,2026-04-06 07:00:00,60,16.0,0,Continuity (2-mould press)
2026-04-06 00:00:00,A,4841,1325221417096HURL0,2026-04-06 07:00:00,2026-04-06 15:00:00,60,16.0,0,Continuity (2-mould press)
2026-04-06 00:00:00,B,4841,1325221417096HURL0,2026-04-06 15:00:00,2026-04-06 23:00:00,60,16.0,0,Continuity (2-mould press)
2026-04-06 00:00:00,C,4841,1325221417096HURL0,2026-04-06 23:00:00,2026-04-07 07:00:00,60,16.0,0,Continuity (2-mould press)
2026-04-07 00:00:00,A,4841,1325221417096HURL0,2026-04-07 07:00:00,2026-04-07 15:00:00,60,16.0,0,Continuity (2-mould press)
2026-04-07 00:00:00,B,4841,1325221417096HURL0,2026-04-07 15:00:00,2026-04-07 23:00:00,60,16.0,0,Continuity (2-mould press)
2026-04-07 00:00:00,C,4841,1325221417096HURL0,2026-04-07 23:00:00,2026-04-08 07:00:00,60,16.0,0,Continuity (2-mould press)
2026-04-08 00:00:00,A,4841,1325221417096HURL0,2026-04-08 07:00:00,2026-04-08 15:00:00,60,16.0,0,Continuity (2-mould press)
2026-04-08 00:00:00,B,4841,1325221417096HURL0,2026-04-08 15:00:00,2026-04-08 23:00:00,60,16.0,0,Continuity (2-mould press)
2026-04-08 00:00:00,C,4841,1325221417096HURL0,2026-04-08 23:00:00,2026-04-09 07:00:00,60,16.0,0,Continuity (2-mould press)
2026-04-09 00:00:00,A,4841,1325221417096HURL0,2026-04-09 07:00:00,2026-04-09 15:00:00,60,16.0,0,Continuity (2-mould press)
2026-04-09 00:00:00,B,4841,1325221417096HURL0,2026-04-09 15:00:00,2026-04-09 23:00:00,60,16.0,0,Continuity (2-mould press)
2026-04-09 00:00:00,C,4841,1325221417096HURL0,2026-04-09 23:00:00,2026-04-10 02:44:00,28,16.0,0,Continuity (2-mould press)
2026-04-09 00:00:00,C,4841,MOULD_CLEAN,2026-04-10 02:44:00,2026-04-10 05:44:00,0,0.0,0,Mould cleaning (continuity)
2026-04-09 00:00:00,C,4841,1325221417096HURL0,2026-04-10 05:44:00,2026-04-10 07:00:00,10,16.0,0,Continuity (2-mould press)
2026-04-10 00:00:00,A,4841,1325221417096HURL0,2026-04-10 07:00:00,2026-04-10 15:00:00,60,16.0,0,Continuity (2-mould press)
2026-04-10 00:00:00,B,4841,1325221417096HURL0,2026-04-10 15:00:00,2026-04-10 23:00:00,60,16.0,0,Continuity (2-mould press)
2026-04-10 00:00:00,C,4841,1325221417096HURL0,2026-04-10 23:00:00,2026-04-11 07:00:00,60,16.0,0,Continuity (2-mould press)
2026-04-11 00:00:00,A,4841,1325221417096HURL0,2026-04-11 07:00:00,2026-04-11 15:00:00,60,16.0,0,Continuity (2-mould press)
2026-04-11 00:00:00,B,4841,1325221417096HURL0,2026-04-11 15:00:00,2026-04-11 23:00:00,60,16.0,0,Continuity (2-mould press)
2026-04-11 00:00:00,C,4841,1325221417096HURL0,2026-04-11 23:00:00,2026-04-12 07:00:00,60,16.0,0,Continuity (2-mould press)
2026-04-12 00:00:00,A,4841,1325221417096HURL0,2026-04-12 07:00:00,2026-04-12 15:00:00,60,16.0,0,Continuity (2-mould press)
2026-04-12 00:00:00,B,4841,1325221417096HURL0,2026-04-12 15:00:00,2026-04-12 23:00:00,60,16.0,0,Continuity (2-mould press)
2026-04-12 00:00:00,C,4841,1325221417096HURL0,2026-04-12 23:00:00,2026-04-13 07:00:00,60,16.0,0,Continuity (2-mould press)
2026-04-13 00:00:00,A,4841,1325221417096HURL0,2026-04-13 07:00:00,2026-04-13 15:00:00,60,16.0,0,Continuity (2-mould press)
2026-04-13 00:00:00,B,4841,1325221417096HURL0,2026-04-13 15:00:00,2026-04-13 23:00:00,60,16.0,0,Continuity (2-mould press)
2026-04-13 00:00:00,C,4841,1325221417096HURL0,2026-04-13 23:00:00,2026-04-14 07:00:00,60,16.0,0,Continuity (2-mould press)
2026-04-14 00:00:00,A,4841,1325221417096HURL0,2026-04-14 07:00:00,2026-04-14 15:00:00,60,16.0,0,Continuity (2-mould press)
2026-04-14 00:00:00,B,4841,1325221417096HURL0,2026-04-14 15:00:00,2026-04-14 23:00:00,60,16.0,0,Continuity (2-mould press)
2026-04-14 00:00:00,C,4841,1325221417096HURL0,2026-04-14 23:00:00,2026-04-15 07:00:00,60,16.0,0,Continuity (2-mould press)
2026-04-15 00:00:00,A,4841,1325221417096HURL0,2026-04-15 07:00:00,2026-04-15 15:00:00,60,16.0,0,Continuity (2-mould press)
2026-04-15 00:00:00,B,4841,1325221417096HURL0,2026-04-15 15:00:00,2026-04-15 23:00:00,60,16.0,0,Continuity (2-mould press)
2026-04-15 00:00:00,C,4841,1325221417096HURL0,2026-04-15 23:00:00,2026-04-16 07:00:00,60,16.0,0,Continuity (2-mould press)
2026-04-16 00:00:00,A,4841,1325221417096HURL0,2026-04-16 07:00:00,2026-04-16 15:00:00,60,16.0,0,Continuity (2-mould press)
2026-04-16 00:00:00,B,4841,1325221417096HURL0,2026-04-16 15:00:00,2026-04-16 23:00:00,60,16.0,0,Continuity (2-mould press)
2026-04-16 00:00:00,C,4841,1325221417096HURL0,2026-04-16 23:00:00,2026-04-17 07:00:00,60,16.0,0,Continuity (2-mould press)
2026-04-17 00:00:00,A,4841,1325221417096HURL0,2026-04-17 07:00:00,2026-04-17 15:00:00,60,16.0,0,Continuity (2-mould press)
2026-04-17 00:00:00,B,4841,1325221417096HURL0,2026-04-17 15:00:00,2026-04-17 23:00:00,60,16.0,0,Continuity (2-mould press)
2026-04-17 00:00:00,C,4841,1325221417096HURL0,2026-04-17 23:00:00,2026-04-18 07:00:00,60,16.0,0,Continuity (2-mould press)
2026-04-18 00:00:00,A,4841,1325221417096HURL0,2026-04-18 07:00:00,2026-04-18 15:00:00,60,16.0,0,Continuity (2-mould press)
2026-04-18 00:00:00,B,4841,1325221417096HURL0,2026-04-18 15:00:00,2026-04-18 23:00:00,60,16.0,0,Continuity (2-mould press)
2026-04-18 00:00:00,C,4841,1325221417096HURL0,2026-04-18 23:00:00,2026-04-19 07:00:00,60,16.0,0,Continuity (2-mould press)
2026-04-19 00:00:00,A,4841,1325221417096HURL0,2026-04-19 07:00:00,2026-04-19 15:00:00,60,16.0,0,Continuity (2-mould press)
2026-04-19 00:00:00,B,4841,1325221417096HURL0,2026-04-19 15:00:00,2026-04-19 23:00:00,60,16.0,0,Continuity (2-mould press)
2026-04-19 00:00:00,C,4841,1325221417096HURL0,2026-04-19 23:00:00,2026-04-20 07:00:00,60,16.0,0,Continuity (2-mould press)
2026-04-20 00:00:00,A,4841,1325221417096HURL0,2026-04-20 07:00:00,2026-04-20 15:00:00,60,16.0,0,Continuity (2-mould press)
2026-04-20 00:00:00,B,4841,1325221417096HURL0,2026-04-20 15:00:00,2026-04-20 23:00:00,60,16.0,0,Continuity (2-mould press)
2026-04-20 00:00:00,C,4841,1325221417096HURL0,2026-04-20 23:00:00,2026-04-21 07:00:00,60,16.0,0,Continuity (2-mould press)
2026-04-21 00:00:00,A,4841,1325221417096HURL0,2026-04-21 07:00:00,2026-04-21 15:00:00,60,16.0,0,Continuity (2-mould press)
2026-04-21 00:00:00,B,4841,1325221417096HURL0,2026-04-21 15:00:00,2026-04-21 23:00:00,60,16.0,0,Continuity (2-mould press)
2026-04-21 00:00:00,C,4841,1325221417096HURL0,2026-04-21 23:00:00,2026-04-22 07:00:00,60,16.0,0,Continuity (2-mould press)
2026-04-22 00:00:00,A,4841,1325221417096HURL0,2026-04-22 07:00:00,2026-04-22 15:00:00,60,16.0,0,Continuity (2-mould press)
2026-04-22 00:00:00,B,4841,1325221417096HURL0,2026-04-22 15:00:00,2026-04-22 23:00:00,60,16.0,0,Continuity (2-mould press)
2026-04-22 00:00:00,C,4841,1325221417096HURL0,2026-04-22 23:00:00,2026-04-23 07:00:00,60,16.0,0,Continuity (2-mould press)
2026-04-23 00:00:00,A,4841,1325221417096HURL0,2026-04-23 07:00:00,2026-04-23 15:00:00,60,16.0,0,Continuity (2-mould press)
2026-04-23 00:00:00,B,4841,1325221417096HURL0,2026-04-23 15:00:00,2026-04-23 23:00:00,60,16.0,0,Continuity (2-mould press)
2026-04-23 00:00:00,C,4841,1325221417096HURL0,2026-04-23 23:00:00,2026-04-24 07:00:00,60,16.0,0,Continuity (2-mould press)
2026-04-24 00:00:00,A,4841,1325221417096HURL0,2026-04-24 07:00:00,2026-04-24 15:00:00,60,16.0,0,Continuity (2-mould press)
2026-04-24 00:00:00,B,4841,1325221417096HURL0,2026-04-24 15:00:00,2026-04-24 23:00:00,60,16.0,0,Continuity (2-mould press)
2026-04-24 00:00:00,C,4841,1325221417096HURL0,2026-04-24 23:00:00,2026-04-25 07:00:00,60,16.0,0,Continuity (2-mould press)
2026-04-25 00:00:00,A,4841,1325221417096HURL0,2026-04-25 07:00:00,2026-04-25 15:00:00,60,16.0,0,Continuity (2-mould press)
2026-04-25 00:00:00,B,4841,1325221417096HURL0,2026-04-25 15:00:00,2026-04-25 23:00:00,60,16.0,0,Continuity (2-mould press)
2026-04-25 00:00:00,C,4841,1325221417096HURL0,2026-04-25 23:00:00,2026-04-26 07:00:00,60,16.0,0,Continuity (2-mould press)
2026-04-26 00:00:00,A,4841,1325221417096HURL0,2026-04-26 07:00:00,2026-04-26 15:00:00,60,16.0,0,Continuity (2-mould press)
2026-04-26 00:00:00,B,4841,1325221417096HURL0,2026-04-26 15:00:00,2026-04-26 23:00:00,60,16.0,0,Continuity (2-mould press)
2026-04-26 00:00:00,C,4841,1325221417096HURL0,2026-04-26 23:00:00,2026-04-27 07:00:00,60,16.0,0,Continuity (2-mould press)
2026-04-27 00:00:00,A,4841,1325221417096HURL0,2026-04-27 07:00:00,2026-04-27 15:00:00,60,16.0,0,Continuity (2-mould press)
2026-04-27 00:00:00,B,4841,1325221417096HURL0,2026-04-27 15:00:00,2026-04-27 23:00:00,60,16.0,0,Continuity (2-mould press)
2026-04-27 00:00:00,C,4841,1325221417096HURL0,2026-04-27 23:00:00,2026-04-28 07:00:00,60,16.0,0,Continuity (2-mould press)
2026-04-28 00:00:00,A,4841,1325221417096HURL0,2026-04-28 07:00:00,2026-04-28 15:00:00,60,16.0,0,Continuity (2-mould press)
2026-04-28 00:00:00,B,4841,1325221417096HURL0,2026-04-28 15:00:00,2026-04-28 23:00:00,60,16.0,0,Continuity (2-mould press)
2026-04-28 00:00:00,C,4841,1325221417096HURL0,2026-04-28 23:00:00,2026-04-29 07:00:00,60,16.0,0,Continuity (2-mould press)
2026-04-29 00:00:00,A,4841,1325221417096HURL0,2026-04-29 07:00:00,2026-04-29 15:00:00,60,16.0,0,Continuity (2-mould press)
2026-04-29 00:00:00,B,4841,1325221417096HURL0,2026-04-29 15:00:00,2026-04-29 19:36:00,34,16.0,0,Continuity (2-mould press)
2026-04-03 00:00:00,A,4842,1325221417096HURL0,2026-04-03 07:00:00,2026-04-03 15:00:00,60,16.0,0,Continuity (2-mould press)
2026-04-03 00:00:00,B,4842,1325221417096HURL0,2026-04-03 15:00:00,2026-04-03 23:00:00,60,16.0,0,Continuity (2-mould press)
2026-04-03 00:00:00,C,4842,1325221417096HURL0,2026-04-03 23:00:00,2026-04-04 07:00:00,60,16.0,0,Continuity (2-mould press)
2026-04-04 00:00:00,A,4842,1325221417096HURL0,2026-04-04 07:00:00,2026-04-04 15:00:00,60,16.0,0,Continuity (2-mould press)
2026-04-04 00:00:00,B,4842,1325221417096HURL0,2026-04-04 15:00:00,2026-04-04 23:00:00,60,16.0,0,Continuity (2-mould press)
2026-04-04 00:00:00,C,4842,1325221417096HURL0,2026-04-04 23:00:00,2026-04-05 07:00:00,60,16.0,0,Continuity (2-mould press)
2026-04-05 00:00:00,A,4842,1325221417096HURL0,2026-04-05 07:00:00,2026-04-05 15:00:00,60,16.0,0,Continuity (2-mould press)
2026-04-05 00:00:00,B,4842,1325221417096HURL0,2026-04-05 15:00:00,2026-04-05 23:00:00,60,16.0,0,Continuity (2-mould press)
2026-04-05 00:00:00,C,4842,1325221417096HURL0,2026-04-05 23:00:00,2026-04-06 07:00:00,60,16.0,0,Continuity (2-mould press)
2026-04-06 00:00:00,A,4842,1325221417096HURL0,2026-04-06 07:00:00,2026-04-06 15:00:00,60,16.0,0,Continuity (2-mould press)
2026-04-06 00:00:00,B,4842,1325221417096HURL0,2026-04-06 15:00:00,2026-04-06 23:00:00,60,16.0,0,Continuity (2-mould press)
2026-04-06 00:00:00,C,4842,1325221417096HURL0,2026-04-06 23:00:00,2026-04-07 07:00:00,60,16.0,0,Continuity (2-mould press)
2026-04-07 00:00:00,A,4842,1325221417096HURL0,2026-04-07 07:00:00,2026-04-07 15:00:00,60,16.0,0,Continuity (2-mould press)
2026-04-07 00:00:00,B,4842,1325221417096HURL0,2026-04-07 15:00:00,2026-04-07 23:00:00,60,16.0,0,Continuity (2-mould press)
2026-04-07 00:00:00,C,4842,1325221417096HURL0,2026-04-07 23:00:00,2026-04-08 07:00:00,60,16.0,0,Continuity (2-mould press)
2026-04-08 00:00:00,A,4842,1325221417096HURL0,2026-04-08 07:00:00,2026-04-08 15:00:00,60,16.0,0,Continuity (2-mould press)
2026-04-08 00:00:00,B,4842,1325221417096HURL0,2026-04-08 15:00:00,2026-04-08 23:00:00,60,16.0,0,Continuity (2-mould press)
2026-04-08 00:00:00,C,4842,1325221417096HURL0,2026-04-08 23:00:00,2026-04-09 07:00:00,60,16.0,0,Continuity (2-mould press)
2026-04-09 00:00:00,A,4842,1325221417096HURL0,2026-04-09 07:00:00,2026-04-09 15:00:00,60,16.0,0,Continuity (2-mould press)
2026-04-09 00:00:00,B,4842,1325221417096HURL0,2026-04-09 15:00:00,2026-04-09 23:00:00,60,16.0,0,Continuity (2-mould press)
2026-04-09 00:00:00,C,4842,1325221417096HURL0,2026-04-09 23:00:00,2026-04-10 07:00:00,60,16.0,0,Continuity (2-mould press)
2026-04-10 00:00:00,A,4842,1325221417096HURL0,2026-04-10 07:00:00,2026-04-10 15:00:00,60,16.0,0,Continuity (2-mould press)
2026-04-10 00:00:00,B,4842,1325221417096HURL0,2026-04-10 15:00:00,2026-04-10 23:00:00,60,16.0,0,Continuity (2-mould press)
2026-04-10 00:00:00,C,4842,1325221417096HURL0,2026-04-10 23:00:00,2026-04-11 07:00:00,60,16.0,0,Continuity (2-mould press)
2026-04-11 00:00:00,A,4842,1325221417096HURL0,2026-04-11 07:00:00,2026-04-11 15:00:00,60,16.0,0,Continuity (2-mould press)
2026-04-11 00:00:00,B,4842,1325221417096HURL0,2026-04-11 15:00:00,2026-04-11 23:00:00,60,16.0,0,Continuity (2-mould press)
2026-04-11 00:00:00,C,4842,1325221417096HURL0,2026-04-11 23:00:00,2026-04-12 07:00:00,60,16.0,0,Continuity (2-mould press)
2026-04-12 00:00:00,A,4842,1325221417096HURL0,2026-04-12 07:00:00,2026-04-12 15:00:00,60,16.0,0,Continuity (2-mould press)
2026-04-12 00:00:00,B,4842,1325221417096HURL0,2026-04-12 15:00:00,2026-04-12 23:00:00,60,16.0,0,Continuity (2-mould press)
2026-04-12 00:00:00,C,4842,1325221417096HURL0,2026-04-12 23:00:00,2026-04-13 07:00:00,60,16.0,0,Continuity (2-mould press)
2026-04-13 00:00:00,A,4842,1325221417096HURL0,2026-04-13 07:00:00,2026-04-13 15:00:00,60,16.0,0,Continuity (2-mould press)
2026-04-13 00:00:00,B,4842,1325221417096HURL0,2026-04-13 15:00:00,2026-04-13 23:00:00,60,16.0,0,Continuity (2-mould press)
2026-04-13 00:00:00,C,4842,1325221417096HURL0,2026-04-13 23:00:00,2026-04-14 07:00:00,60,16.0,0,Continuity (2-mould press)
2026-04-14 00:00:00,A,4842,1325221417096HURL0,2026-04-14 07:00:00,2026-04-14 15:00:00,60,16.0,0,Continuity (2-mould press)
2026-04-14 00:00:00,B,4842,1325221417096HURL0,2026-04-14 15:00:00,2026-04-14 23:00:00,60,16.0,0,Continuity (2-mould press)
2026-04-14 00:00:00,C,4842,1325221417096HURL0,2026-04-14 23:00:00,2026-04-15 07:00:00,60,16.0,0,Continuity (2-mould press)
2026-04-15 00:00:00,A,4842,1325221417096HURL0,2026-04-15 07:00:00,2026-04-15 15:00:00,60,16.0,0,Continuity (2-mould press)
2026-04-15 00:00:00,B,4842,1325221417096HURL0,2026-04-15 15:00:00,2026-04-15 23:00:00,60,16.0,0,Continuity (2-mould press)
2026-04-15 00:00:00,C,4842,1325221417096HURL0,2026-04-15 23:00:00,2026-04-16 07:00:00,60,16.0,0,Continuity (2-mould press)
2026-04-16 00:00:00,A,4842,1325221417096HURL0,2026-04-16 07:00:00,2026-04-16 15:00:00,60,16.0,0,Continuity (2-mould press)
2026-04-16 00:00:00,B,4842,1325221417096HURL0,2026-04-16 15:00:00,2026-04-16 23:00:00,60,16.0,0,Continuity (2-mould press)
2026-04-16 00:00:00,C,4842,1325221417096HURL0,2026-04-16 23:00:00,2026-04-17 07:00:00,60,16.0,0,Continuity (2-mould press)
2026-04-17 00:00:00,A,4842,1325221417096HURL0,2026-04-17 07:00:00,2026-04-17 15:00:00,60,16.0,0,Continuity (2-mould press)
2026-04-17 00:00:00,B,4842,1325221417096HURL0,2026-04-17 15:00:00,2026-04-17 23:00:00,60,16.0,0,Continuity (2-mould press)
2026-04-17 00:00:00,C,4842,1325221417096HURL0,2026-04-17 23:00:00,2026-04-18 07:00:00,60,16.0,0,Continuity (2-mould press)
2026-04-18 00:00:00,A,4842,1325221417096HURL0,2026-04-18 07:00:00,2026-04-18 15:00:00,60,16.0,0,Continuity (2-mould press)
2026-04-18 00:00:00,B,4842,1325221417096HURL0,2026-04-18 15:00:00,2026-04-18 23:00:00,60,16.0,0,Continuity (2-mould press)
2026-04-18 00:00:00,C,4842,1325221417096HURL0,2026-04-18 23:00:00,2026-04-19 07:00:00,60,16.0,0,Continuity (2-mould press)
2026-04-19 00:00:00,A,4842,1325221417096HURL0,2026-04-19 07:00:00,2026-04-19 15:00:00,60,16.0,0,Continuity (2-mould press)
2026-04-19 00:00:00,B,4842,1325221417096HURL0,2026-04-19 15:00:00,2026-04-19 23:00:00,60,16.0,0,Continuity (2-mould press)
2026-04-19 00:00:00,C,4842,1325221417096HURL0,2026-04-19 23:00:00,2026-04-20 07:00:00,60,16.0,0,Continuity (2-mould press)
2026-04-20 00:00:00,A,4842,1325221417096HURL0,2026-04-20 07:00:00,2026-04-20 15:00:00,60,16.0,0,Continuity (2-mould press)
2026-04-20 00:00:00,B,4842,1325221417096HURL0,2026-04-20 15:00:00,2026-04-20 23:00:00,60,16.0,0,Continuity (2-mould press)
2026-04-20 00:00:00,C,4842,1325221417096HURL0,2026-04-20 23:00:00,2026-04-21 07:00:00,60,16.0,0,Continuity (2-mould press)
2026-04-21 00:00:00,A,4842,1325221417096HURL0,2026-04-21 07:00:00,2026-04-21 15:00:00,60,16.0,0,Continuity (2-mould press)
2026-04-21 00:00:00,B,4842,1325221417096HURL0,2026-04-21 15:00:00,2026-04-21 23:00:00,60,16.0,0,Continuity (2-mould press)
2026-04-21 00:00:00,C,4842,1325221417096HURL0,2026-04-21 23:00:00,2026-04-22 07:00:00,60,16.0,0,Continuity (2-mould press)
2026-04-22 00:00:00,A,4842,1325221417096HURL0,2026-04-22 07:00:00,2026-04-22 15:00:00,60,16.0,0,Continuity (2-mould press)
2026-04-22 00:00:00,B,4842,1325221417096HURL0,2026-04-22 15:00:00,2026-04-22 23:00:00,60,16.0,0,Continuity (2-mould press)
2026-04-22 00:00:00,C,4842,1325221417096HURL0,2026-04-22 23:00:00,2026-04-23 07:00:00,60,16.0,0,Continuity (2-mould press)
2026-04-23 00:00:00,A,4842,1325221417096HURL0,2026-04-23 07:00:00,2026-04-23 15:00:00,60,16.0,0,Continuity (2-mould press)
2026-04-23 00:00:00,B,4842,1325221417096HURL0,2026-04-23 15:00:00,2026-04-23 23:00:00,60,16.0,0,Continuity (2-mould press)
2026-04-23 00:00:00,C,4842,1325221417096HURL0,2026-04-23 23:00:00,2026-04-24 07:00:00,60,16.0,0,Continuity (2-mould press)
2026-04-24 00:00:00,A,4842,1325221417096HURL0,2026-04-24 07:00:00,2026-04-24 15:00:00,60,16.0,0,Continuity (2-mould press)
2026-04-24 00:00:00,B,4842,1325221417096HURL0,2026-04-24 15:00:00,2026-04-24 23:00:00,60,16.0,0,Continuity (2-mould press)
2026-04-24 00:00:00,C,4842,1325221417096HURL0,2026-04-24 23:00:00,2026-04-25 07:00:00,60,16.0,0,Continuity (2-mould press)
2026-04-25 00:00:00,A,4842,1325221417096HURL0,2026-04-25 07:00:00,2026-04-25 15:00:00,60,16.0,0,Continuity (2-mould press)
2026-04-25 00:00:00,B,4842,1325221417096HURL0,2026-04-25 15:00:00,2026-04-25 23:00:00,60,16.0,0,Continuity (2-mould press)
2026-04-25 00:00:00,C,4842,1325221417096HURL0,2026-04-25 23:00:00,2026-04-26 07:00:00,60,16.0,0,Continuity (2-mould press)
2026-04-26 00:00:00,A,4842,1325221417096HURL0,2026-04-26 07:00:00,2026-04-26 15:00:00,60,16.0,0,Continuity (2-mould press)
2026-04-26 00:00:00,B,4842,1325221417096HURL0,2026-04-26 15:00:00,2026-04-26 23:00:00,60,16.0,0,Continuity (2-mould press)
2026-04-26 00:00:00,C,4842,1325221417096HURL0,2026-04-26 23:00:00,2026-04-27 07:00:00,60,16.0,0,Continuity (2-mould press)
2026-04-27 00:00:00,A,4842,1325221417096HURL0,2026-04-27 07:00:00,2026-04-27 15:00:00,60,16.0,0,Continuity (2-mould press)
2026-04-27 00:00:00,B,4842,1325221417096HURL0,2026-04-27 15:00:00,2026-04-27 23:00:00,60,16.0,0,Continuity (2-mould press)
2026-04-27 00:00:00,C,4842,1325221417096HURL0,2026-04-27 23:00:00,2026-04-28 07:00:00,60,16.0,0,Continuity (2-mould press)
2026-04-28 00:00:00,A,4842,1325221417096HURL0,2026-04-28 07:00:00,2026-04-28 15:00:00,60,16.0,0,Continuity (2-mould press)
2026-04-28 00:00:00,B,4842,1325221417096HURL0,2026-04-28 15:00:00,2026-04-28 23:00:00,60,16.0,0,Continuity (2-mould press)
2026-04-28 00:00:00,C,4842,1325221417096HURL0,2026-04-28 23:00:00,2026-04-29 07:00:00,60,16.0,0,Continuity (2-mould press)
2026-04-29 00:00:00,A,4842,1325221417096HURL0,2026-04-29 07:00:00,2026-04-29 15:00:00,60,16.0,0,Continuity (2-mould press)
2026-04-29 00:00:00,B,4842,1325221417096HURL0,2026-04-29 15:00:00,2026-04-29 16:36:00,12,16.0,0,Continuity (2-mould press)
2026-04-03 00:00:00,A,4843,1325225518111HRHB0,2026-04-03 07:00:00,2026-04-03 15:00:00,53,18.0,0,Continuity (2-mould press)
2026-04-03 00:00:00,B,4843,1325225518111HRHB0,2026-04-03 15:00:00,2026-04-03 23:00:00,53,18.0,0,Continuity (2-mould press)
2026-04-03 00:00:00,C,4843,1325225518111HRHB0,2026-04-03 23:00:00,2026-04-04 07:00:00,53,18.0,0,Continuity (2-mould press)
2026-04-04 00:00:00,A,4843,1325225518111HRHB0,2026-04-04 07:00:00,2026-04-04 15:00:00,53,18.0,0,Continuity (2-mould press)
2026-04-04 00:00:00,B,4843,1325225518111HRHB0,2026-04-04 15:00:00,2026-04-04 23:00:00,53,18.0,0,Continuity (2-mould press)
2026-04-04 00:00:00,C,4843,1325225518111HRHB0,2026-04-04 23:00:00,2026-04-05 07:00:00,53,18.0,0,Continuity (2-mould press)
2026-04-05 00:00:00,A,4843,1325225518111HRHB0,2026-04-05 07:00:00,2026-04-05 15:00:00,53,18.0,0,Continuity (2-mould press)
2026-04-05 00:00:00,B,4843,1325225518111HRHB0,2026-04-05 15:00:00,2026-04-05 23:00:00,53,18.0,0,Continuity (2-mould press)
2026-04-05 00:00:00,C,4843,1325225518111HRHB0,2026-04-05 23:00:00,2026-04-06 07:00:00,53,18.0,0,Continuity (2-mould press)
2026-04-06 00:00:00,A,4843,1325225518111HRHB0,2026-04-06 07:00:00,2026-04-06 15:00:00,53,18.0,0,Continuity (2-mould press)
2026-04-06 00:00:00,B,4843,1325225518111HRHB0,2026-04-06 15:00:00,2026-04-06 23:00:00,53,18.0,0,Continuity (2-mould press)
2026-04-06 00:00:00,C,4843,1325225518111HRHB0,2026-04-06 23:00:00,2026-04-07 07:00:00,53,18.0,0,Continuity (2-mould press)
2026-04-07 00:00:00,A,4843,1325225518111HRHB0,2026-04-07 07:00:00,2026-04-07 15:00:00,53,18.0,0,Continuity (2-mould press)
2026-04-07 00:00:00,B,4843,1325225518111HRHB0,2026-04-07 15:00:00,2026-04-07 23:00:00,53,18.0,0,Continuity (2-mould press)
2026-04-07 00:00:00,C,4843,1325225518111HRHB0,2026-04-07 23:00:00,2026-04-08 07:00:00,53,18.0,0,Continuity (2-mould press)
2026-04-08 00:00:00,A,4843,1325225518111HRHB0,2026-04-08 07:00:00,2026-04-08 15:00:00,53,18.0,0,Continuity (2-mould press)
2026-04-08 00:00:00,B,4843,1325225518111HRHB0,2026-04-08 15:00:00,2026-04-08 23:00:00,53,18.0,0,Continuity (2-mould press)
2026-04-08 00:00:00,C,4843,1325225518111HRHB0,2026-04-08 23:00:00,2026-04-09 07:00:00,53,18.0,0,Continuity (2-mould press)
2026-04-09 00:00:00,A,4843,1325225518111HRHB0,2026-04-09 07:00:00,2026-04-09 15:00:00,53,18.0,0,Continuity (2-mould press)
2026-04-09 00:00:00,B,4843,1325225518111HRHB0,2026-04-09 15:00:00,2026-04-09 23:00:00,53,18.0,0,Continuity (2-mould press)
2026-04-09 00:00:00,C,4843,1325225518111HRHB0,2026-04-09 23:00:00,2026-04-10 07:00:00,53,18.0,0,Continuity (2-mould press)
2026-04-10 00:00:00,A,4843,1325225518111HRHB0,2026-04-10 07:00:00,2026-04-10 15:00:00,53,18.0,0,Continuity (2-mould press)
2026-04-10 00:00:00,B,4843,1325225518111HRHB0,2026-04-10 15:00:00,2026-04-10 23:00:00,53,18.0,0,Continuity (2-mould press)
2026-04-10 00:00:00,C,4843,1325225518111HRHB0,2026-04-10 23:00:00,2026-04-11 07:00:00,53,18.0,0,Continuity (2-mould press)
2026-04-11 00:00:00,A,4843,1325225518111HRHB0,2026-04-11 07:00:00,2026-04-11 15:00:00,53,18.0,0,Continuity (2-mould press)
2026-04-11 00:00:00,B,4843,1325225518111HRHB0,2026-04-11 15:00:00,2026-04-11 23:00:00,53,18.0,0,Continuity (2-mould press)
2026-04-11 00:00:00,C,4843,1325225518111HRHB0,2026-04-11 23:00:00,2026-04-12 07:00:00,53,18.0,0,Continuity (2-mould press)
2026-04-12 00:00:00,A,4843,1325225518111HRHB0,2026-04-12 07:00:00,2026-04-12 15:00:00,53,18.0,0,Continuity (2-mould press)
2026-04-12 00:00:00,B,4843,1325225518111HRHB0,2026-04-12 15:00:00,2026-04-12 23:00:00,53,18.0,0,Continuity (2-mould press)
2026-04-12 00:00:00,C,4843,1325225518111HRHB0,2026-04-12 23:00:00,2026-04-13 07:00:00,53,18.0,0,Continuity (2-mould press)
2026-04-13 00:00:00,A,4843,1325225518111HRHB0,2026-04-13 07:00:00,2026-04-13 15:00:00,53,18.0,0,Continuity (2-mould press)
2026-04-13 00:00:00,B,4843,1325225518111HRHB0,2026-04-13 15:00:00,2026-04-13 23:00:00,53,18.0,0,Continuity (2-mould press)
2026-04-13 00:00:00,C,4843,1325225518111HRHB0,2026-04-13 23:00:00,2026-04-14 07:00:00,53,18.0,0,Continuity (2-mould press)
2026-04-14 00:00:00,A,4843,1325225518111HRHB0,2026-04-14 07:00:00,2026-04-14 15:00:00,53,18.0,0,Continuity (2-mould press)
2026-04-14 00:00:00,B,4843,1325225518111HRHB0,2026-04-14 15:00:00,2026-04-14 23:00:00,53,18.0,0,Continuity (2-mould press)
2026-04-14 00:00:00,C,4843,1325225518111HRHB0,2026-04-14 23:00:00,2026-04-15 07:00:00,53,18.0,0,Continuity (2-mould press)
2026-04-15 00:00:00,A,4843,1325225518111HRHB0,2026-04-15 07:00:00,2026-04-15 15:00:00,53,18.0,0,Continuity (2-mould press)
2026-04-15 00:00:00,B,4843,1325225518111HRHB0,2026-04-15 15:00:00,2026-04-15 23:00:00,53,18.0,0,Continuity (2-mould press)
2026-04-15 00:00:00,C,4843,1325225518111HRHB0,2026-04-15 23:00:00,2026-04-16 07:00:00,53,18.0,0,Continuity (2-mould press)
2026-04-16 00:00:00,A,4843,1325225518111HRHB0,2026-04-16 07:00:00,2026-04-16 15:00:00,53,18.0,0,Continuity (2-mould press)
2026-04-16 00:00:00,B,4843,1325225518111HRHB0,2026-04-16 15:00:00,2026-04-16 23:00:00,53,18.0,0,Continuity (2-mould press)
2026-04-16 00:00:00,C,4843,1325225518111HRHB0,2026-04-16 23:00:00,2026-04-17 07:00:00,53,18.0,0,Continuity (2-mould press)
2026-04-17 00:00:00,A,4843,1325225518111HRHB0,2026-04-17 07:00:00,2026-04-17 15:00:00,53,18.0,0,Continuity (2-mould press)
2026-04-17 00:00:00,B,4843,1325225518111HRHB0,2026-04-17 15:00:00,2026-04-17 23:00:00,53,18.0,0,Continuity (2-mould press)
2026-04-17 00:00:00,C,4843,1325225518111HRHB0,2026-04-17 23:00:00,2026-04-18 07:00:00,53,18.0,0,Continuity (2-mould press)
2026-04-18 00:00:00,A,4843,1325225518111HRHB0,2026-04-18 07:00:00,2026-04-18 15:00:00,53,18.0,0,Continuity (2-mould press)
2026-04-18 00:00:00,B,4843,1325225518111HRHB0,2026-04-18 15:00:00,2026-04-18 23:00:00,53,18.0,0,Continuity (2-mould press)
2026-04-18 00:00:00,C,4843,1325225518111HRHB0,2026-04-18 23:00:00,2026-04-19 07:00:00,53,18.0,0,Continuity (2-mould press)
2026-04-19 00:00:00,A,4843,1325225518111HRHB0,2026-04-19 07:00:00,2026-04-19 15:00:00,53,18.0,0,Continuity (2-mould press)
2026-04-19 00:00:00,B,4843,1325225518111HRHB0,2026-04-19 15:00:00,2026-04-19 23:00:00,53,18.0,0,Continuity (2-mould press)
2026-04-19 00:00:00,C,4843,1325225518111HRHB0,2026-04-19 23:00:00,2026-04-20 07:00:00,53,18.0,0,Continuity (2-mould press)
2026-04-20 00:00:00,A,4843,1325225518111HRHB0,2026-04-20 07:00:00,2026-04-20 15:00:00,53,18.0,0,Continuity (2-mould press)
2026-04-20 00:00:00,B,4843,1325225518111HRHB0,2026-04-20 15:00:00,2026-04-20 23:00:00,53,18.0,0,Continuity (2-mould press)
2026-04-20 00:00:00,C,4843,1325225518111HRHB0,2026-04-20 23:00:00,2026-04-21 07:00:00,53,18.0,0,Continuity (2-mould press)
2026-04-21 00:00:00,A,4843,1325225518111HRHB0,2026-04-21 07:00:00,2026-04-21 15:00:00,53,18.0,0,Continuity (2-mould press)
2026-04-21 00:00:00,B,4843,1325225518111HRHB0,2026-04-21 15:00:00,2026-04-21 23:00:00,53,18.0,0,Continuity (2-mould press)
2026-04-21 00:00:00,C,4843,1325225518111HRHB0,2026-04-21 23:00:00,2026-04-22 07:00:00,53,18.0,0,Continuity (2-mould press)
2026-04-22 00:00:00,A,4843,1325225518111HRHB0,2026-04-22 07:00:00,2026-04-22 15:00:00,53,18.0,0,Continuity (2-mould press)
2026-04-22 00:00:00,B,4843,1325225518111HRHB0,2026-04-22 15:00:00,2026-04-22 23:00:00,53,18.0,0,Continuity (2-mould press)
2026-04-22 00:00:00,C,4843,1325225518111HRHB0,2026-04-22 23:00:00,2026-04-23 07:00:00,53,18.0,0,Continuity (2-mould press)
2026-04-23 00:00:00,A,4843,1325225518111HRHB0,2026-04-23 07:00:00,2026-04-23 15:00:00,53,18.0,0,Continuity (2-mould press)
2026-04-23 00:00:00,B,4843,1325225518111HRHB0,2026-04-23 15:00:00,2026-04-23 23:00:00,53,18.0,0,Continuity (2-mould press)
2026-04-23 00:00:00,C,4843,1325225518111HRHB0,2026-04-23 23:00:00,2026-04-24 07:00:00,53,18.0,0,Continuity (2-mould press)
2026-04-24 00:00:00,A,4843,1325225518111HRHB0,2026-04-24 07:00:00,2026-04-24 15:00:00,53,18.0,0,Continuity (2-mould press)
2026-04-24 00:00:00,B,4843,1325225518111HRHB0,2026-04-24 15:00:00,2026-04-24 23:00:00,53,18.0,0,Continuity (2-mould press)
2026-04-24 00:00:00,C,4843,1325225518111HRHB0,2026-04-24 23:00:00,2026-04-25 07:00:00,53,18.0,0,Continuity (2-mould press)
2026-04-25 00:00:00,A,4843,1325225518111HRHB0,2026-04-25 07:00:00,2026-04-25 15:00:00,53,18.0,0,Continuity (2-mould press)
2026-04-25 00:00:00,B,4843,1325225518111HRHB0,2026-04-25 15:00:00,2026-04-25 23:00:00,53,18.0,0,Continuity (2-mould press)
2026-04-25 00:00:00,C,4843,1325225518111HRHB0,2026-04-25 23:00:00,2026-04-26 07:00:00,53,18.0,0,Continuity (2-mould press)
2026-04-26 00:00:00,A,4843,1325225518111HRHB0,2026-04-26 07:00:00,2026-04-26 15:00:00,53,18.0,0,Continuity (2-mould press)
2026-04-26 00:00:00,B,4843,1325225518111HRHB0,2026-04-26 15:00:00,2026-04-26 23:00:00,53,18.0,0,Continuity (2-mould press)
2026-04-26 00:00:00,C,4843,1325225518111HRHB0,2026-04-26 23:00:00,2026-04-27 07:00:00,53,18.0,0,Continuity (2-mould press)
2026-04-27 00:00:00,A,4843,1325225518111HRHB0,2026-04-27 07:00:00,2026-04-27 15:00:00,53,18.0,0,Continuity (2-mould press)
2026-04-27 00:00:00,B,4843,1325225518111HRHB0,2026-04-27 15:00:00,2026-04-27 23:00:00,53,18.0,0,Continuity (2-mould press)
2026-04-27 00:00:00,C,4843,1325225518111HRHB0,2026-04-27 23:00:00,2026-04-28 07:00:00,53,18.0,0,Continuity (2-mould press)
2026-04-28 00:00:00,A,4843,1325225518111HRHB0,2026-04-28 07:00:00,2026-04-28 15:00:00,53,18.0,0,Continuity (2-mould press)
2026-04-28 00:00:00,B,4843,1325225518111HRHB0,2026-04-28 15:00:00,2026-04-28 23:00:00,53,18.0,0,Continuity (2-mould press)
2026-04-28 00:00:00,C,4843,1325225518111HRHB0,2026-04-28 23:00:00,2026-04-29 07:00:00,53,18.0,0,Continuity (2-mould press)
2026-04-29 00:00:00,A,4843,1325225518111HRHB0,2026-04-29 07:00:00,2026-04-29 15:00:00,53,18.0,0,Continuity (2-mould press)
2026-04-29 00:00:00,B,4843,1325225518111HRHB0,2026-04-29 15:00:00,2026-04-29 23:00:00,53,18.0,0,Continuity (2-mould press)
2026-04-29 00:00:00,C,4843,1325225518111HRHB0,2026-04-29 23:00:00,2026-04-30 07:00:00,53,18.0,0,Continuity (2-mould press)
2026-04-30 00:00:00,A,4843,1325225518111HRHB0,2026-04-30 07:00:00,2026-04-30 15:00:00,53,18.0,0,Continuity (2-mould press)
2026-04-30 00:00:00,B,4843,1325225518111HRHB0,2026-04-30 15:00:00,2026-04-30 23:00:00,53,18.0,0,Continuity (2-mould press)
2026-04-30 00:00:00,C,4843,1325225518111HRHB0,2026-04-30 23:00:00,2026-05-01 07:00:00,53,18.0,0,Continuity (2-mould press)
2026-05-01 00:00:00,A,4843,1325225518111HRHB0,2026-05-01 07:00:00,2026-05-01 15:00:00,53,18.0,0,Continuity (2-mould press)
2026-05-01 00:00:00,B,4843,1325225518111HRHB0,2026-05-01 15:00:00,2026-05-01 23:00:00,53,18.0,0,Continuity (2-mould press)
2026-05-01 00:00:00,C,4843,1325225518111HRHB0,2026-05-01 23:00:00,2026-05-02 07:00:00,53,18.0,0,Continuity (2-mould press)
2026-05-02 00:00:00,A,4843,1325225518111HRHB0,2026-05-02 07:00:00,2026-05-02 15:00:00,53,18.0,0,Continuity (2-mould press)
2026-05-02 00:00:00,B,4843,1325225518111HRHB0,2026-05-02 15:00:00,2026-05-02 23:00:00,53,18.0,0,Continuity (2-mould press)
2026-05-02 00:00:00,C,4843,1325225518111HRHB0,2026-05-02 23:00:00,2026-05-03 07:00:00,53,18.0,0,Continuity (2-mould press)
2026-04-03 00:00:00,A,4844,1D25215013008SXC10,2026-04-03 07:00:00,2026-04-03 15:00:00,51,19.0,0,Continuity (2-mould press)
2026-04-03 00:00:00,B,4844,1D25215013008SXC10,2026-04-03 15:00:00,2026-04-03 23:00:00,51,19.0,0,Continuity (2-mould press)
2026-04-03 00:00:00,C,4844,1D25215013008SXC10,2026-04-03 23:00:00,2026-04-04 07:00:00,51,19.0,0,Continuity (2-mould press)
2026-04-04 00:00:00,A,4844,1D25215013008SXC10,2026-04-04 07:00:00,2026-04-04 15:00:00,51,19.0,0,Continuity (2-mould press)
2026-04-04 00:00:00,B,4844,1D25215013008SXC10,2026-04-04 15:00:00,2026-04-04 23:00:00,51,19.0,0,Continuity (2-mould press)
2026-04-04 00:00:00,C,4844,1D25215013008SXC10,2026-04-04 23:00:00,2026-04-05 07:00:00,51,19.0,0,Continuity (2-mould press)
2026-04-05 00:00:00,A,4844,1D25215013008SXC10,2026-04-05 07:00:00,2026-04-05 15:00:00,51,19.0,0,Continuity (2-mould press)
2026-04-05 00:00:00,B,4844,1D25215013008SXC10,2026-04-05 15:00:00,2026-04-05 23:00:00,51,19.0,0,Continuity (2-mould press)
2026-04-05 00:00:00,C,4844,1D25215013008SXC10,2026-04-05 23:00:00,2026-04-06 07:00:00,51,19.0,0,Continuity (2-mould press)
2026-04-06 00:00:00,A,4844,1D25215013008SXC10,2026-04-06 07:00:00,2026-04-06 15:00:00,51,19.0,0,Continuity (2-mould press)
2026-04-06 00:00:00,B,4844,1D25215013008SXC10,2026-04-06 15:00:00,2026-04-06 23:00:00,51,19.0,0,Continuity (2-mould press)
2026-04-06 00:00:00,C,4844,1D25215013008SXC10,2026-04-06 23:00:00,2026-04-07 07:00:00,51,19.0,0,Continuity (2-mould press)
2026-04-07 00:00:00,A,4844,1D25215013008SXC10,2026-04-07 07:00:00,2026-04-07 15:00:00,51,19.0,0,Continuity (2-mould press)
2026-04-07 00:00:00,B,4844,1D25215013008SXC10,2026-04-07 15:00:00,2026-04-07 23:00:00,51,19.0,0,Continuity (2-mould press)
2026-04-07 00:00:00,C,4844,1D25215013008SXC10,2026-04-07 23:00:00,2026-04-08 07:00:00,51,19.0,0,Continuity (2-mould press)
2026-04-08 00:00:00,A,4844,1D25215013008SXC10,2026-04-08 07:00:00,2026-04-08 15:00:00,51,19.0,0,Continuity (2-mould press)
2026-04-08 00:00:00,B,4844,1D25215013008SXC10,2026-04-08 15:00:00,2026-04-08 23:00:00,51,19.0,0,Continuity (2-mould press)
2026-04-08 00:00:00,C,4844,1D25215013008SXC10,2026-04-08 23:00:00,2026-04-09 07:00:00,51,19.0,0,Continuity (2-mould press)
2026-04-09 00:00:00,A,4844,1D25215013008SXC10,2026-04-09 07:00:00,2026-04-09 15:00:00,51,19.0,0,Continuity (2-mould press)
2026-04-09 00:00:00,B,4844,1D25215013008SXC10,2026-04-09 15:00:00,2026-04-09 23:00:00,51,19.0,0,Continuity (2-mould press)
2026-04-09 00:00:00,C,4844,1D25215013008SXC10,2026-04-09 23:00:00,2026-04-10 07:00:00,51,19.0,0,Continuity (2-mould press)
2026-04-10 00:00:00,A,4844,1D25215013008SXC10,2026-04-10 07:00:00,2026-04-10 15:00:00,51,19.0,0,Continuity (2-mould press)
2026-04-10 00:00:00,B,4844,1D25215013008SXC10,2026-04-10 15:00:00,2026-04-10 23:00:00,51,19.0,0,Continuity (2-mould press)
2026-04-10 00:00:00,C,4844,1D25215013008SXC10,2026-04-10 23:00:00,2026-04-11 07:00:00,51,19.0,0,Continuity (2-mould press)
2026-04-11 00:00:00,A,4844,1D25215013008SXC10,2026-04-11 07:00:00,2026-04-11 15:00:00,51,19.0,0,Continuity (2-mould press)
2026-04-11 00:00:00,B,4844,1D25215013008SXC10,2026-04-11 15:00:00,2026-04-11 23:00:00,51,19.0,0,Continuity (2-mould press)
2026-04-11 00:00:00,C,4844,1D25215013008SXC10,2026-04-11 23:00:00,2026-04-12 07:00:00,51,19.0,0,Continuity (2-mould press)
2026-04-12 00:00:00,A,4844,1D25215013008SXC10,2026-04-12 07:00:00,2026-04-12 15:00:00,51,19.0,0,Continuity (2-mould press)
2026-04-12 00:00:00,B,4844,1D25215013008SXC10,2026-04-12 15:00:00,2026-04-12 23:00:00,51,19.0,0,Continuity (2-mould press)
2026-04-12 00:00:00,C,4844,1D25215013008SXC10,2026-04-12 23:00:00,2026-04-13 07:00:00,51,19.0,0,Continuity (2-mould press)
2026-04-13 00:00:00,A,4844,1D25215013008SXC10,2026-04-13 07:00:00,2026-04-13 15:00:00,51,19.0,0,Continuity (2-mould press)
2026-04-13 00:00:00,B,4844,1D25215013008SXC10,2026-04-13 15:00:00,2026-04-13 23:00:00,51,19.0,0,Continuity (2-mould press)
2026-04-13 00:00:00,C,4844,1D25215013008SXC10,2026-04-13 23:00:00,2026-04-14 07:00:00,51,19.0,0,Continuity (2-mould press)
2026-04-14 00:00:00,A,4844,1D25215013008SXC10,2026-04-14 07:00:00,2026-04-14 15:00:00,51,19.0,0,Continuity (2-mould press)
2026-04-14 00:00:00,B,4844,1D25215013008SXC10,2026-04-14 15:00:00,2026-04-14 23:00:00,51,19.0,0,Continuity (2-mould press)
2026-04-14 00:00:00,C,4844,1D25215013008SXC10,2026-04-14 23:00:00,2026-04-15 07:00:00,51,19.0,0,Continuity (2-mould press)
2026-04-15 00:00:00,A,4844,1D25215013008SXC10,2026-04-15 07:00:00,2026-04-15 15:00:00,51,19.0,0,Continuity (2-mould press)
2026-04-15 00:00:00,B,4844,1D25215013008SXC10,2026-04-15 15:00:00,2026-04-15 23:00:00,51,19.0,0,Continuity (2-mould press)
2026-04-15 00:00:00,C,4844,1D25215013008SXC10,2026-04-15 23:00:00,2026-04-16 07:00:00,51,19.0,0,Continuity (2-mould press)
2026-04-16 00:00:00,A,4844,1D25215013008SXC10,2026-04-16 07:00:00,2026-04-16 15:00:00,51,19.0,0,Continuity (2-mould press)
2026-04-16 00:00:00,B,4844,1D25215013008SXC10,2026-04-16 15:00:00,2026-04-16 23:00:00,51,19.0,0,Continuity (2-mould press)
2026-04-16 00:00:00,C,4844,1D25215013008SXC10,2026-04-16 23:00:00,2026-04-17 07:00:00,51,19.0,0,Continuity (2-mould press)
2026-04-17 00:00:00,A,4844,1D25215013008SXC10,2026-04-17 07:00:00,2026-04-17 15:00:00,51,19.0,0,Continuity (2-mould press)
2026-04-17 00:00:00,B,4844,1D25215013008SXC10,2026-04-17 15:00:00,2026-04-17 23:00:00,51,19.0,0,Continuity (2-mould press)
2026-04-17 00:00:00,C,4844,1D25215013008SXC10,2026-04-17 23:00:00,2026-04-18 07:00:00,51,19.0,0,Continuity (2-mould press)
2026-04-18 00:00:00,A,4844,1D25215013008SXC10,2026-04-18 07:00:00,2026-04-18 15:00:00,51,19.0,0,Continuity (2-mould press)
2026-04-18 00:00:00,B,4844,1D25215013008SXC10,2026-04-18 15:00:00,2026-04-18 23:00:00,51,19.0,0,Continuity (2-mould press)
2026-04-18 00:00:00,C,4844,1D25215013008SXC10,2026-04-18 23:00:00,2026-04-19 07:00:00,51,19.0,0,Continuity (2-mould press)
2026-04-19 00:00:00,A,4844,1D25215013008SXC10,2026-04-19 07:00:00,2026-04-19 15:00:00,51,19.0,0,Continuity (2-mould press)
2026-04-19 00:00:00,B,4844,1D25215013008SXC10,2026-04-19 15:00:00,2026-04-19 23:00:00,51,19.0,0,Continuity (2-mould press)
2026-04-19 00:00:00,C,4844,1D25215013008SXC10,2026-04-19 23:00:00,2026-04-20 07:00:00,51,19.0,0,Continuity (2-mould press)
2026-04-20 00:00:00,A,4844,1D25215013008SXC10,2026-04-20 07:00:00,2026-04-20 15:00:00,51,19.0,0,Continuity (2-mould press)
2026-04-20 00:00:00,B,4844,1D25215013008SXC10,2026-04-20 15:00:00,2026-04-20 23:00:00,51,19.0,0,Continuity (2-mould press)
2026-04-20 00:00:00,C,4844,1D25215013008SXC10,2026-04-20 23:00:00,2026-04-21 07:00:00,51,19.0,0,Continuity (2-mould press)
2026-04-21 00:00:00,A,4844,1D25215013008SXC10,2026-04-21 07:00:00,2026-04-21 15:00:00,51,19.0,0,Continuity (2-mould press)
2026-04-21 00:00:00,B,4844,1D25215013008SXC10,2026-04-21 15:00:00,2026-04-21 23:00:00,51,19.0,0,Continuity (2-mould press)
2026-04-21 00:00:00,C,4844,1D25215013008SXC10,2026-04-21 23:00:00,2026-04-22 07:00:00,51,19.0,0,Continuity (2-mould press)
2026-04-22 00:00:00,A,4844,1D25215013008SXC10,2026-04-22 07:00:00,2026-04-22 15:00:00,51,19.0,0,Continuity (2-mould press)
2026-04-22 00:00:00,B,4844,1D25215013008SXC10,2026-04-22 15:00:00,2026-04-22 23:00:00,51,19.0,0,Continuity (2-mould press)
2026-04-22 00:00:00,C,4844,1D25215013008SXC10,2026-04-22 23:00:00,2026-04-23 07:00:00,51,19.0,0,Continuity (2-mould press)
2026-04-23 00:00:00,A,4844,1D25215013008SXC10,2026-04-23 07:00:00,2026-04-23 15:00:00,51,19.0,0,Continuity (2-mould press)
2026-04-23 00:00:00,B,4844,1D25215013008SXC10,2026-04-23 15:00:00,2026-04-23 23:00:00,51,19.0,0,Continuity (2-mould press)
2026-04-23 00:00:00,C,4844,1D25215013008SXC10,2026-04-23 23:00:00,2026-04-24 07:00:00,51,19.0,0,Continuity (2-mould press)
2026-04-24 00:00:00,A,4844,1D25215013008SXC10,2026-04-24 07:00:00,2026-04-24 15:00:00,51,19.0,0,Continuity (2-mould press)
2026-04-24 00:00:00,B,4844,1D25215013008SXC10,2026-04-24 15:00:00,2026-04-24 23:00:00,51,19.0,0,Continuity (2-mould press)
2026-04-24 00:00:00,C,4844,1D25215013008SXC10,2026-04-24 23:00:00,2026-04-25 07:00:00,51,19.0,0,Continuity (2-mould press)
2026-04-25 00:00:00,A,4844,1D25215013008SXC10,2026-04-25 07:00:00,2026-04-25 15:00:00,51,19.0,0,Continuity (2-mould press)
2026-04-25 00:00:00,B,4844,1D25215013008SXC10,2026-04-25 15:00:00,2026-04-25 23:00:00,51,19.0,0,Continuity (2-mould press)
2026-04-25 00:00:00,C,4844,1D25215013008SXC10,2026-04-25 23:00:00,2026-04-26 07:00:00,51,19.0,0,Continuity (2-mould press)
2026-04-26 00:00:00,A,4844,1D25215013008SXC10,2026-04-26 07:00:00,2026-04-26 15:00:00,51,19.0,0,Continuity (2-mould press)
2026-04-26 00:00:00,B,4844,1D25215013008SXC10,2026-04-26 15:00:00,2026-04-26 23:00:00,51,19.0,0,Continuity (2-mould press)
2026-04-26 00:00:00,C,4844,1D25215013008SXC10,2026-04-26 23:00:00,2026-04-27 07:00:00,51,19.0,0,Continuity (2-mould press)
2026-04-27 00:00:00,A,4844,1D25215013008SXC10,2026-04-27 07:00:00,2026-04-27 15:00:00,51,19.0,0,Continuity (2-mould press)
2026-04-27 00:00:00,B,4844,1D25215013008SXC10,2026-04-27 15:00:00,2026-04-27 23:00:00,51,19.0,0,Continuity (2-mould press)
2026-04-27 00:00:00,C,4844,1D25215013008SXC10,2026-04-27 23:00:00,2026-04-28 07:00:00,51,19.0,0,Continuity (2-mould press)
2026-04-28 00:00:00,A,4844,1D25215013008SXC10,2026-04-28 07:00:00,2026-04-28 15:00:00,51,19.0,0,Continuity (2-mould press)
2026-04-28 00:00:00,B,4844,1D25215013008SXC10,2026-04-28 15:00:00,2026-04-28 23:00:00,51,19.0,0,Continuity (2-mould press)
2026-04-28 00:00:00,C,4844,1D25215013008SXC10,2026-04-28 23:00:00,2026-04-29 07:00:00,51,19.0,0,Continuity (2-mould press)
2026-04-29 00:00:00,A,4844,1D25215013008SXC10,2026-04-29 07:00:00,2026-04-29 15:00:00,51,19.0,0,Continuity (2-mould press)
2026-04-29 00:00:00,B,4844,1D25215013008SXC10,2026-04-29 15:00:00,2026-04-29 23:00:00,51,19.0,0,Continuity (2-mould press)
2026-04-29 00:00:00,C,4844,1D25215013008SXC10,2026-04-29 23:00:00,2026-04-30 05:38:00,42,19.0,0,Continuity (2-mould press)
2026-04-03 00:00:00,A,4845,1D25215013008SXC10,2026-04-03 07:00:00,2026-04-03 15:00:00,51,19.0,0,Continuity (2-mould press)
2026-04-03 00:00:00,B,4845,1D25215013008SXC10,2026-04-03 15:00:00,2026-04-03 23:00:00,51,19.0,0,Continuity (2-mould press)
2026-04-03 00:00:00,C,4845,1D25215013008SXC10,2026-04-03 23:00:00,2026-04-04 07:00:00,51,19.0,0,Continuity (2-mould press)
2026-04-04 00:00:00,A,4845,1D25215013008SXC10,2026-04-04 07:00:00,2026-04-04 15:00:00,51,19.0,0,Continuity (2-mould press)
2026-04-04 00:00:00,B,4845,1D25215013008SXC10,2026-04-04 15:00:00,2026-04-04 23:00:00,51,19.0,0,Continuity (2-mould press)
2026-04-04 00:00:00,C,4845,1D25215013008SXC10,2026-04-04 23:00:00,2026-04-05 07:00:00,51,19.0,0,Continuity (2-mould press)
2026-04-05 00:00:00,A,4845,1D25215013008SXC10,2026-04-05 07:00:00,2026-04-05 15:00:00,51,19.0,0,Continuity (2-mould press)
2026-04-05 00:00:00,B,4845,1D25215013008SXC10,2026-04-05 15:00:00,2026-04-05 23:00:00,51,19.0,0,Continuity (2-mould press)
2026-04-05 00:00:00,C,4845,1D25215013008SXC10,2026-04-05 23:00:00,2026-04-06 07:00:00,51,19.0,0,Continuity (2-mould press)
2026-04-06 00:00:00,A,4845,1D25215013008SXC10,2026-04-06 07:00:00,2026-04-06 15:00:00,51,19.0,0,Continuity (2-mould press)
2026-04-06 00:00:00,B,4845,1D25215013008SXC10,2026-04-06 15:00:00,2026-04-06 23:00:00,51,19.0,0,Continuity (2-mould press)
2026-04-06 00:00:00,C,4845,1D25215013008SXC10,2026-04-06 23:00:00,2026-04-07 07:00:00,51,19.0,0,Continuity (2-mould press)
2026-04-07 00:00:00,A,4845,1D25215013008SXC10,2026-04-07 07:00:00,2026-04-07 15:00:00,51,19.0,0,Continuity (2-mould press)
2026-04-07 00:00:00,B,4845,1D25215013008SXC10,2026-04-07 15:00:00,2026-04-07 23:00:00,51,19.0,0,Continuity (2-mould press)
2026-04-07 00:00:00,C,4845,1D25215013008SXC10,2026-04-07 23:00:00,2026-04-08 07:00:00,51,19.0,0,Continuity (2-mould press)
2026-04-08 00:00:00,A,4845,1D25215013008SXC10,2026-04-08 07:00:00,2026-04-08 15:00:00,51,19.0,0,Continuity (2-mould press)
2026-04-08 00:00:00,B,4845,1D25215013008SXC10,2026-04-08 15:00:00,2026-04-08 23:00:00,51,19.0,0,Continuity (2-mould press)
2026-04-08 00:00:00,C,4845,1D25215013008SXC10,2026-04-08 23:00:00,2026-04-09 07:00:00,51,19.0,0,Continuity (2-mould press)
2026-04-09 00:00:00,A,4845,1D25215013008SXC10,2026-04-09 07:00:00,2026-04-09 15:00:00,51,19.0,0,Continuity (2-mould press)
2026-04-09 00:00:00,B,4845,1D25215013008SXC10,2026-04-09 15:00:00,2026-04-09 23:00:00,51,19.0,0,Continuity (2-mould press)
2026-04-09 00:00:00,C,4845,1D25215013008SXC10,2026-04-09 23:00:00,2026-04-10 07:00:00,51,19.0,0,Continuity (2-mould press)
2026-04-10 00:00:00,A,4845,1D25215013008SXC10,2026-04-10 07:00:00,2026-04-10 15:00:00,51,19.0,0,Continuity (2-mould press)
2026-04-10 00:00:00,B,4845,1D25215013008SXC10,2026-04-10 15:00:00,2026-04-10 23:00:00,51,19.0,0,Continuity (2-mould press)
2026-04-10 00:00:00,C,4845,1D25215013008SXC10,2026-04-10 23:00:00,2026-04-11 07:00:00,51,19.0,0,Continuity (2-mould press)
2026-04-11 00:00:00,A,4845,1D25215013008SXC10,2026-04-11 07:00:00,2026-04-11 15:00:00,51,19.0,0,Continuity (2-mould press)
2026-04-11 00:00:00,B,4845,1D25215013008SXC10,2026-04-11 15:00:00,2026-04-11 23:00:00,51,19.0,0,Continuity (2-mould press)
2026-04-11 00:00:00,C,4845,1D25215013008SXC10,2026-04-11 23:00:00,2026-04-12 07:00:00,51,19.0,0,Continuity (2-mould press)
2026-04-12 00:00:00,A,4845,1D25215013008SXC10,2026-04-12 07:00:00,2026-04-12 15:00:00,51,19.0,0,Continuity (2-mould press)
2026-04-12 00:00:00,B,4845,1D25215013008SXC10,2026-04-12 15:00:00,2026-04-12 23:00:00,51,19.0,0,Continuity (2-mould press)
2026-04-12 00:00:00,C,4845,1D25215013008SXC10,2026-04-12 23:00:00,2026-04-13 07:00:00,51,19.0,0,Continuity (2-mould press)
2026-04-13 00:00:00,A,4845,1D25215013008SXC10,2026-04-13 07:00:00,2026-04-13 15:00:00,51,19.0,0,Continuity (2-mould press)
2026-04-13 00:00:00,B,4845,1D25215013008SXC10,2026-04-13 15:00:00,2026-04-13 23:00:00,51,19.0,0,Continuity (2-mould press)
2026-04-13 00:00:00,C,4845,1D25215013008SXC10,2026-04-13 23:00:00,2026-04-14 07:00:00,51,19.0,0,Continuity (2-mould press)
2026-04-14 00:00:00,A,4845,1D25215013008SXC10,2026-04-14 07:00:00,2026-04-14 15:00:00,51,19.0,0,Continuity (2-mould press)
2026-04-14 00:00:00,B,4845,1D25215013008SXC10,2026-04-14 15:00:00,2026-04-14 23:00:00,51,19.0,0,Continuity (2-mould press)
2026-04-14 00:00:00,C,4845,1D25215013008SXC10,2026-04-14 23:00:00,2026-04-15 07:00:00,51,19.0,0,Continuity (2-mould press)
2026-04-15 00:00:00,A,4845,1D25215013008SXC10,2026-04-15 07:00:00,2026-04-15 15:00:00,51,19.0,0,Continuity (2-mould press)
2026-04-15 00:00:00,B,4845,1D25215013008SXC10,2026-04-15 15:00:00,2026-04-15 23:00:00,51,19.0,0,Continuity (2-mould press)
2026-04-15 00:00:00,C,4845,1D25215013008SXC10,2026-04-15 23:00:00,2026-04-16 07:00:00,51,19.0,0,Continuity (2-mould press)
2026-04-16 00:00:00,A,4845,1D25215013008SXC10,2026-04-16 07:00:00,2026-04-16 15:00:00,51,19.0,0,Continuity (2-mould press)
2026-04-16 00:00:00,B,4845,1D25215013008SXC10,2026-04-16 15:00:00,2026-04-16 23:00:00,51,19.0,0,Continuity (2-mould press)
2026-04-16 00:00:00,C,4845,1D25215013008SXC10,2026-04-16 23:00:00,2026-04-17 07:00:00,51,19.0,0,Continuity (2-mould press)
2026-04-17 00:00:00,A,4845,1D25215013008SXC10,2026-04-17 07:00:00,2026-04-17 15:00:00,51,19.0,0,Continuity (2-mould press)
2026-04-17 00:00:00,B,4845,1D25215013008SXC10,2026-04-17 15:00:00,2026-04-17 23:00:00,51,19.0,0,Continuity (2-mould press)
2026-04-17 00:00:00,C,4845,1D25215013008SXC10,2026-04-17 23:00:00,2026-04-18 07:00:00,51,19.0,0,Continuity (2-mould press)
2026-04-18 00:00:00,A,4845,1D25215013008SXC10,2026-04-18 07:00:00,2026-04-18 15:00:00,51,19.0,0,Continuity (2-mould press)
2026-04-18 00:00:00,B,4845,1D25215013008SXC10,2026-04-18 15:00:00,2026-04-18 23:00:00,51,19.0,0,Continuity (2-mould press)
2026-04-18 00:00:00,C,4845,1D25215013008SXC10,2026-04-18 23:00:00,2026-04-19 07:00:00,51,19.0,0,Continuity (2-mould press)
2026-04-19 00:00:00,A,4845,1D25215013008SXC10,2026-04-19 07:00:00,2026-04-19 15:00:00,51,19.0,0,Continuity (2-mould press)
2026-04-19 00:00:00,B,4845,1D25215013008SXC10,2026-04-19 15:00:00,2026-04-19 23:00:00,51,19.0,0,Continuity (2-mould press)
2026-04-19 00:00:00,C,4845,1D25215013008SXC10,2026-04-19 23:00:00,2026-04-20 07:00:00,51,19.0,0,Continuity (2-mould press)
2026-04-20 00:00:00,A,4845,1D25215013008SXC10,2026-04-20 07:00:00,2026-04-20 15:00:00,51,19.0,0,Continuity (2-mould press)
2026-04-20 00:00:00,B,4845,1D25215013008SXC10,2026-04-20 15:00:00,2026-04-20 23:00:00,51,19.0,0,Continuity (2-mould press)
2026-04-20 00:00:00,C,4845,1D25215013008SXC10,2026-04-20 23:00:00,2026-04-21 07:00:00,51,19.0,0,Continuity (2-mould press)
2026-04-21 00:00:00,A,4845,1D25215013008SXC10,2026-04-21 07:00:00,2026-04-21 15:00:00,51,19.0,0,Continuity (2-mould press)
2026-04-21 00:00:00,B,4845,1D25215013008SXC10,2026-04-21 15:00:00,2026-04-21 23:00:00,51,19.0,0,Continuity (2-mould press)
2026-04-21 00:00:00,C,4845,1D25215013008SXC10,2026-04-21 23:00:00,2026-04-22 07:00:00,51,19.0,0,Continuity (2-mould press)
2026-04-22 00:00:00,A,4845,1D25215013008SXC10,2026-04-22 07:00:00,2026-04-22 15:00:00,51,19.0,0,Continuity (2-mould press)
2026-04-22 00:00:00,B,4845,1D25215013008SXC10,2026-04-22 15:00:00,2026-04-22 23:00:00,51,19.0,0,Continuity (2-mould press)
2026-04-22 00:00:00,C,4845,1D25215013008SXC10,2026-04-22 23:00:00,2026-04-23 07:00:00,51,19.0,0,Continuity (2-mould press)
2026-04-23 00:00:00,A,4845,1D25215013008SXC10,2026-04-23 07:00:00,2026-04-23 15:00:00,51,19.0,0,Continuity (2-mould press)
2026-04-23 00:00:00,B,4845,1D25215013008SXC10,2026-04-23 15:00:00,2026-04-23 23:00:00,51,19.0,0,Continuity (2-mould press)
2026-04-23 00:00:00,C,4845,1D25215013008SXC10,2026-04-23 23:00:00,2026-04-24 07:00:00,51,19.0,0,Continuity (2-mould press)
2026-04-24 00:00:00,A,4845,1D25215013008SXC10,2026-04-24 07:00:00,2026-04-24 15:00:00,51,19.0,0,Continuity (2-mould press)
2026-04-24 00:00:00,B,4845,1D25215013008SXC10,2026-04-24 15:00:00,2026-04-24 23:00:00,51,19.0,0,Continuity (2-mould press)
2026-04-24 00:00:00,C,4845,1D25215013008SXC10,2026-04-24 23:00:00,2026-04-25 07:00:00,51,19.0,0,Continuity (2-mould press)
2026-04-25 00:00:00,A,4845,1D25215013008SXC10,2026-04-25 07:00:00,2026-04-25 15:00:00,51,19.0,0,Continuity (2-mould press)
2026-04-25 00:00:00,B,4845,1D25215013008SXC10,2026-04-25 15:00:00,2026-04-25 23:00:00,51,19.0,0,Continuity (2-mould press)
2026-04-25 00:00:00,C,4845,1D25215013008SXC10,2026-04-25 23:00:00,2026-04-26 07:00:00,51,19.0,0,Continuity (2-mould press)
2026-04-26 00:00:00,A,4845,1D25215013008SXC10,2026-04-26 07:00:00,2026-04-26 15:00:00,51,19.0,0,Continuity (2-mould press)
2026-04-26 00:00:00,B,4845,1D25215013008SXC10,2026-04-26 15:00:00,2026-04-26 23:00:00,51,19.0,0,Continuity (2-mould press)
2026-04-26 00:00:00,C,4845,1D25215013008SXC10,2026-04-26 23:00:00,2026-04-27 07:00:00,51,19.0,0,Continuity (2-mould press)
2026-04-27 00:00:00,A,4845,1D25215013008SXC10,2026-04-27 07:00:00,2026-04-27 15:00:00,51,19.0,0,Continuity (2-mould press)
2026-04-27 00:00:00,B,4845,1D25215013008SXC10,2026-04-27 15:00:00,2026-04-27 23:00:00,51,19.0,0,Continuity (2-mould press)
2026-04-27 00:00:00,C,4845,1D25215013008SXC10,2026-04-27 23:00:00,2026-04-28 07:00:00,51,19.0,0,Continuity (2-mould press)
2026-04-28 00:00:00,A,4845,1D25215013008SXC10,2026-04-28 07:00:00,2026-04-28 15:00:00,51,19.0,0,Continuity (2-mould press)
2026-04-28 00:00:00,B,4845,1D25215013008SXC10,2026-04-28 15:00:00,2026-04-28 23:00:00,51,19.0,0,Continuity (2-mould press)
2026-04-28 00:00:00,C,4845,1D25215013008SXC10,2026-04-28 23:00:00,2026-04-29 07:00:00,51,19.0,0,Continuity (2-mould press)
2026-04-29 00:00:00,A,4845,1D25215013008SXC10,2026-04-29 07:00:00,2026-04-29 15:00:00,51,19.0,0,Continuity (2-mould press)
2026-04-29 00:00:00,B,4845,1D25215013008SXC10,2026-04-29 15:00:00,2026-04-29 23:00:00,51,19.0,0,Continuity (2-mould press)
2026-04-29 00:00:00,C,4845,1D25215013008SXC10,2026-04-29 23:00:00,2026-04-30 05:38:00,42,19.0,0,Continuity (2-mould press)
2026-04-03 00:00:00,A,4846,1D25218014010RXPCT,2026-04-03 07:00:00,2026-04-03 15:00:00,42,23.0,0,Continuity (2-mould press)
2026-04-03 00:00:00,B,4846,1D25218014010RXPCT,2026-04-03 15:00:00,2026-04-03 23:00:00,42,23.0,0,Continuity (2-mould press)
2026-04-03 00:00:00,C,4846,1D25218014010RXPCT,2026-04-03 23:00:00,2026-04-04 07:00:00,42,23.0,0,Continuity (2-mould press)
2026-04-04 00:00:00,A,4846,1D25218014010RXPCT,2026-04-04 07:00:00,2026-04-04 15:00:00,42,23.0,0,Continuity (2-mould press)
2026-04-04 00:00:00,B,4846,1D25218014010RXPCT,2026-04-04 15:00:00,2026-04-04 23:00:00,42,23.0,0,Continuity (2-mould press)
2026-04-04 00:00:00,C,4846,1D25218014010RXPCT,2026-04-04 23:00:00,2026-04-05 07:00:00,42,23.0,0,Continuity (2-mould press)
2026-04-05 00:00:00,A,4846,1D25218014010RXPCT,2026-04-05 07:00:00,2026-04-05 15:00:00,42,23.0,0,Continuity (2-mould press)
2026-04-05 00:00:00,B,4846,1D25218014010RXPCT,2026-04-05 15:00:00,2026-04-05 23:00:00,42,23.0,0,Continuity (2-mould press)
2026-04-05 00:00:00,C,4846,1D25218014010RXPCT,2026-04-05 23:00:00,2026-04-06 07:00:00,42,23.0,0,Continuity (2-mould press)
2026-04-06 00:00:00,A,4846,1D25218014010RXPCT,2026-04-06 07:00:00,2026-04-06 15:00:00,42,23.0,0,Continuity (2-mould press)
2026-04-06 00:00:00,B,4846,1D25218014010RXPCT,2026-04-06 15:00:00,2026-04-06 23:00:00,42,23.0,0,Continuity (2-mould press)
2026-04-06 00:00:00,C,4846,1D25218014010RXPCT,2026-04-06 23:00:00,2026-04-07 07:00:00,42,23.0,0,Continuity (2-mould press)
2026-04-07 00:00:00,A,4846,1D25218014010RXPCT,2026-04-07 07:00:00,2026-04-07 15:00:00,42,23.0,0,Continuity (2-mould press)
2026-04-07 00:00:00,B,4846,1D25218014010RXPCT,2026-04-07 15:00:00,2026-04-07 23:00:00,42,23.0,0,Continuity (2-mould press)
2026-04-07 00:00:00,C,4846,1D25218014010RXPCT,2026-04-07 23:00:00,2026-04-08 07:00:00,42,23.0,0,Continuity (2-mould press)
2026-04-08 00:00:00,A,4846,1D25218014010RXPCT,2026-04-08 07:00:00,2026-04-08 15:00:00,42,23.0,0,Continuity (2-mould press)
2026-04-08 00:00:00,B,4846,1D25218014010RXPCT,2026-04-08 15:00:00,2026-04-08 23:00:00,42,23.0,0,Continuity (2-mould press)
2026-04-08 00:00:00,C,4846,1D25218014010RXPCT,2026-04-08 23:00:00,2026-04-09 07:00:00,42,23.0,0,Continuity (2-mould press)
2026-04-09 00:00:00,A,4846,1D25218014010RXPCT,2026-04-09 07:00:00,2026-04-09 15:00:00,42,23.0,0,Continuity (2-mould press)
2026-04-09 00:00:00,B,4846,1D25218014010RXPCT,2026-04-09 15:00:00,2026-04-09 23:00:00,42,23.0,0,Continuity (2-mould press)
2026-04-09 00:00:00,C,4846,1D25218014010RXPCT,2026-04-09 23:00:00,2026-04-10 07:00:00,42,23.0,0,Continuity (2-mould press)
2026-04-10 00:00:00,A,4846,1D25218014010RXPCT,2026-04-10 07:00:00,2026-04-10 15:00:00,42,23.0,0,Continuity (2-mould press)
2026-04-10 00:00:00,B,4846,1D25218014010RXPCT,2026-04-10 15:00:00,2026-04-10 23:00:00,42,23.0,0,Continuity (2-mould press)
2026-04-10 00:00:00,C,4846,1D25218014010RXPCT,2026-04-10 23:00:00,2026-04-11 07:00:00,42,23.0,0,Continuity (2-mould press)
2026-04-11 00:00:00,A,4846,1D25218014010RXPCT,2026-04-11 07:00:00,2026-04-11 15:00:00,42,23.0,0,Continuity (2-mould press)
2026-04-11 00:00:00,B,4846,1D25218014010RXPCT,2026-04-11 15:00:00,2026-04-11 23:00:00,42,23.0,0,Continuity (2-mould press)
2026-04-11 00:00:00,C,4846,1D25218014010RXPCT,2026-04-11 23:00:00,2026-04-12 07:00:00,42,23.0,0,Continuity (2-mould press)
2026-04-12 00:00:00,A,4846,1D25218014010RXPCT,2026-04-12 07:00:00,2026-04-12 15:00:00,42,23.0,0,Continuity (2-mould press)
2026-04-12 00:00:00,B,4846,1D25218014010RXPCT,2026-04-12 15:00:00,2026-04-12 23:00:00,42,23.0,0,Continuity (2-mould press)
2026-04-12 00:00:00,C,4846,1D25218014010RXPCT,2026-04-12 23:00:00,2026-04-13 07:00:00,42,23.0,0,Continuity (2-mould press)
2026-04-13 00:00:00,A,4846,1D25218014010RXPCT,2026-04-13 07:00:00,2026-04-13 15:00:00,42,23.0,0,Continuity (2-mould press)
2026-04-13 00:00:00,B,4846,1D25218014010RXPCT,2026-04-13 15:00:00,2026-04-13 23:00:00,42,23.0,0,Continuity (2-mould press)
2026-04-13 00:00:00,C,4846,1D25218014010RXPCT,2026-04-13 23:00:00,2026-04-14 07:00:00,42,23.0,0,Continuity (2-mould press)
2026-04-14 00:00:00,A,4846,1D25218014010RXPCT,2026-04-14 07:00:00,2026-04-14 15:00:00,42,23.0,0,Continuity (2-mould press)
2026-04-14 00:00:00,B,4846,1D25218014010RXPCT,2026-04-14 15:00:00,2026-04-14 23:00:00,42,23.0,0,Continuity (2-mould press)
2026-04-14 00:00:00,C,4846,1D25218014010RXPCT,2026-04-14 23:00:00,2026-04-15 07:00:00,42,23.0,0,Continuity (2-mould press)
2026-04-15 00:00:00,A,4846,1D25218014010RXPCT,2026-04-15 07:00:00,2026-04-15 15:00:00,42,23.0,0,Continuity (2-mould press)
2026-04-15 00:00:00,B,4846,1D25218014010RXPCT,2026-04-15 15:00:00,2026-04-15 18:23:00,18,23.0,0,Continuity (2-mould press)
2026-04-15 00:00:00,B,4846,MOULD_CLEAN,2026-04-15 18:23:00,2026-04-15 21:23:00,0,0.0,0,Mould cleaning (continuity)
2026-04-15 00:00:00,B,4846,1D25218014010RXPCT,2026-04-15 21:23:00,2026-04-15 23:00:00,8,23.0,0,Continuity (2-mould press)
2026-04-15 00:00:00,C,4846,1D25218014010RXPCT,2026-04-15 23:00:00,2026-04-16 07:00:00,42,23.0,0,Continuity (2-mould press)
2026-04-16 00:00:00,A,4846,1D25218014010RXPCT,2026-04-16 07:00:00,2026-04-16 15:00:00,42,23.0,0,Continuity (2-mould press)
2026-04-16 00:00:00,B,4846,1D25218014010RXPCT,2026-04-16 15:00:00,2026-04-16 23:00:00,42,23.0,0,Continuity (2-mould press)
2026-04-16 00:00:00,C,4846,1D25218014010RXPCT,2026-04-16 23:00:00,2026-04-17 07:00:00,42,23.0,0,Continuity (2-mould press)
2026-04-17 00:00:00,A,4846,1D25218014010RXPCT,2026-04-17 07:00:00,2026-04-17 15:00:00,42,23.0,0,Continuity (2-mould press)
2026-04-17 00:00:00,B,4846,1D25218014010RXPCT,2026-04-17 15:00:00,2026-04-17 23:00:00,42,23.0,0,Continuity (2-mould press)
2026-04-17 00:00:00,C,4846,1D25218014010RXPCT,2026-04-17 23:00:00,2026-04-18 07:00:00,42,23.0,0,Continuity (2-mould press)
2026-04-18 00:00:00,A,4846,1D25218014010RXPCT,2026-04-18 07:00:00,2026-04-18 15:00:00,42,23.0,0,Continuity (2-mould press)
2026-04-18 00:00:00,B,4846,1D25218014010RXPCT,2026-04-18 15:00:00,2026-04-18 23:00:00,42,23.0,0,Continuity (2-mould press)
2026-04-18 00:00:00,C,4846,1D25218014010RXPCT,2026-04-18 23:00:00,2026-04-19 07:00:00,42,23.0,0,Continuity (2-mould press)
2026-04-19 00:00:00,A,4846,1D25218014010RXPCT,2026-04-19 07:00:00,2026-04-19 15:00:00,42,23.0,0,Continuity (2-mould press)
2026-04-19 00:00:00,B,4846,1D25218014010RXPCT,2026-04-19 15:00:00,2026-04-19 23:00:00,42,23.0,0,Continuity (2-mould press)
2026-04-19 00:00:00,C,4846,1D25218014010RXPCT,2026-04-19 23:00:00,2026-04-20 07:00:00,42,23.0,0,Continuity (2-mould press)
2026-04-20 00:00:00,A,4846,1D25218014010RXPCT,2026-04-20 07:00:00,2026-04-20 15:00:00,42,23.0,0,Continuity (2-mould press)
2026-04-20 00:00:00,B,4846,1D25218014010RXPCT,2026-04-20 15:00:00,2026-04-20 23:00:00,42,23.0,0,Continuity (2-mould press)
2026-04-20 00:00:00,C,4846,1D25218014010RXPCT,2026-04-20 23:00:00,2026-04-21 07:00:00,42,23.0,0,Continuity (2-mould press)
2026-04-21 00:00:00,A,4846,1D25218014010RXPCT,2026-04-21 07:00:00,2026-04-21 15:00:00,42,23.0,0,Continuity (2-mould press)
2026-04-21 00:00:00,B,4846,1D25218014010RXPCT,2026-04-21 15:00:00,2026-04-21 23:00:00,42,23.0,0,Continuity (2-mould press)
2026-04-21 00:00:00,C,4846,1D25218014010RXPCT,2026-04-21 23:00:00,2026-04-22 07:00:00,42,23.0,0,Continuity (2-mould press)
2026-04-22 00:00:00,A,4846,1D25218014010RXPCT,2026-04-22 07:00:00,2026-04-22 15:00:00,42,23.0,0,Continuity (2-mould press)
2026-04-22 00:00:00,B,4846,1D25218014010RXPCT,2026-04-22 15:00:00,2026-04-22 23:00:00,42,23.0,0,Continuity (2-mould press)
2026-04-22 00:00:00,C,4846,1D25218014010RXPCT,2026-04-22 23:00:00,2026-04-23 07:00:00,42,23.0,0,Continuity (2-mould press)
2026-04-23 00:00:00,A,4846,1D25218014010RXPCT,2026-04-23 07:00:00,2026-04-23 15:00:00,42,23.0,0,Continuity (2-mould press)
2026-04-23 00:00:00,B,4846,1D25218014010RXPCT,2026-04-23 15:00:00,2026-04-23 23:00:00,42,23.0,0,Continuity (2-mould press)
2026-04-23 00:00:00,C,4846,1D25218014010RXPCT,2026-04-23 23:00:00,2026-04-24 07:00:00,42,23.0,0,Continuity (2-mould press)
2026-04-24 00:00:00,A,4846,1D25218014010RXPCT,2026-04-24 07:00:00,2026-04-24 15:00:00,42,23.0,0,Continuity (2-mould press)
2026-04-24 00:00:00,B,4846,1D25218014010RXPCT,2026-04-24 15:00:00,2026-04-24 23:00:00,42,23.0,0,Continuity (2-mould press)
2026-04-24 00:00:00,C,4846,1D25218014010RXPCT,2026-04-24 23:00:00,2026-04-25 07:00:00,42,23.0,0,Continuity (2-mould press)
2026-04-25 00:00:00,A,4846,1D25218014010RXPCT,2026-04-25 07:00:00,2026-04-25 15:00:00,42,23.0,0,Continuity (2-mould press)
2026-04-25 00:00:00,B,4846,1D25218014010RXPCT,2026-04-25 15:00:00,2026-04-25 23:00:00,42,23.0,0,Continuity (2-mould press)
2026-04-25 00:00:00,C,4846,1D25218014010RXPCT,2026-04-25 23:00:00,2026-04-26 07:00:00,42,23.0,0,Continuity (2-mould press)
2026-04-26 00:00:00,A,4846,1D25218014010RXPCT,2026-04-26 07:00:00,2026-04-26 15:00:00,42,23.0,0,Continuity (2-mould press)
2026-04-26 00:00:00,B,4846,1D25218014010RXPCT,2026-04-26 15:00:00,2026-04-26 23:00:00,42,23.0,0,Continuity (2-mould press)
2026-04-26 00:00:00,C,4846,1D25218014010RXPCT,2026-04-26 23:00:00,2026-04-27 07:00:00,42,23.0,0,Continuity (2-mould press)
2026-04-27 00:00:00,A,4846,1D25218014010RXPCT,2026-04-27 07:00:00,2026-04-27 15:00:00,42,23.0,0,Continuity (2-mould press)
2026-04-27 00:00:00,B,4846,1D25218014010RXPCT,2026-04-27 15:00:00,2026-04-27 23:00:00,42,23.0,0,Continuity (2-mould press)
2026-04-27 00:00:00,C,4846,1D25218014010RXPCT,2026-04-27 23:00:00,2026-04-28 07:00:00,42,23.0,0,Continuity (2-mould press)
2026-04-28 00:00:00,A,4846,1D25218014010RXPCT,2026-04-28 07:00:00,2026-04-28 15:00:00,42,23.0,0,Continuity (2-mould press)
2026-04-28 00:00:00,B,4846,1D25218014010RXPCT,2026-04-28 15:00:00,2026-04-28 23:00:00,42,23.0,0,Continuity (2-mould press)
2026-04-28 00:00:00,C,4846,1D25218014010RXPCT,2026-04-28 23:00:00,2026-04-29 07:00:00,42,23.0,0,Continuity (2-mould press)
2026-04-29 00:00:00,A,4846,1D25218014010RXPCT,2026-04-29 07:00:00,2026-04-29 15:00:00,42,23.0,0,Continuity (2-mould press)
2026-04-29 00:00:00,B,4846,1D25218014010RXPCT,2026-04-29 15:00:00,2026-04-29 23:00:00,42,23.0,0,Continuity (2-mould press)
2026-04-29 00:00:00,C,4846,1D25218014010RXPCT,2026-04-29 23:00:00,2026-04-30 07:00:00,42,23.0,0,Continuity (2-mould press)
2026-04-30 00:00:00,A,4846,1D25218014010RXPCT,2026-04-30 07:00:00,2026-04-30 15:00:00,42,23.0,0,Continuity (2-mould press)
2026-04-30 00:00:00,B,4846,1D25218014010RXPCT,2026-04-30 15:00:00,2026-04-30 23:00:00,42,23.0,0,Continuity (2-mould press)
2026-04-30 00:00:00,C,4846,1D25218014010RXPCT,2026-04-30 23:00:00,2026-05-01 07:00:00,42,23.0,0,Continuity (2-mould press)
2026-05-01 00:00:00,A,4846,1D25218014010RXPCT,2026-05-01 07:00:00,2026-05-01 15:00:00,42,23.0,0,Continuity (2-mould press)
2026-05-01 00:00:00,B,4846,1D25218014010RXPCT,2026-05-01 15:00:00,2026-05-01 23:00:00,42,23.0,0,Continuity (2-mould press)
2026-05-01 00:00:00,C,4846,1D25218014010RXPCT,2026-05-01 23:00:00,2026-05-02 07:00:00,42,23.0,0,Continuity (2-mould press)
2026-05-02 00:00:00,A,4846,1D25218014010RXPCT,2026-05-02 07:00:00,2026-05-02 15:00:00,42,23.0,0,Continuity (2-mould press)
2026-05-02 00:00:00,B,4846,1D25218014010RXPCT,2026-05-02 15:00:00,2026-05-02 23:00:00,42,23.0,0,Continuity (2-mould press)
2026-05-02 00:00:00,C,4846,1D25218014010RXPCT,2026-05-02 23:00:00,2026-05-03 07:00:00,42,23.0,0,Continuity (2-mould press)
2026-04-03 00:00:00,A,4847,1325221318095HURL0,2026-04-03 07:00:00,2026-04-03 15:00:00,51,19.0,0,Continuity (2-mould press)
2026-04-03 00:00:00,B,4847,1325221318095HURL0,2026-04-03 15:00:00,2026-04-03 23:00:00,51,19.0,0,Continuity (2-mould press)
2026-04-03 00:00:00,C,4847,1325221318095HURL0,2026-04-03 23:00:00,2026-04-04 07:00:00,51,19.0,0,Continuity (2-mould press)
2026-04-04 00:00:00,A,4847,1325221318095HURL0,2026-04-04 07:00:00,2026-04-04 15:00:00,51,19.0,0,Continuity (2-mould press)
2026-04-04 00:00:00,B,4847,1325221318095HURL0,2026-04-04 15:00:00,2026-04-04 23:00:00,51,19.0,0,Continuity (2-mould press)
2026-04-04 00:00:00,C,4847,1325221318095HURL0,2026-04-04 23:00:00,2026-04-05 07:00:00,51,19.0,0,Continuity (2-mould press)
2026-04-05 00:00:00,A,4847,1325221318095HURL0,2026-04-05 07:00:00,2026-04-05 15:00:00,51,19.0,0,Continuity (2-mould press)
2026-04-05 00:00:00,B,4847,1325221318095HURL0,2026-04-05 15:00:00,2026-04-05 23:00:00,51,19.0,0,Continuity (2-mould press)
2026-04-05 00:00:00,C,4847,1325221318095HURL0,2026-04-05 23:00:00,2026-04-06 07:00:00,51,19.0,0,Continuity (2-mould press)
2026-04-06 00:00:00,A,4847,1325221318095HURL0,2026-04-06 07:00:00,2026-04-06 15:00:00,51,19.0,0,Continuity (2-mould press)
2026-04-06 00:00:00,B,4847,1325221318095HURL0,2026-04-06 15:00:00,2026-04-06 23:00:00,51,19.0,0,Continuity (2-mould press)
2026-04-06 00:00:00,C,4847,1325221318095HURL0,2026-04-06 23:00:00,2026-04-07 07:00:00,51,19.0,0,Continuity (2-mould press)
2026-04-07 00:00:00,A,4847,1325221318095HURL0,2026-04-07 07:00:00,2026-04-07 15:00:00,51,19.0,0,Continuity (2-mould press)
2026-04-07 00:00:00,B,4847,1325221318095HURL0,2026-04-07 15:00:00,2026-04-07 23:00:00,51,19.0,0,Continuity (2-mould press)
2026-04-07 00:00:00,C,4847,1325221318095HURL0,2026-04-07 23:00:00,2026-04-08 07:00:00,51,19.0,0,Continuity (2-mould press)
2026-04-08 00:00:00,A,4847,1325221318095HURL0,2026-04-08 07:00:00,2026-04-08 15:00:00,51,19.0,0,Continuity (2-mould press)
2026-04-08 00:00:00,B,4847,1325221318095HURL0,2026-04-08 15:00:00,2026-04-08 23:00:00,51,19.0,0,Continuity (2-mould press)
2026-04-08 00:00:00,C,4847,1325221318095HURL0,2026-04-08 23:00:00,2026-04-09 07:00:00,51,19.0,0,Continuity (2-mould press)
2026-04-09 00:00:00,A,4847,1325221318095HURL0,2026-04-09 07:00:00,2026-04-09 15:00:00,51,19.0,0,Continuity (2-mould press)
2026-04-09 00:00:00,B,4847,1325221318095HURL0,2026-04-09 15:00:00,2026-04-09 23:00:00,51,19.0,0,Continuity (2-mould press)
2026-04-09 00:00:00,C,4847,1325221318095HURL0,2026-04-09 23:00:00,2026-04-10 07:00:00,51,19.0,0,Continuity (2-mould press)
2026-04-10 00:00:00,A,4847,1325221318095HURL0,2026-04-10 07:00:00,2026-04-10 15:00:00,51,19.0,0,Continuity (2-mould press)
2026-04-10 00:00:00,B,4847,1325221318095HURL0,2026-04-10 15:00:00,2026-04-10 23:00:00,51,19.0,0,Continuity (2-mould press)
2026-04-10 00:00:00,C,4847,1325221318095HURL0,2026-04-10 23:00:00,2026-04-11 07:00:00,51,19.0,0,Continuity (2-mould press)
2026-04-11 00:00:00,A,4847,1325221318095HURL0,2026-04-11 07:00:00,2026-04-11 15:00:00,51,19.0,0,Continuity (2-mould press)
2026-04-11 00:00:00,B,4847,1325221318095HURL0,2026-04-11 15:00:00,2026-04-11 23:00:00,51,19.0,0,Continuity (2-mould press)
2026-04-11 00:00:00,C,4847,1325221318095HURL0,2026-04-11 23:00:00,2026-04-12 07:00:00,51,19.0,0,Continuity (2-mould press)
2026-04-12 00:00:00,A,4847,1325221318095HURL0,2026-04-12 07:00:00,2026-04-12 15:00:00,51,19.0,0,Continuity (2-mould press)
2026-04-12 00:00:00,B,4847,1325221318095HURL0,2026-04-12 15:00:00,2026-04-12 23:00:00,51,19.0,0,Continuity (2-mould press)
2026-04-12 00:00:00,C,4847,1325221318095HURL0,2026-04-12 23:00:00,2026-04-13 07:00:00,51,19.0,0,Continuity (2-mould press)
2026-04-13 00:00:00,A,4847,1325221318095HURL0,2026-04-13 07:00:00,2026-04-13 15:00:00,51,19.0,0,Continuity (2-mould press)
2026-04-13 00:00:00,B,4847,1325221318095HURL0,2026-04-13 15:00:00,2026-04-13 23:00:00,51,19.0,0,Continuity (2-mould press)
2026-04-13 00:00:00,C,4847,1325221318095HURL0,2026-04-13 23:00:00,2026-04-14 07:00:00,51,19.0,0,Continuity (2-mould press)
2026-04-14 00:00:00,A,4847,1325221318095HURL0,2026-04-14 07:00:00,2026-04-14 15:00:00,51,19.0,0,Continuity (2-mould press)
2026-04-14 00:00:00,B,4847,1325221318095HURL0,2026-04-14 15:00:00,2026-04-14 23:00:00,51,19.0,0,Continuity (2-mould press)
2026-04-14 00:00:00,C,4847,1325221318095HURL0,2026-04-14 23:00:00,2026-04-15 07:00:00,51,19.0,0,Continuity (2-mould press)
2026-04-15 00:00:00,A,4847,1325221318095HURL0,2026-04-15 07:00:00,2026-04-15 15:00:00,51,19.0,0,Continuity (2-mould press)
2026-04-15 00:00:00,B,4847,1325221318095HURL0,2026-04-15 15:00:00,2026-04-15 23:00:00,51,19.0,0,Continuity (2-mould press)
2026-04-15 00:00:00,C,4847,1325221318095HURL0,2026-04-15 23:00:00,2026-04-16 07:00:00,51,19.0,0,Continuity (2-mould press)
2026-04-16 00:00:00,A,4847,1325221318095HURL0,2026-04-16 07:00:00,2026-04-16 15:00:00,51,19.0,0,Continuity (2-mould press)
2026-04-16 00:00:00,B,4847,1325221318095HURL0,2026-04-16 15:00:00,2026-04-16 23:00:00,51,19.0,0,Continuity (2-mould press)
2026-04-16 00:00:00,C,4847,1325221318095HURL0,2026-04-16 23:00:00,2026-04-17 07:00:00,51,19.0,0,Continuity (2-mould press)
2026-04-17 00:00:00,A,4847,1325221318095HURL0,2026-04-17 07:00:00,2026-04-17 15:00:00,51,19.0,0,Continuity (2-mould press)
2026-04-17 00:00:00,B,4847,1325221318095HURL0,2026-04-17 15:00:00,2026-04-17 23:00:00,51,19.0,0,Continuity (2-mould press)
2026-04-17 00:00:00,C,4847,1325221318095HURL0,2026-04-17 23:00:00,2026-04-18 07:00:00,51,19.0,0,Continuity (2-mould press)
2026-04-18 00:00:00,A,4847,1325221318095HURL0,2026-04-18 07:00:00,2026-04-18 15:00:00,51,19.0,0,Continuity (2-mould press)
2026-04-18 00:00:00,B,4847,1325221318095HURL0,2026-04-18 15:00:00,2026-04-18 23:00:00,51,19.0,0,Continuity (2-mould press)
2026-04-18 00:00:00,C,4847,1325221318095HURL0,2026-04-18 23:00:00,2026-04-19 07:00:00,51,19.0,0,Continuity (2-mould press)
2026-04-19 00:00:00,A,4847,1325221318095HURL0,2026-04-19 07:00:00,2026-04-19 15:00:00,51,19.0,0,Continuity (2-mould press)
2026-04-19 00:00:00,B,4847,1325221318095HURL0,2026-04-19 15:00:00,2026-04-19 23:00:00,51,19.0,0,Continuity (2-mould press)
2026-04-19 00:00:00,C,4847,1325221318095HURL0,2026-04-19 23:00:00,2026-04-20 07:00:00,51,19.0,0,Continuity (2-mould press)
2026-04-20 00:00:00,A,4847,1325221318095HURL0,2026-04-20 07:00:00,2026-04-20 15:00:00,51,19.0,0,Continuity (2-mould press)
2026-04-20 00:00:00,B,4847,1325221318095HURL0,2026-04-20 15:00:00,2026-04-20 23:00:00,51,19.0,0,Continuity (2-mould press)
2026-04-20 00:00:00,C,4847,1325221318095HURL0,2026-04-20 23:00:00,2026-04-21 07:00:00,51,19.0,0,Continuity (2-mould press)
2026-04-21 00:00:00,A,4847,1325221318095HURL0,2026-04-21 07:00:00,2026-04-21 15:00:00,51,19.0,0,Continuity (2-mould press)
2026-04-21 00:00:00,B,4847,1325221318095HURL0,2026-04-21 15:00:00,2026-04-21 23:00:00,51,19.0,0,Continuity (2-mould press)
2026-04-21 00:00:00,C,4847,1325221318095HURL0,2026-04-21 23:00:00,2026-04-22 07:00:00,51,19.0,0,Continuity (2-mould press)
2026-04-22 00:00:00,A,4847,1325221318095HURL0,2026-04-22 07:00:00,2026-04-22 15:00:00,51,19.0,0,Continuity (2-mould press)
2026-04-22 00:00:00,B,4847,1325221318095HURL0,2026-04-22 15:00:00,2026-04-22 23:00:00,51,19.0,0,Continuity (2-mould press)
2026-04-22 00:00:00,C,4847,1325221318095HURL0,2026-04-22 23:00:00,2026-04-23 07:00:00,51,19.0,0,Continuity (2-mould press)
2026-04-23 00:00:00,A,4847,1325221318095HURL0,2026-04-23 07:00:00,2026-04-23 15:00:00,51,19.0,0,Continuity (2-mould press)
2026-04-23 00:00:00,B,4847,1325221318095HURL0,2026-04-23 15:00:00,2026-04-23 23:00:00,51,19.0,0,Continuity (2-mould press)
2026-04-23 00:00:00,C,4847,1325221318095HURL0,2026-04-23 23:00:00,2026-04-24 07:00:00,51,19.0,0,Continuity (2-mould press)
2026-04-24 00:00:00,A,4847,1325221318095HURL0,2026-04-24 07:00:00,2026-04-24 15:00:00,51,19.0,0,Continuity (2-mould press)
2026-04-24 00:00:00,B,4847,1325221318095HURL0,2026-04-24 15:00:00,2026-04-24 23:00:00,51,19.0,0,Continuity (2-mould press)
2026-04-24 00:00:00,C,4847,1325221318095HURL0,2026-04-24 23:00:00,2026-04-25 07:00:00,51,19.0,0,Continuity (2-mould press)
2026-04-25 00:00:00,A,4847,1325221318095HURL0,2026-04-25 07:00:00,2026-04-25 15:00:00,51,19.0,0,Continuity (2-mould press)
2026-04-25 00:00:00,B,4847,1325221318095HURL0,2026-04-25 15:00:00,2026-04-25 23:00:00,51,19.0,0,Continuity (2-mould press)
2026-04-25 00:00:00,C,4847,1325221318095HURL0,2026-04-25 23:00:00,2026-04-26 07:00:00,51,19.0,0,Continuity (2-mould press)
2026-04-26 00:00:00,A,4847,1325221318095HURL0,2026-04-26 07:00:00,2026-04-26 15:00:00,51,19.0,0,Continuity (2-mould press)
2026-04-26 00:00:00,B,4847,1325221318095HURL0,2026-04-26 15:00:00,2026-04-26 23:00:00,51,19.0,0,Continuity (2-mould press)
2026-04-26 00:00:00,C,4847,1325221318095HURL0,2026-04-26 23:00:00,2026-04-27 07:00:00,51,19.0,0,Continuity (2-mould press)
2026-04-27 00:00:00,A,4847,1325221318095HURL0,2026-04-27 07:00:00,2026-04-27 15:00:00,51,19.0,0,Continuity (2-mould press)
2026-04-27 00:00:00,B,4847,1325221318095HURL0,2026-04-27 15:00:00,2026-04-27 23:00:00,51,19.0,0,Continuity (2-mould press)
2026-04-27 00:00:00,C,4847,1325221318095HURL0,2026-04-27 23:00:00,2026-04-28 07:00:00,51,19.0,0,Continuity (2-mould press)
2026-04-28 00:00:00,A,4847,1325221318095HURL0,2026-04-28 07:00:00,2026-04-28 15:00:00,51,19.0,0,Continuity (2-mould press)
2026-04-28 00:00:00,B,4847,1325221318095HURL0,2026-04-28 15:00:00,2026-04-28 23:00:00,51,19.0,0,Continuity (2-mould press)
2026-04-28 00:00:00,C,4847,1325221318095HURL0,2026-04-28 23:00:00,2026-04-29 07:00:00,51,19.0,0,Continuity (2-mould press)
2026-04-29 00:00:00,A,4847,1325221318095HURL0,2026-04-29 07:00:00,2026-04-29 15:00:00,51,19.0,0,Continuity (2-mould press)
2026-04-29 00:00:00,B,4847,1325221318095HURL0,2026-04-29 15:00:00,2026-04-29 23:00:00,51,19.0,0,Continuity (2-mould press)
2026-04-29 00:00:00,C,4847,1325221318095HURL0,2026-04-29 23:00:00,2026-04-30 07:00:00,51,19.0,0,Continuity (2-mould press)
2026-04-30 00:00:00,A,4847,1325221318095HURL0,2026-04-30 07:00:00,2026-04-30 15:00:00,51,19.0,0,Continuity (2-mould press)
2026-04-30 00:00:00,B,4847,1325221318095HURL0,2026-04-30 15:00:00,2026-04-30 23:00:00,51,19.0,0,Continuity (2-mould press)
2026-04-30 00:00:00,C,4847,1325221318095HURL0,2026-04-30 23:00:00,2026-05-01 07:00:00,51,19.0,0,Continuity (2-mould press)
2026-05-01 00:00:00,A,4847,1325221318095HURL0,2026-05-01 07:00:00,2026-05-01 15:00:00,51,19.0,0,Continuity (2-mould press)
2026-05-01 00:00:00,B,4847,1325221318095HURL0,2026-05-01 15:00:00,2026-05-01 23:00:00,51,19.0,0,Continuity (2-mould press)
2026-05-01 00:00:00,C,4847,1325221318095HURL0,2026-05-01 23:00:00,2026-05-02 07:00:00,51,19.0,0,Continuity (2-mould press)
2026-05-02 00:00:00,A,4847,1325221318095HURL0,2026-05-02 07:00:00,2026-05-02 15:00:00,51,19.0,0,Continuity (2-mould press)
2026-05-02 00:00:00,B,4847,1325221318095HURL0,2026-05-02 15:00:00,2026-05-02 23:00:00,51,19.0,0,Continuity (2-mould press)
2026-05-02 00:00:00,C,4847,1325221318095HURL0,2026-05-02 23:00:00,2026-05-03 06:47:00,49,19.0,0,Continuity (2-mould press)
2026-04-03 00:00:00,A,4848,1325221417096HURL0,2026-04-03 07:00:00,2026-04-03 15:00:00,60,16.0,0,Continuity (2-mould press)
2026-04-03 00:00:00,B,4848,1325221417096HURL0,2026-04-03 15:00:00,2026-04-03 23:00:00,60,16.0,0,Continuity (2-mould press)
2026-04-03 00:00:00,C,4848,1325221417096HURL0,2026-04-03 23:00:00,2026-04-04 07:00:00,60,16.0,0,Continuity (2-mould press)
2026-04-04 00:00:00,A,4848,1325221417096HURL0,2026-04-04 07:00:00,2026-04-04 15:00:00,60,16.0,0,Continuity (2-mould press)
2026-04-04 00:00:00,B,4848,1325221417096HURL0,2026-04-04 15:00:00,2026-04-04 23:00:00,60,16.0,0,Continuity (2-mould press)
2026-04-04 00:00:00,C,4848,1325221417096HURL0,2026-04-04 23:00:00,2026-04-05 07:00:00,60,16.0,0,Continuity (2-mould press)
2026-04-05 00:00:00,A,4848,1325221417096HURL0,2026-04-05 07:00:00,2026-04-05 15:00:00,60,16.0,0,Continuity (2-mould press)
2026-04-05 00:00:00,B,4848,1325221417096HURL0,2026-04-05 15:00:00,2026-04-05 23:00:00,60,16.0,0,Continuity (2-mould press)
2026-04-05 00:00:00,C,4848,1325221417096HURL0,2026-04-05 23:00:00,2026-04-06 07:00:00,60,16.0,0,Continuity (2-mould press)
2026-04-06 00:00:00,A,4848,1325221417096HURL0,2026-04-06 07:00:00,2026-04-06 15:00:00,60,16.0,0,Continuity (2-mould press)
2026-04-06 00:00:00,B,4848,1325221417096HURL0,2026-04-06 15:00:00,2026-04-06 23:00:00,60,16.0,0,Continuity (2-mould press)
2026-04-06 00:00:00,C,4848,1325221417096HURL0,2026-04-06 23:00:00,2026-04-07 07:00:00,60,16.0,0,Continuity (2-mould press)
2026-04-07 00:00:00,A,4848,1325221417096HURL0,2026-04-07 07:00:00,2026-04-07 15:00:00,60,16.0,0,Continuity (2-mould press)
2026-04-07 00:00:00,B,4848,1325221417096HURL0,2026-04-07 15:00:00,2026-04-07 23:00:00,60,16.0,0,Continuity (2-mould press)
2026-04-07 00:00:00,C,4848,1325221417096HURL0,2026-04-07 23:00:00,2026-04-08 07:00:00,60,16.0,0,Continuity (2-mould press)
2026-04-08 00:00:00,A,4848,1325221417096HURL0,2026-04-08 07:00:00,2026-04-08 15:00:00,60,16.0,0,Continuity (2-mould press)
2026-04-08 00:00:00,B,4848,1325221417096HURL0,2026-04-08 15:00:00,2026-04-08 23:00:00,60,16.0,0,Continuity (2-mould press)
2026-04-08 00:00:00,C,4848,1325221417096HURL0,2026-04-08 23:00:00,2026-04-09 07:00:00,60,16.0,0,Continuity (2-mould press)
2026-04-09 00:00:00,A,4848,1325221417096HURL0,2026-04-09 07:00:00,2026-04-09 15:00:00,60,16.0,0,Continuity (2-mould press)
2026-04-09 00:00:00,B,4848,1325221417096HURL0,2026-04-09 15:00:00,2026-04-09 23:00:00,60,16.0,0,Continuity (2-mould press)
2026-04-09 00:00:00,C,4848,1325221417096HURL0,2026-04-09 23:00:00,2026-04-10 07:00:00,60,16.0,0,Continuity (2-mould press)
2026-04-10 00:00:00,A,4848,1325221417096HURL0,2026-04-10 07:00:00,2026-04-10 15:00:00,60,16.0,0,Continuity (2-mould press)
2026-04-10 00:00:00,B,4848,1325221417096HURL0,2026-04-10 15:00:00,2026-04-10 23:00:00,60,16.0,0,Continuity (2-mould press)
2026-04-10 00:00:00,C,4848,1325221417096HURL0,2026-04-10 23:00:00,2026-04-11 07:00:00,60,16.0,0,Continuity (2-mould press)
2026-04-11 00:00:00,A,4848,1325221417096HURL0,2026-04-11 07:00:00,2026-04-11 15:00:00,60,16.0,0,Continuity (2-mould press)
2026-04-11 00:00:00,B,4848,1325221417096HURL0,2026-04-11 15:00:00,2026-04-11 23:00:00,60,16.0,0,Continuity (2-mould press)
2026-04-11 00:00:00,C,4848,1325221417096HURL0,2026-04-11 23:00:00,2026-04-12 07:00:00,60,16.0,0,Continuity (2-mould press)
2026-04-12 00:00:00,A,4848,1325221417096HURL0,2026-04-12 07:00:00,2026-04-12 15:00:00,60,16.0,0,Continuity (2-mould press)
2026-04-12 00:00:00,B,4848,1325221417096HURL0,2026-04-12 15:00:00,2026-04-12 23:00:00,60,16.0,0,Continuity (2-mould press)
2026-04-12 00:00:00,C,4848,1325221417096HURL0,2026-04-12 23:00:00,2026-04-13 07:00:00,60,16.0,0,Continuity (2-mould press)
2026-04-13 00:00:00,A,4848,1325221417096HURL0,2026-04-13 07:00:00,2026-04-13 15:00:00,60,16.0,0,Continuity (2-mould press)
2026-04-13 00:00:00,B,4848,1325221417096HURL0,2026-04-13 15:00:00,2026-04-13 23:00:00,60,16.0,0,Continuity (2-mould press)
2026-04-13 00:00:00,C,4848,1325221417096HURL0,2026-04-13 23:00:00,2026-04-14 07:00:00,60,16.0,0,Continuity (2-mould press)
2026-04-14 00:00:00,A,4848,1325221417096HURL0,2026-04-14 07:00:00,2026-04-14 15:00:00,60,16.0,0,Continuity (2-mould press)
2026-04-14 00:00:00,B,4848,1325221417096HURL0,2026-04-14 15:00:00,2026-04-14 23:00:00,60,16.0,0,Continuity (2-mould press)
2026-04-14 00:00:00,C,4848,1325221417096HURL0,2026-04-14 23:00:00,2026-04-15 07:00:00,60,16.0,0,Continuity (2-mould press)
2026-04-15 00:00:00,A,4848,1325221417096HURL0,2026-04-15 07:00:00,2026-04-15 15:00:00,60,16.0,0,Continuity (2-mould press)
2026-04-15 00:00:00,B,4848,1325221417096HURL0,2026-04-15 15:00:00,2026-04-15 23:00:00,60,16.0,0,Continuity (2-mould press)
2026-04-15 00:00:00,C,4848,1325221417096HURL0,2026-04-15 23:00:00,2026-04-16 07:00:00,60,16.0,0,Continuity (2-mould press)
2026-04-16 00:00:00,A,4848,1325221417096HURL0,2026-04-16 07:00:00,2026-04-16 15:00:00,60,16.0,0,Continuity (2-mould press)
2026-04-16 00:00:00,B,4848,1325221417096HURL0,2026-04-16 15:00:00,2026-04-16 23:00:00,60,16.0,0,Continuity (2-mould press)
2026-04-16 00:00:00,C,4848,1325221417096HURL0,2026-04-16 23:00:00,2026-04-17 07:00:00,60,16.0,0,Continuity (2-mould press)
2026-04-17 00:00:00,A,4848,1325221417096HURL0,2026-04-17 07:00:00,2026-04-17 15:00:00,60,16.0,0,Continuity (2-mould press)
2026-04-17 00:00:00,B,4848,1325221417096HURL0,2026-04-17 15:00:00,2026-04-17 23:00:00,60,16.0,0,Continuity (2-mould press)
2026-04-17 00:00:00,C,4848,1325221417096HURL0,2026-04-17 23:00:00,2026-04-18 07:00:00,60,16.0,0,Continuity (2-mould press)
2026-04-18 00:00:00,A,4848,1325221417096HURL0,2026-04-18 07:00:00,2026-04-18 15:00:00,60,16.0,0,Continuity (2-mould press)
2026-04-18 00:00:00,B,4848,1325221417096HURL0,2026-04-18 15:00:00,2026-04-18 23:00:00,60,16.0,0,Continuity (2-mould press)
2026-04-18 00:00:00,C,4848,1325221417096HURL0,2026-04-18 23:00:00,2026-04-19 07:00:00,60,16.0,0,Continuity (2-mould press)
2026-04-19 00:00:00,A,4848,1325221417096HURL0,2026-04-19 07:00:00,2026-04-19 15:00:00,60,16.0,0,Continuity (2-mould press)
2026-04-19 00:00:00,B,4848,1325221417096HURL0,2026-04-19 15:00:00,2026-04-19 23:00:00,60,16.0,0,Continuity (2-mould press)
2026-04-19 00:00:00,C,4848,1325221417096HURL0,2026-04-19 23:00:00,2026-04-20 07:00:00,60,16.0,0,Continuity (2-mould press)
2026-04-20 00:00:00,A,4848,1325221417096HURL0,2026-04-20 07:00:00,2026-04-20 15:00:00,60,16.0,0,Continuity (2-mould press)
2026-04-20 00:00:00,B,4848,1325221417096HURL0,2026-04-20 15:00:00,2026-04-20 23:00:00,60,16.0,0,Continuity (2-mould press)
2026-04-20 00:00:00,C,4848,1325221417096HURL0,2026-04-20 23:00:00,2026-04-21 07:00:00,60,16.0,0,Continuity (2-mould press)
2026-04-21 00:00:00,A,4848,1325221417096HURL0,2026-04-21 07:00:00,2026-04-21 15:00:00,60,16.0,0,Continuity (2-mould press)
2026-04-21 00:00:00,B,4848,1325221417096HURL0,2026-04-21 15:00:00,2026-04-21 23:00:00,60,16.0,0,Continuity (2-mould press)
2026-04-21 00:00:00,C,4848,1325221417096HURL0,2026-04-21 23:00:00,2026-04-22 07:00:00,60,16.0,0,Continuity (2-mould press)
2026-04-22 00:00:00,A,4848,1325221417096HURL0,2026-04-22 07:00:00,2026-04-22 15:00:00,60,16.0,0,Continuity (2-mould press)
2026-04-22 00:00:00,B,4848,1325221417096HURL0,2026-04-22 15:00:00,2026-04-22 23:00:00,60,16.0,0,Continuity (2-mould press)
2026-04-22 00:00:00,C,4848,1325221417096HURL0,2026-04-22 23:00:00,2026-04-23 07:00:00,60,16.0,0,Continuity (2-mould press)
2026-04-23 00:00:00,A,4848,1325221417096HURL0,2026-04-23 07:00:00,2026-04-23 15:00:00,60,16.0,0,Continuity (2-mould press)
2026-04-23 00:00:00,B,4848,1325221417096HURL0,2026-04-23 15:00:00,2026-04-23 23:00:00,60,16.0,0,Continuity (2-mould press)
2026-04-23 00:00:00,C,4848,1325221417096HURL0,2026-04-23 23:00:00,2026-04-24 07:00:00,60,16.0,0,Continuity (2-mould press)
2026-04-24 00:00:00,A,4848,1325221417096HURL0,2026-04-24 07:00:00,2026-04-24 15:00:00,60,16.0,0,Continuity (2-mould press)
2026-04-24 00:00:00,B,4848,1325221417096HURL0,2026-04-24 15:00:00,2026-04-24 23:00:00,60,16.0,0,Continuity (2-mould press)
2026-04-24 00:00:00,C,4848,1325221417096HURL0,2026-04-24 23:00:00,2026-04-25 07:00:00,60,16.0,0,Continuity (2-mould press)
2026-04-25 00:00:00,A,4848,1325221417096HURL0,2026-04-25 07:00:00,2026-04-25 15:00:00,60,16.0,0,Continuity (2-mould press)
2026-04-25 00:00:00,B,4848,1325221417096HURL0,2026-04-25 15:00:00,2026-04-25 23:00:00,60,16.0,0,Continuity (2-mould press)
2026-04-25 00:00:00,C,4848,1325221417096HURL0,2026-04-25 23:00:00,2026-04-26 07:00:00,60,16.0,0,Continuity (2-mould press)
2026-04-26 00:00:00,A,4848,1325221417096HURL0,2026-04-26 07:00:00,2026-04-26 15:00:00,60,16.0,0,Continuity (2-mould press)
2026-04-26 00:00:00,B,4848,1325221417096HURL0,2026-04-26 15:00:00,2026-04-26 23:00:00,60,16.0,0,Continuity (2-mould press)
2026-04-26 00:00:00,C,4848,1325221417096HURL0,2026-04-26 23:00:00,2026-04-27 07:00:00,60,16.0,0,Continuity (2-mould press)
2026-04-27 00:00:00,A,4848,1325221417096HURL0,2026-04-27 07:00:00,2026-04-27 15:00:00,60,16.0,0,Continuity (2-mould press)
2026-04-27 00:00:00,B,4848,1325221417096HURL0,2026-04-27 15:00:00,2026-04-27 23:00:00,60,16.0,0,Continuity (2-mould press)
2026-04-27 00:00:00,C,4848,1325221417096HURL0,2026-04-27 23:00:00,2026-04-28 07:00:00,60,16.0,0,Continuity (2-mould press)
2026-04-28 00:00:00,A,4848,1325221417096HURL0,2026-04-28 07:00:00,2026-04-28 15:00:00,60,16.0,0,Continuity (2-mould press)
2026-04-28 00:00:00,B,4848,1325221417096HURL0,2026-04-28 15:00:00,2026-04-28 23:00:00,60,16.0,0,Continuity (2-mould press)
2026-04-28 00:00:00,C,4848,1325221417096HURL0,2026-04-28 23:00:00,2026-04-29 07:00:00,60,16.0,0,Continuity (2-mould press)
2026-04-29 00:00:00,A,4848,1325221417096HURL0,2026-04-29 07:00:00,2026-04-29 15:00:00,60,16.0,0,Continuity (2-mould press)
2026-04-29 00:00:00,B,4848,1325221417096HURL0,2026-04-29 15:00:00,2026-04-29 15:48:00,6,16.0,0,Continuity (2-mould press)
2026-04-03 00:00:00,A,4849,1225219Z15008SXC11,2026-04-03 07:00:00,2026-04-03 15:00:00,36,27.0,0,Continuity (2-mould press)
2026-04-03 00:00:00,B,4849,1225219Z15008SXC11,2026-04-03 15:00:00,2026-04-03 23:00:00,36,27.0,0,Continuity (2-mould press)
2026-04-03 00:00:00,C,4849,1225219Z15008SXC11,2026-04-03 23:00:00,2026-04-04 07:00:00,36,27.0,0,Continuity (2-mould press)
2026-04-04 00:00:00,A,4849,1225219Z15008SXC11,2026-04-04 07:00:00,2026-04-04 15:00:00,36,27.0,0,Continuity (2-mould press)
2026-04-04 00:00:00,B,4849,1225219Z15008SXC11,2026-04-04 15:00:00,2026-04-04 23:00:00,36,27.0,0,Continuity (2-mould press)
2026-04-04 00:00:00,C,4849,1225219Z15008SXC11,2026-04-04 23:00:00,2026-04-05 07:00:00,36,27.0,0,Continuity (2-mould press)
2026-04-05 00:00:00,A,4849,1225219Z15008SXC11,2026-04-05 07:00:00,2026-04-05 15:00:00,36,27.0,0,Continuity (2-mould press)
2026-04-05 00:00:00,B,4849,1225219Z15008SXC11,2026-04-05 15:00:00,2026-04-05 23:00:00,36,27.0,0,Continuity (2-mould press)
2026-04-05 00:00:00,C,4849,1225219Z15008SXC11,2026-04-05 23:00:00,2026-04-06 07:00:00,36,27.0,0,Continuity (2-mould press)
2026-04-06 00:00:00,A,4849,1225219Z15008SXC11,2026-04-06 07:00:00,2026-04-06 15:00:00,36,27.0,0,Continuity (2-mould press)
2026-04-06 00:00:00,B,4849,1225219Z15008SXC11,2026-04-06 15:00:00,2026-04-06 23:00:00,36,27.0,0,Continuity (2-mould press)
2026-04-06 00:00:00,C,4849,1225219Z15008SXC11,2026-04-06 23:00:00,2026-04-07 07:00:00,36,27.0,0,Continuity (2-mould press)
2026-04-07 00:00:00,A,4849,1225219Z15008SXC11,2026-04-07 07:00:00,2026-04-07 15:00:00,36,27.0,0,Continuity (2-mould press)
2026-04-07 00:00:00,B,4849,1225219Z15008SXC11,2026-04-07 15:00:00,2026-04-07 23:00:00,36,27.0,0,Continuity (2-mould press)
2026-04-07 00:00:00,C,4849,1225219Z15008SXC11,2026-04-07 23:00:00,2026-04-08 07:00:00,36,27.0,0,Continuity (2-mould press)
2026-04-08 00:00:00,A,4849,1225219Z15008SXC11,2026-04-08 07:00:00,2026-04-08 15:00:00,36,27.0,0,Continuity (2-mould press)
2026-04-08 00:00:00,B,4849,1225219Z15008SXC11,2026-04-08 15:00:00,2026-04-08 23:00:00,36,27.0,0,Continuity (2-mould press)
2026-04-08 00:00:00,C,4849,1225219Z15008SXC11,2026-04-08 23:00:00,2026-04-09 07:00:00,36,27.0,0,Continuity (2-mould press)
2026-04-09 00:00:00,A,4849,1225219Z15008SXC11,2026-04-09 07:00:00,2026-04-09 15:00:00,36,27.0,0,Continuity (2-mould press)
2026-04-09 00:00:00,B,4849,1225219Z15008SXC11,2026-04-09 15:00:00,2026-04-09 23:00:00,36,27.0,0,Continuity (2-mould press)
2026-04-09 00:00:00,C,4849,1225219Z15008SXC11,2026-04-09 23:00:00,2026-04-10 07:00:00,36,27.0,0,Continuity (2-mould press)
2026-04-10 00:00:00,A,4849,1225219Z15008SXC11,2026-04-10 07:00:00,2026-04-10 15:00:00,36,27.0,0,Continuity (2-mould press)
2026-04-10 00:00:00,B,4849,1225219Z15008SXC11,2026-04-10 15:00:00,2026-04-10 23:00:00,36,27.0,0,Continuity (2-mould press)
2026-04-10 00:00:00,C,4849,1225219Z15008SXC11,2026-04-10 23:00:00,2026-04-11 07:00:00,36,27.0,0,Continuity (2-mould press)
2026-04-11 00:00:00,A,4849,1225219Z15008SXC11,2026-04-11 07:00:00,2026-04-11 15:00:00,36,27.0,0,Continuity (2-mould press)
2026-04-11 00:00:00,B,4849,1225219Z15008SXC11,2026-04-11 15:00:00,2026-04-11 23:00:00,36,27.0,0,Continuity (2-mould press)
2026-04-11 00:00:00,C,4849,1225219Z15008SXC11,2026-04-11 23:00:00,2026-04-12 07:00:00,36,27.0,0,Continuity (2-mould press)
2026-04-12 00:00:00,A,4849,1225219Z15008SXC11,2026-04-12 07:00:00,2026-04-12 15:00:00,36,27.0,0,Continuity (2-mould press)
2026-04-12 00:00:00,B,4849,1225219Z15008SXC11,2026-04-12 15:00:00,2026-04-12 23:00:00,36,27.0,0,Continuity (2-mould press)
2026-04-12 00:00:00,C,4849,1225219Z15008SXC11,2026-04-12 23:00:00,2026-04-13 07:00:00,36,27.0,0,Continuity (2-mould press)
2026-04-13 00:00:00,A,4849,1225219Z15008SXC11,2026-04-13 07:00:00,2026-04-13 15:00:00,36,27.0,0,Continuity (2-mould press)
2026-04-13 00:00:00,B,4849,1225219Z15008SXC11,2026-04-13 15:00:00,2026-04-13 23:00:00,36,27.0,0,Continuity (2-mould press)
2026-04-13 00:00:00,C,4849,1225219Z15008SXC11,2026-04-13 23:00:00,2026-04-14 07:00:00,36,27.0,0,Continuity (2-mould press)
2026-04-14 00:00:00,A,4849,1225219Z15008SXC11,2026-04-14 07:00:00,2026-04-14 15:00:00,36,27.0,0,Continuity (2-mould press)
2026-04-14 00:00:00,B,4849,1225219Z15008SXC11,2026-04-14 15:00:00,2026-04-14 23:00:00,36,27.0,0,Continuity (2-mould press)
2026-04-14 00:00:00,C,4849,1225219Z15008SXC11,2026-04-14 23:00:00,2026-04-15 07:00:00,36,27.0,0,Continuity (2-mould press)
2026-04-15 00:00:00,A,4849,1225219Z15008SXC11,2026-04-15 07:00:00,2026-04-15 15:00:00,36,27.0,0,Continuity (2-mould press)
2026-04-15 00:00:00,B,4849,1225219Z15008SXC11,2026-04-15 15:00:00,2026-04-15 23:00:00,36,27.0,0,Continuity (2-mould press)
2026-04-15 00:00:00,C,4849,1225219Z15008SXC11,2026-04-15 23:00:00,2026-04-16 07:00:00,36,27.0,0,Continuity (2-mould press)
2026-04-16 00:00:00,A,4849,1225219Z15008SXC11,2026-04-16 07:00:00,2026-04-16 15:00:00,36,27.0,0,Continuity (2-mould press)
2026-04-16 00:00:00,B,4849,1225219Z15008SXC11,2026-04-16 15:00:00,2026-04-16 23:00:00,36,27.0,0,Continuity (2-mould press)
2026-04-16 00:00:00,C,4849,1225219Z15008SXC11,2026-04-16 23:00:00,2026-04-17 07:00:00,36,27.0,0,Continuity (2-mould press)
2026-04-17 00:00:00,A,4849,1225219Z15008SXC11,2026-04-17 07:00:00,2026-04-17 15:00:00,36,27.0,0,Continuity (2-mould press)
2026-04-17 00:00:00,B,4849,1225219Z15008SXC11,2026-04-17 15:00:00,2026-04-17 23:00:00,36,27.0,0,Continuity (2-mould press)
2026-04-17 00:00:00,C,4849,1225219Z15008SXC11,2026-04-17 23:00:00,2026-04-18 07:00:00,36,27.0,0,Continuity (2-mould press)
2026-04-18 00:00:00,A,4849,1225219Z15008SXC11,2026-04-18 07:00:00,2026-04-18 15:00:00,36,27.0,0,Continuity (2-mould press)
2026-04-18 00:00:00,B,4849,1225219Z15008SXC11,2026-04-18 15:00:00,2026-04-18 23:00:00,36,27.0,0,Continuity (2-mould press)
2026-04-18 00:00:00,C,4849,1225219Z15008SXC11,2026-04-18 23:00:00,2026-04-19 07:00:00,36,27.0,0,Continuity (2-mould press)
2026-04-19 00:00:00,A,4849,1225219Z15008SXC11,2026-04-19 07:00:00,2026-04-19 15:00:00,36,27.0,0,Continuity (2-mould press)
2026-04-19 00:00:00,B,4849,1225219Z15008SXC11,2026-04-19 15:00:00,2026-04-19 23:00:00,36,27.0,0,Continuity (2-mould press)
2026-04-19 00:00:00,C,4849,1225219Z15008SXC11,2026-04-19 23:00:00,2026-04-20 07:00:00,36,27.0,0,Continuity (2-mould press)
2026-04-20 00:00:00,A,4849,1225219Z15008SXC11,2026-04-20 07:00:00,2026-04-20 15:00:00,36,27.0,0,Continuity (2-mould press)
2026-04-20 00:00:00,B,4849,1225219Z15008SXC11,2026-04-20 15:00:00,2026-04-20 23:00:00,36,27.0,0,Continuity (2-mould press)
2026-04-20 00:00:00,C,4849,1225219Z15008SXC11,2026-04-20 23:00:00,2026-04-21 07:00:00,36,27.0,0,Continuity (2-mould press)
2026-04-21 00:00:00,A,4849,1225219Z15008SXC11,2026-04-21 07:00:00,2026-04-21 15:00:00,36,27.0,0,Continuity (2-mould press)
2026-04-21 00:00:00,B,4849,1225219Z15008SXC11,2026-04-21 15:00:00,2026-04-21 23:00:00,36,27.0,0,Continuity (2-mould press)
2026-04-21 00:00:00,C,4849,1225219Z15008SXC11,2026-04-21 23:00:00,2026-04-22 07:00:00,36,27.0,0,Continuity (2-mould press)
2026-04-22 00:00:00,A,4849,1225219Z15008SXC11,2026-04-22 07:00:00,2026-04-22 15:00:00,36,27.0,0,Continuity (2-mould press)
2026-04-22 00:00:00,B,4849,1225219Z15008SXC11,2026-04-22 15:00:00,2026-04-22 23:00:00,36,27.0,0,Continuity (2-mould press)
2026-04-22 00:00:00,C,4849,1225219Z15008SXC11,2026-04-22 23:00:00,2026-04-23 06:42:00,34,27.0,0,Continuity (2-mould press)
2026-04-03 00:00:00,A,4850,1D25219Z14008SXC10,2026-04-03 07:00:00,2026-04-03 15:00:00,46,21.0,0,Continuity (2-mould press)
2026-04-03 00:00:00,B,4850,1D25219Z14008SXC10,2026-04-03 15:00:00,2026-04-03 23:00:00,46,21.0,0,Continuity (2-mould press)
2026-04-03 00:00:00,C,4850,1D25219Z14008SXC10,2026-04-03 23:00:00,2026-04-04 07:00:00,46,21.0,0,Continuity (2-mould press)
2026-04-04 00:00:00,A,4850,1D25219Z14008SXC10,2026-04-04 07:00:00,2026-04-04 15:00:00,46,21.0,0,Continuity (2-mould press)
2026-04-04 00:00:00,B,4850,1D25219Z14008SXC10,2026-04-04 15:00:00,2026-04-04 23:00:00,46,21.0,0,Continuity (2-mould press)
2026-04-04 00:00:00,C,4850,1D25219Z14008SXC10,2026-04-04 23:00:00,2026-04-05 06:57:00,45,21.0,0,Continuity (2-mould press)
2026-04-03 00:00:00,A,4851,1D25216814008QXPC0,2026-04-03 07:00:00,2026-04-03 15:00:00,48,20.0,0,Continuity (2-mould press)
2026-04-03 00:00:00,B,4851,1D25216814008QXPC0,2026-04-03 15:00:00,2026-04-03 23:00:00,48,20.0,0,Continuity (2-mould press)
2026-04-03 00:00:00,C,4851,1D25216814008QXPC0,2026-04-03 23:00:00,2026-04-04 07:00:00,48,20.0,0,Continuity (2-mould press)
2026-04-04 00:00:00,A,4851,1D25216814008QXPC0,2026-04-04 07:00:00,2026-04-04 15:00:00,48,20.0,0,Continuity (2-mould press)
2026-04-04 00:00:00,B,4851,1D25216814008QXPC0,2026-04-04 15:00:00,2026-04-04 23:00:00,48,20.0,0,Continuity (2-mould press)
2026-04-04 00:00:00,C,4851,1D25216814008QXPC0,2026-04-04 23:00:00,2026-04-05 07:00:00,48,20.0,0,Continuity (2-mould press)
2026-04-05 00:00:00,A,4851,1D25216814008QXPC0,2026-04-05 07:00:00,2026-04-05 15:00:00,48,20.0,0,Continuity (2-mould press)
2026-04-05 00:00:00,B,4851,1D25216814008QXPC0,2026-04-05 15:00:00,2026-04-05 23:00:00,48,20.0,0,Continuity (2-mould press)
2026-04-05 00:00:00,C,4851,1D25216814008QXPC0,2026-04-05 23:00:00,2026-04-06 07:00:00,48,20.0,0,Continuity (2-mould press)
2026-04-06 00:00:00,A,4851,1D25216814008QXPC0,2026-04-06 07:00:00,2026-04-06 15:00:00,48,20.0,0,Continuity (2-mould press)
2026-04-06 00:00:00,B,4851,1D25216814008QXPC0,2026-04-06 15:00:00,2026-04-06 23:00:00,48,20.0,0,Continuity (2-mould press)
2026-04-06 00:00:00,C,4851,1D25216814008QXPC0,2026-04-06 23:00:00,2026-04-07 07:00:00,48,20.0,0,Continuity (2-mould press)
2026-04-07 00:00:00,A,4851,1D25216814008QXPC0,2026-04-07 07:00:00,2026-04-07 15:00:00,48,20.0,0,Continuity (2-mould press)
2026-04-07 00:00:00,B,4851,1D25216814008QXPC0,2026-04-07 15:00:00,2026-04-07 23:00:00,48,20.0,0,Continuity (2-mould press)
2026-04-07 00:00:00,C,4851,1D25216814008QXPC0,2026-04-07 23:00:00,2026-04-08 07:00:00,48,20.0,0,Continuity (2-mould press)
2026-04-08 00:00:00,A,4851,1D25216814008QXPC0,2026-04-08 07:00:00,2026-04-08 15:00:00,48,20.0,0,Continuity (2-mould press)
2026-04-08 00:00:00,B,4851,1D25216814008QXPC0,2026-04-08 15:00:00,2026-04-08 23:00:00,48,20.0,0,Continuity (2-mould press)
2026-04-08 00:00:00,C,4851,1D25216814008QXPC0,2026-04-08 23:00:00,2026-04-09 07:00:00,48,20.0,0,Continuity (2-mould press)
2026-04-09 00:00:00,A,4851,1D25216814008QXPC0,2026-04-09 07:00:00,2026-04-09 15:00:00,48,20.0,0,Continuity (2-mould press)
2026-04-09 00:00:00,B,4851,1D25216814008QXPC0,2026-04-09 15:00:00,2026-04-09 23:00:00,48,20.0,0,Continuity (2-mould press)
2026-04-09 00:00:00,C,4851,1D25216814008QXPC0,2026-04-09 23:00:00,2026-04-10 07:00:00,48,20.0,0,Continuity (2-mould press)
2026-04-10 00:00:00,A,4851,1D25216814008QXPC0,2026-04-10 07:00:00,2026-04-10 15:00:00,48,20.0,0,Continuity (2-mould press)
2026-04-10 00:00:00,B,4851,1D25216814008QXPC0,2026-04-10 15:00:00,2026-04-10 23:00:00,48,20.0,0,Continuity (2-mould press)
2026-04-10 00:00:00,C,4851,1D25216814008QXPC0,2026-04-10 23:00:00,2026-04-11 07:00:00,48,20.0,0,Continuity (2-mould press)
2026-04-11 00:00:00,A,4851,1D25216814008QXPC0,2026-04-11 07:00:00,2026-04-11 15:00:00,48,20.0,0,Continuity (2-mould press)
2026-04-11 00:00:00,B,4851,1D25216814008QXPC0,2026-04-11 15:00:00,2026-04-11 23:00:00,48,20.0,0,Continuity (2-mould press)
2026-04-11 00:00:00,C,4851,1D25216814008QXPC0,2026-04-11 23:00:00,2026-04-12 07:00:00,48,20.0,0,Continuity (2-mould press)
2026-04-12 00:00:00,A,4851,1D25216814008QXPC0,2026-04-12 07:00:00,2026-04-12 15:00:00,48,20.0,0,Continuity (2-mould press)
2026-04-12 00:00:00,B,4851,1D25216814008QXPC0,2026-04-12 15:00:00,2026-04-12 23:00:00,48,20.0,0,Continuity (2-mould press)
2026-04-12 00:00:00,C,4851,1D25216814008QXPC0,2026-04-12 23:00:00,2026-04-13 07:00:00,48,20.0,0,Continuity (2-mould press)
2026-04-13 00:00:00,A,4851,1D25216814008QXPC0,2026-04-13 07:00:00,2026-04-13 15:00:00,48,20.0,0,Continuity (2-mould press)
2026-04-13 00:00:00,B,4851,1D25216814008QXPC0,2026-04-13 15:00:00,2026-04-13 23:00:00,48,20.0,0,Continuity (2-mould press)
2026-04-13 00:00:00,C,4851,1D25216814008QXPC0,2026-04-13 23:00:00,2026-04-14 07:00:00,48,20.0,0,Continuity (2-mould press)
2026-04-14 00:00:00,A,4851,1D25216814008QXPC0,2026-04-14 07:00:00,2026-04-14 15:00:00,48,20.0,0,Continuity (2-mould press)
2026-04-14 00:00:00,B,4851,1D25216814008QXPC0,2026-04-14 15:00:00,2026-04-14 23:00:00,48,20.0,0,Continuity (2-mould press)
2026-04-14 00:00:00,C,4851,1D25216814008QXPC0,2026-04-14 23:00:00,2026-04-15 07:00:00,48,20.0,0,Continuity (2-mould press)
2026-04-15 00:00:00,A,4851,1D25216814008QXPC0,2026-04-15 07:00:00,2026-04-15 15:00:00,48,20.0,0,Continuity (2-mould press)
2026-04-15 00:00:00,B,4851,1D25216814008QXPC0,2026-04-15 15:00:00,2026-04-15 23:00:00,48,20.0,0,Continuity (2-mould press)
2026-04-15 00:00:00,C,4851,1D25216814008QXPC0,2026-04-15 23:00:00,2026-04-16 07:00:00,48,20.0,0,Continuity (2-mould press)
2026-04-16 00:00:00,A,4851,1D25216814008QXPC0,2026-04-16 07:00:00,2026-04-16 15:00:00,48,20.0,0,Continuity (2-mould press)
2026-04-16 00:00:00,B,4851,1D25216814008QXPC0,2026-04-16 15:00:00,2026-04-16 23:00:00,48,20.0,0,Continuity (2-mould press)
2026-04-16 00:00:00,C,4851,1D25216814008QXPC0,2026-04-16 23:00:00,2026-04-17 07:00:00,48,20.0,0,Continuity (2-mould press)
2026-04-17 00:00:00,A,4851,1D25216814008QXPC0,2026-04-17 07:00:00,2026-04-17 15:00:00,48,20.0,0,Continuity (2-mould press)
2026-04-17 00:00:00,B,4851,1D25216814008QXPC0,2026-04-17 15:00:00,2026-04-17 23:00:00,48,20.0,0,Continuity (2-mould press)
2026-04-17 00:00:00,C,4851,1D25216814008QXPC0,2026-04-17 23:00:00,2026-04-18 07:00:00,48,20.0,0,Continuity (2-mould press)
2026-04-18 00:00:00,A,4851,1D25216814008QXPC0,2026-04-18 07:00:00,2026-04-18 15:00:00,48,20.0,0,Continuity (2-mould press)
2026-04-18 00:00:00,B,4851,1D25216814008QXPC0,2026-04-18 15:00:00,2026-04-18 23:00:00,48,20.0,0,Continuity (2-mould press)
2026-04-18 00:00:00,C,4851,1D25216814008QXPC0,2026-04-18 23:00:00,2026-04-19 07:00:00,48,20.0,0,Continuity (2-mould press)
2026-04-19 00:00:00,A,4851,1D25216814008QXPC0,2026-04-19 07:00:00,2026-04-19 15:00:00,48,20.0,0,Continuity (2-mould press)
2026-04-19 00:00:00,B,4851,1D25216814008QXPC0,2026-04-19 15:00:00,2026-04-19 23:00:00,48,20.0,0,Continuity (2-mould press)
2026-04-19 00:00:00,C,4851,1D25216814008QXPC0,2026-04-19 23:00:00,2026-04-20 07:00:00,48,20.0,0,Continuity (2-mould press)
2026-04-20 00:00:00,A,4851,1D25216814008QXPC0,2026-04-20 07:00:00,2026-04-20 15:00:00,48,20.0,0,Continuity (2-mould press)
2026-04-20 00:00:00,B,4851,1D25216814008QXPC0,2026-04-20 15:00:00,2026-04-20 23:00:00,48,20.0,0,Continuity (2-mould press)
2026-04-20 00:00:00,C,4851,1D25216814008QXPC0,2026-04-20 23:00:00,2026-04-21 07:00:00,48,20.0,0,Continuity (2-mould press)
2026-04-21 00:00:00,A,4851,1D25216814008QXPC0,2026-04-21 07:00:00,2026-04-21 15:00:00,48,20.0,0,Continuity (2-mould press)
2026-04-21 00:00:00,B,4851,1D25216814008QXPC0,2026-04-21 15:00:00,2026-04-21 23:00:00,48,20.0,0,Continuity (2-mould press)
2026-04-21 00:00:00,C,4851,1D25216814008QXPC0,2026-04-21 23:00:00,2026-04-22 07:00:00,48,20.0,0,Continuity (2-mould press)
2026-04-22 00:00:00,A,4851,1D25216814008QXPC0,2026-04-22 07:00:00,2026-04-22 14:40:00,46,20.0,0,Continuity (2-mould press)
2026-04-22 00:00:00,A,4851,MOULD_CLEAN,2026-04-22 14:40:00,2026-04-22 15:00:00,0,0.0,0,Mould cleaning (continuity)
2026-04-22 00:00:00,B,4851,MOULD_CLEAN,2026-04-22 15:00:00,2026-04-22 17:40:00,0,0.0,0,Mould cleaning (continuity)
2026-04-22 00:00:00,B,4851,1D25216814008QXPC0,2026-04-22 17:40:00,2026-04-22 23:00:00,32,20.0,0,Continuity (2-mould press)
2026-04-22 00:00:00,C,4851,1D25216814008QXPC0,2026-04-22 23:00:00,2026-04-23 07:00:00,48,20.0,0,Continuity (2-mould press)
2026-04-23 00:00:00,A,4851,1D25216814008QXPC0,2026-04-23 07:00:00,2026-04-23 15:00:00,48,20.0,0,Continuity (2-mould press)
2026-04-23 00:00:00,B,4851,1D25216814008QXPC0,2026-04-23 15:00:00,2026-04-23 23:00:00,48,20.0,0,Continuity (2-mould press)
2026-04-23 00:00:00,C,4851,1D25216814008QXPC0,2026-04-23 23:00:00,2026-04-24 07:00:00,48,20.0,0,Continuity (2-mould press)
2026-04-24 00:00:00,A,4851,1D25216814008QXPC0,2026-04-24 07:00:00,2026-04-24 15:00:00,48,20.0,0,Continuity (2-mould press)
2026-04-24 00:00:00,B,4851,1D25216814008QXPC0,2026-04-24 15:00:00,2026-04-24 23:00:00,48,20.0,0,Continuity (2-mould press)
2026-04-24 00:00:00,C,4851,1D25216814008QXPC0,2026-04-24 23:00:00,2026-04-25 07:00:00,48,20.0,0,Continuity (2-mould press)
2026-04-25 00:00:00,A,4851,1D25216814008QXPC0,2026-04-25 07:00:00,2026-04-25 15:00:00,48,20.0,0,Continuity (2-mould press)
2026-04-25 00:00:00,B,4851,1D25216814008QXPC0,2026-04-25 15:00:00,2026-04-25 23:00:00,48,20.0,0,Continuity (2-mould press)
2026-04-25 00:00:00,C,4851,1D25216814008QXPC0,2026-04-25 23:00:00,2026-04-26 07:00:00,48,20.0,0,Continuity (2-mould press)
2026-04-26 00:00:00,A,4851,1D25216814008QXPC0,2026-04-26 07:00:00,2026-04-26 15:00:00,48,20.0,0,Continuity (2-mould press)
2026-04-26 00:00:00,B,4851,1D25216814008QXPC0,2026-04-26 15:00:00,2026-04-26 23:00:00,48,20.0,0,Continuity (2-mould press)
2026-04-26 00:00:00,C,4851,1D25216814008QXPC0,2026-04-26 23:00:00,2026-04-27 07:00:00,48,20.0,0,Continuity (2-mould press)
2026-04-27 00:00:00,A,4851,1D25216814008QXPC0,2026-04-27 07:00:00,2026-04-27 15:00:00,48,20.0,0,Continuity (2-mould press)
2026-04-27 00:00:00,B,4851,1D25216814008QXPC0,2026-04-27 15:00:00,2026-04-27 23:00:00,48,20.0,0,Continuity (2-mould press)
2026-04-27 00:00:00,C,4851,1D25216814008QXPC0,2026-04-27 23:00:00,2026-04-28 07:00:00,48,20.0,0,Continuity (2-mould press)
2026-04-28 00:00:00,A,4851,1D25216814008QXPC0,2026-04-28 07:00:00,2026-04-28 15:00:00,48,20.0,0,Continuity (2-mould press)
2026-04-28 00:00:00,B,4851,1D25216814008QXPC0,2026-04-28 15:00:00,2026-04-28 23:00:00,48,20.0,0,Continuity (2-mould press)
2026-04-28 00:00:00,C,4851,1D25216814008QXPC0,2026-04-28 23:00:00,2026-04-29 07:00:00,48,20.0,0,Continuity (2-mould press)
2026-04-29 00:00:00,A,4851,1D25216814008QXPC0,2026-04-29 07:00:00,2026-04-29 15:00:00,48,20.0,0,Continuity (2-mould press)
2026-04-29 00:00:00,B,4851,1D25216814008QXPC0,2026-04-29 15:00:00,2026-04-29 23:00:00,48,20.0,0,Continuity (2-mould press)
2026-04-29 00:00:00,C,4851,1D25216814008QXPC0,2026-04-29 23:00:00,2026-04-30 07:00:00,48,20.0,0,Continuity (2-mould press)
2026-04-30 00:00:00,A,4851,1D25216814008QXPC0,2026-04-30 07:00:00,2026-04-30 15:00:00,48,20.0,0,Continuity (2-mould press)
2026-04-30 00:00:00,B,4851,1D25216814008QXPC0,2026-04-30 15:00:00,2026-04-30 23:00:00,48,20.0,0,Continuity (2-mould press)
2026-04-30 00:00:00,C,4851,1D25216814008QXPC0,2026-04-30 23:00:00,2026-05-01 07:00:00,48,20.0,0,Continuity (2-mould press)
2026-05-01 00:00:00,A,4851,1D25216814008QXPC0,2026-05-01 07:00:00,2026-05-01 15:00:00,48,20.0,0,Continuity (2-mould press)
2026-05-01 00:00:00,B,4851,1D25216814008QXPC0,2026-05-01 15:00:00,2026-05-01 23:00:00,48,20.0,0,Continuity (2-mould press)
2026-05-01 00:00:00,C,4851,1D25216814008QXPC0,2026-05-01 23:00:00,2026-05-02 07:00:00,48,20.0,0,Continuity (2-mould press)
2026-05-02 00:00:00,A,4851,1D25216814008QXPC0,2026-05-02 07:00:00,2026-05-02 15:00:00,48,20.0,0,Continuity (2-mould press)
2026-05-02 00:00:00,B,4851,1D25216814008QXPC0,2026-05-02 15:00:00,2026-05-02 23:00:00,48,20.0,0,Continuity (2-mould press)
2026-05-02 00:00:00,C,4851,1D25216814008QXPC0,2026-05-02 23:00:00,2026-05-03 07:00:00,48,20.0,0,Continuity (2-mould press)
2026-04-03 00:00:00,A,4852,1D25215013008SXC10,2026-04-03 07:00:00,2026-04-03 15:00:00,51,19.0,0,Continuity (2-mould press)
2026-04-03 00:00:00,B,4852,1D25215013008SXC10,2026-04-03 15:00:00,2026-04-03 23:00:00,51,19.0,0,Continuity (2-mould press)
2026-04-03 00:00:00,C,4852,1D25215013008SXC10,2026-04-03 23:00:00,2026-04-04 07:00:00,51,19.0,0,Continuity (2-mould press)
2026-04-04 00:00:00,A,4852,1D25215013008SXC10,2026-04-04 07:00:00,2026-04-04 15:00:00,51,19.0,0,Continuity (2-mould press)
2026-04-04 00:00:00,B,4852,1D25215013008SXC10,2026-04-04 15:00:00,2026-04-04 23:00:00,51,19.0,0,Continuity (2-mould press)
2026-04-04 00:00:00,C,4852,1D25215013008SXC10,2026-04-04 23:00:00,2026-04-05 07:00:00,51,19.0,0,Continuity (2-mould press)
2026-04-05 00:00:00,A,4852,1D25215013008SXC10,2026-04-05 07:00:00,2026-04-05 15:00:00,51,19.0,0,Continuity (2-mould press)
2026-04-05 00:00:00,B,4852,1D25215013008SXC10,2026-04-05 15:00:00,2026-04-05 23:00:00,51,19.0,0,Continuity (2-mould press)
2026-04-05 00:00:00,C,4852,1D25215013008SXC10,2026-04-05 23:00:00,2026-04-06 07:00:00,51,19.0,0,Continuity (2-mould press)
2026-04-06 00:00:00,A,4852,1D25215013008SXC10,2026-04-06 07:00:00,2026-04-06 15:00:00,51,19.0,0,Continuity (2-mould press)
2026-04-06 00:00:00,B,4852,1D25215013008SXC10,2026-04-06 15:00:00,2026-04-06 21:27:00,41,19.0,0,Continuity (2-mould press)
2026-04-06 00:00:00,B,4852,MOULD_CLEAN,2026-04-06 21:27:00,2026-04-06 23:00:00,0,0.0,0,Mould cleaning (continuity)
2026-04-06 00:00:00,C,4852,MOULD_CLEAN,2026-04-06 23:00:00,2026-04-07 00:27:00,0,0.0,0,Mould cleaning (continuity)
2026-04-06 00:00:00,C,4852,1D25215013008SXC10,2026-04-07 00:27:00,2026-04-07 07:00:00,41,19.0,0,Continuity (2-mould press)
2026-04-07 00:00:00,A,4852,1D25215013008SXC10,2026-04-07 07:00:00,2026-04-07 15:00:00,51,19.0,0,Continuity (2-mould press)
2026-04-07 00:00:00,B,4852,1D25215013008SXC10,2026-04-07 15:00:00,2026-04-07 23:00:00,51,19.0,0,Continuity (2-mould press)
2026-04-07 00:00:00,C,4852,1D25215013008SXC10,2026-04-07 23:00:00,2026-04-08 07:00:00,51,19.0,0,Continuity (2-mould press)
2026-04-08 00:00:00,A,4852,1D25215013008SXC10,2026-04-08 07:00:00,2026-04-08 15:00:00,51,19.0,0,Continuity (2-mould press)
2026-04-08 00:00:00,B,4852,1D25215013008SXC10,2026-04-08 15:00:00,2026-04-08 23:00:00,51,19.0,0,Continuity (2-mould press)
2026-04-08 00:00:00,C,4852,1D25215013008SXC10,2026-04-08 23:00:00,2026-04-09 07:00:00,51,19.0,0,Continuity (2-mould press)
2026-04-09 00:00:00,A,4852,1D25215013008SXC10,2026-04-09 07:00:00,2026-04-09 15:00:00,51,19.0,0,Continuity (2-mould press)
2026-04-09 00:00:00,B,4852,1D25215013008SXC10,2026-04-09 15:00:00,2026-04-09 23:00:00,51,19.0,0,Continuity (2-mould press)
2026-04-09 00:00:00,C,4852,1D25215013008SXC10,2026-04-09 23:00:00,2026-04-10 07:00:00,51,19.0,0,Continuity (2-mould press)
2026-04-10 00:00:00,A,4852,1D25215013008SXC10,2026-04-10 07:00:00,2026-04-10 15:00:00,51,19.0,0,Continuity (2-mould press)
2026-04-10 00:00:00,B,4852,1D25215013008SXC10,2026-04-10 15:00:00,2026-04-10 23:00:00,51,19.0,0,Continuity (2-mould press)
2026-04-10 00:00:00,C,4852,1D25215013008SXC10,2026-04-10 23:00:00,2026-04-11 07:00:00,51,19.0,0,Continuity (2-mould press)
2026-04-11 00:00:00,A,4852,1D25215013008SXC10,2026-04-11 07:00:00,2026-04-11 15:00:00,51,19.0,0,Continuity (2-mould press)
2026-04-11 00:00:00,B,4852,1D25215013008SXC10,2026-04-11 15:00:00,2026-04-11 23:00:00,51,19.0,0,Continuity (2-mould press)
2026-04-11 00:00:00,C,4852,1D25215013008SXC10,2026-04-11 23:00:00,2026-04-12 07:00:00,51,19.0,0,Continuity (2-mould press)
2026-04-12 00:00:00,A,4852,1D25215013008SXC10,2026-04-12 07:00:00,2026-04-12 15:00:00,51,19.0,0,Continuity (2-mould press)
2026-04-12 00:00:00,B,4852,1D25215013008SXC10,2026-04-12 15:00:00,2026-04-12 23:00:00,51,19.0,0,Continuity (2-mould press)
2026-04-12 00:00:00,C,4852,1D25215013008SXC10,2026-04-12 23:00:00,2026-04-13 07:00:00,51,19.0,0,Continuity (2-mould press)
2026-04-13 00:00:00,A,4852,1D25215013008SXC10,2026-04-13 07:00:00,2026-04-13 15:00:00,51,19.0,0,Continuity (2-mould press)
2026-04-13 00:00:00,B,4852,1D25215013008SXC10,2026-04-13 15:00:00,2026-04-13 23:00:00,51,19.0,0,Continuity (2-mould press)
2026-04-13 00:00:00,C,4852,1D25215013008SXC10,2026-04-13 23:00:00,2026-04-14 07:00:00,51,19.0,0,Continuity (2-mould press)
2026-04-14 00:00:00,A,4852,1D25215013008SXC10,2026-04-14 07:00:00,2026-04-14 15:00:00,51,19.0,0,Continuity (2-mould press)
2026-04-14 00:00:00,B,4852,1D25215013008SXC10,2026-04-14 15:00:00,2026-04-14 23:00:00,51,19.0,0,Continuity (2-mould press)
2026-04-14 00:00:00,C,4852,1D25215013008SXC10,2026-04-14 23:00:00,2026-04-15 07:00:00,51,19.0,0,Continuity (2-mould press)
2026-04-15 00:00:00,A,4852,1D25215013008SXC10,2026-04-15 07:00:00,2026-04-15 15:00:00,51,19.0,0,Continuity (2-mould press)
2026-04-15 00:00:00,B,4852,1D25215013008SXC10,2026-04-15 15:00:00,2026-04-15 23:00:00,51,19.0,0,Continuity (2-mould press)
2026-04-15 00:00:00,C,4852,1D25215013008SXC10,2026-04-15 23:00:00,2026-04-16 07:00:00,51,19.0,0,Continuity (2-mould press)
2026-04-16 00:00:00,A,4852,1D25215013008SXC10,2026-04-16 07:00:00,2026-04-16 15:00:00,51,19.0,0,Continuity (2-mould press)
2026-04-16 00:00:00,B,4852,1D25215013008SXC10,2026-04-16 15:00:00,2026-04-16 23:00:00,51,19.0,0,Continuity (2-mould press)
2026-04-16 00:00:00,C,4852,1D25215013008SXC10,2026-04-16 23:00:00,2026-04-17 07:00:00,51,19.0,0,Continuity (2-mould press)
2026-04-17 00:00:00,A,4852,1D25215013008SXC10,2026-04-17 07:00:00,2026-04-17 15:00:00,51,19.0,0,Continuity (2-mould press)
2026-04-17 00:00:00,B,4852,1D25215013008SXC10,2026-04-17 15:00:00,2026-04-17 23:00:00,51,19.0,0,Continuity (2-mould press)
2026-04-17 00:00:00,C,4852,1D25215013008SXC10,2026-04-17 23:00:00,2026-04-18 07:00:00,51,19.0,0,Continuity (2-mould press)
2026-04-18 00:00:00,A,4852,1D25215013008SXC10,2026-04-18 07:00:00,2026-04-18 15:00:00,51,19.0,0,Continuity (2-mould press)
2026-04-18 00:00:00,B,4852,1D25215013008SXC10,2026-04-18 15:00:00,2026-04-18 23:00:00,51,19.0,0,Continuity (2-mould press)
2026-04-18 00:00:00,C,4852,1D25215013008SXC10,2026-04-18 23:00:00,2026-04-19 07:00:00,51,19.0,0,Continuity (2-mould press)
2026-04-19 00:00:00,A,4852,1D25215013008SXC10,2026-04-19 07:00:00,2026-04-19 15:00:00,51,19.0,0,Continuity (2-mould press)
2026-04-19 00:00:00,B,4852,1D25215013008SXC10,2026-04-19 15:00:00,2026-04-19 23:00:00,51,19.0,0,Continuity (2-mould press)
2026-04-19 00:00:00,C,4852,1D25215013008SXC10,2026-04-19 23:00:00,2026-04-20 07:00:00,51,19.0,0,Continuity (2-mould press)
2026-04-20 00:00:00,A,4852,1D25215013008SXC10,2026-04-20 07:00:00,2026-04-20 15:00:00,51,19.0,0,Continuity (2-mould press)
2026-04-20 00:00:00,B,4852,1D25215013008SXC10,2026-04-20 15:00:00,2026-04-20 23:00:00,51,19.0,0,Continuity (2-mould press)
2026-04-20 00:00:00,C,4852,1D25215013008SXC10,2026-04-20 23:00:00,2026-04-21 07:00:00,51,19.0,0,Continuity (2-mould press)
2026-04-21 00:00:00,A,4852,1D25215013008SXC10,2026-04-21 07:00:00,2026-04-21 15:00:00,51,19.0,0,Continuity (2-mould press)
2026-04-21 00:00:00,B,4852,1D25215013008SXC10,2026-04-21 15:00:00,2026-04-21 23:00:00,51,19.0,0,Continuity (2-mould press)
2026-04-21 00:00:00,C,4852,1D25215013008SXC10,2026-04-21 23:00:00,2026-04-22 07:00:00,51,19.0,0,Continuity (2-mould press)
2026-04-22 00:00:00,A,4852,1D25215013008SXC10,2026-04-22 07:00:00,2026-04-22 15:00:00,51,19.0,0,Continuity (2-mould press)
2026-04-22 00:00:00,B,4852,1D25215013008SXC10,2026-04-22 15:00:00,2026-04-22 23:00:00,51,19.0,0,Continuity (2-mould press)
2026-04-22 00:00:00,C,4852,1D25215013008SXC10,2026-04-22 23:00:00,2026-04-23 07:00:00,51,19.0,0,Continuity (2-mould press)
2026-04-23 00:00:00,A,4852,1D25215013008SXC10,2026-04-23 07:00:00,2026-04-23 15:00:00,51,19.0,0,Continuity (2-mould press)
2026-04-23 00:00:00,B,4852,1D25215013008SXC10,2026-04-23 15:00:00,2026-04-23 23:00:00,51,19.0,0,Continuity (2-mould press)
2026-04-23 00:00:00,C,4852,1D25215013008SXC10,2026-04-23 23:00:00,2026-04-24 07:00:00,51,19.0,0,Continuity (2-mould press)
2026-04-24 00:00:00,A,4852,1D25215013008SXC10,2026-04-24 07:00:00,2026-04-24 15:00:00,51,19.0,0,Continuity (2-mould press)
2026-04-24 00:00:00,B,4852,1D25215013008SXC10,2026-04-24 15:00:00,2026-04-24 23:00:00,51,19.0,0,Continuity (2-mould press)
2026-04-24 00:00:00,C,4852,1D25215013008SXC10,2026-04-24 23:00:00,2026-04-25 07:00:00,51,19.0,0,Continuity (2-mould press)
2026-04-25 00:00:00,A,4852,1D25215013008SXC10,2026-04-25 07:00:00,2026-04-25 15:00:00,51,19.0,0,Continuity (2-mould press)
2026-04-25 00:00:00,B,4852,1D25215013008SXC10,2026-04-25 15:00:00,2026-04-25 23:00:00,51,19.0,0,Continuity (2-mould press)
2026-04-25 00:00:00,C,4852,1D25215013008SXC10,2026-04-25 23:00:00,2026-04-26 07:00:00,51,19.0,0,Continuity (2-mould press)
2026-04-26 00:00:00,A,4852,1D25215013008SXC10,2026-04-26 07:00:00,2026-04-26 15:00:00,51,19.0,0,Continuity (2-mould press)
2026-04-26 00:00:00,B,4852,1D25215013008SXC10,2026-04-26 15:00:00,2026-04-26 23:00:00,51,19.0,0,Continuity (2-mould press)
2026-04-26 00:00:00,C,4852,1D25215013008SXC10,2026-04-26 23:00:00,2026-04-27 07:00:00,51,19.0,0,Continuity (2-mould press)
2026-04-27 00:00:00,A,4852,1D25215013008SXC10,2026-04-27 07:00:00,2026-04-27 15:00:00,51,19.0,0,Continuity (2-mould press)
2026-04-27 00:00:00,B,4852,1D25215013008SXC10,2026-04-27 15:00:00,2026-04-27 23:00:00,51,19.0,0,Continuity (2-mould press)
2026-04-27 00:00:00,C,4852,1D25215013008SXC10,2026-04-27 23:00:00,2026-04-28 07:00:00,51,19.0,0,Continuity (2-mould press)
2026-04-28 00:00:00,A,4852,1D25215013008SXC10,2026-04-28 07:00:00,2026-04-28 15:00:00,51,19.0,0,Continuity (2-mould press)
2026-04-28 00:00:00,B,4852,1D25215013008SXC10,2026-04-28 15:00:00,2026-04-28 23:00:00,51,19.0,0,Continuity (2-mould press)
2026-04-28 00:00:00,C,4852,1D25215013008SXC10,2026-04-28 23:00:00,2026-04-29 07:00:00,51,19.0,0,Continuity (2-mould press)
2026-04-29 00:00:00,A,4852,1D25215013008SXC10,2026-04-29 07:00:00,2026-04-29 15:00:00,51,19.0,0,Continuity (2-mould press)
2026-04-29 00:00:00,B,4852,1D25215013008SXC10,2026-04-29 15:00:00,2026-04-29 23:00:00,51,19.0,0,Continuity (2-mould press)
2026-04-29 00:00:00,C,4852,1D25215013008SXC10,2026-04-29 23:00:00,2026-04-30 07:00:00,51,19.0,0,Continuity (2-mould press)
2026-04-30 00:00:00,A,4852,1D25215013008SXC10,2026-04-30 07:00:00,2026-04-30 07:41:00,4,19.0,0,Continuity (2-mould press)
2026-04-03 00:00:00,A,4853,1325221318095HURL0,2026-04-03 07:00:00,2026-04-03 15:00:00,51,19.0,0,Continuity (2-mould press)
2026-04-03 00:00:00,B,4853,1325221318095HURL0,2026-04-03 15:00:00,2026-04-03 23:00:00,51,19.0,0,Continuity (2-mould press)
2026-04-03 00:00:00,C,4853,1325221318095HURL0,2026-04-03 23:00:00,2026-04-04 07:00:00,51,19.0,0,Continuity (2-mould press)
2026-04-04 00:00:00,A,4853,1325221318095HURL0,2026-04-04 07:00:00,2026-04-04 15:00:00,51,19.0,0,Continuity (2-mould press)
2026-04-04 00:00:00,B,4853,1325221318095HURL0,2026-04-04 15:00:00,2026-04-04 23:00:00,51,19.0,0,Continuity (2-mould press)
2026-04-04 00:00:00,C,4853,1325221318095HURL0,2026-04-04 23:00:00,2026-04-05 07:00:00,51,19.0,0,Continuity (2-mould press)
2026-04-05 00:00:00,A,4853,1325221318095HURL0,2026-04-05 07:00:00,2026-04-05 15:00:00,51,19.0,0,Continuity (2-mould press)
2026-04-05 00:00:00,B,4853,1325221318095HURL0,2026-04-05 15:00:00,2026-04-05 23:00:00,51,19.0,0,Continuity (2-mould press)
2026-04-05 00:00:00,C,4853,1325221318095HURL0,2026-04-05 23:00:00,2026-04-06 07:00:00,51,19.0,0,Continuity (2-mould press)
2026-04-06 00:00:00,A,4853,1325221318095HURL0,2026-04-06 07:00:00,2026-04-06 15:00:00,51,19.0,0,Continuity (2-mould press)
2026-04-06 00:00:00,B,4853,1325221318095HURL0,2026-04-06 15:00:00,2026-04-06 23:00:00,51,19.0,0,Continuity (2-mould press)
2026-04-06 00:00:00,C,4853,1325221318095HURL0,2026-04-06 23:00:00,2026-04-07 07:00:00,51,19.0,0,Continuity (2-mould press)
2026-04-07 00:00:00,A,4853,1325221318095HURL0,2026-04-07 07:00:00,2026-04-07 15:00:00,51,19.0,0,Continuity (2-mould press)
2026-04-07 00:00:00,B,4853,1325221318095HURL0,2026-04-07 15:00:00,2026-04-07 23:00:00,51,19.0,0,Continuity (2-mould press)
2026-04-07 00:00:00,C,4853,1325221318095HURL0,2026-04-07 23:00:00,2026-04-08 07:00:00,51,19.0,0,Continuity (2-mould press)
2026-04-08 00:00:00,A,4853,1325221318095HURL0,2026-04-08 07:00:00,2026-04-08 15:00:00,51,19.0,0,Continuity (2-mould press)
2026-04-08 00:00:00,B,4853,1325221318095HURL0,2026-04-08 15:00:00,2026-04-08 23:00:00,51,19.0,0,Continuity (2-mould press)
2026-04-08 00:00:00,C,4853,1325221318095HURL0,2026-04-08 23:00:00,2026-04-09 07:00:00,51,19.0,0,Continuity (2-mould press)
2026-04-09 00:00:00,A,4853,1325221318095HURL0,2026-04-09 07:00:00,2026-04-09 15:00:00,51,19.0,0,Continuity (2-mould press)
2026-04-09 00:00:00,B,4853,1325221318095HURL0,2026-04-09 15:00:00,2026-04-09 23:00:00,51,19.0,0,Continuity (2-mould press)
2026-04-09 00:00:00,C,4853,1325221318095HURL0,2026-04-09 23:00:00,2026-04-10 07:00:00,51,19.0,0,Continuity (2-mould press)
2026-04-10 00:00:00,A,4853,1325221318095HURL0,2026-04-10 07:00:00,2026-04-10 15:00:00,51,19.0,0,Continuity (2-mould press)
2026-04-10 00:00:00,B,4853,1325221318095HURL0,2026-04-10 15:00:00,2026-04-10 23:00:00,51,19.0,0,Continuity (2-mould press)
2026-04-10 00:00:00,C,4853,1325221318095HURL0,2026-04-10 23:00:00,2026-04-11 07:00:00,51,19.0,0,Continuity (2-mould press)
2026-04-11 00:00:00,A,4853,1325221318095HURL0,2026-04-11 07:00:00,2026-04-11 15:00:00,51,19.0,0,Continuity (2-mould press)
2026-04-11 00:00:00,B,4853,1325221318095HURL0,2026-04-11 15:00:00,2026-04-11 23:00:00,51,19.0,0,Continuity (2-mould press)
2026-04-11 00:00:00,C,4853,1325221318095HURL0,2026-04-11 23:00:00,2026-04-12 07:00:00,51,19.0,0,Continuity (2-mould press)
2026-04-12 00:00:00,A,4853,1325221318095HURL0,2026-04-12 07:00:00,2026-04-12 15:00:00,51,19.0,0,Continuity (2-mould press)
2026-04-12 00:00:00,B,4853,1325221318095HURL0,2026-04-12 15:00:00,2026-04-12 23:00:00,51,19.0,0,Continuity (2-mould press)
2026-04-12 00:00:00,C,4853,1325221318095HURL0,2026-04-12 23:00:00,2026-04-13 07:00:00,51,19.0,0,Continuity (2-mould press)
2026-04-13 00:00:00,A,4853,1325221318095HURL0,2026-04-13 07:00:00,2026-04-13 15:00:00,51,19.0,0,Continuity (2-mould press)
2026-04-13 00:00:00,B,4853,1325221318095HURL0,2026-04-13 15:00:00,2026-04-13 23:00:00,51,19.0,0,Continuity (2-mould press)
2026-04-13 00:00:00,C,4853,1325221318095HURL0,2026-04-13 23:00:00,2026-04-14 07:00:00,51,19.0,0,Continuity (2-mould press)
2026-04-14 00:00:00,A,4853,1325221318095HURL0,2026-04-14 07:00:00,2026-04-14 15:00:00,51,19.0,0,Continuity (2-mould press)
2026-04-14 00:00:00,B,4853,1325221318095HURL0,2026-04-14 15:00:00,2026-04-14 23:00:00,51,19.0,0,Continuity (2-mould press)
2026-04-14 00:00:00,C,4853,1325221318095HURL0,2026-04-14 23:00:00,2026-04-15 07:00:00,51,19.0,0,Continuity (2-mould press)
2026-04-15 00:00:00,A,4853,1325221318095HURL0,2026-04-15 07:00:00,2026-04-15 15:00:00,51,19.0,0,Continuity (2-mould press)
2026-04-15 00:00:00,B,4853,1325221318095HURL0,2026-04-15 15:00:00,2026-04-15 23:00:00,51,19.0,0,Continuity (2-mould press)
2026-04-15 00:00:00,C,4853,1325221318095HURL0,2026-04-15 23:00:00,2026-04-16 07:00:00,51,19.0,0,Continuity (2-mould press)
2026-04-16 00:00:00,A,4853,1325221318095HURL0,2026-04-16 07:00:00,2026-04-16 15:00:00,51,19.0,0,Continuity (2-mould press)
2026-04-16 00:00:00,B,4853,1325221318095HURL0,2026-04-16 15:00:00,2026-04-16 23:00:00,51,19.0,0,Continuity (2-mould press)
2026-04-16 00:00:00,C,4853,1325221318095HURL0,2026-04-16 23:00:00,2026-04-17 07:00:00,51,19.0,0,Continuity (2-mould press)
2026-04-17 00:00:00,A,4853,1325221318095HURL0,2026-04-17 07:00:00,2026-04-17 15:00:00,51,19.0,0,Continuity (2-mould press)
2026-04-17 00:00:00,B,4853,1325221318095HURL0,2026-04-17 15:00:00,2026-04-17 23:00:00,51,19.0,0,Continuity (2-mould press)
2026-04-17 00:00:00,C,4853,1325221318095HURL0,2026-04-17 23:00:00,2026-04-18 07:00:00,51,19.0,0,Continuity (2-mould press)
2026-04-18 00:00:00,A,4853,1325221318095HURL0,2026-04-18 07:00:00,2026-04-18 15:00:00,51,19.0,0,Continuity (2-mould press)
2026-04-18 00:00:00,B,4853,1325221318095HURL0,2026-04-18 15:00:00,2026-04-18 23:00:00,51,19.0,0,Continuity (2-mould press)
2026-04-18 00:00:00,C,4853,1325221318095HURL0,2026-04-18 23:00:00,2026-04-19 07:00:00,51,19.0,0,Continuity (2-mould press)
2026-04-19 00:00:00,A,4853,1325221318095HURL0,2026-04-19 07:00:00,2026-04-19 15:00:00,51,19.0,0,Continuity (2-mould press)
2026-04-19 00:00:00,B,4853,1325221318095HURL0,2026-04-19 15:00:00,2026-04-19 23:00:00,51,19.0,0,Continuity (2-mould press)
2026-04-19 00:00:00,C,4853,1325221318095HURL0,2026-04-19 23:00:00,2026-04-20 07:00:00,51,19.0,0,Continuity (2-mould press)
2026-04-20 00:00:00,A,4853,1325221318095HURL0,2026-04-20 07:00:00,2026-04-20 15:00:00,51,19.0,0,Continuity (2-mould press)
2026-04-20 00:00:00,B,4853,1325221318095HURL0,2026-04-20 15:00:00,2026-04-20 23:00:00,51,19.0,0,Continuity (2-mould press)
2026-04-20 00:00:00,C,4853,1325221318095HURL0,2026-04-20 23:00:00,2026-04-21 07:00:00,51,19.0,0,Continuity (2-mould press)
2026-04-21 00:00:00,A,4853,1325221318095HURL0,2026-04-21 07:00:00,2026-04-21 15:00:00,51,19.0,0,Continuity (2-mould press)
2026-04-21 00:00:00,B,4853,1325221318095HURL0,2026-04-21 15:00:00,2026-04-21 23:00:00,51,19.0,0,Continuity (2-mould press)
2026-04-21 00:00:00,C,4853,1325221318095HURL0,2026-04-21 23:00:00,2026-04-22 07:00:00,51,19.0,0,Continuity (2-mould press)
2026-04-22 00:00:00,A,4853,1325221318095HURL0,2026-04-22 07:00:00,2026-04-22 15:00:00,51,19.0,0,Continuity (2-mould press)
2026-04-22 00:00:00,B,4853,1325221318095HURL0,2026-04-22 15:00:00,2026-04-22 23:00:00,51,19.0,0,Continuity (2-mould press)
2026-04-22 00:00:00,C,4853,1325221318095HURL0,2026-04-22 23:00:00,2026-04-23 07:00:00,51,19.0,0,Continuity (2-mould press)
2026-04-23 00:00:00,A,4853,1325221318095HURL0,2026-04-23 07:00:00,2026-04-23 15:00:00,51,19.0,0,Continuity (2-mould press)
2026-04-23 00:00:00,B,4853,1325221318095HURL0,2026-04-23 15:00:00,2026-04-23 23:00:00,51,19.0,0,Continuity (2-mould press)
2026-04-23 00:00:00,C,4853,1325221318095HURL0,2026-04-23 23:00:00,2026-04-24 07:00:00,51,19.0,0,Continuity (2-mould press)
2026-04-24 00:00:00,A,4853,1325221318095HURL0,2026-04-24 07:00:00,2026-04-24 15:00:00,51,19.0,0,Continuity (2-mould press)
2026-04-24 00:00:00,B,4853,1325221318095HURL0,2026-04-24 15:00:00,2026-04-24 23:00:00,51,19.0,0,Continuity (2-mould press)
2026-04-24 00:00:00,C,4853,1325221318095HURL0,2026-04-24 23:00:00,2026-04-25 07:00:00,51,19.0,0,Continuity (2-mould press)
2026-04-25 00:00:00,A,4853,1325221318095HURL0,2026-04-25 07:00:00,2026-04-25 15:00:00,51,19.0,0,Continuity (2-mould press)
2026-04-25 00:00:00,B,4853,1325221318095HURL0,2026-04-25 15:00:00,2026-04-25 23:00:00,51,19.0,0,Continuity (2-mould press)
2026-04-25 00:00:00,C,4853,1325221318095HURL0,2026-04-25 23:00:00,2026-04-26 07:00:00,51,19.0,0,Continuity (2-mould press)
2026-04-26 00:00:00,A,4853,1325221318095HURL0,2026-04-26 07:00:00,2026-04-26 15:00:00,51,19.0,0,Continuity (2-mould press)
2026-04-26 00:00:00,B,4853,1325221318095HURL0,2026-04-26 15:00:00,2026-04-26 23:00:00,51,19.0,0,Continuity (2-mould press)
2026-04-26 00:00:00,C,4853,1325221318095HURL0,2026-04-26 23:00:00,2026-04-27 07:00:00,51,19.0,0,Continuity (2-mould press)
2026-04-27 00:00:00,A,4853,1325221318095HURL0,2026-04-27 07:00:00,2026-04-27 15:00:00,51,19.0,0,Continuity (2-mould press)
2026-04-27 00:00:00,B,4853,1325221318095HURL0,2026-04-27 15:00:00,2026-04-27 23:00:00,51,19.0,0,Continuity (2-mould press)
2026-04-27 00:00:00,C,4853,1325221318095HURL0,2026-04-27 23:00:00,2026-04-28 07:00:00,51,19.0,0,Continuity (2-mould press)
2026-04-28 00:00:00,A,4853,1325221318095HURL0,2026-04-28 07:00:00,2026-04-28 15:00:00,51,19.0,0,Continuity (2-mould press)
2026-04-28 00:00:00,B,4853,1325221318095HURL0,2026-04-28 15:00:00,2026-04-28 23:00:00,51,19.0,0,Continuity (2-mould press)
2026-04-28 00:00:00,C,4853,1325221318095HURL0,2026-04-28 23:00:00,2026-04-29 07:00:00,51,19.0,0,Continuity (2-mould press)
2026-04-29 00:00:00,A,4853,1325221318095HURL0,2026-04-29 07:00:00,2026-04-29 15:00:00,51,19.0,0,Continuity (2-mould press)
2026-04-29 00:00:00,B,4853,1325221318095HURL0,2026-04-29 15:00:00,2026-04-29 23:00:00,51,19.0,0,Continuity (2-mould press)
2026-04-29 00:00:00,C,4853,1325221318095HURL0,2026-04-29 23:00:00,2026-04-30 07:00:00,51,19.0,0,Continuity (2-mould press)
2026-04-30 00:00:00,A,4853,1325221318095HURL0,2026-04-30 07:00:00,2026-04-30 15:00:00,51,19.0,0,Continuity (2-mould press)
2026-04-30 00:00:00,B,4853,1325221318095HURL0,2026-04-30 15:00:00,2026-04-30 23:00:00,51,19.0,0,Continuity (2-mould press)
2026-04-30 00:00:00,C,4853,1325221318095HURL0,2026-04-30 23:00:00,2026-05-01 07:00:00,51,19.0,0,Continuity (2-mould press)
2026-05-01 00:00:00,A,4853,1325221318095HURL0,2026-05-01 07:00:00,2026-05-01 15:00:00,51,19.0,0,Continuity (2-mould press)
2026-05-01 00:00:00,B,4853,1325221318095HURL0,2026-05-01 15:00:00,2026-05-01 23:00:00,51,19.0,0,Continuity (2-mould press)
2026-05-01 00:00:00,C,4853,1325221318095HURL0,2026-05-01 23:00:00,2026-05-02 07:00:00,51,19.0,0,Continuity (2-mould press)
2026-05-02 00:00:00,A,4853,1325221318095HURL0,2026-05-02 07:00:00,2026-05-02 15:00:00,51,19.0,0,Continuity (2-mould press)
2026-05-02 00:00:00,B,4853,1325221318095HURL0,2026-05-02 15:00:00,2026-05-02 23:00:00,51,19.0,0,Continuity (2-mould press)
2026-05-02 00:00:00,C,4853,1325221318095HURL0,2026-05-02 23:00:00,2026-05-03 06:47:00,49,19.0,0,Continuity (2-mould press)
2026-04-03 00:00:00,A,5201,1325218316083HURL0,2026-04-03 07:00:00,2026-04-03 15:00:00,48,20.0,0,Continuity (2-mould press)
2026-04-03 00:00:00,B,5201,1325218316083HURL0,2026-04-03 15:00:00,2026-04-03 23:00:00,48,20.0,0,Continuity (2-mould press)
2026-04-03 00:00:00,C,5201,1325218316083HURL0,2026-04-03 23:00:00,2026-04-04 07:00:00,48,20.0,0,Continuity (2-mould press)
2026-04-04 00:00:00,A,5201,1325218316083HURL0,2026-04-04 07:00:00,2026-04-04 15:00:00,48,20.0,0,Continuity (2-mould press)
2026-04-04 00:00:00,B,5201,1325218316083HURL0,2026-04-04 15:00:00,2026-04-04 23:00:00,48,20.0,0,Continuity (2-mould press)
2026-04-04 00:00:00,C,5201,1325218316083HURL0,2026-04-04 23:00:00,2026-04-05 07:00:00,48,20.0,0,Continuity (2-mould press)
2026-04-05 00:00:00,A,5201,1325218316083HURL0,2026-04-05 07:00:00,2026-04-05 15:00:00,48,20.0,0,Continuity (2-mould press)
2026-04-05 00:00:00,B,5201,1325218316083HURL0,2026-04-05 15:00:00,2026-04-05 23:00:00,48,20.0,0,Continuity (2-mould press)
2026-04-05 00:00:00,C,5201,1325218316083HURL0,2026-04-05 23:00:00,2026-04-06 07:00:00,48,20.0,0,Continuity (2-mould press)
2026-04-06 00:00:00,A,5201,1325218316083HURL0,2026-04-06 07:00:00,2026-04-06 15:00:00,48,20.0,0,Continuity (2-mould press)
2026-04-06 00:00:00,B,5201,1325218316083HURL0,2026-04-06 15:00:00,2026-04-06 23:00:00,48,20.0,0,Continuity (2-mould press)
2026-04-06 00:00:00,C,5201,1325218316083HURL0,2026-04-06 23:00:00,2026-04-07 07:00:00,48,20.0,0,Continuity (2-mould press)
2026-04-07 00:00:00,A,5201,1325218316083HURL0,2026-04-07 07:00:00,2026-04-07 15:00:00,48,20.0,0,Continuity (2-mould press)
2026-04-07 00:00:00,B,5201,1325218316083HURL0,2026-04-07 15:00:00,2026-04-07 23:00:00,48,20.0,0,Continuity (2-mould press)
2026-04-07 00:00:00,C,5201,1325218316083HURL0,2026-04-07 23:00:00,2026-04-08 07:00:00,48,20.0,0,Continuity (2-mould press)
2026-04-08 00:00:00,A,5201,1325218316083HURL0,2026-04-08 07:00:00,2026-04-08 15:00:00,48,20.0,0,Continuity (2-mould press)
2026-04-08 00:00:00,B,5201,1325218316083HURL0,2026-04-08 15:00:00,2026-04-08 23:00:00,48,20.0,0,Continuity (2-mould press)
2026-04-08 00:00:00,C,5201,1325218316083HURL0,2026-04-08 23:00:00,2026-04-09 07:00:00,48,20.0,0,Continuity (2-mould press)
2026-04-09 00:00:00,A,5201,1325218316083HURL0,2026-04-09 07:00:00,2026-04-09 15:00:00,48,20.0,0,Continuity (2-mould press)
2026-04-09 00:00:00,B,5201,1325218316083HURL0,2026-04-09 15:00:00,2026-04-09 23:00:00,48,20.0,0,Continuity (2-mould press)
2026-04-09 00:00:00,C,5201,1325218316083HURL0,2026-04-09 23:00:00,2026-04-10 07:00:00,48,20.0,0,Continuity (2-mould press)
2026-04-10 00:00:00,A,5201,1325218316083HURL0,2026-04-10 07:00:00,2026-04-10 15:00:00,48,20.0,0,Continuity (2-mould press)
2026-04-10 00:00:00,B,5201,1325218316083HURL0,2026-04-10 15:00:00,2026-04-10 18:00:00,18,20.0,0,Continuity (2-mould press)
2026-04-03 00:00:00,A,5202,1325219515091HURL2,2026-04-03 07:00:00,2026-04-03 15:00:00,64,15.0,0,Continuity (2-mould press)
2026-04-03 00:00:00,B,5202,1325219515091HURL2,2026-04-03 15:00:00,2026-04-03 23:00:00,64,15.0,0,Continuity (2-mould press)
2026-04-03 00:00:00,C,5202,1325219515091HURL2,2026-04-03 23:00:00,2026-04-04 07:00:00,64,15.0,0,Continuity (2-mould press)
2026-04-04 00:00:00,A,5202,1325219515091HURL2,2026-04-04 07:00:00,2026-04-04 15:00:00,64,15.0,0,Continuity (2-mould press)
2026-04-04 00:00:00,B,5202,1325219515091HURL2,2026-04-04 15:00:00,2026-04-04 23:00:00,64,15.0,0,Continuity (2-mould press)
2026-04-04 00:00:00,C,5202,1325219515091HURL2,2026-04-04 23:00:00,2026-04-05 07:00:00,64,15.0,0,Continuity (2-mould press)
2026-04-05 00:00:00,A,5202,1325219515091HURL2,2026-04-05 07:00:00,2026-04-05 15:00:00,64,15.0,0,Continuity (2-mould press)
2026-04-05 00:00:00,B,5202,1325219515091HURL2,2026-04-05 15:00:00,2026-04-05 23:00:00,64,15.0,0,Continuity (2-mould press)
2026-04-05 00:00:00,C,5202,1325219515091HURL2,2026-04-05 23:00:00,2026-04-06 07:00:00,64,15.0,0,Continuity (2-mould press)
2026-04-06 00:00:00,A,5202,1325219515091HURL2,2026-04-06 07:00:00,2026-04-06 15:00:00,64,15.0,0,Continuity (2-mould press)
2026-04-06 00:00:00,B,5202,1325219515091HURL2,2026-04-06 15:00:00,2026-04-06 23:00:00,64,15.0,0,Continuity (2-mould press)
2026-04-06 00:00:00,C,5202,1325219515091HURL2,2026-04-06 23:00:00,2026-04-07 07:00:00,64,15.0,0,Continuity (2-mould press)
2026-04-07 00:00:00,A,5202,1325219515091HURL2,2026-04-07 07:00:00,2026-04-07 15:00:00,64,15.0,0,Continuity (2-mould press)
2026-04-07 00:00:00,B,5202,1325219515091HURL2,2026-04-07 15:00:00,2026-04-07 23:00:00,64,15.0,0,Continuity (2-mould press)
2026-04-07 00:00:00,C,5202,1325219515091HURL2,2026-04-07 23:00:00,2026-04-08 03:15:00,34,15.0,0,Continuity (2-mould press)
2026-04-07 00:00:00,C,5202,MOULD_CLEAN,2026-04-08 03:15:00,2026-04-08 06:15:00,0,0.0,0,Mould cleaning (continuity)
2026-04-07 00:00:00,C,5202,1325219515091HURL2,2026-04-08 06:15:00,2026-04-08 07:00:00,6,15.0,0,Continuity (2-mould press)
2026-04-08 00:00:00,A,5202,1325219515091HURL2,2026-04-08 07:00:00,2026-04-08 15:00:00,64,15.0,0,Continuity (2-mould press)
2026-04-08 00:00:00,B,5202,1325219515091HURL2,2026-04-08 15:00:00,2026-04-08 23:00:00,64,15.0,0,Continuity (2-mould press)
2026-04-08 00:00:00,C,5202,1325219515091HURL2,2026-04-08 23:00:00,2026-04-09 07:00:00,64,15.0,0,Continuity (2-mould press)
2026-04-09 00:00:00,A,5202,1325219515091HURL2,2026-04-09 07:00:00,2026-04-09 15:00:00,64,15.0,0,Continuity (2-mould press)
2026-04-09 00:00:00,B,5202,1325219515091HURL2,2026-04-09 15:00:00,2026-04-09 23:00:00,64,15.0,0,Continuity (2-mould press)
2026-04-09 00:00:00,C,5202,1325219515091HURL2,2026-04-09 23:00:00,2026-04-10 07:00:00,64,15.0,0,Continuity (2-mould press)
2026-04-10 00:00:00,A,5202,1325219515091HURL2,2026-04-10 07:00:00,2026-04-10 15:00:00,64,15.0,0,Continuity (2-mould press)
2026-04-10 00:00:00,B,5202,1325219515091HURL2,2026-04-10 15:00:00,2026-04-10 23:00:00,64,15.0,0,Continuity (2-mould press)
2026-04-10 00:00:00,C,5202,1325219515091HURL2,2026-04-10 23:00:00,2026-04-11 07:00:00,64,15.0,0,Continuity (2-mould press)
2026-04-11 00:00:00,A,5202,1325219515091HURL2,2026-04-11 07:00:00,2026-04-11 15:00:00,64,15.0,0,Continuity (2-mould press)
2026-04-11 00:00:00,B,5202,1325219515091HURL2,2026-04-11 15:00:00,2026-04-11 23:00:00,64,15.0,0,Continuity (2-mould press)
2026-04-11 00:00:00,C,5202,1325219515091HURL2,2026-04-11 23:00:00,2026-04-12 07:00:00,64,15.0,0,Continuity (2-mould press)
2026-04-12 00:00:00,A,5202,1325219515091HURL2,2026-04-12 07:00:00,2026-04-12 15:00:00,64,15.0,0,Continuity (2-mould press)
2026-04-12 00:00:00,B,5202,1325219515091HURL2,2026-04-12 15:00:00,2026-04-12 23:00:00,64,15.0,0,Continuity (2-mould press)
2026-04-12 00:00:00,C,5202,1325219515091HURL2,2026-04-12 23:00:00,2026-04-13 07:00:00,64,15.0,0,Continuity (2-mould press)
2026-04-13 00:00:00,A,5202,1325219515091HURL2,2026-04-13 07:00:00,2026-04-13 15:00:00,64,15.0,0,Continuity (2-mould press)
2026-04-13 00:00:00,B,5202,1325219515091HURL2,2026-04-13 15:00:00,2026-04-13 23:00:00,64,15.0,0,Continuity (2-mould press)
2026-04-13 00:00:00,C,5202,1325219515091HURL2,2026-04-13 23:00:00,2026-04-14 07:00:00,64,15.0,0,Continuity (2-mould press)
2026-04-14 00:00:00,A,5202,1325219515091HURL2,2026-04-14 07:00:00,2026-04-14 15:00:00,64,15.0,0,Continuity (2-mould press)
2026-04-14 00:00:00,B,5202,1325219515091HURL2,2026-04-14 15:00:00,2026-04-14 23:00:00,64,15.0,0,Continuity (2-mould press)
2026-04-14 00:00:00,C,5202,1325219515091HURL2,2026-04-14 23:00:00,2026-04-15 07:00:00,64,15.0,0,Continuity (2-mould press)
2026-04-15 00:00:00,A,5202,1325219515091HURL2,2026-04-15 07:00:00,2026-04-15 15:00:00,64,15.0,0,Continuity (2-mould press)
2026-04-15 00:00:00,B,5202,1325219515091HURL2,2026-04-15 15:00:00,2026-04-15 23:00:00,64,15.0,0,Continuity (2-mould press)
2026-04-15 00:00:00,C,5202,1325219515091HURL2,2026-04-15 23:00:00,2026-04-16 07:00:00,64,15.0,0,Continuity (2-mould press)
2026-04-16 00:00:00,A,5202,1325219515091HURL2,2026-04-16 07:00:00,2026-04-16 15:00:00,64,15.0,0,Continuity (2-mould press)
2026-04-16 00:00:00,B,5202,1325219515091HURL2,2026-04-16 15:00:00,2026-04-16 23:00:00,64,15.0,0,Continuity (2-mould press)
2026-04-16 00:00:00,C,5202,1325219515091HURL2,2026-04-16 23:00:00,2026-04-17 07:00:00,64,15.0,0,Continuity (2-mould press)
2026-04-17 00:00:00,A,5202,1325219515091HURL2,2026-04-17 07:00:00,2026-04-17 15:00:00,64,15.0,0,Continuity (2-mould press)
2026-04-17 00:00:00,B,5202,1325219515091HURL2,2026-04-17 15:00:00,2026-04-17 23:00:00,64,15.0,0,Continuity (2-mould press)
2026-04-17 00:00:00,C,5202,1325219515091HURL2,2026-04-17 23:00:00,2026-04-18 07:00:00,64,15.0,0,Continuity (2-mould press)
2026-04-18 00:00:00,A,5202,1325219515091HURL2,2026-04-18 07:00:00,2026-04-18 15:00:00,64,15.0,0,Continuity (2-mould press)
2026-04-18 00:00:00,B,5202,1325219515091HURL2,2026-04-18 15:00:00,2026-04-18 23:00:00,64,15.0,0,Continuity (2-mould press)
2026-04-18 00:00:00,C,5202,1325219515091HURL2,2026-04-18 23:00:00,2026-04-19 07:00:00,64,15.0,0,Continuity (2-mould press)
2026-04-19 00:00:00,A,5202,1325219515091HURL2,2026-04-19 07:00:00,2026-04-19 15:00:00,64,15.0,0,Continuity (2-mould press)
2026-04-19 00:00:00,B,5202,1325219515091HURL2,2026-04-19 15:00:00,2026-04-19 23:00:00,64,15.0,0,Continuity (2-mould press)
2026-04-19 00:00:00,C,5202,1325219515091HURL2,2026-04-19 23:00:00,2026-04-20 07:00:00,64,15.0,0,Continuity (2-mould press)
2026-04-20 00:00:00,A,5202,1325219515091HURL2,2026-04-20 07:00:00,2026-04-20 15:00:00,64,15.0,0,Continuity (2-mould press)
2026-04-20 00:00:00,B,5202,1325219515091HURL2,2026-04-20 15:00:00,2026-04-20 23:00:00,64,15.0,0,Continuity (2-mould press)
2026-04-20 00:00:00,C,5202,1325219515091HURL2,2026-04-20 23:00:00,2026-04-21 07:00:00,64,15.0,0,Continuity (2-mould press)
2026-04-21 00:00:00,A,5202,1325219515091HURL2,2026-04-21 07:00:00,2026-04-21 15:00:00,64,15.0,0,Continuity (2-mould press)
2026-04-21 00:00:00,B,5202,1325219515091HURL2,2026-04-21 15:00:00,2026-04-21 23:00:00,64,15.0,0,Continuity (2-mould press)
2026-04-21 00:00:00,C,5202,1325219515091HURL2,2026-04-21 23:00:00,2026-04-22 07:00:00,64,15.0,0,Continuity (2-mould press)
2026-04-22 00:00:00,A,5202,1325219515091HURL2,2026-04-22 07:00:00,2026-04-22 15:00:00,64,15.0,0,Continuity (2-mould press)
2026-04-22 00:00:00,B,5202,1325219515091HURL2,2026-04-22 15:00:00,2026-04-22 23:00:00,64,15.0,0,Continuity (2-mould press)
2026-04-22 00:00:00,C,5202,1325219515091HURL2,2026-04-22 23:00:00,2026-04-23 07:00:00,64,15.0,0,Continuity (2-mould press)
2026-04-23 00:00:00,A,5202,1325219515091HURL2,2026-04-23 07:00:00,2026-04-23 15:00:00,64,15.0,0,Continuity (2-mould press)
2026-04-23 00:00:00,B,5202,1325219515091HURL2,2026-04-23 15:00:00,2026-04-23 23:00:00,64,15.0,0,Continuity (2-mould press)
2026-04-23 00:00:00,C,5202,1325219515091HURL2,2026-04-23 23:00:00,2026-04-24 07:00:00,64,15.0,0,Continuity (2-mould press)
2026-04-24 00:00:00,A,5202,1325219515091HURL2,2026-04-24 07:00:00,2026-04-24 15:00:00,64,15.0,0,Continuity (2-mould press)
2026-04-24 00:00:00,B,5202,1325219515091HURL2,2026-04-24 15:00:00,2026-04-24 23:00:00,64,15.0,0,Continuity (2-mould press)
2026-04-24 00:00:00,C,5202,1325219515091HURL2,2026-04-24 23:00:00,2026-04-25 07:00:00,64,15.0,0,Continuity (2-mould press)
2026-04-25 00:00:00,A,5202,1325219515091HURL2,2026-04-25 07:00:00,2026-04-25 15:00:00,64,15.0,0,Continuity (2-mould press)
2026-04-25 00:00:00,B,5202,1325219515091HURL2,2026-04-25 15:00:00,2026-04-25 23:00:00,64,15.0,0,Continuity (2-mould press)
2026-04-25 00:00:00,C,5202,1325219515091HURL2,2026-04-25 23:00:00,2026-04-26 07:00:00,64,15.0,0,Continuity (2-mould press)
2026-04-26 00:00:00,A,5202,1325219515091HURL2,2026-04-26 07:00:00,2026-04-26 15:00:00,64,15.0,0,Continuity (2-mould press)
2026-04-26 00:00:00,B,5202,1325219515091HURL2,2026-04-26 15:00:00,2026-04-26 23:00:00,64,15.0,0,Continuity (2-mould press)
2026-04-26 00:00:00,C,5202,1325219515091HURL2,2026-04-26 23:00:00,2026-04-27 07:00:00,64,15.0,0,Continuity (2-mould press)
2026-04-27 00:00:00,A,5202,1325219515091HURL2,2026-04-27 07:00:00,2026-04-27 15:00:00,64,15.0,0,Continuity (2-mould press)
2026-04-27 00:00:00,B,5202,1325219515091HURL2,2026-04-27 15:00:00,2026-04-27 23:00:00,64,15.0,0,Continuity (2-mould press)
2026-04-27 00:00:00,C,5202,1325219515091HURL2,2026-04-27 23:00:00,2026-04-28 07:00:00,64,15.0,0,Continuity (2-mould press)
2026-04-28 00:00:00,A,5202,1325219515091HURL2,2026-04-28 07:00:00,2026-04-28 15:00:00,64,15.0,0,Continuity (2-mould press)
2026-04-28 00:00:00,B,5202,1325219515091HURL2,2026-04-28 15:00:00,2026-04-28 16:15:00,10,15.0,0,Continuity (2-mould press)
2026-04-03 00:00:00,A,5203,1325217515084HURL2,2026-04-03 07:00:00,2026-04-03 15:00:00,64,15.0,0,Continuity (2-mould press)
2026-04-03 00:00:00,B,5203,1325217515084HURL2,2026-04-03 15:00:00,2026-04-03 23:00:00,64,15.0,0,Continuity (2-mould press)
2026-04-03 00:00:00,C,5203,1325217515084HURL2,2026-04-03 23:00:00,2026-04-04 07:00:00,64,15.0,0,Continuity (2-mould press)
2026-04-04 00:00:00,A,5203,1325217515084HURL2,2026-04-04 07:00:00,2026-04-04 15:00:00,64,15.0,0,Continuity (2-mould press)
2026-04-04 00:00:00,B,5203,1325217515084HURL2,2026-04-04 15:00:00,2026-04-04 23:00:00,64,15.0,0,Continuity (2-mould press)
2026-04-04 00:00:00,C,5203,1325217515084HURL2,2026-04-04 23:00:00,2026-04-05 07:00:00,64,15.0,0,Continuity (2-mould press)
2026-04-05 00:00:00,A,5203,1325217515084HURL2,2026-04-05 07:00:00,2026-04-05 15:00:00,64,15.0,0,Continuity (2-mould press)
2026-04-05 00:00:00,B,5203,1325217515084HURL2,2026-04-05 15:00:00,2026-04-05 23:00:00,64,15.0,0,Continuity (2-mould press)
2026-04-05 00:00:00,C,5203,1325217515084HURL2,2026-04-05 23:00:00,2026-04-06 07:00:00,64,15.0,0,Continuity (2-mould press)
2026-04-06 00:00:00,A,5203,1325217515084HURL2,2026-04-06 07:00:00,2026-04-06 15:00:00,64,15.0,0,Continuity (2-mould press)
2026-04-06 00:00:00,B,5203,1325217515084HURL2,2026-04-06 15:00:00,2026-04-06 23:00:00,64,15.0,0,Continuity (2-mould press)
2026-04-06 00:00:00,C,5203,1325217515084HURL2,2026-04-06 23:00:00,2026-04-07 07:00:00,64,15.0,0,Continuity (2-mould press)
2026-04-07 00:00:00,A,5203,1325217515084HURL2,2026-04-07 07:00:00,2026-04-07 15:00:00,64,15.0,0,Continuity (2-mould press)
2026-04-07 00:00:00,B,5203,1325217515084HURL2,2026-04-07 15:00:00,2026-04-07 23:00:00,64,15.0,0,Continuity (2-mould press)
2026-04-07 00:00:00,C,5203,1325217515084HURL2,2026-04-07 23:00:00,2026-04-08 07:00:00,64,15.0,0,Continuity (2-mould press)
2026-04-08 00:00:00,A,5203,1325217515084HURL2,2026-04-08 07:00:00,2026-04-08 15:00:00,64,15.0,0,Continuity (2-mould press)
2026-04-08 00:00:00,B,5203,1325217515084HURL2,2026-04-08 15:00:00,2026-04-08 23:00:00,64,15.0,0,Continuity (2-mould press)
2026-04-08 00:00:00,C,5203,1325217515084HURL2,2026-04-08 23:00:00,2026-04-09 07:00:00,64,15.0,0,Continuity (2-mould press)
2026-04-09 00:00:00,A,5203,1325217515084HURL2,2026-04-09 07:00:00,2026-04-09 15:00:00,64,15.0,0,Continuity (2-mould press)
2026-04-09 00:00:00,B,5203,1325217515084HURL2,2026-04-09 15:00:00,2026-04-09 23:00:00,64,15.0,0,Continuity (2-mould press)
2026-04-09 00:00:00,C,5203,1325217515084HURL2,2026-04-09 23:00:00,2026-04-10 07:00:00,64,15.0,0,Continuity (2-mould press)
2026-04-10 00:00:00,A,5203,1325217515084HURL2,2026-04-10 07:00:00,2026-04-10 15:00:00,64,15.0,0,Continuity (2-mould press)
2026-04-10 00:00:00,B,5203,1325217515084HURL2,2026-04-10 15:00:00,2026-04-10 23:00:00,64,15.0,0,Continuity (2-mould press)
2026-04-10 00:00:00,C,5203,1325217515084HURL2,2026-04-10 23:00:00,2026-04-11 07:00:00,64,15.0,0,Continuity (2-mould press)
2026-04-11 00:00:00,A,5203,1325217515084HURL2,2026-04-11 07:00:00,2026-04-11 15:00:00,64,15.0,0,Continuity (2-mould press)
2026-04-11 00:00:00,B,5203,1325217515084HURL2,2026-04-11 15:00:00,2026-04-11 23:00:00,64,15.0,0,Continuity (2-mould press)
2026-04-11 00:00:00,C,5203,1325217515084HURL2,2026-04-11 23:00:00,2026-04-12 00:30:00,12,15.0,0,Continuity (2-mould press)
2026-04-11 00:00:00,C,5203,MOULD_CLEAN,2026-04-12 00:30:00,2026-04-12 03:30:00,0,0.0,0,Mould cleaning (continuity)
2026-04-11 00:00:00,C,5203,1325217515084HURL2,2026-04-12 03:30:00,2026-04-12 07:00:00,28,15.0,0,Continuity (2-mould press)
2026-04-12 00:00:00,A,5203,1325217515084HURL2,2026-04-12 07:00:00,2026-04-12 15:00:00,64,15.0,0,Continuity (2-mould press)
2026-04-12 00:00:00,B,5203,1325217515084HURL2,2026-04-12 15:00:00,2026-04-12 23:00:00,64,15.0,0,Continuity (2-mould press)
2026-04-12 00:00:00,C,5203,1325217515084HURL2,2026-04-12 23:00:00,2026-04-13 07:00:00,64,15.0,0,Continuity (2-mould press)
2026-04-13 00:00:00,A,5203,1325217515084HURL2,2026-04-13 07:00:00,2026-04-13 15:00:00,64,15.0,0,Continuity (2-mould press)
2026-04-13 00:00:00,B,5203,1325217515084HURL2,2026-04-13 15:00:00,2026-04-13 23:00:00,64,15.0,0,Continuity (2-mould press)
2026-04-13 00:00:00,C,5203,1325217515084HURL2,2026-04-13 23:00:00,2026-04-14 07:00:00,64,15.0,0,Continuity (2-mould press)
2026-04-14 00:00:00,A,5203,1325217515084HURL2,2026-04-14 07:00:00,2026-04-14 15:00:00,64,15.0,0,Continuity (2-mould press)
2026-04-14 00:00:00,B,5203,1325217515084HURL2,2026-04-14 15:00:00,2026-04-14 23:00:00,64,15.0,0,Continuity (2-mould press)
2026-04-14 00:00:00,C,5203,1325217515084HURL2,2026-04-14 23:00:00,2026-04-15 07:00:00,64,15.0,0,Continuity (2-mould press)
2026-04-15 00:00:00,A,5203,1325217515084HURL2,2026-04-15 07:00:00,2026-04-15 15:00:00,64,15.0,0,Continuity (2-mould press)
2026-04-15 00:00:00,B,5203,1325217515084HURL2,2026-04-15 15:00:00,2026-04-15 23:00:00,64,15.0,0,Continuity (2-mould press)
2026-04-15 00:00:00,C,5203,1325217515084HURL2,2026-04-15 23:00:00,2026-04-16 07:00:00,64,15.0,0,Continuity (2-mould press)
2026-04-16 00:00:00,A,5203,1325217515084HURL2,2026-04-16 07:00:00,2026-04-16 15:00:00,64,15.0,0,Continuity (2-mould press)
2026-04-16 00:00:00,B,5203,1325217515084HURL2,2026-04-16 15:00:00,2026-04-16 23:00:00,64,15.0,0,Continuity (2-mould press)
2026-04-16 00:00:00,C,5203,1325217515084HURL2,2026-04-16 23:00:00,2026-04-17 07:00:00,64,15.0,0,Continuity (2-mould press)
2026-04-17 00:00:00,A,5203,1325217515084HURL2,2026-04-17 07:00:00,2026-04-17 15:00:00,64,15.0,0,Continuity (2-mould press)
2026-04-17 00:00:00,B,5203,1325217515084HURL2,2026-04-17 15:00:00,2026-04-17 23:00:00,64,15.0,0,Continuity (2-mould press)
2026-04-17 00:00:00,C,5203,1325217515084HURL2,2026-04-17 23:00:00,2026-04-18 07:00:00,64,15.0,0,Continuity (2-mould press)
2026-04-18 00:00:00,A,5203,1325217515084HURL2,2026-04-18 07:00:00,2026-04-18 15:00:00,64,15.0,0,Continuity (2-mould press)
2026-04-18 00:00:00,B,5203,1325217515084HURL2,2026-04-18 15:00:00,2026-04-18 23:00:00,64,15.0,0,Continuity (2-mould press)
2026-04-18 00:00:00,C,5203,1325217515084HURL2,2026-04-18 23:00:00,2026-04-19 07:00:00,64,15.0,0,Continuity (2-mould press)
2026-04-19 00:00:00,A,5203,1325217515084HURL2,2026-04-19 07:00:00,2026-04-19 15:00:00,64,15.0,0,Continuity (2-mould press)
2026-04-19 00:00:00,B,5203,1325217515084HURL2,2026-04-19 15:00:00,2026-04-19 23:00:00,64,15.0,0,Continuity (2-mould press)
2026-04-19 00:00:00,C,5203,1325217515084HURL2,2026-04-19 23:00:00,2026-04-20 07:00:00,64,15.0,0,Continuity (2-mould press)
2026-04-20 00:00:00,A,5203,1325217515084HURL2,2026-04-20 07:00:00,2026-04-20 15:00:00,64,15.0,0,Continuity (2-mould press)
2026-04-20 00:00:00,B,5203,1325217515084HURL2,2026-04-20 15:00:00,2026-04-20 23:00:00,64,15.0,0,Continuity (2-mould press)
2026-04-20 00:00:00,C,5203,1325217515084HURL2,2026-04-20 23:00:00,2026-04-21 07:00:00,64,15.0,0,Continuity (2-mould press)
2026-04-21 00:00:00,A,5203,1325217515084HURL2,2026-04-21 07:00:00,2026-04-21 15:00:00,64,15.0,0,Continuity (2-mould press)
2026-04-21 00:00:00,B,5203,1325217515084HURL2,2026-04-21 15:00:00,2026-04-21 23:00:00,64,15.0,0,Continuity (2-mould press)
2026-04-21 00:00:00,C,5203,1325217515084HURL2,2026-04-21 23:00:00,2026-04-22 07:00:00,64,15.0,0,Continuity (2-mould press)
2026-04-22 00:00:00,A,5203,1325217515084HURL2,2026-04-22 07:00:00,2026-04-22 15:00:00,64,15.0,0,Continuity (2-mould press)
2026-04-22 00:00:00,B,5203,1325217515084HURL2,2026-04-22 15:00:00,2026-04-22 23:00:00,64,15.0,0,Continuity (2-mould press)
2026-04-22 00:00:00,C,5203,1325217515084HURL2,2026-04-22 23:00:00,2026-04-23 07:00:00,64,15.0,0,Continuity (2-mould press)
2026-04-23 00:00:00,A,5203,1325217515084HURL2,2026-04-23 07:00:00,2026-04-23 15:00:00,64,15.0,0,Continuity (2-mould press)
2026-04-23 00:00:00,B,5203,1325217515084HURL2,2026-04-23 15:00:00,2026-04-23 23:00:00,64,15.0,0,Continuity (2-mould press)
2026-04-23 00:00:00,C,5203,1325217515084HURL2,2026-04-23 23:00:00,2026-04-24 07:00:00,64,15.0,0,Continuity (2-mould press)
2026-04-24 00:00:00,A,5203,1325217515084HURL2,2026-04-24 07:00:00,2026-04-24 15:00:00,64,15.0,0,Continuity (2-mould press)
2026-04-24 00:00:00,B,5203,1325217515084HURL2,2026-04-24 15:00:00,2026-04-24 23:00:00,64,15.0,0,Continuity (2-mould press)
2026-04-24 00:00:00,C,5203,1325217515084HURL2,2026-04-24 23:00:00,2026-04-25 07:00:00,64,15.0,0,Continuity (2-mould press)
2026-04-25 00:00:00,A,5203,1325217515084HURL2,2026-04-25 07:00:00,2026-04-25 15:00:00,64,15.0,0,Continuity (2-mould press)
2026-04-25 00:00:00,B,5203,1325217515084HURL2,2026-04-25 15:00:00,2026-04-25 23:00:00,64,15.0,0,Continuity (2-mould press)
2026-04-25 00:00:00,C,5203,1325217515084HURL2,2026-04-25 23:00:00,2026-04-26 07:00:00,64,15.0,0,Continuity (2-mould press)
2026-04-26 00:00:00,A,5203,1325217515084HURL2,2026-04-26 07:00:00,2026-04-26 15:00:00,64,15.0,0,Continuity (2-mould press)
2026-04-26 00:00:00,B,5203,1325217515084HURL2,2026-04-26 15:00:00,2026-04-26 23:00:00,64,15.0,0,Continuity (2-mould press)
2026-04-26 00:00:00,C,5203,1325217515084HURL2,2026-04-26 23:00:00,2026-04-27 07:00:00,64,15.0,0,Continuity (2-mould press)
2026-04-27 00:00:00,A,5203,1325217515084HURL2,2026-04-27 07:00:00,2026-04-27 12:00:00,40,15.0,0,Continuity (2-mould press)
2026-04-03 00:00:00,A,6009,1325215813079TUNE3,2026-04-03 07:00:00,2026-04-03 15:00:00,34,14.0,0,Continuity (1-mould press)
2026-04-03 00:00:00,B,6009,1325215813079TUNE3,2026-04-03 15:00:00,2026-04-03 23:00:00,34,14.0,0,Continuity (1-mould press)
2026-04-03 00:00:00,C,6009,1325215813079TUNE3,2026-04-03 23:00:00,2026-04-04 07:00:00,34,14.0,0,Continuity (1-mould press)
2026-04-04 00:00:00,A,6009,1325215813079TUNE3,2026-04-04 07:00:00,2026-04-04 15:00:00,34,14.0,0,Continuity (1-mould press)
2026-04-04 00:00:00,B,6009,1325215813079TUNE3,2026-04-04 15:00:00,2026-04-04 23:00:00,34,14.0,0,Continuity (1-mould press)
2026-04-04 00:00:00,C,6009,1325215813079TUNE3,2026-04-04 23:00:00,2026-04-05 07:00:00,34,14.0,0,Continuity (1-mould press)
2026-04-05 00:00:00,A,6009,1325215813079TUNE3,2026-04-05 07:00:00,2026-04-05 15:00:00,34,14.0,0,Continuity (1-mould press)
2026-04-05 00:00:00,B,6009,1325215813079TUNE3,2026-04-05 15:00:00,2026-04-05 23:00:00,34,14.0,0,Continuity (1-mould press)
2026-04-05 00:00:00,C,6009,1325215813079TUNE3,2026-04-05 23:00:00,2026-04-06 07:00:00,34,14.0,0,Continuity (1-mould press)
2026-04-06 00:00:00,A,6009,1325215813079TUNE3,2026-04-06 07:00:00,2026-04-06 15:00:00,34,14.0,0,Continuity (1-mould press)
2026-04-06 00:00:00,B,6009,1325215813079TUNE3,2026-04-06 15:00:00,2026-04-06 23:00:00,34,14.0,0,Continuity (1-mould press)
2026-04-06 00:00:00,C,6009,1325215813079TUNE3,2026-04-06 23:00:00,2026-04-07 07:00:00,34,14.0,0,Continuity (1-mould press)
2026-04-07 00:00:00,A,6009,1325215813079TUNE3,2026-04-07 07:00:00,2026-04-07 15:00:00,34,14.0,0,Continuity (1-mould press)
2026-04-07 00:00:00,B,6009,1325215813079TUNE3,2026-04-07 15:00:00,2026-04-07 23:00:00,34,14.0,0,Continuity (1-mould press)
2026-04-07 00:00:00,C,6009,1325215813079TUNE3,2026-04-07 23:00:00,2026-04-08 07:00:00,34,14.0,0,Continuity (1-mould press)
2026-04-08 00:00:00,A,6009,1325215813079TUNE3,2026-04-08 07:00:00,2026-04-08 15:00:00,34,14.0,0,Continuity (1-mould press)
2026-04-08 00:00:00,B,6009,1325215813079TUNE3,2026-04-08 15:00:00,2026-04-08 23:00:00,34,14.0,0,Continuity (1-mould press)
2026-04-08 00:00:00,C,6009,1325215813079TUNE3,2026-04-08 23:00:00,2026-04-09 07:00:00,34,14.0,0,Continuity (1-mould press)
2026-04-09 00:00:00,A,6009,1325215813079TUNE3,2026-04-09 07:00:00,2026-04-09 15:00:00,34,14.0,0,Continuity (1-mould press)
2026-04-09 00:00:00,B,6009,1325215813079TUNE3,2026-04-09 15:00:00,2026-04-09 23:00:00,34,14.0,0,Continuity (1-mould press)
2026-04-09 00:00:00,C,6009,1325215813079TUNE3,2026-04-09 23:00:00,2026-04-10 07:00:00,34,14.0,0,Continuity (1-mould press)
2026-04-10 00:00:00,A,6009,1325215813079TUNE3,2026-04-10 07:00:00,2026-04-10 15:00:00,34,14.0,0,Continuity (1-mould press)
2026-04-10 00:00:00,B,6009,1325215813079TUNE3,2026-04-10 15:00:00,2026-04-10 23:00:00,34,14.0,0,Continuity (1-mould press)
2026-04-10 00:00:00,C,6009,1325215813079TUNE3,2026-04-10 23:00:00,2026-04-11 07:00:00,34,14.0,0,Continuity (1-mould press)
2026-04-11 00:00:00,A,6009,1325215813079TUNE3,2026-04-11 07:00:00,2026-04-11 15:00:00,34,14.0,0,Continuity (1-mould press)
2026-04-11 00:00:00,B,6009,1325215813079TUNE3,2026-04-11 15:00:00,2026-04-11 23:00:00,34,14.0,0,Continuity (1-mould press)
2026-04-11 00:00:00,C,6009,1325215813079TUNE3,2026-04-11 23:00:00,2026-04-12 07:00:00,34,14.0,0,Continuity (1-mould press)
2026-04-12 00:00:00,A,6009,1325215813079TUNE3,2026-04-12 07:00:00,2026-04-12 15:00:00,34,14.0,0,Continuity (1-mould press)
2026-04-12 00:00:00,B,6009,1325215813079TUNE3,2026-04-12 15:00:00,2026-04-12 23:00:00,34,14.0,0,Continuity (1-mould press)
2026-04-12 00:00:00,C,6009,1325215813079TUNE3,2026-04-12 23:00:00,2026-04-13 07:00:00,34,14.0,0,Continuity (1-mould press)
2026-04-13 00:00:00,A,6009,1325215813079TUNE3,2026-04-13 07:00:00,2026-04-13 15:00:00,34,14.0,0,Continuity (1-mould press)
2026-04-13 00:00:00,B,6009,1325215813079TUNE3,2026-04-13 15:00:00,2026-04-13 23:00:00,34,14.0,0,Continuity (1-mould press)
2026-04-13 00:00:00,C,6009,1325215813079TUNE3,2026-04-13 23:00:00,2026-04-14 07:00:00,34,14.0,0,Continuity (1-mould press)
2026-04-14 00:00:00,A,6009,1325215813079TUNE3,2026-04-14 07:00:00,2026-04-14 15:00:00,34,14.0,0,Continuity (1-mould press)
2026-04-14 00:00:00,B,6009,1325215813079TUNE3,2026-04-14 15:00:00,2026-04-14 23:00:00,34,14.0,0,Continuity (1-mould press)
2026-04-14 00:00:00,C,6009,1325215813079TUNE3,2026-04-14 23:00:00,2026-04-15 07:00:00,34,14.0,0,Continuity (1-mould press)
2026-04-15 00:00:00,A,6009,1325215813079TUNE3,2026-04-15 07:00:00,2026-04-15 15:00:00,34,14.0,0,Continuity (1-mould press)
2026-04-15 00:00:00,B,6009,1325215813079TUNE3,2026-04-15 15:00:00,2026-04-15 23:00:00,34,14.0,0,Continuity (1-mould press)
2026-04-15 00:00:00,C,6009,1325215813079TUNE3,2026-04-15 23:00:00,2026-04-16 07:00:00,34,14.0,0,Continuity (1-mould press)
2026-04-16 00:00:00,A,6009,1325215813079TUNE3,2026-04-16 07:00:00,2026-04-16 15:00:00,34,14.0,0,Continuity (1-mould press)
2026-04-16 00:00:00,B,6009,1325215813079TUNE3,2026-04-16 15:00:00,2026-04-16 23:00:00,34,14.0,0,Continuity (1-mould press)
2026-04-16 00:00:00,C,6009,1325215813079TUNE3,2026-04-16 23:00:00,2026-04-17 07:00:00,34,14.0,0,Continuity (1-mould press)
2026-04-17 00:00:00,A,6009,1325215813079TUNE3,2026-04-17 07:00:00,2026-04-17 15:00:00,34,14.0,0,Continuity (1-mould press)
2026-04-17 00:00:00,B,6009,1325215813079TUNE3,2026-04-17 15:00:00,2026-04-17 23:00:00,34,14.0,0,Continuity (1-mould press)
2026-04-17 00:00:00,C,6009,1325215813079TUNE3,2026-04-17 23:00:00,2026-04-18 07:00:00,34,14.0,0,Continuity (1-mould press)
2026-04-18 00:00:00,A,6009,1325215813079TUNE3,2026-04-18 07:00:00,2026-04-18 15:00:00,34,14.0,0,Continuity (1-mould press)
2026-04-18 00:00:00,B,6009,1325215813079TUNE3,2026-04-18 15:00:00,2026-04-18 23:00:00,34,14.0,0,Continuity (1-mould press)
2026-04-18 00:00:00,C,6009,1325215813079TUNE3,2026-04-18 23:00:00,2026-04-19 07:00:00,34,14.0,0,Continuity (1-mould press)
2026-04-19 00:00:00,A,6009,1325215813079TUNE3,2026-04-19 07:00:00,2026-04-19 15:00:00,34,14.0,0,Continuity (1-mould press)
2026-04-19 00:00:00,B,6009,1325215813079TUNE3,2026-04-19 15:00:00,2026-04-19 23:00:00,34,14.0,0,Continuity (1-mould press)
2026-04-19 00:00:00,C,6009,1325215813079TUNE3,2026-04-19 23:00:00,2026-04-20 07:00:00,34,14.0,0,Continuity (1-mould press)
2026-04-20 00:00:00,A,6009,1325215813079TUNE3,2026-04-20 07:00:00,2026-04-20 15:00:00,34,14.0,0,Continuity (1-mould press)
2026-04-20 00:00:00,B,6009,1325215813079TUNE3,2026-04-20 15:00:00,2026-04-20 23:00:00,34,14.0,0,Continuity (1-mould press)
2026-04-20 00:00:00,C,6009,1325215813079TUNE3,2026-04-20 23:00:00,2026-04-21 07:00:00,34,14.0,0,Continuity (1-mould press)
2026-04-21 00:00:00,A,6009,1325215813079TUNE3,2026-04-21 07:00:00,2026-04-21 15:00:00,34,14.0,0,Continuity (1-mould press)
2026-04-21 00:00:00,B,6009,1325215813079TUNE3,2026-04-21 15:00:00,2026-04-21 23:00:00,34,14.0,0,Continuity (1-mould press)
2026-04-21 00:00:00,C,6009,1325215813079TUNE3,2026-04-21 23:00:00,2026-04-22 07:00:00,34,14.0,0,Continuity (1-mould press)
2026-04-22 00:00:00,A,6009,1325215813079TUNE3,2026-04-22 07:00:00,2026-04-22 15:00:00,34,14.0,0,Continuity (1-mould press)
2026-04-22 00:00:00,B,6009,1325215813079TUNE3,2026-04-22 15:00:00,2026-04-22 23:00:00,34,14.0,0,Continuity (1-mould press)
2026-04-22 00:00:00,C,6009,1325215813079TUNE3,2026-04-22 23:00:00,2026-04-23 07:00:00,34,14.0,0,Continuity (1-mould press)
2026-04-23 00:00:00,A,6009,1325215813079TUNE3,2026-04-23 07:00:00,2026-04-23 15:00:00,34,14.0,0,Continuity (1-mould press)
2026-04-23 00:00:00,B,6009,1325215813079TUNE3,2026-04-23 15:00:00,2026-04-23 23:00:00,34,14.0,0,Continuity (1-mould press)
2026-04-23 00:00:00,C,6009,1325215813079TUNE3,2026-04-23 23:00:00,2026-04-24 07:00:00,34,14.0,0,Continuity (1-mould press)
2026-04-24 00:00:00,A,6009,1325215813079TUNE3,2026-04-24 07:00:00,2026-04-24 15:00:00,34,14.0,0,Continuity (1-mould press)
2026-04-24 00:00:00,B,6009,1325215813079TUNE3,2026-04-24 15:00:00,2026-04-24 23:00:00,34,14.0,0,Continuity (1-mould press)
2026-04-24 00:00:00,C,6009,1325215813079TUNE3,2026-04-24 23:00:00,2026-04-25 07:00:00,34,14.0,0,Continuity (1-mould press)
2026-04-25 00:00:00,A,6009,1325215813079TUNE3,2026-04-25 07:00:00,2026-04-25 15:00:00,34,14.0,0,Continuity (1-mould press)
2026-04-25 00:00:00,B,6009,1325215813079TUNE3,2026-04-25 15:00:00,2026-04-25 23:00:00,34,14.0,0,Continuity (1-mould press)
2026-04-25 00:00:00,C,6009,1325215813079TUNE3,2026-04-25 23:00:00,2026-04-26 07:00:00,34,14.0,0,Continuity (1-mould press)
2026-04-26 00:00:00,A,6009,1325215813079TUNE3,2026-04-26 07:00:00,2026-04-26 15:00:00,34,14.0,0,Continuity (1-mould press)
2026-04-26 00:00:00,B,6009,1325215813079TUNE3,2026-04-26 15:00:00,2026-04-26 23:00:00,34,14.0,0,Continuity (1-mould press)
2026-04-26 00:00:00,C,6009,1325215813079TUNE3,2026-04-26 23:00:00,2026-04-27 03:08:00,18,14.0,0,Continuity (1-mould press)
